<?xml version="1.0" encoding="utf-8"?>
<COLLADA xmlns="http://www.collada.org/2005/11/COLLADASchema" version="1.4.1" xmlns:xsi="http://www.w3.org/2001/XMLSchema-instance">
  <asset>
    <contributor>
      <author>Blender User</author>
      <authoring_tool>Blender 3.4.1 commit date:2022-12-19, commit time:17:00, hash:55485cb379f7</authoring_tool>
    </contributor>
    <created>2025-12-20T16:05:58</created>
    <modified>2025-12-20T16:05:58</modified>
    <unit name="meter" meter="1"/>
    <up_axis>Z_UP</up_axis>
  </asset>
  <library_effects>
    <effect id="christmasIslandDual_001-effect">
      <profile_COMMON>
        <newparam sid="christmasIslandDual_001_Base_Color-surface">
          <surface type="2D">
            <init_from>christmasIslandDual_001_Base_Color</init_from>
          </surface>
        </newparam>
        <newparam sid="christmasIslandDual_001_Base_Color-sampler">
          <sampler2D>
            <source>christmasIslandDual_001_Base_Color-surface</source>
          </sampler2D>
        </newparam>
        <technique sid="common">
          <lambert>
            <emission>
              <color sid="emission">0 0 0 1</color>
            </emission>
            <diffuse>
              <texture texture="christmasIslandDual_001_Base_Color-sampler" texcoord="UVMap"/>
            </diffuse>
            <index_of_refraction>
              <float sid="ior">1.45</float>
            </index_of_refraction>
          </lambert>
        </technique>
      </profile_COMMON>
    </effect>
    <effect id="christmasIslandDual_002-effect">
      <profile_COMMON>
        <technique sid="common">
          <lambert>
            <emission>
              <color sid="emission">0 0 0 1</color>
            </emission>
            <diffuse>
              <color sid="diffuse">0.8 0.8 0.8 1</color>
            </diffuse>
            <index_of_refraction>
              <float sid="ior">1.45</float>
            </index_of_refraction>
          </lambert>
        </technique>
      </profile_COMMON>
    </effect>
  </library_effects>
  <library_images>
    <image id="christmasIslandDual_001_Base_Color" name="christmasIslandDual_001_Base_Color">
      <init_from>christmasIslandDual.001%20Base%20Color.png</init_from>
    </image>
  </library_images>
  <library_materials>
    <material id="christmasIslandDual_001-material" name="christmasIslandDual.001">
      <instance_effect url="#christmasIslandDual_001-effect"/>
    </material>
    <material id="christmasIslandDual_002-material" name="christmasIslandDual.002">
      <instance_effect url="#christmasIslandDual_002-effect"/>
    </material>
  </library_materials>
  <library_geometries>
    <geometry id="Plane_006-mesh" name="Plane.006">
      <mesh>
        <source id="Plane_006-mesh-positions">
          <float_array id="Plane_006-mesh-positions-array" count="636">-93.38883 -12.37106 125.0494 77.74939 -6.397408 112.7386 -128.5421 27.74493 -77.76927 95.26448 62.45775 -95.94718 -131.8323 32.75102 -41.83243 -89.00048 34.60835 -6.745773 -79.45238 29.92334 29.05185 -120.6356 -7.513538 62.99346 -115.8478 -3.586407 97.27709 82.90065 9.147681 84.79622 95.08499 36.05543 52.09233 110.4468 42.65206 19.75 154.702 48.91533 -16.00944 158.3606 59.07916 -64.51657 -71.36875 -12.25824 129.8684 -34.73395 -15.00907 131.4777 -4.535264 -12.14483 137.2611 62.08039 -11.61451 117.8132 63.21294 62.43528 -92.90104 16.19689 41.35845 -92.64947 -36.64844 31.0682 -102.8437 -105.78 33.48084 -99.99911 66.58414 4.69072 85.50607 9.87946 0.8138561 102.8522 -27.17516 0.1897583 103.9615 -83.95456 -14.42963 109.6673 82.28524 34.28387 55.19702 19.88243 15.32986 70.37999 -26.26001 13.83627 69.62931 -81.46598 2.958864 67.13648 101.88 48.14384 20.23561 27.48102 33.88208 34.10725 -21.36691 33.00362 32.62267 -59.67443 31.55413 30.26779 146.8471 55.89995 -30.60562 35.43272 40.95056 -7.969448 -1.070643 43.06049 -8.731007 -64.13106 35.01346 -4.21904 112.0629 57.28636 -73.67167 54.81892 66.57366 -69.06431 -28.92918 29.72291 -69.30522 -109.9656 36.17356 -54.81306 -109.5724 -16.63023 95.58871 -85.76972 -24.75495 122.6261 56.65663 -17.45317 122.759 72.93691 -20.4566 116.5303 119.8719 18.52117 -39.1965 87.77982 20.18535 -73.44494 -104.5825 17.95368 -98.5359 -129.6297 15.88167 -77.12853 -132.5702 15.25134 -41.13686 -88.9915 16.21392 -5.98809 -77.18503 12.03566 30.20761 -111.1839 -19.31541 64.5941 80.27881 -13.01229 88.53742 92.23555 12.81609 52.9638 95.82564 15.94679 22.34125 103.8313 19.63705 -4.908463 75.58478 -23.74058 4.528164 -63.09448 -24.03738 128.601 -31.24473 -24.73758 134.0658 0.4100828 -20.51977 136.8208 47.69296 16.3396 -77.56349 15.75173 12.6512 -92.24088 -28.78071 14.06027 -102.346 78.47 -23.74058 23.00723 77.95067 -23.80151 50.26499 73.4942 -32.79889 84.63417 -79.39467 -31.86554 63.26826 -66.77144 -23.76933 31.35708 -79.88874 -23.74058 -0.8315201 -118.9452 -23.74058 -33.41992 -117.0731 -23.74058 -65.07832 -99.80637 -23.74058 -81.65277 66.0159 -23.74058 -51.00504 84.97721 -23.74058 -23.59336 60.93435 -40.9193 114.7015 47.1367 -38.79755 118.8164 -73.81989 -40.83416 111.5268 -85.74028 -35.08002 90.75647 -96.24356 -20.34483 88.39534 -72.67815 -26.9885 111.375 47.72799 -22.15965 116.0193 62.83707 -26.00544 110.4642 96.70931 9.447447 -28.27858 76.55406 10.07144 -57.24049 -83.44029 12.09832 -89.86568 -111.4546 8.677773 -67.81518 -118.7222 6.098955 -33.59157 -79.939 6.633408 -1.888119 -67.32437 4.513269 30.72886 -93.33905 -19.34966 61.36394 71.80455 -17.07963 84.25983 82.29157 3.424355 50.29784 82.29056 5.909935 23.12732 81.38613 7.152744 2.836206 -90.8362 -46.84397 95.46459 -66.33247 -46.2215 101.3145 -84.96816 -44.32509 65.86315 -58.45372 -41.38733 66.97731 -71.57672 -40.59006 31.66028 -52.09013 -28.18724 119.7081 -27.37404 -29.7817 124.607 2.616503 -26.67338 125.582 43.26911 5.773869 -65.80088 12.12579 2.8974 -79.92664 -30.32968 3.716886 -88.85326 -55.20358 -40.59009 32.29545 -85.74163 -40.59006 -3.099049 -62.96879 -40.59009 -0.5369701 -127.9173 -40.59006 -38.29011 -112.3679 -40.59009 -48.52168 -78.49741 -49.01984 117.5135 -58.85175 -48.70985 127.4905 -22.49394 -46.90389 128.3575 51.41942 -49.83315 126.095 16.19548 -45.59233 127.4478 71.8156 -40.59006 -57.27965 49.38903 -40.59006 -70.26191 23.11198 -40.59914 -86.4052 -107.25 -40.59006 -90.37505 -25.3767 -40.59006 -96.7061 -55.66044 -42.15356 121.5515 -21.70729 -39.32183 122.5083 13.77541 -35.87175 121.1546 44.69046 -23.978 -63.14396 19.0141 -24.55821 -78.37465 -25.35422 -24.32229 -87.80178 78.39569 -40.59006 2.688679 92.29123 -40.59006 -27.67875 81.0118 -40.59006 22.64357 82.18498 -40.59006 52.07826 79.89116 -44.24905 89.19232 66.32822 -51.06299 121.661 -125.8957 -40.59006 -72.47689 62.48212 -45.26395 91.45074 16.43047 -42.94392 95.42612 -23.99522 -44.04336 97.06726 67.86043 -40.59009 55.44077 18.68604 -40.78575 63.19496 -24.13387 -42.33408 64.40599 65.57061 -40.59009 25.28192 23.13885 -40.59009 30.77841 -22.16498 -40.59009 31.51066 55.46564 -40.59009 0.7405968 17.02448 -40.59009 -0.8539429 -23.48184 -40.59009 -0.6720047 47.87683 -40.59009 -32.36104 15.40313 -40.65525 -35.69972 -22.30306 -40.68677 -40.80018 -110.4164 33.67969 -24.2891 163.5511 51.8438 -40.24656 -87.15096 35.53079 -29.51677 -17.07503 35.44537 -38.53486 49.53471 63.07897 -38.98646 135.8795 58.77286 -54.61418 -110.7809 15.73263 -23.56248 112.0808 19.07657 -22.17072 79.30954 -23.74058 -9.532601 -99.41695 -23.74058 -17.12572 -99.3306 6.366182 -17.73985 88.57315 8.301445 -12.69863 -106.8295 -40.59006 -20.69458 84.17951 -40.59006 -12.49504 -87.66837 -40.59009 -24.52933 -22.83612 -40.604 -20.7357 16.26679 -40.59029 -18.27646 51.20087 -40.59009 -15.81022 138.4149 56.3663 -80.22643 -130.1872 30.24798 -59.80086 -107.8728 34.8272 -77.40608 -35.44071 30.23883 -86.20914 31.09424 54.0067 -80.91761 83.8665 64.55549 -85.99703 103.8259 19.35326 -56.32072 -131.1 15.5665 -59.13269 -118.0091 -23.74058 -49.24911 75.49654 -23.74058 -37.29919 86.64453 9.764914 -42.75684 -115.0884 7.388363 -50.70338 82.05341 -40.59006 -42.4792 -126.9065 -40.59006 -55.3835 -109.8089 -40.59007 -69.44837 -24.36996 -40.8495 -68.88022 18.96885 -40.74026 -61.12375 48.63293 -40.59007 -51.31147 129.2666 34.27619 -10.45895 103.1362 29.29943 21.04562 -88.99599 25.41113 -6.366932 -132.2013 24.00118 -41.48464 -32.98934 -19.87333 132.7717 -67.23162 -18.14781 129.2347 139.1162 38.80016 -51.85654 -78.3187 20.9795 29.62973 -2.062591 -16.3323 137.0409 -115.9098 -13.41447 63.79378 59.3685 -14.53384 120.2861 -89.57927 -18.563 123.8377 -112.7101 -10.10832 96.4329 55.34463 39.34131 -85.25496 91.52214 41.32155 -84.69606 75.34314 -13.42701 114.6345 81.58974 -1.932308 86.66682 15.5857 26.83933 -92.52658 93.66027 24.43576 52.52807 -29.71968 22.53006 -102.8699 -129.0859 21.8133 -77.4489 -105.1812 25.71726 -99.26751 137.816 35.46018 -31.20864 -110.5986 24.70616 -23.92579 -130.6436 22.90724 -59.46677 121.1204 37.85978 -68.27358</float_array>
          <technique_common>
            <accessor source="#Plane_006-mesh-positions-array" count="212" stride="3">
              <param name="X" type="float"/>
              <param name="Y" type="float"/>
              <param name="Z" type="float"/>
            </accessor>
          </technique_common>
        </source>
        <source id="Plane_006-mesh-normals">
          <float_array id="Plane_006-mesh-normals-array" count="2232">0.02669793 0.983877 -0.1768432 0.11181 0.9904449 -0.08073091 -0.0226354 0.9726912 -0.2309969 -0.1731274 0.88536 0.4314682 -0.2022242 0.8752854 0.439296 -0.1580322 0.8902128 0.427255 -0.1442372 0.7527809 0.6422746 0.01221376 0.7623015 0.6471068 -0.176628 0.7484341 0.6392567 0.02264952 0.9330987 0.3589065 0.4364321 0.8063867 0.3990837 -0.04582196 0.9371715 0.345847 0.4434211 0.7344582 0.5137596 0.1953286 0.904483 0.3791532 0.478697 0.6998474 0.5301538 0.01060318 0.9984326 0.05495595 0.06260412 0.9830119 0.1725352 -0.03090828 0.9987503 -0.03927659 -0.08011549 0.9935706 0.07999366 -0.08808583 0.9929096 0.079822 -0.1079899 0.9909786 0.07937043 0.05187225 0.9962314 -0.06951504 0.001206099 0.9897638 -0.14271 0.07221227 0.9965947 -0.03980487 -0.399059 0.9169125 -0.004848003 -0.3882589 0.921212 0.0249688 -0.4026712 0.9152206 -0.0150792 0.1335219 0.9881522 0.07567811 0.0547055 0.9962014 -0.06775122 0.1697101 0.9750485 0.1431044 -0.06717413 0.9904268 0.1205918 -0.04819983 0.9904295 0.1293298 -0.03010755 0.9900302 0.1376001 -0.08925312 0.9835166 0.1572551 -0.07936972 0.9861068 0.1459242 -0.04406684 0.9934586 0.1053474 0.009838461 0.979084 0.2032186 0.01322579 0.9794921 0.2010484 -0.02435326 0.9740699 0.224933 -0.1337274 0.9890259 0.06280785 -0.1512142 0.9828465 0.1055803 -0.1625099 0.9776312 0.1335216 -0.2382991 0.7985329 0.5527738 -0.1519604 0.8104401 0.5657692 -0.2697445 0.7925627 0.5468842 -0.1313458 0.8574756 0.4974777 -0.1323002 0.8569862 0.4980676 -0.1868495 0.8266844 0.5307354 -0.03264558 0.8910397 0.4527501 -0.03321266 0.8907683 0.4532426 -0.03620254 0.8893278 0.4558349 -0.1367624 0.9312832 0.3376504 -0.155996 0.9083325 0.3880686 -0.1684153 0.8914477 0.420663 -0.03214991 0.9836959 0.1769433 -0.04883432 0.9861593 0.1584461 -0.250073 0.9652674 -0.0756464 -0.1970202 0.9122803 0.3590652 -0.1975228 0.9118912 0.3597769 -0.1983527 0.9112464 0.360952 -0.02250701 0.9222356 0.3859727 -0.01998025 0.9232708 0.3836299 -0.004597425 0.9293129 0.3692648 -0.01832193 0.7903043 0.6124406 0.02727502 0.8553165 0.5173875 0.06815558 0.9028206 0.424582 0.1653368 0.9857649 -0.03051859 0.1787379 0.9836504 -0.02201628 0.3012941 0.9518014 0.05741304 -0.16694 0.9692249 0.1809263 -0.06057035 0.9361055 0.3464647 -0.2445056 0.9684475 0.04823642 -0.08375185 0.9145517 0.395703 -0.0773282 0.9166598 0.3921165 -0.1680558 0.8817061 0.4408535 0.08791005 0.895193 0.4369229 0.09874564 0.9071529 0.4090515 0.1063237 0.9150198 0.3891457 -0.3205619 0.941073 -0.1078041 -0.3190361 0.9380309 -0.1353299 -0.3175026 0.9347833 -0.1592872 0.04065817 0.9987966 0.02742952 0.05388158 0.997735 -0.04026955 0.05656927 0.9969282 -0.05416876 -0.2129004 0.9768611 -0.0203942 -0.2414804 0.8363716 -0.4921075 -0.2025236 0.9772213 0.06342655 -0.3597774 0.8614656 -0.3583815 -0.2036579 0.9695399 0.1360726 -0.3733925 0.8279308 -0.41846 -0.2682105 -0.9624474 -0.04193043 -0.2356169 -0.9704037 -0.05292832 -0.2861689 -0.9575102 -0.0357995 0.1849373 -0.8530635 0.4879355 0.1578773 -0.8892867 0.4292365 0.1538828 -0.8941326 0.4205318 -0.3387978 -0.569261 -0.7491049 -0.1632387 -0.6514755 -0.7409 -0.1346805 -0.6623196 -0.7370169 0.07303643 -0.8676381 0.4918028 0.07377952 -0.868264 0.4905857 0.07272613 -0.8673761 0.4923106 -0.728881 -0.662162 0.1739946 -0.6320289 -0.7534971 0.1810573 -0.7516843 -0.6367864 0.17168 0.4545468 -0.8637096 0.2176993 0.4628224 -0.8641532 0.1975719 0.4480111 -0.8630873 0.2331663 -0.09145456 -0.9299203 0.3562085 -0.1251837 -0.9079679 0.3999043 -0.07889324 -0.937211 0.3397228 -0.6033735 -0.2643553 0.7523674 -0.6077977 -0.2580654 0.7509888 -0.6014072 -0.267129 0.7529619 0.5407094 -0.8409439 -0.02113711 0.5320514 -0.8466248 -0.01216626 0.4930247 -0.8695938 0.02708083 -0.06434285 -0.9770253 0.2031787 -0.1048057 -0.9688697 0.2242929 -0.01556259 -0.9840442 0.1772424 -0.4574484 -0.8823139 -0.1107407 -0.4551522 -0.884202 -0.1049927 -0.432797 -0.9000408 -0.05112153 -0.1063122 -0.7994251 -0.5912843 -0.07310795 -0.8852409 -0.4593516 -0.06808274 -0.8958953 -0.4390177 0.661096 -0.7488263 -0.04702585 0.6226354 -0.7820628 -0.02651315 0.5951346 -0.8035308 -0.0123775 -0.1548159 -0.9356549 -0.3171467 -0.175943 -0.9307975 -0.3204061 -0.2004376 -0.9245778 -0.3240075 0.1101971 -0.7947047 -0.5969096 0.1102321 -0.7948237 -0.5967448 0.1102455 -0.7948692 -0.5966816 0.5660164 -0.7677825 -0.3002257 0.6798337 -0.6860667 -0.2591112 0.6993733 -0.6692844 -0.2508693 0.3166863 -0.9011501 -0.2960379 0.3171905 -0.9033619 -0.288665 0.3135213 -0.8877999 -0.336921 0.3268039 -0.7678298 -0.5510325 0.3296737 -0.7783672 -0.5342844 0.3313637 -0.7846577 -0.5239375 0.5123276 -0.8531764 -0.09803318 0.4918898 -0.8623835 -0.1197466 0.5202943 -0.8492951 -0.08939599 0.03239679 -0.8127853 0.5816618 0.05125379 -0.8075833 0.5875223 0.08074676 -0.7987583 0.5962091 0.1608393 -0.8554606 -0.4922581 0.2147603 -0.8048698 -0.5532293 0.1313897 -0.8792988 -0.4577885 -0.07344973 -0.9972946 0.00297141 -0.1553156 -0.9863419 0.05483341 -0.2190671 -0.9710236 0.09551358 0.7618686 -0.6000937 0.2438109 0.6270164 -0.7244156 0.2864831 0.5241661 -0.7934173 0.3094171 -0.6310029 0.04417985 0.7745215 -0.630402 0.03412842 0.7755183 -0.6323056 0.03282868 0.7740232 -0.1144779 -0.1551424 0.9812369 -0.1575888 0.1639959 0.9737923 -0.1101146 -0.18247 0.9770259 0.6759431 -0.7357668 0.04181027 0.6323236 -0.7539124 0.1782779 0.701176 -0.7094832 -0.07061028 -0.9577543 -0.004244506 0.2875569 -0.9511815 -0.08572196 0.296489 -0.9582727 0.01129883 0.2856326 -0.1502656 0.1774407 0.9725919 -0.08102703 -0.07059675 0.9942086 -0.1565134 0.2011175 0.9669827 -0.5911241 -0.1471251 -0.7930489 -0.42625 -0.41332 -0.8046599 -0.600879 -0.1271528 -0.789162 0.2368756 0.1107712 0.9652045 0.2139268 0.497833 0.8404747 0.2125841 0.5090471 0.8340739 -0.7479889 -0.437072 0.4994804 -0.7143816 -0.5182945 0.470138 -0.7517104 -0.4267339 0.5028216 -0.8008053 -0.5905361 0.09989023 -0.8747175 -0.4676838 0.1270478 -0.8864958 -0.4435593 0.1318354 0.07254421 -0.4315279 -0.899178 0.09939688 -0.3948104 -0.9133702 0.03957957 -0.4749718 -0.8791105 0.3789939 0.3168944 0.8694491 0.3318954 0.172204 0.927465 0.3213375 0.1424877 0.9361836 0.9531034 -0.2459573 0.1763492 0.9771031 -0.1084132 0.183074 0.9792854 -0.08482444 0.1838616 0.3156093 -0.3119741 -0.8961379 0.3797314 -0.1416236 -0.914192 0.282322 -0.3873833 -0.8776266 0.4340924 -0.6114335 -0.6615988 0.4558069 -0.5971997 -0.6599946 0.2856225 -0.6938638 -0.6610393 0.9565809 -0.06869477 0.2832565 0.9605607 -0.1043964 0.2577295 0.9600822 -0.1056999 0.2589784 0.2213425 -0.01926356 -0.9750059 0.2247624 -0.0319972 -0.9738882 0.2256196 -0.03521126 -0.973579 -0.6581425 -0.1054247 -0.7454758 -0.6522928 -4.02375e-5 -0.7579672 -0.6583756 -0.1207889 -0.7429345 0.9695812 -0.2085185 0.1281888 0.9035022 -0.3912954 0.1748482 0.8687003 -0.4570934 0.1908551 -0.05342948 -0.06937754 -0.9961587 -0.05170303 -0.09564357 -0.994072 -0.05157029 -0.09763777 -0.993885 -0.9948197 0.05238676 -0.08711743 -0.9951046 0.0431931 -0.08888971 -0.9942991 0.05773848 -0.08964228 -0.2204167 -0.3074494 0.9256843 -0.2345555 -0.2746077 0.9325097 -0.2173125 -0.3145167 0.9240426 0.004315793 -0.9999907 3.4896e-4 2.64524e-7 -1 -4.03453e-7 4.72858e-7 -1 -4.69269e-7 -0.003014385 -0.9821369 -0.1881439 -0.09391325 -0.9798756 -0.1761373 -0.1313315 -0.976526 -0.1707305 -0.007002174 -0.9944151 -0.1053071 0.02707862 -0.9927306 -0.1172726 0.04192322 -0.9915901 -0.1224402 7.5097e-7 -1 -2.08927e-7 1.54131e-6 -1 0 -1.8956e-4 -1 3.43731e-4 1.07391e-6 -1 0 1.46041e-6 -1 0 6.16664e-4 -0.9999998 3.21562e-4 6.65026e-7 -1 1.82488e-7 1.91841e-6 -1 7.00047e-7 -9.46575e-7 -1 9.87678e-7 -0.001424968 -0.9999971 0.001961648 -7.48409e-5 -1 -3.51235e-4 -1.27167e-4 -0.9999895 0.004599034 4.63853e-6 -0.9999973 0.002346277 -0.6597375 0.08181422 -0.7470294 -0.6490269 0.08928191 -0.7555084 -0.6229843 0.1069138 -0.7748936 0.2071049 -0.002127707 -0.9783165 0.2064877 -0.001240074 -0.9784484 0.2057554 -1.8717e-4 -0.9786035 0.9845169 0.01880282 0.1742784 0.9766306 -0.09121859 0.1946074 0.9664633 -0.1543408 0.2052505 0.771955 -0.3423375 -0.5356217 0.7689262 -0.3424572 -0.5398848 0.7676126 -0.3449394 -0.5401738 0.4629024 -0.002711296 -0.8864051 0.456346 0.003936231 -0.8897938 0.4086201 0.05100631 -0.9112782 0.9261258 0.02077931 0.3766421 0.928642 0.0769149 0.3629162 0.9286938 0.1082712 0.3546906 0.342957 0.1809057 0.9217665 0.3447638 0.1785483 0.9215523 0.3730353 0.1409125 0.9170542 0.3811836 -0.1624676 -0.9101117 0.3643605 -0.1774777 -0.9141899 0.2716363 -0.25576 -0.9277935 -0.704465 -0.692652 -0.1547974 -0.7336316 -0.6514975 -0.1932244 -0.6572807 -0.7472295 -0.09813416 -0.752901 -0.2900178 0.5907875 -0.8281729 -0.07752948 0.5550846 -0.695213 -0.3998337 0.5973374 0.1983275 -0.1271126 0.9718583 0.1125054 0.09195756 0.9893869 0.2218117 -0.1911367 0.9561728 -0.7472432 -0.2090857 -0.6308017 -0.6896619 -0.4830543 -0.5394675 -0.7505292 -0.02933692 -0.6601859 0.00728929 -0.2493394 0.9683888 0.05749118 -0.3387647 0.939113 -0.008921742 -0.2198892 0.9754841 -0.929708 0.002043724 0.3682919 -0.9289935 -2.89259e-4 0.370096 -0.9323789 0.01102566 0.3613144 0.8762604 -0.2403358 0.41762 0.8938879 -0.230957 0.3842177 0.8666686 -0.245022 0.4345686 -0.1377806 0.07103097 0.9879125 -0.04821759 -0.1342027 0.9897802 -0.1806501 0.1739529 0.9680424 -0.6372085 0.01755982 0.7704914 -0.6363091 0.02119004 0.7711433 -0.6329474 0.01760369 0.7739946 0.9820485 -0.1665359 -0.08858031 0.9819558 -0.1491519 -0.1162601 0.9807712 -0.1871974 -0.05518144 -0.4345132 0.1120972 0.8936625 -0.401764 0.1548188 0.9025613 -0.3561351 0.2111862 0.9102572 -0.9937841 0.03217428 -0.1065744 -0.9853557 0.06016939 -0.1595423 -0.9761186 0.0821914 -0.2010902 -0.02518868 -0.09655845 -0.9950086 -0.06145846 -0.1539031 -0.9861728 0.01351392 -0.03507572 -0.9992934 0.9898978 -0.1417613 0.002490937 0.9897512 -0.1427599 0.003505408 0.9917384 -0.1277408 -0.01172256 0.9774003 0.210485 -0.01961487 0.9832869 0.1820557 -0.001682758 0.9886915 0.1487338 0.01916968 -0.8751978 0.4809892 -0.05175346 -0.8751977 0.4809892 -0.05175334 -0.8751978 0.4809889 -0.05175352 -0.3311804 0.6852882 0.6486138 -0.3110537 0.7036772 0.6388146 -0.2965711 0.7164044 0.6315143 -0.06837093 0.4795646 -0.874839 -0.06767326 0.4816641 -0.8737392 -0.06853067 0.4790832 -0.8750902 0.9765087 0.1629953 -0.1409375 0.976438 0.1651194 -0.1389408 0.9767552 0.1506373 -0.1525053 -0.6361598 0.1183748 0.7624226 -0.6361598 0.118375 0.7624226 -0.6361599 0.1183752 0.7624225 -0.05453222 0.6743335 0.7364106 -0.06998366 0.6251388 0.7773699 -0.07335036 0.6139249 0.785949 0.8784849 0.2331063 0.4170442 0.8836709 0.2275978 0.4090539 0.9090648 0.19832 0.3664293 -0.893794 0.261574 0.3642957 -0.8937137 0.2617502 0.3643661 -0.8936607 0.2618666 0.3644127 -0.02291399 0.5982787 0.8009605 -0.003232657 0.5541216 0.8324294 -0.02941209 0.6124569 0.7899567 -0.9133426 0.2737263 -0.3014617 -0.8974357 0.3149411 -0.3089036 -0.9191527 0.2572019 -0.2983377 -0.6683033 0.5481315 0.5029143 -0.643146 0.6200309 0.4493607 -0.6796389 0.5066921 0.5304282 0.1052973 0.562359 0.8201616 0.1015532 0.5717402 0.8141255 0.1066533 0.5589329 0.8223254 -0.9163371 0.3652492 -0.1640715 -0.9241334 0.3479248 -0.157879 -0.9125123 0.3734132 -0.166985 0.2910244 0.6203206 0.7283593 0.2879067 0.6226698 0.7275934 0.3116006 0.6044798 0.7331503 0.4440887 0.4483497 -0.7757371 0.4417113 0.4506943 -0.7757358 0.4364727 0.4558258 -0.7757025 0.6675537 0.6178922 0.4154294 0.6887658 0.5790286 0.4362657 0.6957647 0.5651711 0.4432756 0.7370811 0.4435743 -0.5098562 0.7370815 0.4435742 -0.5098557 0.7370811 0.4435742 -0.5098562 0.450044 0.4677292 -0.7607167 0.4531325 0.4776496 -0.7526764 0.446366 0.4561268 -0.7698738 0.8800751 0.457996 0.1253293 0.9325472 0.3168369 0.1731185 0.9467672 0.2593817 0.1906646 -0.5728105 0.5619563 -0.5967357 -0.5728105 0.5619563 -0.5967355 -0.5728104 0.561956 -0.596736 0.1833652 0.4758586 -0.8601952 0.1849304 0.4729651 -0.861455 0.1856705 0.4715932 -0.8620477 0.001277744 -0.9999936 0.003366708 3.63936e-4 -0.9999987 0.001619637 -1.29479e-6 -1 3.37108e-7 -6.94855e-5 -1 1.22467e-4 -5.9557e-7 -1 0 5.53084e-5 -1 3.03429e-4 0 -1 0 9.47645e-7 -1 4.97897e-6 -4.3049e-5 -1 8.10475e-5 4.17585e-7 -1 0 0.043787 -0.998287 -0.03880602 0.08185887 -0.9952399 -0.05288386 0.1125624 -0.9915679 -0.06420964 -0.0156781 -0.9991126 -0.03909397 -0.01577949 -0.9991148 -0.03899598 -0.02949309 -0.9992337 -0.02573347 0.02040457 -0.9992641 -0.03247886 0.01369458 -0.9996223 -0.02382975 0.0346527 -0.9981054 -0.05084204 0.003094136 -0.9999795 -0.005610525 0.08651363 -0.9913685 -0.09850901 0.07561951 -0.9928036 -0.09285908 0.04348409 -0.9961481 -0.07614535 0.008465528 -0.9951956 -0.09754014 0.002737224 -0.9958438 -0.09103739 0.03784739 -0.9906875 -0.1307896 0.0289669 -0.9979254 -0.05749785 0.03043937 -0.9977688 -0.05942028 0.02502548 -0.9983152 -0.05235135 -0.04016071 -0.9946298 -0.09538805 -0.03123408 -0.9935452 -0.1090524 -0.05626958 -0.9959148 -0.07062309 0.06598609 -0.9903914 -0.1215351 0.06401693 -0.9903392 -0.1230049 0.07422327 -0.990545 -0.1153758 0.04490065 -0.9938725 -0.1010022 0.04707473 -0.9940196 -0.09853392 0.05161488 -0.9942923 -0.09337407 0.02812361 -0.9957258 -0.08797287 0.02703648 -0.9958812 -0.08654254 0.0315625 -0.9952127 -0.09249627 -0.09340763 -0.9888973 -0.1155735 -0.08632183 -0.9885725 -0.1235846 -0.1222534 -0.9890476 -0.0826981 -4.40236e-7 -1 -1.93545e-7 -0.001349687 -0.9999932 -0.003439724 -1.12062e-6 -1 -2.7273e-7 -9.33479e-4 -0.9999986 0.00144881 -2.47764e-4 -0.9999924 0.003911316 0.003881514 -0.9999861 -0.003580689 0.00298953 -0.9999956 -1.58276e-4 7.1058e-4 -0.9999998 1.74012e-4 0.9358195 0.1722856 0.3075057 0.939641 0.166037 0.2991765 0.9581813 0.1321385 0.2538266 -0.6361599 0.1183747 0.7624225 -0.6361598 0.1183747 0.7624225 -0.6363922 0.01385563 0.7712412 0.9096977 -0.2056026 0.3608014 0.9376606 -0.1816574 0.2962993 0.8916832 -0.218629 0.3963615 -1.0746e-6 -1 1.08858e-6 0.5584189 -0.8001313 0.2189942 0.542182 -0.8031986 0.2468011 0.57401 -0.796244 0.191071 -0.6294981 0.05602675 0.7749796 -0.6290633 0.04547089 0.7760231 -0.5997143 -0.2843344 0.7479952 -0.6036353 -0.2796544 0.7466042 -0.5975669 -0.286881 0.7487411 0.4992173 -0.8338441 0.2355554 0.5130109 -0.8329794 0.2072806 0.4869145 -0.8339263 0.2597716 0.05305874 0.9743775 0.2185709 0.0170629 0.8485886 0.5287781 0.009634375 0.8119497 0.5836481 -0.2564417 0.927038 0.2735658 -0.1617851 0.9816311 0.1011241 0.0612086 0.9586814 -0.2778192 -0.0323022 0.9989747 -0.03172135 -0.1011921 0.9868121 -0.1263407 0.0034464 0.9998443 0.01731038 -0.03965318 0.9985198 0.037229 -0.05140095 0.9980199 0.03625446 -0.07154506 0.9968382 0.03457027 0.3016278 0.9452042 0.1249389 0.2939495 0.9494897 0.1098322 0.2396175 0.9708442 0.006711065 -1.12147e-6 -1 5.7747e-7 0.7370808 0.4435743 -0.5098567 -0.8751977 0.4809892 -0.0517534 -0.8751977 0.4809893 -0.05175328 -0.9887107 0.1100132 -0.101727 -0.9783824 0.1348019 -0.156833 -0.9691475 0.1515533 -0.1943832 0.770578 -0.3448919 -0.5359656 0.7664216 -0.3472225 -0.5404022 5.16467e-7 -1 0 -0.992904 0.07936066 -0.08856451 -0.9939172 0.06348484 -0.08999139 -0.9921115 0.08603399 -0.09117531 0.4698497 -0.7441961 -0.4747774 0.4711774 -0.744602 -0.4728212 0.4706655 -0.7439014 -0.4744309 0.2810521 -0.9250695 -0.255453 0.2693554 -0.9274831 -0.259274 0.2387166 -0.9330804 -0.2690267 -0.3692381 -0.9236512 -0.1026241 -0.3650084 -0.9265721 -0.09073638 -0.3481582 -0.9363628 -0.04484283 -0.1527807 0.9158766 -0.3712521 0.1044123 0.9926738 0.06080204 -0.2162601 0.8542197 -0.4728005 -0.3501152 0.9276238 0.1301297 -0.3938375 0.9093467 -0.1340917 -0.3433384 0.9253963 0.1605008 0.06513917 0.9978579 -0.006045281 0.06911301 0.9965669 -0.04558402 0.06983649 0.9961552 -0.05289363 -0.254983 0.9609147 -0.1078271 -0.2500363 0.9599122 -0.1266906 -0.2422488 0.9576582 -0.155584 0.09319829 0.9665328 0.2390154 0.01044839 0.995163 -0.09768122 0.1094202 0.9453307 0.3072084 0.4719335 -0.7443081 -0.4725296 0.4730982 -0.7437639 -0.4722219 -0.9925123 0.07913219 -0.09304535 -0.9934449 0.05726766 -0.0989331 -0.6315013 0.05476516 0.7734385 -0.6329171 0.04285556 0.7730326 0.5446305 -0.8287599 0.1285881 0.5361189 -0.8322592 0.1411426 0.5600799 -0.8217317 0.1052021 -0.205145 -0.2989116 0.9319697 -0.219241 -0.2649352 0.9390116 -0.2020106 -0.3063172 0.9302482 -0.9944312 0.05223244 -0.09153443 -0.9946157 0.03810411 -0.09637266 -0.04896676 -0.03985321 -0.998005 -0.04465693 -0.09283179 -0.9946799 -0.04430216 -0.09711301 -0.994287 0.9408231 -0.1846689 0.2841644 0.8736824 -0.3762254 0.3084374 0.8454433 -0.4324749 0.3133547 -0.6783331 -0.1052656 -0.7271749 -0.6769994 0.003406822 -0.7359758 -0.6778679 -0.1206224 -0.725221 0.2155936 0.004284918 -0.9764738 0.1709077 0.1144257 -0.9786202 0.1623306 0.1347317 -0.9774949 0.9557179 -0.06859797 0.2861777 0.9573203 -0.107317 0.2683675 0.2409113 -0.6026582 -0.760766 0.2965782 -0.5592125 -0.7741594 0.1789947 -0.6463486 -0.7417509 0.1616776 -0.3039596 -0.9388659 0.1796191 -0.1011381 -0.9785235 0.1554813 -0.3578222 -0.9207546 0.9574555 -0.2727306 0.09432375 0.9852357 -0.1168701 0.1251088 0.9870686 -0.09498339 0.1291271 0.2578032 0.4419114 0.8592159 0.2544713 0.2043058 0.9452531 0.251657 0.1707749 0.9526304 -0.03686618 -0.4045331 -0.91378 -0.0108456 -0.3747987 -0.9270429 -0.0838555 -0.4566238 -0.8856992 -0.7976826 -0.5857294 0.1436092 -0.8679744 -0.4667878 0.1694985 -0.8784713 -0.4451154 0.173668 -0.7599442 -0.4401339 0.4782963 -0.7258804 -0.5211471 0.4488914 -0.7637295 -0.4297797 0.4816708 0.2590675 0.1210609 0.9582423 0.2498238 0.469708 0.8467364 -0.5524184 -0.1414676 -0.8214749 -0.391233 -0.3932341 -0.8320478 -0.561511 -0.1240358 -0.8181202 -0.1958655 0.1590209 0.9676514 -0.1291797 -0.09762704 0.9868037 -0.2016676 0.1836141 0.9620895 -0.9653639 -0.005702495 0.2608447 -0.9589357 -0.08806616 0.2696051 -0.9658378 0.01019775 0.2589468 0.5474189 -0.7962375 -0.2575624 0.5346553 -0.8201074 -0.203882 0.564194 -0.7503958 -0.3443709 -0.056822 -0.1199579 0.9911515 -0.08628815 0.1952781 0.9769446 -0.05424511 -0.1444081 0.9880303 -0.6341988 0.031511 0.7725276 0.7051136 -0.4350962 0.5599163 0.5527009 -0.6480297 0.5240032 0.5099956 -0.6928151 0.5098155 0.1519168 0.9878004 -0.03423058 -0.2181779 0.8693536 0.4434219 0.05122077 0.7617577 0.6458341 0.5109671 0.7618653 0.3980878 0.1573655 0.921108 0.3560847 0.1031509 0.9590336 0.2638456 -0.06109625 0.99489 0.08038216 -0.0213027 0.9843631 -0.1748586 -0.3826531 0.923025 0.04001843 0.02895706 0.9930987 -0.1136507 -0.08842998 0.9899093 0.1107245 -0.1115689 0.9768007 0.1827918 0.05316865 0.9830964 0.1751989 -0.1246987 0.9913495 0.04094463 -0.1022697 0.8144099 0.5712071 -0.06148439 0.88958 0.4526226 -0.02973181 0.892425 0.4502152 -0.1241959 0.9443012 0.304747 0.1612168 0.9101787 0.3815547 -0.1960486 0.9130298 0.3576893 -0.03614795 0.9164388 0.3985391 -0.05516719 0.728552 0.6827655 0.02114671 0.9925652 -0.1198644 0.04365855 0.8693833 0.4922058 -0.005280852 0.9365481 0.3504995 0.07955384 0.8854102 0.457952 -0.3215937 0.9429659 -0.08598214 0.03677493 0.998213 0.04709994 -0.2407186 0.7971395 -0.5537358 -0.1712108 0.9610282 0.2170526 -0.2170467 -0.9743692 -0.05912125 0.1905141 -0.844827 0.4999719 -0.3778413 -0.5470508 -0.7469748 0.07408386 -0.8685197 0.4900867 -0.6024239 -0.7770373 0.1824793 0.4692527 -0.8642138 0.1814846 -0.1411229 -0.8963636 0.4202579 -0.6098451 -0.2551314 0.7503314 0.5911086 -0.8030477 -0.07553321 -0.1572493 -0.9551 0.2511107 -0.4788666 -0.8619274 -0.1666375 -0.1117964 -0.7824228 -0.6126306 0.6943894 -0.7166049 -0.06558126 -0.131901 -0.9403986 -0.313453 0.1101819 -0.7946528 -0.5969815 0.5340148 -0.7865945 -0.3099961 0.3199106 -0.9159517 -0.2422599 0.3249382 -0.7610676 -0.561419 0.481715 -0.8665825 -0.1303286 0.001221835 -0.8206353 0.5714511 0.2512516 -0.7651529 -0.5928016 -0.008746981 -0.9992498 -0.03772789 0.8683812 -0.4566835 0.1932735 -0.1614604 0.1992306 0.9665598 0.584506 -0.7569627 0.2921651 -0.9492155 -0.1010655 0.2979528 -0.07364642 -0.09568119 0.9926839 -0.4087443 -0.4360816 -0.8017238 0.2369998 0.08908182 0.967417 -0.709834 -0.5279572 0.4662584 -0.7832656 -0.614545 0.09396588 0.1290631 -0.3528253 -0.9267454 0.3904961 0.356302 0.8488591 0.9450737 -0.2764771 0.1743455 0.4187783 -0.01338386 -0.90799 0.6423307 -0.4456514 -0.6235433 0.9594814 -0.0673294 0.2736099 0.2207453 -0.01705408 -0.9751825 -0.6504884 0.01863026 -0.7592877 0.9876672 -0.1172071 0.1038081 -0.0535472 -0.06756418 -0.996277 -0.9959843 0.03878641 -0.08069092 -0.2376054 -0.2673788 0.9338375 0.03222185 -0.980793 -0.1923719 -0.02335816 -0.9947619 -0.09951466 -0.6912899 0.05900973 -0.720164 0.2078178 -0.003153502 -0.9781625 0.9817157 0.1092364 0.1558904 0.773498 -0.3397458 -0.5350456 0.510352 -0.05227369 -0.8583754 0.9235463 -0.008899986 0.3833837 0.3099303 0.2230467 0.9242258 0.4944274 -0.05385351 -0.8675491 -0.770052 -0.5884059 -0.2465737 -0.8555386 0.07616204 0.5121067 0.08314955 0.1623389 0.9832255 -0.5783445 -0.7064329 -0.4080076 0.07064056 -0.3617394 0.9295992 -0.9260173 -0.009722352 0.377356 0.9036491 -0.2252619 0.3642463 -0.009138822 -0.2200124 0.9754543 -0.6404538 0.02564102 0.7675686 0.9801951 -0.1256809 -0.1530424 -0.4799653 0.04917812 0.875908 -0.9982309 0.007119536 -0.05902886 -0.08231097 -0.1867509 -0.9789531 0.9873551 -0.1574465 0.01845973 0.9698927 0.2404453 -0.03865724 -0.3428159 0.6742732 0.6540894 -0.06754887 0.482038 -0.8735426 0.9759008 0.1767725 -0.1279415 -0.05133002 0.6840738 0.7276046 0.8518248 0.2594201 0.4550778 -0.8938425 0.2614678 0.3642532 0.001303672 0.5436859 0.8392878 -0.8897921 0.3330458 -0.3120104 -0.6252413 0.6608762 0.4151097 0.10038 0.5746563 0.8122155 -0.9276372 0.3398119 -0.1549745 0.2674306 0.6377714 0.7223078 0.4490427 0.4434322 -0.7757118 0.6599157 0.6308718 0.4080591 0.7370813 0.4435745 -0.5098558 0.4565399 0.4887983 -0.7434027 0.8502154 0.5161733 0.1034355 -0.5728106 0.5619565 -0.5967353 0.1827174 0.4770533 -0.8596712 8.86917e-4 -0.9997375 -0.02289807 -0.001259326 -0.9985929 -0.05301707 -9.77728e-5 -0.9999818 -0.006049275 0.1141024 -0.9870467 -0.1127804 -0.0314387 -0.9981468 -0.05210304 0.03424197 -0.9973376 -0.06438434 -0.01673722 -0.9912208 -0.131154 0.05595129 -0.9900631 -0.1290142 0.0404793 -0.9935401 -0.1060168 0.02375859 -0.9963303 -0.08222889 -0.06266868 -0.986676 -0.1501438 0.002624452 -0.9999429 -0.01035875 0.9150046 0.2031813 0.3485456 -0.63616 0.1183746 0.7624225 -0.6406373 0.00920397 0.7677886 0.953376 -0.1651993 0.2525537 0.5239918 -0.8055693 0.2765699 -0.6275374 0.05732166 0.7764735 -0.6058434 -0.2770016 0.7458043 0.5250886 -0.8314807 0.181444 0.06566166 0.993871 0.08893287 -0.3419947 0.831519 0.4377397 -0.136965 0.9748973 -0.1755449 -0.02021908 0.9990413 0.03882879 0.3574663 0.9026736 0.2395794 0.737081 0.443574 -0.5098566 -0.8751977 0.4809895 -0.05175322 -0.994157 0.0905317 -0.05878788 -0.995071 0.05821853 -0.08027613 0.4685186 -0.7447595 -0.4752091 0.3198016 -0.9159529 -0.2423987 -0.3857025 -0.9102662 -0.1504963 0.1715743 0.9687985 0.1788621 -0.3969687 0.9032302 -0.1630678 0.06392544 0.9979376 0.005832612 -0.2616944 0.9616994 -0.08155035 -0.006028115 0.9866527 -0.1627272 0.5188602 -0.8386008 0.1659308 -0.2223253 -0.2573502 0.9403948 -0.04920524 -0.03686767 -0.9981081 0.9565023 -0.1071048 0.2713518 -0.6759533 0.02218711 -0.7366104 0.224139 -0.01768231 -0.9743968 0.379804 -0.4861817 -0.7870047 0.1847801 -0.01609534 -0.9826481 0.9494671 -0.3011985 0.08827155 0.03234446 -0.3240562 -0.9454848 -0.7821104 -0.6076173 0.13822 -0.72125 -0.5308235 0.4449999 0.2589554 0.1024093 0.960445 -0.3756582 -0.413349 -0.829472 -0.1217859 -0.1236963 0.9848185 -0.9569477 -0.1037849 0.2710718 0.5071207 -0.8552805 -0.1064144 -0.08879768 0.2262068 0.9700235 0.7465569 -0.3540845 0.5632734</float_array>
          <technique_common>
            <accessor source="#Plane_006-mesh-normals-array" count="744" stride="3">
              <param name="X" type="float"/>
              <param name="Y" type="float"/>
              <param name="Z" type="float"/>
            </accessor>
          </technique_common>
        </source>
        <source id="Plane_006-mesh-map-0">
          <float_array id="Plane_006-mesh-map-0-array" count="2520">0.503 0.5816813 0.505 0.5825147 0.503 0.5825147 0.505 0.5725147 0.503 0.5741813 0.503 0.5725147 0.505 0.5741813 0.503 0.575848 0.503 0.5741813 0.505 0.575848 0.503 0.5775147 0.503 0.575848 0.505 0.5775147 0.503 0.5791813 0.503 0.5775147 0.503 0.5800146 0.505 0.580848 0.503 0.580848 0.4950001 0.5800147 0.497 0.580848 0.495 0.580848 0.4969999 0.5800146 0.499 0.580848 0.497 0.580848 0.499 0.5800146 0.5010001 0.580848 0.499 0.580848 0.5010001 0.5800147 0.503 0.580848 0.5010001 0.580848 0.495 0.5775147 0.497 0.5791813 0.495 0.5791813 0.499 0.5775147 0.497 0.5791813 0.497 0.5775147 0.5010001 0.5775147 0.499 0.5791813 0.499 0.5775147 0.503 0.5775147 0.5010001 0.5791813 0.5010001 0.5775147 0.497 0.575848 0.495 0.5775147 0.495 0.575848 0.499 0.575848 0.497 0.5775147 0.497 0.575848 0.5010001 0.575848 0.499 0.5775147 0.499 0.575848 0.503 0.575848 0.5010001 0.5775147 0.5010001 0.575848 0.495 0.5741813 0.497 0.575848 0.495 0.575848 0.499 0.5741813 0.497 0.575848 0.497 0.5741813 0.5010001 0.5741813 0.499 0.575848 0.499 0.5741813 0.503 0.5741813 0.5010001 0.575848 0.5010001 0.5741813 0.495 0.5725147 0.497 0.5741813 0.495 0.5741813 0.497 0.5725147 0.499 0.5741813 0.497 0.5741813 0.501 0.5725147 0.499 0.5741813 0.499 0.5725147 0.503 0.5725147 0.5010001 0.5741813 0.501 0.5725147 0.497 0.5816813 0.495 0.5825147 0.4950001 0.5816814 0.499 0.5816813 0.497 0.5825147 0.497 0.5816813 0.499 0.5816813 0.5010001 0.5825147 0.499 0.5825147 0.501 0.5816813 0.503 0.5825147 0.5010001 0.5825147 0.5343725 0.8534802 0.5343725 0.8518135 0.5343725 0.8534802 0.5403725 0.8518135 0.5423725 0.8518135 0.5423725 0.8518135 0.495 0.5775147 0.495 0.575848 0.495 0.575848 0.5383725 0.8518135 0.5403725 0.8518135 0.5383725 0.8518135 0.495 0.5791813 0.495 0.5775147 0.495 0.5791813 0.5443725 0.8593136 0.5443725 0.8601468 0.5443725 0.8601468 0.5363726 0.8518135 0.5383725 0.8518135 0.5363726 0.8518135 0.495 0.5800147 0.495 0.5791813 0.495 0.5800146 0.5443725 0.8568135 0.5443725 0.8584802 0.5443725 0.8584802 0.5343725 0.8518135 0.5363726 0.8518135 0.5343725 0.8518135 0.495 0.5816814 0.495 0.580848 0.495 0.5816813 0.5383725 0.8618135 0.5363726 0.8618135 0.5363726 0.8618135 0.5443725 0.8551468 0.5443725 0.8568135 0.5443725 0.8568135 0.5363726 0.8618135 0.5343725 0.8618135 0.5343725 0.8618135 0.5403726 0.8618135 0.5383725 0.8618135 0.5383725 0.8618135 0.505 0.5741813 0.505 0.575848 0.505 0.575848 0.5443724 0.8609801 0.5443725 0.8618135 0.5443725 0.8618135 0.5423725 0.8618135 0.5403726 0.8618135 0.5403726 0.8618135 0.505 0.5725147 0.505 0.5741813 0.505 0.5725147 0.503 0.5725147 0.505 0.5725147 0.505 0.5725147 0.5443725 0.8618135 0.5423725 0.8618135 0.5443725 0.8618135 0.5343725 0.8551468 0.5343725 0.8534802 0.5343725 0.8534802 0.5443725 0.8568135 0.5443725 0.8584802 0.5443725 0.8584802 0.495 0.5800147 0.495 0.5791813 0.495 0.5791813 0.497 0.5725147 0.499 0.5725147 0.497 0.5725147 0.5443725 0.8593136 0.5443725 0.8601468 0.5443725 0.8601468 0.495 0.5791813 0.495 0.5775146 0.495 0.5791813 0.499 0.5725147 0.5010001 0.5725147 0.499 0.5725147 0.495 0.5775147 0.495 0.575848 0.495 0.5775146 0.5010001 0.5725147 0.503 0.5725147 0.503 0.5725147 0.495 0.5741813 0.495 0.5725147 0.495 0.5741813 0.495 0.575848 0.495 0.5741813 0.495 0.5741813 0.5443725 0.8618135 0.5423725 0.8618134 0.5443725 0.8618135 0.503 0.5725147 0.505 0.5725147 0.505 0.5725147 0.505 0.5725147 0.505 0.5741813 0.505 0.5741813 0.5423725 0.8618135 0.5403726 0.8618135 0.5423725 0.8618134 0.5443724 0.8609801 0.5443725 0.8618135 0.5443724 0.86098 0.505 0.5741813 0.505 0.575848 0.505 0.575848 0.5403726 0.8618135 0.5383725 0.8618135 0.5383725 0.8618134 0.5363726 0.8618135 0.5343725 0.8618135 0.5363726 0.8618136 0.5443725 0.8551468 0.5443725 0.8568135 0.5443725 0.8568135 0.5383725 0.8618134 0.5363726 0.8618135 0.5363726 0.8618136 0.495 0.5816813 0.495 0.580848 0.495 0.5816813 0.495 0.5725147 0.497 0.5725147 0.495 0.5725147 0.3848824 0.8659018 0.3868824 0.8667351 0.3868823 0.8659017 0.3848824 0.8584017 0.3868824 0.8567351 0.3848824 0.8567351 0.3848823 0.8600684 0.3868824 0.8584017 0.3848824 0.8584017 0.3848824 0.8617351 0.3868824 0.8600684 0.3848823 0.8600684 0.3848824 0.8617351 0.3868824 0.8634017 0.3868824 0.8617351 0.3848824 0.8650684 0.3868823 0.8642349 0.3848823 0.864235 0.3768824 0.8642351 0.3788824 0.8650684 0.3788824 0.8642349 0.3788824 0.8642349 0.3808825 0.8650684 0.3808824 0.8642349 0.3788824 0.8667351 0.3768824 0.8667351 0.3788824 0.8667351 0.3828824 0.8667351 0.3808824 0.8667351 0.3808824 0.8667351 0.3868824 0.8584017 0.3868824 0.8600684 0.3868824 0.8600684 0.3868824 0.8659017 0.3868824 0.8667351 0.3868824 0.8659017 0.3848824 0.8667351 0.3828824 0.8667351 0.3828824 0.8667351 0.3868824 0.8567351 0.3868824 0.8584017 0.3868824 0.8584017 0.3848824 0.8567351 0.3868824 0.8567351 0.3848824 0.8567351 0.3868824 0.8667351 0.3848824 0.8667351 0.3868824 0.8667351 0.3768824 0.8600684 0.3768824 0.8584017 0.3768824 0.8600684 0.3768824 0.8584017 0.3768824 0.8567351 0.3768824 0.8584017 0.3828824 0.8567351 0.3848824 0.8567351 0.3828824 0.8567351 0.3768824 0.8617351 0.3768824 0.8600684 0.3768824 0.8617351 0.3808824 0.8567351 0.3828824 0.8567351 0.3808824 0.8567351 0.3768824 0.8634017 0.3768824 0.8617351 0.3768824 0.8634017 0.3868824 0.8642351 0.3868824 0.8650684 0.3868824 0.8650684 0.3788824 0.8567351 0.3808824 0.8567351 0.3788824 0.8567351 0.3768824 0.8642351 0.3768824 0.8634017 0.3768824 0.8642351 0.3868824 0.8617351 0.3868824 0.8634017 0.3868824 0.8634017 0.3768824 0.8567351 0.3788824 0.8567351 0.3788824 0.8567351 0.3768824 0.8659016 0.3768824 0.8650684 0.3768824 0.8659017 0.3808824 0.8667351 0.3788824 0.8667351 0.3808824 0.8667351 0.3868824 0.8600684 0.3868824 0.8617351 0.3868824 0.8617351 0.3868824 0.8600684 0.3868824 0.8617351 0.3868824 0.8617351 0.3768824 0.8659016 0.3768824 0.8650684 0.3768824 0.8650684 0.3768824 0.8567351 0.3788824 0.8567351 0.3788824 0.8567351 0.3808824 0.8667351 0.3788824 0.8667351 0.3808824 0.8667351 0.3868824 0.8617351 0.3868824 0.8634017 0.3868824 0.8617351 0.3768824 0.8642351 0.3768824 0.8634017 0.3768824 0.8634017 0.3788824 0.8567351 0.3808824 0.8567351 0.3808824 0.8567351 0.3868823 0.8642349 0.3868824 0.8650684 0.3868824 0.8642351 0.3768824 0.8634017 0.3768824 0.8617351 0.3768824 0.8617351 0.3808824 0.8567351 0.3828824 0.8567351 0.3808824 0.8567351 0.3768824 0.8617351 0.3768824 0.8600684 0.3768824 0.8617351 0.3768824 0.8584017 0.3768824 0.8567351 0.3768824 0.8584017 0.3828824 0.8567351 0.3848824 0.8567351 0.3828824 0.8567351 0.3768824 0.8600684 0.3768824 0.8584017 0.3768824 0.8600684 0.3848824 0.8567351 0.3868824 0.8567351 0.3848824 0.8567351 0.3868824 0.8667351 0.3848824 0.8667351 0.3848824 0.8667351 0.3868824 0.8567351 0.3868824 0.8584017 0.3868824 0.8584017 0.3868823 0.8659017 0.3868824 0.8667351 0.3868824 0.8659017 0.3848824 0.8667351 0.3828824 0.8667351 0.3848824 0.8667351 0.3868824 0.8584017 0.3868824 0.8600684 0.3868824 0.8600684 0.3788824 0.8667351 0.3768824 0.8667351 0.3788824 0.8667351 0.3828824 0.8667351 0.3808824 0.8667351 0.3808824 0.8667351 0.3808824 0.8642349 0.3828824 0.8650684 0.3828824 0.8642351 0.3828824 0.8642351 0.3848824 0.8650684 0.3848823 0.864235 0.3768824 0.8617351 0.3788824 0.8634017 0.3788824 0.8617351 0.3788824 0.8617351 0.3808824 0.8634017 0.3808824 0.8617351 0.3808824 0.8617351 0.3828824 0.8634017 0.3828824 0.8617351 0.3828824 0.8617351 0.3848824 0.8634017 0.3848824 0.8617351 0.3768824 0.8617351 0.3788824 0.8600684 0.3768824 0.8600684 0.3788824 0.8617351 0.3808824 0.8600684 0.3788824 0.8600684 0.3808824 0.8617351 0.3828824 0.8600684 0.3808824 0.8600684 0.3828824 0.8617351 0.3848823 0.8600684 0.3828824 0.8600684 0.3768824 0.8600684 0.3788824 0.8584017 0.3768824 0.8584017 0.3788824 0.8600684 0.3808824 0.8584017 0.3788824 0.8584017 0.3808824 0.8600684 0.3828824 0.8584017 0.3808824 0.8584017 0.3828824 0.8600684 0.3848824 0.8584017 0.3828824 0.8584017 0.3768824 0.8567351 0.3788824 0.8584017 0.3788824 0.8567351 0.3788824 0.8567351 0.3808824 0.8584017 0.3808824 0.8567351 0.3808824 0.8584017 0.3828824 0.8567351 0.3808824 0.8567351 0.3828824 0.8584017 0.3848824 0.8567351 0.3828824 0.8567351 0.3768824 0.8667351 0.3788824 0.8659018 0.3768823 0.8659017 0.3788824 0.8667351 0.3808824 0.8659017 0.3788824 0.8659018 0.3808824 0.8659017 0.3828824 0.8667351 0.3828824 0.8659017 0.3828824 0.8659017 0.3848824 0.8667351 0.3848824 0.8659018 0.3828824 0.8634017 0.3848823 0.864235 0.3848824 0.8634017 0.3808824 0.8634017 0.3828824 0.8642351 0.3828824 0.8634017 0.3868824 0.8634017 0.3868824 0.8642351 0.3868824 0.8634017 0.3768824 0.8650684 0.3768824 0.8642351 0.3768824 0.8642351 0.3768824 0.8650684 0.3768824 0.8642351 0.3768824 0.8642351 0.3868824 0.8634017 0.3868824 0.8642351 0.3868824 0.8642351 0.3788824 0.8634017 0.3808824 0.8642349 0.3808824 0.8634017 0.3768824 0.8634017 0.3788824 0.8642349 0.3788824 0.8634017 0.3848824 0.8634017 0.3868823 0.8642349 0.3868824 0.8634017 0.5443725 0.8584802 0.5443725 0.8593136 0.5443725 0.8593136 0.495 0.580848 0.495 0.5800146 0.495 0.5800147 0.495 0.580848 0.495 0.5800146 0.495 0.580848 0.5443725 0.8584802 0.5443725 0.8593135 0.5443725 0.8593136 0.503 0.5791813 0.5010001 0.5800147 0.5010001 0.5791813 0.5010001 0.5791813 0.499 0.5800146 0.499 0.5791813 0.497 0.5791813 0.499 0.5800146 0.4969999 0.5800146 0.495 0.5791813 0.4969999 0.5800146 0.4950001 0.5800147 0.503 0.5791813 0.5050001 0.5800147 0.503 0.5800146 0.3828824 0.8650684 0.3848824 0.8659018 0.3848824 0.8650684 0.3808825 0.8650684 0.3828824 0.8659017 0.3828824 0.8650684 0.3788824 0.8650684 0.3808824 0.8659017 0.3808825 0.8650684 0.3768823 0.8659017 0.3788824 0.8650684 0.3768824 0.8650684 0.3868824 0.8650684 0.3868823 0.8659017 0.3868824 0.8659017 0.3768824 0.8667351 0.3768823 0.8659017 0.3768824 0.8659016 0.3768824 0.8667351 0.3768824 0.8659017 0.3768824 0.8667351 0.3868824 0.8650684 0.3868824 0.8659017 0.3868824 0.8650684 0.3848824 0.8650684 0.3868823 0.8659017 0.3868824 0.8650684 0.495 0.5825147 0.495 0.5816813 0.495 0.5825147 0.5443725 0.8601468 0.5443724 0.86098 0.5443725 0.8601468 0.5443725 0.8601468 0.5443724 0.8609801 0.5443725 0.8601468 0.495 0.5825147 0.495 0.5816813 0.495 0.5825147 0.5010001 0.580848 0.503 0.5816813 0.501 0.5816813 0.499 0.580848 0.501 0.5816813 0.499 0.5816813 0.499 0.580848 0.497 0.5816813 0.497 0.580848 0.497 0.580848 0.4950001 0.5816814 0.495 0.580848 0.503 0.580848 0.505 0.5816813 0.503 0.5816813 0.505 0.580848 0.505 0.5816813 0.505 0.580848 0.495 0.5825147 0.495 0.5816813 0.4950001 0.5816814 0.495 0.580848 0.495 0.5800147 0.4950001 0.5800147 0.505 0.5791813 0.505 0.5800147 0.5050001 0.5800147 0.495 0.5725147 0.497 0.5725147 0.495 0.5725147 0.4950001 0.5816814 0.495 0.580848 0.495 0.580848 0.499 0.5825147 0.4970001 0.5825147 0.497 0.5825147 0.505 0.575848 0.505 0.5775147 0.505 0.5775147 0.4970001 0.5825147 0.495 0.5825147 0.497 0.5825147 0.5010001 0.5825147 0.499 0.5825146 0.499 0.5825147 0.505 0.5741813 0.505 0.575848 0.505 0.575848 0.5049999 0.5816812 0.505 0.5825147 0.505 0.5816813 0.503 0.5825146 0.5010001 0.5825147 0.503 0.5825147 0.505 0.5725147 0.505 0.5741813 0.505 0.5741813 0.503 0.5725147 0.505 0.5725147 0.505 0.5725147 0.505 0.5825147 0.503 0.5825147 0.505 0.5825147 0.495 0.575848 0.495 0.5741813 0.495 0.5741813 0.495 0.5741813 0.495 0.5725147 0.495 0.5741813 0.501 0.5725147 0.503 0.5725147 0.503 0.5725147 0.495 0.5775146 0.495 0.575848 0.495 0.5775147 0.499 0.5725147 0.501 0.5725147 0.499 0.5725147 0.495 0.5791813 0.495 0.5775147 0.495 0.5791813 0.5050001 0.5800147 0.505 0.580848 0.505 0.580848 0.497 0.5725147 0.499 0.5725147 0.497 0.5725147 0.4950001 0.5800147 0.495 0.5791813 0.495 0.5791813 0.505 0.5775147 0.505 0.5791813 0.505 0.5791813 0.503 0.5816813 0.505 0.5816813 0.505 0.5825147 0.505 0.5725147 0.505 0.5741813 0.503 0.5741813 0.505 0.5741813 0.505 0.575848 0.503 0.575848 0.505 0.575848 0.505 0.5775147 0.503 0.5775147 0.505 0.5775147 0.505 0.5791813 0.503 0.5791813 0.503 0.5800146 0.5050001 0.5800147 0.505 0.580848 0.4950001 0.5800147 0.4969999 0.5800146 0.497 0.580848 0.4969999 0.5800146 0.499 0.5800146 0.499 0.580848 0.499 0.5800146 0.5010001 0.5800147 0.5010001 0.580848 0.5010001 0.5800147 0.503 0.5800146 0.503 0.580848 0.495 0.5775147 0.497 0.5775147 0.497 0.5791813 0.499 0.5775147 0.499 0.5791813 0.497 0.5791813 0.5010001 0.5775147 0.5010001 0.5791813 0.499 0.5791813 0.503 0.5775147 0.503 0.5791813 0.5010001 0.5791813 0.497 0.575848 0.497 0.5775147 0.495 0.5775147 0.499 0.575848 0.499 0.5775147 0.497 0.5775147 0.5010001 0.575848 0.5010001 0.5775147 0.499 0.5775147 0.503 0.575848 0.503 0.5775147 0.5010001 0.5775147 0.495 0.5741813 0.497 0.5741813 0.497 0.575848 0.499 0.5741813 0.499 0.575848 0.497 0.575848 0.5010001 0.5741813 0.5010001 0.575848 0.499 0.575848 0.503 0.5741813 0.503 0.575848 0.5010001 0.575848 0.495 0.5725147 0.497 0.5725147 0.497 0.5741813 0.497 0.5725147 0.499 0.5725147 0.499 0.5741813 0.501 0.5725147 0.5010001 0.5741813 0.499 0.5741813 0.503 0.5725147 0.503 0.5741813 0.5010001 0.5741813 0.497 0.5816813 0.497 0.5825147 0.495 0.5825147 0.499 0.5816813 0.499 0.5825147 0.497 0.5825147 0.499 0.5816813 0.501 0.5816813 0.5010001 0.5825147 0.501 0.5816813 0.503 0.5816813 0.503 0.5825147 0.5343725 0.8534802 0.5343725 0.8518135 0.5343725 0.8518135 0.5403725 0.8518135 0.5403725 0.8518135 0.5423725 0.8518135 0.495 0.5775147 0.495 0.5775147 0.495 0.575848 0.5383725 0.8518135 0.5403725 0.8518135 0.5403725 0.8518135 0.495 0.5791813 0.495 0.5775147 0.495 0.5775147 0.5443725 0.8593136 0.5443725 0.8593135 0.5443725 0.8601468 0.5363726 0.8518135 0.5383725 0.8518135 0.5383725 0.8518135 0.495 0.5800147 0.495 0.5791813 0.495 0.5791813 0.5443725 0.8568135 0.5443725 0.8568135 0.5443725 0.8584802 0.5343725 0.8518135 0.5363726 0.8518135 0.5363726 0.8518135 0.495 0.5816814 0.495 0.580848 0.495 0.580848 0.5383725 0.8618135 0.5383725 0.8618135 0.5363726 0.8618135 0.5443725 0.8551468 0.5443725 0.8551468 0.5443725 0.8568135 0.5363726 0.8618135 0.5363726 0.8618135 0.5343725 0.8618135 0.5403726 0.8618135 0.5403726 0.8618135 0.5383725 0.8618135 0.505 0.5741813 0.505 0.5741813 0.505 0.575848 0.5443724 0.8609801 0.5443725 0.8609802 0.5443725 0.8618135 0.5423725 0.8618135 0.5423725 0.8618135 0.5403726 0.8618135 0.505 0.5725147 0.505 0.5741813 0.505 0.5741813 0.503 0.5725147 0.503 0.5725147 0.505 0.5725147 0.5443725 0.8618135 0.5423725 0.8618135 0.5423725 0.8618135 0.5343725 0.8551468 0.5343725 0.8551468 0.5343725 0.8534802 0.5443725 0.8568135 0.5443725 0.8568135 0.5443725 0.8584802 0.495 0.5800147 0.495 0.5800146 0.495 0.5791813 0.497 0.5725147 0.499 0.5725147 0.499 0.5725147 0.5443725 0.8593136 0.5443725 0.8593136 0.5443725 0.8601468 0.495 0.5791813 0.495 0.5775147 0.495 0.5775146 0.499 0.5725147 0.501 0.5725147 0.5010001 0.5725147 0.495 0.5775147 0.495 0.575848 0.495 0.575848 0.5010001 0.5725147 0.501 0.5725147 0.503 0.5725147 0.495 0.5741813 0.495 0.5725147 0.495 0.5725147 0.495 0.575848 0.495 0.575848 0.495 0.5741813 0.5443725 0.8618135 0.5423725 0.8618135 0.5423725 0.8618134 0.503 0.5725147 0.503 0.5725147 0.505 0.5725147 0.505 0.5725147 0.505 0.5725147 0.505 0.5741813 0.5423725 0.8618135 0.5403726 0.8618135 0.5403726 0.8618135 0.5443724 0.8609801 0.5443725 0.8618135 0.5443725 0.8618135 0.505 0.5741813 0.505 0.5741813 0.505 0.575848 0.5403726 0.8618135 0.5403726 0.8618135 0.5383725 0.8618135 0.5363726 0.8618135 0.5343725 0.8618135 0.5343725 0.8618135 0.5443725 0.8551468 0.5443725 0.8551468 0.5443725 0.8568135 0.5383725 0.8618134 0.5383725 0.8618135 0.5363726 0.8618135 0.495 0.5816813 0.495 0.580848 0.495 0.580848 0.495 0.5725147 0.497 0.5725147 0.497 0.5725147 0.3848824 0.8659018 0.3848824 0.8667351 0.3868824 0.8667351 0.3848824 0.8584017 0.3868824 0.8584017 0.3868824 0.8567351 0.3848823 0.8600684 0.3868824 0.8600684 0.3868824 0.8584017 0.3848824 0.8617351 0.3868824 0.8617351 0.3868824 0.8600684 0.3848824 0.8617351 0.3848824 0.8634017 0.3868824 0.8634017 0.3848824 0.8650684 0.3868824 0.8650684 0.3868823 0.8642349 0.3768824 0.8642351 0.3768824 0.8650684 0.3788824 0.8650684 0.3788824 0.8642349 0.3788824 0.8650684 0.3808825 0.8650684 0.3788824 0.8667351 0.3768824 0.8667351 0.3768824 0.8667351 0.3828824 0.8667351 0.3828824 0.8667351 0.3808824 0.8667351 0.3868824 0.8584017 0.3868824 0.8584017 0.3868824 0.8600684 0.3868824 0.8659017 0.3868824 0.8667351 0.3868824 0.8667351 0.3848824 0.8667351 0.3848824 0.8667351 0.3828824 0.8667351 0.3868824 0.8567351 0.3868824 0.8567351 0.3868824 0.8584017 0.3848824 0.8567351 0.3868824 0.8567351 0.3868824 0.8567351 0.3868824 0.8667351 0.3848824 0.8667351 0.3848824 0.8667351 0.3768824 0.8600684 0.3768824 0.8584017 0.3768824 0.8584017 0.3768824 0.8584017 0.3768824 0.8567351 0.3768824 0.8567351 0.3828824 0.8567351 0.3848824 0.8567351 0.3848824 0.8567351 0.3768824 0.8617351 0.3768824 0.8600684 0.3768824 0.8600684 0.3808824 0.8567351 0.3828824 0.8567351 0.3828824 0.8567351 0.3768824 0.8634017 0.3768824 0.8617351 0.3768824 0.8617351 0.3868824 0.8642351 0.3868824 0.8642351 0.3868824 0.8650684 0.3788824 0.8567351 0.3808824 0.8567351 0.3808824 0.8567351 0.3768824 0.8642351 0.3768824 0.8634017 0.3768824 0.8634017 0.3868824 0.8617351 0.3868824 0.8617351 0.3868824 0.8634017 0.3768824 0.8567351 0.3768824 0.8567351 0.3788824 0.8567351 0.3768824 0.8659016 0.3768824 0.8650684 0.3768824 0.8650684 0.3808824 0.8667351 0.3788824 0.8667351 0.3788824 0.8667351 0.3868824 0.8600684 0.3868824 0.8600684 0.3868824 0.8617351 0.3868824 0.8600684 0.3868824 0.8600684 0.3868824 0.8617351 0.3768824 0.8659016 0.3768823 0.8659017 0.3768824 0.8650684 0.3768824 0.8567351 0.3768824 0.8567351 0.3788824 0.8567351 0.3808824 0.8667351 0.3788824 0.8667351 0.3788824 0.8667351 0.3868824 0.8617351 0.3868824 0.8634017 0.3868824 0.8634017 0.3768824 0.8642351 0.3768824 0.8642351 0.3768824 0.8634017 0.3788824 0.8567351 0.3788824 0.8567351 0.3808824 0.8567351 0.3868823 0.8642349 0.3868824 0.8650684 0.3868824 0.8650684 0.3768824 0.8634017 0.3768824 0.8634017 0.3768824 0.8617351 0.3808824 0.8567351 0.3828824 0.8567351 0.3828824 0.8567351 0.3768824 0.8617351 0.3768824 0.8600684 0.3768824 0.8600684 0.3768824 0.8584017 0.3768824 0.8567351 0.3768824 0.8567351 0.3828824 0.8567351 0.3848824 0.8567351 0.3848824 0.8567351 0.3768824 0.8600684 0.3768824 0.8584017 0.3768824 0.8584017 0.3848824 0.8567351 0.3868824 0.8567351 0.3868824 0.8567351 0.3868824 0.8667351 0.3868824 0.8667351 0.3848824 0.8667351 0.3868824 0.8567351 0.3868824 0.8567351 0.3868824 0.8584017 0.3868823 0.8659017 0.3868824 0.8667351 0.3868824 0.8667351 0.3848824 0.8667351 0.3828824 0.8667351 0.3828824 0.8667351 0.3868824 0.8584017 0.3868824 0.8584017 0.3868824 0.8600684 0.3788824 0.8667351 0.3768824 0.8667351 0.3768824 0.8667351 0.3828824 0.8667351 0.3828824 0.8667351 0.3808824 0.8667351 0.3808824 0.8642349 0.3808825 0.8650684 0.3828824 0.8650684 0.3828824 0.8642351 0.3828824 0.8650684 0.3848824 0.8650684 0.3768824 0.8617351 0.3768824 0.8634017 0.3788824 0.8634017 0.3788824 0.8617351 0.3788824 0.8634017 0.3808824 0.8634017 0.3808824 0.8617351 0.3808824 0.8634017 0.3828824 0.8634017 0.3828824 0.8617351 0.3828824 0.8634017 0.3848824 0.8634017 0.3768824 0.8617351 0.3788824 0.8617351 0.3788824 0.8600684 0.3788824 0.8617351 0.3808824 0.8617351 0.3808824 0.8600684 0.3808824 0.8617351 0.3828824 0.8617351 0.3828824 0.8600684 0.3828824 0.8617351 0.3848824 0.8617351 0.3848823 0.8600684 0.3768824 0.8600684 0.3788824 0.8600684 0.3788824 0.8584017 0.3788824 0.8600684 0.3808824 0.8600684 0.3808824 0.8584017 0.3808824 0.8600684 0.3828824 0.8600684 0.3828824 0.8584017 0.3828824 0.8600684 0.3848823 0.8600684 0.3848824 0.8584017 0.3768824 0.8567351 0.3768824 0.8584017 0.3788824 0.8584017 0.3788824 0.8567351 0.3788824 0.8584017 0.3808824 0.8584017 0.3808824 0.8584017 0.3828824 0.8584017 0.3828824 0.8567351 0.3828824 0.8584017 0.3848824 0.8584017 0.3848824 0.8567351 0.3768824 0.8667351 0.3788824 0.8667351 0.3788824 0.8659018 0.3788824 0.8667351 0.3808824 0.8667351 0.3808824 0.8659017 0.3808824 0.8659017 0.3808824 0.8667351 0.3828824 0.8667351 0.3828824 0.8659017 0.3828824 0.8667351 0.3848824 0.8667351 0.3828824 0.8634017 0.3828824 0.8642351 0.3848823 0.864235 0.3808824 0.8634017 0.3808824 0.8642349 0.3828824 0.8642351 0.3868824 0.8634017 0.3868823 0.8642349 0.3868824 0.8642351 0.3768824 0.8650684 0.3768824 0.8650684 0.3768824 0.8642351 0.3768824 0.8650684 0.3768824 0.8650684 0.3768824 0.8642351 0.3868824 0.8634017 0.3868824 0.8634017 0.3868824 0.8642351 0.3788824 0.8634017 0.3788824 0.8642349 0.3808824 0.8642349 0.3768824 0.8634017 0.3768824 0.8642351 0.3788824 0.8642349 0.3848824 0.8634017 0.3848823 0.864235 0.3868823 0.8642349 0.5443725 0.8584802 0.5443725 0.8584802 0.5443725 0.8593136 0.495 0.580848 0.495 0.580848 0.495 0.5800146 0.495 0.580848 0.495 0.5800147 0.495 0.5800146 0.5443725 0.8584802 0.5443725 0.8584802 0.5443725 0.8593135 0.503 0.5791813 0.503 0.5800146 0.5010001 0.5800147 0.5010001 0.5791813 0.5010001 0.5800147 0.499 0.5800146 0.497 0.5791813 0.499 0.5791813 0.499 0.5800146 0.495 0.5791813 0.497 0.5791813 0.4969999 0.5800146 0.503 0.5791813 0.505 0.5791813 0.5050001 0.5800147 0.3828824 0.8650684 0.3828824 0.8659017 0.3848824 0.8659018 0.3808825 0.8650684 0.3808824 0.8659017 0.3828824 0.8659017 0.3788824 0.8650684 0.3788824 0.8659018 0.3808824 0.8659017 0.3768823 0.8659017 0.3788824 0.8659018 0.3788824 0.8650684 0.3868824 0.8650684 0.3868824 0.8650684 0.3868823 0.8659017 0.3768824 0.8667351 0.3768824 0.8667351 0.3768823 0.8659017 0.3768824 0.8667351 0.3768824 0.8659016 0.3768824 0.8659017 0.3868824 0.8650684 0.3868824 0.8659017 0.3868824 0.8659017 0.3848824 0.8650684 0.3848824 0.8659018 0.3868823 0.8659017 0.495 0.5825147 0.495 0.5816813 0.495 0.5816813 0.5443725 0.8601468 0.5443724 0.8609801 0.5443724 0.86098 0.5443725 0.8601468 0.5443725 0.8609802 0.5443724 0.8609801 0.495 0.5825147 0.495 0.5816814 0.495 0.5816813 0.5010001 0.580848 0.503 0.580848 0.503 0.5816813 0.499 0.580848 0.5010001 0.580848 0.501 0.5816813 0.499 0.580848 0.499 0.5816813 0.497 0.5816813 0.497 0.580848 0.497 0.5816813 0.4950001 0.5816814 0.503 0.580848 0.505 0.580848 0.505 0.5816813 0.505 0.580848 0.5049999 0.5816812 0.505 0.5816813 0.495 0.5825147 0.495 0.5825147 0.495 0.5816813 0.495 0.580848 0.495 0.580848 0.495 0.5800147 0.505 0.5791813 0.505 0.5791813 0.505 0.5800147 0.495 0.5725147 0.497 0.5725147 0.497 0.5725147 0.4950001 0.5816814 0.495 0.5816813 0.495 0.580848 0.499 0.5825147 0.499 0.5825146 0.4970001 0.5825147 0.505 0.575848 0.505 0.575848 0.505 0.5775147 0.4970001 0.5825147 0.495 0.5825147 0.495 0.5825147 0.5010001 0.5825147 0.5010001 0.5825147 0.499 0.5825146 0.505 0.5741813 0.505 0.5741813 0.505 0.575848 0.5049999 0.5816812 0.505 0.5825147 0.505 0.5825147 0.503 0.5825146 0.5010001 0.5825147 0.5010001 0.5825147 0.505 0.5725147 0.505 0.5725147 0.505 0.5741813 0.503 0.5725147 0.503 0.5725147 0.505 0.5725147 0.505 0.5825147 0.503 0.5825146 0.503 0.5825147 0.495 0.575848 0.495 0.575848 0.495 0.5741813 0.495 0.5741813 0.495 0.5725147 0.495 0.5725147 0.501 0.5725147 0.5010001 0.5725147 0.503 0.5725147 0.495 0.5775146 0.495 0.575848 0.495 0.575848 0.499 0.5725147 0.5010001 0.5725147 0.501 0.5725147 0.495 0.5791813 0.495 0.5775146 0.495 0.5775147 0.5050001 0.5800147 0.505 0.5800147 0.505 0.580848 0.497 0.5725147 0.499 0.5725147 0.499 0.5725147 0.4950001 0.5800147 0.495 0.5800147 0.495 0.5791813 0.505 0.5775147 0.505 0.5775147 0.505 0.5791813</float_array>
          <technique_common>
            <accessor source="#Plane_006-mesh-map-0-array" count="1260" stride="2">
              <param name="S" type="float"/>
              <param name="T" type="float"/>
            </accessor>
          </technique_common>
        </source>
        <vertices id="Plane_006-mesh-vertices">
          <input semantic="POSITION" source="#Plane_006-mesh-positions"/>
        </vertices>
        <triangles count="420">
          <input semantic="VERTEX" source="#Plane_006-mesh-vertices" offset="0"/>
          <input semantic="NORMAL" source="#Plane_006-mesh-normals" offset="1"/>
          <input semantic="TEXCOORD" source="#Plane_006-mesh-map-0" offset="2" set="0"/>
          <p>173 0 0 3 1 1 18 2 2 1 3 3 22 4 4 17 5 5 9 6 6 26 7 7 22 8 8 10 9 9 30 10 10 26 11 11 11 12 12 34 13 13 30 14 14 155 15 15 13 16 16 38 17 17 150 18 18 41 19 19 4 20 20 152 21 21 40 22 22 41 23 23 153 24 24 39 25 25 40 26 26 154 27 27 38 28 28 39 29 29 6 30 30 37 31 31 5 32 32 32 33 33 37 34 34 33 35 35 31 36 36 36 37 37 32 38 38 30 39 39 35 40 40 31 41 41 29 42 42 6 43 43 7 44 44 28 45 45 33 46 46 29 47 47 27 48 48 32 49 49 28 50 50 26 51 51 31 52 52 27 53 53 8 54 54 29 55 55 7 56 56 24 57 57 29 58 58 25 59 59 23 60 60 28 61 61 24 62 62 22 63 63 27 64 64 23 65 65 0 66 66 25 67 67 8 68 68 14 69 69 24 70 70 25 71 71 16 72 72 24 73 73 15 74 74 17 75 75 23 76 76 16 77 77 170 78 78 2 79 79 169 80 80 171 81 81 21 82 82 170 83 83 171 84 84 19 85 85 20 86 86 172 87 87 18 88 88 19 89 89 80 90 90 43 91 91 42 92 92 61 93 93 82 94 94 44 95 95 52 96 96 91 97 97 53 98 98 102 99 99 61 100 100 60 101 101 89 102 102 52 103 103 51 104 104 157 105 105 84 106 106 46 107 107 101 108 108 60 109 109 59 110 110 160 111 111 51 112 112 156 113 113 56 114 114 95 115 115 57 116 116 81 117 117 59 118 118 43 119 119 179 120 120 50 121 121 175 122 122 64 123 123 86 124 124 48 125 125 55 126 126 94 127 127 56 128 128 48 129 129 87 130 130 49 131 131 63 132 132 106 133 133 64 134 134 54 135 135 93 136 136 55 137 137 174 138 138 85 139 139 47 140 140 62 141 141 105 142 142 63 143 143 83 144 144 54 145 145 45 146 146 44 147 147 83 148 148 45 149 149 85 150 150 62 151 151 47 152 152 53 153 153 80 154 154 42 155 155 187 156 156 57 157 157 186 158 158 209 159 159 51 160 160 188 161 161 59 162 162 190 163 163 191 164 164 208 165 165 46 166 166 192 167 167 51 168 168 193 169 169 188 170 170 60 171 171 194 172 172 190 173 173 52 174 174 195 175 175 193 176 176 194 177 177 44 178 178 196 179 179 42 180 180 197 181 181 198 182 182 195 183 183 42 184 184 198 185 185 47 186 186 199 187 187 200 188 188 196 189 189 45 190 190 201 191 191 201 192 192 54 193 193 202 194 194 62 195 195 203 196 196 199 197 197 174 198 198 200 199 199 211 200 200 202 201 201 55 202 202 204 203 203 203 204 204 64 205 205 205 206 206 48 207 207 206 208 208 207 209 209 204 210 210 56 211 211 187 212 212 205 213 213 48 214 214 207 215 215 175 216 216 189 217 217 210 218 218 43 219 219 191 220 220 197 221 221 185 222 222 117 223 223 180 224 224 135 225 225 133 226 226 115 227 227 138 228 228 132 229 229 135 230 230 141 231 231 131 232 232 138 233 233 141 231 234 128 234 235 130 235 236 147 236 237 163 237 238 167 238 239 162 239 240 111 240 241 164 241 242 164 241 243 149 242 244 165 243 245 73 244 246 87 245 247 86 246 248 105 247 249 127 248 250 106 249 251 92 250 252 66 251 253 93 252 254 177 253 255 85 254 256 178 255 257 104 256 258 126 257 259 105 258 260 83 259 261 67 260 262 92 261 263 77 262 264 83 263 265 82 264 266 74 265 267 104 266 268 85 267 269 68 268 270 80 269 271 91 270 272 79 271 273 81 272 274 80 273 275 124 274 276 82 275 277 103 276 278 69 277 279 91 278 280 90 279 281 123 280 282 103 281 283 102 282 284 70 283 285 90 284 286 89 285 287 161 286 288 75 287 289 84 288 290 122 289 291 102 290 292 101 291 293 159 292 294 89 293 295 160 294 296 94 295 297 58 296 298 95 297 299 81 298 300 122 299 301 101 300 302 176 301 303 88 302 304 179 303 305 127 304 306 86 305 307 106 306 308 93 307 309 65 308 310 94 309 311 66 310 312 130 311 313 65 312 314 176 313 315 110 314 316 71 315 317 78 316 318 113 317 319 122 318 320 121 319 321 73 320 322 127 321 323 130 322 324 58 323 325 65 324 326 159 325 327 108 326 328 70 327 329 122 328 330 114 329 331 123 330 332 163 331 333 75 332 334 158 333 335 70 334 336 100 335 337 69 336 338 114 337 339 124 338 340 123 339 341 100 340 342 68 341 343 69 342 344 96 343 345 78 344 346 79 345 347 116 346 348 77 347 349 124 348 350 98 349 351 79 350 352 68 351 353 115 352 354 76 353 355 77 354 356 74 355 357 118 356 358 125 357 359 76 358 360 132 359 361 67 360 362 180 361 363 74 362 364 177 363 365 118 364 366 126 365 367 125 366 368 67 367 369 131 368 370 66 369 371 120 370 372 72 371 373 73 372 374 126 373 375 121 374 376 127 375 377 165 243 378 148 376 379 166 377 380 166 377 381 147 236 382 167 238 383 100 378 384 109 379 385 107 380 386 107 380 387 146 381 388 143 382 389 143 382 390 145 383 391 142 384 392 142 384 393 144 385 394 141 231 395 100 386 396 99 387 397 98 388 398 107 389 399 140 390 400 99 391 401 143 392 402 139 393 403 140 394 404 142 384 405 138 233 406 139 395 407 98 396 408 97 397 409 96 398 410 99 399 411 137 400 412 97 401 413 140 402 414 136 403 415 137 404 416 139 405 417 135 406 418 136 407 419 112 408 420 97 409 421 113 410 422 113 411 423 137 412 424 114 413 425 137 414 426 116 415 427 114 416 428 136 417 429 115 418 430 116 419 431 134 420 432 182 421 433 181 422 434 120 423 435 183 424 436 182 421 437 183 424 438 119 425 439 184 426 440 184 426 441 118 427 442 185 222 443 145 383 444 167 238 445 144 385 446 146 381 447 166 377 448 145 383 449 128 428 450 158 429 451 58 430 452 71 431 453 162 432 454 159 325 455 88 433 456 159 292 457 160 294 458 95 434 459 158 435 460 161 436 461 109 379 462 165 243 463 146 381 464 108 437 465 164 241 466 109 379 467 144 385 468 163 237 469 128 234 470 186 438 471 157 439 472 208 440 473 189 441 474 156 442 475 209 159 476 88 443 477 156 444 478 50 445 479 57 446 480 161 447 481 157 448 482 34 449 483 154 450 484 35 451 485 35 452 486 153 453 487 36 454 488 37 455 489 153 456 490 152 457 491 5 458 492 152 459 493 150 460 494 34 461 495 151 462 496 155 463 497 148 376 498 185 222 499 147 236 500 149 242 501 184 426 502 148 376 503 111 240 504 183 424 505 149 242 506 181 422 507 111 240 508 110 464 509 75 465 510 180 361 511 177 363 512 72 466 513 181 467 514 176 313 515 72 468 516 179 469 517 87 470 518 75 471 519 178 255 520 84 472 521 147 236 522 180 224 523 129 473 524 49 474 525 210 475 526 206 476 527 46 477 528 211 478 529 192 479 530 84 480 531 174 481 532 46 482 533 87 483 534 175 484 535 49 485 536 39 486 537 173 487 538 172 488 539 40 489 540 172 490 541 171 491 542 40 492 543 170 493 544 41 494 545 41 495 546 169 496 547 4 497 548 38 498 549 168 499 550 173 500 551 192 479 552 168 501 553 13 502 554 2 503 555 210 475 556 169 504 557 4 505 558 209 159 559 150 506 560 12 507 561 208 508 562 151 509 563 197 510 564 14 511 565 0 512 566 169 513 567 189 217 568 4 514 569 20 515 570 207 516 571 21 517 572 10 518 573 187 519 574 11 520 575 207 521 576 2 522 577 21 523 578 19 524 579 205 525 580 20 526 581 9 527 582 204 203 583 10 528 584 211 529 585 3 530 586 168 531 587 199 532 588 19 533 589 18 534 590 1 535 591 202 536 592 9 537 593 17 538 594 201 539 595 1 540 596 200 541 597 18 542 598 3 543 599 7 544 600 198 545 601 8 546 602 198 547 603 0 548 604 8 549 605 16 550 606 196 551 607 17 538 608 193 552 609 7 553 610 6 554 611 190 555 612 16 556 613 15 557 614 188 558 615 6 559 616 5 560 617 151 561 618 192 562 619 13 563 620 191 564 621 15 565 622 14 566 623 150 506 624 188 161 625 5 567 626 11 568 627 186 569 628 12 570 629 173 0 630 168 571 631 3 1 632 1 3 633 9 572 634 22 4 635 9 6 636 10 573 637 26 7 638 10 9 639 11 574 640 30 10 641 11 12 642 12 575 643 34 13 644 155 15 645 151 576 646 13 16 647 150 18 648 152 577 649 41 19 650 152 21 651 153 578 652 40 22 653 153 24 654 154 579 655 39 25 656 154 27 657 155 580 658 38 28 659 6 30 660 33 581 661 37 31 662 32 33 663 36 582 664 37 34 665 31 36 666 35 583 667 36 37 668 30 39 669 34 584 670 35 40 671 29 42 672 33 585 673 6 43 674 28 45 675 32 586 676 33 46 677 27 48 678 31 587 679 32 49 680 26 51 681 30 588 682 31 52 683 8 54 684 25 589 685 29 55 686 24 57 687 28 590 688 29 58 689 23 60 690 27 591 691 28 61 692 22 63 693 26 592 694 27 64 695 0 66 696 14 593 697 25 67 698 14 69 699 15 594 700 24 70 701 16 72 702 23 595 703 24 73 704 17 75 705 22 596 706 23 76 707 170 78 708 21 597 709 2 79 710 171 81 711 20 598 712 21 82 713 171 84 714 172 599 715 19 85 716 172 87 717 173 600 718 18 88 719 80 90 720 81 601 721 43 91 722 61 93 723 103 602 724 82 94 725 52 96 726 90 603 727 91 97 728 102 99 729 103 604 730 61 100 731 89 102 732 90 605 733 52 103 734 157 105 735 161 606 736 84 106 737 101 108 738 102 607 739 60 109 740 160 111 741 89 608 742 51 112 743 56 114 744 94 609 745 95 115 746 81 117 747 101 610 748 59 118 749 179 120 750 88 611 751 50 121 752 64 123 753 106 612 754 86 124 755 55 126 756 93 613 757 94 127 758 48 129 759 86 614 760 87 130 761 63 132 762 105 615 763 106 133 764 54 135 765 92 616 766 93 136 767 174 138 768 178 617 769 85 139 770 62 141 771 104 618 772 105 142 773 83 144 774 92 619 775 54 145 776 44 147 777 82 620 778 83 148 779 85 150 780 104 621 781 62 151 782 53 153 783 91 622 784 80 154 785 187 156 786 56 623 787 57 157 788 209 159 789 156 442 790 51 160 791 59 162 792 60 624 793 190 163 794 208 165 795 157 625 796 46 166 797 51 168 798 52 626 799 193 169 800 60 171 801 61 627 802 194 172 803 52 174 804 53 628 805 195 175 806 194 177 807 61 629 808 44 178 809 42 180 810 43 630 811 197 181 812 195 183 813 53 631 814 42 184 815 47 186 816 62 632 817 199 187 818 196 189 819 44 633 820 45 190 821 201 192 822 45 634 823 54 193 824 62 195 825 63 635 826 203 196 827 174 198 828 47 636 829 200 199 830 202 201 831 54 637 832 55 202 833 203 204 834 63 638 835 64 205 836 48 207 837 49 639 838 206 208 839 204 210 840 55 640 841 56 211 842 205 213 843 64 641 844 48 214 845 175 216 846 50 642 847 189 217 848 43 219 849 59 643 850 191 220 851 185 222 852 118 427 853 117 223 854 135 225 855 132 644 856 133 226 857 138 228 858 131 645 859 132 229 860 141 231 861 130 235 862 131 232 863 141 231 864 144 385 865 128 234 866 147 236 867 129 473 868 163 237 869 162 239 870 110 464 871 111 240 872 164 241 873 111 240 874 149 242 875 73 244 876 72 646 877 87 245 878 105 247 879 126 647 880 127 248 881 92 250 882 67 648 883 66 251 884 177 253 885 74 649 886 85 254 887 104 256 888 125 650 889 126 257 890 83 259 891 76 651 892 67 260 893 77 262 894 76 652 895 83 263 896 74 265 897 125 653 898 104 266 899 68 268 900 79 654 901 80 269 902 79 271 903 78 655 904 81 272 905 124 274 906 77 656 907 82 275 908 69 277 909 68 657 910 91 278 911 123 280 912 124 658 913 103 281 914 70 283 915 69 659 916 90 284 917 161 286 918 158 660 919 75 287 920 122 289 921 123 661 922 102 290 923 159 292 924 70 662 925 89 293 926 94 295 927 65 663 928 58 296 929 81 298 930 78 664 931 122 299 932 176 301 933 71 665 934 88 302 935 127 304 936 73 666 937 86 305 938 93 307 939 66 667 940 65 308 941 66 310 942 131 668 943 130 311 944 176 313 945 181 467 946 110 314 947 78 316 948 112 669 949 113 317 950 121 319 951 120 670 952 73 320 953 130 322 954 128 671 955 58 323 956 159 325 957 162 432 958 108 326 959 122 328 960 113 672 961 114 329 962 163 331 963 129 673 964 75 332 965 70 334 966 108 674 967 100 335 968 114 337 969 116 675 970 124 338 971 100 340 972 98 676 973 68 341 974 96 343 975 112 677 976 78 344 977 116 346 978 115 678 979 77 347 980 98 349 981 96 679 982 79 350 983 115 352 984 133 680 985 76 353 986 74 355 987 117 681 988 118 356 989 76 358 990 133 682 991 132 359 992 180 361 993 117 683 994 74 362 995 118 364 996 119 684 997 126 365 998 67 367 999 132 685 1000 131 368 1001 120 370 1002 134 686 1003 72 371 1004 126 373 1005 119 687 1006 121 374 1007 165 243 1008 149 242 1009 148 376 1010 166 377 1011 148 376 1012 147 236 1013 100 378 1014 108 437 1015 109 379 1016 107 380 1017 109 379 1018 146 381 1019 143 382 1020 146 381 1021 145 383 1022 142 384 1023 145 383 1024 144 385 1025 100 386 1026 107 688 1027 99 387 1028 107 389 1029 143 689 1030 140 390 1031 143 392 1032 142 690 1033 139 393 1034 142 384 1035 141 231 1036 138 233 1037 98 396 1038 99 691 1039 97 397 1040 99 399 1041 140 692 1042 137 400 1043 140 402 1044 139 693 1045 136 403 1046 139 405 1047 138 694 1048 135 406 1049 112 408 1050 96 695 1051 97 409 1052 113 411 1053 97 696 1054 137 412 1055 137 414 1056 136 697 1057 116 415 1058 136 417 1059 135 698 1060 115 418 1061 134 420 1062 120 423 1063 182 421 1064 120 423 1065 121 699 1066 183 424 1067 183 424 1068 121 699 1069 119 425 1070 184 426 1071 119 425 1072 118 427 1073 145 383 1074 166 377 1075 167 238 1076 146 381 1077 165 243 1078 166 377 1079 128 428 1080 163 700 1081 158 429 1082 71 431 1083 110 701 1084 162 432 1085 88 433 1086 71 702 1087 159 292 1088 95 434 1089 58 703 1090 158 435 1091 109 379 1092 164 241 1093 165 243 1094 108 437 1095 162 239 1096 164 241 1097 144 385 1098 167 238 1099 163 237 1100 186 438 1101 57 704 1102 157 439 1103 189 441 1104 50 705 1105 156 442 1106 88 443 1107 160 706 1108 156 444 1109 57 446 1110 95 707 1111 161 447 1112 34 449 1113 155 708 1114 154 450 1115 35 452 1116 154 709 1117 153 453 1118 37 455 1119 36 710 1120 153 456 1121 5 458 1122 37 711 1123 152 459 1124 34 461 1125 12 712 1126 151 462 1127 148 376 1128 184 426 1129 185 222 1130 149 242 1131 183 424 1132 184 426 1133 111 240 1134 182 421 1135 183 424 1136 181 422 1137 182 421 1138 111 240 1139 75 465 1140 129 713 1141 180 361 1142 72 466 1143 134 714 1144 181 467 1145 72 468 1146 176 715 1147 179 469 1148 75 471 1149 177 253 1150 178 255 1151 147 236 1152 185 222 1153 180 224 1154 49 474 1155 175 716 1156 210 475 1157 46 477 1158 174 717 1159 211 478 1160 84 480 1161 178 718 1162 174 481 1163 87 483 1164 179 719 1165 175 484 1166 39 486 1167 38 720 1168 173 487 1169 40 489 1170 39 721 1171 172 490 1172 40 492 1173 171 722 1174 170 493 1175 41 495 1176 170 723 1177 169 496 1178 38 498 1179 13 724 1180 168 499 1181 192 479 1182 211 478 1183 168 501 1184 2 503 1185 206 476 1186 210 475 1187 4 505 1188 189 441 1189 209 159 1190 12 507 1191 186 725 1192 208 508 1193 197 510 1194 191 726 1195 14 511 1196 169 513 1197 210 218 1198 189 217 1199 20 515 1200 205 727 1201 207 516 1202 10 518 1203 204 728 1204 187 519 1205 207 521 1206 206 729 1207 2 522 1208 19 524 1209 203 730 1210 205 525 1211 9 527 1212 202 201 1213 204 203 1214 211 529 1215 200 731 1216 3 530 1217 199 532 1218 203 732 1219 19 533 1220 1 535 1221 201 733 1222 202 536 1223 17 538 1224 196 551 1225 201 539 1226 200 541 1227 199 734 1228 18 542 1229 7 544 1230 195 735 1231 198 545 1232 198 547 1233 197 736 1234 0 548 1235 16 550 1236 194 737 1237 196 551 1238 193 552 1239 195 738 1240 7 553 1241 190 555 1242 194 739 1243 16 556 1244 188 558 1245 193 740 1246 6 559 1247 151 561 1248 208 741 1249 192 562 1250 191 564 1251 190 742 1252 15 565 1253 150 506 1254 209 159 1255 188 161 1256 11 568 1257 187 743 1258 186 569 1259</p>
        </triangles>
      </mesh>
    </geometry>
    <geometry id="Plane_003-mesh" name="Plane.003">
      <mesh>
        <source id="Plane_003-mesh-positions">
          <float_array id="Plane_003-mesh-positions-array" count="636">-93.38883 -12.37106 125.0494 77.74939 -6.397408 112.7386 -128.5421 27.74493 -77.76927 95.26448 62.45775 -95.94718 -131.8323 32.75102 -41.83243 -89.00048 34.60835 -6.745773 -79.45238 29.92334 29.05185 -120.6356 -7.513538 62.99346 -115.8478 -3.586407 97.27709 82.90065 9.147681 84.79622 95.08499 36.05543 52.09233 110.4468 42.65206 19.75 154.702 48.91533 -16.00944 158.3606 59.07916 -64.51657 -71.36875 -12.25824 129.8684 -34.73395 -15.00907 131.4777 -4.535264 -12.14483 137.2611 62.08039 -11.61451 117.8132 63.21294 62.43528 -92.90104 16.19689 41.35845 -92.64947 -36.64844 31.0682 -102.8437 -105.78 33.48084 -99.99911 66.58414 4.69072 85.50607 9.87946 0.8138561 102.8522 -27.17516 0.1897583 103.9615 -83.95456 -14.42963 109.6673 82.28524 34.28387 55.19702 19.88243 15.32986 70.37999 -26.26001 13.83627 69.62931 -81.46598 2.958864 67.13648 101.88 48.14384 20.23561 27.48102 33.88208 34.10725 -21.36691 33.00362 32.62267 -59.67443 31.55413 30.26779 146.8471 55.89995 -30.60562 35.43272 40.95056 -7.969448 -1.070643 43.06049 -8.731007 -64.13106 35.01346 -4.21904 112.0629 57.28636 -73.67167 54.81892 66.57366 -69.06431 -28.92918 29.72291 -69.30522 -109.9656 36.17356 -54.81306 -109.5724 -16.63023 95.58871 -85.76972 -24.75495 122.6261 56.65663 -17.45317 122.759 72.93691 -20.4566 116.5303 119.8719 18.52117 -39.1965 87.77982 20.18535 -73.44494 -104.5825 17.95368 -98.5359 -129.6297 15.88167 -77.12853 -132.5702 15.25134 -41.13686 -88.9915 16.21392 -5.98809 -77.18503 12.03566 30.20761 -111.1839 -19.31541 64.5941 80.27881 -13.01229 88.53742 92.23555 12.81609 52.9638 95.82564 15.94679 22.34125 103.8313 19.63705 -4.908463 75.58478 -23.74058 4.528164 -63.09448 -24.03738 128.601 -31.24473 -24.73758 134.0658 0.4100828 -20.51977 136.8208 47.69296 16.3396 -77.56349 15.75173 12.6512 -92.24088 -28.78071 14.06027 -102.346 78.47 -23.74058 23.00723 77.95067 -23.80151 50.26499 73.4942 -32.79889 84.63417 -79.39467 -31.86554 63.26826 -66.77144 -23.76933 31.35708 -79.88874 -23.74058 -0.8315201 -118.9452 -23.74058 -33.41992 -117.0731 -23.74058 -65.07832 -99.80637 -23.74058 -81.65277 66.0159 -23.74058 -51.00504 84.97721 -23.74058 -23.59336 60.93435 -40.9193 114.7015 47.1367 -38.79755 118.8164 -73.81989 -40.83416 111.5268 -85.74028 -35.08002 90.75647 -96.24356 -20.34483 88.39534 -72.67815 -26.9885 111.375 47.72799 -22.15965 116.0193 62.83707 -26.00544 110.4642 96.70931 9.447447 -28.27858 76.55406 10.07144 -57.24049 -83.44029 12.09832 -89.86568 -111.4546 8.677773 -67.81518 -118.7222 6.098955 -33.59157 -79.939 6.633408 -1.888119 -67.32437 4.513269 30.72886 -93.33905 -19.34966 61.36394 71.80455 -17.07963 84.25983 82.29157 3.424355 50.29784 82.29056 5.909935 23.12732 81.38613 7.152744 2.836206 -90.8362 -46.84397 95.46459 -66.33247 -46.2215 101.3145 -84.96816 -44.32509 65.86315 -58.45372 -41.38733 66.97731 -71.57672 -40.59006 31.66028 -52.09013 -28.18724 119.7081 -27.37404 -29.7817 124.607 2.616503 -26.67338 125.582 43.26911 5.773869 -65.80088 12.12579 2.8974 -79.92664 -30.32968 3.716886 -88.85326 -55.20358 -40.59009 32.29545 -85.74163 -40.59006 -3.099049 -62.96879 -40.59009 -0.5369701 -127.9173 -40.59006 -38.29011 -112.3679 -40.59009 -48.52168 -78.49741 -49.01984 117.5135 -58.85175 -48.70985 127.4905 -22.49394 -46.90389 128.3575 51.41942 -49.83315 126.095 16.19548 -45.59233 127.4478 71.8156 -40.59006 -57.27965 49.38903 -40.59006 -70.26191 23.11198 -40.59914 -86.4052 -107.25 -40.59006 -90.37505 -25.3767 -40.59006 -96.7061 -55.66044 -42.15356 121.5515 -21.70729 -39.32183 122.5083 13.77541 -35.87175 121.1546 44.69046 -23.978 -63.14396 19.0141 -24.55821 -78.37465 -25.35422 -24.32229 -87.80178 78.39569 -40.59006 2.688679 92.29123 -40.59006 -27.67875 81.0118 -40.59006 22.64357 82.18498 -40.59006 52.07826 79.89116 -44.24905 89.19232 66.32822 -51.06299 121.661 -125.8957 -40.59006 -72.47689 62.48212 -45.26395 91.45074 16.43047 -42.94392 95.42612 -23.99522 -44.04336 97.06726 67.86043 -40.59009 55.44077 18.68604 -40.78575 63.19496 -24.13387 -42.33408 64.40599 65.57061 -40.59009 25.28192 23.13885 -40.59009 30.77841 -22.16498 -40.59009 31.51066 55.46564 -40.59009 0.7405968 17.02448 -40.59009 -0.8539429 -23.48184 -40.59009 -0.6720047 47.87683 -40.59009 -32.36104 15.40313 -40.65525 -35.69972 -22.30306 -40.68677 -40.80018 -110.4164 33.67969 -24.2891 163.5511 51.8438 -40.24656 -87.15096 35.53079 -29.51677 -17.07503 35.44537 -38.53486 49.53471 63.07897 -38.98646 135.8795 58.77286 -54.61418 -110.7809 15.73263 -23.56248 112.0808 19.07657 -22.17072 79.30954 -23.74058 -9.532601 -99.41695 -23.74058 -17.12572 -99.3306 6.366182 -17.73985 88.57315 8.301445 -12.69863 -106.8295 -40.59006 -20.69458 84.17951 -40.59006 -12.49504 -87.66837 -40.59009 -24.52933 -22.83612 -40.604 -20.7357 16.26679 -40.59029 -18.27646 51.20087 -40.59009 -15.81022 138.4149 56.3663 -80.22643 -130.1872 30.24798 -59.80086 -107.8728 34.8272 -77.40608 -35.44071 30.23883 -86.20914 31.09424 54.0067 -80.91761 83.8665 64.55549 -85.99703 103.8259 19.35326 -56.32072 -131.1 15.5665 -59.13269 -118.0091 -23.74058 -49.24911 75.49654 -23.74058 -37.29919 86.64453 9.764914 -42.75684 -115.0884 7.388363 -50.70338 82.05341 -40.59006 -42.4792 -126.9065 -40.59006 -55.3835 -109.8089 -40.59007 -69.44837 -24.36996 -40.8495 -68.88022 18.96885 -40.74026 -61.12375 48.63293 -40.59007 -51.31147 129.2666 34.27619 -10.45895 103.1362 29.29943 21.04562 -88.99599 25.41113 -6.366932 -132.2013 24.00118 -41.48464 -32.98934 -19.87333 132.7717 -67.23162 -18.14781 129.2347 139.1162 38.80016 -51.85654 -78.3187 20.9795 29.62973 -2.062591 -16.3323 137.0409 -115.9098 -13.41447 63.79378 59.3685 -14.53384 120.2861 -89.57927 -18.563 123.8377 -112.7101 -10.10832 96.4329 55.34463 39.34131 -85.25496 91.52214 41.32155 -84.69606 75.34314 -13.42701 114.6345 81.58974 -1.932308 86.66682 15.5857 26.83933 -92.52658 93.66027 24.43576 52.52807 -29.71968 22.53006 -102.8699 -129.0859 21.8133 -77.4489 -105.1812 25.71726 -99.26751 137.816 35.46018 -31.20864 -110.5986 24.70616 -23.92579 -130.6436 22.90724 -59.46677 121.1204 37.85978 -68.27358</float_array>
          <technique_common>
            <accessor source="#Plane_003-mesh-positions-array" count="212" stride="3">
              <param name="X" type="float"/>
              <param name="Y" type="float"/>
              <param name="Z" type="float"/>
            </accessor>
          </technique_common>
        </source>
        <source id="Plane_003-mesh-normals">
          <float_array id="Plane_003-mesh-normals-array" count="2232">0.02669793 0.983877 -0.1768432 0.11181 0.9904449 -0.08073091 -0.0226354 0.9726912 -0.2309969 -0.1731274 0.88536 0.4314682 -0.2022242 0.8752854 0.439296 -0.1580322 0.8902128 0.427255 -0.1442372 0.7527809 0.6422746 0.01221376 0.7623015 0.6471068 -0.176628 0.7484341 0.6392567 0.02264952 0.9330987 0.3589065 0.4364321 0.8063867 0.3990837 -0.04582196 0.9371715 0.345847 0.4434211 0.7344582 0.5137596 0.1953286 0.904483 0.3791532 0.478697 0.6998474 0.5301538 0.01060318 0.9984326 0.05495595 0.06260412 0.9830119 0.1725352 -0.03090828 0.9987503 -0.03927659 -0.08011549 0.9935706 0.07999366 -0.08808583 0.9929096 0.079822 -0.1079899 0.9909786 0.07937043 0.05187225 0.9962314 -0.06951504 0.001206099 0.9897638 -0.14271 0.07221227 0.9965947 -0.03980487 -0.399059 0.9169125 -0.004848003 -0.3882589 0.921212 0.0249688 -0.4026712 0.9152206 -0.0150792 0.1335219 0.9881522 0.07567811 0.0547055 0.9962014 -0.06775122 0.1697101 0.9750485 0.1431044 -0.06717413 0.9904268 0.1205918 -0.04819983 0.9904295 0.1293298 -0.03010755 0.9900302 0.1376001 -0.08925312 0.9835166 0.1572551 -0.07936972 0.9861068 0.1459242 -0.04406684 0.9934586 0.1053474 0.009838461 0.979084 0.2032186 0.01322579 0.9794921 0.2010484 -0.02435326 0.9740699 0.224933 -0.1337274 0.9890259 0.06280785 -0.1512142 0.9828465 0.1055803 -0.1625099 0.9776312 0.1335216 -0.2382991 0.7985329 0.5527738 -0.1519604 0.8104401 0.5657692 -0.2697445 0.7925627 0.5468842 -0.1313458 0.8574756 0.4974777 -0.1323002 0.8569862 0.4980676 -0.1868495 0.8266844 0.5307354 -0.03264558 0.8910397 0.4527501 -0.03321266 0.8907683 0.4532426 -0.03620254 0.8893278 0.4558349 -0.1367624 0.9312832 0.3376504 -0.155996 0.9083325 0.3880686 -0.1684153 0.8914477 0.420663 -0.03214991 0.9836959 0.1769433 -0.04883432 0.9861593 0.1584461 -0.250073 0.9652674 -0.0756464 -0.1970202 0.9122803 0.3590652 -0.1975228 0.9118912 0.3597769 -0.1983527 0.9112464 0.360952 -0.02250701 0.9222356 0.3859727 -0.01998025 0.9232708 0.3836299 -0.004597425 0.9293129 0.3692648 -0.01832193 0.7903043 0.6124406 0.02727502 0.8553165 0.5173875 0.06815558 0.9028206 0.424582 0.1653368 0.9857649 -0.03051859 0.1787379 0.9836504 -0.02201628 0.3012941 0.9518014 0.05741304 -0.16694 0.9692249 0.1809263 -0.06057035 0.9361055 0.3464647 -0.2445056 0.9684475 0.04823642 -0.08375185 0.9145517 0.395703 -0.0773282 0.9166598 0.3921165 -0.1680558 0.8817061 0.4408535 0.08791005 0.895193 0.4369229 0.09874564 0.9071529 0.4090515 0.1063237 0.9150198 0.3891457 -0.3205619 0.941073 -0.1078041 -0.3190361 0.9380309 -0.1353299 -0.3175026 0.9347833 -0.1592872 0.04065817 0.9987966 0.02742952 0.05388158 0.997735 -0.04026955 0.05656927 0.9969282 -0.05416876 -0.2129004 0.9768611 -0.0203942 -0.2414804 0.8363716 -0.4921075 -0.2025236 0.9772213 0.06342655 -0.3597774 0.8614656 -0.3583815 -0.2036579 0.9695399 0.1360726 -0.3733925 0.8279308 -0.41846 -0.2682105 -0.9624474 -0.04193043 -0.2356169 -0.9704037 -0.05292832 -0.2861689 -0.9575102 -0.0357995 0.1849373 -0.8530635 0.4879355 0.1578773 -0.8892867 0.4292365 0.1538828 -0.8941326 0.4205318 -0.3387978 -0.569261 -0.7491049 -0.1632387 -0.6514755 -0.7409 -0.1346805 -0.6623196 -0.7370169 0.07303643 -0.8676381 0.4918028 0.07377952 -0.868264 0.4905857 0.07272613 -0.8673761 0.4923106 -0.728881 -0.662162 0.1739946 -0.6320289 -0.7534971 0.1810573 -0.7516843 -0.6367864 0.17168 0.4545468 -0.8637096 0.2176993 0.4628224 -0.8641532 0.1975719 0.4480111 -0.8630873 0.2331663 -0.09145456 -0.9299203 0.3562085 -0.1251837 -0.9079679 0.3999043 -0.07889324 -0.937211 0.3397228 -0.6033735 -0.2643553 0.7523674 -0.6077977 -0.2580654 0.7509888 -0.6014072 -0.267129 0.7529619 0.5407094 -0.8409439 -0.02113711 0.5320514 -0.8466248 -0.01216626 0.4930247 -0.8695938 0.02708083 -0.06434285 -0.9770253 0.2031787 -0.1048057 -0.9688697 0.2242929 -0.01556259 -0.9840442 0.1772424 -0.4574484 -0.8823139 -0.1107407 -0.4551522 -0.884202 -0.1049927 -0.432797 -0.9000408 -0.05112153 -0.1063122 -0.7994251 -0.5912843 -0.07310795 -0.8852409 -0.4593516 -0.06808274 -0.8958953 -0.4390177 0.661096 -0.7488263 -0.04702585 0.6226354 -0.7820628 -0.02651315 0.5951346 -0.8035308 -0.0123775 -0.1548159 -0.9356549 -0.3171467 -0.175943 -0.9307975 -0.3204061 -0.2004376 -0.9245778 -0.3240075 0.1101971 -0.7947047 -0.5969096 0.1102321 -0.7948237 -0.5967448 0.1102455 -0.7948692 -0.5966816 0.5660164 -0.7677825 -0.3002257 0.6798337 -0.6860667 -0.2591112 0.6993733 -0.6692844 -0.2508693 0.3166863 -0.9011501 -0.2960379 0.3171905 -0.9033619 -0.288665 0.3135213 -0.8877999 -0.336921 0.3268039 -0.7678298 -0.5510325 0.3296737 -0.7783672 -0.5342844 0.3313637 -0.7846577 -0.5239375 0.5123276 -0.8531764 -0.09803318 0.4918898 -0.8623835 -0.1197466 0.5202943 -0.8492951 -0.08939599 0.03239679 -0.8127853 0.5816618 0.05125379 -0.8075833 0.5875223 0.08074676 -0.7987583 0.5962091 0.1608393 -0.8554606 -0.4922581 0.2147603 -0.8048698 -0.5532293 0.1313897 -0.8792988 -0.4577885 -0.07344973 -0.9972946 0.00297141 -0.1553156 -0.9863419 0.05483341 -0.2190671 -0.9710236 0.09551358 0.7618686 -0.6000937 0.2438109 0.6270164 -0.7244156 0.2864831 0.5241661 -0.7934173 0.3094171 -0.6310029 0.04417985 0.7745215 -0.630402 0.03412842 0.7755183 -0.6323056 0.03282868 0.7740232 -0.1144779 -0.1551424 0.9812369 -0.1575888 0.1639959 0.9737923 -0.1101146 -0.18247 0.9770259 0.6759431 -0.7357668 0.04181027 0.6323236 -0.7539124 0.1782779 0.701176 -0.7094832 -0.07061028 -0.9577543 -0.004244506 0.2875569 -0.9511815 -0.08572196 0.296489 -0.9582727 0.01129883 0.2856326 -0.1502656 0.1774407 0.9725919 -0.08102703 -0.07059675 0.9942086 -0.1565134 0.2011175 0.9669827 -0.5911241 -0.1471251 -0.7930489 -0.42625 -0.41332 -0.8046599 -0.600879 -0.1271528 -0.789162 0.2368756 0.1107712 0.9652045 0.2139268 0.497833 0.8404747 0.2125841 0.5090471 0.8340739 -0.7479889 -0.437072 0.4994804 -0.7143816 -0.5182945 0.470138 -0.7517104 -0.4267339 0.5028216 -0.8008053 -0.5905361 0.09989023 -0.8747175 -0.4676838 0.1270478 -0.8864958 -0.4435593 0.1318354 0.07254421 -0.4315279 -0.899178 0.09939688 -0.3948104 -0.9133702 0.03957957 -0.4749718 -0.8791105 0.3789939 0.3168944 0.8694491 0.3318954 0.172204 0.927465 0.3213375 0.1424877 0.9361836 0.9531034 -0.2459573 0.1763492 0.9771031 -0.1084132 0.183074 0.9792854 -0.08482444 0.1838616 0.3156093 -0.3119741 -0.8961379 0.3797314 -0.1416236 -0.914192 0.282322 -0.3873833 -0.8776266 0.4340924 -0.6114335 -0.6615988 0.4558069 -0.5971997 -0.6599946 0.2856225 -0.6938638 -0.6610393 0.9565809 -0.06869477 0.2832565 0.9605607 -0.1043964 0.2577295 0.9600822 -0.1056999 0.2589784 0.2213425 -0.01926356 -0.9750059 0.2247624 -0.0319972 -0.9738882 0.2256196 -0.03521126 -0.973579 -0.6581425 -0.1054247 -0.7454758 -0.6522928 -4.02375e-5 -0.7579672 -0.6583756 -0.1207889 -0.7429345 0.9695812 -0.2085185 0.1281888 0.9035022 -0.3912954 0.1748482 0.8687003 -0.4570934 0.1908551 -0.05342948 -0.06937754 -0.9961587 -0.05170303 -0.09564357 -0.994072 -0.05157029 -0.09763777 -0.993885 -0.9948197 0.05238676 -0.08711743 -0.9951046 0.0431931 -0.08888971 -0.9942991 0.05773848 -0.08964228 -0.2204167 -0.3074494 0.9256843 -0.2345555 -0.2746077 0.9325097 -0.2173125 -0.3145167 0.9240426 0.004315793 -0.9999907 3.4896e-4 2.64524e-7 -1 -4.03453e-7 4.72858e-7 -1 -4.69269e-7 -0.003014385 -0.9821369 -0.1881439 -0.09391325 -0.9798756 -0.1761373 -0.1313315 -0.976526 -0.1707305 -0.007002174 -0.9944151 -0.1053071 0.02707862 -0.9927306 -0.1172726 0.04192322 -0.9915901 -0.1224402 7.5097e-7 -1 -2.08927e-7 1.54131e-6 -1 0 -1.8956e-4 -1 3.43731e-4 1.07391e-6 -1 0 1.46041e-6 -1 0 6.16664e-4 -0.9999998 3.21562e-4 6.65026e-7 -1 1.82488e-7 1.91841e-6 -1 7.00047e-7 -9.46575e-7 -1 9.87678e-7 -0.001424968 -0.9999971 0.001961648 -7.48409e-5 -1 -3.51235e-4 -1.27167e-4 -0.9999895 0.004599034 4.63853e-6 -0.9999973 0.002346277 -0.6597375 0.08181422 -0.7470294 -0.6490269 0.08928191 -0.7555084 -0.6229843 0.1069138 -0.7748936 0.2071049 -0.002127707 -0.9783165 0.2064877 -0.001240074 -0.9784484 0.2057554 -1.8717e-4 -0.9786035 0.9845169 0.01880282 0.1742784 0.9766306 -0.09121859 0.1946074 0.9664633 -0.1543408 0.2052505 0.771955 -0.3423375 -0.5356217 0.7689262 -0.3424572 -0.5398848 0.7676126 -0.3449394 -0.5401738 0.4629024 -0.002711296 -0.8864051 0.456346 0.003936231 -0.8897938 0.4086201 0.05100631 -0.9112782 0.9261258 0.02077931 0.3766421 0.928642 0.0769149 0.3629162 0.9286938 0.1082712 0.3546906 0.342957 0.1809057 0.9217665 0.3447638 0.1785483 0.9215523 0.3730353 0.1409125 0.9170542 0.3811836 -0.1624676 -0.9101117 0.3643605 -0.1774777 -0.9141899 0.2716363 -0.25576 -0.9277935 -0.704465 -0.692652 -0.1547974 -0.7336316 -0.6514975 -0.1932244 -0.6572807 -0.7472295 -0.09813416 -0.752901 -0.2900178 0.5907875 -0.8281729 -0.07752948 0.5550846 -0.695213 -0.3998337 0.5973374 0.1983275 -0.1271126 0.9718583 0.1125054 0.09195756 0.9893869 0.2218117 -0.1911367 0.9561728 -0.7472432 -0.2090857 -0.6308017 -0.6896619 -0.4830543 -0.5394675 -0.7505292 -0.02933692 -0.6601859 0.00728929 -0.2493394 0.9683888 0.05749118 -0.3387647 0.939113 -0.008921742 -0.2198892 0.9754841 -0.929708 0.002043724 0.3682919 -0.9289935 -2.89259e-4 0.370096 -0.9323789 0.01102566 0.3613144 0.8762604 -0.2403358 0.41762 0.8938879 -0.230957 0.3842177 0.8666686 -0.245022 0.4345686 -0.1377806 0.07103097 0.9879125 -0.04821759 -0.1342027 0.9897802 -0.1806501 0.1739529 0.9680424 -0.6372085 0.01755982 0.7704914 -0.6363091 0.02119004 0.7711433 -0.6329474 0.01760369 0.7739946 0.9820485 -0.1665359 -0.08858031 0.9819558 -0.1491519 -0.1162601 0.9807712 -0.1871974 -0.05518144 -0.4345132 0.1120972 0.8936625 -0.401764 0.1548188 0.9025613 -0.3561351 0.2111862 0.9102572 -0.9937841 0.03217428 -0.1065744 -0.9853557 0.06016939 -0.1595423 -0.9761186 0.0821914 -0.2010902 -0.02518868 -0.09655845 -0.9950086 -0.06145846 -0.1539031 -0.9861728 0.01351392 -0.03507572 -0.9992934 0.9898978 -0.1417613 0.002490937 0.9897512 -0.1427599 0.003505408 0.9917384 -0.1277408 -0.01172256 0.9774003 0.210485 -0.01961487 0.9832869 0.1820557 -0.001682758 0.9886915 0.1487338 0.01916968 -0.8751978 0.4809892 -0.05175346 -0.8751977 0.4809892 -0.05175334 -0.8751978 0.4809889 -0.05175352 -0.3311804 0.6852882 0.6486138 -0.3110537 0.7036772 0.6388146 -0.2965711 0.7164044 0.6315143 -0.06837093 0.4795646 -0.874839 -0.06767326 0.4816641 -0.8737392 -0.06853067 0.4790832 -0.8750902 0.9765087 0.1629953 -0.1409375 0.976438 0.1651194 -0.1389408 0.9767552 0.1506373 -0.1525053 -0.6361598 0.1183748 0.7624226 -0.6361598 0.118375 0.7624226 -0.6361599 0.1183752 0.7624225 -0.05453222 0.6743335 0.7364106 -0.06998366 0.6251388 0.7773699 -0.07335036 0.6139249 0.785949 0.8784849 0.2331063 0.4170442 0.8836709 0.2275978 0.4090539 0.9090648 0.19832 0.3664293 -0.893794 0.261574 0.3642957 -0.8937137 0.2617502 0.3643661 -0.8936607 0.2618666 0.3644127 -0.02291399 0.5982787 0.8009605 -0.003232657 0.5541216 0.8324294 -0.02941209 0.6124569 0.7899567 -0.9133426 0.2737263 -0.3014617 -0.8974357 0.3149411 -0.3089036 -0.9191527 0.2572019 -0.2983377 -0.6683033 0.5481315 0.5029143 -0.643146 0.6200309 0.4493607 -0.6796389 0.5066921 0.5304282 0.1052973 0.562359 0.8201616 0.1015532 0.5717402 0.8141255 0.1066533 0.5589329 0.8223254 -0.9163371 0.3652492 -0.1640715 -0.9241334 0.3479248 -0.157879 -0.9125123 0.3734132 -0.166985 0.2910244 0.6203206 0.7283593 0.2879067 0.6226698 0.7275934 0.3116006 0.6044798 0.7331503 0.4440887 0.4483497 -0.7757371 0.4417113 0.4506943 -0.7757358 0.4364727 0.4558258 -0.7757025 0.6675537 0.6178922 0.4154294 0.6887658 0.5790286 0.4362657 0.6957647 0.5651711 0.4432756 0.7370811 0.4435743 -0.5098562 0.7370815 0.4435742 -0.5098557 0.7370811 0.4435742 -0.5098562 0.450044 0.4677292 -0.7607167 0.4531325 0.4776496 -0.7526764 0.446366 0.4561268 -0.7698738 0.8800751 0.457996 0.1253293 0.9325472 0.3168369 0.1731185 0.9467672 0.2593817 0.1906646 -0.5728105 0.5619563 -0.5967357 -0.5728105 0.5619563 -0.5967355 -0.5728104 0.561956 -0.596736 0.1833652 0.4758586 -0.8601952 0.1849304 0.4729651 -0.861455 0.1856705 0.4715932 -0.8620477 0.001277744 -0.9999936 0.003366708 3.63936e-4 -0.9999987 0.001619637 -1.29479e-6 -1 3.37108e-7 -6.94855e-5 -1 1.22467e-4 -5.9557e-7 -1 0 5.53084e-5 -1 3.03429e-4 0 -1 0 9.47645e-7 -1 4.97897e-6 -4.3049e-5 -1 8.10475e-5 4.17585e-7 -1 0 0.043787 -0.998287 -0.03880602 0.08185887 -0.9952399 -0.05288386 0.1125624 -0.9915679 -0.06420964 -0.0156781 -0.9991126 -0.03909397 -0.01577949 -0.9991148 -0.03899598 -0.02949309 -0.9992337 -0.02573347 0.02040457 -0.9992641 -0.03247886 0.01369458 -0.9996223 -0.02382975 0.0346527 -0.9981054 -0.05084204 0.003094136 -0.9999795 -0.005610525 0.08651363 -0.9913685 -0.09850901 0.07561951 -0.9928036 -0.09285908 0.04348409 -0.9961481 -0.07614535 0.008465528 -0.9951956 -0.09754014 0.002737224 -0.9958438 -0.09103739 0.03784739 -0.9906875 -0.1307896 0.0289669 -0.9979254 -0.05749785 0.03043937 -0.9977688 -0.05942028 0.02502548 -0.9983152 -0.05235135 -0.04016071 -0.9946298 -0.09538805 -0.03123408 -0.9935452 -0.1090524 -0.05626958 -0.9959148 -0.07062309 0.06598609 -0.9903914 -0.1215351 0.06401693 -0.9903392 -0.1230049 0.07422327 -0.990545 -0.1153758 0.04490065 -0.9938725 -0.1010022 0.04707473 -0.9940196 -0.09853392 0.05161488 -0.9942923 -0.09337407 0.02812361 -0.9957258 -0.08797287 0.02703648 -0.9958812 -0.08654254 0.0315625 -0.9952127 -0.09249627 -0.09340763 -0.9888973 -0.1155735 -0.08632183 -0.9885725 -0.1235846 -0.1222534 -0.9890476 -0.0826981 -4.40236e-7 -1 -1.93545e-7 -0.001349687 -0.9999932 -0.003439724 -1.12062e-6 -1 -2.7273e-7 -9.33479e-4 -0.9999986 0.00144881 -2.47764e-4 -0.9999924 0.003911316 0.003881514 -0.9999861 -0.003580689 0.00298953 -0.9999956 -1.58276e-4 7.1058e-4 -0.9999998 1.74012e-4 0.9358195 0.1722856 0.3075057 0.939641 0.166037 0.2991765 0.9581813 0.1321385 0.2538266 -0.6361599 0.1183747 0.7624225 -0.6361598 0.1183747 0.7624225 -0.6363922 0.01385563 0.7712412 0.9096977 -0.2056026 0.3608014 0.9376606 -0.1816574 0.2962993 0.8916832 -0.218629 0.3963615 -1.0746e-6 -1 1.08858e-6 0.5584189 -0.8001313 0.2189942 0.542182 -0.8031986 0.2468011 0.57401 -0.796244 0.191071 -0.6294981 0.05602675 0.7749796 -0.6290633 0.04547089 0.7760231 -0.5997143 -0.2843344 0.7479952 -0.6036353 -0.2796544 0.7466042 -0.5975669 -0.286881 0.7487411 0.4992173 -0.8338441 0.2355554 0.5130109 -0.8329794 0.2072806 0.4869145 -0.8339263 0.2597716 0.05305874 0.9743775 0.2185709 0.0170629 0.8485886 0.5287781 0.009634375 0.8119497 0.5836481 -0.2564417 0.927038 0.2735658 -0.1617851 0.9816311 0.1011241 0.0612086 0.9586814 -0.2778192 -0.0323022 0.9989747 -0.03172135 -0.1011921 0.9868121 -0.1263407 0.0034464 0.9998443 0.01731038 -0.03965318 0.9985198 0.037229 -0.05140095 0.9980199 0.03625446 -0.07154506 0.9968382 0.03457027 0.3016278 0.9452042 0.1249389 0.2939495 0.9494897 0.1098322 0.2396175 0.9708442 0.006711065 -1.12147e-6 -1 5.7747e-7 0.7370808 0.4435743 -0.5098567 -0.8751977 0.4809892 -0.0517534 -0.8751977 0.4809893 -0.05175328 -0.9887107 0.1100132 -0.101727 -0.9783824 0.1348019 -0.156833 -0.9691475 0.1515533 -0.1943832 0.770578 -0.3448919 -0.5359656 0.7664216 -0.3472225 -0.5404022 5.16467e-7 -1 0 -0.992904 0.07936066 -0.08856451 -0.9939172 0.06348484 -0.08999139 -0.9921115 0.08603399 -0.09117531 0.4698497 -0.7441961 -0.4747774 0.4711774 -0.744602 -0.4728212 0.4706655 -0.7439014 -0.4744309 0.2810521 -0.9250695 -0.255453 0.2693554 -0.9274831 -0.259274 0.2387166 -0.9330804 -0.2690267 -0.3692381 -0.9236512 -0.1026241 -0.3650084 -0.9265721 -0.09073638 -0.3481582 -0.9363628 -0.04484283 -0.1527807 0.9158766 -0.3712521 0.1044123 0.9926738 0.06080204 -0.2162601 0.8542197 -0.4728005 -0.3501152 0.9276238 0.1301297 -0.3938375 0.9093467 -0.1340917 -0.3433384 0.9253963 0.1605008 0.06513917 0.9978579 -0.006045281 0.06911301 0.9965669 -0.04558402 0.06983649 0.9961552 -0.05289363 -0.254983 0.9609147 -0.1078271 -0.2500363 0.9599122 -0.1266906 -0.2422488 0.9576582 -0.155584 0.09319829 0.9665328 0.2390154 0.01044839 0.995163 -0.09768122 0.1094202 0.9453307 0.3072084 0.4719335 -0.7443081 -0.4725296 0.4730982 -0.7437639 -0.4722219 -0.9925123 0.07913219 -0.09304535 -0.9934449 0.05726766 -0.0989331 -0.6315013 0.05476516 0.7734385 -0.6329171 0.04285556 0.7730326 0.5446305 -0.8287599 0.1285881 0.5361189 -0.8322592 0.1411426 0.5600799 -0.8217317 0.1052021 -0.205145 -0.2989116 0.9319697 -0.219241 -0.2649352 0.9390116 -0.2020106 -0.3063172 0.9302482 -0.9944312 0.05223244 -0.09153443 -0.9946157 0.03810411 -0.09637266 -0.04896676 -0.03985321 -0.998005 -0.04465693 -0.09283179 -0.9946799 -0.04430216 -0.09711301 -0.994287 0.9408231 -0.1846689 0.2841644 0.8736824 -0.3762254 0.3084374 0.8454433 -0.4324749 0.3133547 -0.6783331 -0.1052656 -0.7271749 -0.6769994 0.003406822 -0.7359758 -0.6778679 -0.1206224 -0.725221 0.2155936 0.004284918 -0.9764738 0.1709077 0.1144257 -0.9786202 0.1623306 0.1347317 -0.9774949 0.9557179 -0.06859797 0.2861777 0.9573203 -0.107317 0.2683675 0.2409113 -0.6026582 -0.760766 0.2965782 -0.5592125 -0.7741594 0.1789947 -0.6463486 -0.7417509 0.1616776 -0.3039596 -0.9388659 0.1796191 -0.1011381 -0.9785235 0.1554813 -0.3578222 -0.9207546 0.9574555 -0.2727306 0.09432375 0.9852357 -0.1168701 0.1251088 0.9870686 -0.09498339 0.1291271 0.2578032 0.4419114 0.8592159 0.2544713 0.2043058 0.9452531 0.251657 0.1707749 0.9526304 -0.03686618 -0.4045331 -0.91378 -0.0108456 -0.3747987 -0.9270429 -0.0838555 -0.4566238 -0.8856992 -0.7976826 -0.5857294 0.1436092 -0.8679744 -0.4667878 0.1694985 -0.8784713 -0.4451154 0.173668 -0.7599442 -0.4401339 0.4782963 -0.7258804 -0.5211471 0.4488914 -0.7637295 -0.4297797 0.4816708 0.2590675 0.1210609 0.9582423 0.2498238 0.469708 0.8467364 -0.5524184 -0.1414676 -0.8214749 -0.391233 -0.3932341 -0.8320478 -0.561511 -0.1240358 -0.8181202 -0.1958655 0.1590209 0.9676514 -0.1291797 -0.09762704 0.9868037 -0.2016676 0.1836141 0.9620895 -0.9653639 -0.005702495 0.2608447 -0.9589357 -0.08806616 0.2696051 -0.9658378 0.01019775 0.2589468 0.5474189 -0.7962375 -0.2575624 0.5346553 -0.8201074 -0.203882 0.564194 -0.7503958 -0.3443709 -0.056822 -0.1199579 0.9911515 -0.08628815 0.1952781 0.9769446 -0.05424511 -0.1444081 0.9880303 -0.6341988 0.031511 0.7725276 0.7051136 -0.4350962 0.5599163 0.5527009 -0.6480297 0.5240032 0.5099956 -0.6928151 0.5098155 0.1519168 0.9878004 -0.03423058 -0.2181779 0.8693536 0.4434219 0.05122077 0.7617577 0.6458341 0.5109671 0.7618653 0.3980878 0.1573655 0.921108 0.3560847 0.1031509 0.9590336 0.2638456 -0.06109625 0.99489 0.08038216 -0.0213027 0.9843631 -0.1748586 -0.3826531 0.923025 0.04001843 0.02895706 0.9930987 -0.1136507 -0.08842998 0.9899093 0.1107245 -0.1115689 0.9768007 0.1827918 0.05316865 0.9830964 0.1751989 -0.1246987 0.9913495 0.04094463 -0.1022697 0.8144099 0.5712071 -0.06148439 0.88958 0.4526226 -0.02973181 0.892425 0.4502152 -0.1241959 0.9443012 0.304747 0.1612168 0.9101787 0.3815547 -0.1960486 0.9130298 0.3576893 -0.03614795 0.9164388 0.3985391 -0.05516719 0.728552 0.6827655 0.02114671 0.9925652 -0.1198644 0.04365855 0.8693833 0.4922058 -0.005280852 0.9365481 0.3504995 0.07955384 0.8854102 0.457952 -0.3215937 0.9429659 -0.08598214 0.03677493 0.998213 0.04709994 -0.2407186 0.7971395 -0.5537358 -0.1712108 0.9610282 0.2170526 -0.2170467 -0.9743692 -0.05912125 0.1905141 -0.844827 0.4999719 -0.3778413 -0.5470508 -0.7469748 0.07408386 -0.8685197 0.4900867 -0.6024239 -0.7770373 0.1824793 0.4692527 -0.8642138 0.1814846 -0.1411229 -0.8963636 0.4202579 -0.6098451 -0.2551314 0.7503314 0.5911086 -0.8030477 -0.07553321 -0.1572493 -0.9551 0.2511107 -0.4788666 -0.8619274 -0.1666375 -0.1117964 -0.7824228 -0.6126306 0.6943894 -0.7166049 -0.06558126 -0.131901 -0.9403986 -0.313453 0.1101819 -0.7946528 -0.5969815 0.5340148 -0.7865945 -0.3099961 0.3199106 -0.9159517 -0.2422599 0.3249382 -0.7610676 -0.561419 0.481715 -0.8665825 -0.1303286 0.001221835 -0.8206353 0.5714511 0.2512516 -0.7651529 -0.5928016 -0.008746981 -0.9992498 -0.03772789 0.8683812 -0.4566835 0.1932735 -0.1614604 0.1992306 0.9665598 0.584506 -0.7569627 0.2921651 -0.9492155 -0.1010655 0.2979528 -0.07364642 -0.09568119 0.9926839 -0.4087443 -0.4360816 -0.8017238 0.2369998 0.08908182 0.967417 -0.709834 -0.5279572 0.4662584 -0.7832656 -0.614545 0.09396588 0.1290631 -0.3528253 -0.9267454 0.3904961 0.356302 0.8488591 0.9450737 -0.2764771 0.1743455 0.4187783 -0.01338386 -0.90799 0.6423307 -0.4456514 -0.6235433 0.9594814 -0.0673294 0.2736099 0.2207453 -0.01705408 -0.9751825 -0.6504884 0.01863026 -0.7592877 0.9876672 -0.1172071 0.1038081 -0.0535472 -0.06756418 -0.996277 -0.9959843 0.03878641 -0.08069092 -0.2376054 -0.2673788 0.9338375 0.03222185 -0.980793 -0.1923719 -0.02335816 -0.9947619 -0.09951466 -0.6912899 0.05900973 -0.720164 0.2078178 -0.003153502 -0.9781625 0.9817157 0.1092364 0.1558904 0.773498 -0.3397458 -0.5350456 0.510352 -0.05227369 -0.8583754 0.9235463 -0.008899986 0.3833837 0.3099303 0.2230467 0.9242258 0.4944274 -0.05385351 -0.8675491 -0.770052 -0.5884059 -0.2465737 -0.8555386 0.07616204 0.5121067 0.08314955 0.1623389 0.9832255 -0.5783445 -0.7064329 -0.4080076 0.07064056 -0.3617394 0.9295992 -0.9260173 -0.009722352 0.377356 0.9036491 -0.2252619 0.3642463 -0.009138822 -0.2200124 0.9754543 -0.6404538 0.02564102 0.7675686 0.9801951 -0.1256809 -0.1530424 -0.4799653 0.04917812 0.875908 -0.9982309 0.007119536 -0.05902886 -0.08231097 -0.1867509 -0.9789531 0.9873551 -0.1574465 0.01845973 0.9698927 0.2404453 -0.03865724 -0.3428159 0.6742732 0.6540894 -0.06754887 0.482038 -0.8735426 0.9759008 0.1767725 -0.1279415 -0.05133002 0.6840738 0.7276046 0.8518248 0.2594201 0.4550778 -0.8938425 0.2614678 0.3642532 0.001303672 0.5436859 0.8392878 -0.8897921 0.3330458 -0.3120104 -0.6252413 0.6608762 0.4151097 0.10038 0.5746563 0.8122155 -0.9276372 0.3398119 -0.1549745 0.2674306 0.6377714 0.7223078 0.4490427 0.4434322 -0.7757118 0.6599157 0.6308718 0.4080591 0.7370813 0.4435745 -0.5098558 0.4565399 0.4887983 -0.7434027 0.8502154 0.5161733 0.1034355 -0.5728106 0.5619565 -0.5967353 0.1827174 0.4770533 -0.8596712 8.86917e-4 -0.9997375 -0.02289807 -0.001259326 -0.9985929 -0.05301707 -9.77728e-5 -0.9999818 -0.006049275 0.1141024 -0.9870467 -0.1127804 -0.0314387 -0.9981468 -0.05210304 0.03424197 -0.9973376 -0.06438434 -0.01673722 -0.9912208 -0.131154 0.05595129 -0.9900631 -0.1290142 0.0404793 -0.9935401 -0.1060168 0.02375859 -0.9963303 -0.08222889 -0.06266868 -0.986676 -0.1501438 0.002624452 -0.9999429 -0.01035875 0.9150046 0.2031813 0.3485456 -0.63616 0.1183746 0.7624225 -0.6406373 0.00920397 0.7677886 0.953376 -0.1651993 0.2525537 0.5239918 -0.8055693 0.2765699 -0.6275374 0.05732166 0.7764735 -0.6058434 -0.2770016 0.7458043 0.5250886 -0.8314807 0.181444 0.06566166 0.993871 0.08893287 -0.3419947 0.831519 0.4377397 -0.136965 0.9748973 -0.1755449 -0.02021908 0.9990413 0.03882879 0.3574663 0.9026736 0.2395794 0.737081 0.443574 -0.5098566 -0.8751977 0.4809895 -0.05175322 -0.994157 0.0905317 -0.05878788 -0.995071 0.05821853 -0.08027613 0.4685186 -0.7447595 -0.4752091 0.3198016 -0.9159529 -0.2423987 -0.3857025 -0.9102662 -0.1504963 0.1715743 0.9687985 0.1788621 -0.3969687 0.9032302 -0.1630678 0.06392544 0.9979376 0.005832612 -0.2616944 0.9616994 -0.08155035 -0.006028115 0.9866527 -0.1627272 0.5188602 -0.8386008 0.1659308 -0.2223253 -0.2573502 0.9403948 -0.04920524 -0.03686767 -0.9981081 0.9565023 -0.1071048 0.2713518 -0.6759533 0.02218711 -0.7366104 0.224139 -0.01768231 -0.9743968 0.379804 -0.4861817 -0.7870047 0.1847801 -0.01609534 -0.9826481 0.9494671 -0.3011985 0.08827155 0.03234446 -0.3240562 -0.9454848 -0.7821104 -0.6076173 0.13822 -0.72125 -0.5308235 0.4449999 0.2589554 0.1024093 0.960445 -0.3756582 -0.413349 -0.829472 -0.1217859 -0.1236963 0.9848185 -0.9569477 -0.1037849 0.2710718 0.5071207 -0.8552805 -0.1064144 -0.08879768 0.2262068 0.9700235 0.7465569 -0.3540845 0.5632734</float_array>
          <technique_common>
            <accessor source="#Plane_003-mesh-normals-array" count="744" stride="3">
              <param name="X" type="float"/>
              <param name="Y" type="float"/>
              <param name="Z" type="float"/>
            </accessor>
          </technique_common>
        </source>
        <source id="Plane_003-mesh-map-0">
          <float_array id="Plane_003-mesh-map-0-array" count="2520">0.503 0.5816813 0.505 0.5825147 0.503 0.5825147 0.505 0.5725147 0.503 0.5741813 0.503 0.5725147 0.505 0.5741813 0.503 0.575848 0.503 0.5741813 0.505 0.575848 0.503 0.5775147 0.503 0.575848 0.505 0.5775147 0.503 0.5791813 0.503 0.5775147 0.503 0.5800146 0.505 0.580848 0.503 0.580848 0.4950001 0.5800147 0.497 0.580848 0.495 0.580848 0.4969999 0.5800146 0.499 0.580848 0.497 0.580848 0.499 0.5800146 0.5010001 0.580848 0.499 0.580848 0.5010001 0.5800147 0.503 0.580848 0.5010001 0.580848 0.495 0.5775147 0.497 0.5791813 0.495 0.5791813 0.499 0.5775147 0.497 0.5791813 0.497 0.5775147 0.5010001 0.5775147 0.499 0.5791813 0.499 0.5775147 0.503 0.5775147 0.5010001 0.5791813 0.5010001 0.5775147 0.497 0.575848 0.495 0.5775147 0.495 0.575848 0.499 0.575848 0.497 0.5775147 0.497 0.575848 0.5010001 0.575848 0.499 0.5775147 0.499 0.575848 0.503 0.575848 0.5010001 0.5775147 0.5010001 0.575848 0.495 0.5741813 0.497 0.575848 0.495 0.575848 0.499 0.5741813 0.497 0.575848 0.497 0.5741813 0.5010001 0.5741813 0.499 0.575848 0.499 0.5741813 0.503 0.5741813 0.5010001 0.575848 0.5010001 0.5741813 0.495 0.5725147 0.497 0.5741813 0.495 0.5741813 0.497 0.5725147 0.499 0.5741813 0.497 0.5741813 0.501 0.5725147 0.499 0.5741813 0.499 0.5725147 0.503 0.5725147 0.5010001 0.5741813 0.501 0.5725147 0.497 0.5816813 0.495 0.5825147 0.4950001 0.5816814 0.499 0.5816813 0.497 0.5825147 0.497 0.5816813 0.499 0.5816813 0.5010001 0.5825147 0.499 0.5825147 0.501 0.5816813 0.503 0.5825147 0.5010001 0.5825147 0.5343725 0.8534802 0.5343725 0.8518135 0.5343725 0.8534802 0.5403725 0.8518135 0.5423725 0.8518135 0.5423725 0.8518135 0.495 0.5775147 0.495 0.575848 0.495 0.575848 0.5383725 0.8518135 0.5403725 0.8518135 0.5383725 0.8518135 0.495 0.5791813 0.495 0.5775147 0.495 0.5791813 0.5443725 0.8593136 0.5443725 0.8601468 0.5443725 0.8601468 0.5363726 0.8518135 0.5383725 0.8518135 0.5363726 0.8518135 0.495 0.5800147 0.495 0.5791813 0.495 0.5800146 0.5443725 0.8568135 0.5443725 0.8584802 0.5443725 0.8584802 0.5343725 0.8518135 0.5363726 0.8518135 0.5343725 0.8518135 0.495 0.5816814 0.495 0.580848 0.495 0.5816813 0.5383725 0.8618135 0.5363726 0.8618135 0.5363726 0.8618135 0.5443725 0.8551468 0.5443725 0.8568135 0.5443725 0.8568135 0.5363726 0.8618135 0.5343725 0.8618135 0.5343725 0.8618135 0.5403726 0.8618135 0.5383725 0.8618135 0.5383725 0.8618135 0.505 0.5741813 0.505 0.575848 0.505 0.575848 0.5443724 0.8609801 0.5443725 0.8618135 0.5443725 0.8618135 0.5423725 0.8618135 0.5403726 0.8618135 0.5403726 0.8618135 0.505 0.5725147 0.505 0.5741813 0.505 0.5725147 0.503 0.5725147 0.505 0.5725147 0.505 0.5725147 0.5443725 0.8618135 0.5423725 0.8618135 0.5443725 0.8618135 0.5343725 0.8551468 0.5343725 0.8534802 0.5343725 0.8534802 0.5443725 0.8568135 0.5443725 0.8584802 0.5443725 0.8584802 0.495 0.5800147 0.495 0.5791813 0.495 0.5791813 0.497 0.5725147 0.499 0.5725147 0.497 0.5725147 0.5443725 0.8593136 0.5443725 0.8601468 0.5443725 0.8601468 0.495 0.5791813 0.495 0.5775146 0.495 0.5791813 0.499 0.5725147 0.5010001 0.5725147 0.499 0.5725147 0.495 0.5775147 0.495 0.575848 0.495 0.5775146 0.5010001 0.5725147 0.503 0.5725147 0.503 0.5725147 0.495 0.5741813 0.495 0.5725147 0.495 0.5741813 0.495 0.575848 0.495 0.5741813 0.495 0.5741813 0.5443725 0.8618135 0.5423725 0.8618134 0.5443725 0.8618135 0.503 0.5725147 0.505 0.5725147 0.505 0.5725147 0.505 0.5725147 0.505 0.5741813 0.505 0.5741813 0.5423725 0.8618135 0.5403726 0.8618135 0.5423725 0.8618134 0.5443724 0.8609801 0.5443725 0.8618135 0.5443724 0.86098 0.505 0.5741813 0.505 0.575848 0.505 0.575848 0.5403726 0.8618135 0.5383725 0.8618135 0.5383725 0.8618134 0.5363726 0.8618135 0.5343725 0.8618135 0.5363726 0.8618136 0.5443725 0.8551468 0.5443725 0.8568135 0.5443725 0.8568135 0.5383725 0.8618134 0.5363726 0.8618135 0.5363726 0.8618136 0.495 0.5816813 0.495 0.580848 0.495 0.5816813 0.495 0.5725147 0.497 0.5725147 0.495 0.5725147 0.3848824 0.8659018 0.3868824 0.8667351 0.3868823 0.8659017 0.3848824 0.8584017 0.3868824 0.8567351 0.3848824 0.8567351 0.3848823 0.8600684 0.3868824 0.8584017 0.3848824 0.8584017 0.3848824 0.8617351 0.3868824 0.8600684 0.3848823 0.8600684 0.3848824 0.8617351 0.3868824 0.8634017 0.3868824 0.8617351 0.3848824 0.8650684 0.3868823 0.8642349 0.3848823 0.864235 0.3768824 0.8642351 0.3788824 0.8650684 0.3788824 0.8642349 0.3788824 0.8642349 0.3808825 0.8650684 0.3808824 0.8642349 0.3788824 0.8667351 0.3768824 0.8667351 0.3788824 0.8667351 0.3828824 0.8667351 0.3808824 0.8667351 0.3808824 0.8667351 0.3868824 0.8584017 0.3868824 0.8600684 0.3868824 0.8600684 0.3868824 0.8659017 0.3868824 0.8667351 0.3868824 0.8659017 0.3848824 0.8667351 0.3828824 0.8667351 0.3828824 0.8667351 0.3868824 0.8567351 0.3868824 0.8584017 0.3868824 0.8584017 0.3848824 0.8567351 0.3868824 0.8567351 0.3848824 0.8567351 0.3868824 0.8667351 0.3848824 0.8667351 0.3868824 0.8667351 0.3768824 0.8600684 0.3768824 0.8584017 0.3768824 0.8600684 0.3768824 0.8584017 0.3768824 0.8567351 0.3768824 0.8584017 0.3828824 0.8567351 0.3848824 0.8567351 0.3828824 0.8567351 0.3768824 0.8617351 0.3768824 0.8600684 0.3768824 0.8617351 0.3808824 0.8567351 0.3828824 0.8567351 0.3808824 0.8567351 0.3768824 0.8634017 0.3768824 0.8617351 0.3768824 0.8634017 0.3868824 0.8642351 0.3868824 0.8650684 0.3868824 0.8650684 0.3788824 0.8567351 0.3808824 0.8567351 0.3788824 0.8567351 0.3768824 0.8642351 0.3768824 0.8634017 0.3768824 0.8642351 0.3868824 0.8617351 0.3868824 0.8634017 0.3868824 0.8634017 0.3768824 0.8567351 0.3788824 0.8567351 0.3788824 0.8567351 0.3768824 0.8659016 0.3768824 0.8650684 0.3768824 0.8659017 0.3808824 0.8667351 0.3788824 0.8667351 0.3808824 0.8667351 0.3868824 0.8600684 0.3868824 0.8617351 0.3868824 0.8617351 0.3868824 0.8600684 0.3868824 0.8617351 0.3868824 0.8617351 0.3768824 0.8659016 0.3768824 0.8650684 0.3768824 0.8650684 0.3768824 0.8567351 0.3788824 0.8567351 0.3788824 0.8567351 0.3808824 0.8667351 0.3788824 0.8667351 0.3808824 0.8667351 0.3868824 0.8617351 0.3868824 0.8634017 0.3868824 0.8617351 0.3768824 0.8642351 0.3768824 0.8634017 0.3768824 0.8634017 0.3788824 0.8567351 0.3808824 0.8567351 0.3808824 0.8567351 0.3868823 0.8642349 0.3868824 0.8650684 0.3868824 0.8642351 0.3768824 0.8634017 0.3768824 0.8617351 0.3768824 0.8617351 0.3808824 0.8567351 0.3828824 0.8567351 0.3808824 0.8567351 0.3768824 0.8617351 0.3768824 0.8600684 0.3768824 0.8617351 0.3768824 0.8584017 0.3768824 0.8567351 0.3768824 0.8584017 0.3828824 0.8567351 0.3848824 0.8567351 0.3828824 0.8567351 0.3768824 0.8600684 0.3768824 0.8584017 0.3768824 0.8600684 0.3848824 0.8567351 0.3868824 0.8567351 0.3848824 0.8567351 0.3868824 0.8667351 0.3848824 0.8667351 0.3848824 0.8667351 0.3868824 0.8567351 0.3868824 0.8584017 0.3868824 0.8584017 0.3868823 0.8659017 0.3868824 0.8667351 0.3868824 0.8659017 0.3848824 0.8667351 0.3828824 0.8667351 0.3848824 0.8667351 0.3868824 0.8584017 0.3868824 0.8600684 0.3868824 0.8600684 0.3788824 0.8667351 0.3768824 0.8667351 0.3788824 0.8667351 0.3828824 0.8667351 0.3808824 0.8667351 0.3808824 0.8667351 0.3808824 0.8642349 0.3828824 0.8650684 0.3828824 0.8642351 0.3828824 0.8642351 0.3848824 0.8650684 0.3848823 0.864235 0.3768824 0.8617351 0.3788824 0.8634017 0.3788824 0.8617351 0.3788824 0.8617351 0.3808824 0.8634017 0.3808824 0.8617351 0.3808824 0.8617351 0.3828824 0.8634017 0.3828824 0.8617351 0.3828824 0.8617351 0.3848824 0.8634017 0.3848824 0.8617351 0.3768824 0.8617351 0.3788824 0.8600684 0.3768824 0.8600684 0.3788824 0.8617351 0.3808824 0.8600684 0.3788824 0.8600684 0.3808824 0.8617351 0.3828824 0.8600684 0.3808824 0.8600684 0.3828824 0.8617351 0.3848823 0.8600684 0.3828824 0.8600684 0.3768824 0.8600684 0.3788824 0.8584017 0.3768824 0.8584017 0.3788824 0.8600684 0.3808824 0.8584017 0.3788824 0.8584017 0.3808824 0.8600684 0.3828824 0.8584017 0.3808824 0.8584017 0.3828824 0.8600684 0.3848824 0.8584017 0.3828824 0.8584017 0.3768824 0.8567351 0.3788824 0.8584017 0.3788824 0.8567351 0.3788824 0.8567351 0.3808824 0.8584017 0.3808824 0.8567351 0.3808824 0.8584017 0.3828824 0.8567351 0.3808824 0.8567351 0.3828824 0.8584017 0.3848824 0.8567351 0.3828824 0.8567351 0.3768824 0.8667351 0.3788824 0.8659018 0.3768823 0.8659017 0.3788824 0.8667351 0.3808824 0.8659017 0.3788824 0.8659018 0.3808824 0.8659017 0.3828824 0.8667351 0.3828824 0.8659017 0.3828824 0.8659017 0.3848824 0.8667351 0.3848824 0.8659018 0.3828824 0.8634017 0.3848823 0.864235 0.3848824 0.8634017 0.3808824 0.8634017 0.3828824 0.8642351 0.3828824 0.8634017 0.3868824 0.8634017 0.3868824 0.8642351 0.3868824 0.8634017 0.3768824 0.8650684 0.3768824 0.8642351 0.3768824 0.8642351 0.3768824 0.8650684 0.3768824 0.8642351 0.3768824 0.8642351 0.3868824 0.8634017 0.3868824 0.8642351 0.3868824 0.8642351 0.3788824 0.8634017 0.3808824 0.8642349 0.3808824 0.8634017 0.3768824 0.8634017 0.3788824 0.8642349 0.3788824 0.8634017 0.3848824 0.8634017 0.3868823 0.8642349 0.3868824 0.8634017 0.5443725 0.8584802 0.5443725 0.8593136 0.5443725 0.8593136 0.495 0.580848 0.495 0.5800146 0.495 0.5800147 0.495 0.580848 0.495 0.5800146 0.495 0.580848 0.5443725 0.8584802 0.5443725 0.8593135 0.5443725 0.8593136 0.503 0.5791813 0.5010001 0.5800147 0.5010001 0.5791813 0.5010001 0.5791813 0.499 0.5800146 0.499 0.5791813 0.497 0.5791813 0.499 0.5800146 0.4969999 0.5800146 0.495 0.5791813 0.4969999 0.5800146 0.4950001 0.5800147 0.503 0.5791813 0.5050001 0.5800147 0.503 0.5800146 0.3828824 0.8650684 0.3848824 0.8659018 0.3848824 0.8650684 0.3808825 0.8650684 0.3828824 0.8659017 0.3828824 0.8650684 0.3788824 0.8650684 0.3808824 0.8659017 0.3808825 0.8650684 0.3768823 0.8659017 0.3788824 0.8650684 0.3768824 0.8650684 0.3868824 0.8650684 0.3868823 0.8659017 0.3868824 0.8659017 0.3768824 0.8667351 0.3768823 0.8659017 0.3768824 0.8659016 0.3768824 0.8667351 0.3768824 0.8659017 0.3768824 0.8667351 0.3868824 0.8650684 0.3868824 0.8659017 0.3868824 0.8650684 0.3848824 0.8650684 0.3868823 0.8659017 0.3868824 0.8650684 0.495 0.5825147 0.495 0.5816813 0.495 0.5825147 0.5443725 0.8601468 0.5443724 0.86098 0.5443725 0.8601468 0.5443725 0.8601468 0.5443724 0.8609801 0.5443725 0.8601468 0.495 0.5825147 0.495 0.5816813 0.495 0.5825147 0.5010001 0.580848 0.503 0.5816813 0.501 0.5816813 0.499 0.580848 0.501 0.5816813 0.499 0.5816813 0.499 0.580848 0.497 0.5816813 0.497 0.580848 0.497 0.580848 0.4950001 0.5816814 0.495 0.580848 0.503 0.580848 0.505 0.5816813 0.503 0.5816813 0.505 0.580848 0.505 0.5816813 0.505 0.580848 0.495 0.5825147 0.495 0.5816813 0.4950001 0.5816814 0.495 0.580848 0.495 0.5800147 0.4950001 0.5800147 0.505 0.5791813 0.505 0.5800147 0.5050001 0.5800147 0.495 0.5725147 0.497 0.5725147 0.495 0.5725147 0.4950001 0.5816814 0.495 0.580848 0.495 0.580848 0.499 0.5825147 0.4970001 0.5825147 0.497 0.5825147 0.505 0.575848 0.505 0.5775147 0.505 0.5775147 0.4970001 0.5825147 0.495 0.5825147 0.497 0.5825147 0.5010001 0.5825147 0.499 0.5825146 0.499 0.5825147 0.505 0.5741813 0.505 0.575848 0.505 0.575848 0.5049999 0.5816812 0.505 0.5825147 0.505 0.5816813 0.503 0.5825146 0.5010001 0.5825147 0.503 0.5825147 0.505 0.5725147 0.505 0.5741813 0.505 0.5741813 0.503 0.5725147 0.505 0.5725147 0.505 0.5725147 0.505 0.5825147 0.503 0.5825147 0.505 0.5825147 0.495 0.575848 0.495 0.5741813 0.495 0.5741813 0.495 0.5741813 0.495 0.5725147 0.495 0.5741813 0.501 0.5725147 0.503 0.5725147 0.503 0.5725147 0.495 0.5775146 0.495 0.575848 0.495 0.5775147 0.499 0.5725147 0.501 0.5725147 0.499 0.5725147 0.495 0.5791813 0.495 0.5775147 0.495 0.5791813 0.5050001 0.5800147 0.505 0.580848 0.505 0.580848 0.497 0.5725147 0.499 0.5725147 0.497 0.5725147 0.4950001 0.5800147 0.495 0.5791813 0.495 0.5791813 0.505 0.5775147 0.505 0.5791813 0.505 0.5791813 0.503 0.5816813 0.505 0.5816813 0.505 0.5825147 0.505 0.5725147 0.505 0.5741813 0.503 0.5741813 0.505 0.5741813 0.505 0.575848 0.503 0.575848 0.505 0.575848 0.505 0.5775147 0.503 0.5775147 0.505 0.5775147 0.505 0.5791813 0.503 0.5791813 0.503 0.5800146 0.5050001 0.5800147 0.505 0.580848 0.4950001 0.5800147 0.4969999 0.5800146 0.497 0.580848 0.4969999 0.5800146 0.499 0.5800146 0.499 0.580848 0.499 0.5800146 0.5010001 0.5800147 0.5010001 0.580848 0.5010001 0.5800147 0.503 0.5800146 0.503 0.580848 0.495 0.5775147 0.497 0.5775147 0.497 0.5791813 0.499 0.5775147 0.499 0.5791813 0.497 0.5791813 0.5010001 0.5775147 0.5010001 0.5791813 0.499 0.5791813 0.503 0.5775147 0.503 0.5791813 0.5010001 0.5791813 0.497 0.575848 0.497 0.5775147 0.495 0.5775147 0.499 0.575848 0.499 0.5775147 0.497 0.5775147 0.5010001 0.575848 0.5010001 0.5775147 0.499 0.5775147 0.503 0.575848 0.503 0.5775147 0.5010001 0.5775147 0.495 0.5741813 0.497 0.5741813 0.497 0.575848 0.499 0.5741813 0.499 0.575848 0.497 0.575848 0.5010001 0.5741813 0.5010001 0.575848 0.499 0.575848 0.503 0.5741813 0.503 0.575848 0.5010001 0.575848 0.495 0.5725147 0.497 0.5725147 0.497 0.5741813 0.497 0.5725147 0.499 0.5725147 0.499 0.5741813 0.501 0.5725147 0.5010001 0.5741813 0.499 0.5741813 0.503 0.5725147 0.503 0.5741813 0.5010001 0.5741813 0.497 0.5816813 0.497 0.5825147 0.495 0.5825147 0.499 0.5816813 0.499 0.5825147 0.497 0.5825147 0.499 0.5816813 0.501 0.5816813 0.5010001 0.5825147 0.501 0.5816813 0.503 0.5816813 0.503 0.5825147 0.5343725 0.8534802 0.5343725 0.8518135 0.5343725 0.8518135 0.5403725 0.8518135 0.5403725 0.8518135 0.5423725 0.8518135 0.495 0.5775147 0.495 0.5775147 0.495 0.575848 0.5383725 0.8518135 0.5403725 0.8518135 0.5403725 0.8518135 0.495 0.5791813 0.495 0.5775147 0.495 0.5775147 0.5443725 0.8593136 0.5443725 0.8593135 0.5443725 0.8601468 0.5363726 0.8518135 0.5383725 0.8518135 0.5383725 0.8518135 0.495 0.5800147 0.495 0.5791813 0.495 0.5791813 0.5443725 0.8568135 0.5443725 0.8568135 0.5443725 0.8584802 0.5343725 0.8518135 0.5363726 0.8518135 0.5363726 0.8518135 0.495 0.5816814 0.495 0.580848 0.495 0.580848 0.5383725 0.8618135 0.5383725 0.8618135 0.5363726 0.8618135 0.5443725 0.8551468 0.5443725 0.8551468 0.5443725 0.8568135 0.5363726 0.8618135 0.5363726 0.8618135 0.5343725 0.8618135 0.5403726 0.8618135 0.5403726 0.8618135 0.5383725 0.8618135 0.505 0.5741813 0.505 0.5741813 0.505 0.575848 0.5443724 0.8609801 0.5443725 0.8609802 0.5443725 0.8618135 0.5423725 0.8618135 0.5423725 0.8618135 0.5403726 0.8618135 0.505 0.5725147 0.505 0.5741813 0.505 0.5741813 0.503 0.5725147 0.503 0.5725147 0.505 0.5725147 0.5443725 0.8618135 0.5423725 0.8618135 0.5423725 0.8618135 0.5343725 0.8551468 0.5343725 0.8551468 0.5343725 0.8534802 0.5443725 0.8568135 0.5443725 0.8568135 0.5443725 0.8584802 0.495 0.5800147 0.495 0.5800146 0.495 0.5791813 0.497 0.5725147 0.499 0.5725147 0.499 0.5725147 0.5443725 0.8593136 0.5443725 0.8593136 0.5443725 0.8601468 0.495 0.5791813 0.495 0.5775147 0.495 0.5775146 0.499 0.5725147 0.501 0.5725147 0.5010001 0.5725147 0.495 0.5775147 0.495 0.575848 0.495 0.575848 0.5010001 0.5725147 0.501 0.5725147 0.503 0.5725147 0.495 0.5741813 0.495 0.5725147 0.495 0.5725147 0.495 0.575848 0.495 0.575848 0.495 0.5741813 0.5443725 0.8618135 0.5423725 0.8618135 0.5423725 0.8618134 0.503 0.5725147 0.503 0.5725147 0.505 0.5725147 0.505 0.5725147 0.505 0.5725147 0.505 0.5741813 0.5423725 0.8618135 0.5403726 0.8618135 0.5403726 0.8618135 0.5443724 0.8609801 0.5443725 0.8618135 0.5443725 0.8618135 0.505 0.5741813 0.505 0.5741813 0.505 0.575848 0.5403726 0.8618135 0.5403726 0.8618135 0.5383725 0.8618135 0.5363726 0.8618135 0.5343725 0.8618135 0.5343725 0.8618135 0.5443725 0.8551468 0.5443725 0.8551468 0.5443725 0.8568135 0.5383725 0.8618134 0.5383725 0.8618135 0.5363726 0.8618135 0.495 0.5816813 0.495 0.580848 0.495 0.580848 0.495 0.5725147 0.497 0.5725147 0.497 0.5725147 0.3848824 0.8659018 0.3848824 0.8667351 0.3868824 0.8667351 0.3848824 0.8584017 0.3868824 0.8584017 0.3868824 0.8567351 0.3848823 0.8600684 0.3868824 0.8600684 0.3868824 0.8584017 0.3848824 0.8617351 0.3868824 0.8617351 0.3868824 0.8600684 0.3848824 0.8617351 0.3848824 0.8634017 0.3868824 0.8634017 0.3848824 0.8650684 0.3868824 0.8650684 0.3868823 0.8642349 0.3768824 0.8642351 0.3768824 0.8650684 0.3788824 0.8650684 0.3788824 0.8642349 0.3788824 0.8650684 0.3808825 0.8650684 0.3788824 0.8667351 0.3768824 0.8667351 0.3768824 0.8667351 0.3828824 0.8667351 0.3828824 0.8667351 0.3808824 0.8667351 0.3868824 0.8584017 0.3868824 0.8584017 0.3868824 0.8600684 0.3868824 0.8659017 0.3868824 0.8667351 0.3868824 0.8667351 0.3848824 0.8667351 0.3848824 0.8667351 0.3828824 0.8667351 0.3868824 0.8567351 0.3868824 0.8567351 0.3868824 0.8584017 0.3848824 0.8567351 0.3868824 0.8567351 0.3868824 0.8567351 0.3868824 0.8667351 0.3848824 0.8667351 0.3848824 0.8667351 0.3768824 0.8600684 0.3768824 0.8584017 0.3768824 0.8584017 0.3768824 0.8584017 0.3768824 0.8567351 0.3768824 0.8567351 0.3828824 0.8567351 0.3848824 0.8567351 0.3848824 0.8567351 0.3768824 0.8617351 0.3768824 0.8600684 0.3768824 0.8600684 0.3808824 0.8567351 0.3828824 0.8567351 0.3828824 0.8567351 0.3768824 0.8634017 0.3768824 0.8617351 0.3768824 0.8617351 0.3868824 0.8642351 0.3868824 0.8642351 0.3868824 0.8650684 0.3788824 0.8567351 0.3808824 0.8567351 0.3808824 0.8567351 0.3768824 0.8642351 0.3768824 0.8634017 0.3768824 0.8634017 0.3868824 0.8617351 0.3868824 0.8617351 0.3868824 0.8634017 0.3768824 0.8567351 0.3768824 0.8567351 0.3788824 0.8567351 0.3768824 0.8659016 0.3768824 0.8650684 0.3768824 0.8650684 0.3808824 0.8667351 0.3788824 0.8667351 0.3788824 0.8667351 0.3868824 0.8600684 0.3868824 0.8600684 0.3868824 0.8617351 0.3868824 0.8600684 0.3868824 0.8600684 0.3868824 0.8617351 0.3768824 0.8659016 0.3768823 0.8659017 0.3768824 0.8650684 0.3768824 0.8567351 0.3768824 0.8567351 0.3788824 0.8567351 0.3808824 0.8667351 0.3788824 0.8667351 0.3788824 0.8667351 0.3868824 0.8617351 0.3868824 0.8634017 0.3868824 0.8634017 0.3768824 0.8642351 0.3768824 0.8642351 0.3768824 0.8634017 0.3788824 0.8567351 0.3788824 0.8567351 0.3808824 0.8567351 0.3868823 0.8642349 0.3868824 0.8650684 0.3868824 0.8650684 0.3768824 0.8634017 0.3768824 0.8634017 0.3768824 0.8617351 0.3808824 0.8567351 0.3828824 0.8567351 0.3828824 0.8567351 0.3768824 0.8617351 0.3768824 0.8600684 0.3768824 0.8600684 0.3768824 0.8584017 0.3768824 0.8567351 0.3768824 0.8567351 0.3828824 0.8567351 0.3848824 0.8567351 0.3848824 0.8567351 0.3768824 0.8600684 0.3768824 0.8584017 0.3768824 0.8584017 0.3848824 0.8567351 0.3868824 0.8567351 0.3868824 0.8567351 0.3868824 0.8667351 0.3868824 0.8667351 0.3848824 0.8667351 0.3868824 0.8567351 0.3868824 0.8567351 0.3868824 0.8584017 0.3868823 0.8659017 0.3868824 0.8667351 0.3868824 0.8667351 0.3848824 0.8667351 0.3828824 0.8667351 0.3828824 0.8667351 0.3868824 0.8584017 0.3868824 0.8584017 0.3868824 0.8600684 0.3788824 0.8667351 0.3768824 0.8667351 0.3768824 0.8667351 0.3828824 0.8667351 0.3828824 0.8667351 0.3808824 0.8667351 0.3808824 0.8642349 0.3808825 0.8650684 0.3828824 0.8650684 0.3828824 0.8642351 0.3828824 0.8650684 0.3848824 0.8650684 0.3768824 0.8617351 0.3768824 0.8634017 0.3788824 0.8634017 0.3788824 0.8617351 0.3788824 0.8634017 0.3808824 0.8634017 0.3808824 0.8617351 0.3808824 0.8634017 0.3828824 0.8634017 0.3828824 0.8617351 0.3828824 0.8634017 0.3848824 0.8634017 0.3768824 0.8617351 0.3788824 0.8617351 0.3788824 0.8600684 0.3788824 0.8617351 0.3808824 0.8617351 0.3808824 0.8600684 0.3808824 0.8617351 0.3828824 0.8617351 0.3828824 0.8600684 0.3828824 0.8617351 0.3848824 0.8617351 0.3848823 0.8600684 0.3768824 0.8600684 0.3788824 0.8600684 0.3788824 0.8584017 0.3788824 0.8600684 0.3808824 0.8600684 0.3808824 0.8584017 0.3808824 0.8600684 0.3828824 0.8600684 0.3828824 0.8584017 0.3828824 0.8600684 0.3848823 0.8600684 0.3848824 0.8584017 0.3768824 0.8567351 0.3768824 0.8584017 0.3788824 0.8584017 0.3788824 0.8567351 0.3788824 0.8584017 0.3808824 0.8584017 0.3808824 0.8584017 0.3828824 0.8584017 0.3828824 0.8567351 0.3828824 0.8584017 0.3848824 0.8584017 0.3848824 0.8567351 0.3768824 0.8667351 0.3788824 0.8667351 0.3788824 0.8659018 0.3788824 0.8667351 0.3808824 0.8667351 0.3808824 0.8659017 0.3808824 0.8659017 0.3808824 0.8667351 0.3828824 0.8667351 0.3828824 0.8659017 0.3828824 0.8667351 0.3848824 0.8667351 0.3828824 0.8634017 0.3828824 0.8642351 0.3848823 0.864235 0.3808824 0.8634017 0.3808824 0.8642349 0.3828824 0.8642351 0.3868824 0.8634017 0.3868823 0.8642349 0.3868824 0.8642351 0.3768824 0.8650684 0.3768824 0.8650684 0.3768824 0.8642351 0.3768824 0.8650684 0.3768824 0.8650684 0.3768824 0.8642351 0.3868824 0.8634017 0.3868824 0.8634017 0.3868824 0.8642351 0.3788824 0.8634017 0.3788824 0.8642349 0.3808824 0.8642349 0.3768824 0.8634017 0.3768824 0.8642351 0.3788824 0.8642349 0.3848824 0.8634017 0.3848823 0.864235 0.3868823 0.8642349 0.5443725 0.8584802 0.5443725 0.8584802 0.5443725 0.8593136 0.495 0.580848 0.495 0.580848 0.495 0.5800146 0.495 0.580848 0.495 0.5800147 0.495 0.5800146 0.5443725 0.8584802 0.5443725 0.8584802 0.5443725 0.8593135 0.503 0.5791813 0.503 0.5800146 0.5010001 0.5800147 0.5010001 0.5791813 0.5010001 0.5800147 0.499 0.5800146 0.497 0.5791813 0.499 0.5791813 0.499 0.5800146 0.495 0.5791813 0.497 0.5791813 0.4969999 0.5800146 0.503 0.5791813 0.505 0.5791813 0.5050001 0.5800147 0.3828824 0.8650684 0.3828824 0.8659017 0.3848824 0.8659018 0.3808825 0.8650684 0.3808824 0.8659017 0.3828824 0.8659017 0.3788824 0.8650684 0.3788824 0.8659018 0.3808824 0.8659017 0.3768823 0.8659017 0.3788824 0.8659018 0.3788824 0.8650684 0.3868824 0.8650684 0.3868824 0.8650684 0.3868823 0.8659017 0.3768824 0.8667351 0.3768824 0.8667351 0.3768823 0.8659017 0.3768824 0.8667351 0.3768824 0.8659016 0.3768824 0.8659017 0.3868824 0.8650684 0.3868824 0.8659017 0.3868824 0.8659017 0.3848824 0.8650684 0.3848824 0.8659018 0.3868823 0.8659017 0.495 0.5825147 0.495 0.5816813 0.495 0.5816813 0.5443725 0.8601468 0.5443724 0.8609801 0.5443724 0.86098 0.5443725 0.8601468 0.5443725 0.8609802 0.5443724 0.8609801 0.495 0.5825147 0.495 0.5816814 0.495 0.5816813 0.5010001 0.580848 0.503 0.580848 0.503 0.5816813 0.499 0.580848 0.5010001 0.580848 0.501 0.5816813 0.499 0.580848 0.499 0.5816813 0.497 0.5816813 0.497 0.580848 0.497 0.5816813 0.4950001 0.5816814 0.503 0.580848 0.505 0.580848 0.505 0.5816813 0.505 0.580848 0.5049999 0.5816812 0.505 0.5816813 0.495 0.5825147 0.495 0.5825147 0.495 0.5816813 0.495 0.580848 0.495 0.580848 0.495 0.5800147 0.505 0.5791813 0.505 0.5791813 0.505 0.5800147 0.495 0.5725147 0.497 0.5725147 0.497 0.5725147 0.4950001 0.5816814 0.495 0.5816813 0.495 0.580848 0.499 0.5825147 0.499 0.5825146 0.4970001 0.5825147 0.505 0.575848 0.505 0.575848 0.505 0.5775147 0.4970001 0.5825147 0.495 0.5825147 0.495 0.5825147 0.5010001 0.5825147 0.5010001 0.5825147 0.499 0.5825146 0.505 0.5741813 0.505 0.5741813 0.505 0.575848 0.5049999 0.5816812 0.505 0.5825147 0.505 0.5825147 0.503 0.5825146 0.5010001 0.5825147 0.5010001 0.5825147 0.505 0.5725147 0.505 0.5725147 0.505 0.5741813 0.503 0.5725147 0.503 0.5725147 0.505 0.5725147 0.505 0.5825147 0.503 0.5825146 0.503 0.5825147 0.495 0.575848 0.495 0.575848 0.495 0.5741813 0.495 0.5741813 0.495 0.5725147 0.495 0.5725147 0.501 0.5725147 0.5010001 0.5725147 0.503 0.5725147 0.495 0.5775146 0.495 0.575848 0.495 0.575848 0.499 0.5725147 0.5010001 0.5725147 0.501 0.5725147 0.495 0.5791813 0.495 0.5775146 0.495 0.5775147 0.5050001 0.5800147 0.505 0.5800147 0.505 0.580848 0.497 0.5725147 0.499 0.5725147 0.499 0.5725147 0.4950001 0.5800147 0.495 0.5800147 0.495 0.5791813 0.505 0.5775147 0.505 0.5775147 0.505 0.5791813</float_array>
          <technique_common>
            <accessor source="#Plane_003-mesh-map-0-array" count="1260" stride="2">
              <param name="S" type="float"/>
              <param name="T" type="float"/>
            </accessor>
          </technique_common>
        </source>
        <vertices id="Plane_003-mesh-vertices">
          <input semantic="POSITION" source="#Plane_003-mesh-positions"/>
        </vertices>
        <triangles material="christmasIslandDual_001-material" count="184">
          <input semantic="VERTEX" source="#Plane_003-mesh-vertices" offset="0"/>
          <input semantic="NORMAL" source="#Plane_003-mesh-normals" offset="1"/>
          <input semantic="TEXCOORD" source="#Plane_003-mesh-map-0" offset="2" set="0"/>
          <p>173 0 0 3 1 1 18 2 2 1 3 3 22 4 4 17 5 5 9 6 6 26 7 7 22 8 8 10 9 9 30 10 10 26 11 11 11 12 12 34 13 13 30 14 14 155 15 15 13 16 16 38 17 17 150 18 18 41 19 19 4 20 20 152 21 21 40 22 22 41 23 23 153 24 24 39 25 25 40 26 26 154 27 27 38 28 28 39 29 29 6 30 30 37 31 31 5 32 32 32 33 33 37 34 34 33 35 35 31 36 36 36 37 37 32 38 38 30 39 39 35 40 40 31 41 41 29 42 42 6 43 43 7 44 44 28 45 45 33 46 46 29 47 47 27 48 48 32 49 49 28 50 50 26 51 51 31 52 52 27 53 53 8 54 54 29 55 55 7 56 56 24 57 57 29 58 58 25 59 59 23 60 60 28 61 61 24 62 62 22 63 63 27 64 64 23 65 65 0 66 66 25 67 67 8 68 68 14 69 69 24 70 70 25 71 71 16 72 72 24 73 73 15 74 74 17 75 75 23 76 76 16 77 77 170 78 78 2 79 79 169 80 80 171 81 81 21 82 82 170 83 83 171 84 84 19 85 85 20 86 86 172 87 87 18 88 88 19 89 89 187 156 156 57 157 157 186 158 158 209 159 159 51 160 160 188 161 161 59 162 162 190 163 163 191 164 164 208 165 165 46 166 166 192 167 167 51 168 168 193 169 169 188 170 170 60 171 171 194 172 172 190 173 173 52 174 174 195 175 175 193 176 176 194 177 177 44 178 178 196 179 179 42 180 180 197 181 181 198 182 182 195 183 183 42 184 184 198 185 185 47 186 186 199 187 187 200 188 188 196 189 189 45 190 190 201 191 191 201 192 192 54 193 193 202 194 194 62 195 195 203 196 196 199 197 197 174 198 198 200 199 199 211 200 200 202 201 201 55 202 202 204 203 203 203 204 204 64 205 205 205 206 206 48 207 207 206 208 208 207 209 209 204 210 210 56 211 211 187 212 212 205 213 213 48 214 214 207 215 215 175 216 216 189 217 217 210 218 218 43 219 219 191 220 220 197 221 221 186 438 471 157 439 472 208 440 473 189 441 474 156 442 475 209 159 476 34 449 483 154 450 484 35 451 485 35 452 486 153 453 487 36 454 488 37 455 489 153 456 490 152 457 491 5 458 492 152 459 493 150 460 494 34 461 495 151 462 496 155 463 497 49 474 525 210 475 526 206 476 527 46 477 528 211 478 529 192 479 530 39 486 537 173 487 538 172 488 539 40 489 540 172 490 541 171 491 542 40 492 543 170 493 544 41 494 545 41 495 546 169 496 547 4 497 548 38 498 549 168 499 550 173 500 551 192 479 552 168 501 553 13 502 554 2 503 555 210 475 556 169 504 557 4 505 558 209 159 559 150 506 560 12 507 561 208 508 562 151 509 563 197 510 564 14 511 565 0 512 566 169 513 567 189 217 568 4 514 569 20 515 570 207 516 571 21 517 572 10 518 573 187 519 574 11 520 575 207 521 576 2 522 577 21 523 578 19 524 579 205 525 580 20 526 581 9 527 582 204 203 583 10 528 584 211 529 585 3 530 586 168 531 587 199 532 588 19 533 589 18 534 590 1 535 591 202 536 592 9 537 593 17 538 594 201 539 595 1 540 596 200 541 597 18 542 598 3 543 599 7 544 600 198 545 601 8 546 602 198 547 603 0 548 604 8 549 605 16 550 606 196 551 607 17 538 608 193 552 609 7 553 610 6 554 611 190 555 612 16 556 613 15 557 614 188 558 615 6 559 616 5 560 617 151 561 618 192 562 619 13 563 620 191 564 621 15 565 622 14 566 623 150 506 624 188 161 625 5 567 626 11 568 627 186 569 628 12 570 629 173 0 630 168 571 631 3 1 632 1 3 633 9 572 634 22 4 635 9 6 636 10 573 637 26 7 638 10 9 639 11 574 640 30 10 641 11 12 642 12 575 643 34 13 644 155 15 645 151 576 646 13 16 647 150 18 648 152 577 649 41 19 650 152 21 651 153 578 652 40 22 653 153 24 654 154 579 655 39 25 656 154 27 657 155 580 658 38 28 659 6 30 660 33 581 661 37 31 662 32 33 663 36 582 664 37 34 665 31 36 666 35 583 667 36 37 668 30 39 669 34 584 670 35 40 671 29 42 672 33 585 673 6 43 674 28 45 675 32 586 676 33 46 677 27 48 678 31 587 679 32 49 680 26 51 681 30 588 682 31 52 683 8 54 684 25 589 685 29 55 686 24 57 687 28 590 688 29 58 689 23 60 690 27 591 691 28 61 692 22 63 693 26 592 694 27 64 695 0 66 696 14 593 697 25 67 698 14 69 699 15 594 700 24 70 701 16 72 702 23 595 703 24 73 704 17 75 705 22 596 706 23 76 707 170 78 708 21 597 709 2 79 710 171 81 711 20 598 712 21 82 713 171 84 714 172 599 715 19 85 716 172 87 717 173 600 718 18 88 719 187 156 786 56 623 787 57 157 788 209 159 789 156 442 790 51 160 791 59 162 792 60 624 793 190 163 794 208 165 795 157 625 796 46 166 797 51 168 798 52 626 799 193 169 800 60 171 801 61 627 802 194 172 803 52 174 804 53 628 805 195 175 806 194 177 807 61 629 808 44 178 809 42 180 810 43 630 811 197 181 812 195 183 813 53 631 814 42 184 815 47 186 816 62 632 817 199 187 818 196 189 819 44 633 820 45 190 821 201 192 822 45 634 823 54 193 824 62 195 825 63 635 826 203 196 827 174 198 828 47 636 829 200 199 830 202 201 831 54 637 832 55 202 833 203 204 834 63 638 835 64 205 836 48 207 837 49 639 838 206 208 839 204 210 840 55 640 841 56 211 842 205 213 843 64 641 844 48 214 845 175 216 846 50 642 847 189 217 848 43 219 849 59 643 850 191 220 851 186 438 1101 57 704 1102 157 439 1103 189 441 1104 50 705 1105 156 442 1106 34 449 1113 155 708 1114 154 450 1115 35 452 1116 154 709 1117 153 453 1118 37 455 1119 36 710 1120 153 456 1121 5 458 1122 37 711 1123 152 459 1124 34 461 1125 12 712 1126 151 462 1127 49 474 1155 175 716 1156 210 475 1157 46 477 1158 174 717 1159 211 478 1160 39 486 1167 38 720 1168 173 487 1169 40 489 1170 39 721 1171 172 490 1172 40 492 1173 171 722 1174 170 493 1175 41 495 1176 170 723 1177 169 496 1178 38 498 1179 13 724 1180 168 499 1181 192 479 1182 211 478 1183 168 501 1184 2 503 1185 206 476 1186 210 475 1187 4 505 1188 189 441 1189 209 159 1190 12 507 1191 186 725 1192 208 508 1193 197 510 1194 191 726 1195 14 511 1196 169 513 1197 210 218 1198 189 217 1199 20 515 1200 205 727 1201 207 516 1202 10 518 1203 204 728 1204 187 519 1205 207 521 1206 206 729 1207 2 522 1208 19 524 1209 203 730 1210 205 525 1211 9 527 1212 202 201 1213 204 203 1214 211 529 1215 200 731 1216 3 530 1217 199 532 1218 203 732 1219 19 533 1220 1 535 1221 201 733 1222 202 536 1223 17 538 1224 196 551 1225 201 539 1226 200 541 1227 199 734 1228 18 542 1229 7 544 1230 195 735 1231 198 545 1232 198 547 1233 197 736 1234 0 548 1235 16 550 1236 194 737 1237 196 551 1238 193 552 1239 195 738 1240 7 553 1241 190 555 1242 194 739 1243 16 556 1244 188 558 1245 193 740 1246 6 559 1247 151 561 1248 208 741 1249 192 562 1250 191 564 1251 190 742 1252 15 565 1253 150 506 1254 209 159 1255 188 161 1256 11 568 1257 187 743 1258 186 569 1259</p>
        </triangles>
        <triangles material="christmasIslandDual_002-material" count="236">
          <input semantic="VERTEX" source="#Plane_003-mesh-vertices" offset="0"/>
          <input semantic="NORMAL" source="#Plane_003-mesh-normals" offset="1"/>
          <input semantic="TEXCOORD" source="#Plane_003-mesh-map-0" offset="2" set="0"/>
          <p>80 90 90 43 91 91 42 92 92 61 93 93 82 94 94 44 95 95 52 96 96 91 97 97 53 98 98 102 99 99 61 100 100 60 101 101 89 102 102 52 103 103 51 104 104 157 105 105 84 106 106 46 107 107 101 108 108 60 109 109 59 110 110 160 111 111 51 112 112 156 113 113 56 114 114 95 115 115 57 116 116 81 117 117 59 118 118 43 119 119 179 120 120 50 121 121 175 122 122 64 123 123 86 124 124 48 125 125 55 126 126 94 127 127 56 128 128 48 129 129 87 130 130 49 131 131 63 132 132 106 133 133 64 134 134 54 135 135 93 136 136 55 137 137 174 138 138 85 139 139 47 140 140 62 141 141 105 142 142 63 143 143 83 144 144 54 145 145 45 146 146 44 147 147 83 148 148 45 149 149 85 150 150 62 151 151 47 152 152 53 153 153 80 154 154 42 155 155 185 222 222 117 223 223 180 224 224 135 225 225 133 226 226 115 227 227 138 228 228 132 229 229 135 230 230 141 231 231 131 232 232 138 233 233 141 231 234 128 234 235 130 235 236 147 236 237 163 237 238 167 238 239 162 239 240 111 240 241 164 241 242 164 241 243 149 242 244 165 243 245 73 244 246 87 245 247 86 246 248 105 247 249 127 248 250 106 249 251 92 250 252 66 251 253 93 252 254 177 253 255 85 254 256 178 255 257 104 256 258 126 257 259 105 258 260 83 259 261 67 260 262 92 261 263 77 262 264 83 263 265 82 264 266 74 265 267 104 266 268 85 267 269 68 268 270 80 269 271 91 270 272 79 271 273 81 272 274 80 273 275 124 274 276 82 275 277 103 276 278 69 277 279 91 278 280 90 279 281 123 280 282 103 281 283 102 282 284 70 283 285 90 284 286 89 285 287 161 286 288 75 287 289 84 288 290 122 289 291 102 290 292 101 291 293 159 292 294 89 293 295 160 294 296 94 295 297 58 296 298 95 297 299 81 298 300 122 299 301 101 300 302 176 301 303 88 302 304 179 303 305 127 304 306 86 305 307 106 306 308 93 307 309 65 308 310 94 309 311 66 310 312 130 311 313 65 312 314 176 313 315 110 314 316 71 315 317 78 316 318 113 317 319 122 318 320 121 319 321 73 320 322 127 321 323 130 322 324 58 323 325 65 324 326 159 325 327 108 326 328 70 327 329 122 328 330 114 329 331 123 330 332 163 331 333 75 332 334 158 333 335 70 334 336 100 335 337 69 336 338 114 337 339 124 338 340 123 339 341 100 340 342 68 341 343 69 342 344 96 343 345 78 344 346 79 345 347 116 346 348 77 347 349 124 348 350 98 349 351 79 350 352 68 351 353 115 352 354 76 353 355 77 354 356 74 355 357 118 356 358 125 357 359 76 358 360 132 359 361 67 360 362 180 361 363 74 362 364 177 363 365 118 364 366 126 365 367 125 366 368 67 367 369 131 368 370 66 369 371 120 370 372 72 371 373 73 372 374 126 373 375 121 374 376 127 375 377 165 243 378 148 376 379 166 377 380 166 377 381 147 236 382 167 238 383 100 378 384 109 379 385 107 380 386 107 380 387 146 381 388 143 382 389 143 382 390 145 383 391 142 384 392 142 384 393 144 385 394 141 231 395 100 386 396 99 387 397 98 388 398 107 389 399 140 390 400 99 391 401 143 392 402 139 393 403 140 394 404 142 384 405 138 233 406 139 395 407 98 396 408 97 397 409 96 398 410 99 399 411 137 400 412 97 401 413 140 402 414 136 403 415 137 404 416 139 405 417 135 406 418 136 407 419 112 408 420 97 409 421 113 410 422 113 411 423 137 412 424 114 413 425 137 414 426 116 415 427 114 416 428 136 417 429 115 418 430 116 419 431 134 420 432 182 421 433 181 422 434 120 423 435 183 424 436 182 421 437 183 424 438 119 425 439 184 426 440 184 426 441 118 427 442 185 222 443 145 383 444 167 238 445 144 385 446 146 381 447 166 377 448 145 383 449 128 428 450 158 429 451 58 430 452 71 431 453 162 432 454 159 325 455 88 433 456 159 292 457 160 294 458 95 434 459 158 435 460 161 436 461 109 379 462 165 243 463 146 381 464 108 437 465 164 241 466 109 379 467 144 385 468 163 237 469 128 234 470 88 443 477 156 444 478 50 445 479 57 446 480 161 447 481 157 448 482 148 376 498 185 222 499 147 236 500 149 242 501 184 426 502 148 376 503 111 240 504 183 424 505 149 242 506 181 422 507 111 240 508 110 464 509 75 465 510 180 361 511 177 363 512 72 466 513 181 467 514 176 313 515 72 468 516 179 469 517 87 470 518 75 471 519 178 255 520 84 472 521 147 236 522 180 224 523 129 473 524 84 480 531 174 481 532 46 482 533 87 483 534 175 484 535 49 485 536 80 90 720 81 601 721 43 91 722 61 93 723 103 602 724 82 94 725 52 96 726 90 603 727 91 97 728 102 99 729 103 604 730 61 100 731 89 102 732 90 605 733 52 103 734 157 105 735 161 606 736 84 106 737 101 108 738 102 607 739 60 109 740 160 111 741 89 608 742 51 112 743 56 114 744 94 609 745 95 115 746 81 117 747 101 610 748 59 118 749 179 120 750 88 611 751 50 121 752 64 123 753 106 612 754 86 124 755 55 126 756 93 613 757 94 127 758 48 129 759 86 614 760 87 130 761 63 132 762 105 615 763 106 133 764 54 135 765 92 616 766 93 136 767 174 138 768 178 617 769 85 139 770 62 141 771 104 618 772 105 142 773 83 144 774 92 619 775 54 145 776 44 147 777 82 620 778 83 148 779 85 150 780 104 621 781 62 151 782 53 153 783 91 622 784 80 154 785 185 222 852 118 427 853 117 223 854 135 225 855 132 644 856 133 226 857 138 228 858 131 645 859 132 229 860 141 231 861 130 235 862 131 232 863 141 231 864 144 385 865 128 234 866 147 236 867 129 473 868 163 237 869 162 239 870 110 464 871 111 240 872 164 241 873 111 240 874 149 242 875 73 244 876 72 646 877 87 245 878 105 247 879 126 647 880 127 248 881 92 250 882 67 648 883 66 251 884 177 253 885 74 649 886 85 254 887 104 256 888 125 650 889 126 257 890 83 259 891 76 651 892 67 260 893 77 262 894 76 652 895 83 263 896 74 265 897 125 653 898 104 266 899 68 268 900 79 654 901 80 269 902 79 271 903 78 655 904 81 272 905 124 274 906 77 656 907 82 275 908 69 277 909 68 657 910 91 278 911 123 280 912 124 658 913 103 281 914 70 283 915 69 659 916 90 284 917 161 286 918 158 660 919 75 287 920 122 289 921 123 661 922 102 290 923 159 292 924 70 662 925 89 293 926 94 295 927 65 663 928 58 296 929 81 298 930 78 664 931 122 299 932 176 301 933 71 665 934 88 302 935 127 304 936 73 666 937 86 305 938 93 307 939 66 667 940 65 308 941 66 310 942 131 668 943 130 311 944 176 313 945 181 467 946 110 314 947 78 316 948 112 669 949 113 317 950 121 319 951 120 670 952 73 320 953 130 322 954 128 671 955 58 323 956 159 325 957 162 432 958 108 326 959 122 328 960 113 672 961 114 329 962 163 331 963 129 673 964 75 332 965 70 334 966 108 674 967 100 335 968 114 337 969 116 675 970 124 338 971 100 340 972 98 676 973 68 341 974 96 343 975 112 677 976 78 344 977 116 346 978 115 678 979 77 347 980 98 349 981 96 679 982 79 350 983 115 352 984 133 680 985 76 353 986 74 355 987 117 681 988 118 356 989 76 358 990 133 682 991 132 359 992 180 361 993 117 683 994 74 362 995 118 364 996 119 684 997 126 365 998 67 367 999 132 685 1000 131 368 1001 120 370 1002 134 686 1003 72 371 1004 126 373 1005 119 687 1006 121 374 1007 165 243 1008 149 242 1009 148 376 1010 166 377 1011 148 376 1012 147 236 1013 100 378 1014 108 437 1015 109 379 1016 107 380 1017 109 379 1018 146 381 1019 143 382 1020 146 381 1021 145 383 1022 142 384 1023 145 383 1024 144 385 1025 100 386 1026 107 688 1027 99 387 1028 107 389 1029 143 689 1030 140 390 1031 143 392 1032 142 690 1033 139 393 1034 142 384 1035 141 231 1036 138 233 1037 98 396 1038 99 691 1039 97 397 1040 99 399 1041 140 692 1042 137 400 1043 140 402 1044 139 693 1045 136 403 1046 139 405 1047 138 694 1048 135 406 1049 112 408 1050 96 695 1051 97 409 1052 113 411 1053 97 696 1054 137 412 1055 137 414 1056 136 697 1057 116 415 1058 136 417 1059 135 698 1060 115 418 1061 134 420 1062 120 423 1063 182 421 1064 120 423 1065 121 699 1066 183 424 1067 183 424 1068 121 699 1069 119 425 1070 184 426 1071 119 425 1072 118 427 1073 145 383 1074 166 377 1075 167 238 1076 146 381 1077 165 243 1078 166 377 1079 128 428 1080 163 700 1081 158 429 1082 71 431 1083 110 701 1084 162 432 1085 88 433 1086 71 702 1087 159 292 1088 95 434 1089 58 703 1090 158 435 1091 109 379 1092 164 241 1093 165 243 1094 108 437 1095 162 239 1096 164 241 1097 144 385 1098 167 238 1099 163 237 1100 88 443 1107 160 706 1108 156 444 1109 57 446 1110 95 707 1111 161 447 1112 148 376 1128 184 426 1129 185 222 1130 149 242 1131 183 424 1132 184 426 1133 111 240 1134 182 421 1135 183 424 1136 181 422 1137 182 421 1138 111 240 1139 75 465 1140 129 713 1141 180 361 1142 72 466 1143 134 714 1144 181 467 1145 72 468 1146 176 715 1147 179 469 1148 75 471 1149 177 253 1150 178 255 1151 147 236 1152 185 222 1153 180 224 1154 84 480 1161 178 718 1162 174 481 1163 87 483 1164 179 719 1165 175 484 1166</p>
        </triangles>
      </mesh>
    </geometry>
  </library_geometries>
  <library_visual_scenes>
    <visual_scene id="Scene" name="Scene">
      <node id="base00" name="base00" type="NODE">
        <matrix sid="transform">1 0 0 0 0 1 0 0 0 0 1 0 0 0 0 1</matrix>
        <node id="start01" name="start01" type="NODE">
          <matrix sid="transform">1 0 0 0 0 1 0 0 0 0 1 0 0 0 0 1</matrix>
          <node id="christmasIslandBig" name="christmasIslandBig" type="NODE">
            <matrix sid="transform">0.04152054 0 0 0 0 -6.76455e-9 -0.07653946 0 0 0.04152054 -1.24699e-8 0 0 0 0 1</matrix>
            <instance_geometry url="#Plane_003-mesh" name="christmasIslandBig">
              <bind_material>
                <technique_common>
                  <instance_material symbol="christmasIslandDual_001-material" target="#christmasIslandDual_001-material">
                    <bind_vertex_input semantic="UVMap" input_semantic="TEXCOORD" input_set="0"/>
                  </instance_material>
                  <instance_material symbol="christmasIslandDual_002-material" target="#christmasIslandDual_002-material">
                    <bind_vertex_input semantic="UVMap" input_semantic="TEXCOORD" input_set="0"/>
                  </instance_material>
                </technique_common>
              </bind_material>
            </instance_geometry>
          </node>
          <node id="Colmesh-1" name="Colmesh-1" type="NODE">
            <matrix sid="transform">0.04152054 0 0 0 0 -6.76455e-9 -0.07653946 0 0 0.04152054 -1.24699e-8 0 0 0 0 1</matrix>
            <instance_geometry url="#Plane_006-mesh" name="Colmesh-1"/>
          </node>
        </node>
      </node>
    </visual_scene>
  </library_visual_scenes>
  <scene>
    <instance_visual_scene url="#Scene"/>
  </scene>
</COLLADA>