<?xml version="1.0" encoding="utf-8"?>
<COLLADA xmlns="http://www.collada.org/2005/11/COLLADASchema" version="1.4.1" xmlns:xsi="http://www.w3.org/2001/XMLSchema-instance">
  <asset>
    <contributor>
      <author>Blender User</author>
      <authoring_tool>Blender 3.4.1 commit date:2022-12-19, commit time:17:00, hash:55485cb379f7</authoring_tool>
    </contributor>
    <created>2025-12-20T16:16:28</created>
    <modified>2025-12-20T16:16:28</modified>
    <unit name="meter" meter="1"/>
    <up_axis>Z_UP</up_axis>
  </asset>
  <library_effects>
    <effect id="christmasDeer_001-effect">
      <profile_COMMON>
        <newparam sid="PUSHILIN_deer_png-surface">
          <surface type="2D">
            <init_from>PUSHILIN_deer_png</init_from>
          </surface>
        </newparam>
        <newparam sid="PUSHILIN_deer_png-sampler">
          <sampler2D>
            <source>PUSHILIN_deer_png-surface</source>
          </sampler2D>
        </newparam>
        <technique sid="common">
          <lambert>
            <emission>
              <color sid="emission">0 0 0 1</color>
            </emission>
            <diffuse>
              <texture texture="PUSHILIN_deer_png-sampler" texcoord="UVMap"/>
            </diffuse>
            <index_of_refraction>
              <float sid="ior">1.45</float>
            </index_of_refraction>
          </lambert>
        </technique>
      </profile_COMMON>
    </effect>
  </library_effects>
  <library_images>
    <image id="PUSHILIN_deer_png" name="PUSHILIN_deer_png">
      <init_from>PUSHILIN_deer.png</init_from>
    </image>
  </library_images>
  <library_materials>
    <material id="christmasDeer_001-material" name="christmasDeer.001">
      <instance_effect url="#christmasDeer_001-effect"/>
    </material>
  </library_materials>
  <library_geometries>
    <geometry id="deer_001-mesh" name="deer.001">
      <mesh>
        <source id="deer_001-mesh-positions">
          <float_array id="deer_001-mesh-positions-array" count="969">0.156998 -0.2699437 0.09575152 0.09758305 -0.2699437 -0.2182444 0.156998 0.1211463 0.1024045 0.156998 0.0440523 -0.2182444 0.219502 -0.1292406 0.09575152 0.1600871 -0.1292406 -0.2182444 0.104449 0.4243753 0.4208986 0.05595403 -0.5992667 -0.6642774 0.1976661 -0.2347676 -0.4272625 0.156998 0.05495131 -0.4272625 0.219502 -0.08230066 -0.5023825 0.130288 -0.5996937 -0.6643375 0.1976661 -0.2347676 -0.6193335 0.156998 0.08447331 -0.5880125 0.219502 -0.04332768 -0.6828265 0.130288 -0.5880497 -0.7475605 0.05595403 -0.5876227 -0.7475005 0.06815004 -0.9590917 -0.5572935 0.1301 -0.9594758 -0.5574795 0.1301 -0.9452537 -0.6497585 0.06815004 -0.9448687 -0.6495715 0.05373704 -1.009239 -0.5252515 0.14074 -1.009239 -0.5254415 0.14074 -1.009239 -0.6400755 0.05373704 -1.009239 -0.6398855 0.1673941 -0.1754227 0.4019175 0.156998 0.1500053 0.2800335 0.1930471 -0.1288487 0.2736275 0.138607 0.3186363 0.5117025 0.144144 -0.3814607 0.1314725 0.07534605 -0.3400707 0.1314725 0.144144 -0.4578577 0.2710086 0.07534605 -0.4164677 0.3176686 0.144144 -0.6438607 0.1363485 0.07534605 -0.6438607 0.1363485 0.144144 -0.6438607 0.2290595 0.07534605 -0.6438607 0.2328745 0.144144 -0.9411947 0.1973175 0.07534605 -0.9411947 0.1973175 0.144144 -0.9411947 0.2900295 0.07534605 -0.9411947 0.2938435 0.1512261 -1.003778 0.1875775 0.06826406 -1.003778 0.1875775 0.1512261 -1.003778 0.2993766 0.06826406 -1.003778 0.3039765 0.08825504 0.5342123 0.4724985 0.08825504 0.5537283 0.7165905 0.09873205 0.4695463 0.7709835 0.06146901 0.4310633 0.9067326 0.09873205 0.3912723 0.7080535 0.06146901 0.3827923 0.8816475 0.03913605 0.5577763 0.5437086 0.01155304 0.5865893 0.5437086 0.05977505 0.5597073 0.6291705 0.009209036 0.6013413 0.6361246 0.07633602 0.6015823 0.5401015 0.03464502 0.6289683 0.5401015 0.07633602 0.5854583 0.6255646 0.03464502 0.6141713 0.6325176 0.127594 0.6540183 0.5304636 0.08590304 0.6801463 0.5304636 0.127594 0.6603213 0.6159265 0.08590304 0.6890353 0.6228806 0.2221921 0.6572503 0.7645946 0.2046191 0.6718283 0.7777625 0.221789 0.6879743 0.7289456 0.204216 0.7025513 0.7421135 0.3080121 0.7962553 0.8122956 0.299966 0.8029293 0.8183246 0.3078281 0.8103223 0.7959735 0.299782 0.8169963 0.8020026 0.155278 0.6834433 0.2569035 0.1180601 0.7116813 0.2381155 0.20538 0.7390493 0.2713995 0.1681621 0.7687873 0.2526115 0.2528041 0.7307263 0.1413195 0.222491 0.7572253 0.1260175 0.2936111 0.7664763 0.1531255 0.263298 0.7947203 0.1378235 0.3104971 0.8138603 0.03602552 0.2934821 0.8205003 0.03962153 0.3236461 0.8416073 0.04902052 0.306631 0.8482473 0.05261749 0.178667 0.7433583 0.1788715 0.225678 0.7933623 0.1924725 0.260599 0.7628463 0.2101015 0.213588 0.7147023 0.1965005 0.3961681 0.8720183 0.1909245 0.3681021 0.8984273 0.1767565 0.387369 0.9015253 0.1314065 0.413703 0.8767673 0.1447005 0.07986205 0.6680583 0.3447325 0.130243 0.7254813 0.3534055 0.16854 0.6974993 0.3676605 0.1181591 0.6409013 0.3589875 0.07323604 0.6437813 0.4424166 0.1640501 0.6732403 0.4490615 0.1240561 0.6996273 0.4419345 0.113231 0.6174283 0.4495446 0.32081 0.8326503 0.3381865 0.341261 0.8126403 0.3461616 0.3342651 0.8115303 0.3911415 0.313951 0.8303783 0.3870486 0.241297 0.7966933 0.5266596 0.217607 0.7967123 0.5286626 0.242167 0.7959503 0.5696075 0.218896 0.7961093 0.5748445 0.263482 0.9552433 0.5231636 0.252879 0.9557003 0.5240595 0.2638711 0.9577203 0.5364086 0.2534561 0.9581303 0.5387526 0.21858 0.7587963 0.5798265 0.217881 0.7526153 0.5353326 0.187294 0.7673313 0.5851945 0.186261 0.7606033 0.5361636 0.261426 0.8544293 0.6472446 0.249951 0.8561523 0.6487305 0.2636601 0.8478503 0.6688936 0.247659 0.8502523 0.6709656 0.2847731 0.9462103 0.6673915 0.273299 0.9479333 0.6688776 0.2870081 0.9396313 0.6890406 0.2710061 0.9420333 0.6911125 0.4235851 0.9808623 0.1406235 0.409178 0.9959843 0.1333505 0.419068 1.000105 0.1100705 0.432587 0.9857433 0.1168955 0.3725131 0.9385123 0.3284546 0.381942 0.9303923 0.3321315 0.3787171 0.9305203 0.3528686 0.369351 0.9384213 0.3509815 0.359243 0.9941683 -0.04799044 0.349811 0.9978493 -0.04599642 0.366532 1.009549 -0.04078644 0.3571001 1.01323 -0.03879243 0.09578406 0.4640563 0.5608295 0.07886403 0.5356103 0.5693225 0.07906204 0.5326743 0.5906836 0.09054601 0.4791053 0.5996356 0.160018 0.4459363 0.5626485 0.138984 0.5755103 0.5711416 0.139337 0.5695523 0.5826185 0.1539011 0.4726083 0.5915716 0.2157821 0.5381893 0.5700066 0.201583 0.5721973 0.5754116 0.2016791 0.5692273 0.5890075 0.211125 0.5434603 0.5869776 0.03969103 0.08721625 -0.7465745 0.03969103 0.01527529 -0.7807164 0.03969103 -0.1582347 -0.7178745 -0.1569979 -0.2699437 0.09575152 -0.09758293 -0.2699437 -0.2182444 -0.1569979 0.1211463 0.1024045 -0.1569979 0.0440523 -0.2182444 0 0.1819663 0.09119051 0 -0.3398977 0.09575152 0 0.1060193 -0.2182444 0 -0.3107507 -0.2182444 -0.2195019 -0.1292406 0.09575152 -0.1600869 -0.1292406 -0.2182444 -0.1044489 0.4243753 0.4208986 -0.05595391 -0.5992667 -0.6642774 -0.1976669 -0.2347676 -0.4272625 -0.1569979 0.05495131 -0.4272625 0 0.1040292 -0.4272625 0 -0.3079827 -0.3558714 -0.2195019 -0.08230066 -0.5023825 -0.1302879 -0.5996937 -0.6643375 -0.1976669 -0.2347676 -0.6193335 -0.1569979 0.08447331 -0.5880125 0 0.1395432 -0.6407835 0 -0.2491446 -0.6193335 -0.2195019 -0.04332768 -0.6828265 0 -0.03705167 -0.7408725 -0.1302879 -0.5880497 -0.7475605 -0.05595391 -0.5876227 -0.7475005 -0.06814992 -0.9590917 -0.5572935 -0.1300999 -0.9594758 -0.5574795 -0.1300999 -0.9452537 -0.6497585 -0.06814992 -0.9448687 -0.6495715 -0.05373692 -1.009239 -0.5252515 -0.1407399 -1.009239 -0.5254415 -0.1407399 -1.009239 -0.6400755 -0.05373692 -1.009239 -0.6398855 -0.1673939 -0.1754227 0.4019175 -0.1569979 0.1500053 0.2800335 0 0.2075953 0.2571575 0 -0.0450437 0.6219785 -0.1930469 -0.1288487 0.2736275 0 0.4464283 0.3936365 -0.1386069 0.3186363 0.5117025 0 0.2586413 0.5771865 -0.1441439 -0.3814607 0.1314725 -0.07534593 -0.3400707 0.1314725 -0.1441439 -0.4578577 0.2710086 -0.07534593 -0.4164677 0.3176686 -0.1441439 -0.6438607 0.1363485 -0.07534593 -0.6438607 0.1363485 -0.1441439 -0.6438607 0.2290595 -0.07534593 -0.6438607 0.2328745 -0.1441439 -0.9411947 0.1973175 -0.07534593 -0.9411947 0.1973175 -0.1441439 -0.9411947 0.2900295 -0.07534593 -0.9411947 0.2938435 -0.1512259 -1.003778 0.1875775 -0.06826394 -1.003778 0.1875775 -0.1512259 -1.003778 0.2993766 -0.06826394 -1.003778 0.3039765 -0.08825492 0.5342123 0.4724985 0 0.5889573 0.4724985 -0.08825492 0.5537283 0.7165905 0 0.6145113 0.7313116 -0.09873193 0.4695463 0.7709835 0 0.5073893 0.7857035 -0.06146889 0.4310633 0.9067326 0 0.4562973 0.9723966 -0.09873193 0.3912723 0.7080535 -0.06146889 0.3827923 0.8816475 0 0.3480173 0.9235225 0 0.3092993 0.6933836 -0.03913593 0.5577763 0.5437086 -0.01155292 0.5865893 0.5437086 -0.05977392 0.5597073 0.6291705 -0.009208917 0.6013413 0.6361246 -0.0763359 0.6015823 0.5401015 -0.03464388 0.6289683 0.5401015 -0.0763359 0.5854583 0.6255646 -0.03464388 0.6141713 0.6325176 -0.1275939 0.6540183 0.5304636 -0.08590292 0.6801463 0.5304636 -0.1275939 0.6603213 0.6159265 -0.08590292 0.6890353 0.6228806 -0.2221919 0.6572503 0.7645946 -0.2046189 0.6718283 0.7777625 -0.2217889 0.6879743 0.7289456 -0.2042159 0.7025513 0.7421135 -0.308012 0.7962553 0.8122956 -0.2999659 0.8029293 0.8183246 -0.3078269 0.8103223 0.7959735 -0.2997819 0.8169963 0.8020026 -0.1552779 0.6834433 0.2569035 -0.1180599 0.7116813 0.2381155 -0.2053799 0.7390493 0.2713995 -0.1681619 0.7687873 0.2526115 -0.2528039 0.7307263 0.1413195 -0.2224909 0.7572253 0.1260175 -0.2936109 0.7664763 0.1531255 -0.2632979 0.7947203 0.1378235 -0.3104969 0.8138603 0.03602552 -0.293482 0.8205003 0.03962153 -0.323646 0.8416073 0.04902052 -0.3066309 0.8482473 0.05261749 -0.1786669 0.7433583 0.1788715 -0.2256779 0.7933623 0.1924725 -0.2605989 0.7628463 0.2101015 -0.2135879 0.7147023 0.1965005 -0.3961679 0.8720183 0.1909245 -0.368102 0.8984273 0.1767565 -0.3873689 0.9015253 0.1314065 -0.4137029 0.8767673 0.1447005 -0.07986193 0.6680583 0.3447325 -0.1302429 0.7254813 0.3534055 -0.1685399 0.6974993 0.3676605 -0.1181589 0.6409013 0.3589875 -0.07323592 0.6437813 0.4424166 -0.1640499 0.6732403 0.4490615 -0.1240559 0.6996273 0.4419345 -0.1132309 0.6174283 0.4495446 -0.3208099 0.8326503 0.3381865 -0.3412609 0.8126403 0.3461616 -0.3342649 0.8115303 0.3911415 -0.3139509 0.8303783 0.3870486 -0.2412969 0.7966933 0.5266596 -0.2176069 0.7967123 0.5286626 -0.2421669 0.7959503 0.5696075 -0.2188959 0.7961093 0.5748445 -0.2634819 0.9552433 0.5231636 -0.2528789 0.9557003 0.5240595 -0.263871 0.9577203 0.5364086 -0.2534559 0.9581303 0.5387526 -0.2185799 0.7587963 0.5798265 -0.2178809 0.7526153 0.5353326 -0.1872939 0.7673313 0.5851945 -0.1862609 0.7606033 0.5361636 -0.2614259 0.8544293 0.6472446 -0.2499509 0.8561523 0.6487305 -0.26366 0.8478503 0.6688936 -0.2476589 0.8502523 0.6709656 -0.2847729 0.9462103 0.6673915 -0.2732989 0.9479333 0.6688776 -0.2870079 0.9396313 0.6890406 -0.2710059 0.9420333 0.6911125 -0.4235849 0.9808623 0.1406235 -0.4091779 0.9959843 0.1333505 -0.4190679 1.000105 0.1100715 -0.4325869 0.9857433 0.1168955 -0.3725129 0.9385123 0.3284546 -0.3819419 0.9303923 0.3321315 -0.378717 0.9305203 0.3528686 -0.3693509 0.9384213 0.3509815 -0.3592429 0.9941683 -0.04798942 -0.3498109 0.9978493 -0.04599642 -0.3665319 1.009549 -0.04078644 -0.3571 1.01323 -0.03879243 -0.09578394 0.4640563 0.5608295 -0.07886391 0.5356103 0.5693225 -0.07906192 0.5326743 0.5906836 -0.09054589 0.4791053 0.5996356 -0.1600179 0.4459363 0.5626485 -0.1389839 0.5755103 0.5711416 -0.1393369 0.5695523 0.5826185 -0.1539009 0.4726083 0.5915716 -0.2157819 0.5381893 0.5700066 -0.2015829 0.5721973 0.5754116 -0.2016789 0.5692273 0.5890075 -0.2111249 0.5434603 0.5869776 0 0.08721625 -0.7852994 0 0.01527529 -0.8194405 0 -0.1824266 -0.6821064 0 -0.1853396 -0.7477574 -0.03969091 0.08721625 -0.7465745 -0.03969091 0.01527529 -0.7807164 -0.03969091 -0.1582347 -0.7178745</float_array>
          <technique_common>
            <accessor source="#deer_001-mesh-positions-array" count="323" stride="3">
              <param name="X" type="float"/>
              <param name="Y" type="float"/>
              <param name="Z" type="float"/>
            </accessor>
          </technique_common>
        </source>
        <source id="deer_001-mesh-normals">
          <float_array id="deer_001-mesh-normals-array" count="1857">0.9998409 0.0178225 9.29335e-4 0.9005203 -0.4000349 -0.1703983 0.9421136 -0.3280565 0.06928926 0.405797 -0.910732 -0.0767858 0.3582858 0.9077436 -0.2182497 0.4558041 -0.5425544 0.7056042 0.9824137 0.0175119 -0.1858944 0.763476 -0.09738564 0.6384517 0.921744 0.38142 0.07004839 0.001281917 0.3543049 -0.9351291 -0.9875657 -0.1534273 -0.03426432 0.3505758 -0.9364782 0.01026254 0.9793248 -0.04284876 0.1977041 0.2983518 0.9544128 -0.009086668 0.03613895 -0.4968716 -0.8670713 0.4219287 0.4470419 -0.788752 0.004642248 0.28471 0.9586025 0.9836174 -0.1785295 -0.02497863 0.9921927 -0.1219035 -0.02632921 0.2792918 0.947194 0.1575425 0.005883514 0.5422037 0.8402265 -0.002297103 -0.2644413 -0.964399 -0.9993548 -0.03549921 -0.005471527 0.9999999 -5.47221e-4 -7.65743e-5 -0.002158939 -0.1483252 -0.9889364 -0.9610912 0.2762317 0 0.9854838 0.1677885 0.02585935 0.9796259 0.01253938 0.2004393 0.3596486 0.9210117 -0.1496347 -0.9187115 -0.3445318 0.1930471 0.961217 0.2361635 0.1424387 0.2965244 0.4805264 -0.8253288 0.9915946 0.12853 -0.01483881 -1 0 0 0.9875394 -0.1380369 -0.0755763 0.3227957 -0.4197584 0.8482958 0.3081376 -0.6915548 -0.6533018 -1 0 0 1 0 0 0.05401563 -0.2196819 0.974075 -0.009654402 -0.01604777 -0.9998246 -0.9936581 0.1124439 0 1 0 0 0.05424153 0.2005802 0.9781746 0 -0.2008727 -0.9796174 0.9936581 0.1124441 0 0.05469691 0.1535462 0.9866265 0 0.1537821 -0.9881048 0.4133211 0.9076888 -0.07257276 0.312708 0.4412581 -0.8411332 0.3232865 0.541619 0.7759734 0.3803228 0.8571342 0.3473839 0.9666304 -0.1605143 0.1996521 0.9930264 0.1175177 -0.009395897 0.9339121 0.352561 0.05923628 0.6272209 -0.7727918 0.09688621 0.6543651 -0.3486908 0.6709852 0.5743926 -0.7503701 0.3271362 0.8147196 -0.5497759 -0.1843326 0.5593414 0.8267433 -0.06027364 0.7137578 0.6942292 -0.09271329 0.5253467 0.8469163 0.08212023 0.8137991 -0.5710715 -0.1077421 0.1388225 0.003194034 0.9903122 -0.8727079 0.4821022 0.07719045 -0.04549074 -0.0435478 -0.9980152 0.8500593 -0.5233331 0.05934548 -0.5994091 0.6029752 0.5264312 -0.7112615 0.6996984 -0.06729954 -0.7517319 0.6594688 5.00151e-4 -0.7954835 0.4545574 0.4007288 0.7042657 -0.5413362 -0.4593093 0.3258334 0.8191792 -0.4719936 -0.3446167 -0.6616399 0.665937 0.7451106 0.5093351 0.4305672 0.8451389 -0.4001538 -0.3544253 -0.1523007 0.5550891 -0.8177289 0.2617428 -0.4538887 0.8517487 -0.6350765 0.6909819 -0.3452854 0.7434492 -0.6687797 -0.004146635 0.3848493 0.7866558 0.4827669 -0.3868352 -0.7927706 -0.4710343 -0.6744121 0.7382318 -0.01349198 0.582209 -0.7599747 0.2889137 0.5014715 0.7845485 0.3647054 -0.40631 -0.7587716 -0.5090952 -0.9188047 0.3647041 0.15096 0.9095515 -0.4139977 -0.03636378 0.3949933 0.6739823 0.6242821 -0.2555071 -0.6857997 -0.6814652 -0.6681291 0.6688991 -0.3258489 0.6386673 -0.7084707 0.300289 -0.01349425 -0.4841325 -0.8748907 -0.2716333 -0.7222911 -0.6360118 0.2135012 -0.2761003 -0.9371158 -0.5958438 0.7777954 -0.2000118 0.6257124 -0.7276113 0.2811864 -0.01425218 0.5212536 0.8532829 -0.7340698 0.6690109 0.1164736 0.7497668 -0.6443216 -0.1506636 0.04759699 0.3270586 0.9438047 -0.5033102 -0.829416 -0.2423803 -0.7118237 0.6793793 -0.1781879 0.7293554 -0.6626332 0.1701707 0.4904242 0.7825406 0.3835549 -0.4757151 -0.8128722 -0.3360565 0.05342721 0.2914387 0.9550964 -0.4917063 0.8702929 -0.0285564 0.574369 -0.7926315 -0.2045375 0.0799058 -0.297504 -0.9513709 0.9902527 -0.1374632 -0.02243757 -0.06618225 -0.6936938 0.7172231 -0.7517749 0.658756 0.02958321 -0.08342039 -0.1495421 -0.98523 0.02675217 0.9824654 -0.1845161 0.2175379 0.1677889 0.9615218 -0.9762448 0.2166559 0.002505958 -0.08462452 -0.01012748 -0.9963614 0.7425296 -0.6679989 0.04926711 0.2523937 0.1343889 0.9582469 -0.6194881 0.7793709 -0.09389215 -0.0111916 0.05954027 -0.9981632 0.08998918 -0.235322 0.9677425 -0.8993344 0.4366481 0.02315962 0.8516439 -0.5170324 0.08590924 0.04043632 0.7932593 -0.60754 0.176984 0.9466154 0.2694364 -0.9668896 0.2531107 -0.03254908 0.9641148 -0.2094484 -0.1631383 -0.08999127 0.2353228 -0.9677422 0.5797734 0.7236589 0.3744069 -0.9115955 0.2176496 -0.3487439 0.9348772 -0.07516258 0.3469223 -0.02385437 0.4147595 0.9096184 0.6291087 0.7719233 0.09141618 -0.8960664 0.4262342 -0.124055 0.9415052 -0.3070604 0.1388593 0.1968067 -0.1827639 -0.9632572 -0.02177149 0.4324883 -0.9013767 0.9183443 -0.341495 -0.2000626 0.3303716 0.3780938 0.864812 -0.3164939 -0.3290039 -0.8897124 -0.9768875 -0.2127979 -0.02019447 0.732328 -0.567023 0.3770685 -0.05051654 -0.9334369 0.3551673 0.07024842 0.102193 0.9922811 0.04886269 0.07322341 -0.9961179 -0.5134444 0.7550557 0.407757 0.9384707 0.338725 0.06736606 -0.1018646 -0.1151866 0.9881072 0.0184912 0.06838244 -0.9974879 0.01557755 0.8876207 0.4603118 0.5443125 -0.8380581 0.03718519 0.6844354 -0.2453197 -0.6865614 0.6612275 0.3216346 -0.6777385 0.3152315 0.8923218 -0.3230961 0.8272037 -0.2409151 0.5076357 0.4435611 0.3052014 0.8426776 -0.9998409 0.0178225 9.29335e-4 -0.9005202 -0.400035 -0.1703984 -0.9054507 -0.402225 0.1355515 -0.4057971 -0.910732 -0.07678586 -0.3582858 0.9077436 -0.2182497 -0.4558025 -0.5425555 0.7056045 -0.9682001 0.2432454 -0.05848371 -0.763476 -0.09738564 0.6384517 -0.9217441 0.3814201 0.07004839 0.02511489 0.3453022 -0.9381555 0.9875658 -0.1534273 -0.03426432 -0.3857362 -0.9224225 -0.0185523 -0.8573009 -0.3808357 0.3464095 -0.3667054 0.929075 0.04844552 -0.2325095 -0.3299595 -0.9149132 -0.4219285 0.4470419 -0.7887521 -0.002410888 0.2850664 0.9585047 -0.9833784 -0.1815685 0 -0.9899004 -0.1417651 0 -0.2938837 0.9401186 0.1726543 -0.005883038 0.542204 0.8402263 0.002297341 -0.2644414 -0.9643991 0.9993582 -0.03547775 -0.004963755 -0.9999999 -5.47221e-4 -7.65743e-5 0.003917515 -0.1502647 -0.9886381 0.9741426 0.2232978 0.03441721 -0.9854838 0.1677888 0.02585935 -0.9796259 0.0125395 0.2004393 -0.366377 0.9195671 -0.1420016 0.9187115 -0.3445317 0.193047 -0.961217 0.2361635 0.1424387 -0.2965245 0.4805264 -0.8253289 -0.9915947 0.1285299 -0.01483881 1 0 0 -0.9969458 -0.07746261 -0.009937107 -0.5575823 -0.4554873 0.693998 -0.3081377 -0.6915547 -0.6533018 -0.3913512 -0.3215275 0.8622438 0.009654283 -0.01604777 -0.9998246 0.9936581 0.1124438 0 -0.05424153 0.2005802 0.9781746 0 -0.2008727 -0.9796174 -0.9936581 0.1124437 0 -0.05469685 0.153546 0.9866265 0 0.1537819 -0.9881048 -0.4133092 0.9076941 -0.0725733 -0.3127081 0.4412583 -0.8411332 -0.4183092 0.4112246 0.8098838 -0.3803228 0.8571342 0.3473841 -0.9655191 -0.1200453 0.2310027 -0.9930264 0.1175177 -0.009395897 -0.9997268 -0.01464474 0.01821541 -0.5571397 -0.8189105 0.1377713 -0.6269589 -0.3205026 0.7100709 -0.51424 -0.7651278 0.3874751 -0.8147076 -0.5497981 -0.1843195 -0.5593413 0.8267433 -0.06027382 -0.3774362 0.9215545 -0.0909903 -0.5253468 0.8469163 0.08212023 -0.8137992 -0.5710715 -0.1077421 -0.1388267 0.00319606 0.9903115 0.4622004 0.8737897 -0.1512029 0.0454899 -0.0435478 -0.9980152 -0.850059 -0.5233333 0.05934596 0.6506345 0.5170776 0.5561524 0.8161495 0.5705735 0.09135669 0.7517319 0.6594687 4.9972e-4 0.7954827 0.4545525 0.4007359 -0.7042657 -0.5413363 -0.4593093 -0.4286418 0.7458469 -0.5098811 0.3446115 -0.6616438 0.6659358 -0.7451092 0.5093347 0.4305701 -0.8451383 -0.4001539 -0.3544263 0.1523007 0.5550892 -0.817729 -0.2617281 -0.4538764 0.8517598 0.6350761 0.6909822 -0.3452853 -0.747322 -0.6644421 -0.005160152 -0.3900039 0.781697 0.4866693 0.3868353 -0.7927706 -0.4710344 0.6744121 0.738232 -0.01349067 -0.6537865 -0.7113088 0.2580754 -0.5014712 0.7845488 0.3647052 0.3745965 -0.7722091 -0.5131965 0.9188043 0.3647049 0.1509607 -0.6774807 -0.7106164 -0.1898537 -0.3508625 0.7083771 0.6124521 0.2555073 -0.6857994 -0.6814656 0.6681294 0.6688988 -0.325849 -0.6704127 -0.6809077 0.2948077 -0.00431627 -0.4965134 -0.8680185 0.2369143 -0.7349827 -0.6353518 -0.2135013 -0.2761003 -0.9371158 0.5921815 0.7647799 -0.2538366 -0.6257123 -0.7276113 0.281187 0.01425224 0.5212534 0.853283 0.7340698 0.6690108 0.116474 -0.7322363 -0.6678835 -0.1332734 -0.04759681 0.3270586 0.9438048 0.5033104 -0.8294157 -0.2423807 0.7118166 0.6793855 -0.1781922 -0.7199141 -0.6714245 0.1758208 -0.4904243 0.7825404 0.3835551 0.5192142 -0.7904427 -0.3249879 -0.06889128 0.2820557 0.9569214 0.5134397 0.8327098 0.2073019 -0.574369 -0.7926316 -0.2045373 -0.1095541 -0.3280545 -0.9382847 -0.9902527 -0.1374636 -0.02243775 0.06618243 -0.6936942 0.7172226 0.6859046 0.7227429 -0.08472114 0.06373375 -0.1496395 -0.9866844 -0.02675175 0.9824663 -0.1845113 -0.2175363 0.1677885 0.9615223 0.97617 0.214917 0.03005254 0.08425796 -0.01015549 -0.9963923 -0.7425295 -0.6679991 0.04926717 -0.2523929 0.1343887 0.9582471 0.6267157 0.7756684 -0.07460671 -0.02489185 0.0397185 -0.9989008 -0.08998996 -0.2353214 0.9677426 0.6940801 0.6959082 -0.1842954 -0.8516437 -0.5170325 0.08590996 0.1279137 0.7953163 -0.5925456 -0.176983 0.9466151 0.269438 0.9668958 0.2530925 -0.03251004 -0.9641148 -0.209448 -0.1631389 0.08999139 0.2353224 -0.9677422 -0.5778422 0.7279819 0.3689728 0.9038267 0.2162771 -0.3692175 -0.9348772 -0.07516258 0.3469226 0.05098885 0.429516 0.9016187 -0.6309235 0.7702062 0.09337198 0.8987621 0.4253338 -0.1063856 -0.941505 -0.3070609 0.1388598 -0.1968065 -0.1827639 -0.9632573 0.02170979 0.4324169 -0.9014124 -0.918343 -0.3414957 -0.2000677 -0.3303712 0.3780945 0.8648118 0.3164356 -0.3290235 -0.8897259 0.9768875 -0.2127982 -0.02019429 -0.6838056 -0.4586046 0.5675314 0.05051672 -0.9334367 0.3551678 -0.1433356 0.19294 0.970685 0.04165321 0.1080455 -0.993273 0.5060639 0.8538177 0.1220439 -0.9384707 0.338725 0.06736648 0.02860003 0.08766263 0.9957396 -0.0184912 0.06838244 -0.9974879 -0.01557755 0.8876209 0.4603113 -0.5443125 -0.8380581 0.03718519 -0.6759878 -0.2509437 -0.6928692 -0.6612346 0.3216388 -0.6777295 -0.3152315 0.8923218 -0.3230961 -0.8272037 -0.2409151 0.5076357 -0.518922 0.3203657 0.7925187 0.9261786 0.2895956 0.2415112 0.9005202 -0.400035 -0.1703984 0.9054507 -0.4022251 0.1355515 0.3843956 -0.9192167 -0.08532708 0.3659715 0.9038018 -0.221827 -0.003624081 -0.7273229 0.6862859 0.9682001 0.2432454 -0.05848371 0.3747677 0.1352817 0.9171958 0.9182526 0.38707 0.08360087 -0.02511501 0.3453022 -0.9381555 -0.9876674 -0.1550568 -0.02169442 0.3857363 -0.9224226 -0.0185523 0.8573021 -0.3808361 0.3464058 0.3667053 0.929075 0.04844552 0.2325093 -0.3299605 -0.9149128 0.2121588 0.6470632 -0.7323236 0.002410888 0.2850665 0.9585047 0.9833789 -0.1815658 0 0.9898995 -0.1417712 0 0.2938838 0.9401186 0.1726543 0.001841008 0.5380563 0.842907 -0.004550993 -0.2640743 -0.9644917 -0.9993582 -0.03547775 -0.004963755 0.9999999 -5.47729e-4 -8.44003e-5 -0.003917515 -0.1502647 -0.9886381 -0.9741426 0.2232979 0.03441721 0.9778968 0.2090882 0 0.366377 0.919567 -0.1420016 0.1750908 -0.9108617 -0.3737304 0.9914695 0.1286529 -0.02090191 0.3145521 0.4709628 -0.824167 0.9680315 0.2330381 -0.09278041 -1 0 0 0.9969458 -0.07746267 -0.009937107 0.5575823 -0.4554874 0.693998 -0.1701171 -0.2827666 -0.9439827 0.3913512 -0.3215276 0.8622438 0 -0.01857918 -0.9998275 -0.9936581 0.1124439 0 1 0 0 0.05422878 0.200577 0.9781759 0 -0.2008727 -0.9796174 0.9936581 0.1124436 0 0.05470478 0.1535562 0.9866245 0 0.1537814 -0.9881049 0.3128119 0.9448602 -0.09689259 0.2876229 0.4636794 -0.8380182 0.4183092 0.4112246 0.8098838 0.5611395 0.7983645 0.2184873 0.9655191 -0.1200453 0.2310027 0.9891082 0.147163 -0.00283575 0.9997268 -0.01464474 0.01821541 0.5571397 -0.8189105 0.1377713 0.6269589 -0.3205027 0.7100709 0.51424 -0.7651277 0.3874751 0.7515265 -0.6482664 -0.122306 0.6164332 0.7733871 -0.1479281 0.3774362 0.9215546 -0.0909903 0.7191734 0.6884726 -0.09378242 0.7188396 -0.6932931 0.05113124 0.1794104 0.02234041 0.9835207 -0.4621862 0.8737974 -0.151203 -0.04105722 -0.06250369 -0.9971999 0.8806895 -0.4729788 -0.0260235 -0.6506375 0.5170713 0.5561549 -0.8161548 0.5705661 0.0913555 -0.7517641 0.6594321 5.08016e-4 -0.7954829 0.4545524 0.400736 0.7112638 -0.5284637 -0.4634975 0.4286416 0.7458471 -0.5098809 -0.1921027 -0.7751818 0.601822 0.7451143 0.5093342 0.4305617 0.84514 -0.4001656 -0.3544092 -0.1522881 0.5550899 -0.8177307 0.2617281 -0.4538764 0.8517598 -0.5672742 0.7345932 -0.372254 0.7473221 -0.664442 -0.005160152 0.3900039 0.781697 0.4866693 -0.3754402 -0.8029041 -0.4630225 -0.8673495 0.477216 -0.1413149 0.6537864 -0.7113091 0.2580754 0.5334252 0.7663999 0.3578951 -0.3745965 -0.7722091 -0.5131965 -0.9188022 0.3647084 0.1509645 0.6774804 -0.7106166 -0.1898536 0.3508621 0.7083778 0.6124514 -0.3771118 -0.5717575 -0.7286152 -0.6412284 0.6926657 -0.3302128 0.6704125 -0.6809079 0.2948077 0.00431627 -0.4965134 -0.8680185 -0.2369143 -0.734983 -0.6353517 0.193478 -0.2665692 -0.9441966 -0.5921817 0.7647796 -0.2538367 0.6327138 -0.7572036 0.1622223 0.02394556 0.4922536 0.8701226 -0.7548409 0.6419247 0.1347143 0.7322363 -0.6678835 -0.1332734 0.08311891 0.2962093 0.9514996 -0.5002458 -0.8317709 -0.2406479 -0.7297305 0.6626008 -0.1686825 0.7199143 -0.6714243 0.1758208 0.4565938 0.7981849 0.3929669 -0.5192232 -0.7904377 -0.3249856 0.06889128 0.2820557 0.9569214 -0.5134398 0.8327097 0.207302 0.5591726 -0.8263735 0.06657916 0.1095541 -0.3280544 -0.9382847 0.9903377 -0.1386412 -0.003158509 -0.01363694 -0.7036364 0.7104294 -0.6859049 0.7227426 -0.0847212 -0.06373375 -0.1496393 -0.9866844 0.002098679 0.9865816 -0.1632558 0.2227406 0.1672184 0.9604295 -0.97617 0.2149167 0.03005254 -0.08425796 -0.01015549 -0.9963923 0.7329743 -0.675261 0.0822888 0.2092425 0.1602985 0.9646357 -0.6267157 0.7756684 -0.07460677 0.02489185 0.0397185 -0.9989008 0.08998245 -0.2353211 0.9677433 -0.6940801 0.6959082 -0.1842954 0.9806942 -0.1343969 -0.1420435 -0.1279137 0.7953163 -0.5925456 0.1770353 0.9466186 0.2693916 -0.9668958 0.2530925 -0.03251004 0.9641125 -0.2094278 -0.1631783 -0.08999139 0.2353216 -0.9677424 0.5778422 0.7279819 0.3689728 -0.9038267 0.2162771 -0.3692175 0.9373575 -0.07566654 0.3400524 -0.05098885 0.429516 0.9016187 0.6309235 0.7702062 0.09337198 -0.898762 0.425334 -0.1063856 0.9400734 -0.3071323 0.1480944 0.2098062 -0.1906285 -0.9589799 -0.02177369 0.4324955 -0.9013733 0.9183431 -0.3414959 -0.2000666 0.3303828 0.3780921 0.8648084 -0.3164356 -0.3290227 -0.8897261 -0.9733746 -0.2249271 -0.04415827 0.6838056 -0.4586045 0.5675314 -0.2265424 -0.7394317 0.6339711 0.1433356 0.19294 0.9706848 -0.04165321 0.1080455 -0.993273 -0.5060639 0.8538177 0.1220439 0.9214 0.3624113 0.1402858 -0.02860003 0.08766263 0.9957396 0.07672828 0.1876676 -0.9792312 -0.01678758 0.9768005 0.2134931 0.6759878 -0.2509437 -0.6928692 0.6612346 0.3216388 -0.6777295 0.8577781 -0.2534539 0.4471891 0.518922 0.3203657 0.7925187 -0.9261786 0.2895956 0.2415112 -0.9005203 -0.4000349 -0.1703983 -0.9421136 -0.3280566 0.06928926 -0.3843956 -0.9192167 -0.08532708 -0.3659715 0.9038018 -0.221827 0.003623723 -0.7273228 0.686286 -0.9824137 0.0175119 -0.1858944 -0.374768 0.1352817 0.9171957 -0.9182527 0.3870698 0.08360087 -0.001281917 0.3543049 -0.9351291 0.9876673 -0.1550568 -0.02169442 -0.3505746 -0.9364787 0.0102635 -0.9793249 -0.04284191 0.1977053 -0.2983518 0.9544128 -0.009086668 -0.03613877 -0.4968717 -0.8670713 -0.2121588 0.6470633 -0.7323236 -0.004642248 0.28471 0.9586025 -0.9836171 -0.1785321 -0.02497899 -0.9921934 -0.1218981 -0.02632802 -0.2792918 0.947194 0.1575425 -0.001841008 0.5380561 0.842907 0.00455147 -0.2640743 -0.9644917 0.9993548 -0.03549915 -0.005471527 -0.9999999 -5.4767e-4 -8.44004e-5 0.002158939 -0.1483252 -0.9889364 0.9610912 0.2762317 0 -0.9778968 0.2090882 0 -0.3596485 0.9210116 -0.1496347 -0.1750909 -0.9108617 -0.3737304 -0.9914695 0.1286528 -0.02090191 -0.3145521 0.4709627 -0.8241668 -0.9680316 0.233038 -0.09278041 1 0 0 -0.9875394 -0.1380369 -0.0755763 -0.3227957 -0.4197585 0.8482958 0.170117 -0.2827668 -0.9439827 1 0 0 -1 0 0 -0.05401563 -0.2196819 0.974075 0.9936581 0.1124439 0 -0.05422878 0.2005771 0.9781759 0 -0.2008727 -0.9796174 -0.9936581 0.1124441 0 -0.05470478 0.1535564 0.9866245 0 0.1537815 -0.9881049 -0.3128154 0.9448592 -0.09688997 -0.2876225 0.4636795 -0.8380184 -0.3232865 0.541619 0.7759734 -0.5611394 0.7983646 0.2184874 -0.9666304 -0.1605144 0.1996521 -0.9891082 0.1471629 -0.00283581 -0.9339121 0.352561 0.05923628 -0.6272209 -0.7727918 0.09688621 -0.654365 -0.3486909 0.6709852 -0.5743926 -0.7503701 0.3271362 -0.7515267 -0.6482661 -0.122306 -0.6164386 0.7733809 -0.147937 -0.7137578 0.6942292 -0.09271329 -0.7191734 0.6884726 -0.09378242 -0.7188397 -0.693293 0.05113124 -0.1794046 0.02233755 0.9835218 0.8727169 0.4820864 0.07718831 0.0410577 -0.06250476 -0.9971998 -0.8806896 -0.4729785 -0.02602416 0.5994089 0.6029754 0.526431 0.7112547 0.6997053 -0.06730002 0.7517641 0.6594321 5.08016e-4 0.7954835 0.4545574 0.4007288 -0.7112638 -0.528464 -0.4634973 -0.3258333 0.8191794 -0.4719936 0.1921026 -0.7751816 0.6018225 -0.7451568 0.5093187 0.4305065 -0.8451392 -0.4001411 -0.3544391 0.1523007 0.5550945 -0.8177254 -0.2617428 -0.4538889 0.8517487 0.5672742 0.7345931 -0.372254 -0.7434491 -0.6687797 -0.004146635 -0.3848492 0.7866559 0.4827668 0.3754399 -0.8029041 -0.4630225 0.8673492 0.4772164 -0.1413148 -0.5822084 -0.7599753 0.2889134 -0.533425 0.7664 0.357895 0.40631 -0.7587716 -0.5090952 0.9188024 0.3647081 0.1509639 -0.9095516 -0.4139971 -0.03636378 -0.3949927 0.6739837 0.6242811 0.3771113 -0.5717585 -0.7286146 0.6412284 0.6926658 -0.3302128 -0.6386672 -0.7084707 0.300289 0.01349425 -0.4841322 -0.8748909 0.2716333 -0.722291 -0.6360119 -0.1934357 -0.2665501 -0.9442107 0.5958438 0.7777954 -0.2000118 -0.6327134 -0.7572036 0.1622233 -0.02394568 0.4922537 0.8701225 0.754841 0.6419247 0.1347141 -0.7497667 -0.6443217 -0.1506635 -0.08311849 0.2962102 0.9514994 0.5002458 -0.8317709 -0.2406478 0.7297306 0.6626006 -0.1686825 -0.7293554 -0.6626332 0.1701707 -0.4565936 0.7981851 0.3929668 0.4757152 -0.8128722 -0.3360565 -0.05342721 0.2914384 0.9550964 0.4917063 0.8702929 -0.0285564 -0.5591725 -0.8263736 0.06657868 -0.0799058 -0.297504 -0.9513708 -0.9903377 -0.1386414 -0.003157973 0.01363641 -0.7036359 0.7104299 0.7517753 0.6587555 0.02958321 0.08342039 -0.1495421 -0.98523 -0.002099454 0.9865821 -0.1632528 -0.2227416 0.1672189 0.9604291 0.976245 0.2166557 0.002505958 0.08462452 -0.01012754 -0.9963614 -0.7329744 -0.6752609 0.08228832 -0.2092426 0.160299 0.9646357 0.6194881 0.779371 -0.09389215 0.0111916 0.05954027 -0.9981632 -0.08998382 -0.2353209 0.9677433 0.8993337 0.4366492 0.02315962 -0.9806944 -0.1343954 -0.1420443 -0.04043632 0.7932591 -0.6075401 -0.1770349 0.946619 0.2693908 0.9668898 0.2531104 -0.03254908 -0.9641122 -0.2094287 -0.1631791 0.08999127 0.2353225 -0.9677422 -0.579779 0.7236464 0.3744227 0.9115908 0.2176486 -0.348757 -0.9373576 -0.07566726 0.3400518 0.02385437 0.4147602 0.9096181 -0.6291087 0.7719233 0.09141618 0.8960663 0.4262344 -0.124055 -0.9400731 -0.3071326 0.1480953 -0.2098045 -0.1906289 -0.9589801 0.02177369 0.432496 -0.901373 -0.9183398 -0.3415001 -0.2000747 -0.3303832 0.3780912 0.8648087 0.3164127 -0.3290288 -0.8897321 0.9733745 -0.224927 -0.04415792 -0.7323281 -0.5670228 0.3770686 0.2265423 -0.7394315 0.6339714 -0.07024842 0.102193 0.9922811 -0.04886269 0.07322341 -0.9961179 0.5134446 0.7550556 0.4077571 -0.9214003 0.362411 0.1402849 0.1018646 -0.1151865 0.9881072 -0.07672899 0.1876678 -0.9792311 0.01678746 0.9768012 0.2134898 -0.6844354 -0.2453197 -0.6865614 -0.6612275 0.3216346 -0.6777385 -0.8577781 -0.2534537 0.4471889 -0.4435611 0.3052014 0.8426776</float_array>
          <technique_common>
            <accessor source="#deer_001-mesh-normals-array" count="619" stride="3">
              <param name="X" type="float"/>
              <param name="Y" type="float"/>
              <param name="Z" type="float"/>
            </accessor>
          </technique_common>
        </source>
        <source id="deer_001-mesh-map-0">
          <float_array id="deer_001-mesh-map-0-array" count="3756">0.6498 0.5094 0.6086 0.5712 0.6154 0.5039 0.01629996 0.6449 0.06589996 0.5607 0.06589996 0.6444 0.2229 0.7086 0.1832 0.6662 0.2053 0.639 0.487 0.5717 0.532 0.5144 0.532 0.5982 0.4214 0.4844 0.4739 0.3842 0.4739 0.4908 0.01629996 0.3147 0.08519995 0.1942999 0.08519995 0.3242 0.3658 0.31 0.3248 0.4138 0.3309 0.31 0.09429997 0.1813 0.01629996 0.0758 0.09429997 0.01629996 0.5956 0.6364 0.5504 0.6681 0.5494 0.6162 0.07119995 0.4474 0.05109995 0.3386 0.07119995 0.3372 0.2506 0.2869 0.3118 0.2261 0.3118 0.3488 0.5494 0.7444 0.5878 0.7078 0.5878 0.7657 0.1522 0.6265 0.1073 0.5791 0.1522 0.5524 0.3777 0.6923 0.3273 0.6254 0.3777 0.6244 0.0837 0.5477 0.02959996 0.4721 0.0837 0.4681 0.4879 0.6386 0.5326 0.6734 0.487 0.6933 0.7734 0.4901 0.7551 0.3814 0.7734 0.3856 0.5949 0.4908 0.5688 0.3814 0.5893 0.3845 0.7117 0.05249994 0.6767 0.0819 0.6809 0.01629996 0.4711 0.6843 0.4217 0.6387 0.4711 0.6152 0.4173 0.9315 0.4357 0.9516 0.4174 0.9504 0.7416 0.2789 0.7613 0.159 0.7613 0.2767 0.7504 0.1015 0.7247 0.03229999 0.7504 0.01629996 0.7925 0.1639 0.7743 0.274 0.776 0.159 0.3101 0.9389 0.2904 0.954 0.2903 0.9307 0.6118 0.9448 0.6266 0.9185 0.6266 0.9478 0.0654 0.8939 0.07789999 0.9215 0.06259995 0.9236 0.4211 0.2071 0.4562 0.2057 0.4562 0.3683 0.6787 0.1913 0.6261 0.1363 0.6787 0.1328 0.1642 0.1953999 0.1073 0.1389 0.1642 0.01629996 0.2309 0.615 0.1744 0.5615 0.2309 0.5494 0.6258 0.083 0.6637 0.03569996 0.6637 0.1197 0.4738 0.2897 0.5096 0.2106 0.5096 0.3433 0.3095 0.6156 0.2506 0.6595 0.2583 0.6291 0.5081 0.06729996 0.5586 0.114 0.5261 0.09959995 0.2506 0.1011 0.3001 0.1669999 0.2845 0.1927 0.446 0.1554 0.4784 0.1659 0.4834 0.192 0.3957 0.7707 0.3663 0.717 0.3957 0.7061 0.3248 0.7696 0.3533 0.7061 0.3533 0.791 0.2107 0.7405 0.234 0.7995 0.216 0.8022 0.8043 0.5904 0.8216 0.5063 0.8216 0.5971 0.904 0.7079 0.92 0.6728 0.92 0.7025 0.8044 0.6153 0.7852 0.7107 0.7852 0.6152 0.6806 0.72 0.6628 0.8118 0.6628 0.7162 0.7945 0.1152 0.8126 0.01629996 0.8126 0.1118 0.01629996 0.9426 0.03039997 0.9105 0.03039997 0.9468 0.5067 0.9615 0.487 0.945 0.5067 0.9433 0.07989996 0.9634 0.06259995 0.9366 0.07989996 0.9447 0.8338 0.4611 0.8238 0.4096 0.8338 0.3814 0.6122 0.1352 0.5933 0.1764 0.5904 0.1386 0.5227 0.3373 0.5524 0.3633 0.5226 0.3643 0.01629996 0.7936 0.04219996 0.7513 0.0496 0.7936 0.28 0.8077 0.2629 0.8454 0.2506 0.802 0.7373 0.6152 0.7133 0.7093 0.7167 0.6296 0.6736 0.2057 0.6603 0.2975 0.6416 0.2309 0.1959 0.3835 0.2376 0.4186 0.1958 0.4186 0.8262 0.1231999 0.8519 0.1449 0.8256 0.1403 0.4211 0.7361 0.4626 0.7613 0.4266 0.7665 0.8474 0.2584 0.8327 0.2366999 0.8426 0.2353 0.1976 0.8494 0.1676 0.8233 0.1976 0.8142 0.3082 0.4885 0.3051 0.5419 0.3034 0.5115 0.1305 0.8988 0.1075 0.8823 0.1305 0.8651 0.8749 0.2521 0.8962 0.2286 0.8962 0.2582 0.858 0.4931 0.8498 0.4764 0.858 0.4741 0.5792 0.9727 0.5936 0.951 0.5943 0.9727 0.1777999 0.9607 0.1676 0.9764 0.1689 0.9578 0.7408 0.1452 0.7504 0.1308 0.7504 0.1454 0.7133 0.7572 0.7375 0.8149 0.7231 0.8097 0.3163 0.1648 0.3378 0.1912 0.3131 0.1883 0.2114 0.8464 0.2335 0.8257 0.2335 0.8581 0.8829 0.02189999 0.8971 0.06309998 0.8906 0.06569999 0.7927 0.3431 0.816 0.2933 0.816 0.3614 0.8813 0.279 0.8961 0.3209 0.8876 0.3216 0.6628 0.8772 0.6777 0.8292 0.6777 0.8846 0.5341 0.877 0.5302 0.8827 0.5302 0.877 0.8749 0.2095 0.8884 0.1618 0.8884 0.2154999 0.3994 0.8997 0.4069 0.8495 0.4069 0.9025 0.1439999 0.8807 0.152 0.9274 0.1484 0.9287 0.6832 0.9204 0.6634 0.9077 0.6832 0.8977 0.5501 0.8501 0.5714 0.866 0.5494 0.8774 0.9093 0.2268 0.9249 0.2529 0.9092 0.2582 0.8689 0.8874 0.8536 0.9171 0.8535 0.8832 0.4964 0.1777999 0.5092 0.1522 0.5092 0.1906999 0.8754 0.6905 0.8901 0.6998 0.8793 0.7102 0.4667 0.9526 0.4525 0.9713 0.4507 0.9517 0.123 0.9758 0.1086 0.9564 0.1226 0.9563 0.6946 0.778 0.7003 0.7192 0.7003 0.7833 0.8925 0.1012 0.9072 0.1317 0.9 0.1386 0.9406 0.512 0.9502 0.5464 0.9458 0.5461 0.9376 0.9006 0.9503 0.8709 0.9503 0.9064 0.3663 0.8757 0.3863 0.8622 0.3863 0.8909 0.8819 0.8866 0.8969 0.8998 0.8841 0.9141 0.8551 0.01629996 0.8698 0.07659995 0.8585 0.07539999 0.3412 0.9702 0.3254 0.9486 0.3412 0.9482 0.9504 0.4154 0.9597 0.3853 0.9597 0.4222 0.8346 0.5312 0.8465 0.5877 0.8354 0.5975 0.08419996 0.4019 0.0934 0.349 0.0934 0.4279 0.09359997 0.5623 0.08209997 0.6418 0.07889997 0.5607 0.4511 0.8888 0.4725 0.8688 0.4726 0.8985 0.3527 0.1873 0.3746 0.1664 0.3746 0.1912 0.8468 0.4551 0.8584 0.3828 0.8584 0.46 0.9292 0.3361 0.9145 0.3622 0.914 0.3323 0.0647 0.8596 0.08539998 0.8403 0.08539998 0.8712 0.9037 0.5327 0.8873 0.5225 0.9037 0.5063 0.8537 0.962 0.8692 0.9368 0.8692 0.9653 0.5359 0.9324 0.5203 0.9028 0.5359 0.9019 0.9629 0.8075 0.9696 0.8462 0.9665 0.8468 0.6086 0.7288 0.6331 0.7933 0.6217 0.799 0.7511 0.8018 0.7721 0.7401 0.7721 0.809 0.8545 0.2752 0.8683 0.3384 0.8599 0.3393 0.9093 0.773 0.9182 0.7245 0.9182 0.7778 0.9716 0.8709 0.9674 0.9052 0.9633 0.875 0.868 0.3679 0.8565 0.3531 0.868 0.3523 0.6086 0.9644 0.6156 0.9763 0.6114 0.9806 0.6494 0.8123 0.6466 0.8164 0.6465 0.812 0.9312 0.7771 0.9377 0.7248 0.9377 0.7795 0.5951 0.887 0.5916 0.8374 0.5951 0.8394 0.1547 0.7401 0.1599 0.7884 0.1576 0.7896 0.8776 0.7674 0.8958 0.7238 0.8963 0.7674 0.4357 0.8672 0.4276 0.9076 0.4211 0.8654 0.6335 0.8543 0.6179 0.812 0.6314 0.8127 0.9167 0.5075 0.9276 0.5453 0.9218 0.5507 0.6956 0.97 0.7001 0.9389 0.7001 0.9697 0.9337 0.457 0.9445 0.4893 0.9393 0.4876 0.9605 0.2964 0.9697 0.2715 0.9697 0.3078 0.9678 0.5611 0.9749 0.5921 0.9717 0.592 0.8174 0.7073 0.8219 0.7002 0.822 0.7073 0.9698 0.9239 0.9752 0.9552 0.9698 0.9543 0.9743 0.7259 0.9683 0.7528 0.9683 0.7238 0.1901 0.3295 0.1932 0.359 0.1901 0.3598 0.4762 0.3638 0.4696 0.3569 0.4762 0.3563 0.9342 0.2779 0.9475 0.3035 0.9411 0.3073 0.9202 0.1267 0.9324 0.09499996 0.9324 0.1335999 0.9379 0.2226 0.9481 0.255 0.9429 0.2582 0.8777 0.7805 0.8817 0.7871 0.8776 0.7878 0.9463 0.7095 0.9401 0.6728 0.9463 0.6729 0.8056 0.2758 0.8157 0.2371 0.8157 0.2801 0.9602 0.05449998 0.9678 0.01769995 0.9678 0.0582 0.6489 0.777 0.6461 0.7829 0.6461 0.7769 0.5259 0.7139 0.5325 0.7729 0.5289 0.7771 0.5302 0.8629 0.5354 0.803 0.5354 0.8639 0.407 0.3768 0.405 0.31 0.407 0.3102 0.8714 0.5797 0.8595 0.5928 0.8644 0.5795 0.9559 0.621 0.9663 0.6489 0.9612 0.649 0.9656 0.348 0.9772 0.3368 0.9772 0.3545 0.3248 0.9232 0.3424 0.9043 0.3424 0.9352 0.8879 0.5979 0.9045 0.5637 0.9045 0.5998 0.9837 0.4675 0.9797 0.4452 0.9837 0.4442 0.08419996 0.4442 0.08919996 0.4515 0.0848 0.4518 0.124 0.9123 0.1073 0.9201 0.1096 0.9118 0.6273 0.9034 0.6086 0.8969 0.6273 0.8673 0.4075 0.3906 0.4035 0.409 0.4034 0.3898 0.2506 0.9674 0.262 0.9582 0.262 0.9764 0.4682 0.8482 0.4507 0.7841 0.4682 0.7795 0.8021 0.9647 0.7852 0.9514 0.8021 0.9455 0.9142 0.208 0.9014 0.1697 0.9142 0.159 0.8056 0.1872 0.8294 0.2222999 0.8068 0.2124 0.4055 0.6453 0.3907 0.6804 0.3922 0.6244 0.6628 0.6206 0.7003 0.7032 0.6712 0.6764 0.5667 0.3094 0.5226 0.2114 0.5667 0.2057 0.5511 0.6031 0.5879 0.5456 0.5956 0.6031 0.3408 0.4268 0.3789 0.5293 0.3248 0.5293 0.1734 0.4381 0.2258999 0.5363 0.1738 0.5328 0.3716 0.1342 0.3131 0.05259996 0.3716 0.01629996 0.1389 0.2264 0.1826 0.2982 0.1073 0.3156 0.3248 0.297 0.3767 0.2057 0.4081 0.297 0.7182 0.5876 0.7527 0.5473 0.7527 0.6021 0.2506 0.4755 0.302 0.3618 0.3026 0.4755 0.1284 0.3302 0.1771 0.4251 0.1073 0.4251 0.6286 0.2197999 0.5798 0.2463 0.5987 0.2057 0.2506 0.5825 0.2903 0.5275 0.2903 0.6026 0.5226 0.1927 0.5774 0.1352 0.5774 0.1917 0.6594 0.3814 0.6079 0.4569 0.6096 0.3925 0.3897 0.5423 0.3357 0.6003 0.3248 0.545 0.7503 0.7195 0.7721 0.6201 0.7721 0.7255 0.3846 0.1101 0.433 0.03159999 0.433 0.1496 0.6497 0.6435 0.6086 0.6752 0.6169 0.6133 0.06939995 0.658 0.01669996 0.7057 0.01629996 0.6584 0.2291 0.9249 0.2107 0.949 0.2107 0.9301 0.7384 0.5 0.7188 0.3849 0.7384 0.3814 0.7815 0.02149999 0.7634 0.1321 0.7651 0.01629996 0.2506 0.7082 0.276 0.7744 0.253 0.7889 0.6628 0.9389 0.6826 0.9627 0.6629 0.9555 0.9071 0.4596 0.9207 0.4871 0.9043 0.4893 0.8329 0.9245 0.8191 0.9512 0.8158 0.9297 0.4211 0.6022 0.4251 0.5039 0.466 0.6022 0.7357 0.3448 0.6901 0.3007 0.7357 0.2919 0.1772 0.04719996 0.2376 0.01629996 0.2376 0.1702 0.6128 0.04069995 0.5716 0.0934 0.5784 0.01629996 0.5036 0.3849 0.5381 0.4695 0.487 0.4847 0.2064999 0.1984 0.2376 0.2844 0.2161999 0.3625 0.6628 0.5819 0.7009 0.5039 0.7009 0.6021 0.1604 0.5394 0.1073 0.4912 0.1604 0.4381 0.446 0.08329999 0.4951 0.02399998 0.4951 0.1349 0.3873 0.8255 0.3994 0.7946 0.3994 0.8352 0.3091 0.6919 0.289 0.7874 0.289 0.6918 0.5996 0.3079 0.6283 0.3568 0.5798 0.3577 0.8309 0.08019995 0.8421 0.01629996 0.8421 0.09419995 0.8028 0.8147 0.7852 0.7417 0.8028 0.7238 0.9175 0.5659 0.9316 0.6015 0.9175 0.5973 0.7797 0.3579 0.7514 0.3038 0.7797 0.2933 0.08329999 0.8181 0.06259995 0.7331 0.08329999 0.7379 0.8045 0.4769 0.7864 0.3848 0.8045 0.3814 0.5951 0.9237 0.5792 0.9056 0.5951 0.9 0.5651 0.9425 0.5494 0.9701 0.5494 0.9488 0.766 0.941 0.7488 0.9554 0.7488 0.9367 0.2994 0.8409 0.3091 0.8005 0.3091 0.8658 0.1131 0.7541 0.1417 0.7892 0.1073 0.793 0.5513 0.8105 0.5829 0.788 0.5829 0.8243 0.7027 0.1479 0.7264 0.1909 0.6917 0.1922 0.8424 0.1754 0.8619 0.2165 0.8508 0.2221 0.7657 0.5363 0.7911 0.6021 0.7692 0.6015 0.7058 0.4772 0.6914 0.4107 0.7058 0.3814 0.7239 0.2217 0.6866 0.2789 0.7029 0.2057 0.3885 0.1865 0.4115 0.1629 0.4115 0.1895 0.1073 0.7068 0.1561 0.6609 0.1561 0.7241 0.9231 0.9246 0.9099 0.9522 0.9136 0.9239 0.6422 0.3629 0.6671 0.3337 0.6671 0.368 0.4081 0.6022 0.4051 0.5574 0.4081 0.5322 0.8813 0.3517 0.901 0.3346 0.901 0.3683 0.3525 0.8892 0.3252 0.8673 0.3525 0.8607 0.2115 0.9824 0.2182 0.9644 0.2182 0.983 0.8969 0.9575 0.8877 0.9277 0.8969 0.9271 0.809 0.129 0.7967 0.141 0.7945 0.1283 0.637 0.4767 0.6507 0.4892 0.6363 0.4907 0.8174 0.6671 0.8371 0.6152 0.8371 0.6871 0.4916 0.8594 0.515 0.8881 0.487 0.8889 0.131 0.845 0.1080999 0.8148 0.131 0.806 0.9114 0.3825 0.9057 0.4334 0.899 0.3814 0.8371 0.7928 0.8158 0.7427 0.8371 0.7238 0.8715 0.4297 0.886 0.382 0.886 0.4369 0.8624 0.6904 0.8501 0.6214 0.8624 0.6152 0.6461 0.7569 0.6496 0.7638 0.6461 0.7639 0.8891 0.8061 0.8952 0.8572 0.8819 0.8579 0.9522 0.1383 0.9454 0.09489995 0.9522 0.09069997 0.9507 0.7764 0.9553 0.7254 0.9553 0.7799 0.5071 0.9119 0.4871 0.9244 0.487 0.9019 0.01699995 0.8427 0.03959995 0.8141 0.03959995 0.852 0.2108 0.9086 0.2266 0.876 0.2266 0.9118 0.5495 0.8932 0.5638 0.9282 0.5494 0.9295 0.8308 0.9079 0.8158 0.877 0.8308 0.8663 0.451 0.9165 0.4709 0.9296 0.4507 0.9387 0.3681 0.9489 0.3824 0.9693 0.3663 0.9696 0.5343 0.9495 0.5215 0.9714 0.5201 0.9487 0.1521 0.8616 0.1439999 0.8118 0.1521 0.806 0.8754 0.656 0.891 0.6182 0.891 0.6651 0.9101 0.05229997 0.9227 0.01629996 0.9227 0.05919998 0.9212 0.319 0.9091 0.2758 0.9212 0.2715 0.8913 0.4793 0.8715 0.4646 0.8913 0.4499 0.2506 0.8866 0.2703 0.8724 0.2703 0.9012 0.8595 0.5665 0.8743 0.5063 0.8743 0.5654 0.9665 0.1593 0.9522 0.1885 0.9519 0.159 0.9681 0.2522 0.9611 0.2262 0.9681 0.2169 0.3919 0.4932 0.4047 0.4368 0.4047 0.5181 0.8415 0.3514 0.829 0.2958 0.8415 0.2715 0.4243 0.7807 0.4376 0.8505 0.4211 0.8524 0.1921 0.8944 0.1684 0.8671 0.1921 0.8624 0.0169 0.8924 0.0406 0.8672 0.0406 0.8975 0.8645 0.7888 0.8501 0.7301 0.8645 0.7238 0.1378 0.9441 0.152 0.969 0.1373 0.9695 0.7357 0.8624 0.7152 0.8394 0.7357 0.8279 0.7504 0.8574 0.7709 0.8378 0.7709 0.8697 0.9499 0.8367 0.9343 0.8091 0.9499 0.8058 0.1823 0.9149 0.168 0.9411 0.1676 0.9093 0.9632 0.5367 0.9714 0.5055 0.9714 0.5403 0.487 0.7763 0.5129 0.7123 0.5129 0.7894 0.1976 0.7955 0.1734 0.7343 0.1976 0.7216 0.8795 0.09149998 0.8703 0.1449 0.8649 0.09069997 0.7948 0.8934 0.7991 0.9317 0.7852 0.9325 0.9646 0.4873 0.9575 0.4471 0.9646 0.4442 0.6233 0.4901 0.6092 0.4759 0.6233 0.474 0.4268 0.9649 0.4205 0.9772 0.4173 0.9646 0.6493 0.8346 0.6466 0.8303 0.6493 0.8302 0.4009 0.9251 0.4043 0.9674 0.3967 0.9677 0.7488 0.9236 0.7551 0.8827 0.7637 0.9236 0.9593 0.7097 0.9659 0.6634 0.9659 0.7093 0.3348 0.804 0.3526 0.8477 0.3248 0.8477 0.918 0.6523 0.904 0.6236 0.918 0.6152 0.487 0.8448 0.5074 0.8024 0.5171 0.8448 0.9568 0.9239 0.9475 0.9521 0.9413 0.9242 0.6965 0.8748 0.7003 0.9061 0.6965 0.9062 0.9272 0.1937 0.9389 0.159 0.9389 0.2019 0.9429 0.6563 0.931 0.6225 0.9429 0.6152 0.04919999 0.9109 0.04589998 0.943 0.04339998 0.9105 0.3048 0.5864 0.3086 0.593 0.3034 0.5933 0.4318 0.1629 0.4245 0.1888 0.4245 0.1633999 0.9727 0.3814 0.9798 0.4076 0.9727 0.4067 0.6492 0.7161 0.6461 0.7438 0.6461 0.7171 0.1843 0.1845999 0.1776 0.1913 0.1772 0.1833 0.9357 0.04379999 0.9472 0.02239996 0.9472 0.05489999 0.9548 0.5948 0.9446 0.5732 0.9548 0.561 0.9422 0.36 0.9526 0.333 0.9526 0.3683 0.8502 0.7104 0.8542 0.7051 0.8542 0.7108 0.9099 0.9043 0.9246 0.8738 0.9246 0.9109 0.9374 0.4193 0.9244 0.3883 0.9374 0.3814 0.9716 0.1263999 0.9652 0.09729999 0.9716 0.09069997 0.5066 0.357 0.5096 0.3617 0.5066 0.3624 0.08559995 0.7095 0.09359997 0.6584 0.09359997 0.7152 0.643 0.8673 0.6463 0.925 0.6403 0.925 0.6944 0.8617 0.7003 0.7963 0.7003 0.8615 0.9683 0.7711 0.9769 0.7904 0.972 0.7886 0.6403 0.9669 0.6492 0.9383 0.6492 0.9713 0.01629996 0.9599 0.02679997 0.9782 0.01859998 0.9745 0.7133 0.9372 0.7317 0.9618 0.7135 0.9526 0.7137 0.8981 0.7286 0.9232 0.7133 0.9207 0.0467 0.9602 0.04299998 0.9827 0.03979998 0.9599 0.4936 0.3563 0.4892 0.3653 0.49 0.3581 0.3833 0.9358 0.3663 0.9228 0.3833 0.9039 0.2934 0.8998 0.3101 0.8788 0.3101 0.9177 0.1963 0.977 0.1922 0.958 0.1963 0.9578 0.8175 0.4807 0.8353 0.4741 0.8353 0.4925 0.8025 0.8332 0.7852 0.8794 0.7854 0.8387 0.2506 0.9394 0.2677 0.92 0.2677 0.9452 0.9212 0.8058 0.9212 0.8518 0.9083 0.8392 0.8409 0.8058 0.8158 0.8309 0.8175 0.8129 0.8689 0.8516 0.8539 0.8172 0.8689 0.8058 0.6498 0.5094 0.6498 0.6002 0.6086 0.5712 0.01629996 0.6449 0.01629996 0.5612 0.06589996 0.5607 0.2229 0.7086 0.1734 0.7086 0.1832 0.6662 0.487 0.5717 0.5047 0.4977 0.532 0.5144 0.4214 0.4844 0.4211 0.3814 0.4739 0.3842 0.01629996 0.3147 0.06669998 0.1975 0.08519995 0.1942999 0.3658 0.31 0.3904 0.4138 0.3248 0.4138 0.09429997 0.1813 0.04289996 0.1697 0.01629996 0.0758 0.5956 0.6364 0.5956 0.6948 0.5504 0.6681 0.07119995 0.4474 0.01629996 0.455 0.05109995 0.3386 0.2506 0.2869 0.2936 0.2057 0.3118 0.2261 0.5494 0.7444 0.5565 0.7132 0.5878 0.7078 0.1522 0.6265 0.1076 0.6479 0.1073 0.5791 0.3777 0.6923 0.3248 0.6931 0.3273 0.6254 0.0837 0.5477 0.01629996 0.5365 0.02959996 0.4721 0.4879 0.6386 0.5326 0.6112 0.5326 0.6734 0.7734 0.4901 0.7514 0.485 0.7551 0.3814 0.5949 0.4908 0.5511 0.4908 0.5688 0.3814 0.7117 0.05249994 0.7117 0.1083 0.6767 0.0819 0.4711 0.6843 0.4211 0.6907 0.4217 0.6387 0.4173 0.9315 0.4357 0.925 0.4357 0.9516 0.7416 0.2789 0.7449 0.1608999 0.7613 0.159 0.7504 0.1015 0.7272 0.1157 0.7247 0.03229999 0.7925 0.1639 0.7925 0.2797 0.7743 0.274 0.3101 0.9389 0.3101 0.9554 0.2904 0.954 0.6118 0.9448 0.6086 0.9232 0.6266 0.9185 0.0654 0.8939 0.07789999 0.8842 0.07789999 0.9215 0.6787 0.1913 0.6258 0.1909 0.6261 0.1363 0.1642 0.1953999 0.1424 0.1914 0.1073 0.1389 0.2309 0.615 0.1734 0.6259 0.1744 0.5615 0.6258 0.083 0.637 0.01629996 0.6637 0.03569996 0.4738 0.2897 0.4692 0.2057 0.5096 0.2106 0.3095 0.6156 0.3095 0.6788 0.2506 0.6595 0.5081 0.06729996 0.5586 0.01629996 0.5586 0.114 0.2506 0.1011 0.3001 0.01629996 0.3001 0.1669999 0.446 0.1554 0.4834 0.1479 0.4784 0.1659 0.3957 0.7707 0.3663 0.7816 0.3663 0.717 0.3248 0.7696 0.3342 0.7083 0.3533 0.7061 0.2107 0.7405 0.234 0.7216 0.234 0.7995 0.8043 0.5904 0.8041 0.5118 0.8216 0.5063 0.904 0.7079 0.904 0.6832 0.92 0.6728 0.8044 0.6153 0.8044 0.7108 0.7852 0.7107 0.6806 0.72 0.6806 0.8155 0.6628 0.8118 0.7945 0.1152 0.7945 0.01969999 0.8126 0.01629996 0.01629996 0.9426 0.01629996 0.9125 0.03039997 0.9105 0.5067 0.9615 0.487 0.9669 0.487 0.945 0.07989996 0.9634 0.06259995 0.9591 0.06259995 0.9366 0.8338 0.4611 0.8175 0.4374 0.8238 0.4096 0.6122 0.1352 0.6122 0.1873 0.5933 0.1764 0.5227 0.3373 0.5524 0.3282 0.5524 0.3633 0.01629996 0.7936 0.01889997 0.7331 0.04219996 0.7513 0.28 0.8077 0.28 0.8463 0.2629 0.8454 0.7373 0.6152 0.7373 0.7301 0.7133 0.7093 0.6736 0.2057 0.6736 0.3207 0.6603 0.2975 0.1959 0.3835 0.2153 0.3755 0.2376 0.4186 0.8262 0.1231999 0.8519 0.1072 0.8519 0.1449 0.4211 0.7361 0.4626 0.7037 0.4626 0.7613 0.8474 0.2584 0.8287 0.2584 0.8327 0.2366999 0.1976 0.8494 0.1680999 0.8447 0.1676 0.8233 0.3082 0.4885 0.3082 0.5732 0.3051 0.5419 0.1305 0.8988 0.1073 0.8951 0.1075 0.8823 0.8749 0.2521 0.8774 0.2286 0.8962 0.2286 0.858 0.4931 0.8483 0.4911 0.8498 0.4764 0.5792 0.9727 0.5852 0.9472 0.5936 0.951 0.1777999 0.9607 0.1791 0.9764 0.1676 0.9764 0.7408 0.1452 0.7406 0.1288 0.7504 0.1308 0.7133 0.7572 0.7375 0.7431 0.7375 0.8149 0.3163 0.1648 0.3378 0.1622 0.3378 0.1912 0.2114 0.8464 0.2107 0.8153 0.2335 0.8257 0.8829 0.02189999 0.8971 0.01629996 0.8971 0.06309998 0.7927 0.3431 0.8017 0.2968 0.816 0.2933 0.8813 0.279 0.8961 0.2715 0.8961 0.3209 0.6628 0.8772 0.6691 0.8286 0.6777 0.8292 0.5341 0.877 0.5341 0.8828 0.5302 0.8827 0.8749 0.2095 0.8822 0.159 0.8884 0.1618 0.3994 0.8997 0.4034 0.8483 0.4069 0.8495 0.1439999 0.8807 0.152 0.8778 0.152 0.9274 0.6832 0.9204 0.6628 0.9259 0.6634 0.9077 0.5501 0.8501 0.5714 0.8374 0.5714 0.866 0.9093 0.2268 0.9249 0.2229 0.9249 0.2529 0.8689 0.8874 0.8689 0.9228 0.8536 0.9171 0.4964 0.1777999 0.4993 0.1479 0.5092 0.1522 0.8754 0.6905 0.8901 0.6781 0.8901 0.6998 0.4667 0.9526 0.4667 0.9722 0.4525 0.9713 0.123 0.9758 0.1073 0.9758 0.1086 0.9564 0.6946 0.778 0.6971 0.7162 0.7003 0.7192 0.8925 0.1012 0.9072 0.09069997 0.9072 0.1317 0.9406 0.512 0.9502 0.5039 0.9502 0.5464 0.9376 0.9006 0.9446 0.8718 0.9503 0.8709 0.3663 0.8757 0.3685 0.8483 0.3863 0.8622 0.8819 0.8866 0.8969 0.8709 0.8969 0.8998 0.8551 0.01629996 0.8698 0.01729995 0.8698 0.07659995 0.3412 0.9702 0.3248 0.9704 0.3254 0.9486 0.9504 0.4154 0.9549 0.3814 0.9597 0.3853 0.8346 0.5312 0.8465 0.5063 0.8465 0.5877 0.08419996 0.4019 0.08599996 0.3372 0.0934 0.349 0.09359997 0.5623 0.09359997 0.6422 0.08209997 0.6418 0.4511 0.8888 0.4507 0.8612 0.4725 0.8688 0.3527 0.1873 0.3508 0.1629 0.3746 0.1664 0.8468 0.4551 0.8517 0.3814 0.8584 0.3828 0.9292 0.3361 0.9292 0.3683 0.9145 0.3622 0.0647 0.8596 0.06259995 0.8311 0.08539998 0.8403 0.9037 0.5327 0.8889 0.5507 0.8873 0.5225 0.8537 0.962 0.8535 0.9358 0.8692 0.9368 0.5359 0.9324 0.5201 0.9357 0.5203 0.9028 0.9629 0.8075 0.9696 0.8058 0.9696 0.8462 0.6086 0.7288 0.6331 0.7161 0.6331 0.7933 0.7511 0.8018 0.763 0.7386 0.7721 0.7401 0.8545 0.2752 0.8683 0.2715 0.8683 0.3384 0.9093 0.773 0.9154 0.7238 0.9182 0.7245 0.9716 0.8709 0.9716 0.9038 0.9674 0.9052 0.868 0.3679 0.8545 0.3671 0.8565 0.3531 0.6086 0.9644 0.6156 0.9608 0.6156 0.9763 0.6494 0.8123 0.6494 0.8172 0.6466 0.8164 0.9312 0.7771 0.9347 0.7238 0.9377 0.7248 0.5951 0.887 0.5844 0.8828 0.5916 0.8374 0.1547 0.7401 0.1599 0.7371 0.1599 0.7884 0.8776 0.7674 0.8862 0.7247 0.8958 0.7238 0.4357 0.8672 0.4357 0.912 0.4276 0.9076 0.6335 0.8543 0.6086 0.8543 0.6179 0.812 0.9167 0.5075 0.9276 0.5039 0.9276 0.5453 0.6956 0.97 0.6956 0.9392 0.7001 0.9389 0.9337 0.457 0.9445 0.4478 0.9445 0.4893 0.9605 0.2964 0.9636 0.2732 0.9697 0.2715 0.9678 0.5611 0.9749 0.561 0.9749 0.5921 0.8174 0.7073 0.8185 0.7002 0.8219 0.7002 0.9698 0.9239 0.9752 0.9249 0.9752 0.9552 0.9743 0.7259 0.9743 0.7548 0.9683 0.7528 0.1901 0.3295 0.1932 0.3286 0.1932 0.359 0.4762 0.3638 0.4692 0.3645 0.4696 0.3569 0.9342 0.2779 0.9475 0.2715 0.9475 0.3035 0.9202 0.1267 0.9265 0.09069997 0.9324 0.09499996 0.9379 0.2226 0.9481 0.2169 0.9481 0.255 0.8777 0.7805 0.8817 0.7804 0.8817 0.7871 0.9463 0.7095 0.933 0.7097 0.9401 0.6728 0.8056 0.2758 0.8109 0.2353 0.8157 0.2371 0.9602 0.05449998 0.9644 0.01629996 0.9678 0.01769995 0.6489 0.777 0.6489 0.783 0.6461 0.7829 0.5259 0.7139 0.5325 0.7064 0.5325 0.7729 0.5302 0.8629 0.5325 0.8024 0.5354 0.803 0.407 0.3768 0.4034 0.3763 0.405 0.31 0.8714 0.5797 0.8714 0.5987 0.8595 0.5928 0.9559 0.621 0.9663 0.6152 0.9663 0.6489 0.9656 0.348 0.9693 0.3284 0.9772 0.3368 0.3248 0.9232 0.3249 0.9063 0.3424 0.9043 0.8879 0.5979 0.8873 0.5787 0.9045 0.5637 0.9837 0.4675 0.9776 0.4683 0.9797 0.4452 0.08419996 0.4442 0.08919996 0.4409 0.08919996 0.4515 0.124 0.9123 0.124 0.9432 0.1073 0.9201 0.6273 0.9034 0.6102 0.9055 0.6086 0.8969 0.4075 0.3906 0.4075 0.4101 0.4035 0.409 0.4682 0.8482 0.4508 0.8436 0.4507 0.7841 0.8021 0.9647 0.7852 0.9705 0.7852 0.9514 0.8056 0.1872 0.8294 0.159 0.8294 0.2222999 0.4055 0.6453 0.4055 0.6924 0.3907 0.6804 0.6628 0.6206 0.7003 0.6152 0.7003 0.7032 0.5667 0.3094 0.5226 0.3151 0.5226 0.2114 0.5511 0.6031 0.5712 0.5039 0.5879 0.5456 0.3408 0.4268 0.3739 0.4268 0.3789 0.5293 0.1734 0.4381 0.2258999 0.4447 0.2258999 0.5363 0.3716 0.1342 0.3601 0.1491 0.3131 0.05259996 0.1389 0.2264 0.1826 0.2084 0.1826 0.2982 0.3248 0.297 0.3277 0.2189 0.3767 0.2057 0.7182 0.5876 0.7139 0.5326 0.7527 0.5473 0.2506 0.4755 0.2819 0.3633 0.302 0.3618 0.1284 0.3302 0.1491 0.3286 0.1771 0.4251 0.6286 0.2197999 0.6286 0.2949 0.5798 0.2463 0.2506 0.5825 0.2685 0.4885 0.2903 0.5275 0.5226 0.1927 0.5244 0.1386 0.5774 0.1352 0.6594 0.3814 0.6594 0.461 0.6079 0.4569 0.3897 0.5423 0.3897 0.6114 0.3357 0.6003 0.7503 0.7195 0.7539 0.6152 0.7721 0.6201 0.3846 0.1101 0.4105 0.01629996 0.433 0.03159999 0.6497 0.6435 0.6497 0.7031 0.6086 0.6752 0.06939995 0.658 0.06939995 0.7201 0.01669996 0.7057 0.2291 0.9249 0.2291 0.9514 0.2107 0.949 0.7384 0.5 0.7221 0.5029 0.7188 0.3849 0.7815 0.02149999 0.7815 0.1383 0.7634 0.1321 0.2506 0.7082 0.276 0.6918 0.276 0.7744 0.6628 0.9389 0.6826 0.9394 0.6826 0.9627 0.9071 0.4596 0.9207 0.4499 0.9207 0.4871 0.8329 0.9245 0.8329 0.9538 0.8191 0.9512 0.7357 0.3448 0.6866 0.3539 0.6901 0.3007 0.1772 0.04719996 0.2184 0.03429996 0.2376 0.01629996 0.6128 0.04069995 0.6128 0.1216 0.5716 0.0934 0.5036 0.3849 0.5381 0.3814 0.5381 0.4695 0.2064999 0.1984 0.2376 0.1833 0.2376 0.2844 0.6628 0.5819 0.6811 0.5062 0.7009 0.5039 0.1604 0.5394 0.1324 0.5328 0.1073 0.4912 0.446 0.08329999 0.48 0.01629996 0.4951 0.02399998 0.3873 0.8255 0.3663 0.8118 0.3994 0.7946 0.3091 0.6919 0.3091 0.7875 0.289 0.7874 0.5996 0.3079 0.6283 0.3171 0.6283 0.3568 0.8309 0.08019995 0.8256 0.01849997 0.8421 0.01629996 0.8028 0.8147 0.7853 0.8202 0.7852 0.7417 0.9175 0.5659 0.9316 0.5637 0.9316 0.6015 0.7797 0.3579 0.7514 0.3683 0.7514 0.3038 0.08329999 0.8181 0.06259995 0.8133 0.06259995 0.7331 0.8045 0.4769 0.7864 0.4803 0.7864 0.3848 0.5951 0.9237 0.5792 0.9342 0.5792 0.9056 0.5651 0.9425 0.5651 0.9682 0.5494 0.9701 0.766 0.941 0.766 0.9635 0.7488 0.9554 0.2994 0.8409 0.2934 0.8162 0.3091 0.8005 0.1131 0.7541 0.1417 0.7371 0.1417 0.7892 0.5513 0.8105 0.5494 0.7787 0.5829 0.788 0.7027 0.1479 0.7264 0.1328 0.7264 0.1909 0.8424 0.1754 0.8619 0.159 0.8619 0.2165 0.7657 0.5363 0.7911 0.5063 0.7911 0.6021 0.7058 0.4772 0.6724 0.4683 0.6914 0.4107 0.7239 0.2217 0.7286 0.2789 0.6866 0.2789 0.3885 0.1865 0.3876 0.1741 0.4115 0.1629 0.1073 0.7068 0.1148 0.6687 0.1561 0.6609 0.9231 0.9246 0.9283 0.9522 0.9099 0.9522 0.6422 0.3629 0.6416 0.3417 0.6671 0.3337 0.4081 0.6022 0.4033 0.583 0.4051 0.5574 0.8813 0.3517 0.8833 0.3394 0.901 0.3346 0.3525 0.8892 0.3248 0.8913 0.3252 0.8673 0.2115 0.9824 0.2107 0.9686 0.2182 0.9644 0.8969 0.9575 0.8826 0.9571 0.8877 0.9277 0.809 0.129 0.809 0.1447 0.7967 0.141 0.637 0.4767 0.6507 0.474 0.6507 0.4892 0.8174 0.6671 0.8249 0.6176 0.8371 0.6152 0.4916 0.8594 0.515 0.8578 0.515 0.8881 0.131 0.845 0.1073 0.8521 0.1080999 0.8148 0.9114 0.3825 0.9114 0.4339 0.9057 0.4334 0.8371 0.7928 0.8241 0.7895 0.8158 0.7427 0.8715 0.4297 0.878 0.3814 0.886 0.382 0.8624 0.6904 0.8567 0.6907 0.8501 0.6214 0.6461 0.7569 0.6496 0.7568 0.6496 0.7638 0.8891 0.8061 0.8952 0.8058 0.8952 0.8572 0.9522 0.1383 0.9491 0.1403 0.9454 0.09489995 0.9507 0.7764 0.9532 0.7238 0.9553 0.7254 0.5071 0.9119 0.5071 0.9303 0.4871 0.9244 0.01699995 0.8427 0.01629996 0.8066 0.03959995 0.8141 0.2108 0.9086 0.2107 0.8712 0.2266 0.876 0.5495 0.8932 0.5638 0.8905 0.5638 0.9282 0.8308 0.9079 0.8215 0.9115 0.8158 0.877 0.451 0.9165 0.4709 0.9115 0.4709 0.9296 0.3681 0.9489 0.3824 0.9489 0.3824 0.9693 0.5343 0.9495 0.5343 0.9719 0.5215 0.9714 0.1521 0.8616 0.1475999 0.8648 0.1439999 0.8118 0.8754 0.656 0.8816 0.6152 0.891 0.6182 0.9101 0.05229997 0.9167 0.01729995 0.9227 0.01629996 0.9212 0.319 0.9156 0.3171 0.9091 0.2758 0.8913 0.4793 0.8732 0.4926 0.8715 0.4646 0.2506 0.8866 0.2523 0.8594 0.2703 0.8724 0.8595 0.5665 0.8627 0.5073 0.8743 0.5063 0.9665 0.1593 0.9665 0.1885 0.9522 0.1885 0.9681 0.2522 0.9643 0.2575 0.9611 0.2262 0.3919 0.4932 0.3923 0.4268 0.4047 0.4368 0.8415 0.3514 0.8292 0.3614 0.829 0.2958 0.4243 0.7807 0.4376 0.7795 0.4376 0.8505 0.1921 0.8944 0.1676 0.8963 0.1684 0.8671 0.0169 0.8924 0.01629996 0.865 0.0406 0.8672 0.8645 0.7888 0.856 0.7915 0.8501 0.7301 0.1378 0.9441 0.152 0.9417 0.152 0.969 0.7357 0.8624 0.7133 0.8713 0.7152 0.8394 0.7504 0.8574 0.7488 0.8279 0.7709 0.8378 0.9499 0.8367 0.9342 0.838 0.9343 0.8091 0.1823 0.9149 0.1823 0.9448 0.168 0.9411 0.9632 0.5367 0.9677 0.5039 0.9714 0.5055 0.487 0.7763 0.498 0.7064 0.5129 0.7123 0.1976 0.7955 0.1841 0.8012 0.1734 0.7343 0.8795 0.09149998 0.8795 0.1446 0.8703 0.1449 0.7948 0.8934 0.7991 0.8937 0.7991 0.9317 0.9646 0.4873 0.9614 0.4893 0.9575 0.4471 0.6233 0.4901 0.6079 0.4908 0.6092 0.4759 0.4268 0.9649 0.4268 0.9792 0.4205 0.9772 0.6493 0.8346 0.6465 0.8351 0.6466 0.8303 0.4009 0.9251 0.4043 0.925 0.4043 0.9674 0.7488 0.9236 0.7503 0.8833 0.7551 0.8827 0.9593 0.7097 0.9629 0.6637 0.9659 0.6634 0.3348 0.804 0.3492 0.8048 0.3526 0.8477 0.918 0.6523 0.9103 0.6597 0.904 0.6236 0.487 0.8448 0.4913 0.8031 0.5074 0.8024 0.9568 0.9239 0.9568 0.9545 0.9475 0.9521 0.6965 0.8748 0.7003 0.8747 0.7003 0.9061 0.9272 0.1937 0.9324 0.1625 0.9389 0.159 0.9429 0.6563 0.9372 0.6519 0.931 0.6225 0.04919999 0.9109 0.04919999 0.9431 0.04589998 0.943 0.3048 0.5864 0.3086 0.5862 0.3086 0.593 0.4318 0.1629 0.4318 0.1881999 0.4245 0.1888 0.9727 0.3814 0.9798 0.3823 0.9798 0.4076 0.6492 0.7161 0.6492 0.7428 0.6461 0.7438 0.1843 0.1845999 0.1843 0.1926 0.1776 0.1913 0.9357 0.04379999 0.9415 0.01629996 0.9472 0.02239996 0.9548 0.5948 0.9498 0.6015 0.9446 0.5732 0.9422 0.36 0.9471 0.3284 0.9526 0.333 0.8502 0.7104 0.8501 0.7042 0.8542 0.7051 0.9099 0.9043 0.9177 0.8709 0.9246 0.8738 0.9374 0.4193 0.9314 0.4223 0.9244 0.3883 0.9716 0.1263999 0.9688 0.1291 0.9652 0.09729999 0.5066 0.357 0.5096 0.3563 0.5096 0.3617 0.08559995 0.7095 0.08919996 0.6552 0.09359997 0.6584 0.643 0.8673 0.6463 0.8673 0.6463 0.925 0.6944 0.8617 0.697 0.7964 0.7003 0.7963 0.9683 0.7711 0.9769 0.7678 0.9769 0.7904 0.6403 0.9669 0.6437 0.9381 0.6492 0.9383 0.01629996 0.9599 0.02679997 0.9601 0.02679997 0.9782 0.7133 0.9372 0.7317 0.9362 0.7317 0.9618 0.7137 0.8981 0.7286 0.8844 0.7286 0.9232 0.0467 0.9602 0.0467 0.9837 0.04299998 0.9827 0.4936 0.3563 0.4936 0.3659 0.4892 0.3653 0.3833 0.9358 0.3667 0.9316 0.3663 0.9228 0.2934 0.8998 0.2946 0.8881 0.3101 0.8788 0.1963 0.977 0.1922 0.9766 0.1922 0.958 0.8025 0.8332 0.8025 0.8803 0.7852 0.8794 0.2506 0.9394 0.2506 0.9142 0.2677 0.92 0.8409 0.8058 0.8409 0.8533 0.8158 0.8309 0.8689 0.8516 0.8548 0.8702 0.8539 0.8172</float_array>
          <technique_common>
            <accessor source="#deer_001-mesh-map-0-array" count="1878" stride="2">
              <param name="S" type="float"/>
              <param name="T" type="float"/>
            </accessor>
          </technique_common>
        </source>
        <vertices id="deer_001-mesh-vertices">
          <input semantic="POSITION" source="#deer_001-mesh-positions"/>
        </vertices>
        <triangles count="626">
          <input semantic="VERTEX" source="#deer_001-mesh-vertices" offset="0"/>
          <input semantic="NORMAL" source="#deer_001-mesh-normals" offset="1"/>
          <input semantic="TEXCOORD" source="#deer_001-mesh-map-0" offset="2" set="0"/>
          <p>5 0 0 9 0 1 3 0 2 5 1 3 0 1 4 1 1 5 0 2 6 27 2 7 25 2 8 155 3 9 1 3 10 0 3 11 156 4 12 2 4 13 3 4 14 165 5 15 11 5 16 8 5 17 3 6 18 4 6 19 5 6 20 28 7 21 187 7 22 25 7 23 10 8 24 13 8 25 9 8 26 171 9 27 15 9 28 16 9 29 171 10 30 7 10 31 165 10 32 1 11 33 165 11 34 8 11 35 5 12 36 8 12 37 10 12 38 156 13 39 9 13 40 164 13 41 173 14 42 12 14 43 171 14 44 13 15 45 173 15 46 170 15 47 11 16 48 17 16 49 18 16 50 12 17 51 11 17 52 15 17 53 10 18 54 12 18 55 14 18 56 164 19 57 13 19 58 170 19 59 17 20 60 22 20 61 18 20 62 15 21 63 20 21 64 16 21 65 7 22 66 20 22 67 17 22 68 11 23 69 19 23 70 15 23 71 20 24 72 23 24 73 24 24 74 17 25 75 24 25 76 21 25 77 18 26 78 23 26 79 19 26 80 25 27 81 27 27 82 28 27 83 2 28 84 186 28 85 26 28 86 155 29 87 32 29 88 187 29 89 2 30 90 27 30 91 4 30 92 186 31 93 6 31 94 26 31 95 26 32 96 28 32 97 27 32 98 32 33 99 34 33 100 36 33 101 0 34 102 31 34 103 29 34 104 25 35 105 32 35 106 31 35 107 0 36 108 30 36 109 155 36 110 36 37 111 38 37 112 40 37 113 31 38 114 33 38 115 29 38 116 31 39 117 36 39 118 35 39 119 29 40 120 34 40 121 30 40 122 40 41 123 42 41 124 44 41 125 35 42 126 37 42 127 33 42 128 36 43 129 39 43 130 35 43 131 33 44 132 38 44 133 34 44 134 37 45 135 43 45 136 41 45 137 40 46 138 43 46 139 39 46 140 37 47 141 42 47 142 38 47 143 45 48 144 53 48 145 46 48 146 189 49 147 45 49 148 6 49 149 46 50 150 213 50 151 47 50 152 213 51 153 48 51 154 47 51 155 47 52 156 50 52 157 49 52 158 47 53 159 45 53 160 46 53 161 6 54 162 49 54 163 28 54 164 50 55 165 219 55 166 49 55 167 48 56 168 218 56 169 50 56 170 191 57 171 49 57 172 219 57 173 51 58 174 57 58 175 53 58 176 46 59 177 54 59 178 211 59 179 209 60 180 54 60 181 52 60 182 209 61 183 51 61 184 45 61 185 55 62 186 61 62 187 57 62 188 53 63 189 58 63 190 54 63 191 52 64 192 58 64 193 56 64 194 52 65 195 55 65 196 51 65 197 112 66 198 105 66 199 111 66 200 62 67 201 64 67 202 66 67 203 56 68 204 62 68 205 60 68 206 92 69 207 72 69 208 91 69 209 66 70 210 68 70 211 70 70 212 61 71 213 63 71 214 57 71 215 61 72 216 66 72 217 65 72 218 57 73 219 64 73 220 58 73 221 67 74 222 70 74 223 68 74 224 65 75 225 67 75 226 63 75 227 66 76 228 69 76 229 65 76 230 64 77 231 67 77 232 68 77 233 84 78 234 76 78 235 83 78 236 93 79 237 71 79 238 73 79 239 92 80 240 73 80 241 74 80 242 91 81 243 71 81 244 94 81 245 78 82 246 80 82 247 76 82 248 85 83 249 75 83 250 77 83 251 85 84 252 78 84 253 84 84 254 86 85 255 76 85 256 75 85 257 82 86 258 132 86 259 80 86 260 77 87 261 79 87 262 81 87 263 78 88 264 81 88 265 82 88 266 76 89 267 79 89 268 75 89 269 74 90 270 83 90 271 72 90 272 73 91 273 86 91 274 85 91 275 85 92 276 89 92 277 90 92 278 71 93 279 83 93 280 86 93 281 89 94 282 126 94 283 90 94 284 84 95 285 88 95 286 89 95 287 85 96 288 87 96 289 73 96 290 73 97 291 88 97 292 74 97 293 97 98 294 91 98 295 95 98 296 96 99 297 94 99 298 93 99 299 96 100 300 102 100 301 97 100 302 95 101 303 94 101 304 98 101 305 60 102 306 95 102 307 56 102 308 59 103 309 98 103 310 96 103 311 59 104 312 97 104 313 60 104 314 55 105 315 95 105 316 98 105 317 102 106 318 129 106 319 130 106 320 92 107 321 102 107 322 99 107 323 93 108 324 101 108 325 96 108 326 93 109 327 99 109 328 100 109 329 103 110 330 109 110 331 105 110 332 111 111 333 118 111 334 113 111 335 114 112 336 106 112 337 104 112 338 112 113 339 104 113 340 103 113 341 108 114 342 109 114 343 107 114 344 105 115 345 110 115 346 106 115 347 104 116 348 110 116 349 108 116 350 103 117 351 108 117 352 107 117 353 59 118 354 111 118 355 61 118 356 61 119 357 113 119 358 62 119 359 60 120 360 113 120 361 114 120 362 59 121 363 114 121 364 112 121 365 117 122 366 122 122 367 118 122 368 106 123 369 118 123 370 116 123 371 105 124 372 117 124 373 111 124 374 105 125 375 116 125 376 115 125 377 121 126 378 120 126 379 122 126 380 116 127 381 122 127 382 120 127 383 115 128 384 121 128 385 117 128 386 115 129 387 120 129 388 119 129 389 124 130 390 126 130 391 125 130 392 89 131 393 124 131 394 125 131 395 90 132 396 123 132 397 87 132 398 88 133 399 123 133 400 124 133 401 130 134 402 128 134 403 127 134 404 99 135 405 130 135 406 127 135 407 100 136 408 129 136 409 101 136 410 99 137 411 128 137 412 100 137 413 132 138 414 133 138 415 131 138 416 81 139 417 131 139 418 133 139 419 81 140 420 134 140 421 82 140 422 79 141 423 132 141 424 131 141 425 136 142 426 138 142 427 137 142 428 142 143 429 143 143 430 146 143 431 135 144 432 142 144 433 138 144 434 137 145 435 142 145 436 141 145 437 135 146 438 140 146 439 139 146 440 136 147 441 141 147 442 140 147 443 146 148 444 144 148 445 145 148 446 141 149 447 146 149 448 145 149 449 140 150 450 143 150 451 139 150 452 141 151 453 144 151 454 140 151 455 318 152 456 319 152 457 149 152 458 317 153 459 149 153 460 319 153 461 316 154 462 148 154 463 317 154 464 170 155 465 147 155 466 316 155 467 147 156 468 173 156 469 148 156 470 173 157 471 149 157 472 148 157 473 163 158 474 159 158 475 153 158 476 159 159 477 150 159 478 158 159 479 150 160 480 188 160 481 158 160 482 151 161 483 155 161 484 150 161 485 152 162 486 156 162 487 153 162 488 167 163 489 165 163 490 162 163 491 153 164 492 158 164 493 152 164 494 187 165 495 190 165 496 184 165 497 169 166 498 166 166 499 163 166 500 171 167 501 174 167 502 168 167 503 161 168 504 171 168 505 165 168 506 151 169 507 165 169 508 157 169 509 159 170 510 162 170 511 151 170 512 156 171 513 163 171 514 153 171 515 173 172 516 168 172 517 172 172 518 173 173 519 169 173 520 170 173 521 167 174 522 176 174 523 161 174 524 168 175 525 167 175 526 162 175 527 166 176 528 168 176 529 162 176 530 164 177 531 169 177 532 163 177 533 181 178 534 176 178 535 177 178 536 179 179 537 174 179 538 175 179 539 161 180 540 179 180 541 175 180 542 178 181 543 167 181 544 174 181 545 179 182 546 182 182 547 178 182 548 176 183 549 183 183 550 179 183 551 182 184 552 177 184 553 178 184 554 184 185 555 190 185 556 188 185 557 152 186 558 186 186 559 154 186 560 195 187 561 155 187 562 187 187 563 188 188 564 152 188 565 158 188 566 160 189 567 186 189 568 185 189 569 190 190 570 185 190 571 188 190 572 195 191 573 197 191 574 193 191 575 150 192 576 194 192 577 184 192 578 184 193 579 195 193 580 187 193 581 193 194 582 150 194 583 155 194 584 199 191 585 201 191 586 197 191 587 196 37 588 194 37 589 192 37 590 194 195 591 199 195 592 195 195 593 197 196 594 192 196 595 193 196 596 203 197 597 205 197 598 201 197 599 200 37 600 198 37 601 196 37 602 202 198 603 199 198 604 198 198 605 201 199 606 196 199 607 197 199 608 200 200 609 206 200 610 202 200 611 206 201 612 203 201 613 202 201 614 205 202 615 200 202 616 201 202 617 222 203 618 208 203 619 210 203 620 208 204 621 189 204 622 160 204 623 210 205 624 213 205 625 211 205 626 214 206 627 213 206 628 212 206 629 212 207 630 217 207 631 214 207 632 208 208 633 212 208 634 210 208 635 160 209 636 216 209 637 212 209 638 217 210 639 219 210 640 218 210 641 214 211 642 218 211 643 215 211 644 191 212 645 216 212 646 190 212 647 226 213 648 220 213 649 222 213 650 223 214 651 210 214 652 211 214 653 209 215 654 223 215 655 211 215 656 220 216 657 209 216 658 208 216 659 230 217 660 224 217 661 226 217 662 227 218 663 222 218 664 223 218 665 221 219 666 227 219 667 223 219 668 224 220 669 221 220 670 220 220 671 274 221 672 281 221 673 280 221 674 231 222 675 233 222 676 227 222 677 225 223 678 231 223 679 227 223 680 241 224 681 261 224 682 260 224 683 235 225 684 237 225 685 233 225 686 232 226 687 230 226 688 226 226 689 230 227 690 235 227 691 231 227 692 233 228 693 226 228 694 227 228 695 239 229 696 236 229 697 237 229 698 236 230 699 234 230 700 232 230 701 238 231 702 235 231 703 234 231 704 233 232 705 236 232 706 232 232 707 245 233 708 253 233 709 252 233 710 262 234 711 240 234 712 263 234 713 261 235 714 242 235 715 262 235 716 240 236 717 260 236 718 263 236 719 249 237 720 247 237 721 245 237 722 254 238 723 244 238 724 255 238 725 247 239 726 254 239 727 253 239 728 255 240 729 245 240 730 252 240 731 301 241 732 251 241 733 249 241 734 246 242 735 248 242 736 244 242 737 247 243 738 250 243 739 246 243 740 248 244 741 245 244 742 244 244 743 252 245 744 243 245 745 241 245 746 242 246 747 255 246 748 240 246 749 254 247 750 258 247 751 253 247 752 240 248 753 252 248 754 241 248 755 295 249 756 258 249 757 259 249 758 253 250 759 257 250 760 243 250 761 256 251 762 254 251 763 242 251 764 257 252 765 242 252 766 243 252 767 260 253 768 266 253 769 264 253 770 265 254 771 263 254 772 267 254 773 271 255 774 265 255 775 266 255 776 263 256 777 264 256 778 267 256 779 264 257 780 229 257 781 225 257 782 228 258 783 267 258 784 224 258 785 266 259 786 228 259 787 229 259 788 224 260 789 264 260 790 225 260 791 271 261 792 298 261 793 270 261 794 261 262 795 271 262 796 266 262 797 270 263 798 262 263 799 265 263 800 262 264 801 268 264 802 261 264 803 278 265 804 272 265 805 274 265 806 287 266 807 280 266 808 282 266 809 283 267 810 275 267 811 282 267 812 281 268 813 273 268 814 283 268 815 278 269 816 277 269 817 276 269 818 279 270 819 274 270 820 275 270 821 273 271 822 279 271 823 275 271 824 272 272 825 277 272 826 273 272 827 280 273 828 228 273 829 230 273 830 282 274 831 230 274 832 231 274 833 229 275 834 282 275 835 231 275 836 228 276 837 283 276 838 229 276 839 291 277 840 286 277 841 287 277 842 275 278 843 287 278 844 282 278 845 286 279 846 274 279 847 280 279 848 274 280 849 285 280 850 275 280 851 289 281 852 290 281 853 291 281 854 285 282 855 291 282 856 287 282 857 290 283 858 284 283 859 286 283 860 284 284 861 289 284 862 285 284 863 293 285 864 295 285 865 292 285 866 258 286 867 293 286 868 257 286 869 292 287 870 259 287 871 256 287 872 257 288 873 292 288 874 256 288 875 299 289 876 297 289 877 298 289 878 268 290 879 299 290 880 271 290 881 298 291 882 269 291 883 270 291 884 297 292 885 268 292 886 269 292 887 302 293 888 301 293 889 300 293 890 250 294 891 300 294 892 248 294 893 303 295 894 250 295 895 251 295 896 248 296 897 301 296 898 249 296 899 307 297 900 305 297 901 306 297 902 311 298 903 312 298 904 308 298 905 311 299 906 304 299 907 307 299 908 306 300 909 311 300 910 307 300 911 304 301 912 309 301 913 305 301 914 305 302 915 310 302 916 306 302 917 313 303 918 315 303 919 314 303 920 310 304 921 315 304 922 311 304 923 312 305 924 309 305 925 308 305 926 313 306 927 310 306 928 309 306 929 318 307 930 322 307 931 319 307 932 317 308 933 322 308 934 321 308 935 316 309 936 321 309 937 320 309 938 170 310 939 316 310 940 320 310 941 173 311 942 320 311 943 321 311 944 173 312 945 322 312 946 318 312 947 5 313 948 10 313 949 9 313 950 5 314 951 4 314 952 0 314 953 0 315 954 4 315 955 27 315 956 155 316 957 157 316 958 1 316 959 156 317 960 154 317 961 2 317 962 165 318 963 7 318 964 11 318 965 3 319 966 2 319 967 4 319 968 28 320 969 191 320 970 187 320 971 10 321 972 14 321 973 13 321 974 171 322 975 12 322 976 15 322 977 171 323 978 16 323 979 7 323 980 1 324 981 157 324 982 165 324 983 5 325 984 1 325 985 8 325 986 156 326 987 3 326 988 9 326 989 173 327 990 14 327 991 12 327 992 13 328 993 14 328 994 173 328 995 11 329 996 7 329 997 17 329 998 12 330 999 8 330 1000 11 330 1001 10 331 1002 8 331 1003 12 331 1004 164 332 1005 9 332 1006 13 332 1007 17 333 1008 21 333 1009 22 333 1010 15 334 1011 19 334 1012 20 334 1013 7 335 1014 16 335 1015 20 335 1016 11 336 1017 18 336 1018 19 336 1019 20 337 1020 19 337 1021 23 337 1022 17 338 1023 20 338 1024 24 338 1025 18 339 1026 22 339 1027 23 339 1028 2 340 1029 154 340 1030 186 340 1031 155 341 1032 30 341 1033 32 341 1034 2 342 1035 26 342 1036 27 342 1037 186 343 1038 189 343 1039 6 343 1040 26 344 1041 6 344 1042 28 344 1043 32 345 1044 30 345 1045 34 345 1046 0 346 1047 25 346 1048 31 346 1049 25 347 1050 187 347 1051 32 347 1052 0 348 1053 29 348 1054 30 348 1055 36 37 1056 34 37 1057 38 37 1058 31 191 1059 35 191 1060 33 191 1061 31 349 1062 32 349 1063 36 349 1064 29 350 1065 33 350 1066 34 350 1067 40 351 1068 38 351 1069 42 351 1070 35 352 1071 39 352 1072 37 352 1073 36 353 1074 40 353 1075 39 353 1076 33 354 1077 37 354 1078 38 354 1079 37 355 1080 39 355 1081 43 355 1082 40 356 1083 44 356 1084 43 356 1085 37 357 1086 41 357 1087 42 357 1088 45 358 1089 51 358 1090 53 358 1091 189 359 1092 209 359 1093 45 359 1094 46 360 1095 211 360 1096 213 360 1097 213 361 1098 215 361 1099 48 361 1100 47 362 1101 48 362 1102 50 362 1103 47 363 1104 6 363 1105 45 363 1106 6 364 1107 47 364 1108 49 364 1109 50 365 1110 218 365 1111 219 365 1112 48 366 1113 215 366 1114 218 366 1115 191 367 1116 28 367 1117 49 367 1118 51 368 1119 55 368 1120 57 368 1121 46 369 1122 53 369 1123 54 369 1124 209 370 1125 211 370 1126 54 370 1127 209 371 1128 52 371 1129 51 371 1130 55 372 1131 59 372 1132 61 372 1133 53 373 1134 57 373 1135 58 373 1136 52 374 1137 54 374 1138 58 374 1139 52 375 1140 56 375 1141 55 375 1142 112 376 1143 103 376 1144 105 376 1145 62 377 1146 58 377 1147 64 377 1148 56 378 1149 58 378 1150 62 378 1151 92 379 1152 74 379 1153 72 379 1154 66 380 1155 64 380 1156 68 380 1157 61 381 1158 65 381 1159 63 381 1160 61 382 1161 62 382 1162 66 382 1163 57 383 1164 63 383 1165 64 383 1166 67 384 1167 69 384 1168 70 384 1169 65 385 1170 69 385 1171 67 385 1172 66 386 1173 70 386 1174 69 386 1175 64 387 1176 63 387 1177 67 387 1178 84 388 1179 78 388 1180 76 388 1181 93 389 1182 94 389 1183 71 389 1184 92 390 1185 93 390 1186 73 390 1187 91 391 1188 72 391 1189 71 391 1190 78 392 1191 82 392 1192 80 392 1193 85 393 1194 86 393 1195 75 393 1196 85 394 1197 77 394 1198 78 394 1199 86 395 1200 83 395 1201 76 395 1202 82 396 1203 134 396 1204 132 396 1205 77 397 1206 75 397 1207 79 397 1208 78 398 1209 77 398 1210 81 398 1211 76 399 1212 80 399 1213 79 399 1214 74 400 1215 84 400 1216 83 400 1217 73 401 1218 71 401 1219 86 401 1220 85 402 1221 84 402 1222 89 402 1223 71 403 1224 72 403 1225 83 403 1226 89 404 1227 125 404 1228 126 404 1229 84 405 1230 74 405 1231 88 405 1232 85 406 1233 90 406 1234 87 406 1235 73 407 1236 87 407 1237 88 407 1238 97 408 1239 92 408 1240 91 408 1241 96 409 1242 98 409 1243 94 409 1244 96 410 1245 101 410 1246 102 410 1247 95 411 1248 91 411 1249 94 411 1250 60 412 1251 97 412 1252 95 412 1253 59 413 1254 55 413 1255 98 413 1256 59 414 1257 96 414 1258 97 414 1259 55 415 1260 56 415 1261 95 415 1262 102 416 1263 101 416 1264 129 416 1265 92 417 1266 97 417 1267 102 417 1268 93 418 1269 100 418 1270 101 418 1271 93 419 1272 92 419 1273 99 419 1274 103 420 1275 107 420 1276 109 420 1277 111 421 1278 117 421 1279 118 421 1280 114 422 1281 113 422 1282 106 422 1283 112 423 1284 114 423 1285 104 423 1286 108 424 1287 110 424 1288 109 424 1289 105 425 1290 109 425 1291 110 425 1292 104 426 1293 106 426 1294 110 426 1295 103 427 1296 104 427 1297 108 427 1298 59 428 1299 112 428 1300 111 428 1301 61 429 1302 111 429 1303 113 429 1304 60 430 1305 62 430 1306 113 430 1307 59 431 1308 60 431 1309 114 431 1310 117 432 1311 121 432 1312 122 432 1313 106 433 1314 113 433 1315 118 433 1316 105 434 1317 115 434 1318 117 434 1319 105 435 1320 106 435 1321 116 435 1322 121 436 1323 119 436 1324 120 436 1325 116 437 1326 118 437 1327 122 437 1328 115 438 1329 119 438 1330 121 438 1331 115 439 1332 116 439 1333 120 439 1334 124 440 1335 123 440 1336 126 440 1337 89 441 1338 88 441 1339 124 441 1340 90 442 1341 126 442 1342 123 442 1343 88 443 1344 87 443 1345 123 443 1346 130 444 1347 129 444 1348 128 444 1349 99 445 1350 102 445 1351 130 445 1352 100 446 1353 128 446 1354 129 446 1355 99 447 1356 127 447 1357 128 447 1358 132 448 1359 134 448 1360 133 448 1361 81 449 1362 79 449 1363 131 449 1364 81 450 1365 133 450 1366 134 450 1367 79 451 1368 80 451 1369 132 451 1370 136 452 1371 135 452 1372 138 452 1373 142 453 1374 139 453 1375 143 453 1376 135 454 1377 139 454 1378 142 454 1379 137 455 1380 138 455 1381 142 455 1382 135 456 1383 136 456 1384 140 456 1385 136 457 1386 137 457 1387 141 457 1388 146 458 1389 143 458 1390 144 458 1391 141 459 1392 142 459 1393 146 459 1394 140 460 1395 144 460 1396 143 460 1397 141 461 1398 145 461 1399 144 461 1400 317 462 1401 148 462 1402 149 462 1403 316 463 1404 147 463 1405 148 463 1406 147 464 1407 170 464 1408 173 464 1409 173 465 1410 318 465 1411 149 465 1412 163 466 1413 166 466 1414 159 466 1415 159 467 1416 151 467 1417 150 467 1418 150 468 1419 184 468 1420 188 468 1421 151 469 1422 157 469 1423 155 469 1424 152 470 1425 154 470 1426 156 470 1427 167 471 1428 161 471 1429 165 471 1430 153 472 1431 159 472 1432 158 472 1433 187 473 1434 191 473 1435 190 473 1436 169 474 1437 172 474 1438 166 474 1439 171 475 1440 175 475 1441 174 475 1442 161 476 1443 175 476 1444 171 476 1445 151 477 1446 162 477 1447 165 477 1448 159 478 1449 166 478 1450 162 478 1451 156 479 1452 164 479 1453 163 479 1454 173 480 1455 171 480 1456 168 480 1457 173 481 1458 172 481 1459 169 481 1460 167 482 1461 177 482 1462 176 482 1463 168 483 1464 174 483 1465 167 483 1466 166 484 1467 172 484 1468 168 484 1469 164 485 1470 170 485 1471 169 485 1472 181 486 1473 180 486 1474 176 486 1475 179 487 1476 178 487 1477 174 487 1478 161 488 1479 176 488 1480 179 488 1481 178 489 1482 177 489 1483 167 489 1484 179 490 1485 183 490 1486 182 490 1487 176 491 1488 180 491 1489 183 491 1490 182 492 1491 181 492 1492 177 492 1493 152 493 1494 185 493 1495 186 493 1496 195 494 1497 193 494 1498 155 494 1499 188 495 1500 185 495 1501 152 495 1502 160 496 1503 189 496 1504 186 496 1505 190 497 1506 160 497 1507 185 497 1508 195 498 1509 199 498 1510 197 498 1511 150 499 1512 192 499 1513 194 499 1514 184 500 1515 194 500 1516 195 500 1517 193 501 1518 192 501 1519 150 501 1520 199 502 1521 203 502 1522 201 502 1523 196 503 1524 198 503 1525 194 503 1526 194 504 1527 198 504 1528 199 504 1529 197 350 1530 196 350 1531 192 350 1532 203 505 1533 207 505 1534 205 505 1535 200 37 1536 202 37 1537 198 37 1538 202 506 1539 203 506 1540 199 506 1541 201 507 1542 200 507 1543 196 507 1544 200 508 1545 204 508 1546 206 508 1547 206 509 1548 207 509 1549 203 509 1550 205 510 1551 204 510 1552 200 510 1553 222 511 1554 220 511 1555 208 511 1556 208 512 1557 209 512 1558 189 512 1559 210 513 1560 212 513 1561 213 513 1562 214 514 1563 215 514 1564 213 514 1565 212 515 1566 216 515 1567 217 515 1568 208 516 1569 160 516 1570 212 516 1571 160 517 1572 190 517 1573 216 517 1574 217 518 1575 216 518 1576 219 518 1577 214 519 1578 217 519 1579 218 519 1580 191 520 1581 219 520 1582 216 520 1583 226 521 1584 224 521 1585 220 521 1586 223 522 1587 222 522 1588 210 522 1589 209 523 1590 221 523 1591 223 523 1592 220 524 1593 221 524 1594 209 524 1595 230 525 1596 228 525 1597 224 525 1598 227 526 1599 226 526 1600 222 526 1601 221 527 1602 225 527 1603 227 527 1604 224 528 1605 225 528 1606 221 528 1607 274 529 1608 272 529 1609 281 529 1610 231 530 1611 235 530 1612 233 530 1613 225 531 1614 229 531 1615 231 531 1616 241 532 1617 243 532 1618 261 532 1619 235 533 1620 239 533 1621 237 533 1622 232 534 1623 234 534 1624 230 534 1625 230 535 1626 234 535 1627 235 535 1628 233 536 1629 232 536 1630 226 536 1631 239 537 1632 238 537 1633 236 537 1634 236 538 1635 238 538 1636 234 538 1637 238 539 1638 239 539 1639 235 539 1640 233 540 1641 237 540 1642 236 540 1643 245 541 1644 247 541 1645 253 541 1646 262 542 1647 242 542 1648 240 542 1649 261 543 1650 243 543 1651 242 543 1652 240 544 1653 241 544 1654 260 544 1655 249 545 1656 251 545 1657 247 545 1658 254 546 1659 246 546 1660 244 546 1661 247 547 1662 246 547 1663 254 547 1664 255 548 1665 244 548 1666 245 548 1667 301 549 1668 303 549 1669 251 549 1670 246 550 1671 250 550 1672 248 550 1673 247 551 1674 251 551 1675 250 551 1676 248 552 1677 249 552 1678 245 552 1679 252 553 1680 253 553 1681 243 553 1682 242 554 1683 254 554 1684 255 554 1685 254 555 1686 259 555 1687 258 555 1688 240 556 1689 255 556 1690 252 556 1691 295 557 1692 294 557 1693 258 557 1694 253 558 1695 258 558 1696 257 558 1697 256 559 1698 259 559 1699 254 559 1700 257 560 1701 256 560 1702 242 560 1703 260 561 1704 261 561 1705 266 561 1706 265 562 1707 262 562 1708 263 562 1709 271 563 1710 270 563 1711 265 563 1712 263 564 1713 260 564 1714 264 564 1715 264 565 1716 266 565 1717 229 565 1718 228 566 1719 265 566 1720 267 566 1721 266 567 1722 265 567 1723 228 567 1724 224 568 1725 267 568 1726 264 568 1727 271 569 1728 299 569 1729 298 569 1730 261 570 1731 268 570 1732 271 570 1733 270 571 1734 269 571 1735 262 571 1736 262 572 1737 269 572 1738 268 572 1739 278 573 1740 276 573 1741 272 573 1742 287 574 1743 286 574 1744 280 574 1745 283 575 1746 273 575 1747 275 575 1748 281 576 1749 272 576 1750 273 576 1751 278 577 1752 279 577 1753 277 577 1754 279 578 1755 278 578 1756 274 578 1757 273 579 1758 277 579 1759 279 579 1760 272 580 1761 276 580 1762 277 580 1763 280 581 1764 281 581 1765 228 581 1766 282 582 1767 280 582 1768 230 582 1769 229 583 1770 283 583 1771 282 583 1772 228 584 1773 281 584 1774 283 584 1775 291 585 1776 290 585 1777 286 585 1778 275 586 1779 285 586 1780 287 586 1781 286 587 1782 284 587 1783 274 587 1784 274 588 1785 284 588 1786 285 588 1787 289 589 1788 288 589 1789 290 589 1790 285 590 1791 289 590 1792 291 590 1793 290 591 1794 288 591 1795 284 591 1796 284 592 1797 288 592 1798 289 592 1799 293 593 1800 294 593 1801 295 593 1802 258 594 1803 294 594 1804 293 594 1805 292 595 1806 295 595 1807 259 595 1808 257 596 1809 293 596 1810 292 596 1811 299 597 1812 296 597 1813 297 597 1814 268 598 1815 296 598 1816 299 598 1817 298 599 1818 297 599 1819 269 599 1820 297 600 1821 296 600 1822 268 600 1823 302 601 1824 303 601 1825 301 601 1826 250 602 1827 302 602 1828 300 602 1829 303 603 1830 302 603 1831 250 603 1832 248 604 1833 300 604 1834 301 604 1835 307 605 1836 304 605 1837 305 605 1838 311 606 1839 315 606 1840 312 606 1841 311 607 1842 308 607 1843 304 607 1844 306 608 1845 310 608 1846 311 608 1847 304 609 1848 308 609 1849 309 609 1850 305 610 1851 309 610 1852 310 610 1853 313 611 1854 312 611 1855 315 611 1856 310 612 1857 314 612 1858 315 612 1859 312 613 1860 313 613 1861 309 613 1862 313 614 1863 314 614 1864 310 614 1865 317 615 1866 319 615 1867 322 615 1868 316 616 1869 317 616 1870 321 616 1871 173 617 1872 170 617 1873 320 617 1874 173 618 1875 321 618 1876 322 618 1877</p>
        </triangles>
      </mesh>
    </geometry>
    <geometry id="deer-mesh" name="deer">
      <mesh>
        <source id="deer-mesh-positions">
          <float_array id="deer-mesh-positions-array" count="969">0.156998 -0.2699437 0.09575152 0.09758305 -0.2699437 -0.2182444 0.156998 0.1211463 0.1024045 0.156998 0.0440523 -0.2182444 0.219502 -0.1292406 0.09575152 0.1600871 -0.1292406 -0.2182444 0.104449 0.4243753 0.4208986 0.05595403 -0.5992667 -0.6642774 0.1976661 -0.2347676 -0.4272625 0.156998 0.05495131 -0.4272625 0.219502 -0.08230066 -0.5023825 0.130288 -0.5996937 -0.6643375 0.1976661 -0.2347676 -0.6193335 0.156998 0.08447331 -0.5880125 0.219502 -0.04332768 -0.6828265 0.130288 -0.5880497 -0.7475605 0.05595403 -0.5876227 -0.7475005 0.06815004 -0.9590917 -0.5572935 0.1301 -0.9594758 -0.5574795 0.1301 -0.9452537 -0.6497585 0.06815004 -0.9448687 -0.6495715 0.05373704 -1.009239 -0.5252515 0.14074 -1.009239 -0.5254415 0.14074 -1.009239 -0.6400755 0.05373704 -1.009239 -0.6398855 0.1673941 -0.1754227 0.4019175 0.156998 0.1500053 0.2800335 0.1930471 -0.1288487 0.2736275 0.138607 0.3186363 0.5117025 0.144144 -0.3814607 0.1314725 0.07534605 -0.3400707 0.1314725 0.144144 -0.4578577 0.2710086 0.07534605 -0.4164677 0.3176686 0.144144 -0.6438607 0.1363485 0.07534605 -0.6438607 0.1363485 0.144144 -0.6438607 0.2290595 0.07534605 -0.6438607 0.2328745 0.144144 -0.9411947 0.1973175 0.07534605 -0.9411947 0.1973175 0.144144 -0.9411947 0.2900295 0.07534605 -0.9411947 0.2938435 0.1512261 -1.003778 0.1875775 0.06826406 -1.003778 0.1875775 0.1512261 -1.003778 0.2993766 0.06826406 -1.003778 0.3039765 0.08825504 0.5342123 0.4724985 0.08825504 0.5537283 0.7165905 0.09873205 0.4695463 0.7709835 0.06146901 0.4310633 0.9067326 0.09873205 0.3912723 0.7080535 0.06146901 0.3827923 0.8816475 0.03913605 0.5577763 0.5437086 0.01155304 0.5865893 0.5437086 0.05977505 0.5597073 0.6291705 0.009209036 0.6013413 0.6361246 0.07633602 0.6015823 0.5401015 0.03464502 0.6289683 0.5401015 0.07633602 0.5854583 0.6255646 0.03464502 0.6141713 0.6325176 0.127594 0.6540183 0.5304636 0.08590304 0.6801463 0.5304636 0.127594 0.6603213 0.6159265 0.08590304 0.6890353 0.6228806 0.2221921 0.6572503 0.7645946 0.2046191 0.6718283 0.7777625 0.221789 0.6879743 0.7289456 0.204216 0.7025513 0.7421135 0.3080121 0.7962553 0.8122956 0.299966 0.8029293 0.8183246 0.3078281 0.8103223 0.7959735 0.299782 0.8169963 0.8020026 0.155278 0.6834433 0.2569035 0.1180601 0.7116813 0.2381155 0.20538 0.7390493 0.2713995 0.1681621 0.7687873 0.2526115 0.2528041 0.7307263 0.1413195 0.222491 0.7572253 0.1260175 0.2936111 0.7664763 0.1531255 0.263298 0.7947203 0.1378235 0.3104971 0.8138603 0.03602552 0.2934821 0.8205003 0.03962153 0.3236461 0.8416073 0.04902052 0.306631 0.8482473 0.05261749 0.178667 0.7433583 0.1788715 0.225678 0.7933623 0.1924725 0.260599 0.7628463 0.2101015 0.213588 0.7147023 0.1965005 0.3961681 0.8720183 0.1909245 0.3681021 0.8984273 0.1767565 0.387369 0.9015253 0.1314065 0.413703 0.8767673 0.1447005 0.07986205 0.6680583 0.3447325 0.130243 0.7254813 0.3534055 0.16854 0.6974993 0.3676605 0.1181591 0.6409013 0.3589875 0.07323604 0.6437813 0.4424166 0.1640501 0.6732403 0.4490615 0.1240561 0.6996273 0.4419345 0.113231 0.6174283 0.4495446 0.32081 0.8326503 0.3381865 0.341261 0.8126403 0.3461616 0.3342651 0.8115303 0.3911415 0.313951 0.8303783 0.3870486 0.241297 0.7966933 0.5266596 0.217607 0.7967123 0.5286626 0.242167 0.7959503 0.5696075 0.218896 0.7961093 0.5748445 0.263482 0.9552433 0.5231636 0.252879 0.9557003 0.5240595 0.2638711 0.9577203 0.5364086 0.2534561 0.9581303 0.5387526 0.21858 0.7587963 0.5798265 0.217881 0.7526153 0.5353326 0.187294 0.7673313 0.5851945 0.186261 0.7606033 0.5361636 0.261426 0.8544293 0.6472446 0.249951 0.8561523 0.6487305 0.2636601 0.8478503 0.6688936 0.247659 0.8502523 0.6709656 0.2847731 0.9462103 0.6673915 0.273299 0.9479333 0.6688776 0.2870081 0.9396313 0.6890406 0.2710061 0.9420333 0.6911125 0.4235851 0.9808623 0.1406235 0.409178 0.9959843 0.1333505 0.419068 1.000105 0.1100705 0.432587 0.9857433 0.1168955 0.3725131 0.9385123 0.3284546 0.381942 0.9303923 0.3321315 0.3787171 0.9305203 0.3528686 0.369351 0.9384213 0.3509815 0.359243 0.9941683 -0.04799044 0.349811 0.9978493 -0.04599642 0.366532 1.009549 -0.04078644 0.3571001 1.01323 -0.03879243 0.09578406 0.4640563 0.5608295 0.07886403 0.5356103 0.5693225 0.07906204 0.5326743 0.5906836 0.09054601 0.4791053 0.5996356 0.160018 0.4459363 0.5626485 0.138984 0.5755103 0.5711416 0.139337 0.5695523 0.5826185 0.1539011 0.4726083 0.5915716 0.2157821 0.5381893 0.5700066 0.201583 0.5721973 0.5754116 0.2016791 0.5692273 0.5890075 0.211125 0.5434603 0.5869776 0.03969103 0.08721625 -0.7465745 0.03969103 0.01527529 -0.7807164 0.03969103 -0.1582347 -0.7178745 -0.1569979 -0.2699437 0.09575152 -0.09758293 -0.2699437 -0.2182444 -0.1569979 0.1211463 0.1024045 -0.1569979 0.0440523 -0.2182444 0 0.1819663 0.09119051 0 -0.3398977 0.09575152 0 0.1060193 -0.2182444 0 -0.3107507 -0.2182444 -0.2195019 -0.1292406 0.09575152 -0.1600869 -0.1292406 -0.2182444 -0.1044489 0.4243753 0.4208986 -0.05595391 -0.5992667 -0.6642774 -0.1976669 -0.2347676 -0.4272625 -0.1569979 0.05495131 -0.4272625 0 0.1040292 -0.4272625 0 -0.3079827 -0.3558714 -0.2195019 -0.08230066 -0.5023825 -0.1302879 -0.5996937 -0.6643375 -0.1976669 -0.2347676 -0.6193335 -0.1569979 0.08447331 -0.5880125 0 0.1395432 -0.6407835 0 -0.2491446 -0.6193335 -0.2195019 -0.04332768 -0.6828265 0 -0.03705167 -0.7408725 -0.1302879 -0.5880497 -0.7475605 -0.05595391 -0.5876227 -0.7475005 -0.06814992 -0.9590917 -0.5572935 -0.1300999 -0.9594758 -0.5574795 -0.1300999 -0.9452537 -0.6497585 -0.06814992 -0.9448687 -0.6495715 -0.05373692 -1.009239 -0.5252515 -0.1407399 -1.009239 -0.5254415 -0.1407399 -1.009239 -0.6400755 -0.05373692 -1.009239 -0.6398855 -0.1673939 -0.1754227 0.4019175 -0.1569979 0.1500053 0.2800335 0 0.2075953 0.2571575 0 -0.0450437 0.6219785 -0.1930469 -0.1288487 0.2736275 0 0.4464283 0.3936365 -0.1386069 0.3186363 0.5117025 0 0.2586413 0.5771865 -0.1441439 -0.3814607 0.1314725 -0.07534593 -0.3400707 0.1314725 -0.1441439 -0.4578577 0.2710086 -0.07534593 -0.4164677 0.3176686 -0.1441439 -0.6438607 0.1363485 -0.07534593 -0.6438607 0.1363485 -0.1441439 -0.6438607 0.2290595 -0.07534593 -0.6438607 0.2328745 -0.1441439 -0.9411947 0.1973175 -0.07534593 -0.9411947 0.1973175 -0.1441439 -0.9411947 0.2900295 -0.07534593 -0.9411947 0.2938435 -0.1512259 -1.003778 0.1875775 -0.06826394 -1.003778 0.1875775 -0.1512259 -1.003778 0.2993766 -0.06826394 -1.003778 0.3039765 -0.08825492 0.5342123 0.4724985 0 0.5889573 0.4724985 -0.08825492 0.5537283 0.7165905 0 0.6145113 0.7313116 -0.09873193 0.4695463 0.7709835 0 0.5073893 0.7857035 -0.06146889 0.4310633 0.9067326 0 0.4562973 0.9723966 -0.09873193 0.3912723 0.7080535 -0.06146889 0.3827923 0.8816475 0 0.3480173 0.9235225 0 0.3092993 0.6933836 -0.03913593 0.5577763 0.5437086 -0.01155292 0.5865893 0.5437086 -0.05977392 0.5597073 0.6291705 -0.009208917 0.6013413 0.6361246 -0.0763359 0.6015823 0.5401015 -0.03464388 0.6289683 0.5401015 -0.0763359 0.5854583 0.6255646 -0.03464388 0.6141713 0.6325176 -0.1275939 0.6540183 0.5304636 -0.08590292 0.6801463 0.5304636 -0.1275939 0.6603213 0.6159265 -0.08590292 0.6890353 0.6228806 -0.2221919 0.6572503 0.7645946 -0.2046189 0.6718283 0.7777625 -0.2217889 0.6879743 0.7289456 -0.2042159 0.7025513 0.7421135 -0.308012 0.7962553 0.8122956 -0.2999659 0.8029293 0.8183246 -0.3078269 0.8103223 0.7959735 -0.2997819 0.8169963 0.8020026 -0.1552779 0.6834433 0.2569035 -0.1180599 0.7116813 0.2381155 -0.2053799 0.7390493 0.2713995 -0.1681619 0.7687873 0.2526115 -0.2528039 0.7307263 0.1413195 -0.2224909 0.7572253 0.1260175 -0.2936109 0.7664763 0.1531255 -0.2632979 0.7947203 0.1378235 -0.3104969 0.8138603 0.03602552 -0.293482 0.8205003 0.03962153 -0.323646 0.8416073 0.04902052 -0.3066309 0.8482473 0.05261749 -0.1786669 0.7433583 0.1788715 -0.2256779 0.7933623 0.1924725 -0.2605989 0.7628463 0.2101015 -0.2135879 0.7147023 0.1965005 -0.3961679 0.8720183 0.1909245 -0.368102 0.8984273 0.1767565 -0.3873689 0.9015253 0.1314065 -0.4137029 0.8767673 0.1447005 -0.07986193 0.6680583 0.3447325 -0.1302429 0.7254813 0.3534055 -0.1685399 0.6974993 0.3676605 -0.1181589 0.6409013 0.3589875 -0.07323592 0.6437813 0.4424166 -0.1640499 0.6732403 0.4490615 -0.1240559 0.6996273 0.4419345 -0.1132309 0.6174283 0.4495446 -0.3208099 0.8326503 0.3381865 -0.3412609 0.8126403 0.3461616 -0.3342649 0.8115303 0.3911415 -0.3139509 0.8303783 0.3870486 -0.2412969 0.7966933 0.5266596 -0.2176069 0.7967123 0.5286626 -0.2421669 0.7959503 0.5696075 -0.2188959 0.7961093 0.5748445 -0.2634819 0.9552433 0.5231636 -0.2528789 0.9557003 0.5240595 -0.263871 0.9577203 0.5364086 -0.2534559 0.9581303 0.5387526 -0.2185799 0.7587963 0.5798265 -0.2178809 0.7526153 0.5353326 -0.1872939 0.7673313 0.5851945 -0.1862609 0.7606033 0.5361636 -0.2614259 0.8544293 0.6472446 -0.2499509 0.8561523 0.6487305 -0.26366 0.8478503 0.6688936 -0.2476589 0.8502523 0.6709656 -0.2847729 0.9462103 0.6673915 -0.2732989 0.9479333 0.6688776 -0.2870079 0.9396313 0.6890406 -0.2710059 0.9420333 0.6911125 -0.4235849 0.9808623 0.1406235 -0.4091779 0.9959843 0.1333505 -0.4190679 1.000105 0.1100715 -0.4325869 0.9857433 0.1168955 -0.3725129 0.9385123 0.3284546 -0.3819419 0.9303923 0.3321315 -0.378717 0.9305203 0.3528686 -0.3693509 0.9384213 0.3509815 -0.3592429 0.9941683 -0.04798942 -0.3498109 0.9978493 -0.04599642 -0.3665319 1.009549 -0.04078644 -0.3571 1.01323 -0.03879243 -0.09578394 0.4640563 0.5608295 -0.07886391 0.5356103 0.5693225 -0.07906192 0.5326743 0.5906836 -0.09054589 0.4791053 0.5996356 -0.1600179 0.4459363 0.5626485 -0.1389839 0.5755103 0.5711416 -0.1393369 0.5695523 0.5826185 -0.1539009 0.4726083 0.5915716 -0.2157819 0.5381893 0.5700066 -0.2015829 0.5721973 0.5754116 -0.2016789 0.5692273 0.5890075 -0.2111249 0.5434603 0.5869776 0 0.08721625 -0.7852994 0 0.01527529 -0.8194405 0 -0.1824266 -0.6821064 0 -0.1853396 -0.7477574 -0.03969091 0.08721625 -0.7465745 -0.03969091 0.01527529 -0.7807164 -0.03969091 -0.1582347 -0.7178745</float_array>
          <technique_common>
            <accessor source="#deer-mesh-positions-array" count="323" stride="3">
              <param name="X" type="float"/>
              <param name="Y" type="float"/>
              <param name="Z" type="float"/>
            </accessor>
          </technique_common>
        </source>
        <source id="deer-mesh-normals">
          <float_array id="deer-mesh-normals-array" count="1857">0.9998409 0.0178225 9.29335e-4 0.9005203 -0.4000349 -0.1703983 0.9421136 -0.3280565 0.06928926 0.405797 -0.910732 -0.0767858 0.3582858 0.9077436 -0.2182497 0.4558041 -0.5425544 0.7056042 0.9824137 0.0175119 -0.1858944 0.763476 -0.09738564 0.6384517 0.921744 0.38142 0.07004839 0.001281917 0.3543049 -0.9351291 -0.9875657 -0.1534273 -0.03426432 0.3505758 -0.9364782 0.01026254 0.9793248 -0.04284876 0.1977041 0.2983518 0.9544128 -0.009086668 0.03613895 -0.4968716 -0.8670713 0.4219287 0.4470419 -0.788752 0.004642248 0.28471 0.9586025 0.9836174 -0.1785295 -0.02497863 0.9921927 -0.1219035 -0.02632921 0.2792918 0.947194 0.1575425 0.005883514 0.5422037 0.8402265 -0.002297103 -0.2644413 -0.964399 -0.9993548 -0.03549921 -0.005471527 0.9999999 -5.47221e-4 -7.65743e-5 -0.002158939 -0.1483252 -0.9889364 -0.9610912 0.2762317 0 0.9854838 0.1677885 0.02585935 0.9796259 0.01253938 0.2004393 0.3596486 0.9210117 -0.1496347 -0.9187115 -0.3445318 0.1930471 0.961217 0.2361635 0.1424387 0.2965244 0.4805264 -0.8253288 0.9915946 0.12853 -0.01483881 -1 0 0 0.9875394 -0.1380369 -0.0755763 0.3227957 -0.4197584 0.8482958 0.3081376 -0.6915548 -0.6533018 -1 0 0 1 0 0 0.05401563 -0.2196819 0.974075 -0.009654402 -0.01604777 -0.9998246 -0.9936581 0.1124439 0 1 0 0 0.05424153 0.2005802 0.9781746 0 -0.2008727 -0.9796174 0.9936581 0.1124441 0 0.05469691 0.1535462 0.9866265 0 0.1537821 -0.9881048 0.4133211 0.9076888 -0.07257276 0.312708 0.4412581 -0.8411332 0.3232865 0.541619 0.7759734 0.3803228 0.8571342 0.3473839 0.9666304 -0.1605143 0.1996521 0.9930264 0.1175177 -0.009395897 0.9339121 0.352561 0.05923628 0.6272209 -0.7727918 0.09688621 0.6543651 -0.3486908 0.6709852 0.5743926 -0.7503701 0.3271362 0.8147196 -0.5497759 -0.1843326 0.5593414 0.8267433 -0.06027364 0.7137578 0.6942292 -0.09271329 0.5253467 0.8469163 0.08212023 0.8137991 -0.5710715 -0.1077421 0.1388225 0.003194034 0.9903122 -0.8727079 0.4821022 0.07719045 -0.04549074 -0.0435478 -0.9980152 0.8500593 -0.5233331 0.05934548 -0.5994091 0.6029752 0.5264312 -0.7112615 0.6996984 -0.06729954 -0.7517319 0.6594688 5.00151e-4 -0.7954835 0.4545574 0.4007288 0.7042657 -0.5413362 -0.4593093 0.3258334 0.8191792 -0.4719936 -0.3446167 -0.6616399 0.665937 0.7451106 0.5093351 0.4305672 0.8451389 -0.4001538 -0.3544253 -0.1523007 0.5550891 -0.8177289 0.2617428 -0.4538887 0.8517487 -0.6350765 0.6909819 -0.3452854 0.7434492 -0.6687797 -0.004146635 0.3848493 0.7866558 0.4827669 -0.3868352 -0.7927706 -0.4710343 -0.6744121 0.7382318 -0.01349198 0.582209 -0.7599747 0.2889137 0.5014715 0.7845485 0.3647054 -0.40631 -0.7587716 -0.5090952 -0.9188047 0.3647041 0.15096 0.9095515 -0.4139977 -0.03636378 0.3949933 0.6739823 0.6242821 -0.2555071 -0.6857997 -0.6814652 -0.6681291 0.6688991 -0.3258489 0.6386673 -0.7084707 0.300289 -0.01349425 -0.4841325 -0.8748907 -0.2716333 -0.7222911 -0.6360118 0.2135012 -0.2761003 -0.9371158 -0.5958438 0.7777954 -0.2000118 0.6257124 -0.7276113 0.2811864 -0.01425218 0.5212536 0.8532829 -0.7340698 0.6690109 0.1164736 0.7497668 -0.6443216 -0.1506636 0.04759699 0.3270586 0.9438047 -0.5033102 -0.829416 -0.2423803 -0.7118237 0.6793793 -0.1781879 0.7293554 -0.6626332 0.1701707 0.4904242 0.7825406 0.3835549 -0.4757151 -0.8128722 -0.3360565 0.05342721 0.2914387 0.9550964 -0.4917063 0.8702929 -0.0285564 0.574369 -0.7926315 -0.2045375 0.0799058 -0.297504 -0.9513709 0.9902527 -0.1374632 -0.02243757 -0.06618225 -0.6936938 0.7172231 -0.7517749 0.658756 0.02958321 -0.08342039 -0.1495421 -0.98523 0.02675217 0.9824654 -0.1845161 0.2175379 0.1677889 0.9615218 -0.9762448 0.2166559 0.002505958 -0.08462452 -0.01012748 -0.9963614 0.7425296 -0.6679989 0.04926711 0.2523937 0.1343889 0.9582469 -0.6194881 0.7793709 -0.09389215 -0.0111916 0.05954027 -0.9981632 0.08998918 -0.235322 0.9677425 -0.8993344 0.4366481 0.02315962 0.8516439 -0.5170324 0.08590924 0.04043632 0.7932593 -0.60754 0.176984 0.9466154 0.2694364 -0.9668896 0.2531107 -0.03254908 0.9641148 -0.2094484 -0.1631383 -0.08999127 0.2353228 -0.9677422 0.5797734 0.7236589 0.3744069 -0.9115955 0.2176496 -0.3487439 0.9348772 -0.07516258 0.3469223 -0.02385437 0.4147595 0.9096184 0.6291087 0.7719233 0.09141618 -0.8960664 0.4262342 -0.124055 0.9415052 -0.3070604 0.1388593 0.1968067 -0.1827639 -0.9632572 -0.02177149 0.4324883 -0.9013767 0.9183443 -0.341495 -0.2000626 0.3303716 0.3780938 0.864812 -0.3164939 -0.3290039 -0.8897124 -0.9768875 -0.2127979 -0.02019447 0.732328 -0.567023 0.3770685 -0.05051654 -0.9334369 0.3551673 0.07024842 0.102193 0.9922811 0.04886269 0.07322341 -0.9961179 -0.5134444 0.7550557 0.407757 0.9384707 0.338725 0.06736606 -0.1018646 -0.1151866 0.9881072 0.0184912 0.06838244 -0.9974879 0.01557755 0.8876207 0.4603118 0.5443125 -0.8380581 0.03718519 0.6844354 -0.2453197 -0.6865614 0.6612275 0.3216346 -0.6777385 0.3152315 0.8923218 -0.3230961 0.8272037 -0.2409151 0.5076357 0.4435611 0.3052014 0.8426776 -0.9998409 0.0178225 9.29335e-4 -0.9005202 -0.400035 -0.1703984 -0.9054507 -0.402225 0.1355515 -0.4057971 -0.910732 -0.07678586 -0.3582858 0.9077436 -0.2182497 -0.4558025 -0.5425555 0.7056045 -0.9682001 0.2432454 -0.05848371 -0.763476 -0.09738564 0.6384517 -0.9217441 0.3814201 0.07004839 0.02511489 0.3453022 -0.9381555 0.9875658 -0.1534273 -0.03426432 -0.3857362 -0.9224225 -0.0185523 -0.8573009 -0.3808357 0.3464095 -0.3667054 0.929075 0.04844552 -0.2325095 -0.3299595 -0.9149132 -0.4219285 0.4470419 -0.7887521 -0.002410888 0.2850664 0.9585047 -0.9833784 -0.1815685 0 -0.9899004 -0.1417651 0 -0.2938837 0.9401186 0.1726543 -0.005883038 0.542204 0.8402263 0.002297341 -0.2644414 -0.9643991 0.9993582 -0.03547775 -0.004963755 -0.9999999 -5.47221e-4 -7.65743e-5 0.003917515 -0.1502647 -0.9886381 0.9741426 0.2232978 0.03441721 -0.9854838 0.1677888 0.02585935 -0.9796259 0.0125395 0.2004393 -0.366377 0.9195671 -0.1420016 0.9187115 -0.3445317 0.193047 -0.961217 0.2361635 0.1424387 -0.2965245 0.4805264 -0.8253289 -0.9915947 0.1285299 -0.01483881 1 0 0 -0.9969458 -0.07746261 -0.009937107 -0.5575823 -0.4554873 0.693998 -0.3081377 -0.6915547 -0.6533018 -0.3913512 -0.3215275 0.8622438 0.009654283 -0.01604777 -0.9998246 0.9936581 0.1124438 0 -0.05424153 0.2005802 0.9781746 0 -0.2008727 -0.9796174 -0.9936581 0.1124437 0 -0.05469685 0.153546 0.9866265 0 0.1537819 -0.9881048 -0.4133092 0.9076941 -0.0725733 -0.3127081 0.4412583 -0.8411332 -0.4183092 0.4112246 0.8098838 -0.3803228 0.8571342 0.3473841 -0.9655191 -0.1200453 0.2310027 -0.9930264 0.1175177 -0.009395897 -0.9997268 -0.01464474 0.01821541 -0.5571397 -0.8189105 0.1377713 -0.6269589 -0.3205026 0.7100709 -0.51424 -0.7651278 0.3874751 -0.8147076 -0.5497981 -0.1843195 -0.5593413 0.8267433 -0.06027382 -0.3774362 0.9215545 -0.0909903 -0.5253468 0.8469163 0.08212023 -0.8137992 -0.5710715 -0.1077421 -0.1388267 0.00319606 0.9903115 0.4622004 0.8737897 -0.1512029 0.0454899 -0.0435478 -0.9980152 -0.850059 -0.5233333 0.05934596 0.6506345 0.5170776 0.5561524 0.8161495 0.5705735 0.09135669 0.7517319 0.6594687 4.9972e-4 0.7954827 0.4545525 0.4007359 -0.7042657 -0.5413363 -0.4593093 -0.4286418 0.7458469 -0.5098811 0.3446115 -0.6616438 0.6659358 -0.7451092 0.5093347 0.4305701 -0.8451383 -0.4001539 -0.3544263 0.1523007 0.5550892 -0.817729 -0.2617281 -0.4538764 0.8517598 0.6350761 0.6909822 -0.3452853 -0.747322 -0.6644421 -0.005160152 -0.3900039 0.781697 0.4866693 0.3868353 -0.7927706 -0.4710344 0.6744121 0.738232 -0.01349067 -0.6537865 -0.7113088 0.2580754 -0.5014712 0.7845488 0.3647052 0.3745965 -0.7722091 -0.5131965 0.9188043 0.3647049 0.1509607 -0.6774807 -0.7106164 -0.1898537 -0.3508625 0.7083771 0.6124521 0.2555073 -0.6857994 -0.6814656 0.6681294 0.6688988 -0.325849 -0.6704127 -0.6809077 0.2948077 -0.00431627 -0.4965134 -0.8680185 0.2369143 -0.7349827 -0.6353518 -0.2135013 -0.2761003 -0.9371158 0.5921815 0.7647799 -0.2538366 -0.6257123 -0.7276113 0.281187 0.01425224 0.5212534 0.853283 0.7340698 0.6690108 0.116474 -0.7322363 -0.6678835 -0.1332734 -0.04759681 0.3270586 0.9438048 0.5033104 -0.8294157 -0.2423807 0.7118166 0.6793855 -0.1781922 -0.7199141 -0.6714245 0.1758208 -0.4904243 0.7825404 0.3835551 0.5192142 -0.7904427 -0.3249879 -0.06889128 0.2820557 0.9569214 0.5134397 0.8327098 0.2073019 -0.574369 -0.7926316 -0.2045373 -0.1095541 -0.3280545 -0.9382847 -0.9902527 -0.1374636 -0.02243775 0.06618243 -0.6936942 0.7172226 0.6859046 0.7227429 -0.08472114 0.06373375 -0.1496395 -0.9866844 -0.02675175 0.9824663 -0.1845113 -0.2175363 0.1677885 0.9615223 0.97617 0.214917 0.03005254 0.08425796 -0.01015549 -0.9963923 -0.7425295 -0.6679991 0.04926717 -0.2523929 0.1343887 0.9582471 0.6267157 0.7756684 -0.07460671 -0.02489185 0.0397185 -0.9989008 -0.08998996 -0.2353214 0.9677426 0.6940801 0.6959082 -0.1842954 -0.8516437 -0.5170325 0.08590996 0.1279137 0.7953163 -0.5925456 -0.176983 0.9466151 0.269438 0.9668958 0.2530925 -0.03251004 -0.9641148 -0.209448 -0.1631389 0.08999139 0.2353224 -0.9677422 -0.5778422 0.7279819 0.3689728 0.9038267 0.2162771 -0.3692175 -0.9348772 -0.07516258 0.3469226 0.05098885 0.429516 0.9016187 -0.6309235 0.7702062 0.09337198 0.8987621 0.4253338 -0.1063856 -0.941505 -0.3070609 0.1388598 -0.1968065 -0.1827639 -0.9632573 0.02170979 0.4324169 -0.9014124 -0.918343 -0.3414957 -0.2000677 -0.3303712 0.3780945 0.8648118 0.3164356 -0.3290235 -0.8897259 0.9768875 -0.2127982 -0.02019429 -0.6838056 -0.4586046 0.5675314 0.05051672 -0.9334367 0.3551678 -0.1433356 0.19294 0.970685 0.04165321 0.1080455 -0.993273 0.5060639 0.8538177 0.1220439 -0.9384707 0.338725 0.06736648 0.02860003 0.08766263 0.9957396 -0.0184912 0.06838244 -0.9974879 -0.01557755 0.8876209 0.4603113 -0.5443125 -0.8380581 0.03718519 -0.6759878 -0.2509437 -0.6928692 -0.6612346 0.3216388 -0.6777295 -0.3152315 0.8923218 -0.3230961 -0.8272037 -0.2409151 0.5076357 -0.518922 0.3203657 0.7925187 0.9261786 0.2895956 0.2415112 0.9005202 -0.400035 -0.1703984 0.9054507 -0.4022251 0.1355515 0.3843956 -0.9192167 -0.08532708 0.3659715 0.9038018 -0.221827 -0.003624081 -0.7273229 0.6862859 0.9682001 0.2432454 -0.05848371 0.3747677 0.1352817 0.9171958 0.9182526 0.38707 0.08360087 -0.02511501 0.3453022 -0.9381555 -0.9876674 -0.1550568 -0.02169442 0.3857363 -0.9224226 -0.0185523 0.8573021 -0.3808361 0.3464058 0.3667053 0.929075 0.04844552 0.2325093 -0.3299605 -0.9149128 0.2121588 0.6470632 -0.7323236 0.002410888 0.2850665 0.9585047 0.9833789 -0.1815658 0 0.9898995 -0.1417712 0 0.2938838 0.9401186 0.1726543 0.001841008 0.5380563 0.842907 -0.004550993 -0.2640743 -0.9644917 -0.9993582 -0.03547775 -0.004963755 0.9999999 -5.47729e-4 -8.44003e-5 -0.003917515 -0.1502647 -0.9886381 -0.9741426 0.2232979 0.03441721 0.9778968 0.2090882 0 0.366377 0.919567 -0.1420016 0.1750908 -0.9108617 -0.3737304 0.9914695 0.1286529 -0.02090191 0.3145521 0.4709628 -0.824167 0.9680315 0.2330381 -0.09278041 -1 0 0 0.9969458 -0.07746267 -0.009937107 0.5575823 -0.4554874 0.693998 -0.1701171 -0.2827666 -0.9439827 0.3913512 -0.3215276 0.8622438 0 -0.01857918 -0.9998275 -0.9936581 0.1124439 0 1 0 0 0.05422878 0.200577 0.9781759 0 -0.2008727 -0.9796174 0.9936581 0.1124436 0 0.05470478 0.1535562 0.9866245 0 0.1537814 -0.9881049 0.3128119 0.9448602 -0.09689259 0.2876229 0.4636794 -0.8380182 0.4183092 0.4112246 0.8098838 0.5611395 0.7983645 0.2184873 0.9655191 -0.1200453 0.2310027 0.9891082 0.147163 -0.00283575 0.9997268 -0.01464474 0.01821541 0.5571397 -0.8189105 0.1377713 0.6269589 -0.3205027 0.7100709 0.51424 -0.7651277 0.3874751 0.7515265 -0.6482664 -0.122306 0.6164332 0.7733871 -0.1479281 0.3774362 0.9215546 -0.0909903 0.7191734 0.6884726 -0.09378242 0.7188396 -0.6932931 0.05113124 0.1794104 0.02234041 0.9835207 -0.4621862 0.8737974 -0.151203 -0.04105722 -0.06250369 -0.9971999 0.8806895 -0.4729788 -0.0260235 -0.6506375 0.5170713 0.5561549 -0.8161548 0.5705661 0.0913555 -0.7517641 0.6594321 5.08016e-4 -0.7954829 0.4545524 0.400736 0.7112638 -0.5284637 -0.4634975 0.4286416 0.7458471 -0.5098809 -0.1921027 -0.7751818 0.601822 0.7451143 0.5093342 0.4305617 0.84514 -0.4001656 -0.3544092 -0.1522881 0.5550899 -0.8177307 0.2617281 -0.4538764 0.8517598 -0.5672742 0.7345932 -0.372254 0.7473221 -0.664442 -0.005160152 0.3900039 0.781697 0.4866693 -0.3754402 -0.8029041 -0.4630225 -0.8673495 0.477216 -0.1413149 0.6537864 -0.7113091 0.2580754 0.5334252 0.7663999 0.3578951 -0.3745965 -0.7722091 -0.5131965 -0.9188022 0.3647084 0.1509645 0.6774804 -0.7106166 -0.1898536 0.3508621 0.7083778 0.6124514 -0.3771118 -0.5717575 -0.7286152 -0.6412284 0.6926657 -0.3302128 0.6704125 -0.6809079 0.2948077 0.00431627 -0.4965134 -0.8680185 -0.2369143 -0.734983 -0.6353517 0.193478 -0.2665692 -0.9441966 -0.5921817 0.7647796 -0.2538367 0.6327138 -0.7572036 0.1622223 0.02394556 0.4922536 0.8701226 -0.7548409 0.6419247 0.1347143 0.7322363 -0.6678835 -0.1332734 0.08311891 0.2962093 0.9514996 -0.5002458 -0.8317709 -0.2406479 -0.7297305 0.6626008 -0.1686825 0.7199143 -0.6714243 0.1758208 0.4565938 0.7981849 0.3929669 -0.5192232 -0.7904377 -0.3249856 0.06889128 0.2820557 0.9569214 -0.5134398 0.8327097 0.207302 0.5591726 -0.8263735 0.06657916 0.1095541 -0.3280544 -0.9382847 0.9903377 -0.1386412 -0.003158509 -0.01363694 -0.7036364 0.7104294 -0.6859049 0.7227426 -0.0847212 -0.06373375 -0.1496393 -0.9866844 0.002098679 0.9865816 -0.1632558 0.2227406 0.1672184 0.9604295 -0.97617 0.2149167 0.03005254 -0.08425796 -0.01015549 -0.9963923 0.7329743 -0.675261 0.0822888 0.2092425 0.1602985 0.9646357 -0.6267157 0.7756684 -0.07460677 0.02489185 0.0397185 -0.9989008 0.08998245 -0.2353211 0.9677433 -0.6940801 0.6959082 -0.1842954 0.9806942 -0.1343969 -0.1420435 -0.1279137 0.7953163 -0.5925456 0.1770353 0.9466186 0.2693916 -0.9668958 0.2530925 -0.03251004 0.9641125 -0.2094278 -0.1631783 -0.08999139 0.2353216 -0.9677424 0.5778422 0.7279819 0.3689728 -0.9038267 0.2162771 -0.3692175 0.9373575 -0.07566654 0.3400524 -0.05098885 0.429516 0.9016187 0.6309235 0.7702062 0.09337198 -0.898762 0.425334 -0.1063856 0.9400734 -0.3071323 0.1480944 0.2098062 -0.1906285 -0.9589799 -0.02177369 0.4324955 -0.9013733 0.9183431 -0.3414959 -0.2000666 0.3303828 0.3780921 0.8648084 -0.3164356 -0.3290227 -0.8897261 -0.9733746 -0.2249271 -0.04415827 0.6838056 -0.4586045 0.5675314 -0.2265424 -0.7394317 0.6339711 0.1433356 0.19294 0.9706848 -0.04165321 0.1080455 -0.993273 -0.5060639 0.8538177 0.1220439 0.9214 0.3624113 0.1402858 -0.02860003 0.08766263 0.9957396 0.07672828 0.1876676 -0.9792312 -0.01678758 0.9768005 0.2134931 0.6759878 -0.2509437 -0.6928692 0.6612346 0.3216388 -0.6777295 0.8577781 -0.2534539 0.4471891 0.518922 0.3203657 0.7925187 -0.9261786 0.2895956 0.2415112 -0.9005203 -0.4000349 -0.1703983 -0.9421136 -0.3280566 0.06928926 -0.3843956 -0.9192167 -0.08532708 -0.3659715 0.9038018 -0.221827 0.003623723 -0.7273228 0.686286 -0.9824137 0.0175119 -0.1858944 -0.374768 0.1352817 0.9171957 -0.9182527 0.3870698 0.08360087 -0.001281917 0.3543049 -0.9351291 0.9876673 -0.1550568 -0.02169442 -0.3505746 -0.9364787 0.0102635 -0.9793249 -0.04284191 0.1977053 -0.2983518 0.9544128 -0.009086668 -0.03613877 -0.4968717 -0.8670713 -0.2121588 0.6470633 -0.7323236 -0.004642248 0.28471 0.9586025 -0.9836171 -0.1785321 -0.02497899 -0.9921934 -0.1218981 -0.02632802 -0.2792918 0.947194 0.1575425 -0.001841008 0.5380561 0.842907 0.00455147 -0.2640743 -0.9644917 0.9993548 -0.03549915 -0.005471527 -0.9999999 -5.4767e-4 -8.44004e-5 0.002158939 -0.1483252 -0.9889364 0.9610912 0.2762317 0 -0.9778968 0.2090882 0 -0.3596485 0.9210116 -0.1496347 -0.1750909 -0.9108617 -0.3737304 -0.9914695 0.1286528 -0.02090191 -0.3145521 0.4709627 -0.8241668 -0.9680316 0.233038 -0.09278041 1 0 0 -0.9875394 -0.1380369 -0.0755763 -0.3227957 -0.4197585 0.8482958 0.170117 -0.2827668 -0.9439827 1 0 0 -1 0 0 -0.05401563 -0.2196819 0.974075 0.9936581 0.1124439 0 -0.05422878 0.2005771 0.9781759 0 -0.2008727 -0.9796174 -0.9936581 0.1124441 0 -0.05470478 0.1535564 0.9866245 0 0.1537815 -0.9881049 -0.3128154 0.9448592 -0.09688997 -0.2876225 0.4636795 -0.8380184 -0.3232865 0.541619 0.7759734 -0.5611394 0.7983646 0.2184874 -0.9666304 -0.1605144 0.1996521 -0.9891082 0.1471629 -0.00283581 -0.9339121 0.352561 0.05923628 -0.6272209 -0.7727918 0.09688621 -0.654365 -0.3486909 0.6709852 -0.5743926 -0.7503701 0.3271362 -0.7515267 -0.6482661 -0.122306 -0.6164386 0.7733809 -0.147937 -0.7137578 0.6942292 -0.09271329 -0.7191734 0.6884726 -0.09378242 -0.7188397 -0.693293 0.05113124 -0.1794046 0.02233755 0.9835218 0.8727169 0.4820864 0.07718831 0.0410577 -0.06250476 -0.9971998 -0.8806896 -0.4729785 -0.02602416 0.5994089 0.6029754 0.526431 0.7112547 0.6997053 -0.06730002 0.7517641 0.6594321 5.08016e-4 0.7954835 0.4545574 0.4007288 -0.7112638 -0.528464 -0.4634973 -0.3258333 0.8191794 -0.4719936 0.1921026 -0.7751816 0.6018225 -0.7451568 0.5093187 0.4305065 -0.8451392 -0.4001411 -0.3544391 0.1523007 0.5550945 -0.8177254 -0.2617428 -0.4538889 0.8517487 0.5672742 0.7345931 -0.372254 -0.7434491 -0.6687797 -0.004146635 -0.3848492 0.7866559 0.4827668 0.3754399 -0.8029041 -0.4630225 0.8673492 0.4772164 -0.1413148 -0.5822084 -0.7599753 0.2889134 -0.533425 0.7664 0.357895 0.40631 -0.7587716 -0.5090952 0.9188024 0.3647081 0.1509639 -0.9095516 -0.4139971 -0.03636378 -0.3949927 0.6739837 0.6242811 0.3771113 -0.5717585 -0.7286146 0.6412284 0.6926658 -0.3302128 -0.6386672 -0.7084707 0.300289 0.01349425 -0.4841322 -0.8748909 0.2716333 -0.722291 -0.6360119 -0.1934357 -0.2665501 -0.9442107 0.5958438 0.7777954 -0.2000118 -0.6327134 -0.7572036 0.1622233 -0.02394568 0.4922537 0.8701225 0.754841 0.6419247 0.1347141 -0.7497667 -0.6443217 -0.1506635 -0.08311849 0.2962102 0.9514994 0.5002458 -0.8317709 -0.2406478 0.7297306 0.6626006 -0.1686825 -0.7293554 -0.6626332 0.1701707 -0.4565936 0.7981851 0.3929668 0.4757152 -0.8128722 -0.3360565 -0.05342721 0.2914384 0.9550964 0.4917063 0.8702929 -0.0285564 -0.5591725 -0.8263736 0.06657868 -0.0799058 -0.297504 -0.9513708 -0.9903377 -0.1386414 -0.003157973 0.01363641 -0.7036359 0.7104299 0.7517753 0.6587555 0.02958321 0.08342039 -0.1495421 -0.98523 -0.002099454 0.9865821 -0.1632528 -0.2227416 0.1672189 0.9604291 0.976245 0.2166557 0.002505958 0.08462452 -0.01012754 -0.9963614 -0.7329744 -0.6752609 0.08228832 -0.2092426 0.160299 0.9646357 0.6194881 0.779371 -0.09389215 0.0111916 0.05954027 -0.9981632 -0.08998382 -0.2353209 0.9677433 0.8993337 0.4366492 0.02315962 -0.9806944 -0.1343954 -0.1420443 -0.04043632 0.7932591 -0.6075401 -0.1770349 0.946619 0.2693908 0.9668898 0.2531104 -0.03254908 -0.9641122 -0.2094287 -0.1631791 0.08999127 0.2353225 -0.9677422 -0.579779 0.7236464 0.3744227 0.9115908 0.2176486 -0.348757 -0.9373576 -0.07566726 0.3400518 0.02385437 0.4147602 0.9096181 -0.6291087 0.7719233 0.09141618 0.8960663 0.4262344 -0.124055 -0.9400731 -0.3071326 0.1480953 -0.2098045 -0.1906289 -0.9589801 0.02177369 0.432496 -0.901373 -0.9183398 -0.3415001 -0.2000747 -0.3303832 0.3780912 0.8648087 0.3164127 -0.3290288 -0.8897321 0.9733745 -0.224927 -0.04415792 -0.7323281 -0.5670228 0.3770686 0.2265423 -0.7394315 0.6339714 -0.07024842 0.102193 0.9922811 -0.04886269 0.07322341 -0.9961179 0.5134446 0.7550556 0.4077571 -0.9214003 0.362411 0.1402849 0.1018646 -0.1151865 0.9881072 -0.07672899 0.1876678 -0.9792311 0.01678746 0.9768012 0.2134898 -0.6844354 -0.2453197 -0.6865614 -0.6612275 0.3216346 -0.6777385 -0.8577781 -0.2534537 0.4471889 -0.4435611 0.3052014 0.8426776</float_array>
          <technique_common>
            <accessor source="#deer-mesh-normals-array" count="619" stride="3">
              <param name="X" type="float"/>
              <param name="Y" type="float"/>
              <param name="Z" type="float"/>
            </accessor>
          </technique_common>
        </source>
        <source id="deer-mesh-map-0">
          <float_array id="deer-mesh-map-0-array" count="3756">0.6498 0.5094 0.6086 0.5712 0.6154 0.5039 0.01629996 0.6449 0.06589996 0.5607 0.06589996 0.6444 0.2229 0.7086 0.1832 0.6662 0.2053 0.639 0.487 0.5717 0.532 0.5144 0.532 0.5982 0.4214 0.4844 0.4739 0.3842 0.4739 0.4908 0.01629996 0.3147 0.08519995 0.1942999 0.08519995 0.3242 0.3658 0.31 0.3248 0.4138 0.3309 0.31 0.09429997 0.1813 0.01629996 0.0758 0.09429997 0.01629996 0.5956 0.6364 0.5504 0.6681 0.5494 0.6162 0.07119995 0.4474 0.05109995 0.3386 0.07119995 0.3372 0.2506 0.2869 0.3118 0.2261 0.3118 0.3488 0.5494 0.7444 0.5878 0.7078 0.5878 0.7657 0.1522 0.6265 0.1073 0.5791 0.1522 0.5524 0.3777 0.6923 0.3273 0.6254 0.3777 0.6244 0.0837 0.5477 0.02959996 0.4721 0.0837 0.4681 0.4879 0.6386 0.5326 0.6734 0.487 0.6933 0.7734 0.4901 0.7551 0.3814 0.7734 0.3856 0.5949 0.4908 0.5688 0.3814 0.5893 0.3845 0.7117 0.05249994 0.6767 0.0819 0.6809 0.01629996 0.4711 0.6843 0.4217 0.6387 0.4711 0.6152 0.4173 0.9315 0.4357 0.9516 0.4174 0.9504 0.7416 0.2789 0.7613 0.159 0.7613 0.2767 0.7504 0.1015 0.7247 0.03229999 0.7504 0.01629996 0.7925 0.1639 0.7743 0.274 0.776 0.159 0.3101 0.9389 0.2904 0.954 0.2903 0.9307 0.6118 0.9448 0.6266 0.9185 0.6266 0.9478 0.0654 0.8939 0.07789999 0.9215 0.06259995 0.9236 0.4211 0.2071 0.4562 0.2057 0.4562 0.3683 0.6787 0.1913 0.6261 0.1363 0.6787 0.1328 0.1642 0.1953999 0.1073 0.1389 0.1642 0.01629996 0.2309 0.615 0.1744 0.5615 0.2309 0.5494 0.6258 0.083 0.6637 0.03569996 0.6637 0.1197 0.4738 0.2897 0.5096 0.2106 0.5096 0.3433 0.3095 0.6156 0.2506 0.6595 0.2583 0.6291 0.5081 0.06729996 0.5586 0.114 0.5261 0.09959995 0.2506 0.1011 0.3001 0.1669999 0.2845 0.1927 0.446 0.1554 0.4784 0.1659 0.4834 0.192 0.3957 0.7707 0.3663 0.717 0.3957 0.7061 0.3248 0.7696 0.3533 0.7061 0.3533 0.791 0.2107 0.7405 0.234 0.7995 0.216 0.8022 0.8043 0.5904 0.8216 0.5063 0.8216 0.5971 0.904 0.7079 0.92 0.6728 0.92 0.7025 0.8044 0.6153 0.7852 0.7107 0.7852 0.6152 0.6806 0.72 0.6628 0.8118 0.6628 0.7162 0.7945 0.1152 0.8126 0.01629996 0.8126 0.1118 0.01629996 0.9426 0.03039997 0.9105 0.03039997 0.9468 0.5067 0.9615 0.487 0.945 0.5067 0.9433 0.07989996 0.9634 0.06259995 0.9366 0.07989996 0.9447 0.8338 0.4611 0.8238 0.4096 0.8338 0.3814 0.6122 0.1352 0.5933 0.1764 0.5904 0.1386 0.5227 0.3373 0.5524 0.3633 0.5226 0.3643 0.01629996 0.7936 0.04219996 0.7513 0.0496 0.7936 0.28 0.8077 0.2629 0.8454 0.2506 0.802 0.7373 0.6152 0.7133 0.7093 0.7167 0.6296 0.6736 0.2057 0.6603 0.2975 0.6416 0.2309 0.1959 0.3835 0.2376 0.4186 0.1958 0.4186 0.8262 0.1231999 0.8519 0.1449 0.8256 0.1403 0.4211 0.7361 0.4626 0.7613 0.4266 0.7665 0.8474 0.2584 0.8327 0.2366999 0.8426 0.2353 0.1976 0.8494 0.1676 0.8233 0.1976 0.8142 0.3082 0.4885 0.3051 0.5419 0.3034 0.5115 0.1305 0.8988 0.1075 0.8823 0.1305 0.8651 0.8749 0.2521 0.8962 0.2286 0.8962 0.2582 0.858 0.4931 0.8498 0.4764 0.858 0.4741 0.5792 0.9727 0.5936 0.951 0.5943 0.9727 0.1777999 0.9607 0.1676 0.9764 0.1689 0.9578 0.7408 0.1452 0.7504 0.1308 0.7504 0.1454 0.7133 0.7572 0.7375 0.8149 0.7231 0.8097 0.3163 0.1648 0.3378 0.1912 0.3131 0.1883 0.2114 0.8464 0.2335 0.8257 0.2335 0.8581 0.8829 0.02189999 0.8971 0.06309998 0.8906 0.06569999 0.7927 0.3431 0.816 0.2933 0.816 0.3614 0.8813 0.279 0.8961 0.3209 0.8876 0.3216 0.6628 0.8772 0.6777 0.8292 0.6777 0.8846 0.5341 0.877 0.5302 0.8827 0.5302 0.877 0.8749 0.2095 0.8884 0.1618 0.8884 0.2154999 0.3994 0.8997 0.4069 0.8495 0.4069 0.9025 0.1439999 0.8807 0.152 0.9274 0.1484 0.9287 0.6832 0.9204 0.6634 0.9077 0.6832 0.8977 0.5501 0.8501 0.5714 0.866 0.5494 0.8774 0.9093 0.2268 0.9249 0.2529 0.9092 0.2582 0.8689 0.8874 0.8536 0.9171 0.8535 0.8832 0.4964 0.1777999 0.5092 0.1522 0.5092 0.1906999 0.8754 0.6905 0.8901 0.6998 0.8793 0.7102 0.4667 0.9526 0.4525 0.9713 0.4507 0.9517 0.123 0.9758 0.1086 0.9564 0.1226 0.9563 0.6946 0.778 0.7003 0.7192 0.7003 0.7833 0.8925 0.1012 0.9072 0.1317 0.9 0.1386 0.9406 0.512 0.9502 0.5464 0.9458 0.5461 0.9376 0.9006 0.9503 0.8709 0.9503 0.9064 0.3663 0.8757 0.3863 0.8622 0.3863 0.8909 0.8819 0.8866 0.8969 0.8998 0.8841 0.9141 0.8551 0.01629996 0.8698 0.07659995 0.8585 0.07539999 0.3412 0.9702 0.3254 0.9486 0.3412 0.9482 0.9504 0.4154 0.9597 0.3853 0.9597 0.4222 0.8346 0.5312 0.8465 0.5877 0.8354 0.5975 0.08419996 0.4019 0.0934 0.349 0.0934 0.4279 0.09359997 0.5623 0.08209997 0.6418 0.07889997 0.5607 0.4511 0.8888 0.4725 0.8688 0.4726 0.8985 0.3527 0.1873 0.3746 0.1664 0.3746 0.1912 0.8468 0.4551 0.8584 0.3828 0.8584 0.46 0.9292 0.3361 0.9145 0.3622 0.914 0.3323 0.0647 0.8596 0.08539998 0.8403 0.08539998 0.8712 0.9037 0.5327 0.8873 0.5225 0.9037 0.5063 0.8537 0.962 0.8692 0.9368 0.8692 0.9653 0.5359 0.9324 0.5203 0.9028 0.5359 0.9019 0.9629 0.8075 0.9696 0.8462 0.9665 0.8468 0.6086 0.7288 0.6331 0.7933 0.6217 0.799 0.7511 0.8018 0.7721 0.7401 0.7721 0.809 0.8545 0.2752 0.8683 0.3384 0.8599 0.3393 0.9093 0.773 0.9182 0.7245 0.9182 0.7778 0.9716 0.8709 0.9674 0.9052 0.9633 0.875 0.868 0.3679 0.8565 0.3531 0.868 0.3523 0.6086 0.9644 0.6156 0.9763 0.6114 0.9806 0.6494 0.8123 0.6466 0.8164 0.6465 0.812 0.9312 0.7771 0.9377 0.7248 0.9377 0.7795 0.5951 0.887 0.5916 0.8374 0.5951 0.8394 0.1547 0.7401 0.1599 0.7884 0.1576 0.7896 0.8776 0.7674 0.8958 0.7238 0.8963 0.7674 0.4357 0.8672 0.4276 0.9076 0.4211 0.8654 0.6335 0.8543 0.6179 0.812 0.6314 0.8127 0.9167 0.5075 0.9276 0.5453 0.9218 0.5507 0.6956 0.97 0.7001 0.9389 0.7001 0.9697 0.9337 0.457 0.9445 0.4893 0.9393 0.4876 0.9605 0.2964 0.9697 0.2715 0.9697 0.3078 0.9678 0.5611 0.9749 0.5921 0.9717 0.592 0.8174 0.7073 0.8219 0.7002 0.822 0.7073 0.9698 0.9239 0.9752 0.9552 0.9698 0.9543 0.9743 0.7259 0.9683 0.7528 0.9683 0.7238 0.1901 0.3295 0.1932 0.359 0.1901 0.3598 0.4762 0.3638 0.4696 0.3569 0.4762 0.3563 0.9342 0.2779 0.9475 0.3035 0.9411 0.3073 0.9202 0.1267 0.9324 0.09499996 0.9324 0.1335999 0.9379 0.2226 0.9481 0.255 0.9429 0.2582 0.8777 0.7805 0.8817 0.7871 0.8776 0.7878 0.9463 0.7095 0.9401 0.6728 0.9463 0.6729 0.8056 0.2758 0.8157 0.2371 0.8157 0.2801 0.9602 0.05449998 0.9678 0.01769995 0.9678 0.0582 0.6489 0.777 0.6461 0.7829 0.6461 0.7769 0.5259 0.7139 0.5325 0.7729 0.5289 0.7771 0.5302 0.8629 0.5354 0.803 0.5354 0.8639 0.407 0.3768 0.405 0.31 0.407 0.3102 0.8714 0.5797 0.8595 0.5928 0.8644 0.5795 0.9559 0.621 0.9663 0.6489 0.9612 0.649 0.9656 0.348 0.9772 0.3368 0.9772 0.3545 0.3248 0.9232 0.3424 0.9043 0.3424 0.9352 0.8879 0.5979 0.9045 0.5637 0.9045 0.5998 0.9837 0.4675 0.9797 0.4452 0.9837 0.4442 0.08419996 0.4442 0.08919996 0.4515 0.0848 0.4518 0.124 0.9123 0.1073 0.9201 0.1096 0.9118 0.6273 0.9034 0.6086 0.8969 0.6273 0.8673 0.4075 0.3906 0.4035 0.409 0.4034 0.3898 0.2506 0.9674 0.262 0.9582 0.262 0.9764 0.4682 0.8482 0.4507 0.7841 0.4682 0.7795 0.8021 0.9647 0.7852 0.9514 0.8021 0.9455 0.9142 0.208 0.9014 0.1697 0.9142 0.159 0.8056 0.1872 0.8294 0.2222999 0.8068 0.2124 0.4055 0.6453 0.3907 0.6804 0.3922 0.6244 0.6628 0.6206 0.7003 0.7032 0.6712 0.6764 0.5667 0.3094 0.5226 0.2114 0.5667 0.2057 0.5511 0.6031 0.5879 0.5456 0.5956 0.6031 0.3408 0.4268 0.3789 0.5293 0.3248 0.5293 0.1734 0.4381 0.2258999 0.5363 0.1738 0.5328 0.3716 0.1342 0.3131 0.05259996 0.3716 0.01629996 0.1389 0.2264 0.1826 0.2982 0.1073 0.3156 0.3248 0.297 0.3767 0.2057 0.4081 0.297 0.7182 0.5876 0.7527 0.5473 0.7527 0.6021 0.2506 0.4755 0.302 0.3618 0.3026 0.4755 0.1284 0.3302 0.1771 0.4251 0.1073 0.4251 0.6286 0.2197999 0.5798 0.2463 0.5987 0.2057 0.2506 0.5825 0.2903 0.5275 0.2903 0.6026 0.5226 0.1927 0.5774 0.1352 0.5774 0.1917 0.6594 0.3814 0.6079 0.4569 0.6096 0.3925 0.3897 0.5423 0.3357 0.6003 0.3248 0.545 0.7503 0.7195 0.7721 0.6201 0.7721 0.7255 0.3846 0.1101 0.433 0.03159999 0.433 0.1496 0.6497 0.6435 0.6086 0.6752 0.6169 0.6133 0.06939995 0.658 0.01669996 0.7057 0.01629996 0.6584 0.2291 0.9249 0.2107 0.949 0.2107 0.9301 0.7384 0.5 0.7188 0.3849 0.7384 0.3814 0.7815 0.02149999 0.7634 0.1321 0.7651 0.01629996 0.2506 0.7082 0.276 0.7744 0.253 0.7889 0.6628 0.9389 0.6826 0.9627 0.6629 0.9555 0.9071 0.4596 0.9207 0.4871 0.9043 0.4893 0.8329 0.9245 0.8191 0.9512 0.8158 0.9297 0.4211 0.6022 0.4251 0.5039 0.466 0.6022 0.7357 0.3448 0.6901 0.3007 0.7357 0.2919 0.1772 0.04719996 0.2376 0.01629996 0.2376 0.1702 0.6128 0.04069995 0.5716 0.0934 0.5784 0.01629996 0.5036 0.3849 0.5381 0.4695 0.487 0.4847 0.2064999 0.1984 0.2376 0.2844 0.2161999 0.3625 0.6628 0.5819 0.7009 0.5039 0.7009 0.6021 0.1604 0.5394 0.1073 0.4912 0.1604 0.4381 0.446 0.08329999 0.4951 0.02399998 0.4951 0.1349 0.3873 0.8255 0.3994 0.7946 0.3994 0.8352 0.3091 0.6919 0.289 0.7874 0.289 0.6918 0.5996 0.3079 0.6283 0.3568 0.5798 0.3577 0.8309 0.08019995 0.8421 0.01629996 0.8421 0.09419995 0.8028 0.8147 0.7852 0.7417 0.8028 0.7238 0.9175 0.5659 0.9316 0.6015 0.9175 0.5973 0.7797 0.3579 0.7514 0.3038 0.7797 0.2933 0.08329999 0.8181 0.06259995 0.7331 0.08329999 0.7379 0.8045 0.4769 0.7864 0.3848 0.8045 0.3814 0.5951 0.9237 0.5792 0.9056 0.5951 0.9 0.5651 0.9425 0.5494 0.9701 0.5494 0.9488 0.766 0.941 0.7488 0.9554 0.7488 0.9367 0.2994 0.8409 0.3091 0.8005 0.3091 0.8658 0.1131 0.7541 0.1417 0.7892 0.1073 0.793 0.5513 0.8105 0.5829 0.788 0.5829 0.8243 0.7027 0.1479 0.7264 0.1909 0.6917 0.1922 0.8424 0.1754 0.8619 0.2165 0.8508 0.2221 0.7657 0.5363 0.7911 0.6021 0.7692 0.6015 0.7058 0.4772 0.6914 0.4107 0.7058 0.3814 0.7239 0.2217 0.6866 0.2789 0.7029 0.2057 0.3885 0.1865 0.4115 0.1629 0.4115 0.1895 0.1073 0.7068 0.1561 0.6609 0.1561 0.7241 0.9231 0.9246 0.9099 0.9522 0.9136 0.9239 0.6422 0.3629 0.6671 0.3337 0.6671 0.368 0.4081 0.6022 0.4051 0.5574 0.4081 0.5322 0.8813 0.3517 0.901 0.3346 0.901 0.3683 0.3525 0.8892 0.3252 0.8673 0.3525 0.8607 0.2115 0.9824 0.2182 0.9644 0.2182 0.983 0.8969 0.9575 0.8877 0.9277 0.8969 0.9271 0.809 0.129 0.7967 0.141 0.7945 0.1283 0.637 0.4767 0.6507 0.4892 0.6363 0.4907 0.8174 0.6671 0.8371 0.6152 0.8371 0.6871 0.4916 0.8594 0.515 0.8881 0.487 0.8889 0.131 0.845 0.1080999 0.8148 0.131 0.806 0.9114 0.3825 0.9057 0.4334 0.899 0.3814 0.8371 0.7928 0.8158 0.7427 0.8371 0.7238 0.8715 0.4297 0.886 0.382 0.886 0.4369 0.8624 0.6904 0.8501 0.6214 0.8624 0.6152 0.6461 0.7569 0.6496 0.7638 0.6461 0.7639 0.8891 0.8061 0.8952 0.8572 0.8819 0.8579 0.9522 0.1383 0.9454 0.09489995 0.9522 0.09069997 0.9507 0.7764 0.9553 0.7254 0.9553 0.7799 0.5071 0.9119 0.4871 0.9244 0.487 0.9019 0.01699995 0.8427 0.03959995 0.8141 0.03959995 0.852 0.2108 0.9086 0.2266 0.876 0.2266 0.9118 0.5495 0.8932 0.5638 0.9282 0.5494 0.9295 0.8308 0.9079 0.8158 0.877 0.8308 0.8663 0.451 0.9165 0.4709 0.9296 0.4507 0.9387 0.3681 0.9489 0.3824 0.9693 0.3663 0.9696 0.5343 0.9495 0.5215 0.9714 0.5201 0.9487 0.1521 0.8616 0.1439999 0.8118 0.1521 0.806 0.8754 0.656 0.891 0.6182 0.891 0.6651 0.9101 0.05229997 0.9227 0.01629996 0.9227 0.05919998 0.9212 0.319 0.9091 0.2758 0.9212 0.2715 0.8913 0.4793 0.8715 0.4646 0.8913 0.4499 0.2506 0.8866 0.2703 0.8724 0.2703 0.9012 0.8595 0.5665 0.8743 0.5063 0.8743 0.5654 0.9665 0.1593 0.9522 0.1885 0.9519 0.159 0.9681 0.2522 0.9611 0.2262 0.9681 0.2169 0.3919 0.4932 0.4047 0.4368 0.4047 0.5181 0.8415 0.3514 0.829 0.2958 0.8415 0.2715 0.4243 0.7807 0.4376 0.8505 0.4211 0.8524 0.1921 0.8944 0.1684 0.8671 0.1921 0.8624 0.0169 0.8924 0.0406 0.8672 0.0406 0.8975 0.8645 0.7888 0.8501 0.7301 0.8645 0.7238 0.1378 0.9441 0.152 0.969 0.1373 0.9695 0.7357 0.8624 0.7152 0.8394 0.7357 0.8279 0.7504 0.8574 0.7709 0.8378 0.7709 0.8697 0.9499 0.8367 0.9343 0.8091 0.9499 0.8058 0.1823 0.9149 0.168 0.9411 0.1676 0.9093 0.9632 0.5367 0.9714 0.5055 0.9714 0.5403 0.487 0.7763 0.5129 0.7123 0.5129 0.7894 0.1976 0.7955 0.1734 0.7343 0.1976 0.7216 0.8795 0.09149998 0.8703 0.1449 0.8649 0.09069997 0.7948 0.8934 0.7991 0.9317 0.7852 0.9325 0.9646 0.4873 0.9575 0.4471 0.9646 0.4442 0.6233 0.4901 0.6092 0.4759 0.6233 0.474 0.4268 0.9649 0.4205 0.9772 0.4173 0.9646 0.6493 0.8346 0.6466 0.8303 0.6493 0.8302 0.4009 0.9251 0.4043 0.9674 0.3967 0.9677 0.7488 0.9236 0.7551 0.8827 0.7637 0.9236 0.9593 0.7097 0.9659 0.6634 0.9659 0.7093 0.3348 0.804 0.3526 0.8477 0.3248 0.8477 0.918 0.6523 0.904 0.6236 0.918 0.6152 0.487 0.8448 0.5074 0.8024 0.5171 0.8448 0.9568 0.9239 0.9475 0.9521 0.9413 0.9242 0.6965 0.8748 0.7003 0.9061 0.6965 0.9062 0.9272 0.1937 0.9389 0.159 0.9389 0.2019 0.9429 0.6563 0.931 0.6225 0.9429 0.6152 0.04919999 0.9109 0.04589998 0.943 0.04339998 0.9105 0.3048 0.5864 0.3086 0.593 0.3034 0.5933 0.4318 0.1629 0.4245 0.1888 0.4245 0.1633999 0.9727 0.3814 0.9798 0.4076 0.9727 0.4067 0.6492 0.7161 0.6461 0.7438 0.6461 0.7171 0.1843 0.1845999 0.1776 0.1913 0.1772 0.1833 0.9357 0.04379999 0.9472 0.02239996 0.9472 0.05489999 0.9548 0.5948 0.9446 0.5732 0.9548 0.561 0.9422 0.36 0.9526 0.333 0.9526 0.3683 0.8502 0.7104 0.8542 0.7051 0.8542 0.7108 0.9099 0.9043 0.9246 0.8738 0.9246 0.9109 0.9374 0.4193 0.9244 0.3883 0.9374 0.3814 0.9716 0.1263999 0.9652 0.09729999 0.9716 0.09069997 0.5066 0.357 0.5096 0.3617 0.5066 0.3624 0.08559995 0.7095 0.09359997 0.6584 0.09359997 0.7152 0.643 0.8673 0.6463 0.925 0.6403 0.925 0.6944 0.8617 0.7003 0.7963 0.7003 0.8615 0.9683 0.7711 0.9769 0.7904 0.972 0.7886 0.6403 0.9669 0.6492 0.9383 0.6492 0.9713 0.01629996 0.9599 0.02679997 0.9782 0.01859998 0.9745 0.7133 0.9372 0.7317 0.9618 0.7135 0.9526 0.7137 0.8981 0.7286 0.9232 0.7133 0.9207 0.0467 0.9602 0.04299998 0.9827 0.03979998 0.9599 0.4936 0.3563 0.4892 0.3653 0.49 0.3581 0.3833 0.9358 0.3663 0.9228 0.3833 0.9039 0.2934 0.8998 0.3101 0.8788 0.3101 0.9177 0.1963 0.977 0.1922 0.958 0.1963 0.9578 0.8175 0.4807 0.8353 0.4741 0.8353 0.4925 0.8025 0.8332 0.7852 0.8794 0.7854 0.8387 0.2506 0.9394 0.2677 0.92 0.2677 0.9452 0.9212 0.8058 0.9212 0.8518 0.9083 0.8392 0.8409 0.8058 0.8158 0.8309 0.8175 0.8129 0.8689 0.8516 0.8539 0.8172 0.8689 0.8058 0.6498 0.5094 0.6498 0.6002 0.6086 0.5712 0.01629996 0.6449 0.01629996 0.5612 0.06589996 0.5607 0.2229 0.7086 0.1734 0.7086 0.1832 0.6662 0.487 0.5717 0.5047 0.4977 0.532 0.5144 0.4214 0.4844 0.4211 0.3814 0.4739 0.3842 0.01629996 0.3147 0.06669998 0.1975 0.08519995 0.1942999 0.3658 0.31 0.3904 0.4138 0.3248 0.4138 0.09429997 0.1813 0.04289996 0.1697 0.01629996 0.0758 0.5956 0.6364 0.5956 0.6948 0.5504 0.6681 0.07119995 0.4474 0.01629996 0.455 0.05109995 0.3386 0.2506 0.2869 0.2936 0.2057 0.3118 0.2261 0.5494 0.7444 0.5565 0.7132 0.5878 0.7078 0.1522 0.6265 0.1076 0.6479 0.1073 0.5791 0.3777 0.6923 0.3248 0.6931 0.3273 0.6254 0.0837 0.5477 0.01629996 0.5365 0.02959996 0.4721 0.4879 0.6386 0.5326 0.6112 0.5326 0.6734 0.7734 0.4901 0.7514 0.485 0.7551 0.3814 0.5949 0.4908 0.5511 0.4908 0.5688 0.3814 0.7117 0.05249994 0.7117 0.1083 0.6767 0.0819 0.4711 0.6843 0.4211 0.6907 0.4217 0.6387 0.4173 0.9315 0.4357 0.925 0.4357 0.9516 0.7416 0.2789 0.7449 0.1608999 0.7613 0.159 0.7504 0.1015 0.7272 0.1157 0.7247 0.03229999 0.7925 0.1639 0.7925 0.2797 0.7743 0.274 0.3101 0.9389 0.3101 0.9554 0.2904 0.954 0.6118 0.9448 0.6086 0.9232 0.6266 0.9185 0.0654 0.8939 0.07789999 0.8842 0.07789999 0.9215 0.6787 0.1913 0.6258 0.1909 0.6261 0.1363 0.1642 0.1953999 0.1424 0.1914 0.1073 0.1389 0.2309 0.615 0.1734 0.6259 0.1744 0.5615 0.6258 0.083 0.637 0.01629996 0.6637 0.03569996 0.4738 0.2897 0.4692 0.2057 0.5096 0.2106 0.3095 0.6156 0.3095 0.6788 0.2506 0.6595 0.5081 0.06729996 0.5586 0.01629996 0.5586 0.114 0.2506 0.1011 0.3001 0.01629996 0.3001 0.1669999 0.446 0.1554 0.4834 0.1479 0.4784 0.1659 0.3957 0.7707 0.3663 0.7816 0.3663 0.717 0.3248 0.7696 0.3342 0.7083 0.3533 0.7061 0.2107 0.7405 0.234 0.7216 0.234 0.7995 0.8043 0.5904 0.8041 0.5118 0.8216 0.5063 0.904 0.7079 0.904 0.6832 0.92 0.6728 0.8044 0.6153 0.8044 0.7108 0.7852 0.7107 0.6806 0.72 0.6806 0.8155 0.6628 0.8118 0.7945 0.1152 0.7945 0.01969999 0.8126 0.01629996 0.01629996 0.9426 0.01629996 0.9125 0.03039997 0.9105 0.5067 0.9615 0.487 0.9669 0.487 0.945 0.07989996 0.9634 0.06259995 0.9591 0.06259995 0.9366 0.8338 0.4611 0.8175 0.4374 0.8238 0.4096 0.6122 0.1352 0.6122 0.1873 0.5933 0.1764 0.5227 0.3373 0.5524 0.3282 0.5524 0.3633 0.01629996 0.7936 0.01889997 0.7331 0.04219996 0.7513 0.28 0.8077 0.28 0.8463 0.2629 0.8454 0.7373 0.6152 0.7373 0.7301 0.7133 0.7093 0.6736 0.2057 0.6736 0.3207 0.6603 0.2975 0.1959 0.3835 0.2153 0.3755 0.2376 0.4186 0.8262 0.1231999 0.8519 0.1072 0.8519 0.1449 0.4211 0.7361 0.4626 0.7037 0.4626 0.7613 0.8474 0.2584 0.8287 0.2584 0.8327 0.2366999 0.1976 0.8494 0.1680999 0.8447 0.1676 0.8233 0.3082 0.4885 0.3082 0.5732 0.3051 0.5419 0.1305 0.8988 0.1073 0.8951 0.1075 0.8823 0.8749 0.2521 0.8774 0.2286 0.8962 0.2286 0.858 0.4931 0.8483 0.4911 0.8498 0.4764 0.5792 0.9727 0.5852 0.9472 0.5936 0.951 0.1777999 0.9607 0.1791 0.9764 0.1676 0.9764 0.7408 0.1452 0.7406 0.1288 0.7504 0.1308 0.7133 0.7572 0.7375 0.7431 0.7375 0.8149 0.3163 0.1648 0.3378 0.1622 0.3378 0.1912 0.2114 0.8464 0.2107 0.8153 0.2335 0.8257 0.8829 0.02189999 0.8971 0.01629996 0.8971 0.06309998 0.7927 0.3431 0.8017 0.2968 0.816 0.2933 0.8813 0.279 0.8961 0.2715 0.8961 0.3209 0.6628 0.8772 0.6691 0.8286 0.6777 0.8292 0.5341 0.877 0.5341 0.8828 0.5302 0.8827 0.8749 0.2095 0.8822 0.159 0.8884 0.1618 0.3994 0.8997 0.4034 0.8483 0.4069 0.8495 0.1439999 0.8807 0.152 0.8778 0.152 0.9274 0.6832 0.9204 0.6628 0.9259 0.6634 0.9077 0.5501 0.8501 0.5714 0.8374 0.5714 0.866 0.9093 0.2268 0.9249 0.2229 0.9249 0.2529 0.8689 0.8874 0.8689 0.9228 0.8536 0.9171 0.4964 0.1777999 0.4993 0.1479 0.5092 0.1522 0.8754 0.6905 0.8901 0.6781 0.8901 0.6998 0.4667 0.9526 0.4667 0.9722 0.4525 0.9713 0.123 0.9758 0.1073 0.9758 0.1086 0.9564 0.6946 0.778 0.6971 0.7162 0.7003 0.7192 0.8925 0.1012 0.9072 0.09069997 0.9072 0.1317 0.9406 0.512 0.9502 0.5039 0.9502 0.5464 0.9376 0.9006 0.9446 0.8718 0.9503 0.8709 0.3663 0.8757 0.3685 0.8483 0.3863 0.8622 0.8819 0.8866 0.8969 0.8709 0.8969 0.8998 0.8551 0.01629996 0.8698 0.01729995 0.8698 0.07659995 0.3412 0.9702 0.3248 0.9704 0.3254 0.9486 0.9504 0.4154 0.9549 0.3814 0.9597 0.3853 0.8346 0.5312 0.8465 0.5063 0.8465 0.5877 0.08419996 0.4019 0.08599996 0.3372 0.0934 0.349 0.09359997 0.5623 0.09359997 0.6422 0.08209997 0.6418 0.4511 0.8888 0.4507 0.8612 0.4725 0.8688 0.3527 0.1873 0.3508 0.1629 0.3746 0.1664 0.8468 0.4551 0.8517 0.3814 0.8584 0.3828 0.9292 0.3361 0.9292 0.3683 0.9145 0.3622 0.0647 0.8596 0.06259995 0.8311 0.08539998 0.8403 0.9037 0.5327 0.8889 0.5507 0.8873 0.5225 0.8537 0.962 0.8535 0.9358 0.8692 0.9368 0.5359 0.9324 0.5201 0.9357 0.5203 0.9028 0.9629 0.8075 0.9696 0.8058 0.9696 0.8462 0.6086 0.7288 0.6331 0.7161 0.6331 0.7933 0.7511 0.8018 0.763 0.7386 0.7721 0.7401 0.8545 0.2752 0.8683 0.2715 0.8683 0.3384 0.9093 0.773 0.9154 0.7238 0.9182 0.7245 0.9716 0.8709 0.9716 0.9038 0.9674 0.9052 0.868 0.3679 0.8545 0.3671 0.8565 0.3531 0.6086 0.9644 0.6156 0.9608 0.6156 0.9763 0.6494 0.8123 0.6494 0.8172 0.6466 0.8164 0.9312 0.7771 0.9347 0.7238 0.9377 0.7248 0.5951 0.887 0.5844 0.8828 0.5916 0.8374 0.1547 0.7401 0.1599 0.7371 0.1599 0.7884 0.8776 0.7674 0.8862 0.7247 0.8958 0.7238 0.4357 0.8672 0.4357 0.912 0.4276 0.9076 0.6335 0.8543 0.6086 0.8543 0.6179 0.812 0.9167 0.5075 0.9276 0.5039 0.9276 0.5453 0.6956 0.97 0.6956 0.9392 0.7001 0.9389 0.9337 0.457 0.9445 0.4478 0.9445 0.4893 0.9605 0.2964 0.9636 0.2732 0.9697 0.2715 0.9678 0.5611 0.9749 0.561 0.9749 0.5921 0.8174 0.7073 0.8185 0.7002 0.8219 0.7002 0.9698 0.9239 0.9752 0.9249 0.9752 0.9552 0.9743 0.7259 0.9743 0.7548 0.9683 0.7528 0.1901 0.3295 0.1932 0.3286 0.1932 0.359 0.4762 0.3638 0.4692 0.3645 0.4696 0.3569 0.9342 0.2779 0.9475 0.2715 0.9475 0.3035 0.9202 0.1267 0.9265 0.09069997 0.9324 0.09499996 0.9379 0.2226 0.9481 0.2169 0.9481 0.255 0.8777 0.7805 0.8817 0.7804 0.8817 0.7871 0.9463 0.7095 0.933 0.7097 0.9401 0.6728 0.8056 0.2758 0.8109 0.2353 0.8157 0.2371 0.9602 0.05449998 0.9644 0.01629996 0.9678 0.01769995 0.6489 0.777 0.6489 0.783 0.6461 0.7829 0.5259 0.7139 0.5325 0.7064 0.5325 0.7729 0.5302 0.8629 0.5325 0.8024 0.5354 0.803 0.407 0.3768 0.4034 0.3763 0.405 0.31 0.8714 0.5797 0.8714 0.5987 0.8595 0.5928 0.9559 0.621 0.9663 0.6152 0.9663 0.6489 0.9656 0.348 0.9693 0.3284 0.9772 0.3368 0.3248 0.9232 0.3249 0.9063 0.3424 0.9043 0.8879 0.5979 0.8873 0.5787 0.9045 0.5637 0.9837 0.4675 0.9776 0.4683 0.9797 0.4452 0.08419996 0.4442 0.08919996 0.4409 0.08919996 0.4515 0.124 0.9123 0.124 0.9432 0.1073 0.9201 0.6273 0.9034 0.6102 0.9055 0.6086 0.8969 0.4075 0.3906 0.4075 0.4101 0.4035 0.409 0.4682 0.8482 0.4508 0.8436 0.4507 0.7841 0.8021 0.9647 0.7852 0.9705 0.7852 0.9514 0.8056 0.1872 0.8294 0.159 0.8294 0.2222999 0.4055 0.6453 0.4055 0.6924 0.3907 0.6804 0.6628 0.6206 0.7003 0.6152 0.7003 0.7032 0.5667 0.3094 0.5226 0.3151 0.5226 0.2114 0.5511 0.6031 0.5712 0.5039 0.5879 0.5456 0.3408 0.4268 0.3739 0.4268 0.3789 0.5293 0.1734 0.4381 0.2258999 0.4447 0.2258999 0.5363 0.3716 0.1342 0.3601 0.1491 0.3131 0.05259996 0.1389 0.2264 0.1826 0.2084 0.1826 0.2982 0.3248 0.297 0.3277 0.2189 0.3767 0.2057 0.7182 0.5876 0.7139 0.5326 0.7527 0.5473 0.2506 0.4755 0.2819 0.3633 0.302 0.3618 0.1284 0.3302 0.1491 0.3286 0.1771 0.4251 0.6286 0.2197999 0.6286 0.2949 0.5798 0.2463 0.2506 0.5825 0.2685 0.4885 0.2903 0.5275 0.5226 0.1927 0.5244 0.1386 0.5774 0.1352 0.6594 0.3814 0.6594 0.461 0.6079 0.4569 0.3897 0.5423 0.3897 0.6114 0.3357 0.6003 0.7503 0.7195 0.7539 0.6152 0.7721 0.6201 0.3846 0.1101 0.4105 0.01629996 0.433 0.03159999 0.6497 0.6435 0.6497 0.7031 0.6086 0.6752 0.06939995 0.658 0.06939995 0.7201 0.01669996 0.7057 0.2291 0.9249 0.2291 0.9514 0.2107 0.949 0.7384 0.5 0.7221 0.5029 0.7188 0.3849 0.7815 0.02149999 0.7815 0.1383 0.7634 0.1321 0.2506 0.7082 0.276 0.6918 0.276 0.7744 0.6628 0.9389 0.6826 0.9394 0.6826 0.9627 0.9071 0.4596 0.9207 0.4499 0.9207 0.4871 0.8329 0.9245 0.8329 0.9538 0.8191 0.9512 0.7357 0.3448 0.6866 0.3539 0.6901 0.3007 0.1772 0.04719996 0.2184 0.03429996 0.2376 0.01629996 0.6128 0.04069995 0.6128 0.1216 0.5716 0.0934 0.5036 0.3849 0.5381 0.3814 0.5381 0.4695 0.2064999 0.1984 0.2376 0.1833 0.2376 0.2844 0.6628 0.5819 0.6811 0.5062 0.7009 0.5039 0.1604 0.5394 0.1324 0.5328 0.1073 0.4912 0.446 0.08329999 0.48 0.01629996 0.4951 0.02399998 0.3873 0.8255 0.3663 0.8118 0.3994 0.7946 0.3091 0.6919 0.3091 0.7875 0.289 0.7874 0.5996 0.3079 0.6283 0.3171 0.6283 0.3568 0.8309 0.08019995 0.8256 0.01849997 0.8421 0.01629996 0.8028 0.8147 0.7853 0.8202 0.7852 0.7417 0.9175 0.5659 0.9316 0.5637 0.9316 0.6015 0.7797 0.3579 0.7514 0.3683 0.7514 0.3038 0.08329999 0.8181 0.06259995 0.8133 0.06259995 0.7331 0.8045 0.4769 0.7864 0.4803 0.7864 0.3848 0.5951 0.9237 0.5792 0.9342 0.5792 0.9056 0.5651 0.9425 0.5651 0.9682 0.5494 0.9701 0.766 0.941 0.766 0.9635 0.7488 0.9554 0.2994 0.8409 0.2934 0.8162 0.3091 0.8005 0.1131 0.7541 0.1417 0.7371 0.1417 0.7892 0.5513 0.8105 0.5494 0.7787 0.5829 0.788 0.7027 0.1479 0.7264 0.1328 0.7264 0.1909 0.8424 0.1754 0.8619 0.159 0.8619 0.2165 0.7657 0.5363 0.7911 0.5063 0.7911 0.6021 0.7058 0.4772 0.6724 0.4683 0.6914 0.4107 0.7239 0.2217 0.7286 0.2789 0.6866 0.2789 0.3885 0.1865 0.3876 0.1741 0.4115 0.1629 0.1073 0.7068 0.1148 0.6687 0.1561 0.6609 0.9231 0.9246 0.9283 0.9522 0.9099 0.9522 0.6422 0.3629 0.6416 0.3417 0.6671 0.3337 0.4081 0.6022 0.4033 0.583 0.4051 0.5574 0.8813 0.3517 0.8833 0.3394 0.901 0.3346 0.3525 0.8892 0.3248 0.8913 0.3252 0.8673 0.2115 0.9824 0.2107 0.9686 0.2182 0.9644 0.8969 0.9575 0.8826 0.9571 0.8877 0.9277 0.809 0.129 0.809 0.1447 0.7967 0.141 0.637 0.4767 0.6507 0.474 0.6507 0.4892 0.8174 0.6671 0.8249 0.6176 0.8371 0.6152 0.4916 0.8594 0.515 0.8578 0.515 0.8881 0.131 0.845 0.1073 0.8521 0.1080999 0.8148 0.9114 0.3825 0.9114 0.4339 0.9057 0.4334 0.8371 0.7928 0.8241 0.7895 0.8158 0.7427 0.8715 0.4297 0.878 0.3814 0.886 0.382 0.8624 0.6904 0.8567 0.6907 0.8501 0.6214 0.6461 0.7569 0.6496 0.7568 0.6496 0.7638 0.8891 0.8061 0.8952 0.8058 0.8952 0.8572 0.9522 0.1383 0.9491 0.1403 0.9454 0.09489995 0.9507 0.7764 0.9532 0.7238 0.9553 0.7254 0.5071 0.9119 0.5071 0.9303 0.4871 0.9244 0.01699995 0.8427 0.01629996 0.8066 0.03959995 0.8141 0.2108 0.9086 0.2107 0.8712 0.2266 0.876 0.5495 0.8932 0.5638 0.8905 0.5638 0.9282 0.8308 0.9079 0.8215 0.9115 0.8158 0.877 0.451 0.9165 0.4709 0.9115 0.4709 0.9296 0.3681 0.9489 0.3824 0.9489 0.3824 0.9693 0.5343 0.9495 0.5343 0.9719 0.5215 0.9714 0.1521 0.8616 0.1475999 0.8648 0.1439999 0.8118 0.8754 0.656 0.8816 0.6152 0.891 0.6182 0.9101 0.05229997 0.9167 0.01729995 0.9227 0.01629996 0.9212 0.319 0.9156 0.3171 0.9091 0.2758 0.8913 0.4793 0.8732 0.4926 0.8715 0.4646 0.2506 0.8866 0.2523 0.8594 0.2703 0.8724 0.8595 0.5665 0.8627 0.5073 0.8743 0.5063 0.9665 0.1593 0.9665 0.1885 0.9522 0.1885 0.9681 0.2522 0.9643 0.2575 0.9611 0.2262 0.3919 0.4932 0.3923 0.4268 0.4047 0.4368 0.8415 0.3514 0.8292 0.3614 0.829 0.2958 0.4243 0.7807 0.4376 0.7795 0.4376 0.8505 0.1921 0.8944 0.1676 0.8963 0.1684 0.8671 0.0169 0.8924 0.01629996 0.865 0.0406 0.8672 0.8645 0.7888 0.856 0.7915 0.8501 0.7301 0.1378 0.9441 0.152 0.9417 0.152 0.969 0.7357 0.8624 0.7133 0.8713 0.7152 0.8394 0.7504 0.8574 0.7488 0.8279 0.7709 0.8378 0.9499 0.8367 0.9342 0.838 0.9343 0.8091 0.1823 0.9149 0.1823 0.9448 0.168 0.9411 0.9632 0.5367 0.9677 0.5039 0.9714 0.5055 0.487 0.7763 0.498 0.7064 0.5129 0.7123 0.1976 0.7955 0.1841 0.8012 0.1734 0.7343 0.8795 0.09149998 0.8795 0.1446 0.8703 0.1449 0.7948 0.8934 0.7991 0.8937 0.7991 0.9317 0.9646 0.4873 0.9614 0.4893 0.9575 0.4471 0.6233 0.4901 0.6079 0.4908 0.6092 0.4759 0.4268 0.9649 0.4268 0.9792 0.4205 0.9772 0.6493 0.8346 0.6465 0.8351 0.6466 0.8303 0.4009 0.9251 0.4043 0.925 0.4043 0.9674 0.7488 0.9236 0.7503 0.8833 0.7551 0.8827 0.9593 0.7097 0.9629 0.6637 0.9659 0.6634 0.3348 0.804 0.3492 0.8048 0.3526 0.8477 0.918 0.6523 0.9103 0.6597 0.904 0.6236 0.487 0.8448 0.4913 0.8031 0.5074 0.8024 0.9568 0.9239 0.9568 0.9545 0.9475 0.9521 0.6965 0.8748 0.7003 0.8747 0.7003 0.9061 0.9272 0.1937 0.9324 0.1625 0.9389 0.159 0.9429 0.6563 0.9372 0.6519 0.931 0.6225 0.04919999 0.9109 0.04919999 0.9431 0.04589998 0.943 0.3048 0.5864 0.3086 0.5862 0.3086 0.593 0.4318 0.1629 0.4318 0.1881999 0.4245 0.1888 0.9727 0.3814 0.9798 0.3823 0.9798 0.4076 0.6492 0.7161 0.6492 0.7428 0.6461 0.7438 0.1843 0.1845999 0.1843 0.1926 0.1776 0.1913 0.9357 0.04379999 0.9415 0.01629996 0.9472 0.02239996 0.9548 0.5948 0.9498 0.6015 0.9446 0.5732 0.9422 0.36 0.9471 0.3284 0.9526 0.333 0.8502 0.7104 0.8501 0.7042 0.8542 0.7051 0.9099 0.9043 0.9177 0.8709 0.9246 0.8738 0.9374 0.4193 0.9314 0.4223 0.9244 0.3883 0.9716 0.1263999 0.9688 0.1291 0.9652 0.09729999 0.5066 0.357 0.5096 0.3563 0.5096 0.3617 0.08559995 0.7095 0.08919996 0.6552 0.09359997 0.6584 0.643 0.8673 0.6463 0.8673 0.6463 0.925 0.6944 0.8617 0.697 0.7964 0.7003 0.7963 0.9683 0.7711 0.9769 0.7678 0.9769 0.7904 0.6403 0.9669 0.6437 0.9381 0.6492 0.9383 0.01629996 0.9599 0.02679997 0.9601 0.02679997 0.9782 0.7133 0.9372 0.7317 0.9362 0.7317 0.9618 0.7137 0.8981 0.7286 0.8844 0.7286 0.9232 0.0467 0.9602 0.0467 0.9837 0.04299998 0.9827 0.4936 0.3563 0.4936 0.3659 0.4892 0.3653 0.3833 0.9358 0.3667 0.9316 0.3663 0.9228 0.2934 0.8998 0.2946 0.8881 0.3101 0.8788 0.1963 0.977 0.1922 0.9766 0.1922 0.958 0.8025 0.8332 0.8025 0.8803 0.7852 0.8794 0.2506 0.9394 0.2506 0.9142 0.2677 0.92 0.8409 0.8058 0.8409 0.8533 0.8158 0.8309 0.8689 0.8516 0.8548 0.8702 0.8539 0.8172</float_array>
          <technique_common>
            <accessor source="#deer-mesh-map-0-array" count="1878" stride="2">
              <param name="S" type="float"/>
              <param name="T" type="float"/>
            </accessor>
          </technique_common>
        </source>
        <vertices id="deer-mesh-vertices">
          <input semantic="POSITION" source="#deer-mesh-positions"/>
        </vertices>
        <triangles material="christmasDeer_001-material" count="626">
          <input semantic="VERTEX" source="#deer-mesh-vertices" offset="0"/>
          <input semantic="NORMAL" source="#deer-mesh-normals" offset="1"/>
          <input semantic="TEXCOORD" source="#deer-mesh-map-0" offset="2" set="0"/>
          <p>5 0 0 9 0 1 3 0 2 5 1 3 0 1 4 1 1 5 0 2 6 27 2 7 25 2 8 155 3 9 1 3 10 0 3 11 156 4 12 2 4 13 3 4 14 165 5 15 11 5 16 8 5 17 3 6 18 4 6 19 5 6 20 28 7 21 187 7 22 25 7 23 10 8 24 13 8 25 9 8 26 171 9 27 15 9 28 16 9 29 171 10 30 7 10 31 165 10 32 1 11 33 165 11 34 8 11 35 5 12 36 8 12 37 10 12 38 156 13 39 9 13 40 164 13 41 173 14 42 12 14 43 171 14 44 13 15 45 173 15 46 170 15 47 11 16 48 17 16 49 18 16 50 12 17 51 11 17 52 15 17 53 10 18 54 12 18 55 14 18 56 164 19 57 13 19 58 170 19 59 17 20 60 22 20 61 18 20 62 15 21 63 20 21 64 16 21 65 7 22 66 20 22 67 17 22 68 11 23 69 19 23 70 15 23 71 20 24 72 23 24 73 24 24 74 17 25 75 24 25 76 21 25 77 18 26 78 23 26 79 19 26 80 25 27 81 27 27 82 28 27 83 2 28 84 186 28 85 26 28 86 155 29 87 32 29 88 187 29 89 2 30 90 27 30 91 4 30 92 186 31 93 6 31 94 26 31 95 26 32 96 28 32 97 27 32 98 32 33 99 34 33 100 36 33 101 0 34 102 31 34 103 29 34 104 25 35 105 32 35 106 31 35 107 0 36 108 30 36 109 155 36 110 36 37 111 38 37 112 40 37 113 31 38 114 33 38 115 29 38 116 31 39 117 36 39 118 35 39 119 29 40 120 34 40 121 30 40 122 40 41 123 42 41 124 44 41 125 35 42 126 37 42 127 33 42 128 36 43 129 39 43 130 35 43 131 33 44 132 38 44 133 34 44 134 37 45 135 43 45 136 41 45 137 40 46 138 43 46 139 39 46 140 37 47 141 42 47 142 38 47 143 45 48 144 53 48 145 46 48 146 189 49 147 45 49 148 6 49 149 46 50 150 213 50 151 47 50 152 213 51 153 48 51 154 47 51 155 47 52 156 50 52 157 49 52 158 47 53 159 45 53 160 46 53 161 6 54 162 49 54 163 28 54 164 50 55 165 219 55 166 49 55 167 48 56 168 218 56 169 50 56 170 191 57 171 49 57 172 219 57 173 51 58 174 57 58 175 53 58 176 46 59 177 54 59 178 211 59 179 209 60 180 54 60 181 52 60 182 209 61 183 51 61 184 45 61 185 55 62 186 61 62 187 57 62 188 53 63 189 58 63 190 54 63 191 52 64 192 58 64 193 56 64 194 52 65 195 55 65 196 51 65 197 112 66 198 105 66 199 111 66 200 62 67 201 64 67 202 66 67 203 56 68 204 62 68 205 60 68 206 92 69 207 72 69 208 91 69 209 66 70 210 68 70 211 70 70 212 61 71 213 63 71 214 57 71 215 61 72 216 66 72 217 65 72 218 57 73 219 64 73 220 58 73 221 67 74 222 70 74 223 68 74 224 65 75 225 67 75 226 63 75 227 66 76 228 69 76 229 65 76 230 64 77 231 67 77 232 68 77 233 84 78 234 76 78 235 83 78 236 93 79 237 71 79 238 73 79 239 92 80 240 73 80 241 74 80 242 91 81 243 71 81 244 94 81 245 78 82 246 80 82 247 76 82 248 85 83 249 75 83 250 77 83 251 85 84 252 78 84 253 84 84 254 86 85 255 76 85 256 75 85 257 82 86 258 132 86 259 80 86 260 77 87 261 79 87 262 81 87 263 78 88 264 81 88 265 82 88 266 76 89 267 79 89 268 75 89 269 74 90 270 83 90 271 72 90 272 73 91 273 86 91 274 85 91 275 85 92 276 89 92 277 90 92 278 71 93 279 83 93 280 86 93 281 89 94 282 126 94 283 90 94 284 84 95 285 88 95 286 89 95 287 85 96 288 87 96 289 73 96 290 73 97 291 88 97 292 74 97 293 97 98 294 91 98 295 95 98 296 96 99 297 94 99 298 93 99 299 96 100 300 102 100 301 97 100 302 95 101 303 94 101 304 98 101 305 60 102 306 95 102 307 56 102 308 59 103 309 98 103 310 96 103 311 59 104 312 97 104 313 60 104 314 55 105 315 95 105 316 98 105 317 102 106 318 129 106 319 130 106 320 92 107 321 102 107 322 99 107 323 93 108 324 101 108 325 96 108 326 93 109 327 99 109 328 100 109 329 103 110 330 109 110 331 105 110 332 111 111 333 118 111 334 113 111 335 114 112 336 106 112 337 104 112 338 112 113 339 104 113 340 103 113 341 108 114 342 109 114 343 107 114 344 105 115 345 110 115 346 106 115 347 104 116 348 110 116 349 108 116 350 103 117 351 108 117 352 107 117 353 59 118 354 111 118 355 61 118 356 61 119 357 113 119 358 62 119 359 60 120 360 113 120 361 114 120 362 59 121 363 114 121 364 112 121 365 117 122 366 122 122 367 118 122 368 106 123 369 118 123 370 116 123 371 105 124 372 117 124 373 111 124 374 105 125 375 116 125 376 115 125 377 121 126 378 120 126 379 122 126 380 116 127 381 122 127 382 120 127 383 115 128 384 121 128 385 117 128 386 115 129 387 120 129 388 119 129 389 124 130 390 126 130 391 125 130 392 89 131 393 124 131 394 125 131 395 90 132 396 123 132 397 87 132 398 88 133 399 123 133 400 124 133 401 130 134 402 128 134 403 127 134 404 99 135 405 130 135 406 127 135 407 100 136 408 129 136 409 101 136 410 99 137 411 128 137 412 100 137 413 132 138 414 133 138 415 131 138 416 81 139 417 131 139 418 133 139 419 81 140 420 134 140 421 82 140 422 79 141 423 132 141 424 131 141 425 136 142 426 138 142 427 137 142 428 142 143 429 143 143 430 146 143 431 135 144 432 142 144 433 138 144 434 137 145 435 142 145 436 141 145 437 135 146 438 140 146 439 139 146 440 136 147 441 141 147 442 140 147 443 146 148 444 144 148 445 145 148 446 141 149 447 146 149 448 145 149 449 140 150 450 143 150 451 139 150 452 141 151 453 144 151 454 140 151 455 318 152 456 319 152 457 149 152 458 317 153 459 149 153 460 319 153 461 316 154 462 148 154 463 317 154 464 170 155 465 147 155 466 316 155 467 147 156 468 173 156 469 148 156 470 173 157 471 149 157 472 148 157 473 163 158 474 159 158 475 153 158 476 159 159 477 150 159 478 158 159 479 150 160 480 188 160 481 158 160 482 151 161 483 155 161 484 150 161 485 152 162 486 156 162 487 153 162 488 167 163 489 165 163 490 162 163 491 153 164 492 158 164 493 152 164 494 187 165 495 190 165 496 184 165 497 169 166 498 166 166 499 163 166 500 171 167 501 174 167 502 168 167 503 161 168 504 171 168 505 165 168 506 151 169 507 165 169 508 157 169 509 159 170 510 162 170 511 151 170 512 156 171 513 163 171 514 153 171 515 173 172 516 168 172 517 172 172 518 173 173 519 169 173 520 170 173 521 167 174 522 176 174 523 161 174 524 168 175 525 167 175 526 162 175 527 166 176 528 168 176 529 162 176 530 164 177 531 169 177 532 163 177 533 181 178 534 176 178 535 177 178 536 179 179 537 174 179 538 175 179 539 161 180 540 179 180 541 175 180 542 178 181 543 167 181 544 174 181 545 179 182 546 182 182 547 178 182 548 176 183 549 183 183 550 179 183 551 182 184 552 177 184 553 178 184 554 184 185 555 190 185 556 188 185 557 152 186 558 186 186 559 154 186 560 195 187 561 155 187 562 187 187 563 188 188 564 152 188 565 158 188 566 160 189 567 186 189 568 185 189 569 190 190 570 185 190 571 188 190 572 195 191 573 197 191 574 193 191 575 150 192 576 194 192 577 184 192 578 184 193 579 195 193 580 187 193 581 193 194 582 150 194 583 155 194 584 199 191 585 201 191 586 197 191 587 196 37 588 194 37 589 192 37 590 194 195 591 199 195 592 195 195 593 197 196 594 192 196 595 193 196 596 203 197 597 205 197 598 201 197 599 200 37 600 198 37 601 196 37 602 202 198 603 199 198 604 198 198 605 201 199 606 196 199 607 197 199 608 200 200 609 206 200 610 202 200 611 206 201 612 203 201 613 202 201 614 205 202 615 200 202 616 201 202 617 222 203 618 208 203 619 210 203 620 208 204 621 189 204 622 160 204 623 210 205 624 213 205 625 211 205 626 214 206 627 213 206 628 212 206 629 212 207 630 217 207 631 214 207 632 208 208 633 212 208 634 210 208 635 160 209 636 216 209 637 212 209 638 217 210 639 219 210 640 218 210 641 214 211 642 218 211 643 215 211 644 191 212 645 216 212 646 190 212 647 226 213 648 220 213 649 222 213 650 223 214 651 210 214 652 211 214 653 209 215 654 223 215 655 211 215 656 220 216 657 209 216 658 208 216 659 230 217 660 224 217 661 226 217 662 227 218 663 222 218 664 223 218 665 221 219 666 227 219 667 223 219 668 224 220 669 221 220 670 220 220 671 274 221 672 281 221 673 280 221 674 231 222 675 233 222 676 227 222 677 225 223 678 231 223 679 227 223 680 241 224 681 261 224 682 260 224 683 235 225 684 237 225 685 233 225 686 232 226 687 230 226 688 226 226 689 230 227 690 235 227 691 231 227 692 233 228 693 226 228 694 227 228 695 239 229 696 236 229 697 237 229 698 236 230 699 234 230 700 232 230 701 238 231 702 235 231 703 234 231 704 233 232 705 236 232 706 232 232 707 245 233 708 253 233 709 252 233 710 262 234 711 240 234 712 263 234 713 261 235 714 242 235 715 262 235 716 240 236 717 260 236 718 263 236 719 249 237 720 247 237 721 245 237 722 254 238 723 244 238 724 255 238 725 247 239 726 254 239 727 253 239 728 255 240 729 245 240 730 252 240 731 301 241 732 251 241 733 249 241 734 246 242 735 248 242 736 244 242 737 247 243 738 250 243 739 246 243 740 248 244 741 245 244 742 244 244 743 252 245 744 243 245 745 241 245 746 242 246 747 255 246 748 240 246 749 254 247 750 258 247 751 253 247 752 240 248 753 252 248 754 241 248 755 295 249 756 258 249 757 259 249 758 253 250 759 257 250 760 243 250 761 256 251 762 254 251 763 242 251 764 257 252 765 242 252 766 243 252 767 260 253 768 266 253 769 264 253 770 265 254 771 263 254 772 267 254 773 271 255 774 265 255 775 266 255 776 263 256 777 264 256 778 267 256 779 264 257 780 229 257 781 225 257 782 228 258 783 267 258 784 224 258 785 266 259 786 228 259 787 229 259 788 224 260 789 264 260 790 225 260 791 271 261 792 298 261 793 270 261 794 261 262 795 271 262 796 266 262 797 270 263 798 262 263 799 265 263 800 262 264 801 268 264 802 261 264 803 278 265 804 272 265 805 274 265 806 287 266 807 280 266 808 282 266 809 283 267 810 275 267 811 282 267 812 281 268 813 273 268 814 283 268 815 278 269 816 277 269 817 276 269 818 279 270 819 274 270 820 275 270 821 273 271 822 279 271 823 275 271 824 272 272 825 277 272 826 273 272 827 280 273 828 228 273 829 230 273 830 282 274 831 230 274 832 231 274 833 229 275 834 282 275 835 231 275 836 228 276 837 283 276 838 229 276 839 291 277 840 286 277 841 287 277 842 275 278 843 287 278 844 282 278 845 286 279 846 274 279 847 280 279 848 274 280 849 285 280 850 275 280 851 289 281 852 290 281 853 291 281 854 285 282 855 291 282 856 287 282 857 290 283 858 284 283 859 286 283 860 284 284 861 289 284 862 285 284 863 293 285 864 295 285 865 292 285 866 258 286 867 293 286 868 257 286 869 292 287 870 259 287 871 256 287 872 257 288 873 292 288 874 256 288 875 299 289 876 297 289 877 298 289 878 268 290 879 299 290 880 271 290 881 298 291 882 269 291 883 270 291 884 297 292 885 268 292 886 269 292 887 302 293 888 301 293 889 300 293 890 250 294 891 300 294 892 248 294 893 303 295 894 250 295 895 251 295 896 248 296 897 301 296 898 249 296 899 307 297 900 305 297 901 306 297 902 311 298 903 312 298 904 308 298 905 311 299 906 304 299 907 307 299 908 306 300 909 311 300 910 307 300 911 304 301 912 309 301 913 305 301 914 305 302 915 310 302 916 306 302 917 313 303 918 315 303 919 314 303 920 310 304 921 315 304 922 311 304 923 312 305 924 309 305 925 308 305 926 313 306 927 310 306 928 309 306 929 318 307 930 322 307 931 319 307 932 317 308 933 322 308 934 321 308 935 316 309 936 321 309 937 320 309 938 170 310 939 316 310 940 320 310 941 173 311 942 320 311 943 321 311 944 173 312 945 322 312 946 318 312 947 5 313 948 10 313 949 9 313 950 5 314 951 4 314 952 0 314 953 0 315 954 4 315 955 27 315 956 155 316 957 157 316 958 1 316 959 156 317 960 154 317 961 2 317 962 165 318 963 7 318 964 11 318 965 3 319 966 2 319 967 4 319 968 28 320 969 191 320 970 187 320 971 10 321 972 14 321 973 13 321 974 171 322 975 12 322 976 15 322 977 171 323 978 16 323 979 7 323 980 1 324 981 157 324 982 165 324 983 5 325 984 1 325 985 8 325 986 156 326 987 3 326 988 9 326 989 173 327 990 14 327 991 12 327 992 13 328 993 14 328 994 173 328 995 11 329 996 7 329 997 17 329 998 12 330 999 8 330 1000 11 330 1001 10 331 1002 8 331 1003 12 331 1004 164 332 1005 9 332 1006 13 332 1007 17 333 1008 21 333 1009 22 333 1010 15 334 1011 19 334 1012 20 334 1013 7 335 1014 16 335 1015 20 335 1016 11 336 1017 18 336 1018 19 336 1019 20 337 1020 19 337 1021 23 337 1022 17 338 1023 20 338 1024 24 338 1025 18 339 1026 22 339 1027 23 339 1028 2 340 1029 154 340 1030 186 340 1031 155 341 1032 30 341 1033 32 341 1034 2 342 1035 26 342 1036 27 342 1037 186 343 1038 189 343 1039 6 343 1040 26 344 1041 6 344 1042 28 344 1043 32 345 1044 30 345 1045 34 345 1046 0 346 1047 25 346 1048 31 346 1049 25 347 1050 187 347 1051 32 347 1052 0 348 1053 29 348 1054 30 348 1055 36 37 1056 34 37 1057 38 37 1058 31 191 1059 35 191 1060 33 191 1061 31 349 1062 32 349 1063 36 349 1064 29 350 1065 33 350 1066 34 350 1067 40 351 1068 38 351 1069 42 351 1070 35 352 1071 39 352 1072 37 352 1073 36 353 1074 40 353 1075 39 353 1076 33 354 1077 37 354 1078 38 354 1079 37 355 1080 39 355 1081 43 355 1082 40 356 1083 44 356 1084 43 356 1085 37 357 1086 41 357 1087 42 357 1088 45 358 1089 51 358 1090 53 358 1091 189 359 1092 209 359 1093 45 359 1094 46 360 1095 211 360 1096 213 360 1097 213 361 1098 215 361 1099 48 361 1100 47 362 1101 48 362 1102 50 362 1103 47 363 1104 6 363 1105 45 363 1106 6 364 1107 47 364 1108 49 364 1109 50 365 1110 218 365 1111 219 365 1112 48 366 1113 215 366 1114 218 366 1115 191 367 1116 28 367 1117 49 367 1118 51 368 1119 55 368 1120 57 368 1121 46 369 1122 53 369 1123 54 369 1124 209 370 1125 211 370 1126 54 370 1127 209 371 1128 52 371 1129 51 371 1130 55 372 1131 59 372 1132 61 372 1133 53 373 1134 57 373 1135 58 373 1136 52 374 1137 54 374 1138 58 374 1139 52 375 1140 56 375 1141 55 375 1142 112 376 1143 103 376 1144 105 376 1145 62 377 1146 58 377 1147 64 377 1148 56 378 1149 58 378 1150 62 378 1151 92 379 1152 74 379 1153 72 379 1154 66 380 1155 64 380 1156 68 380 1157 61 381 1158 65 381 1159 63 381 1160 61 382 1161 62 382 1162 66 382 1163 57 383 1164 63 383 1165 64 383 1166 67 384 1167 69 384 1168 70 384 1169 65 385 1170 69 385 1171 67 385 1172 66 386 1173 70 386 1174 69 386 1175 64 387 1176 63 387 1177 67 387 1178 84 388 1179 78 388 1180 76 388 1181 93 389 1182 94 389 1183 71 389 1184 92 390 1185 93 390 1186 73 390 1187 91 391 1188 72 391 1189 71 391 1190 78 392 1191 82 392 1192 80 392 1193 85 393 1194 86 393 1195 75 393 1196 85 394 1197 77 394 1198 78 394 1199 86 395 1200 83 395 1201 76 395 1202 82 396 1203 134 396 1204 132 396 1205 77 397 1206 75 397 1207 79 397 1208 78 398 1209 77 398 1210 81 398 1211 76 399 1212 80 399 1213 79 399 1214 74 400 1215 84 400 1216 83 400 1217 73 401 1218 71 401 1219 86 401 1220 85 402 1221 84 402 1222 89 402 1223 71 403 1224 72 403 1225 83 403 1226 89 404 1227 125 404 1228 126 404 1229 84 405 1230 74 405 1231 88 405 1232 85 406 1233 90 406 1234 87 406 1235 73 407 1236 87 407 1237 88 407 1238 97 408 1239 92 408 1240 91 408 1241 96 409 1242 98 409 1243 94 409 1244 96 410 1245 101 410 1246 102 410 1247 95 411 1248 91 411 1249 94 411 1250 60 412 1251 97 412 1252 95 412 1253 59 413 1254 55 413 1255 98 413 1256 59 414 1257 96 414 1258 97 414 1259 55 415 1260 56 415 1261 95 415 1262 102 416 1263 101 416 1264 129 416 1265 92 417 1266 97 417 1267 102 417 1268 93 418 1269 100 418 1270 101 418 1271 93 419 1272 92 419 1273 99 419 1274 103 420 1275 107 420 1276 109 420 1277 111 421 1278 117 421 1279 118 421 1280 114 422 1281 113 422 1282 106 422 1283 112 423 1284 114 423 1285 104 423 1286 108 424 1287 110 424 1288 109 424 1289 105 425 1290 109 425 1291 110 425 1292 104 426 1293 106 426 1294 110 426 1295 103 427 1296 104 427 1297 108 427 1298 59 428 1299 112 428 1300 111 428 1301 61 429 1302 111 429 1303 113 429 1304 60 430 1305 62 430 1306 113 430 1307 59 431 1308 60 431 1309 114 431 1310 117 432 1311 121 432 1312 122 432 1313 106 433 1314 113 433 1315 118 433 1316 105 434 1317 115 434 1318 117 434 1319 105 435 1320 106 435 1321 116 435 1322 121 436 1323 119 436 1324 120 436 1325 116 437 1326 118 437 1327 122 437 1328 115 438 1329 119 438 1330 121 438 1331 115 439 1332 116 439 1333 120 439 1334 124 440 1335 123 440 1336 126 440 1337 89 441 1338 88 441 1339 124 441 1340 90 442 1341 126 442 1342 123 442 1343 88 443 1344 87 443 1345 123 443 1346 130 444 1347 129 444 1348 128 444 1349 99 445 1350 102 445 1351 130 445 1352 100 446 1353 128 446 1354 129 446 1355 99 447 1356 127 447 1357 128 447 1358 132 448 1359 134 448 1360 133 448 1361 81 449 1362 79 449 1363 131 449 1364 81 450 1365 133 450 1366 134 450 1367 79 451 1368 80 451 1369 132 451 1370 136 452 1371 135 452 1372 138 452 1373 142 453 1374 139 453 1375 143 453 1376 135 454 1377 139 454 1378 142 454 1379 137 455 1380 138 455 1381 142 455 1382 135 456 1383 136 456 1384 140 456 1385 136 457 1386 137 457 1387 141 457 1388 146 458 1389 143 458 1390 144 458 1391 141 459 1392 142 459 1393 146 459 1394 140 460 1395 144 460 1396 143 460 1397 141 461 1398 145 461 1399 144 461 1400 317 462 1401 148 462 1402 149 462 1403 316 463 1404 147 463 1405 148 463 1406 147 464 1407 170 464 1408 173 464 1409 173 465 1410 318 465 1411 149 465 1412 163 466 1413 166 466 1414 159 466 1415 159 467 1416 151 467 1417 150 467 1418 150 468 1419 184 468 1420 188 468 1421 151 469 1422 157 469 1423 155 469 1424 152 470 1425 154 470 1426 156 470 1427 167 471 1428 161 471 1429 165 471 1430 153 472 1431 159 472 1432 158 472 1433 187 473 1434 191 473 1435 190 473 1436 169 474 1437 172 474 1438 166 474 1439 171 475 1440 175 475 1441 174 475 1442 161 476 1443 175 476 1444 171 476 1445 151 477 1446 162 477 1447 165 477 1448 159 478 1449 166 478 1450 162 478 1451 156 479 1452 164 479 1453 163 479 1454 173 480 1455 171 480 1456 168 480 1457 173 481 1458 172 481 1459 169 481 1460 167 482 1461 177 482 1462 176 482 1463 168 483 1464 174 483 1465 167 483 1466 166 484 1467 172 484 1468 168 484 1469 164 485 1470 170 485 1471 169 485 1472 181 486 1473 180 486 1474 176 486 1475 179 487 1476 178 487 1477 174 487 1478 161 488 1479 176 488 1480 179 488 1481 178 489 1482 177 489 1483 167 489 1484 179 490 1485 183 490 1486 182 490 1487 176 491 1488 180 491 1489 183 491 1490 182 492 1491 181 492 1492 177 492 1493 152 493 1494 185 493 1495 186 493 1496 195 494 1497 193 494 1498 155 494 1499 188 495 1500 185 495 1501 152 495 1502 160 496 1503 189 496 1504 186 496 1505 190 497 1506 160 497 1507 185 497 1508 195 498 1509 199 498 1510 197 498 1511 150 499 1512 192 499 1513 194 499 1514 184 500 1515 194 500 1516 195 500 1517 193 501 1518 192 501 1519 150 501 1520 199 502 1521 203 502 1522 201 502 1523 196 503 1524 198 503 1525 194 503 1526 194 504 1527 198 504 1528 199 504 1529 197 350 1530 196 350 1531 192 350 1532 203 505 1533 207 505 1534 205 505 1535 200 37 1536 202 37 1537 198 37 1538 202 506 1539 203 506 1540 199 506 1541 201 507 1542 200 507 1543 196 507 1544 200 508 1545 204 508 1546 206 508 1547 206 509 1548 207 509 1549 203 509 1550 205 510 1551 204 510 1552 200 510 1553 222 511 1554 220 511 1555 208 511 1556 208 512 1557 209 512 1558 189 512 1559 210 513 1560 212 513 1561 213 513 1562 214 514 1563 215 514 1564 213 514 1565 212 515 1566 216 515 1567 217 515 1568 208 516 1569 160 516 1570 212 516 1571 160 517 1572 190 517 1573 216 517 1574 217 518 1575 216 518 1576 219 518 1577 214 519 1578 217 519 1579 218 519 1580 191 520 1581 219 520 1582 216 520 1583 226 521 1584 224 521 1585 220 521 1586 223 522 1587 222 522 1588 210 522 1589 209 523 1590 221 523 1591 223 523 1592 220 524 1593 221 524 1594 209 524 1595 230 525 1596 228 525 1597 224 525 1598 227 526 1599 226 526 1600 222 526 1601 221 527 1602 225 527 1603 227 527 1604 224 528 1605 225 528 1606 221 528 1607 274 529 1608 272 529 1609 281 529 1610 231 530 1611 235 530 1612 233 530 1613 225 531 1614 229 531 1615 231 531 1616 241 532 1617 243 532 1618 261 532 1619 235 533 1620 239 533 1621 237 533 1622 232 534 1623 234 534 1624 230 534 1625 230 535 1626 234 535 1627 235 535 1628 233 536 1629 232 536 1630 226 536 1631 239 537 1632 238 537 1633 236 537 1634 236 538 1635 238 538 1636 234 538 1637 238 539 1638 239 539 1639 235 539 1640 233 540 1641 237 540 1642 236 540 1643 245 541 1644 247 541 1645 253 541 1646 262 542 1647 242 542 1648 240 542 1649 261 543 1650 243 543 1651 242 543 1652 240 544 1653 241 544 1654 260 544 1655 249 545 1656 251 545 1657 247 545 1658 254 546 1659 246 546 1660 244 546 1661 247 547 1662 246 547 1663 254 547 1664 255 548 1665 244 548 1666 245 548 1667 301 549 1668 303 549 1669 251 549 1670 246 550 1671 250 550 1672 248 550 1673 247 551 1674 251 551 1675 250 551 1676 248 552 1677 249 552 1678 245 552 1679 252 553 1680 253 553 1681 243 553 1682 242 554 1683 254 554 1684 255 554 1685 254 555 1686 259 555 1687 258 555 1688 240 556 1689 255 556 1690 252 556 1691 295 557 1692 294 557 1693 258 557 1694 253 558 1695 258 558 1696 257 558 1697 256 559 1698 259 559 1699 254 559 1700 257 560 1701 256 560 1702 242 560 1703 260 561 1704 261 561 1705 266 561 1706 265 562 1707 262 562 1708 263 562 1709 271 563 1710 270 563 1711 265 563 1712 263 564 1713 260 564 1714 264 564 1715 264 565 1716 266 565 1717 229 565 1718 228 566 1719 265 566 1720 267 566 1721 266 567 1722 265 567 1723 228 567 1724 224 568 1725 267 568 1726 264 568 1727 271 569 1728 299 569 1729 298 569 1730 261 570 1731 268 570 1732 271 570 1733 270 571 1734 269 571 1735 262 571 1736 262 572 1737 269 572 1738 268 572 1739 278 573 1740 276 573 1741 272 573 1742 287 574 1743 286 574 1744 280 574 1745 283 575 1746 273 575 1747 275 575 1748 281 576 1749 272 576 1750 273 576 1751 278 577 1752 279 577 1753 277 577 1754 279 578 1755 278 578 1756 274 578 1757 273 579 1758 277 579 1759 279 579 1760 272 580 1761 276 580 1762 277 580 1763 280 581 1764 281 581 1765 228 581 1766 282 582 1767 280 582 1768 230 582 1769 229 583 1770 283 583 1771 282 583 1772 228 584 1773 281 584 1774 283 584 1775 291 585 1776 290 585 1777 286 585 1778 275 586 1779 285 586 1780 287 586 1781 286 587 1782 284 587 1783 274 587 1784 274 588 1785 284 588 1786 285 588 1787 289 589 1788 288 589 1789 290 589 1790 285 590 1791 289 590 1792 291 590 1793 290 591 1794 288 591 1795 284 591 1796 284 592 1797 288 592 1798 289 592 1799 293 593 1800 294 593 1801 295 593 1802 258 594 1803 294 594 1804 293 594 1805 292 595 1806 295 595 1807 259 595 1808 257 596 1809 293 596 1810 292 596 1811 299 597 1812 296 597 1813 297 597 1814 268 598 1815 296 598 1816 299 598 1817 298 599 1818 297 599 1819 269 599 1820 297 600 1821 296 600 1822 268 600 1823 302 601 1824 303 601 1825 301 601 1826 250 602 1827 302 602 1828 300 602 1829 303 603 1830 302 603 1831 250 603 1832 248 604 1833 300 604 1834 301 604 1835 307 605 1836 304 605 1837 305 605 1838 311 606 1839 315 606 1840 312 606 1841 311 607 1842 308 607 1843 304 607 1844 306 608 1845 310 608 1846 311 608 1847 304 609 1848 308 609 1849 309 609 1850 305 610 1851 309 610 1852 310 610 1853 313 611 1854 312 611 1855 315 611 1856 310 612 1857 314 612 1858 315 612 1859 312 613 1860 313 613 1861 309 613 1862 313 614 1863 314 614 1864 310 614 1865 317 615 1866 319 615 1867 322 615 1868 316 616 1869 317 616 1870 321 616 1871 173 617 1872 170 617 1873 320 617 1874 173 618 1875 321 618 1876 322 618 1877</p>
        </triangles>
      </mesh>
    </geometry>
  </library_geometries>
  <library_visual_scenes>
    <visual_scene id="Scene" name="Scene">
      <node id="base00" name="base00" type="NODE">
        <matrix sid="transform">1 0 0 0 0 1 0 0 0 0 1 0 0 0 0 1</matrix>
        <node id="start01" name="start01" type="NODE">
          <matrix sid="transform">1 0 0 0 0 1 0 0 0 0 1 0 0 0 0 1</matrix>
          <node id="deer" name="deer" type="NODE">
            <matrix sid="transform">1 0 0 0 0 -1.62921e-7 -1 0 0 1 -1.62921e-7 0 0 0 0 1</matrix>
            <instance_geometry url="#deer-mesh" name="deer">
              <bind_material>
                <technique_common>
                  <instance_material symbol="christmasDeer_001-material" target="#christmasDeer_001-material">
                    <bind_vertex_input semantic="UVMap" input_semantic="TEXCOORD" input_set="0"/>
                  </instance_material>
                </technique_common>
              </bind_material>
            </instance_geometry>
          </node>
          <node id="Colmesh-1" name="Colmesh-1" type="NODE">
            <matrix sid="transform">1 0 0 0 0 -1.62921e-7 -1 0 0 1 -1.62921e-7 0 0 0 0 1</matrix>
            <instance_geometry url="#deer_001-mesh" name="Colmesh-1"/>
          </node>
        </node>
      </node>
    </visual_scene>
  </library_visual_scenes>
  <scene>
    <instance_visual_scene url="#Scene"/>
  </scene>
</COLLADA>