<?xml version="1.0" encoding="utf-8"?>
<COLLADA xmlns="http://www.collada.org/2005/11/COLLADASchema" version="1.4.1" xmlns:xsi="http://www.w3.org/2001/XMLSchema-instance">
  <asset>
    <contributor>
      <author>Blender User</author>
      <authoring_tool>Blender 3.4.1 commit date:2022-12-19, commit time:17:00, hash:55485cb379f7</authoring_tool>
    </contributor>
    <created>2025-12-27T15:31:34</created>
    <modified>2025-12-27T15:31:34</modified>
    <unit name="meter" meter="1"/>
    <up_axis>Z_UP</up_axis>
  </asset>
  <library_effects>
    <effect id="christmasIslandDual_001-effect">
      <profile_COMMON>
        <newparam sid="christmasIslandDual_001_Base_Color-surface">
          <surface type="2D">
            <init_from>christmasIslandDual_001_Base_Color</init_from>
          </surface>
        </newparam>
        <newparam sid="christmasIslandDual_001_Base_Color-sampler">
          <sampler2D>
            <source>christmasIslandDual_001_Base_Color-surface</source>
          </sampler2D>
        </newparam>
        <technique sid="common">
          <lambert>
            <emission>
              <color sid="emission">0 0 0 1</color>
            </emission>
            <diffuse>
              <texture texture="christmasIslandDual_001_Base_Color-sampler" texcoord="UVMap"/>
            </diffuse>
            <index_of_refraction>
              <float sid="ior">1.45</float>
            </index_of_refraction>
          </lambert>
        </technique>
      </profile_COMMON>
    </effect>
    <effect id="christmasIslandDual_002-effect">
      <profile_COMMON>
        <technique sid="common">
          <lambert>
            <emission>
              <color sid="emission">0 0 0 1</color>
            </emission>
            <diffuse>
              <color sid="diffuse">0.8 0.8 0.8 1</color>
            </diffuse>
            <index_of_refraction>
              <float sid="ior">1.45</float>
            </index_of_refraction>
          </lambert>
        </technique>
      </profile_COMMON>
    </effect>
  </library_effects>
  <library_images>
    <image id="christmasIslandDual_001_Base_Color" name="christmasIslandDual_001_Base_Color">
      <init_from>christmasIslandDual.001%20Base%20Color.png</init_from>
    </image>
  </library_images>
  <library_materials>
    <material id="christmasIslandDual_001-material" name="christmasIslandDual.001">
      <instance_effect url="#christmasIslandDual_001-effect"/>
    </material>
    <material id="christmasIslandDual_002-material" name="christmasIslandDual.002">
      <instance_effect url="#christmasIslandDual_002-effect"/>
    </material>
  </library_materials>
  <library_geometries>
    <geometry id="Plane_008-mesh" name="Plane.008">
      <mesh>
        <source id="Plane_008-mesh-positions">
          <float_array id="Plane_008-mesh-positions-array" count="624">-76.51064 -193.4697 99.83123 82.68115 -192.2897 99.5487 -76.5887 52.42758 -105.9927 148.5317 45.18124 -106.0712 -47.42732 -195.2468 99.79821 -18.0376 -195.2533 99.88025 19.52493 -195.0222 99.90488 48.07804 -193.0078 99.65686 80.15071 59.76271 -106.4083 18.11808 60.52164 -106.471 -26.95115 62.86657 -106.4001 -49.45559 65.11975 -106.1497 -70.39601 45.67586 -68.21656 -67.13806 26.55634 -46.90214 -74.05446 -14.2886 -22.75529 -81.80941 -48.6605 1.232135 -86.083 -99.98224 25.49101 -82.94513 -151.5358 49.97135 -80.8338 -180.5311 70.36811 88.43013 -179.1699 71.9222 95.17734 -150.9296 47.76465 98.36975 -101.3771 23.58055 104.207 -58.97095 -0.2092421 114.416 -14.19338 -26.2805 136.7693 30.55989 -53.30662 149.0167 47.18149 -81.44136 -52.38029 -179.5504 73.57061 -54.99843 -149.2814 50.0442 -53.2664 -98.47167 25.95564 -50.54806 -48.11312 1.253267 -49.28789 -12.83472 -24.08441 -43.15967 38.30118 -49.10456 -51.46135 63.20221 -71.88783 -14.78885 -181.8038 74.95198 -13.92105 -158.0285 51.87208 -17.10009 -115.2932 24.92782 -15.6371 -58.95544 0.9783779 -13.72947 -9.56022 -25.90778 -6.294756 45.43513 -51.11336 -3.851003 72.20124 -71.44159 25.81312 -178.1835 74.53882 21.02877 -161.9527 49.76734 22.82258 -118.4082 25.12652 21.82683 -66.70304 -0.2374042 28.37801 -5.47787 -25.78037 32.38649 43.17567 -50.4132 31.26305 76.76354 -69.56652 57.96029 -176.6143 74.6037 64.29764 -153.3043 49.23679 61.53764 -114.6026 24.93547 60 -68.05873 0 69.25393 -7.060729 -25.26321 88.35451 29.75631 -49.17268 84.89172 68.98831 -77.09283 -74.36642 -203.0815 70.37477 -74.70566 -216.0337 94.48668 46.80427 -242.7708 98.2635 70.59819 -236.451 95.68264 136.955 -13.12168 -82.85958 119.8485 -8.004703 -105.0343 -46.55984 -24.75469 -97.38387 -68.46873 -26.28078 -92.64689 -49.81926 -232.2684 95.90813 -19.59591 -242.8354 97.61755 15.45157 -246.9419 97.41204 53.70065 -23.70198 -106.1759 16.63297 -22.92255 -103.2479 -19.06461 -23.91624 -98.82085 95.2164 -184.8432 -2.178583 87.92382 -264.0431 21.99689 83.60723 -264.0431 44.27403 76.43696 -264.0431 66.65033 -65.57847 -23.97637 -68.17437 -66.55537 -21.06349 -46.86624 -74.11565 -36.88182 -22.75269 -81.74125 -71.03171 1.23995 -86.14418 -122.5744 25.4936 -82.99656 -173.8539 49.97314 82.80252 -217.4457 72.1987 91.80866 -175.0138 47.61688 97.28913 -126.0294 23.88998 101.2535 -79.31083 -0.3714131 107.0237 -37.43399 -26.49131 125.5348 -13.70982 -55.1978 -77.29843 -264.0431 45.51258 -82.22277 -264.0431 22.20586 -78.16798 -175.1176 -0.8110013 -70.81007 -142.4131 -23.57031 -63.93602 -128.1304 -46.49084 -59.41117 -128.2674 -66.63971 56.38106 -193.4557 -1.980053 56.32686 -243.2612 21.72902 18.42898 -196.5699 -1.980053 18.42898 -247.7431 21.74 -18.57755 -130.1113 -94.91046 15.29239 -129.1685 -99.94432 50.4634 -129.9032 -102.727 12.52272 -264.0431 89.70684 -17.45198 -264.0431 90.49657 -42.11079 -264.0431 89.88766 -62.27848 -130.5259 -87.81547 -42.90301 -129.8914 -92.32138 109.5084 -127.1193 -102.4519 128.7128 -122.2374 -80.7504 64.27922 -264.0431 88.23294 41.9935 -264.0431 90.54389 -61.65224 -264.0431 85.92991 -66.57487 -264.0431 65.75608 -70.5352 -228.0518 66.17057 -67.16458 -238.7946 86.26142 44.94331 -255.8996 92.48223 67.33752 -253.1715 90.07388 129.263 -50.09223 -79.37007 110.0586 -54.97408 -101.0716 -42.35283 -57.74624 -90.94105 -61.7283 -58.38069 -86.43515 -45.75215 -247.4439 90.76107 -17.19687 -257.1882 92.28515 15.05972 -259.5327 91.7742 51.01358 -57.75804 -101.3466 15.84257 -57.02328 -98.56398 -18.02736 -57.96609 -93.53012 -58.86099 -56.12221 -65.25938 -63.38584 -55.98522 -45.1105 -70.25989 -70.26787 -22.18998 -77.6178 -102.9724 0.5693292 -81.67259 -151.5731 23.5862 -78.69538 -200.2794 46.81319 78.59561 -241.0174 67.89713 85.9833 -204.3822 44.81601 91.51387 -157.919 22.21829 96.30692 -109.4728 -1.030232 101.6055 -70.79177 -25.73719 118.4135 -50.47488 -53.18556 101.0553 -142.937 -27.11752 117.8634 -122.6201 -54.56589 -47.00014 -275.276 68.63467 -52.99226 -260.5918 46.5951 -56.59323 -235.5431 21.76655 -53.78913 -187.2532 -1.738119 -82.22277 -264.0431 22.20586 -78.16797 -264.0431 -0.8110013 -17.26179 -285.9128 68.97869 -17.76952 -270.1146 45.87656 -19.5231 -245.0486 21.74 -19.5231 -194.6917 -1.980053 95.2164 -264.0431 -2.178583 87.92382 -264.0431 21.99689 15.75889 -292.6057 68.57324 18.40104 -275.3116 46.40121 18.42898 -247.7431 21.74 18.42898 -196.5699 -1.980053 -53.78913 -187.2532 -1.738119 -56.59323 -235.5431 21.76655 48.874 -285.9334 69.11222 55.18248 -264.3116 46.54551 56.32686 -243.2612 21.72902 56.38106 -193.4557 -1.980053 -19.5231 -194.6917 -1.980053 -19.5231 -245.0486 21.74 -53.78913 -187.2532 -1.738119 117.8634 -122.6201 -54.56589 128.7128 -122.2374 -80.7504 101.0553 -142.937 -27.11752 95.2164 -184.8432 -2.178583 -70.81007 -142.4131 -23.57031 -78.16798 -175.1176 -0.8110013 -63.93602 -128.1304 -46.49084 -59.41117 -128.2674 -66.63971 -62.27848 -130.5259 -87.81547 50.4634 -129.9032 -102.727 15.29239 -129.1685 -99.94432 -18.57755 -130.1113 -94.91046 -42.90301 -129.8914 -92.32138 109.5084 -127.1193 -102.4519 -19.5231 -194.6917 -1.980053 18.42898 -196.5699 -1.980053 56.38106 -193.4557 -1.980053 -44.95407 -129.8464 -48.53255 -45.39201 -128.9778 -70.34645 -50.78608 -149.4849 -25.195 -53.78913 -187.2532 -1.738119 117.8633 -264.0431 -54.56589 128.7128 -264.0431 -80.7504 101.0553 -264.0431 -27.11752 95.2164 -264.0431 -2.178583 -70.81006 -264.0431 -23.57031 -78.16797 -264.0431 -0.8110013 -63.93601 -264.0431 -46.49084 -59.41116 -264.0431 -66.63971 -62.27847 -264.0431 -87.81547 57.3353 -127.5052 -76.82016 50.46339 -264.0431 -102.727 16.80338 -128.959 -74.61454 15.29239 -264.0431 -99.94432 -18.84167 -129.6832 -71.73504 -18.57754 -264.0431 -94.91046 -42.90301 -264.0431 -92.32138 109.5083 -264.0431 -102.4519 -19.5231 -194.6917 -1.980053 -19.5231 -153.0707 -25.7001 -19.37457 -131.4213 -49.11386 18.42898 -196.5699 -1.980053 18.42898 -154.1246 -25.7001 18.43671 -131.3153 -49.4042 56.38106 -193.4557 -1.980053 58.88565 -151.1439 -25.94595 64.46502 -127.2672 -50.3946</float_array>
          <technique_common>
            <accessor source="#Plane_008-mesh-positions-array" count="208" stride="3">
              <param name="X" type="float"/>
              <param name="Y" type="float"/>
              <param name="Z" type="float"/>
            </accessor>
          </technique_common>
        </source>
        <source id="Plane_008-mesh-normals">
          <float_array id="Plane_008-mesh-normals-array" count="2241">0.2255876 0.9352179 -0.2729063 0.2860664 0.9464982 -0.1493555 0.1988729 0.9251592 -0.323311 -0.5561322 0.8171541 0.1515796 -0.5181659 0.8476524 0.1139721 -0.6351733 0.735562 0.2355917 -0.08044856 0.9945175 -0.0668056 -0.05949884 0.9968757 -0.05195027 0.1001121 0.9930775 0.06144064 -0.02626341 0.9432724 -0.3309798 -0.01910734 0.9448275 -0.3270105 0.04930651 0.9563742 -0.2879539 0.03612864 0.924773 -0.3788004 0.06074696 0.9345385 -0.3506389 0.01158928 0.9136891 -0.4062486 -0.04830896 0.8408631 0.5390879 -0.0480476 0.8409816 0.5389263 -0.05441009 0.8380681 0.5428457 -0.1033703 0.7816244 0.6151244 -0.09305149 0.7906752 0.6051233 -0.0417298 0.8320007 0.5532031 -0.07096171 0.5085417 0.8581084 -0.06712144 0.5119273 0.8564026 -0.08799332 0.4933254 0.8653828 -0.02024048 0.4519092 0.8918343 -0.009010851 0.4593217 0.8882243 -0.03877133 0.4394796 0.8974155 0.006256341 0.3835923 0.9234814 0.004687607 0.3829186 0.9237702 0.007906675 0.3842998 0.9231745 0.05526936 0.4791193 0.876008 0.05810505 0.4806801 0.8749688 0.006185293 0.4512835 0.8923593 0.160344 0.5327194 0.8309633 0.1483832 0.5486142 0.8228031 0.1904932 0.4910936 0.8500232 -0.04468983 0.8560605 0.5149402 -0.03291201 0.8637622 0.5028238 -0.005725622 0.8803772 0.4742398 0.0361182 0.7592352 0.6498134 0.01324236 0.7760496 0.6305328 0.1204134 0.6892004 0.7144953 0.0775699 0.5073978 0.8582136 0.06449204 0.5165597 0.8538191 0.03753924 0.5349575 0.8440446 0.0593909 0.4211495 0.9050447 0.08090835 0.4065077 0.910058 0.1096372 0.3864508 0.9157705 0.05784642 0.4388243 0.896709 0.01393514 0.4169442 0.9088253 0.1256511 0.4705381 0.8733875 -0.02428388 0.4320392 0.901528 -0.01188176 0.4389462 0.8984349 -0.04356831 0.4211121 0.9059616 -0.04668903 0.5471699 0.8357183 -0.04453498 0.5490503 0.834602 0.02082246 0.6034817 0.7971051 0.01884883 0.8687927 0.4948174 0.01623564 0.8703235 0.4922129 0.03288084 0.8603318 0.5086728 0.06153017 0.6519823 0.7557337 0.05561017 0.6578674 0.751078 0.09638315 0.616005 0.7818238 0.1347899 0.4872775 0.8627817 0.1615856 0.463607 0.8711825 0.2168475 0.41215 0.8849347 0.1814256 0.3961567 0.9000804 0.1632049 0.4113893 0.8967292 0.1405377 0.4299029 0.8918703 0.09458464 0.5114074 0.8541172 0.06092548 0.5353283 0.8424439 -0.01210659 0.583595 0.8119547 -0.007448077 0.4324159 0.9016436 -0.01959359 0.4262747 0.9043816 0.005651652 0.4389455 0.898496 -0.1081509 0.6270642 0.7714233 -0.1028333 0.6343991 0.7661352 -0.08626079 0.6567147 0.7491896 -0.008449316 0.8867159 0.4622375 -0.0168994 0.8897718 0.4560928 -0.07750821 0.9086115 0.410387 -0.08520299 0.591771 0.8015906 -0.07474786 0.5863748 0.8065839 -0.04830378 0.5723281 0.818601 -0.03540176 0.4275594 0.9032938 -0.03379124 0.4284058 0.9029544 -0.03678828 0.4268295 0.9035835 -0.02489268 0.4329735 0.9010629 -0.01633632 0.4370064 0.8993101 -0.03254127 0.4293336 0.9025596 -0.003863632 0.5770209 0.8167204 0.001753807 0.5796213 0.8148842 -0.01060187 0.5738698 0.8188781 -0.02637809 0.4920886 0.8701454 -0.1015538 0.4637916 0.8801047 0.01650786 0.5067623 0.8619278 -0.3212471 0.6347807 0.7027474 -0.3337623 0.6161676 0.7134006 -0.2785806 0.6933714 0.6645517 0.04931092 0.866961 0.4959307 0.0454759 0.8655116 0.4988204 -0.01572406 0.8395032 0.5431272 0.05994451 0.6892172 0.7220709 0.04441034 0.6818243 0.7301666 0.12057 0.7157676 0.6878514 -0.05369657 0.4952028 0.8671165 -0.08466595 0.4727956 0.8770954 -5.16887e-4 0.531746 0.8469039 -0.1186488 0.4789438 0.8697905 -0.1136835 0.4833893 0.8679925 -0.1345869 0.4644849 0.8752943 -0.01069998 0.4287852 0.9033432 0.02154266 0.4462897 0.8946292 -0.07611441 0.3913695 0.9170805 0.08319592 0.4987218 0.8627601 0.08059853 0.4976363 0.8636331 0.09911167 0.5052856 0.8572419 0.2114574 0.7046823 0.6772804 0.156718 0.6640726 0.7310588 0.05956673 0.5822801 0.8108032 -0.132345 -0.8002933 -0.5848209 -0.1400358 -0.7926477 -0.5933798 -0.1633399 -0.7683808 -0.6187981 -0.05290704 -0.6480483 0.7597594 -0.04930031 -0.6508872 0.7575721 0.01877892 -0.7011436 0.7127729 -0.02655988 -0.4224911 -0.9059779 -0.02440887 -0.4238859 -0.9053867 -0.02984434 -0.4203554 -0.9068686 0.0406515 -0.4259544 -0.903831 0.04411447 -0.4236186 -0.9047658 0.04941141 -0.4200296 -0.9061642 6.08712e-6 0.9703456 -0.2417218 -8.36179e-5 0.9666069 0.2562637 6.49691e-6 0.9768981 0.2137062 0.5296233 -1.35063e-7 0.848233 0.95739 -2.44151e-7 0.2887982 0.1499652 -0.7050472 -0.6931226 0.1428441 -0.7121649 -0.6873258 0.1983292 -0.6535832 -0.7304072 0.1931328 -0.7635168 -0.616232 0.2002113 -0.7565869 -0.6224886 0.1682117 -0.7868896 -0.5937252 0.05369424 -0.6393395 0.7670477 0.04803186 -0.636341 0.769911 -0.02279114 -0.5963063 0.8024334 -3.37847e-5 0.9978146 -0.06607717 -2.86996e-5 0.9999831 -0.005825936 -3.37809e-5 0.9914047 0.1308313 -4.17828e-5 1 0 0 0 1 0 0 -1 -4.90248e-5 0.9729644 0.2309553 -4.29153e-6 0.9420219 -0.3355516 -4.96544e-5 0.9898071 -0.1424151 -7.27251e-5 0.9999998 5.73647e-4 -2.76491e-5 0.9999202 0.01263582 -1.42623e-5 0.9996799 -0.02530395 -0.9736446 -0.2227783 -0.04884797 -0.9739495 -0.2212911 -0.04952406 -0.9867573 -0.1366984 -0.08731371 -0.9716123 -0.176512 0.1575221 -0.9716773 -0.1760994 0.1575832 -0.9715412 -0.1769624 0.1574553 0.02844315 -0.4084562 0.9123347 0.02897739 -0.4070368 0.9129521 0.02925235 -0.4063058 0.9132689 0.9139029 -0.1554816 0.374976 0.9137235 -0.1557235 0.3753126 0.9143236 -0.1549129 0.3741849 -0.9760925 -0.1394498 -0.1667252 -0.9761938 -0.1390934 -0.1664296 -0.9760672 -0.1395384 -0.1667987 -0.03121405 -0.3659396 0.9301151 -0.02082061 -0.3935328 0.9190748 -0.03591573 -0.3533106 0.9348165 0.8843212 -0.1396 0.4455199 0.8838871 -0.1409024 0.4459711 0.8820543 -0.1463391 0.4478449 -0.9106894 -0.1101193 -0.398144 -0.9095292 -0.1129741 -0.3999919 -0.9110345 -0.1092641 -0.3975896 -0.176459 -0.3609218 0.9157498 -0.1751784 -0.3657225 0.9140895 -0.1771386 -0.3583629 0.9166232 0.9861432 -0.1609126 -0.04035931 0.9861237 -0.1610229 -0.04039645 0.9861126 -0.1610853 -0.04041749 -0.8912568 -0.1086758 -0.4402852 -0.8913833 -0.1075323 -0.4403099 -0.8910715 -0.1103309 -0.4402484 -0.3245349 -0.4026142 0.8559082 -0.3282437 -0.3955389 0.8577908 -0.3186226 -0.4137527 0.8528121 0.9747724 -0.1662812 -0.1488937 0.9765744 -0.1594879 -0.1444515 0.9771816 -0.1571367 -0.1429134 -0.069489 -0.180682 -0.9810838 -0.08016741 -0.1734455 -0.9815753 -0.04517632 -0.1970167 -0.9793588 -0.9292198 -0.1084971 -0.3532408 -0.928934 -0.1068837 -0.3544822 -0.9280892 -0.1022358 -0.3580482 -0.1990567 -0.2210686 -0.9547278 -0.2059807 -0.2177179 -0.9540287 -0.1909126 -0.2249855 -0.9554758 0.9751166 -0.178507 -0.131464 0.9767378 -0.1724733 -0.1274219 0.9772865 -0.1703822 -0.1260207 -0.1293691 -0.1440154 -0.9810827 -0.1296486 -0.1443095 -0.9810026 -0.118357 -0.1324276 -0.9841009 -0.9863697 -0.1351726 -0.09382563 -0.9738696 -0.1728533 -0.1473085 -0.9952114 -0.09198778 -0.03305166 0.7530038 -0.2115136 -0.623095 0.7513726 -0.2128091 -0.6246212 0.7486538 -0.2149565 -0.6271453 0.9824934 -0.1844564 0.02612829 0.980987 -0.1928275 0.02195942 0.9803207 -0.1963766 0.02018874 -0.08088368 -0.1337344 -0.987711 -0.08088713 -0.1337378 -0.9877103 -0.08083295 -0.1336848 -0.9877219 -0.9721745 -0.1850423 0.1436532 -0.9732587 -0.182772 0.1391473 -0.9749211 -0.1791705 0.1320114 0.1647766 -0.3885442 0.9065772 0.1766139 -0.3696324 0.9122387 0.1914137 -0.3454951 0.9186915 0.9168685 -0.2563221 0.306025 0.9215312 -0.2405986 0.3047831 0.9270327 -0.2207639 0.3031069 0.03053796 -0.1071712 -0.9937716 0.02223354 -0.1218963 -0.9922938 0.03902274 -0.09207838 -0.9949868 0.9856652 -0.1659594 -0.03036081 0.9516183 -0.2797092 -0.1272224 0.9434353 -0.2987837 -0.1437301 -0.04790991 -0.0658189 0.9966808 -0.03325271 -0.07837027 0.9963696 -0.002799332 -0.1043213 0.9945397 -0.9838214 -0.002510905 -0.1791345 -0.984779 0.002101898 -0.1737987 -0.9837043 -0.003059267 -0.1797682 0.8995469 -0.2726103 0.3413196 0.9035416 -0.2566707 0.3431221 0.9063633 -0.2447237 0.3444068 -1.14519e-4 -0.04777127 0.9988583 1.35634e-5 -0.04768848 0.9988623 -3.59793e-4 -0.04792988 0.9988507 -0.9911547 0.002660691 0.1326845 -0.9912065 0.002334296 0.132304 -0.9911487 0.002699255 0.1327295 0.9263074 -0.2084158 0.3138749 0.9131507 -0.2257441 0.3394048 0.9362382 -0.1941517 0.2928538 -3.12807e-4 -0.03453361 0.9994035 -0.01100468 -0.04063218 0.9991136 0.01067566 -0.02826046 0.9995436 -0.9941504 -0.06950765 0.08266699 -0.9776104 -0.2073591 0.03578138 -0.9943426 0.002299726 0.1061967 -0.9807654 -0.1950366 -0.007751226 -0.9873594 -0.1571542 -0.02059233 -0.961058 -0.2756236 0.01997894 0.01104593 -0.01380103 -0.9998438 0.01006633 -0.01437491 -0.9998461 6.9198e-4 -0.01986551 -0.9998025 0.9629218 -0.1964191 0.1849355 0.95003 -0.2276406 0.213595 0.9803098 -0.1431503 0.1360172 0.03963553 -0.07063412 0.9967146 0.07654893 -0.05140972 0.9957396 0.004951119 -0.0885539 0.9960591 -0.9888719 -0.07089185 0.1307924 -0.9868224 -0.07509273 0.1433271 -0.9860221 -0.07663828 0.1479425 -0.04892379 -0.02416741 -0.9985101 -0.0204001 -0.01212084 -0.9997185 9.72571e-4 -0.003092229 -0.9999948 0.9834333 -0.1422315 0.1123795 0.9836916 -0.1401152 0.1127774 0.9839076 -0.138314 0.1131154 0.7959696 -0.3536433 -0.4912931 0.9503051 -0.2580375 -0.1741755 0.9805871 -0.1960551 -0.003384768 -0.9995845 -0.02804803 -0.00665611 -0.9960035 -0.05897527 0.06707465 -0.9935473 -0.06866461 0.09027183 -0.034909 -0.07491821 -0.9965785 -0.08625394 -0.05215686 -0.994907 -0.006122529 -0.08755475 -0.9961409 0.990866 -0.1271376 -0.0449537 0.9980234 -0.05428558 0.03166073 0.9981307 -0.04321038 0.04322117 -0.1479961 -0.1663196 -0.9749026 0.005519151 -0.1087285 -0.9940562 0.03903579 -0.09575337 -0.9946395 -0.9553642 -0.006329715 -0.2953628 -0.9552365 -0.004604876 -0.2958077 -0.9557572 -0.01191622 -0.2939153 -0.02584463 -0.09660023 -0.9949877 -0.04465752 -0.09236276 -0.9947235 -0.02085483 -0.09771776 -0.9949957 0.9960792 -0.0547198 0.0695123 0.9914391 -0.1305673 -9.21701e-4 0.9895508 -0.1435844 -0.01314115 -0.07222533 -0.1569012 0.9849699 -0.07050079 -0.1591058 0.9847411 -0.01303744 -0.2314518 0.9727591 -0.9524142 0.001442134 -0.3048034 -0.9519361 -0.001898407 -0.3062907 -0.9525692 0.002545058 -0.3043115 -0.02175265 -0.38192 0.9239394 0.002379715 -0.2499046 0.9682676 0.005334794 -0.2333778 0.9723715 0.923815 -0.01436454 0.38257 0.9238148 -0.01436448 0.3825702 0.9238148 -0.01436448 0.3825703 -0.9816051 -0.01901167 0.1899735 -0.9896528 -6.24353e-4 0.1434817 -0.99101 0.003206431 0.1337497 0.0210309 -0.2708044 0.9624047 -0.01064884 -0.3921417 0.9198433 -0.01531374 -0.4094868 0.9121875 0.8580451 -0.01636463 0.5133137 0.8580451 -0.01636469 0.5133138 0.8580451 -0.01636457 0.5133136 -0.9887371 0.007703781 -0.1494645 -0.9884914 0.009321093 -0.1509901 -0.9883175 0.01044595 -0.1520507 -0.06870019 -0.09755969 0.9928557 -0.04110664 -0.1934389 0.9802508 -0.07668739 -0.0691595 0.9946538 0.9807505 -0.01273441 0.1948496 0.9799746 -0.01569277 0.1985032 0.981151 -0.01117324 0.1929199 -0.959393 0.01270741 -0.2817867 -0.9566937 0.01285976 -0.2908126 -0.957349 0.0128231 -0.2886496 -0.2154061 -0.07699716 0.9734843 -0.2149579 -0.07744508 0.9735479 -0.2294977 -0.06285709 0.9712775 0.9845539 -0.02902168 0.1726601 0.9829586 -0.02927249 0.1814817 0.9856187 -0.01682215 0.1681455 -0.1056392 0.01982748 -0.9942069 -0.1056394 0.01982742 -0.9942069 -0.1056392 0.01982748 -0.9942069 -0.9599199 0.01267731 -0.2799879 -0.9599199 0.01267737 -0.2799881 -0.2270985 0.02036046 -0.973659 -0.227098 0.02036052 -0.9736591 -0.2270978 0.02036058 -0.9736591 0.9840952 -0.03463244 0.1742338 0.9819885 -0.03252941 0.1861193 -0.1475245 0.0200445 -0.9888554 -0.1475249 0.0200445 -0.9888553 -0.1475251 0.0200445 -0.9888552 -0.9756165 0.01163339 -0.219174 -0.9756163 0.01163339 -0.2191743 -0.9756165 0.01163339 -0.2191739 0.7480783 0.006990909 -0.6635737 0.7480784 0.006991028 -0.6635737 0.7480783 0.006991088 -0.6635737 0.9627609 -0.06073147 0.2634446 0.9590573 -0.0722137 0.2738509 0.9685986 -0.0408039 0.2452591 -0.07844775 0.01966828 -0.9967243 -0.07844763 0.01966834 -0.9967243 -0.07844787 0.01966828 -0.9967243 -0.9910153 0.005000174 0.1336554 -0.9910153 0.005000352 0.1336556 -0.9910154 0.005000174 0.1336553 0.1072003 -0.2478757 0.9628425 0.1224024 -0.2149519 0.9689239 0.1288887 -0.200705 0.9711361 0.8687158 -0.2243359 0.4415952 0.8915134 -0.1637862 0.4223483 0.9090079 -0.1070299 0.4028018 0.003756523 0.01910054 -0.9998105 0.003756463 0.01910048 -0.9998105 0.003756284 0.01910048 -0.9998106 -0.9692528 -0.1683715 0.179444 -0.9783169 -0.1438582 0.1489997 -0.988161 -0.1099652 0.1069835 -0.9000496 -0.07705754 0.4289206 -0.9237567 -0.04472941 0.3803587 -0.9347257 -0.02770477 0.3542888 -0.06665819 -0.6799641 -0.7302092 -0.06754606 -0.6792032 -0.7308356 -0.08467042 -0.6642727 -0.7426795 -0.2265125 0 -0.9740083 -0.2265133 0 -0.9740082 -0.2265135 0 -0.9740082 4.23193e-5 0.9999974 0.002271652 -8.40873e-5 0.973448 -0.2289088 -6.16312e-5 0.9992452 0.03884524 -6.17206e-5 0.9963765 -0.08505308 -0.1502694 -0.7819945 0.6048998 -0.153079 -0.7794969 0.6074138 -0.01158922 -0.8829457 0.4693323 -0.2538924 -0.820492 -0.5121833 -0.2601938 -0.8142925 -0.5188708 -0.2783681 -0.7956632 -0.5379883 -0.1901383 -0.6966939 -0.6917117 -0.190948 -0.6958891 -0.6922986 -0.1999498 -0.6868415 -0.6987624 0.8528104 0 0.5222209 0.8528105 0 0.5222206 0.8528104 0 0.5222209 -4.00282e-6 0.9434115 0.3316246 3.28217e-5 0.9603798 -0.2786948 -2.22921e-5 1 -4.15846e-4 2.83122e-5 0.999174 0.04063659 -1.44225e-5 0.9995188 0.03102135 3.15942e-5 0.9994519 -0.03310698 -0.3037185 -0.8957985 0.3244997 -0.3226131 -0.8950218 0.3079884 -0.09772616 -0.870414 0.4825237 -0.1535781 -0.9477604 -0.2795782 -0.126148 -0.9568504 -0.2617712 -0.400976 -0.8089291 -0.4299442 0.4413729 -0.7947997 -0.4165134 0.4583107 -0.7722341 -0.4400067 0.1418286 -0.9894376 -0.02996546 0.004657924 0 -0.9999892 0.004657983 0 -0.9999892 0.004658043 0 -0.9999892 -4.23379e-5 0.9989182 0.04650056 -4.45107e-5 0.9993388 -0.03635984 3.31998e-5 0.9682073 0.2501493 -6.49691e-6 0.9809752 -0.1941336 3.27807e-5 0.9995587 0.02970898 0.3647475 -0.7447858 0.5587965 0.3746413 -0.7453415 0.5514616 0.07510036 -0.6854529 0.7242336 0.3273715 -0.8837869 -0.3342886 0.2646539 -0.9265249 -0.2674139 0.5017334 -0.6903695 -0.521204 -0.3071286 -0.8544785 -0.4189733 -0.2523704 -0.9034731 -0.3464763 0.009593844 -0.9999523 0.001859307 0.923836 -1.21527e-7 0.3827887 0.9238361 -1.21774e-7 0.3827885 0.923836 -1.21486e-7 0.3827888 -5.58794e-6 0.9861213 0.166027 2.8342e-5 0.9967842 -0.08013337 3.79235e-5 0.9891659 0.146803 3.75211e-5 0.9857743 -0.1680751 -0.07887184 0 -0.9968848 -0.07887125 0 -0.9968848 -0.07887196 0 -0.9968848 -0.3943789 0 -0.918948 -0.03801393 0 -0.9992772 2.07871e-6 1 0 2.94298e-6 1 0 -0.1470087 0 -0.9891353 -0.1470082 0 -0.9891353 -0.1470081 0 -0.9891354 1.52886e-5 0.9999982 -0.001908421 7.95722e-6 0.9999981 0.001957416 2.52426e-5 1 -1.13952e-4 -3.21344e-5 1 2.37981e-5 2.55555e-5 1 5.96166e-5 0.03799033 0 0.9992781 0.01989239 0 0.9998021 -0.1058372 0 -0.9943835 -0.1058366 0 -0.9943836 -0.1058374 0 -0.9943835 -0.9848349 0 -0.1734946 -0.6938477 0 0.7201218 -0.9848349 0 -0.1734946 5.55068e-5 0.9999994 -0.001138091 -0.00511384 0 -0.999987 -0.02308064 0 0.9997336 -0.9909569 0 0.1341809 -0.990957 0 0.1341808 -0.9909569 0 0.134181 -7.04825e-6 0.9999994 0.00114727 -1.29342e-5 0.9999994 0.00116682 1.49012e-6 0.9999994 -0.00116384 -1.30162e-5 1 -5.30708e-4 5.40316e-5 1 0 -0.9756993 0 -0.2191138 -0.9756994 0 -0.2191137 -0.9756994 0 -0.2191138 7.94232e-6 0.9999994 -0.001078546 -3.24175e-5 1 -4.80851e-5 -0.9578506 -1.56302e-7 -0.2872669 -0.9578506 0 -0.287267 -0.9578506 0 -0.287267 -0.1059311 -0.4261298 -0.8984387 -0.1034282 -0.4280419 -0.8978211 -0.1092585 -0.4235795 -0.8992459 0.828489 -0.5518816 -0.09504115 0.8595108 -0.3789204 -0.343017 0.7382409 -0.6618812 0.1300528 -0.6308006 -0.4713163 -0.6164022 -0.6207689 -0.6388249 -0.4544764 -0.541175 -0.8249123 -0.1632468 0.05142241 -0.9965248 -0.06552934 0.06951797 -0.9967829 -0.039891 0.08728867 -0.9960764 -0.01457941 0.04865002 -0.719885 -0.6923863 0.04858618 -0.7199459 -0.6923276 0.04881799 -0.719725 -0.6925408 0.03486436 -0.4912398 -0.8703264 0.03610402 -0.4903244 -0.8707919 0.03999739 -0.4874405 -0.8722396 0.06283503 -0.1883116 0.9800972 0.07438349 -0.185382 0.9798472 0.06011527 -0.1889973 0.9801359 0.1346396 -0.181621 0.9741078 0.09252637 -0.171598 0.9808125 0.08277428 -0.1692362 0.9820935 0.09746581 -0.1677607 0.9809979 0.05365335 -0.1606134 0.985558 0.0473324 -0.1595573 0.9860534 0.7380559 -0.4797884 0.4744226 0.7166022 -0.5237359 0.4606323 0.8390003 -0.0722835 0.5393086 -0.2548592 -0.3340468 0.9074468 -0.2226322 -0.5675036 0.7927008 -0.2666081 -0.1666989 0.9492795 -0.01976233 -0.4908173 -0.8710384 -0.01817405 -0.4919497 -0.870434 -0.02413475 -0.4876888 -0.8726839 -0.01083147 -0.7279974 -0.6854944 -0.0125088 -0.7266247 -0.6869208 -0.02000588 -0.7204288 -0.6932404 0.00608617 -0.9965317 -0.08299255 0.008862495 -0.9961166 -0.08759671 0.00220859 -0.9970628 -0.07655829 -0.09839242 -0.5032084 -0.8585454 -0.08999383 -0.5096192 -0.8556807 -0.1128938 -0.4919756 -0.8632584 -0.07829588 -0.7411956 -0.6667075 -0.08060824 -0.7422748 -0.6652297 -0.0965501 -0.7495475 -0.6548716 -0.04768341 -0.9972724 -0.05633962 -0.04442733 -0.9971899 -0.06032007 -0.06227791 -0.9973176 -0.03846096 0.9370403 -0.2704979 0.2208763 0.9768955 -0.1872402 -0.1030361 0.9117907 -0.2859114 0.2947751 0.9511142 -0.1584559 0.2650915 0.9797363 -0.1392288 0.1439873 0.9453213 -0.1612148 0.2835094 0.9722676 -0.1308939 0.1938108 0.9942682 -0.1069037 -0.001552164 0.9669693 -0.1334727 0.2171532 -0.786627 -0.3070996 -0.5356379 -0.8516958 -0.4349336 -0.2923133 -0.858509 -0.4717639 -0.2010004 -0.8189005 -0.3044526 -0.4865293 -0.8147863 -0.299852 -0.4961977 -0.8138471 -0.2988129 -0.4983611 -0.9100999 -0.3745597 0.1772662 -0.8564586 -0.4269632 -0.2901402 -0.9003012 -0.3589905 0.2461374 0.002301216 0 0.9999974 0.005110144 0 0.999987 0.97367 0 0.227962 0.97367 0 0.2279621 0.9736701 0 0.227962 0.7488775 0 -0.6627085 0.7488777 0 -0.6627082 0.7488778 0 -0.6627082 -0.9515106 0 -0.3076161 -0.9515106 -1.50266e-7 -0.3076161 -0.9515106 -1.67836e-7 -0.3076161 -7.75605e-6 0.9999999 -5.76484e-4 0.3158017 0.9451898 -0.08297872 -0.4234442 0.9055523 0.02589207 -0.1826581 0.9732744 -0.1391871 -0.1001732 0.9233398 -0.3706873 0.09318876 0.9453151 -0.3125625 -0.04225897 0.843584 0.5353319 -0.1411873 0.7462757 0.6504912 -0.04778981 0.5287184 0.8474509 0.01129978 0.4724994 0.8812586 0.003110527 0.3822402 0.9240578 0.101859 0.5041028 0.8576161 0.1218835 0.5826206 0.8035532 -0.06931483 0.8389678 0.5397487 -0.0682078 0.8284047 0.5559616 0.1068328 0.4863365 0.867216 0.02991884 0.4406797 0.8971657 -0.04044115 0.3884002 0.920603 0.01018995 0.4510059 0.8924628 -0.1098028 0.4895945 0.8650091 -0.001130521 0.8801409 0.4747115 0.01535809 0.696164 0.7177186 0.07668739 0.5358418 0.8408286 0.2018222 0.3787279 0.9032347 0.1521909 0.4679653 0.8705437 -0.03185325 0.4199903 0.9069694 -0.1221532 0.6073386 0.7849959 0.05319684 0.8612524 0.5053856 -0.1096658 0.6040461 0.789368 -0.03253078 0.4290671 0.9026867 -0.008324027 0.4407457 0.8975934 0.009364962 0.5831062 0.812342 -0.1386392 0.4486106 0.8829087 -0.3709778 0.5565125 0.7434173 0.1136867 0.8880819 0.4454054 -0.013987 0.6519035 0.758173 -0.1259089 0.4416504 0.8883085 -0.09811913 0.4971444 0.8621022 0.09608846 0.4843856 0.8695619 0.06599193 0.4914566 0.8683983 0.2975417 0.7596291 0.5783016 -0.1099298 -0.8215731 -0.5594043 -0.1117206 -0.5992197 0.7927511 -0.02108365 -0.4260361 -0.9044605 0.03524971 -0.4295814 -0.9023399 0.08987778 -0.7615555 -0.6418374 0.2221192 -0.7342976 -0.6414594 0.1239537 -0.6740208 0.7282387 -0.9500324 -0.3120617 -0.00747621 -0.9717493 -0.1756399 0.1576513 0.02814656 -0.4092437 0.911991 0.9132854 -0.1563133 0.3761328 -0.9762194 -0.1390029 -0.1663545 -0.01521348 -0.4082347 0.9127503 0.886193 -0.1339144 0.4435412 -0.9091719 -0.1138475 -0.4005564 -0.1744564 -0.3684166 0.9131453 0.9861545 -0.1608484 -0.04033768 -0.8915668 -0.1058534 -0.440345 -0.3352652 -0.3819525 0.8612256 0.9741578 -0.1685395 -0.1503697 -0.1059368 -0.1558256 -0.9820876 -0.9300484 -0.1133028 -0.3495321 -0.2146534 -0.2134943 -0.9530709 0.9745329 -0.1806297 -0.132886 -0.1409484 -0.1561976 -0.9776175 -0.9524831 -0.2183012 -0.2124158 0.7551547 -0.2097969 -0.621069 0.9831591 -0.180586 0.02805215 -0.08093959 -0.1337891 -0.987699 -0.9702146 -0.1890039 0.1515302 0.1471861 -0.4160189 0.8973654 0.9091571 -0.2805384 0.3077852 0.01127195 -0.141262 -0.9899082 0.9895678 -0.1435993 -0.0116195 -0.07209616 -0.04502034 0.9963812 -0.9848889 0.00264734 -0.1731671 0.8954628 -0.2879076 0.3394934 2.90549e-4 -0.04750943 0.9988708 -0.9912127 0.002295374 0.1322587 0.898299 -0.2435864 0.3656837 -0.02096122 -0.04630666 0.9987074 -0.961184 -0.2756612 0.0116778 -0.9964266 -0.06776416 -0.05042052 0.01937186 -0.008922278 -0.9997726 0.9259351 -0.2759229 0.2578969 0.1158561 -0.03076368 0.9927895 -0.9900017 -0.06839936 0.1233622 -0.07946604 -0.0370627 -0.9961484 0.9832446 -0.1437547 0.1120929 0.6868086 -0.3824464 -0.6180847 -0.998951 -0.01225656 -0.04412263 -0.1220011 -0.0361405 -0.9918718 0.988829 -0.1379622 -0.05642342 -0.1955104 -0.1835203 -0.9633775 -0.9546738 0.002551138 -0.2976435 -0.04919576 -0.09133487 -0.9946044 0.9958331 -0.04263919 0.08061212 -0.1191597 -0.09613823 0.9882097 -0.9517747 -0.003006339 -0.306783 -0.02596616 -0.4044253 0.9142025 0.9238149 -0.0143646 0.3825699 -0.9780783 -0.02564358 0.2066525 0.0254783 -0.2532734 0.9670592 0.858045 -0.01636469 0.5133138 -0.9888931 0.006659805 -0.1484794 -0.02389156 -0.251563 0.9675461 0.9795637 -0.01722627 0.2003955 -0.9566937 0.01285994 -0.2908124 -0.1976088 -0.09468853 0.9756971 -0.1056395 0.01982742 -0.9942069 -0.2270987 0.02036041 -0.973659 0.9809225 -0.04079341 0.1900714 -0.1475242 0.0200445 -0.9888553 -0.9756164 0.01163345 -0.2191744 0.7480784 0.006990849 -0.6635737 0.9470168 -0.1052135 0.3034623 -0.07844752 0.01966834 -0.9967243 -0.9910153 0.005000412 0.1336556 0.09947413 -0.264362 0.9592797 0.8278257 -0.3118422 0.4663252 0.003756642 0.01910048 -0.9998105 -0.9497506 -0.2103951 0.2317492 -0.879055 -0.1020904 0.4656606 -0.04931306 -0.6945698 -0.7177333 -0.2265124 0 -0.9740083 -0.2511816 -0.6799739 0.6888711 -0.2363713 -0.8370488 -0.4934347 -0.1813531 -0.705334 -0.6852846 0.8528105 0 0.5222206 -0.5075256 -0.8526904 0.1238427 0.1434946 -0.9867277 -0.07601171 0.5791692 -0.5303786 -0.6190812 0.004657924 0 -0.9999892 0.6033275 -0.7214504 0.3398608 0.009693503 -0.9999482 0.003106355 -0.4389988 -0.6751 -0.5928914 0.923836 -1.21815e-7 0.3827885 -0.07887113 0 -0.9968849 -0.03800213 0 -0.9992777 -0.1470088 0 -0.9891353 0.03800213 0 0.9992777 -0.1058365 0 -0.9943836 -0.005111992 0 -0.999987 -0.990957 0 0.1341808 -0.9756994 0 -0.2191137 -0.9578506 -1.67765e-7 -0.2872669 -0.09984493 -0.4307703 -0.8969213 0.8440436 -0.2735315 -0.4612711 -0.6172756 -0.3376101 -0.7106267 0.03052073 -0.9950118 -0.09497487 0.04843598 -0.7200888 -0.6921893 0.03111571 -0.494 -0.8689051 0.07751661 -0.1845822 0.9797555 0.1445001 -0.1839261 0.9722608 0.1043171 -0.168851 0.9801058 0 -1 2.30751e-6 0 -1 2.29584e-6 -0.01374846 -0.4950941 -0.8687307 -0.003153741 -0.7342171 -0.6789074 0.01264309 -0.9955049 -0.09386318 -0.07359391 -0.5219385 -0.8498024 -0.06051611 -0.7326939 -0.6778625 -0.03051805 -0.9965415 -0.0772897 0.973131 -0.1722632 -0.1527794 0.981991 -0.1369207 0.130179 0.9942995 -0.103865 -0.0240975 -0.767741 -0.2807864 -0.5759626 -0.819523 -0.3051558 -0.4850382 -0.8354709 -0.4267923 -0.3461746 0.005111992 0 0.999987 0.97367 0 0.2279622 0.7488775 -1.23058e-7 -0.6627085 -0.9515106 0 -0.3076161</float_array>
          <technique_common>
            <accessor source="#Plane_008-mesh-normals-array" count="747" stride="3">
              <param name="X" type="float"/>
              <param name="Y" type="float"/>
              <param name="Z" type="float"/>
            </accessor>
          </technique_common>
        </source>
        <source id="Plane_008-mesh-map-0">
          <float_array id="Plane_008-mesh-map-0-array" count="2472">0.4636275 0.5357401 0.4656274 0.5369901 0.4636275 0.5369901 0.4576275 0.5357401 0.4556275 0.5369901 0.4556275 0.5357401 0.4576275 0.5357401 0.4596275 0.5369901 0.4576274 0.5369901 0.4596275 0.5357401 0.4616274 0.5369901 0.4596275 0.5369901 0.4616274 0.5357401 0.4636275 0.5369901 0.4616274 0.5369901 0.4636275 0.5269901 0.4616274 0.5282402 0.4616274 0.5269901 0.4636275 0.5282402 0.4616274 0.5294901 0.4616274 0.5282402 0.4636275 0.5294901 0.4616274 0.5307402 0.4616274 0.5294901 0.4636275 0.5307402 0.4616274 0.5319901 0.4616274 0.5307402 0.4636275 0.5319901 0.4616274 0.5332401 0.4616274 0.5319901 0.4636275 0.5332401 0.4616274 0.5344901 0.4616274 0.5332401 0.4616274 0.5344901 0.4636275 0.5357401 0.4616274 0.5357401 0.4616274 0.5269901 0.4596275 0.5282402 0.4596275 0.5269901 0.6171176 0.5257794 0.6191176 0.5270293 0.6171176 0.5270293 0.4596275 0.5294901 0.4616274 0.5307402 0.4596275 0.5307402 0.4596275 0.5307402 0.4616274 0.5319901 0.4596275 0.5319901 0.4616274 0.5319901 0.4596275 0.5332401 0.4596275 0.5319901 0.4616274 0.5332401 0.4596275 0.5344901 0.4596275 0.5332401 0.4616274 0.5344901 0.4596275 0.5357401 0.4596275 0.5344901 0.4576274 0.5269901 0.4596275 0.5282402 0.4576274 0.5282402 0.6151176 0.5257794 0.6171176 0.5270293 0.6151176 0.5270293 0.4576274 0.5294901 0.4596275 0.5307402 0.4576274 0.5307402 0.4576274 0.5307402 0.4596275 0.5319901 0.4576275 0.5319901 0.4576275 0.5319901 0.4596275 0.5332401 0.4576274 0.5332401 0.4596275 0.5332401 0.4576275 0.5344901 0.4576274 0.5332401 0.4596275 0.5344901 0.4576275 0.5357401 0.4576275 0.5344901 0.4556275 0.5269901 0.4576274 0.5282402 0.4556275 0.5282402 0.4556275 0.5282402 0.4576274 0.5294901 0.4556275 0.5294901 0.4576274 0.5294901 0.4556275 0.5307402 0.4556275 0.5294901 0.4576274 0.5307402 0.4556275 0.5319901 0.4556275 0.5307402 0.4576275 0.5319901 0.4556275 0.5332401 0.4556275 0.5319901 0.4576274 0.5332401 0.4556275 0.5344901 0.4556275 0.5332401 0.4576275 0.5344901 0.4556275 0.5357401 0.4556275 0.5344901 0.4656274 0.5269901 0.4636275 0.5282402 0.4636275 0.5269901 0.4656274 0.5282402 0.4636275 0.5294901 0.4636275 0.5282402 0.4656274 0.5294901 0.4636275 0.5307402 0.4636275 0.5294901 0.4656274 0.5307402 0.4636275 0.5319901 0.4636275 0.5307402 0.4656274 0.5319901 0.4636275 0.5332401 0.4636275 0.5319901 0.4656274 0.5332401 0.4636275 0.5344901 0.4636275 0.5332401 0.4656274 0.5344901 0.4636275 0.5357401 0.4636275 0.5344901 0.7746077 0.8592155 0.7766077 0.8604654 0.7766077 0.8592155 0.7746077 0.8592155 0.7766077 0.8579655 0.7746077 0.8579655 0.5777451 0.8567939 0.5797451 0.8580439 0.5797451 0.8567939 0.5797451 0.8580439 0.5817451 0.8567939 0.5797451 0.8567939 0.5837451 0.8605439 0.5837451 0.8617939 0.5837451 0.8605439 0.5837451 0.8567939 0.5837451 0.8580439 0.5837451 0.8580439 0.7766077 0.8617154 0.7786077 0.8604654 0.7766077 0.8604654 0.7766077 0.8604654 0.7786077 0.8592155 0.7766077 0.8592155 0.7766077 0.8592155 0.7786077 0.8579655 0.7766077 0.8579655 0.5837451 0.8630439 0.5817451 0.8630439 0.5837451 0.8630439 0.5797451 0.8580439 0.5817451 0.8580439 0.5797451 0.8580439 0.5737451 0.8630439 0.5737451 0.8617939 0.5737451 0.8630439 0.5777451 0.8580439 0.5797451 0.8580439 0.5777451 0.8580439 0.5817451 0.8630439 0.5797451 0.8630439 0.5817451 0.8630439 0.6131176 0.5257794 0.6131176 0.5245293 0.6131176 0.5257794 0.6131176 0.5270293 0.6131176 0.5257794 0.6131176 0.5270293 0.6191176 0.5245293 0.6211176 0.5245293 0.6211176 0.5245293 0.6231176 0.5320293 0.6231176 0.5332794 0.6231176 0.5332794 0.6131176 0.5282794 0.6131176 0.5270293 0.6131176 0.5282794 0.6171176 0.5245293 0.6191176 0.5245293 0.6171176 0.5245293 0.6231176 0.5307794 0.6231176 0.5320293 0.6231176 0.5320293 0.6131176 0.5295293 0.6131176 0.5282794 0.6131176 0.5295293 0.6151176 0.5245293 0.6171176 0.5245293 0.6151176 0.5245293 0.6231176 0.5295293 0.6231176 0.5307794 0.6231176 0.5307794 0.6131176 0.5307794 0.6131176 0.5295293 0.6131176 0.5307794 0.6131176 0.5245293 0.6151176 0.5245293 0.6131176 0.5245293 0.6231176 0.5282794 0.6231176 0.5295293 0.6231176 0.5295293 0.6171176 0.5345293 0.6151176 0.5345293 0.6151176 0.5345293 0.6131176 0.5320293 0.6131176 0.5307794 0.6131176 0.5320293 0.6151176 0.5345293 0.6131176 0.5345293 0.6131176 0.5345293 0.6231176 0.5270293 0.6231176 0.5282794 0.6231176 0.5282794 0.6191176 0.5345293 0.6171176 0.5345293 0.6191176 0.5345293 0.6131176 0.5332794 0.6131176 0.5320293 0.6131176 0.5320293 0.6231176 0.5332794 0.6231176 0.5345293 0.6231176 0.5332794 0.6231176 0.5257794 0.6231176 0.5270293 0.6231176 0.5270293 0.6211176 0.5345293 0.6191176 0.5345293 0.6211176 0.5345293 0.6131176 0.5345293 0.6131176 0.5332794 0.6131176 0.5345293 0.6211176 0.5245293 0.6231176 0.5245293 0.6231176 0.5245293 0.6231176 0.5245293 0.6231176 0.5257794 0.6231176 0.5257794 0.6231176 0.5345293 0.6211176 0.5345293 0.6231176 0.5345293 0.6231176 0.5295293 0.6231176 0.5307794 0.6231176 0.5307794 0.6151176 0.5245293 0.6171176 0.5245293 0.6151176 0.5245293 0.6131176 0.5295293 0.6131176 0.5282794 0.6131176 0.5295293 0.6231176 0.5307794 0.6231176 0.5320293 0.6231176 0.5320293 0.6171176 0.5245293 0.6191176 0.5245293 0.6191176 0.5245293 0.6131176 0.5282794 0.6131176 0.5270293 0.6131176 0.5282794 0.6231176 0.5320293 0.6231176 0.5332794 0.6231176 0.5332794 0.6191176 0.5245293 0.6211176 0.5245293 0.6211176 0.5245293 0.6131176 0.5270293 0.6131176 0.5257794 0.6131176 0.5270293 0.6131176 0.5257794 0.6131176 0.5245293 0.6131176 0.5257794 0.6231176 0.5345293 0.6211176 0.5345293 0.6231176 0.5345293 0.6231176 0.5245293 0.6231176 0.5257794 0.6231176 0.5257794 0.6211176 0.5245293 0.6231176 0.5245293 0.6231176 0.5245293 0.6131176 0.5345293 0.6131176 0.5332794 0.6131176 0.5345293 0.6211176 0.5345293 0.6191176 0.5345293 0.6211176 0.5345293 0.6231176 0.5257794 0.6231176 0.5270293 0.6231176 0.5270293 0.6231176 0.5332794 0.6231176 0.5345293 0.6231176 0.5332794 0.6131176 0.5332794 0.6131176 0.5320293 0.6131176 0.5332794 0.6191176 0.5345293 0.6171176 0.5345293 0.6171176 0.5345293 0.6231176 0.5270293 0.6231176 0.5282794 0.6231176 0.5282794 0.6151176 0.5345293 0.6131176 0.5345293 0.6151176 0.5345293 0.6131176 0.5320293 0.6131176 0.5307794 0.6131176 0.5320293 0.6171176 0.5345293 0.6151176 0.5345293 0.6151176 0.5345293 0.6231176 0.5282794 0.6231176 0.5295293 0.6231176 0.5295293 0.6131176 0.5245293 0.6151176 0.5245293 0.6131176 0.5245293 0.6131176 0.5307794 0.6131176 0.5295293 0.6131176 0.5307794 0.7766077 0.8579655 0.7786077 0.8579655 0.7786077 0.8579655 0.5837451 0.8605439 0.5837451 0.8617939 0.5837451 0.8605439 0.7706077 0.8617154 0.7706077 0.8604654 0.7706077 0.8617154 0.7746077 0.8579655 0.7766077 0.8579655 0.7766077 0.8579655 0.5837451 0.8592939 0.5837451 0.8605439 0.5837451 0.8605439 0.5737451 0.8580439 0.5737451 0.8567939 0.5737451 0.8580439 0.7726077 0.8579655 0.7746077 0.8579655 0.7726077 0.8579655 0.5837451 0.8580439 0.5837451 0.8592939 0.5837451 0.8592939 0.5737451 0.8592939 0.5737451 0.8580439 0.5737451 0.8592939 0.7706077 0.8579655 0.7726077 0.8579655 0.7706077 0.8579655 0.5837451 0.8567939 0.5837451 0.8580439 0.5837451 0.8580439 0.5777451 0.8630439 0.5757451 0.8630439 0.5757451 0.8630439 0.5737451 0.8605439 0.5737451 0.8592939 0.5737451 0.8605439 0.5757451 0.8630439 0.5737451 0.8630439 0.5757451 0.8630439 0.7806077 0.8604654 0.7806077 0.8617154 0.7806077 0.8617154 0.5797451 0.8630439 0.5777451 0.8630439 0.5797451 0.8630439 0.5737451 0.8617939 0.5737451 0.8605439 0.5737451 0.8605439 0.5837451 0.8617939 0.5837451 0.8630439 0.5837451 0.8617939 0.7806077 0.8592155 0.7806077 0.8604654 0.7806077 0.8604654 0.5817451 0.8630439 0.5797451 0.8630439 0.5797451 0.8630439 0.5737451 0.8630439 0.5737451 0.8617939 0.5737451 0.8617939 0.7786077 0.8579655 0.7806077 0.8579655 0.7806077 0.8579655 0.7806077 0.8579655 0.7806077 0.8592155 0.7806077 0.8592155 0.5837451 0.8630439 0.5817451 0.8630439 0.5837451 0.8630439 0.7706077 0.8592155 0.7706077 0.8579655 0.7706077 0.8592155 0.7706077 0.8604654 0.7706077 0.8592155 0.7706077 0.8604654 0.7746077 0.8604654 0.7766077 0.8617154 0.7766077 0.8604654 0.5757451 0.8630439 0.5737451 0.8630439 0.5757451 0.8630439 0.5757451 0.8580439 0.5777451 0.8580439 0.5757451 0.8580439 0.5837451 0.8617939 0.5837451 0.8630439 0.5837451 0.8617939 0.5737451 0.8580439 0.5757451 0.8580439 0.5737451 0.8580439 0.7726077 0.8592155 0.7746077 0.8579655 0.7726077 0.8579655 0.7726077 0.8592155 0.7746077 0.8604654 0.7746077 0.8592155 0.7726077 0.8604654 0.7746077 0.8617154 0.7746077 0.8604654 0.5837451 0.8592939 0.5837451 0.8605439 0.5837451 0.8605439 0.5737451 0.8617939 0.5737451 0.8605439 0.5737451 0.8617939 0.5817451 0.8580439 0.5837451 0.8580439 0.5817451 0.8580439 0.5797451 0.8630439 0.5777451 0.8630439 0.5797451 0.8630439 0.7706077 0.8579655 0.7726077 0.8592155 0.7726077 0.8579655 0.7706077 0.8592155 0.7726077 0.8604654 0.7726077 0.8592155 0.7706077 0.8617154 0.7726077 0.8604654 0.7706077 0.8604654 0.5837451 0.8630439 0.5817451 0.8630439 0.5837451 0.8630439 0.5757451 0.8630439 0.5737451 0.8630439 0.5757451 0.8630439 0.5737451 0.8605439 0.5737451 0.8592939 0.5737451 0.8605439 0.5777451 0.8630439 0.5757451 0.8630439 0.5777451 0.8630439 0.7786077 0.8592155 0.7806077 0.8579655 0.7786077 0.8579655 0.7786077 0.8604654 0.7806077 0.8592155 0.7786077 0.8592155 0.7786077 0.8604654 0.7806077 0.8617154 0.7806077 0.8604654 0.5837451 0.8605439 0.5837451 0.8617939 0.5837451 0.8617939 0.5737451 0.8592939 0.5737451 0.8580439 0.5737451 0.8592939 0.5837451 0.8580439 0.5837451 0.8592939 0.5837451 0.8580439 0.5837451 0.8592939 0.5837451 0.8605439 0.5837451 0.8592939 0.5817451 0.8630439 0.5797451 0.8630439 0.5797451 0.8630439 0.5757451 0.8580439 0.5737451 0.8580439 0.5757451 0.8580439 0.5797451 0.8580439 0.5817451 0.8580439 0.5797451 0.8580439 0.5797451 0.8580439 0.5777451 0.8580439 0.5797451 0.8580439 0.5797451 0.8630439 0.5777451 0.8630439 0.5797451 0.8630439 0.6131176 0.5282794 0.6151176 0.5282794 0.6131176 0.5282794 0.6171176 0.5282794 0.6191176 0.5282794 0.6171176 0.5282794 0.5737451 0.8580439 0.5757451 0.8580439 0.5757451 0.8580439 0.5777451 0.8630439 0.5757451 0.8630439 0.5757451 0.8630439 0.5737451 0.8580439 0.5737451 0.8567939 0.5737451 0.8580439 0.5757451 0.8580439 0.5777451 0.8580439 0.5757451 0.8580439 0.5837451 0.8580439 0.5817451 0.8580439 0.5817451 0.8580439 0.5737451 0.8630439 0.5737451 0.8617939 0.5737451 0.8617939 0.5777451 0.8580439 0.5757451 0.8580439 0.5777451 0.8580439 0.6211176 0.5282794 0.6231176 0.5282794 0.6211176 0.5282794 0.5817451 0.8580439 0.5797451 0.8580439 0.5817451 0.8580439 0.5737451 0.8617939 0.5737451 0.8605439 0.5737451 0.8605439 0.6151176 0.5282794 0.6171176 0.5282794 0.6151176 0.5282794 0.6191176 0.5282794 0.6211176 0.5282794 0.6191176 0.5282794 0.5737451 0.8605439 0.5737451 0.8592939 0.5737451 0.8605439 0.5757451 0.8567939 0.5777451 0.8580439 0.5777451 0.8567939 0.5737451 0.8580439 0.5757451 0.8567939 0.5737451 0.8567939 0.5817451 0.8567939 0.5837451 0.8580439 0.5837451 0.8567939 0.5797451 0.8605439 0.5817451 0.8617939 0.5817451 0.8605439 0.5797451 0.8605439 0.5817451 0.8592939 0.5797451 0.8592939 0.5797451 0.8592939 0.5817451 0.8580439 0.5797451 0.8580439 0.5797451 0.8617939 0.5817451 0.8630439 0.5817451 0.8617939 0.5777451 0.8630439 0.5797451 0.8617939 0.5777451 0.8617939 0.5757451 0.8630439 0.5777451 0.8617939 0.5757451 0.8617939 0.5737451 0.8617939 0.5757451 0.8630439 0.5757451 0.8617939 0.5817451 0.8630439 0.5837451 0.8617939 0.5817451 0.8617939 0.5777451 0.8580439 0.5797451 0.8592939 0.5797451 0.8580439 0.5777451 0.8592939 0.5797451 0.8605439 0.5797451 0.8592939 0.5777451 0.8617939 0.5797451 0.8605439 0.5777451 0.8605439 0.5757451 0.8580439 0.5777451 0.8592939 0.5777451 0.8580439 0.5757451 0.8605439 0.5777451 0.8592939 0.5757451 0.8592939 0.5757451 0.8617939 0.5777451 0.8605439 0.5757451 0.8605439 0.5737451 0.8592939 0.5757451 0.8580439 0.5737451 0.8580439 0.5737451 0.8605439 0.5757451 0.8592939 0.5737451 0.8592939 0.5737451 0.8617939 0.5757451 0.8605439 0.5737451 0.8605439 0.5817451 0.8580439 0.5837451 0.8592939 0.5837451 0.8580439 0.5817451 0.8592939 0.5837451 0.8605439 0.5837451 0.8592939 0.5817451 0.8617939 0.5837451 0.8605439 0.5817451 0.8605439 0.5817451 0.8580439 0.5837451 0.8580439 0.5817451 0.8580439 0.5837451 0.8580439 0.5837451 0.8592939 0.5837451 0.8592939 0.5837451 0.8617939 0.5837451 0.8630439 0.5837451 0.8617939 0.5737451 0.8592939 0.5737451 0.8580439 0.5737451 0.8592939 0.5777451 0.8580439 0.5797451 0.8580439 0.5777451 0.8580439 0.4636275 0.5357401 0.4656274 0.5357401 0.4656274 0.5369901 0.4576275 0.5357401 0.4576274 0.5369901 0.4556275 0.5369901 0.4576275 0.5357401 0.4596275 0.5357401 0.4596275 0.5369901 0.4596275 0.5357401 0.4616274 0.5357401 0.4616274 0.5369901 0.4616274 0.5357401 0.4636275 0.5357401 0.4636275 0.5369901 0.4636275 0.5269901 0.4636275 0.5282402 0.4616274 0.5282402 0.4636275 0.5282402 0.4636275 0.5294901 0.4616274 0.5294901 0.4636275 0.5294901 0.4636275 0.5307402 0.4616274 0.5307402 0.4636275 0.5307402 0.4636275 0.5319901 0.4616274 0.5319901 0.4636275 0.5319901 0.4636275 0.5332401 0.4616274 0.5332401 0.4636275 0.5332401 0.4636275 0.5344901 0.4616274 0.5344901 0.4616274 0.5344901 0.4636275 0.5344901 0.4636275 0.5357401 0.4616274 0.5269901 0.4616274 0.5282402 0.4596275 0.5282402 0.6171176 0.5257794 0.6191176 0.5257794 0.6191176 0.5270293 0.4596275 0.5294901 0.4616274 0.5294901 0.4616274 0.5307402 0.4596275 0.5307402 0.4616274 0.5307402 0.4616274 0.5319901 0.4616274 0.5319901 0.4616274 0.5332401 0.4596275 0.5332401 0.4616274 0.5332401 0.4616274 0.5344901 0.4596275 0.5344901 0.4616274 0.5344901 0.4616274 0.5357401 0.4596275 0.5357401 0.4576274 0.5269901 0.4596275 0.5269901 0.4596275 0.5282402 0.6151176 0.5257794 0.6171176 0.5257794 0.6171176 0.5270293 0.4576274 0.5294901 0.4596275 0.5294901 0.4596275 0.5307402 0.4576274 0.5307402 0.4596275 0.5307402 0.4596275 0.5319901 0.4576275 0.5319901 0.4596275 0.5319901 0.4596275 0.5332401 0.4596275 0.5332401 0.4596275 0.5344901 0.4576275 0.5344901 0.4596275 0.5344901 0.4596275 0.5357401 0.4576275 0.5357401 0.4556275 0.5269901 0.4576274 0.5269901 0.4576274 0.5282402 0.4556275 0.5282402 0.4576274 0.5282402 0.4576274 0.5294901 0.4576274 0.5294901 0.4576274 0.5307402 0.4556275 0.5307402 0.4576274 0.5307402 0.4576275 0.5319901 0.4556275 0.5319901 0.4576275 0.5319901 0.4576274 0.5332401 0.4556275 0.5332401 0.4576274 0.5332401 0.4576275 0.5344901 0.4556275 0.5344901 0.4576275 0.5344901 0.4576275 0.5357401 0.4556275 0.5357401 0.4656274 0.5269901 0.4656274 0.5282402 0.4636275 0.5282402 0.4656274 0.5282402 0.4656274 0.5294901 0.4636275 0.5294901 0.4656274 0.5294901 0.4656274 0.5307402 0.4636275 0.5307402 0.4656274 0.5307402 0.4656274 0.5319901 0.4636275 0.5319901 0.4656274 0.5319901 0.4656274 0.5332401 0.4636275 0.5332401 0.4656274 0.5332401 0.4656274 0.5344901 0.4636275 0.5344901 0.4656274 0.5344901 0.4656274 0.5357401 0.4636275 0.5357401 0.7746077 0.8592155 0.7746077 0.8604654 0.7766077 0.8604654 0.7746077 0.8592155 0.7766077 0.8592155 0.7766077 0.8579655 0.5777451 0.8567939 0.5777451 0.8580439 0.5797451 0.8580439 0.5797451 0.8580439 0.5817451 0.8580439 0.5817451 0.8567939 0.5837451 0.8605439 0.5837451 0.8617939 0.5837451 0.8617939 0.5837451 0.8567939 0.5837451 0.8567939 0.5837451 0.8580439 0.7766077 0.8617154 0.7786077 0.8617154 0.7786077 0.8604654 0.7766077 0.8604654 0.7786077 0.8604654 0.7786077 0.8592155 0.7766077 0.8592155 0.7786077 0.8592155 0.7786077 0.8579655 0.5837451 0.8630439 0.5817451 0.8630439 0.5817451 0.8630439 0.5797451 0.8580439 0.5817451 0.8580439 0.5817451 0.8580439 0.5737451 0.8630439 0.5737451 0.8617939 0.5737451 0.8617939 0.5777451 0.8580439 0.5797451 0.8580439 0.5797451 0.8580439 0.5817451 0.8630439 0.5797451 0.8630439 0.5797451 0.8630439 0.6131176 0.5257794 0.6131176 0.5245293 0.6131176 0.5245293 0.6131176 0.5270293 0.6131176 0.5257794 0.6131176 0.5257794 0.6191176 0.5245293 0.6191176 0.5245293 0.6211176 0.5245293 0.6231176 0.5320293 0.6231176 0.5320293 0.6231176 0.5332794 0.6131176 0.5282794 0.6131176 0.5270293 0.6131176 0.5270293 0.6171176 0.5245293 0.6191176 0.5245293 0.6191176 0.5245293 0.6231176 0.5307794 0.6231176 0.5307794 0.6231176 0.5320293 0.6131176 0.5295293 0.6131176 0.5282794 0.6131176 0.5282794 0.6151176 0.5245293 0.6171176 0.5245293 0.6171176 0.5245293 0.6231176 0.5295293 0.6231176 0.5295293 0.6231176 0.5307794 0.6131176 0.5307794 0.6131176 0.5295293 0.6131176 0.5295293 0.6131176 0.5245293 0.6151176 0.5245293 0.6151176 0.5245293 0.6231176 0.5282794 0.6231176 0.5282794 0.6231176 0.5295293 0.6171176 0.5345293 0.6171176 0.5345293 0.6151176 0.5345293 0.6131176 0.5320293 0.6131176 0.5307794 0.6131176 0.5307794 0.6151176 0.5345293 0.6151176 0.5345293 0.6131176 0.5345293 0.6231176 0.5270293 0.6231176 0.5270293 0.6231176 0.5282794 0.6191176 0.5345293 0.6171176 0.5345293 0.6171176 0.5345293 0.6131176 0.5332794 0.6131176 0.5332794 0.6131176 0.5320293 0.6231176 0.5332794 0.6231176 0.5345293 0.6231176 0.5345293 0.6231176 0.5257794 0.6231176 0.5257794 0.6231176 0.5270293 0.6211176 0.5345293 0.6191176 0.5345293 0.6191176 0.5345293 0.6131176 0.5345293 0.6131176 0.5332794 0.6131176 0.5332794 0.6211176 0.5245293 0.6211176 0.5245293 0.6231176 0.5245293 0.6231176 0.5245293 0.6231176 0.5245293 0.6231176 0.5257794 0.6231176 0.5345293 0.6211176 0.5345293 0.6211176 0.5345293 0.6231176 0.5295293 0.6231176 0.5295293 0.6231176 0.5307794 0.6151176 0.5245293 0.6171176 0.5245293 0.6171176 0.5245293 0.6131176 0.5295293 0.6131176 0.5282794 0.6131176 0.5282794 0.6231176 0.5307794 0.6231176 0.5307794 0.6231176 0.5320293 0.6171176 0.5245293 0.6171176 0.5245293 0.6191176 0.5245293 0.6131176 0.5282794 0.6131176 0.5270293 0.6131176 0.5270293 0.6231176 0.5320293 0.6231176 0.5320293 0.6231176 0.5332794 0.6191176 0.5245293 0.6191176 0.5245293 0.6211176 0.5245293 0.6131176 0.5270293 0.6131176 0.5257794 0.6131176 0.5257794 0.6131176 0.5257794 0.6131176 0.5245293 0.6131176 0.5245293 0.6231176 0.5345293 0.6211176 0.5345293 0.6211176 0.5345293 0.6231176 0.5245293 0.6231176 0.5245293 0.6231176 0.5257794 0.6211176 0.5245293 0.6211176 0.5245293 0.6231176 0.5245293 0.6131176 0.5345293 0.6131176 0.5332794 0.6131176 0.5332794 0.6211176 0.5345293 0.6191176 0.5345293 0.6191176 0.5345293 0.6231176 0.5257794 0.6231176 0.5257794 0.6231176 0.5270293 0.6231176 0.5332794 0.6231176 0.5345293 0.6231176 0.5345293 0.6131176 0.5332794 0.6131176 0.5320293 0.6131176 0.5320293 0.6191176 0.5345293 0.6191176 0.5345293 0.6171176 0.5345293 0.6231176 0.5270293 0.6231176 0.5270293 0.6231176 0.5282794 0.6151176 0.5345293 0.6131176 0.5345293 0.6131176 0.5345293 0.6131176 0.5320293 0.6131176 0.5307794 0.6131176 0.5307794 0.6171176 0.5345293 0.6171176 0.5345293 0.6151176 0.5345293 0.6231176 0.5282794 0.6231176 0.5282794 0.6231176 0.5295293 0.6131176 0.5245293 0.6151176 0.5245293 0.6151176 0.5245293 0.6131176 0.5307794 0.6131176 0.5295293 0.6131176 0.5295293 0.7766077 0.8579655 0.7766077 0.8579655 0.7786077 0.8579655 0.5837451 0.8605439 0.5837451 0.8617939 0.5837451 0.8617939 0.7706077 0.8617154 0.7706077 0.8604654 0.7706077 0.8604654 0.7746077 0.8579655 0.7746077 0.8579655 0.7766077 0.8579655 0.5837451 0.8592939 0.5837451 0.8592939 0.5837451 0.8605439 0.5737451 0.8580439 0.5737451 0.8567939 0.5737451 0.8567939 0.7726077 0.8579655 0.7746077 0.8579655 0.7746077 0.8579655 0.5837451 0.8580439 0.5837451 0.8580439 0.5837451 0.8592939 0.5737451 0.8592939 0.5737451 0.8580439 0.5737451 0.8580439 0.7706077 0.8579655 0.7726077 0.8579655 0.7726077 0.8579655 0.5837451 0.8567939 0.5837451 0.8567939 0.5837451 0.8580439 0.5777451 0.8630439 0.5777451 0.8630439 0.5757451 0.8630439 0.5737451 0.8605439 0.5737451 0.8592939 0.5737451 0.8592939 0.5757451 0.8630439 0.5737451 0.8630439 0.5737451 0.8630439 0.7806077 0.8604654 0.7806077 0.8604654 0.7806077 0.8617154 0.5797451 0.8630439 0.5777451 0.8630439 0.5777451 0.8630439 0.5737451 0.8617939 0.5737451 0.8617939 0.5737451 0.8605439 0.5837451 0.8617939 0.5837451 0.8630439 0.5837451 0.8630439 0.7806077 0.8592155 0.7806077 0.8592155 0.7806077 0.8604654 0.5817451 0.8630439 0.5817451 0.8630439 0.5797451 0.8630439 0.5737451 0.8630439 0.5737451 0.8630439 0.5737451 0.8617939 0.7786077 0.8579655 0.7786077 0.8579655 0.7806077 0.8579655 0.7806077 0.8579655 0.7806077 0.8579655 0.7806077 0.8592155 0.5837451 0.8630439 0.5817451 0.8630439 0.5817451 0.8630439 0.7706077 0.8592155 0.7706077 0.8579655 0.7706077 0.8579655 0.7706077 0.8604654 0.7706077 0.8592155 0.7706077 0.8592155 0.7746077 0.8604654 0.7746077 0.8617154 0.7766077 0.8617154 0.5757451 0.8630439 0.5737451 0.8630439 0.5737451 0.8630439 0.5757451 0.8580439 0.5777451 0.8580439 0.5777451 0.8580439 0.5837451 0.8617939 0.5837451 0.8630439 0.5837451 0.8630439 0.5737451 0.8580439 0.5757451 0.8580439 0.5757451 0.8580439 0.7726077 0.8592155 0.7746077 0.8592155 0.7746077 0.8579655 0.7726077 0.8592155 0.7726077 0.8604654 0.7746077 0.8604654 0.7726077 0.8604654 0.7726077 0.8617154 0.7746077 0.8617154 0.5837451 0.8592939 0.5837451 0.8592939 0.5837451 0.8605439 0.5737451 0.8617939 0.5737451 0.8605439 0.5737451 0.8605439 0.5817451 0.8580439 0.5837451 0.8580439 0.5837451 0.8580439 0.5797451 0.8630439 0.5777451 0.8630439 0.5777451 0.8630439 0.7706077 0.8579655 0.7706077 0.8592155 0.7726077 0.8592155 0.7706077 0.8592155 0.7706077 0.8604654 0.7726077 0.8604654 0.7706077 0.8617154 0.7726077 0.8617154 0.7726077 0.8604654 0.5837451 0.8630439 0.5817451 0.8630439 0.5817451 0.8630439 0.5757451 0.8630439 0.5737451 0.8630439 0.5737451 0.8630439 0.5737451 0.8605439 0.5737451 0.8592939 0.5737451 0.8592939 0.5777451 0.8630439 0.5757451 0.8630439 0.5757451 0.8630439 0.7786077 0.8592155 0.7806077 0.8592155 0.7806077 0.8579655 0.7786077 0.8604654 0.7806077 0.8604654 0.7806077 0.8592155 0.7786077 0.8604654 0.7786077 0.8617154 0.7806077 0.8617154 0.5837451 0.8605439 0.5837451 0.8605439 0.5837451 0.8617939 0.5737451 0.8592939 0.5737451 0.8580439 0.5737451 0.8580439 0.5837451 0.8580439 0.5837451 0.8592939 0.5837451 0.8592939 0.5837451 0.8592939 0.5837451 0.8605439 0.5837451 0.8605439 0.5817451 0.8630439 0.5817451 0.8630439 0.5797451 0.8630439 0.5757451 0.8580439 0.5737451 0.8580439 0.5737451 0.8580439 0.5797451 0.8580439 0.5817451 0.8580439 0.5817451 0.8580439 0.5797451 0.8580439 0.5777451 0.8580439 0.5777451 0.8580439 0.5797451 0.8630439 0.5777451 0.8630439 0.5777451 0.8630439 0.6131176 0.5282794 0.6151176 0.5282794 0.6151176 0.5282794 0.6171176 0.5282794 0.6191176 0.5282794 0.6191176 0.5282794 0.5737451 0.8580439 0.5737451 0.8580439 0.5757451 0.8580439 0.5777451 0.8630439 0.5777451 0.8630439 0.5757451 0.8630439 0.5737451 0.8580439 0.5737451 0.8567939 0.5737451 0.8567939 0.5757451 0.8580439 0.5777451 0.8580439 0.5777451 0.8580439 0.5837451 0.8580439 0.5837451 0.8580439 0.5817451 0.8580439 0.5737451 0.8630439 0.5737451 0.8630439 0.5737451 0.8617939 0.5777451 0.8580439 0.5757451 0.8580439 0.5757451 0.8580439 0.6211176 0.5282794 0.6231176 0.5282794 0.6231176 0.5282794 0.5817451 0.8580439 0.5797451 0.8580439 0.5797451 0.8580439 0.5737451 0.8617939 0.5737451 0.8617939 0.5737451 0.8605439 0.6151176 0.5282794 0.6171176 0.5282794 0.6171176 0.5282794 0.6191176 0.5282794 0.6211176 0.5282794 0.6211176 0.5282794 0.5737451 0.8605439 0.5737451 0.8592939 0.5737451 0.8592939 0.5757451 0.8567939 0.5757451 0.8580439 0.5777451 0.8580439 0.5737451 0.8580439 0.5757451 0.8580439 0.5757451 0.8567939 0.5817451 0.8567939 0.5817451 0.8580439 0.5837451 0.8580439 0.5797451 0.8605439 0.5797451 0.8617939 0.5817451 0.8617939 0.5797451 0.8605439 0.5817451 0.8605439 0.5817451 0.8592939 0.5797451 0.8592939 0.5817451 0.8592939 0.5817451 0.8580439 0.5797451 0.8617939 0.5797451 0.8630439 0.5817451 0.8630439 0.5777451 0.8630439 0.5797451 0.8630439 0.5797451 0.8617939 0.5757451 0.8630439 0.5777451 0.8630439 0.5777451 0.8617939 0.5737451 0.8617939 0.5737451 0.8630439 0.5757451 0.8630439 0.5817451 0.8630439 0.5837451 0.8630439 0.5837451 0.8617939 0.5777451 0.8580439 0.5777451 0.8592939 0.5797451 0.8592939 0.5777451 0.8592939 0.5777451 0.8605439 0.5797451 0.8605439 0.5777451 0.8617939 0.5797451 0.8617939 0.5797451 0.8605439 0.5757451 0.8580439 0.5757451 0.8592939 0.5777451 0.8592939 0.5757451 0.8605439 0.5777451 0.8605439 0.5777451 0.8592939 0.5757451 0.8617939 0.5777451 0.8617939 0.5777451 0.8605439 0.5737451 0.8592939 0.5757451 0.8592939 0.5757451 0.8580439 0.5737451 0.8605439 0.5757451 0.8605439 0.5757451 0.8592939 0.5737451 0.8617939 0.5757451 0.8617939 0.5757451 0.8605439 0.5817451 0.8580439 0.5817451 0.8592939 0.5837451 0.8592939 0.5817451 0.8592939 0.5817451 0.8605439 0.5837451 0.8605439 0.5817451 0.8617939 0.5837451 0.8617939 0.5837451 0.8605439 0.5817451 0.8580439 0.5837451 0.8580439 0.5837451 0.8580439 0.5837451 0.8580439 0.5837451 0.8580439 0.5837451 0.8592939 0.5837451 0.8617939 0.5837451 0.8630439 0.5837451 0.8630439 0.5737451 0.8592939 0.5737451 0.8580439 0.5737451 0.8580439 0.5777451 0.8580439 0.5797451 0.8580439 0.5797451 0.8580439</float_array>
          <technique_common>
            <accessor source="#Plane_008-mesh-map-0-array" count="1236" stride="2">
              <param name="S" type="float"/>
              <param name="T" type="float"/>
            </accessor>
          </technique_common>
        </source>
        <vertices id="Plane_008-mesh-vertices">
          <input semantic="POSITION" source="#Plane_008-mesh-positions"/>
        </vertices>
        <triangles count="412">
          <input semantic="VERTEX" source="#Plane_008-mesh-vertices" offset="0"/>
          <input semantic="NORMAL" source="#Plane_008-mesh-normals" offset="1"/>
          <input semantic="TEXCOORD" source="#Plane_008-mesh-map-0" offset="2" set="0"/>
          <p>53 0 0 3 1 1 8 2 2 32 3 3 2 4 4 12 5 5 32 6 6 10 7 7 11 8 8 39 9 9 9 10 10 10 11 11 46 12 12 8 13 13 9 14 14 7 15 15 40 16 16 6 17 17 47 18 18 41 19 19 40 20 20 48 21 21 42 22 22 41 23 23 49 24 24 43 25 25 42 26 26 50 27 27 44 28 28 43 29 29 51 30 30 45 31 31 44 32 32 45 33 33 53 34 34 46 35 35 6 36 36 33 37 37 5 38 38 33 39 39 41 40 40 34 41 41 34 42 42 42 43 43 35 44 44 35 45 45 43 46 46 36 47 47 43 48 48 37 49 49 36 50 50 44 51 51 38 52 52 37 53 53 45 54 54 39 55 55 38 56 56 4 57 57 33 58 58 26 59 59 26 60 60 34 61 61 27 62 62 27 63 63 35 64 64 28 65 65 28 66 66 36 67 67 29 68 68 29 69 69 37 70 70 30 71 71 37 72 72 31 73 73 30 74 74 38 75 75 32 76 76 31 77 77 0 78 78 26 79 79 18 80 80 18 81 81 27 82 82 17 83 83 27 84 84 16 85 85 17 86 86 28 87 87 15 88 88 16 89 89 29 90 90 14 91 91 15 92 92 30 93 93 13 94 94 14 95 95 31 96 96 12 97 97 13 98 98 1 99 99 47 100 100 7 101 101 19 102 102 48 103 103 47 104 104 20 105 105 49 106 106 48 107 107 21 108 108 50 109 109 49 110 110 22 111 111 51 112 112 50 113 113 23 114 114 52 115 115 51 116 116 24 117 117 53 118 118 52 119 119 142 120 120 149 121 121 148 122 122 142 123 123 97 124 124 98 125 125 159 126 126 92 127 127 93 128 128 92 129 129 91 130 130 93 131 131 161 132 132 103 133 133 135 134 134 69 135 135 146 136 136 68 136 137 150 137 138 155 138 139 149 139 140 149 140 141 154 141 142 148 142 143 148 143 144 105 144 145 97 145 146 174 146 147 96 147 148 102 148 149 176 149 150 157 150 151 151 151 152 169 152 153 89 153 154 100 154 155 175 155 156 151 151 157 145 150 158 170 156 159 95 157 160 96 147 161 108 158 162 55 159 163 54 160 164 127 161 165 54 162 166 77 163 167 64 164 168 110 165 169 56 166 170 83 167 171 112 168 172 58 169 173 126 170 174 77 171 175 76 172 176 117 173 177 64 174 178 63 175 179 82 176 180 133 177 181 83 178 182 125 179 183 76 180 184 75 181 185 116 182 186 63 183 187 62 184 188 81 185 189 132 186 190 82 187 191 124 188 192 75 189 193 74 190 194 109 191 195 62 192 196 55 193 197 80 194 198 131 195 199 81 196 200 67 197 201 114 198 202 60 199 203 123 200 204 74 201 205 73 202 206 60 203 207 115 204 208 61 205 209 79 206 210 130 207 211 80 208 212 120 209 213 67 210 214 66 211 215 72 212 216 123 213 217 73 214 218 112 215 219 59 216 220 58 217 221 78 218 222 129 219 223 79 220 224 119 221 225 66 222 226 65 223 227 115 224 228 72 225 229 61 226 230 56 227 231 111 228 232 57 229 233 57 230 234 128 231 235 78 232 236 113 233 237 65 234 238 59 235 239 22 236 240 82 237 241 23 238 242 62 239 243 5 240 244 4 241 245 75 242 246 16 243 247 15 244 248 23 245 249 83 246 250 24 247 251 5 248 252 64 249 253 6 250 254 76 251 255 17 252 256 16 253 257 24 254 258 58 255 259 25 256 260 6 257 261 56 258 262 7 259 263 77 260 264 18 261 265 17 262 266 54 263 267 0 264 268 18 265 269 59 266 270 8 267 271 3 268 272 1 269 273 78 270 274 19 271 275 7 272 276 57 273 277 1 274 278 61 275 279 12 276 280 2 277 281 65 278 282 9 279 283 8 280 284 19 281 285 79 282 286 20 283 287 58 284 288 3 285 289 25 286 290 72 287 291 13 288 292 12 289 293 9 290 294 67 291 295 10 292 296 20 293 297 80 294 298 21 295 299 60 296 300 2 297 301 11 298 302 73 299 303 14 300 304 13 301 305 10 302 306 60 303 307 11 304 308 21 305 309 81 306 310 22 307 311 55 308 312 4 309 313 0 310 314 74 311 315 15 312 316 14 313 317 118 314 318 105 315 319 110 316 320 135 317 321 112 318 322 133 319 323 85 320 324 127 321 325 126 322 326 117 323 327 97 324 328 118 325 329 132 326 330 135 327 331 133 328 332 86 329 333 126 330 334 125 331 335 99 332 336 117 333 337 116 334 338 131 335 339 134 336 340 132 337 341 87 338 342 125 339 343 124 340 344 106 341 345 116 342 346 109 343 347 130 344 348 68 345 349 131 346 350 121 347 351 101 348 352 114 349 353 88 350 354 124 340 355 123 351 356 101 352 357 115 353 358 114 354 359 129 355 360 69 356 361 130 344 362 95 357 363 121 358 364 120 359 365 122 360 366 88 361 367 123 362 368 103 363 369 113 364 370 112 365 371 128 366 372 70 367 373 129 368 374 119 369 375 95 370 376 120 371 377 115 372 378 89 373 379 122 374 380 110 375 381 104 376 382 111 377 383 111 378 384 71 379 385 128 380 386 102 381 387 119 382 388 113 383 389 107 384 390 109 385 391 108 386 392 84 387 393 108 388 394 127 389 395 143 390 396 150 391 397 149 392 398 197 393 399 169 394 400 173 395 401 160 151 402 145 150 403 139 396 404 162 397 405 102 148 406 103 133 407 166 398 408 139 396 409 86 399 410 136 400 411 98 401 412 99 402 413 136 403 414 143 404 415 142 405 416 137 406 417 144 407 418 143 408 419 163 409 420 182 410 421 161 411 422 168 412 423 88 413 424 89 153 425 177 414 426 68 415 427 157 150 428 171 416 429 94 417 430 95 157 431 106 418 432 136 419 433 99 420 434 107 421 435 137 422 436 136 423 437 85 424 438 137 425 439 84 426 440 198 427 441 170 428 442 174 429 443 173 430 444 100 154 445 101 431 446 167 432 447 87 433 448 88 413 449 172 434 450 101 431 451 94 417 452 154 435 453 104 436 454 105 437 455 155 438 456 71 439 457 154 440 458 155 441 459 69 442 460 70 443 461 161 444 462 183 445 463 162 446 464 165 447 465 86 399 466 87 433 467 164 448 468 134 449 469 68 415 470 163 450 471 135 134 472 134 449 473 170 451 474 194 452 475 171 453 476 152 454 477 86 455 478 139 150 479 202 456 480 177 414 481 176 149 482 92 457 483 145 150 484 151 151 485 194 458 486 172 459 487 171 460 488 140 461 489 138 462 490 85 151 491 159 463 492 150 464 493 144 465 494 166 466 495 181 467 496 160 150 497 172 468 498 197 469 499 173 470 500 141 471 501 85 472 502 86 473 503 181 474 504 175 155 505 160 151 506 68 475 507 90 476 508 157 150 509 169 477 510 189 478 511 168 479 512 158 480 513 139 396 514 145 150 515 91 481 516 69 482 517 156 483 518 90 484 519 151 151 520 157 150 521 168 485 522 188 486 523 167 487 524 153 488 525 144 465 526 138 462 527 93 489 528 156 483 529 150 464 530 188 490 531 165 491 532 167 492 533 153 493 534 158 494 535 159 495 536 141 496 537 153 497 538 140 498 539 91 499 540 146 500 541 147 501 542 204 502 543 191 503 544 207 504 545 204 505 546 206 506 547 203 507 548 203 508 549 205 509 550 202 510 551 193 511 552 192 512 553 191 513 554 196 514 555 193 515 556 195 516 557 197 517 558 195 518 559 179 519 560 189 520 561 197 521 562 179 522 563 192 523 564 183 524 565 191 525 566 199 526 567 203 527 568 202 528 569 200 529 570 204 530 571 203 531 572 195 532 573 204 533 574 201 534 575 181 535 576 200 536 577 199 537 578 178 538 579 200 539 580 180 540 581 179 541 582 201 542 583 178 543 584 186 544 585 181 545 586 187 546 587 188 547 588 180 548 589 186 549 590 189 550 591 178 551 592 188 552 593 205 553 594 184 554 595 185 555 596 206 556 597 182 557 598 184 558 599 191 559 600 182 560 601 207 561 602 205 562 603 164 563 604 177 150 605 164 564 606 184 565 607 163 566 608 183 567 609 174 568 610 162 569 611 186 570 612 166 571 613 165 572 614 199 573 615 176 149 616 175 155 617 53 0 618 25 574 619 3 1 620 32 3 621 11 575 622 2 4 623 32 6 624 39 576 625 10 7 626 39 9 627 46 577 628 9 10 629 46 12 630 53 578 631 8 13 632 7 15 633 47 579 634 40 16 635 47 18 636 48 580 637 41 19 638 48 21 639 49 581 640 42 22 641 49 24 642 50 582 643 43 25 644 50 27 645 51 583 646 44 28 647 51 30 648 52 584 649 45 31 650 45 33 651 52 585 652 53 34 653 6 36 654 40 586 655 33 37 656 33 39 657 40 587 658 41 40 659 34 42 660 41 588 661 42 43 662 35 45 663 42 589 664 43 46 665 43 48 666 44 590 667 37 49 668 44 51 669 45 591 670 38 52 671 45 54 672 46 592 673 39 55 674 4 57 675 5 593 676 33 58 677 26 60 678 33 594 679 34 61 680 27 63 681 34 595 682 35 64 683 28 66 684 35 596 685 36 67 686 29 69 687 36 597 688 37 70 689 37 72 690 38 598 691 31 73 692 38 75 693 39 599 694 32 76 695 0 78 696 4 600 697 26 79 698 18 81 699 26 601 700 27 82 701 27 84 702 28 602 703 16 85 704 28 87 705 29 603 706 15 88 707 29 90 708 30 604 709 14 91 710 30 93 711 31 605 712 13 94 713 31 96 714 32 606 715 12 97 716 1 99 717 19 607 718 47 100 719 19 102 720 20 608 721 48 103 722 20 105 723 21 609 724 49 106 725 21 108 726 22 610 727 50 109 728 22 111 729 23 611 730 51 112 731 23 114 732 24 612 733 52 115 734 24 117 735 25 613 736 53 118 737 142 120 738 143 614 739 149 121 740 142 123 741 148 615 742 97 124 743 159 126 744 158 616 745 92 127 746 92 129 747 90 617 748 91 130 749 161 132 750 162 397 751 103 133 752 69 135 753 147 150 754 146 136 755 150 137 756 156 618 757 155 138 758 149 140 759 155 619 760 154 141 761 148 143 762 154 620 763 105 144 764 174 146 765 170 156 766 96 147 767 176 149 768 177 414 769 157 150 770 169 152 771 168 412 772 89 153 773 175 155 774 176 149 775 151 151 776 170 156 777 171 416 778 95 157 779 108 158 780 109 621 781 55 159 782 127 161 783 108 622 784 54 162 785 64 164 786 118 623 787 110 165 788 83 167 789 133 624 790 112 168 791 126 170 792 127 625 793 77 171 794 117 173 795 118 626 796 64 174 797 82 176 798 132 627 799 133 177 800 125 179 801 126 628 802 76 180 803 116 182 804 117 629 805 63 183 806 81 185 807 131 630 808 132 186 809 124 188 810 125 631 811 75 189 812 109 191 813 116 632 814 62 192 815 80 194 816 130 633 817 131 195 818 67 197 819 121 634 820 114 198 821 123 200 822 124 635 823 74 201 824 60 203 825 114 636 826 115 204 827 79 206 828 129 637 829 130 207 830 120 209 831 121 638 832 67 210 833 72 212 834 122 639 835 123 213 836 112 215 837 113 640 838 59 216 839 78 218 840 128 641 841 129 219 842 119 221 843 120 642 844 66 222 845 115 224 846 122 643 847 72 225 848 56 227 849 110 644 850 111 228 851 57 230 852 111 645 853 128 231 854 113 233 855 119 646 856 65 234 857 22 236 858 81 647 859 82 237 860 62 239 861 63 648 862 5 240 863 75 242 864 76 649 865 16 243 866 23 245 867 82 650 868 83 246 869 5 248 870 63 651 871 64 249 872 76 251 873 77 652 874 17 252 875 24 254 876 83 653 877 58 255 878 6 257 879 64 654 880 56 258 881 77 260 882 54 655 883 18 261 884 54 263 885 55 656 886 0 264 887 59 266 888 65 657 889 8 267 890 1 269 891 57 658 892 78 270 893 7 272 894 56 659 895 57 273 896 61 275 897 72 660 898 12 276 899 65 278 900 66 661 901 9 279 902 19 281 903 78 662 904 79 282 905 58 284 906 59 663 907 3 285 908 72 287 909 73 664 910 13 288 911 9 290 912 66 665 913 67 291 914 20 293 915 79 666 916 80 294 917 60 296 918 61 667 919 2 297 920 73 299 921 74 668 922 14 300 923 10 302 924 67 669 925 60 303 926 21 305 927 80 670 928 81 306 929 55 308 930 62 671 931 4 309 932 74 311 933 75 672 934 15 312 935 118 314 936 97 673 937 105 315 938 135 317 939 103 674 940 112 318 941 85 320 942 84 675 943 127 321 944 117 323 945 98 676 946 97 324 947 132 326 948 134 677 949 135 327 950 86 329 951 85 678 952 126 330 953 99 332 954 98 679 955 117 333 956 131 335 957 68 680 958 134 336 959 87 338 960 86 681 961 125 339 962 106 341 963 99 682 964 116 342 965 130 344 966 69 356 967 68 345 968 121 347 969 94 683 970 101 348 971 88 350 972 87 338 973 124 340 974 101 352 975 100 684 976 115 353 977 129 355 978 70 685 979 69 356 980 95 357 981 94 686 982 121 358 983 122 360 984 89 687 985 88 361 986 103 363 987 102 688 988 113 364 989 128 366 990 71 689 991 70 367 992 119 369 993 96 690 994 95 370 995 115 372 996 100 691 997 89 373 998 110 375 999 105 692 1000 104 376 1001 111 378 1002 104 693 1003 71 379 1004 102 381 1005 96 694 1006 119 382 1007 107 384 1008 106 695 1009 109 385 1010 84 387 1011 107 696 1012 108 388 1013 143 390 1014 144 697 1015 150 391 1016 197 393 1017 190 698 1018 169 394 1019 160 151 1020 175 155 1021 145 150 1022 162 397 1023 174 146 1024 102 148 1025 166 398 1026 160 151 1027 139 396 1028 136 400 1029 142 699 1030 98 401 1031 136 403 1032 137 700 1033 143 404 1034 137 406 1035 138 701 1036 144 407 1037 163 409 1038 184 702 1039 182 410 1040 168 412 1041 167 432 1042 88 413 1043 177 414 1044 164 448 1045 68 415 1046 171 416 1047 172 434 1048 94 417 1049 106 418 1050 107 703 1051 136 419 1052 107 421 1053 84 704 1054 137 422 1055 85 424 1056 138 705 1057 137 425 1058 198 427 1059 192 706 1060 170 428 1061 173 430 1062 169 152 1063 100 154 1064 167 432 1065 165 447 1066 87 433 1067 172 434 1068 173 430 1069 101 431 1070 154 435 1071 71 707 1072 104 436 1073 155 438 1074 70 708 1075 71 439 1076 155 441 1077 156 709 1078 69 442 1079 161 444 1080 182 710 1081 183 445 1082 165 447 1083 166 398 1084 86 399 1085 164 448 1086 163 450 1087 134 449 1088 163 450 1089 161 132 1090 135 134 1091 170 451 1092 192 711 1093 194 452 1094 152 454 1095 141 712 1096 86 455 1097 202 456 1098 205 151 1099 177 414 1100 92 457 1101 158 480 1102 145 150 1103 194 458 1104 196 713 1105 172 459 1106 140 461 1107 153 488 1108 138 462 1109 159 463 1110 93 489 1111 150 464 1112 166 466 1113 187 714 1114 181 467 1115 172 468 1116 196 715 1117 197 469 1118 141 471 1119 140 150 1120 85 472 1121 181 474 1122 199 573 1123 175 155 1124 68 475 1125 146 716 1126 90 476 1127 169 477 1128 190 717 1129 189 478 1130 158 480 1131 152 150 1132 139 396 1133 91 481 1134 147 150 1135 69 482 1136 90 484 1137 92 457 1138 151 151 1139 168 485 1140 189 718 1141 188 486 1142 153 488 1143 159 463 1144 144 465 1145 93 489 1146 91 481 1147 156 483 1148 188 490 1149 186 719 1150 165 491 1151 153 493 1152 152 720 1153 158 494 1154 141 496 1155 152 721 1156 153 497 1157 91 499 1158 90 722 1159 146 500 1160 204 502 1161 193 723 1162 191 503 1163 204 505 1164 207 724 1165 206 506 1166 203 508 1167 206 725 1168 205 509 1169 193 511 1170 194 726 1171 192 512 1172 196 514 1173 194 727 1174 193 515 1175 197 517 1176 196 728 1177 195 518 1178 189 520 1179 190 729 1180 197 521 1181 192 523 1182 198 730 1183 183 524 1184 199 526 1185 200 731 1186 203 527 1187 200 529 1188 201 732 1189 204 530 1190 195 532 1191 193 733 1192 204 533 1193 181 535 1194 180 734 1195 200 536 1196 178 538 1197 201 735 1198 200 539 1199 179 541 1200 195 736 1201 201 542 1202 186 544 1203 180 737 1204 181 545 1205 188 547 1206 178 738 1207 180 548 1208 189 550 1209 179 739 1210 178 551 1211 205 553 1212 206 740 1213 184 554 1214 206 556 1215 207 741 1216 182 557 1217 191 559 1218 183 742 1219 182 560 1220 205 562 1221 185 743 1222 164 563 1223 164 564 1224 185 744 1225 184 565 1226 183 567 1227 198 745 1228 174 568 1229 186 570 1230 187 746 1231 166 571 1232 199 573 1233 202 456 1234 176 149 1235</p>
        </triangles>
      </mesh>
    </geometry>
    <geometry id="Plane_005-mesh" name="Plane.005">
      <mesh>
        <source id="Plane_005-mesh-positions">
          <float_array id="Plane_005-mesh-positions-array" count="624">-76.51064 -193.4697 99.83123 82.68115 -192.2897 99.5487 -76.5887 52.42758 -105.9927 148.5317 45.18124 -106.0712 -47.42732 -195.2468 99.79821 -18.0376 -195.2533 99.88025 19.52493 -195.0222 99.90488 48.07804 -193.0078 99.65686 80.15071 59.76271 -106.4083 18.11808 60.52164 -106.471 -26.95115 62.86657 -106.4001 -49.45559 65.11975 -106.1497 -70.39601 45.67586 -68.21656 -67.13806 26.55634 -46.90214 -74.05446 -14.2886 -22.75529 -81.80941 -48.6605 1.232135 -86.083 -99.98224 25.49101 -82.94513 -151.5358 49.97135 -80.8338 -180.5311 70.36811 88.43013 -179.1699 71.9222 95.17734 -150.9296 47.76465 98.36975 -101.3771 23.58055 104.207 -58.97095 -0.2092421 114.416 -14.19338 -26.2805 136.7693 30.55989 -53.30662 149.0167 47.18149 -81.44136 -52.38029 -179.5504 73.57061 -54.99843 -149.2814 50.0442 -53.2664 -98.47167 25.95564 -50.54806 -48.11312 1.253267 -49.28789 -12.83472 -24.08441 -43.15967 38.30118 -49.10456 -51.46135 63.20221 -71.88783 -14.78885 -181.8038 74.95198 -13.92105 -158.0285 51.87208 -17.10009 -115.2932 24.92782 -15.6371 -58.95544 0.9783779 -13.72947 -9.56022 -25.90778 -6.294756 45.43513 -51.11336 -3.851003 72.20124 -71.44159 25.81312 -178.1835 74.53882 21.02877 -161.9527 49.76734 22.82258 -118.4082 25.12652 21.82683 -66.70304 -0.2374042 28.37801 -5.47787 -25.78037 32.38649 43.17567 -50.4132 31.26305 76.76354 -69.56652 57.96029 -176.6143 74.6037 64.29764 -153.3043 49.23679 61.53764 -114.6026 24.93547 60 -68.05873 0 69.25393 -7.060729 -25.26321 88.35451 29.75631 -49.17268 84.89172 68.98831 -77.09283 -74.36642 -203.0815 70.37477 -74.70566 -216.0337 94.48668 46.80427 -242.7708 98.2635 70.59819 -236.451 95.68264 136.955 -13.12168 -82.85958 119.8485 -8.004703 -105.0343 -46.55984 -24.75469 -97.38387 -68.46873 -26.28078 -92.64689 -49.81926 -232.2684 95.90813 -19.59591 -242.8354 97.61755 15.45157 -246.9419 97.41204 53.70065 -23.70198 -106.1759 16.63297 -22.92255 -103.2479 -19.06461 -23.91624 -98.82085 95.2164 -184.8432 -2.178583 87.92382 -264.0431 21.99689 83.60723 -264.0431 44.27403 76.43696 -264.0431 66.65033 -65.57847 -23.97637 -68.17437 -66.55537 -21.06349 -46.86624 -74.11565 -36.88182 -22.75269 -81.74125 -71.03171 1.23995 -86.14418 -122.5744 25.4936 -82.99656 -173.8539 49.97314 82.80252 -217.4457 72.1987 91.80866 -175.0138 47.61688 97.28913 -126.0294 23.88998 101.2535 -79.31083 -0.3714131 107.0237 -37.43399 -26.49131 125.5348 -13.70982 -55.1978 -77.29843 -264.0431 45.51258 -82.22277 -264.0431 22.20586 -78.16798 -175.1176 -0.8110013 -70.81007 -142.4131 -23.57031 -63.93602 -128.1304 -46.49084 -59.41117 -128.2674 -66.63971 56.38106 -193.4557 -1.980053 56.32686 -243.2612 21.72902 18.42898 -196.5699 -1.980053 18.42898 -247.7431 21.74 -18.57755 -130.1113 -94.91046 15.29239 -129.1685 -99.94432 50.4634 -129.9032 -102.727 12.52272 -264.0431 89.70684 -17.45198 -264.0431 90.49657 -42.11079 -264.0431 89.88766 -62.27848 -130.5259 -87.81547 -42.90301 -129.8914 -92.32138 109.5084 -127.1193 -102.4519 128.7128 -122.2374 -80.7504 64.27922 -264.0431 88.23294 41.9935 -264.0431 90.54389 -61.65224 -264.0431 85.92991 -66.57487 -264.0431 65.75608 -70.5352 -228.0518 66.17057 -67.16458 -238.7946 86.26142 44.94331 -255.8996 92.48223 67.33752 -253.1715 90.07388 129.263 -50.09223 -79.37007 110.0586 -54.97408 -101.0716 -42.35283 -57.74624 -90.94105 -61.7283 -58.38069 -86.43515 -45.75215 -247.4439 90.76107 -17.19687 -257.1882 92.28515 15.05972 -259.5327 91.7742 51.01358 -57.75804 -101.3466 15.84257 -57.02328 -98.56398 -18.02736 -57.96609 -93.53012 -58.86099 -56.12221 -65.25938 -63.38584 -55.98522 -45.1105 -70.25989 -70.26787 -22.18998 -77.6178 -102.9724 0.5693292 -81.67259 -151.5731 23.5862 -78.69538 -200.2794 46.81319 78.59561 -241.0174 67.89713 85.9833 -204.3822 44.81601 91.51387 -157.919 22.21829 96.30692 -109.4728 -1.030232 101.6055 -70.79177 -25.73719 118.4135 -50.47488 -53.18556 101.0553 -142.937 -27.11752 117.8634 -122.6201 -54.56589 -47.00014 -275.276 68.63467 -52.99226 -260.5918 46.5951 -56.59323 -235.5431 21.76655 -53.78913 -187.2532 -1.738119 -82.22277 -264.0431 22.20586 -78.16797 -264.0431 -0.8110013 -17.26179 -285.9128 68.97869 -17.76952 -270.1146 45.87656 -19.5231 -245.0486 21.74 -19.5231 -194.6917 -1.980053 95.2164 -264.0431 -2.178583 87.92382 -264.0431 21.99689 15.75889 -292.6057 68.57324 18.40104 -275.3116 46.40121 18.42898 -247.7431 21.74 18.42898 -196.5699 -1.980053 -53.78913 -187.2532 -1.738119 -56.59323 -235.5431 21.76655 48.874 -285.9334 69.11222 55.18248 -264.3116 46.54551 56.32686 -243.2612 21.72902 56.38106 -193.4557 -1.980053 -19.5231 -194.6917 -1.980053 -19.5231 -245.0486 21.74 -53.78913 -187.2532 -1.738119 117.8634 -122.6201 -54.56589 128.7128 -122.2374 -80.7504 101.0553 -142.937 -27.11752 95.2164 -184.8432 -2.178583 -70.81007 -142.4131 -23.57031 -78.16798 -175.1176 -0.8110013 -63.93602 -128.1304 -46.49084 -59.41117 -128.2674 -66.63971 -62.27848 -130.5259 -87.81547 50.4634 -129.9032 -102.727 15.29239 -129.1685 -99.94432 -18.57755 -130.1113 -94.91046 -42.90301 -129.8914 -92.32138 109.5084 -127.1193 -102.4519 -19.5231 -194.6917 -1.980053 18.42898 -196.5699 -1.980053 56.38106 -193.4557 -1.980053 -44.95407 -129.8464 -48.53255 -45.39201 -128.9778 -70.34645 -50.78608 -149.4849 -25.195 -53.78913 -187.2532 -1.738119 117.8633 -264.0431 -54.56589 128.7128 -264.0431 -80.7504 101.0553 -264.0431 -27.11752 95.2164 -264.0431 -2.178583 -70.81006 -264.0431 -23.57031 -78.16797 -264.0431 -0.8110013 -63.93601 -264.0431 -46.49084 -59.41116 -264.0431 -66.63971 -62.27847 -264.0431 -87.81547 57.3353 -127.5052 -76.82016 50.46339 -264.0431 -102.727 16.80338 -128.959 -74.61454 15.29239 -264.0431 -99.94432 -18.84167 -129.6832 -71.73504 -18.57754 -264.0431 -94.91046 -42.90301 -264.0431 -92.32138 109.5083 -264.0431 -102.4519 -19.5231 -194.6917 -1.980053 -19.5231 -153.0707 -25.7001 -19.37457 -131.4213 -49.11386 18.42898 -196.5699 -1.980053 18.42898 -154.1246 -25.7001 18.43671 -131.3153 -49.4042 56.38106 -193.4557 -1.980053 58.88565 -151.1439 -25.94595 64.46502 -127.2672 -50.3946</float_array>
          <technique_common>
            <accessor source="#Plane_005-mesh-positions-array" count="208" stride="3">
              <param name="X" type="float"/>
              <param name="Y" type="float"/>
              <param name="Z" type="float"/>
            </accessor>
          </technique_common>
        </source>
        <source id="Plane_005-mesh-normals">
          <float_array id="Plane_005-mesh-normals-array" count="2241">0.2255876 0.9352179 -0.2729063 0.2860664 0.9464982 -0.1493555 0.1988729 0.9251592 -0.323311 -0.5561322 0.8171541 0.1515796 -0.5181659 0.8476524 0.1139721 -0.6351733 0.735562 0.2355917 -0.08044856 0.9945175 -0.0668056 -0.05949884 0.9968757 -0.05195027 0.1001121 0.9930775 0.06144064 -0.02626341 0.9432724 -0.3309798 -0.01910734 0.9448275 -0.3270105 0.04930651 0.9563742 -0.2879539 0.03612864 0.924773 -0.3788004 0.06074696 0.9345385 -0.3506389 0.01158928 0.9136891 -0.4062486 -0.04830896 0.8408631 0.5390879 -0.0480476 0.8409816 0.5389263 -0.05441009 0.8380681 0.5428457 -0.1033703 0.7816244 0.6151244 -0.09305149 0.7906752 0.6051233 -0.0417298 0.8320007 0.5532031 -0.07096171 0.5085417 0.8581084 -0.06712144 0.5119273 0.8564026 -0.08799332 0.4933254 0.8653828 -0.02024048 0.4519092 0.8918343 -0.009010851 0.4593217 0.8882243 -0.03877133 0.4394796 0.8974155 0.006256341 0.3835923 0.9234814 0.004687607 0.3829186 0.9237702 0.007906675 0.3842998 0.9231745 0.05526936 0.4791193 0.876008 0.05810505 0.4806801 0.8749688 0.006185293 0.4512835 0.8923593 0.160344 0.5327194 0.8309633 0.1483832 0.5486142 0.8228031 0.1904932 0.4910936 0.8500232 -0.04468983 0.8560605 0.5149402 -0.03291201 0.8637622 0.5028238 -0.005725622 0.8803772 0.4742398 0.0361182 0.7592352 0.6498134 0.01324236 0.7760496 0.6305328 0.1204134 0.6892004 0.7144953 0.0775699 0.5073978 0.8582136 0.06449204 0.5165597 0.8538191 0.03753924 0.5349575 0.8440446 0.0593909 0.4211495 0.9050447 0.08090835 0.4065077 0.910058 0.1096372 0.3864508 0.9157705 0.05784642 0.4388243 0.896709 0.01393514 0.4169442 0.9088253 0.1256511 0.4705381 0.8733875 -0.02428388 0.4320392 0.901528 -0.01188176 0.4389462 0.8984349 -0.04356831 0.4211121 0.9059616 -0.04668903 0.5471699 0.8357183 -0.04453498 0.5490503 0.834602 0.02082246 0.6034817 0.7971051 0.01884883 0.8687927 0.4948174 0.01623564 0.8703235 0.4922129 0.03288084 0.8603318 0.5086728 0.06153017 0.6519823 0.7557337 0.05561017 0.6578674 0.751078 0.09638315 0.616005 0.7818238 0.1347899 0.4872775 0.8627817 0.1615856 0.463607 0.8711825 0.2168475 0.41215 0.8849347 0.1814256 0.3961567 0.9000804 0.1632049 0.4113893 0.8967292 0.1405377 0.4299029 0.8918703 0.09458464 0.5114074 0.8541172 0.06092548 0.5353283 0.8424439 -0.01210659 0.583595 0.8119547 -0.007448077 0.4324159 0.9016436 -0.01959359 0.4262747 0.9043816 0.005651652 0.4389455 0.898496 -0.1081509 0.6270642 0.7714233 -0.1028333 0.6343991 0.7661352 -0.08626079 0.6567147 0.7491896 -0.008449316 0.8867159 0.4622375 -0.0168994 0.8897718 0.4560928 -0.07750821 0.9086115 0.410387 -0.08520299 0.591771 0.8015906 -0.07474786 0.5863748 0.8065839 -0.04830378 0.5723281 0.818601 -0.03540176 0.4275594 0.9032938 -0.03379124 0.4284058 0.9029544 -0.03678828 0.4268295 0.9035835 -0.02489268 0.4329735 0.9010629 -0.01633632 0.4370064 0.8993101 -0.03254127 0.4293336 0.9025596 -0.003863632 0.5770209 0.8167204 0.001753807 0.5796213 0.8148842 -0.01060187 0.5738698 0.8188781 -0.02637809 0.4920886 0.8701454 -0.1015538 0.4637916 0.8801047 0.01650786 0.5067623 0.8619278 -0.3212471 0.6347807 0.7027474 -0.3337623 0.6161676 0.7134006 -0.2785806 0.6933714 0.6645517 0.04931092 0.866961 0.4959307 0.0454759 0.8655116 0.4988204 -0.01572406 0.8395032 0.5431272 0.05994451 0.6892172 0.7220709 0.04441034 0.6818243 0.7301666 0.12057 0.7157676 0.6878514 -0.05369657 0.4952028 0.8671165 -0.08466595 0.4727956 0.8770954 -5.16887e-4 0.531746 0.8469039 -0.1186488 0.4789438 0.8697905 -0.1136835 0.4833893 0.8679925 -0.1345869 0.4644849 0.8752943 -0.01069998 0.4287852 0.9033432 0.02154266 0.4462897 0.8946292 -0.07611441 0.3913695 0.9170805 0.08319592 0.4987218 0.8627601 0.08059853 0.4976363 0.8636331 0.09911167 0.5052856 0.8572419 0.2114574 0.7046823 0.6772804 0.156718 0.6640726 0.7310588 0.05956673 0.5822801 0.8108032 -0.132345 -0.8002933 -0.5848209 -0.1400358 -0.7926477 -0.5933798 -0.1633399 -0.7683808 -0.6187981 -0.05290704 -0.6480483 0.7597594 -0.04930031 -0.6508872 0.7575721 0.01877892 -0.7011436 0.7127729 -0.02655988 -0.4224911 -0.9059779 -0.02440887 -0.4238859 -0.9053867 -0.02984434 -0.4203554 -0.9068686 0.0406515 -0.4259544 -0.903831 0.04411447 -0.4236186 -0.9047658 0.04941141 -0.4200296 -0.9061642 6.08712e-6 0.9703456 -0.2417218 -8.36179e-5 0.9666069 0.2562637 6.49691e-6 0.9768981 0.2137062 0.5296233 -1.35063e-7 0.848233 0.95739 -2.44151e-7 0.2887982 0.1499652 -0.7050472 -0.6931226 0.1428441 -0.7121649 -0.6873258 0.1983292 -0.6535832 -0.7304072 0.1931328 -0.7635168 -0.616232 0.2002113 -0.7565869 -0.6224886 0.1682117 -0.7868896 -0.5937252 0.05369424 -0.6393395 0.7670477 0.04803186 -0.636341 0.769911 -0.02279114 -0.5963063 0.8024334 -3.37847e-5 0.9978146 -0.06607717 -2.86996e-5 0.9999831 -0.005825936 -3.37809e-5 0.9914047 0.1308313 -4.17828e-5 1 0 0 0 1 0 0 -1 -4.90248e-5 0.9729644 0.2309553 -4.29153e-6 0.9420219 -0.3355516 -4.96544e-5 0.9898071 -0.1424151 -7.27251e-5 0.9999998 5.73647e-4 -2.76491e-5 0.9999202 0.01263582 -1.42623e-5 0.9996799 -0.02530395 -0.9736446 -0.2227783 -0.04884797 -0.9739495 -0.2212911 -0.04952406 -0.9867573 -0.1366984 -0.08731371 -0.9716123 -0.176512 0.1575221 -0.9716773 -0.1760994 0.1575832 -0.9715412 -0.1769624 0.1574553 0.02844315 -0.4084562 0.9123347 0.02897739 -0.4070368 0.9129521 0.02925235 -0.4063058 0.9132689 0.9139029 -0.1554816 0.374976 0.9137235 -0.1557235 0.3753126 0.9143236 -0.1549129 0.3741849 -0.9760925 -0.1394498 -0.1667252 -0.9761938 -0.1390934 -0.1664296 -0.9760672 -0.1395384 -0.1667987 -0.03121405 -0.3659396 0.9301151 -0.02082061 -0.3935328 0.9190748 -0.03591573 -0.3533106 0.9348165 0.8843212 -0.1396 0.4455199 0.8838871 -0.1409024 0.4459711 0.8820543 -0.1463391 0.4478449 -0.9106894 -0.1101193 -0.398144 -0.9095292 -0.1129741 -0.3999919 -0.9110345 -0.1092641 -0.3975896 -0.176459 -0.3609218 0.9157498 -0.1751784 -0.3657225 0.9140895 -0.1771386 -0.3583629 0.9166232 0.9861432 -0.1609126 -0.04035931 0.9861237 -0.1610229 -0.04039645 0.9861126 -0.1610853 -0.04041749 -0.8912568 -0.1086758 -0.4402852 -0.8913833 -0.1075323 -0.4403099 -0.8910715 -0.1103309 -0.4402484 -0.3245349 -0.4026142 0.8559082 -0.3282437 -0.3955389 0.8577908 -0.3186226 -0.4137527 0.8528121 0.9747724 -0.1662812 -0.1488937 0.9765744 -0.1594879 -0.1444515 0.9771816 -0.1571367 -0.1429134 -0.069489 -0.180682 -0.9810838 -0.08016741 -0.1734455 -0.9815753 -0.04517632 -0.1970167 -0.9793588 -0.9292198 -0.1084971 -0.3532408 -0.928934 -0.1068837 -0.3544822 -0.9280892 -0.1022358 -0.3580482 -0.1990567 -0.2210686 -0.9547278 -0.2059807 -0.2177179 -0.9540287 -0.1909126 -0.2249855 -0.9554758 0.9751166 -0.178507 -0.131464 0.9767378 -0.1724733 -0.1274219 0.9772865 -0.1703822 -0.1260207 -0.1293691 -0.1440154 -0.9810827 -0.1296486 -0.1443095 -0.9810026 -0.118357 -0.1324276 -0.9841009 -0.9863697 -0.1351726 -0.09382563 -0.9738696 -0.1728533 -0.1473085 -0.9952114 -0.09198778 -0.03305166 0.7530038 -0.2115136 -0.623095 0.7513726 -0.2128091 -0.6246212 0.7486538 -0.2149565 -0.6271453 0.9824934 -0.1844564 0.02612829 0.980987 -0.1928275 0.02195942 0.9803207 -0.1963766 0.02018874 -0.08088368 -0.1337344 -0.987711 -0.08088713 -0.1337378 -0.9877103 -0.08083295 -0.1336848 -0.9877219 -0.9721745 -0.1850423 0.1436532 -0.9732587 -0.182772 0.1391473 -0.9749211 -0.1791705 0.1320114 0.1647766 -0.3885442 0.9065772 0.1766139 -0.3696324 0.9122387 0.1914137 -0.3454951 0.9186915 0.9168685 -0.2563221 0.306025 0.9215312 -0.2405986 0.3047831 0.9270327 -0.2207639 0.3031069 0.03053796 -0.1071712 -0.9937716 0.02223354 -0.1218963 -0.9922938 0.03902274 -0.09207838 -0.9949868 0.9856652 -0.1659594 -0.03036081 0.9516183 -0.2797092 -0.1272224 0.9434353 -0.2987837 -0.1437301 -0.04790991 -0.0658189 0.9966808 -0.03325271 -0.07837027 0.9963696 -0.002799332 -0.1043213 0.9945397 -0.9838214 -0.002510905 -0.1791345 -0.984779 0.002101898 -0.1737987 -0.9837043 -0.003059267 -0.1797682 0.8995469 -0.2726103 0.3413196 0.9035416 -0.2566707 0.3431221 0.9063633 -0.2447237 0.3444068 -1.14519e-4 -0.04777127 0.9988583 1.35634e-5 -0.04768848 0.9988623 -3.59793e-4 -0.04792988 0.9988507 -0.9911547 0.002660691 0.1326845 -0.9912065 0.002334296 0.132304 -0.9911487 0.002699255 0.1327295 0.9263074 -0.2084158 0.3138749 0.9131507 -0.2257441 0.3394048 0.9362382 -0.1941517 0.2928538 -3.12807e-4 -0.03453361 0.9994035 -0.01100468 -0.04063218 0.9991136 0.01067566 -0.02826046 0.9995436 -0.9941504 -0.06950765 0.08266699 -0.9776104 -0.2073591 0.03578138 -0.9943426 0.002299726 0.1061967 -0.9807654 -0.1950366 -0.007751226 -0.9873594 -0.1571542 -0.02059233 -0.961058 -0.2756236 0.01997894 0.01104593 -0.01380103 -0.9998438 0.01006633 -0.01437491 -0.9998461 6.9198e-4 -0.01986551 -0.9998025 0.9629218 -0.1964191 0.1849355 0.95003 -0.2276406 0.213595 0.9803098 -0.1431503 0.1360172 0.03963553 -0.07063412 0.9967146 0.07654893 -0.05140972 0.9957396 0.004951119 -0.0885539 0.9960591 -0.9888719 -0.07089185 0.1307924 -0.9868224 -0.07509273 0.1433271 -0.9860221 -0.07663828 0.1479425 -0.04892379 -0.02416741 -0.9985101 -0.0204001 -0.01212084 -0.9997185 9.72571e-4 -0.003092229 -0.9999948 0.9834333 -0.1422315 0.1123795 0.9836916 -0.1401152 0.1127774 0.9839076 -0.138314 0.1131154 0.7959696 -0.3536433 -0.4912931 0.9503051 -0.2580375 -0.1741755 0.9805871 -0.1960551 -0.003384768 -0.9995845 -0.02804803 -0.00665611 -0.9960035 -0.05897527 0.06707465 -0.9935473 -0.06866461 0.09027183 -0.034909 -0.07491821 -0.9965785 -0.08625394 -0.05215686 -0.994907 -0.006122529 -0.08755475 -0.9961409 0.990866 -0.1271376 -0.0449537 0.9980234 -0.05428558 0.03166073 0.9981307 -0.04321038 0.04322117 -0.1479961 -0.1663196 -0.9749026 0.005519151 -0.1087285 -0.9940562 0.03903579 -0.09575337 -0.9946395 -0.9553642 -0.006329715 -0.2953628 -0.9552365 -0.004604876 -0.2958077 -0.9557572 -0.01191622 -0.2939153 -0.02584463 -0.09660023 -0.9949877 -0.04465752 -0.09236276 -0.9947235 -0.02085483 -0.09771776 -0.9949957 0.9960792 -0.0547198 0.0695123 0.9914391 -0.1305673 -9.21701e-4 0.9895508 -0.1435844 -0.01314115 -0.07222533 -0.1569012 0.9849699 -0.07050079 -0.1591058 0.9847411 -0.01303744 -0.2314518 0.9727591 -0.9524142 0.001442134 -0.3048034 -0.9519361 -0.001898407 -0.3062907 -0.9525692 0.002545058 -0.3043115 -0.02175265 -0.38192 0.9239394 0.002379715 -0.2499046 0.9682676 0.005334794 -0.2333778 0.9723715 0.923815 -0.01436454 0.38257 0.9238148 -0.01436448 0.3825702 0.9238148 -0.01436448 0.3825703 -0.9816051 -0.01901167 0.1899735 -0.9896528 -6.24353e-4 0.1434817 -0.99101 0.003206431 0.1337497 0.0210309 -0.2708044 0.9624047 -0.01064884 -0.3921417 0.9198433 -0.01531374 -0.4094868 0.9121875 0.8580451 -0.01636463 0.5133137 0.8580451 -0.01636469 0.5133138 0.8580451 -0.01636457 0.5133136 -0.9887371 0.007703781 -0.1494645 -0.9884914 0.009321093 -0.1509901 -0.9883175 0.01044595 -0.1520507 -0.06870019 -0.09755969 0.9928557 -0.04110664 -0.1934389 0.9802508 -0.07668739 -0.0691595 0.9946538 0.9807505 -0.01273441 0.1948496 0.9799746 -0.01569277 0.1985032 0.981151 -0.01117324 0.1929199 -0.959393 0.01270741 -0.2817867 -0.9566937 0.01285976 -0.2908126 -0.957349 0.0128231 -0.2886496 -0.2154061 -0.07699716 0.9734843 -0.2149579 -0.07744508 0.9735479 -0.2294977 -0.06285709 0.9712775 0.9845539 -0.02902168 0.1726601 0.9829586 -0.02927249 0.1814817 0.9856187 -0.01682215 0.1681455 -0.1056392 0.01982748 -0.9942069 -0.1056394 0.01982742 -0.9942069 -0.1056392 0.01982748 -0.9942069 -0.9599199 0.01267731 -0.2799879 -0.9599199 0.01267737 -0.2799881 -0.2270985 0.02036046 -0.973659 -0.227098 0.02036052 -0.9736591 -0.2270978 0.02036058 -0.9736591 0.9840952 -0.03463244 0.1742338 0.9819885 -0.03252941 0.1861193 -0.1475245 0.0200445 -0.9888554 -0.1475249 0.0200445 -0.9888553 -0.1475251 0.0200445 -0.9888552 -0.9756165 0.01163339 -0.219174 -0.9756163 0.01163339 -0.2191743 -0.9756165 0.01163339 -0.2191739 0.7480783 0.006990909 -0.6635737 0.7480784 0.006991028 -0.6635737 0.7480783 0.006991088 -0.6635737 0.9627609 -0.06073147 0.2634446 0.9590573 -0.0722137 0.2738509 0.9685986 -0.0408039 0.2452591 -0.07844775 0.01966828 -0.9967243 -0.07844763 0.01966834 -0.9967243 -0.07844787 0.01966828 -0.9967243 -0.9910153 0.005000174 0.1336554 -0.9910153 0.005000352 0.1336556 -0.9910154 0.005000174 0.1336553 0.1072003 -0.2478757 0.9628425 0.1224024 -0.2149519 0.9689239 0.1288887 -0.200705 0.9711361 0.8687158 -0.2243359 0.4415952 0.8915134 -0.1637862 0.4223483 0.9090079 -0.1070299 0.4028018 0.003756523 0.01910054 -0.9998105 0.003756463 0.01910048 -0.9998105 0.003756284 0.01910048 -0.9998106 -0.9692528 -0.1683715 0.179444 -0.9783169 -0.1438582 0.1489997 -0.988161 -0.1099652 0.1069835 -0.9000496 -0.07705754 0.4289206 -0.9237567 -0.04472941 0.3803587 -0.9347257 -0.02770477 0.3542888 -0.06665819 -0.6799641 -0.7302092 -0.06754606 -0.6792032 -0.7308356 -0.08467042 -0.6642727 -0.7426795 -0.2265125 0 -0.9740083 -0.2265133 0 -0.9740082 -0.2265135 0 -0.9740082 4.23193e-5 0.9999974 0.002271652 -8.40873e-5 0.973448 -0.2289088 -6.16312e-5 0.9992452 0.03884524 -6.17206e-5 0.9963765 -0.08505308 -0.1502694 -0.7819945 0.6048998 -0.153079 -0.7794969 0.6074138 -0.01158922 -0.8829457 0.4693323 -0.2538924 -0.820492 -0.5121833 -0.2601938 -0.8142925 -0.5188708 -0.2783681 -0.7956632 -0.5379883 -0.1901383 -0.6966939 -0.6917117 -0.190948 -0.6958891 -0.6922986 -0.1999498 -0.6868415 -0.6987624 0.8528104 0 0.5222209 0.8528105 0 0.5222206 0.8528104 0 0.5222209 -4.00282e-6 0.9434115 0.3316246 3.28217e-5 0.9603798 -0.2786948 -2.22921e-5 1 -4.15846e-4 2.83122e-5 0.999174 0.04063659 -1.44225e-5 0.9995188 0.03102135 3.15942e-5 0.9994519 -0.03310698 -0.3037185 -0.8957985 0.3244997 -0.3226131 -0.8950218 0.3079884 -0.09772616 -0.870414 0.4825237 -0.1535781 -0.9477604 -0.2795782 -0.126148 -0.9568504 -0.2617712 -0.400976 -0.8089291 -0.4299442 0.4413729 -0.7947997 -0.4165134 0.4583107 -0.7722341 -0.4400067 0.1418286 -0.9894376 -0.02996546 0.004657924 0 -0.9999892 0.004657983 0 -0.9999892 0.004658043 0 -0.9999892 -4.23379e-5 0.9989182 0.04650056 -4.45107e-5 0.9993388 -0.03635984 3.31998e-5 0.9682073 0.2501493 -6.49691e-6 0.9809752 -0.1941336 3.27807e-5 0.9995587 0.02970898 0.3647475 -0.7447858 0.5587965 0.3746413 -0.7453415 0.5514616 0.07510036 -0.6854529 0.7242336 0.3273715 -0.8837869 -0.3342886 0.2646539 -0.9265249 -0.2674139 0.5017334 -0.6903695 -0.521204 -0.3071286 -0.8544785 -0.4189733 -0.2523704 -0.9034731 -0.3464763 0.009593844 -0.9999523 0.001859307 0.923836 -1.21527e-7 0.3827887 0.9238361 -1.21774e-7 0.3827885 0.923836 -1.21486e-7 0.3827888 -5.58794e-6 0.9861213 0.166027 2.8342e-5 0.9967842 -0.08013337 3.79235e-5 0.9891659 0.146803 3.75211e-5 0.9857743 -0.1680751 -0.07887184 0 -0.9968848 -0.07887125 0 -0.9968848 -0.07887196 0 -0.9968848 -0.3943789 0 -0.918948 -0.03801393 0 -0.9992772 2.07871e-6 1 0 2.94298e-6 1 0 -0.1470087 0 -0.9891353 -0.1470082 0 -0.9891353 -0.1470081 0 -0.9891354 1.52886e-5 0.9999982 -0.001908421 7.95722e-6 0.9999981 0.001957416 2.52426e-5 1 -1.13952e-4 -3.21344e-5 1 2.37981e-5 2.55555e-5 1 5.96166e-5 0.03799033 0 0.9992781 0.01989239 0 0.9998021 -0.1058372 0 -0.9943835 -0.1058366 0 -0.9943836 -0.1058374 0 -0.9943835 -0.9848349 0 -0.1734946 -0.6938477 0 0.7201218 -0.9848349 0 -0.1734946 5.55068e-5 0.9999994 -0.001138091 -0.00511384 0 -0.999987 -0.02308064 0 0.9997336 -0.9909569 0 0.1341809 -0.990957 0 0.1341808 -0.9909569 0 0.134181 -7.04825e-6 0.9999994 0.00114727 -1.29342e-5 0.9999994 0.00116682 1.49012e-6 0.9999994 -0.00116384 -1.30162e-5 1 -5.30708e-4 5.40316e-5 1 0 -0.9756993 0 -0.2191138 -0.9756994 0 -0.2191137 -0.9756994 0 -0.2191138 7.94232e-6 0.9999994 -0.001078546 -3.24175e-5 1 -4.80851e-5 -0.9578506 -1.56302e-7 -0.2872669 -0.9578506 0 -0.287267 -0.9578506 0 -0.287267 -0.1059311 -0.4261298 -0.8984387 -0.1034282 -0.4280419 -0.8978211 -0.1092585 -0.4235795 -0.8992459 0.828489 -0.5518816 -0.09504115 0.8595108 -0.3789204 -0.343017 0.7382409 -0.6618812 0.1300528 -0.6308006 -0.4713163 -0.6164022 -0.6207689 -0.6388249 -0.4544764 -0.541175 -0.8249123 -0.1632468 0.05142241 -0.9965248 -0.06552934 0.06951797 -0.9967829 -0.039891 0.08728867 -0.9960764 -0.01457941 0.04865002 -0.719885 -0.6923863 0.04858618 -0.7199459 -0.6923276 0.04881799 -0.719725 -0.6925408 0.03486436 -0.4912398 -0.8703264 0.03610402 -0.4903244 -0.8707919 0.03999739 -0.4874405 -0.8722396 0.06283503 -0.1883116 0.9800972 0.07438349 -0.185382 0.9798472 0.06011527 -0.1889973 0.9801359 0.1346396 -0.181621 0.9741078 0.09252637 -0.171598 0.9808125 0.08277428 -0.1692362 0.9820935 0.09746581 -0.1677607 0.9809979 0.05365335 -0.1606134 0.985558 0.0473324 -0.1595573 0.9860534 0.7380559 -0.4797884 0.4744226 0.7166022 -0.5237359 0.4606323 0.8390003 -0.0722835 0.5393086 -0.2548592 -0.3340468 0.9074468 -0.2226322 -0.5675036 0.7927008 -0.2666081 -0.1666989 0.9492795 -0.01976233 -0.4908173 -0.8710384 -0.01817405 -0.4919497 -0.870434 -0.02413475 -0.4876888 -0.8726839 -0.01083147 -0.7279974 -0.6854944 -0.0125088 -0.7266247 -0.6869208 -0.02000588 -0.7204288 -0.6932404 0.00608617 -0.9965317 -0.08299255 0.008862495 -0.9961166 -0.08759671 0.00220859 -0.9970628 -0.07655829 -0.09839242 -0.5032084 -0.8585454 -0.08999383 -0.5096192 -0.8556807 -0.1128938 -0.4919756 -0.8632584 -0.07829588 -0.7411956 -0.6667075 -0.08060824 -0.7422748 -0.6652297 -0.0965501 -0.7495475 -0.6548716 -0.04768341 -0.9972724 -0.05633962 -0.04442733 -0.9971899 -0.06032007 -0.06227791 -0.9973176 -0.03846096 0.9370403 -0.2704979 0.2208763 0.9768955 -0.1872402 -0.1030361 0.9117907 -0.2859114 0.2947751 0.9511142 -0.1584559 0.2650915 0.9797363 -0.1392288 0.1439873 0.9453213 -0.1612148 0.2835094 0.9722676 -0.1308939 0.1938108 0.9942682 -0.1069037 -0.001552164 0.9669693 -0.1334727 0.2171532 -0.786627 -0.3070996 -0.5356379 -0.8516958 -0.4349336 -0.2923133 -0.858509 -0.4717639 -0.2010004 -0.8189005 -0.3044526 -0.4865293 -0.8147863 -0.299852 -0.4961977 -0.8138471 -0.2988129 -0.4983611 -0.9100999 -0.3745597 0.1772662 -0.8564586 -0.4269632 -0.2901402 -0.9003012 -0.3589905 0.2461374 0.002301216 0 0.9999974 0.005110144 0 0.999987 0.97367 0 0.227962 0.97367 0 0.2279621 0.9736701 0 0.227962 0.7488775 0 -0.6627085 0.7488777 0 -0.6627082 0.7488778 0 -0.6627082 -0.9515106 0 -0.3076161 -0.9515106 -1.50266e-7 -0.3076161 -0.9515106 -1.67836e-7 -0.3076161 -7.75605e-6 0.9999999 -5.76484e-4 0.3158017 0.9451898 -0.08297872 -0.4234442 0.9055523 0.02589207 -0.1826581 0.9732744 -0.1391871 -0.1001732 0.9233398 -0.3706873 0.09318876 0.9453151 -0.3125625 -0.04225897 0.843584 0.5353319 -0.1411873 0.7462757 0.6504912 -0.04778981 0.5287184 0.8474509 0.01129978 0.4724994 0.8812586 0.003110527 0.3822402 0.9240578 0.101859 0.5041028 0.8576161 0.1218835 0.5826206 0.8035532 -0.06931483 0.8389678 0.5397487 -0.0682078 0.8284047 0.5559616 0.1068328 0.4863365 0.867216 0.02991884 0.4406797 0.8971657 -0.04044115 0.3884002 0.920603 0.01018995 0.4510059 0.8924628 -0.1098028 0.4895945 0.8650091 -0.001130521 0.8801409 0.4747115 0.01535809 0.696164 0.7177186 0.07668739 0.5358418 0.8408286 0.2018222 0.3787279 0.9032347 0.1521909 0.4679653 0.8705437 -0.03185325 0.4199903 0.9069694 -0.1221532 0.6073386 0.7849959 0.05319684 0.8612524 0.5053856 -0.1096658 0.6040461 0.789368 -0.03253078 0.4290671 0.9026867 -0.008324027 0.4407457 0.8975934 0.009364962 0.5831062 0.812342 -0.1386392 0.4486106 0.8829087 -0.3709778 0.5565125 0.7434173 0.1136867 0.8880819 0.4454054 -0.013987 0.6519035 0.758173 -0.1259089 0.4416504 0.8883085 -0.09811913 0.4971444 0.8621022 0.09608846 0.4843856 0.8695619 0.06599193 0.4914566 0.8683983 0.2975417 0.7596291 0.5783016 -0.1099298 -0.8215731 -0.5594043 -0.1117206 -0.5992197 0.7927511 -0.02108365 -0.4260361 -0.9044605 0.03524971 -0.4295814 -0.9023399 0.08987778 -0.7615555 -0.6418374 0.2221192 -0.7342976 -0.6414594 0.1239537 -0.6740208 0.7282387 -0.9500324 -0.3120617 -0.00747621 -0.9717493 -0.1756399 0.1576513 0.02814656 -0.4092437 0.911991 0.9132854 -0.1563133 0.3761328 -0.9762194 -0.1390029 -0.1663545 -0.01521348 -0.4082347 0.9127503 0.886193 -0.1339144 0.4435412 -0.9091719 -0.1138475 -0.4005564 -0.1744564 -0.3684166 0.9131453 0.9861545 -0.1608484 -0.04033768 -0.8915668 -0.1058534 -0.440345 -0.3352652 -0.3819525 0.8612256 0.9741578 -0.1685395 -0.1503697 -0.1059368 -0.1558256 -0.9820876 -0.9300484 -0.1133028 -0.3495321 -0.2146534 -0.2134943 -0.9530709 0.9745329 -0.1806297 -0.132886 -0.1409484 -0.1561976 -0.9776175 -0.9524831 -0.2183012 -0.2124158 0.7551547 -0.2097969 -0.621069 0.9831591 -0.180586 0.02805215 -0.08093959 -0.1337891 -0.987699 -0.9702146 -0.1890039 0.1515302 0.1471861 -0.4160189 0.8973654 0.9091571 -0.2805384 0.3077852 0.01127195 -0.141262 -0.9899082 0.9895678 -0.1435993 -0.0116195 -0.07209616 -0.04502034 0.9963812 -0.9848889 0.00264734 -0.1731671 0.8954628 -0.2879076 0.3394934 2.90549e-4 -0.04750943 0.9988708 -0.9912127 0.002295374 0.1322587 0.898299 -0.2435864 0.3656837 -0.02096122 -0.04630666 0.9987074 -0.961184 -0.2756612 0.0116778 -0.9964266 -0.06776416 -0.05042052 0.01937186 -0.008922278 -0.9997726 0.9259351 -0.2759229 0.2578969 0.1158561 -0.03076368 0.9927895 -0.9900017 -0.06839936 0.1233622 -0.07946604 -0.0370627 -0.9961484 0.9832446 -0.1437547 0.1120929 0.6868086 -0.3824464 -0.6180847 -0.998951 -0.01225656 -0.04412263 -0.1220011 -0.0361405 -0.9918718 0.988829 -0.1379622 -0.05642342 -0.1955104 -0.1835203 -0.9633775 -0.9546738 0.002551138 -0.2976435 -0.04919576 -0.09133487 -0.9946044 0.9958331 -0.04263919 0.08061212 -0.1191597 -0.09613823 0.9882097 -0.9517747 -0.003006339 -0.306783 -0.02596616 -0.4044253 0.9142025 0.9238149 -0.0143646 0.3825699 -0.9780783 -0.02564358 0.2066525 0.0254783 -0.2532734 0.9670592 0.858045 -0.01636469 0.5133138 -0.9888931 0.006659805 -0.1484794 -0.02389156 -0.251563 0.9675461 0.9795637 -0.01722627 0.2003955 -0.9566937 0.01285994 -0.2908124 -0.1976088 -0.09468853 0.9756971 -0.1056395 0.01982742 -0.9942069 -0.2270987 0.02036041 -0.973659 0.9809225 -0.04079341 0.1900714 -0.1475242 0.0200445 -0.9888553 -0.9756164 0.01163345 -0.2191744 0.7480784 0.006990849 -0.6635737 0.9470168 -0.1052135 0.3034623 -0.07844752 0.01966834 -0.9967243 -0.9910153 0.005000412 0.1336556 0.09947413 -0.264362 0.9592797 0.8278257 -0.3118422 0.4663252 0.003756642 0.01910048 -0.9998105 -0.9497506 -0.2103951 0.2317492 -0.879055 -0.1020904 0.4656606 -0.04931306 -0.6945698 -0.7177333 -0.2265124 0 -0.9740083 -0.2511816 -0.6799739 0.6888711 -0.2363713 -0.8370488 -0.4934347 -0.1813531 -0.705334 -0.6852846 0.8528105 0 0.5222206 -0.5075256 -0.8526904 0.1238427 0.1434946 -0.9867277 -0.07601171 0.5791692 -0.5303786 -0.6190812 0.004657924 0 -0.9999892 0.6033275 -0.7214504 0.3398608 0.009693503 -0.9999482 0.003106355 -0.4389988 -0.6751 -0.5928914 0.923836 -1.21815e-7 0.3827885 -0.07887113 0 -0.9968849 -0.03800213 0 -0.9992777 -0.1470088 0 -0.9891353 0.03800213 0 0.9992777 -0.1058365 0 -0.9943836 -0.005111992 0 -0.999987 -0.990957 0 0.1341808 -0.9756994 0 -0.2191137 -0.9578506 -1.67765e-7 -0.2872669 -0.09984493 -0.4307703 -0.8969213 0.8440436 -0.2735315 -0.4612711 -0.6172756 -0.3376101 -0.7106267 0.03052073 -0.9950118 -0.09497487 0.04843598 -0.7200888 -0.6921893 0.03111571 -0.494 -0.8689051 0.07751661 -0.1845822 0.9797555 0.1445001 -0.1839261 0.9722608 0.1043171 -0.168851 0.9801058 0 -1 2.30751e-6 0 -1 2.29584e-6 -0.01374846 -0.4950941 -0.8687307 -0.003153741 -0.7342171 -0.6789074 0.01264309 -0.9955049 -0.09386318 -0.07359391 -0.5219385 -0.8498024 -0.06051611 -0.7326939 -0.6778625 -0.03051805 -0.9965415 -0.0772897 0.973131 -0.1722632 -0.1527794 0.981991 -0.1369207 0.130179 0.9942995 -0.103865 -0.0240975 -0.767741 -0.2807864 -0.5759626 -0.819523 -0.3051558 -0.4850382 -0.8354709 -0.4267923 -0.3461746 0.005111992 0 0.999987 0.97367 0 0.2279622 0.7488775 -1.23058e-7 -0.6627085 -0.9515106 0 -0.3076161</float_array>
          <technique_common>
            <accessor source="#Plane_005-mesh-normals-array" count="747" stride="3">
              <param name="X" type="float"/>
              <param name="Y" type="float"/>
              <param name="Z" type="float"/>
            </accessor>
          </technique_common>
        </source>
        <source id="Plane_005-mesh-map-0">
          <float_array id="Plane_005-mesh-map-0-array" count="2472">0.4636275 0.5357401 0.4656274 0.5369901 0.4636275 0.5369901 0.4576275 0.5357401 0.4556275 0.5369901 0.4556275 0.5357401 0.4576275 0.5357401 0.4596275 0.5369901 0.4576274 0.5369901 0.4596275 0.5357401 0.4616274 0.5369901 0.4596275 0.5369901 0.4616274 0.5357401 0.4636275 0.5369901 0.4616274 0.5369901 0.4636275 0.5269901 0.4616274 0.5282402 0.4616274 0.5269901 0.4636275 0.5282402 0.4616274 0.5294901 0.4616274 0.5282402 0.4636275 0.5294901 0.4616274 0.5307402 0.4616274 0.5294901 0.4636275 0.5307402 0.4616274 0.5319901 0.4616274 0.5307402 0.4636275 0.5319901 0.4616274 0.5332401 0.4616274 0.5319901 0.4636275 0.5332401 0.4616274 0.5344901 0.4616274 0.5332401 0.4616274 0.5344901 0.4636275 0.5357401 0.4616274 0.5357401 0.4616274 0.5269901 0.4596275 0.5282402 0.4596275 0.5269901 0.6171176 0.5257794 0.6191176 0.5270293 0.6171176 0.5270293 0.4596275 0.5294901 0.4616274 0.5307402 0.4596275 0.5307402 0.4596275 0.5307402 0.4616274 0.5319901 0.4596275 0.5319901 0.4616274 0.5319901 0.4596275 0.5332401 0.4596275 0.5319901 0.4616274 0.5332401 0.4596275 0.5344901 0.4596275 0.5332401 0.4616274 0.5344901 0.4596275 0.5357401 0.4596275 0.5344901 0.4576274 0.5269901 0.4596275 0.5282402 0.4576274 0.5282402 0.6151176 0.5257794 0.6171176 0.5270293 0.6151176 0.5270293 0.4576274 0.5294901 0.4596275 0.5307402 0.4576274 0.5307402 0.4576274 0.5307402 0.4596275 0.5319901 0.4576275 0.5319901 0.4576275 0.5319901 0.4596275 0.5332401 0.4576274 0.5332401 0.4596275 0.5332401 0.4576275 0.5344901 0.4576274 0.5332401 0.4596275 0.5344901 0.4576275 0.5357401 0.4576275 0.5344901 0.4556275 0.5269901 0.4576274 0.5282402 0.4556275 0.5282402 0.4556275 0.5282402 0.4576274 0.5294901 0.4556275 0.5294901 0.4576274 0.5294901 0.4556275 0.5307402 0.4556275 0.5294901 0.4576274 0.5307402 0.4556275 0.5319901 0.4556275 0.5307402 0.4576275 0.5319901 0.4556275 0.5332401 0.4556275 0.5319901 0.4576274 0.5332401 0.4556275 0.5344901 0.4556275 0.5332401 0.4576275 0.5344901 0.4556275 0.5357401 0.4556275 0.5344901 0.4656274 0.5269901 0.4636275 0.5282402 0.4636275 0.5269901 0.4656274 0.5282402 0.4636275 0.5294901 0.4636275 0.5282402 0.4656274 0.5294901 0.4636275 0.5307402 0.4636275 0.5294901 0.4656274 0.5307402 0.4636275 0.5319901 0.4636275 0.5307402 0.4656274 0.5319901 0.4636275 0.5332401 0.4636275 0.5319901 0.4656274 0.5332401 0.4636275 0.5344901 0.4636275 0.5332401 0.4656274 0.5344901 0.4636275 0.5357401 0.4636275 0.5344901 0.7746077 0.8592155 0.7766077 0.8604654 0.7766077 0.8592155 0.7746077 0.8592155 0.7766077 0.8579655 0.7746077 0.8579655 0.5777451 0.8567939 0.5797451 0.8580439 0.5797451 0.8567939 0.5797451 0.8580439 0.5817451 0.8567939 0.5797451 0.8567939 0.5837451 0.8605439 0.5837451 0.8617939 0.5837451 0.8605439 0.5837451 0.8567939 0.5837451 0.8580439 0.5837451 0.8580439 0.7766077 0.8617154 0.7786077 0.8604654 0.7766077 0.8604654 0.7766077 0.8604654 0.7786077 0.8592155 0.7766077 0.8592155 0.7766077 0.8592155 0.7786077 0.8579655 0.7766077 0.8579655 0.5837451 0.8630439 0.5817451 0.8630439 0.5837451 0.8630439 0.5797451 0.8580439 0.5817451 0.8580439 0.5797451 0.8580439 0.5737451 0.8630439 0.5737451 0.8617939 0.5737451 0.8630439 0.5777451 0.8580439 0.5797451 0.8580439 0.5777451 0.8580439 0.5817451 0.8630439 0.5797451 0.8630439 0.5817451 0.8630439 0.6131176 0.5257794 0.6131176 0.5245293 0.6131176 0.5257794 0.6131176 0.5270293 0.6131176 0.5257794 0.6131176 0.5270293 0.6191176 0.5245293 0.6211176 0.5245293 0.6211176 0.5245293 0.6231176 0.5320293 0.6231176 0.5332794 0.6231176 0.5332794 0.6131176 0.5282794 0.6131176 0.5270293 0.6131176 0.5282794 0.6171176 0.5245293 0.6191176 0.5245293 0.6171176 0.5245293 0.6231176 0.5307794 0.6231176 0.5320293 0.6231176 0.5320293 0.6131176 0.5295293 0.6131176 0.5282794 0.6131176 0.5295293 0.6151176 0.5245293 0.6171176 0.5245293 0.6151176 0.5245293 0.6231176 0.5295293 0.6231176 0.5307794 0.6231176 0.5307794 0.6131176 0.5307794 0.6131176 0.5295293 0.6131176 0.5307794 0.6131176 0.5245293 0.6151176 0.5245293 0.6131176 0.5245293 0.6231176 0.5282794 0.6231176 0.5295293 0.6231176 0.5295293 0.6171176 0.5345293 0.6151176 0.5345293 0.6151176 0.5345293 0.6131176 0.5320293 0.6131176 0.5307794 0.6131176 0.5320293 0.6151176 0.5345293 0.6131176 0.5345293 0.6131176 0.5345293 0.6231176 0.5270293 0.6231176 0.5282794 0.6231176 0.5282794 0.6191176 0.5345293 0.6171176 0.5345293 0.6191176 0.5345293 0.6131176 0.5332794 0.6131176 0.5320293 0.6131176 0.5320293 0.6231176 0.5332794 0.6231176 0.5345293 0.6231176 0.5332794 0.6231176 0.5257794 0.6231176 0.5270293 0.6231176 0.5270293 0.6211176 0.5345293 0.6191176 0.5345293 0.6211176 0.5345293 0.6131176 0.5345293 0.6131176 0.5332794 0.6131176 0.5345293 0.6211176 0.5245293 0.6231176 0.5245293 0.6231176 0.5245293 0.6231176 0.5245293 0.6231176 0.5257794 0.6231176 0.5257794 0.6231176 0.5345293 0.6211176 0.5345293 0.6231176 0.5345293 0.6231176 0.5295293 0.6231176 0.5307794 0.6231176 0.5307794 0.6151176 0.5245293 0.6171176 0.5245293 0.6151176 0.5245293 0.6131176 0.5295293 0.6131176 0.5282794 0.6131176 0.5295293 0.6231176 0.5307794 0.6231176 0.5320293 0.6231176 0.5320293 0.6171176 0.5245293 0.6191176 0.5245293 0.6191176 0.5245293 0.6131176 0.5282794 0.6131176 0.5270293 0.6131176 0.5282794 0.6231176 0.5320293 0.6231176 0.5332794 0.6231176 0.5332794 0.6191176 0.5245293 0.6211176 0.5245293 0.6211176 0.5245293 0.6131176 0.5270293 0.6131176 0.5257794 0.6131176 0.5270293 0.6131176 0.5257794 0.6131176 0.5245293 0.6131176 0.5257794 0.6231176 0.5345293 0.6211176 0.5345293 0.6231176 0.5345293 0.6231176 0.5245293 0.6231176 0.5257794 0.6231176 0.5257794 0.6211176 0.5245293 0.6231176 0.5245293 0.6231176 0.5245293 0.6131176 0.5345293 0.6131176 0.5332794 0.6131176 0.5345293 0.6211176 0.5345293 0.6191176 0.5345293 0.6211176 0.5345293 0.6231176 0.5257794 0.6231176 0.5270293 0.6231176 0.5270293 0.6231176 0.5332794 0.6231176 0.5345293 0.6231176 0.5332794 0.6131176 0.5332794 0.6131176 0.5320293 0.6131176 0.5332794 0.6191176 0.5345293 0.6171176 0.5345293 0.6171176 0.5345293 0.6231176 0.5270293 0.6231176 0.5282794 0.6231176 0.5282794 0.6151176 0.5345293 0.6131176 0.5345293 0.6151176 0.5345293 0.6131176 0.5320293 0.6131176 0.5307794 0.6131176 0.5320293 0.6171176 0.5345293 0.6151176 0.5345293 0.6151176 0.5345293 0.6231176 0.5282794 0.6231176 0.5295293 0.6231176 0.5295293 0.6131176 0.5245293 0.6151176 0.5245293 0.6131176 0.5245293 0.6131176 0.5307794 0.6131176 0.5295293 0.6131176 0.5307794 0.7766077 0.8579655 0.7786077 0.8579655 0.7786077 0.8579655 0.5837451 0.8605439 0.5837451 0.8617939 0.5837451 0.8605439 0.7706077 0.8617154 0.7706077 0.8604654 0.7706077 0.8617154 0.7746077 0.8579655 0.7766077 0.8579655 0.7766077 0.8579655 0.5837451 0.8592939 0.5837451 0.8605439 0.5837451 0.8605439 0.5737451 0.8580439 0.5737451 0.8567939 0.5737451 0.8580439 0.7726077 0.8579655 0.7746077 0.8579655 0.7726077 0.8579655 0.5837451 0.8580439 0.5837451 0.8592939 0.5837451 0.8592939 0.5737451 0.8592939 0.5737451 0.8580439 0.5737451 0.8592939 0.7706077 0.8579655 0.7726077 0.8579655 0.7706077 0.8579655 0.5837451 0.8567939 0.5837451 0.8580439 0.5837451 0.8580439 0.5777451 0.8630439 0.5757451 0.8630439 0.5757451 0.8630439 0.5737451 0.8605439 0.5737451 0.8592939 0.5737451 0.8605439 0.5757451 0.8630439 0.5737451 0.8630439 0.5757451 0.8630439 0.7806077 0.8604654 0.7806077 0.8617154 0.7806077 0.8617154 0.5797451 0.8630439 0.5777451 0.8630439 0.5797451 0.8630439 0.5737451 0.8617939 0.5737451 0.8605439 0.5737451 0.8605439 0.5837451 0.8617939 0.5837451 0.8630439 0.5837451 0.8617939 0.7806077 0.8592155 0.7806077 0.8604654 0.7806077 0.8604654 0.5817451 0.8630439 0.5797451 0.8630439 0.5797451 0.8630439 0.5737451 0.8630439 0.5737451 0.8617939 0.5737451 0.8617939 0.7786077 0.8579655 0.7806077 0.8579655 0.7806077 0.8579655 0.7806077 0.8579655 0.7806077 0.8592155 0.7806077 0.8592155 0.5837451 0.8630439 0.5817451 0.8630439 0.5837451 0.8630439 0.7706077 0.8592155 0.7706077 0.8579655 0.7706077 0.8592155 0.7706077 0.8604654 0.7706077 0.8592155 0.7706077 0.8604654 0.7746077 0.8604654 0.7766077 0.8617154 0.7766077 0.8604654 0.5757451 0.8630439 0.5737451 0.8630439 0.5757451 0.8630439 0.5757451 0.8580439 0.5777451 0.8580439 0.5757451 0.8580439 0.5837451 0.8617939 0.5837451 0.8630439 0.5837451 0.8617939 0.5737451 0.8580439 0.5757451 0.8580439 0.5737451 0.8580439 0.7726077 0.8592155 0.7746077 0.8579655 0.7726077 0.8579655 0.7726077 0.8592155 0.7746077 0.8604654 0.7746077 0.8592155 0.7726077 0.8604654 0.7746077 0.8617154 0.7746077 0.8604654 0.5837451 0.8592939 0.5837451 0.8605439 0.5837451 0.8605439 0.5737451 0.8617939 0.5737451 0.8605439 0.5737451 0.8617939 0.5817451 0.8580439 0.5837451 0.8580439 0.5817451 0.8580439 0.5797451 0.8630439 0.5777451 0.8630439 0.5797451 0.8630439 0.7706077 0.8579655 0.7726077 0.8592155 0.7726077 0.8579655 0.7706077 0.8592155 0.7726077 0.8604654 0.7726077 0.8592155 0.7706077 0.8617154 0.7726077 0.8604654 0.7706077 0.8604654 0.5837451 0.8630439 0.5817451 0.8630439 0.5837451 0.8630439 0.5757451 0.8630439 0.5737451 0.8630439 0.5757451 0.8630439 0.5737451 0.8605439 0.5737451 0.8592939 0.5737451 0.8605439 0.5777451 0.8630439 0.5757451 0.8630439 0.5777451 0.8630439 0.7786077 0.8592155 0.7806077 0.8579655 0.7786077 0.8579655 0.7786077 0.8604654 0.7806077 0.8592155 0.7786077 0.8592155 0.7786077 0.8604654 0.7806077 0.8617154 0.7806077 0.8604654 0.5837451 0.8605439 0.5837451 0.8617939 0.5837451 0.8617939 0.5737451 0.8592939 0.5737451 0.8580439 0.5737451 0.8592939 0.5837451 0.8580439 0.5837451 0.8592939 0.5837451 0.8580439 0.5837451 0.8592939 0.5837451 0.8605439 0.5837451 0.8592939 0.5817451 0.8630439 0.5797451 0.8630439 0.5797451 0.8630439 0.5757451 0.8580439 0.5737451 0.8580439 0.5757451 0.8580439 0.5797451 0.8580439 0.5817451 0.8580439 0.5797451 0.8580439 0.5797451 0.8580439 0.5777451 0.8580439 0.5797451 0.8580439 0.5797451 0.8630439 0.5777451 0.8630439 0.5797451 0.8630439 0.6131176 0.5282794 0.6151176 0.5282794 0.6131176 0.5282794 0.6171176 0.5282794 0.6191176 0.5282794 0.6171176 0.5282794 0.5737451 0.8580439 0.5757451 0.8580439 0.5757451 0.8580439 0.5777451 0.8630439 0.5757451 0.8630439 0.5757451 0.8630439 0.5737451 0.8580439 0.5737451 0.8567939 0.5737451 0.8580439 0.5757451 0.8580439 0.5777451 0.8580439 0.5757451 0.8580439 0.5837451 0.8580439 0.5817451 0.8580439 0.5817451 0.8580439 0.5737451 0.8630439 0.5737451 0.8617939 0.5737451 0.8617939 0.5777451 0.8580439 0.5757451 0.8580439 0.5777451 0.8580439 0.6211176 0.5282794 0.6231176 0.5282794 0.6211176 0.5282794 0.5817451 0.8580439 0.5797451 0.8580439 0.5817451 0.8580439 0.5737451 0.8617939 0.5737451 0.8605439 0.5737451 0.8605439 0.6151176 0.5282794 0.6171176 0.5282794 0.6151176 0.5282794 0.6191176 0.5282794 0.6211176 0.5282794 0.6191176 0.5282794 0.5737451 0.8605439 0.5737451 0.8592939 0.5737451 0.8605439 0.5757451 0.8567939 0.5777451 0.8580439 0.5777451 0.8567939 0.5737451 0.8580439 0.5757451 0.8567939 0.5737451 0.8567939 0.5817451 0.8567939 0.5837451 0.8580439 0.5837451 0.8567939 0.5797451 0.8605439 0.5817451 0.8617939 0.5817451 0.8605439 0.5797451 0.8605439 0.5817451 0.8592939 0.5797451 0.8592939 0.5797451 0.8592939 0.5817451 0.8580439 0.5797451 0.8580439 0.5797451 0.8617939 0.5817451 0.8630439 0.5817451 0.8617939 0.5777451 0.8630439 0.5797451 0.8617939 0.5777451 0.8617939 0.5757451 0.8630439 0.5777451 0.8617939 0.5757451 0.8617939 0.5737451 0.8617939 0.5757451 0.8630439 0.5757451 0.8617939 0.5817451 0.8630439 0.5837451 0.8617939 0.5817451 0.8617939 0.5777451 0.8580439 0.5797451 0.8592939 0.5797451 0.8580439 0.5777451 0.8592939 0.5797451 0.8605439 0.5797451 0.8592939 0.5777451 0.8617939 0.5797451 0.8605439 0.5777451 0.8605439 0.5757451 0.8580439 0.5777451 0.8592939 0.5777451 0.8580439 0.5757451 0.8605439 0.5777451 0.8592939 0.5757451 0.8592939 0.5757451 0.8617939 0.5777451 0.8605439 0.5757451 0.8605439 0.5737451 0.8592939 0.5757451 0.8580439 0.5737451 0.8580439 0.5737451 0.8605439 0.5757451 0.8592939 0.5737451 0.8592939 0.5737451 0.8617939 0.5757451 0.8605439 0.5737451 0.8605439 0.5817451 0.8580439 0.5837451 0.8592939 0.5837451 0.8580439 0.5817451 0.8592939 0.5837451 0.8605439 0.5837451 0.8592939 0.5817451 0.8617939 0.5837451 0.8605439 0.5817451 0.8605439 0.5817451 0.8580439 0.5837451 0.8580439 0.5817451 0.8580439 0.5837451 0.8580439 0.5837451 0.8592939 0.5837451 0.8592939 0.5837451 0.8617939 0.5837451 0.8630439 0.5837451 0.8617939 0.5737451 0.8592939 0.5737451 0.8580439 0.5737451 0.8592939 0.5777451 0.8580439 0.5797451 0.8580439 0.5777451 0.8580439 0.4636275 0.5357401 0.4656274 0.5357401 0.4656274 0.5369901 0.4576275 0.5357401 0.4576274 0.5369901 0.4556275 0.5369901 0.4576275 0.5357401 0.4596275 0.5357401 0.4596275 0.5369901 0.4596275 0.5357401 0.4616274 0.5357401 0.4616274 0.5369901 0.4616274 0.5357401 0.4636275 0.5357401 0.4636275 0.5369901 0.4636275 0.5269901 0.4636275 0.5282402 0.4616274 0.5282402 0.4636275 0.5282402 0.4636275 0.5294901 0.4616274 0.5294901 0.4636275 0.5294901 0.4636275 0.5307402 0.4616274 0.5307402 0.4636275 0.5307402 0.4636275 0.5319901 0.4616274 0.5319901 0.4636275 0.5319901 0.4636275 0.5332401 0.4616274 0.5332401 0.4636275 0.5332401 0.4636275 0.5344901 0.4616274 0.5344901 0.4616274 0.5344901 0.4636275 0.5344901 0.4636275 0.5357401 0.4616274 0.5269901 0.4616274 0.5282402 0.4596275 0.5282402 0.6171176 0.5257794 0.6191176 0.5257794 0.6191176 0.5270293 0.4596275 0.5294901 0.4616274 0.5294901 0.4616274 0.5307402 0.4596275 0.5307402 0.4616274 0.5307402 0.4616274 0.5319901 0.4616274 0.5319901 0.4616274 0.5332401 0.4596275 0.5332401 0.4616274 0.5332401 0.4616274 0.5344901 0.4596275 0.5344901 0.4616274 0.5344901 0.4616274 0.5357401 0.4596275 0.5357401 0.4576274 0.5269901 0.4596275 0.5269901 0.4596275 0.5282402 0.6151176 0.5257794 0.6171176 0.5257794 0.6171176 0.5270293 0.4576274 0.5294901 0.4596275 0.5294901 0.4596275 0.5307402 0.4576274 0.5307402 0.4596275 0.5307402 0.4596275 0.5319901 0.4576275 0.5319901 0.4596275 0.5319901 0.4596275 0.5332401 0.4596275 0.5332401 0.4596275 0.5344901 0.4576275 0.5344901 0.4596275 0.5344901 0.4596275 0.5357401 0.4576275 0.5357401 0.4556275 0.5269901 0.4576274 0.5269901 0.4576274 0.5282402 0.4556275 0.5282402 0.4576274 0.5282402 0.4576274 0.5294901 0.4576274 0.5294901 0.4576274 0.5307402 0.4556275 0.5307402 0.4576274 0.5307402 0.4576275 0.5319901 0.4556275 0.5319901 0.4576275 0.5319901 0.4576274 0.5332401 0.4556275 0.5332401 0.4576274 0.5332401 0.4576275 0.5344901 0.4556275 0.5344901 0.4576275 0.5344901 0.4576275 0.5357401 0.4556275 0.5357401 0.4656274 0.5269901 0.4656274 0.5282402 0.4636275 0.5282402 0.4656274 0.5282402 0.4656274 0.5294901 0.4636275 0.5294901 0.4656274 0.5294901 0.4656274 0.5307402 0.4636275 0.5307402 0.4656274 0.5307402 0.4656274 0.5319901 0.4636275 0.5319901 0.4656274 0.5319901 0.4656274 0.5332401 0.4636275 0.5332401 0.4656274 0.5332401 0.4656274 0.5344901 0.4636275 0.5344901 0.4656274 0.5344901 0.4656274 0.5357401 0.4636275 0.5357401 0.7746077 0.8592155 0.7746077 0.8604654 0.7766077 0.8604654 0.7746077 0.8592155 0.7766077 0.8592155 0.7766077 0.8579655 0.5777451 0.8567939 0.5777451 0.8580439 0.5797451 0.8580439 0.5797451 0.8580439 0.5817451 0.8580439 0.5817451 0.8567939 0.5837451 0.8605439 0.5837451 0.8617939 0.5837451 0.8617939 0.5837451 0.8567939 0.5837451 0.8567939 0.5837451 0.8580439 0.7766077 0.8617154 0.7786077 0.8617154 0.7786077 0.8604654 0.7766077 0.8604654 0.7786077 0.8604654 0.7786077 0.8592155 0.7766077 0.8592155 0.7786077 0.8592155 0.7786077 0.8579655 0.5837451 0.8630439 0.5817451 0.8630439 0.5817451 0.8630439 0.5797451 0.8580439 0.5817451 0.8580439 0.5817451 0.8580439 0.5737451 0.8630439 0.5737451 0.8617939 0.5737451 0.8617939 0.5777451 0.8580439 0.5797451 0.8580439 0.5797451 0.8580439 0.5817451 0.8630439 0.5797451 0.8630439 0.5797451 0.8630439 0.6131176 0.5257794 0.6131176 0.5245293 0.6131176 0.5245293 0.6131176 0.5270293 0.6131176 0.5257794 0.6131176 0.5257794 0.6191176 0.5245293 0.6191176 0.5245293 0.6211176 0.5245293 0.6231176 0.5320293 0.6231176 0.5320293 0.6231176 0.5332794 0.6131176 0.5282794 0.6131176 0.5270293 0.6131176 0.5270293 0.6171176 0.5245293 0.6191176 0.5245293 0.6191176 0.5245293 0.6231176 0.5307794 0.6231176 0.5307794 0.6231176 0.5320293 0.6131176 0.5295293 0.6131176 0.5282794 0.6131176 0.5282794 0.6151176 0.5245293 0.6171176 0.5245293 0.6171176 0.5245293 0.6231176 0.5295293 0.6231176 0.5295293 0.6231176 0.5307794 0.6131176 0.5307794 0.6131176 0.5295293 0.6131176 0.5295293 0.6131176 0.5245293 0.6151176 0.5245293 0.6151176 0.5245293 0.6231176 0.5282794 0.6231176 0.5282794 0.6231176 0.5295293 0.6171176 0.5345293 0.6171176 0.5345293 0.6151176 0.5345293 0.6131176 0.5320293 0.6131176 0.5307794 0.6131176 0.5307794 0.6151176 0.5345293 0.6151176 0.5345293 0.6131176 0.5345293 0.6231176 0.5270293 0.6231176 0.5270293 0.6231176 0.5282794 0.6191176 0.5345293 0.6171176 0.5345293 0.6171176 0.5345293 0.6131176 0.5332794 0.6131176 0.5332794 0.6131176 0.5320293 0.6231176 0.5332794 0.6231176 0.5345293 0.6231176 0.5345293 0.6231176 0.5257794 0.6231176 0.5257794 0.6231176 0.5270293 0.6211176 0.5345293 0.6191176 0.5345293 0.6191176 0.5345293 0.6131176 0.5345293 0.6131176 0.5332794 0.6131176 0.5332794 0.6211176 0.5245293 0.6211176 0.5245293 0.6231176 0.5245293 0.6231176 0.5245293 0.6231176 0.5245293 0.6231176 0.5257794 0.6231176 0.5345293 0.6211176 0.5345293 0.6211176 0.5345293 0.6231176 0.5295293 0.6231176 0.5295293 0.6231176 0.5307794 0.6151176 0.5245293 0.6171176 0.5245293 0.6171176 0.5245293 0.6131176 0.5295293 0.6131176 0.5282794 0.6131176 0.5282794 0.6231176 0.5307794 0.6231176 0.5307794 0.6231176 0.5320293 0.6171176 0.5245293 0.6171176 0.5245293 0.6191176 0.5245293 0.6131176 0.5282794 0.6131176 0.5270293 0.6131176 0.5270293 0.6231176 0.5320293 0.6231176 0.5320293 0.6231176 0.5332794 0.6191176 0.5245293 0.6191176 0.5245293 0.6211176 0.5245293 0.6131176 0.5270293 0.6131176 0.5257794 0.6131176 0.5257794 0.6131176 0.5257794 0.6131176 0.5245293 0.6131176 0.5245293 0.6231176 0.5345293 0.6211176 0.5345293 0.6211176 0.5345293 0.6231176 0.5245293 0.6231176 0.5245293 0.6231176 0.5257794 0.6211176 0.5245293 0.6211176 0.5245293 0.6231176 0.5245293 0.6131176 0.5345293 0.6131176 0.5332794 0.6131176 0.5332794 0.6211176 0.5345293 0.6191176 0.5345293 0.6191176 0.5345293 0.6231176 0.5257794 0.6231176 0.5257794 0.6231176 0.5270293 0.6231176 0.5332794 0.6231176 0.5345293 0.6231176 0.5345293 0.6131176 0.5332794 0.6131176 0.5320293 0.6131176 0.5320293 0.6191176 0.5345293 0.6191176 0.5345293 0.6171176 0.5345293 0.6231176 0.5270293 0.6231176 0.5270293 0.6231176 0.5282794 0.6151176 0.5345293 0.6131176 0.5345293 0.6131176 0.5345293 0.6131176 0.5320293 0.6131176 0.5307794 0.6131176 0.5307794 0.6171176 0.5345293 0.6171176 0.5345293 0.6151176 0.5345293 0.6231176 0.5282794 0.6231176 0.5282794 0.6231176 0.5295293 0.6131176 0.5245293 0.6151176 0.5245293 0.6151176 0.5245293 0.6131176 0.5307794 0.6131176 0.5295293 0.6131176 0.5295293 0.7766077 0.8579655 0.7766077 0.8579655 0.7786077 0.8579655 0.5837451 0.8605439 0.5837451 0.8617939 0.5837451 0.8617939 0.7706077 0.8617154 0.7706077 0.8604654 0.7706077 0.8604654 0.7746077 0.8579655 0.7746077 0.8579655 0.7766077 0.8579655 0.5837451 0.8592939 0.5837451 0.8592939 0.5837451 0.8605439 0.5737451 0.8580439 0.5737451 0.8567939 0.5737451 0.8567939 0.7726077 0.8579655 0.7746077 0.8579655 0.7746077 0.8579655 0.5837451 0.8580439 0.5837451 0.8580439 0.5837451 0.8592939 0.5737451 0.8592939 0.5737451 0.8580439 0.5737451 0.8580439 0.7706077 0.8579655 0.7726077 0.8579655 0.7726077 0.8579655 0.5837451 0.8567939 0.5837451 0.8567939 0.5837451 0.8580439 0.5777451 0.8630439 0.5777451 0.8630439 0.5757451 0.8630439 0.5737451 0.8605439 0.5737451 0.8592939 0.5737451 0.8592939 0.5757451 0.8630439 0.5737451 0.8630439 0.5737451 0.8630439 0.7806077 0.8604654 0.7806077 0.8604654 0.7806077 0.8617154 0.5797451 0.8630439 0.5777451 0.8630439 0.5777451 0.8630439 0.5737451 0.8617939 0.5737451 0.8617939 0.5737451 0.8605439 0.5837451 0.8617939 0.5837451 0.8630439 0.5837451 0.8630439 0.7806077 0.8592155 0.7806077 0.8592155 0.7806077 0.8604654 0.5817451 0.8630439 0.5817451 0.8630439 0.5797451 0.8630439 0.5737451 0.8630439 0.5737451 0.8630439 0.5737451 0.8617939 0.7786077 0.8579655 0.7786077 0.8579655 0.7806077 0.8579655 0.7806077 0.8579655 0.7806077 0.8579655 0.7806077 0.8592155 0.5837451 0.8630439 0.5817451 0.8630439 0.5817451 0.8630439 0.7706077 0.8592155 0.7706077 0.8579655 0.7706077 0.8579655 0.7706077 0.8604654 0.7706077 0.8592155 0.7706077 0.8592155 0.7746077 0.8604654 0.7746077 0.8617154 0.7766077 0.8617154 0.5757451 0.8630439 0.5737451 0.8630439 0.5737451 0.8630439 0.5757451 0.8580439 0.5777451 0.8580439 0.5777451 0.8580439 0.5837451 0.8617939 0.5837451 0.8630439 0.5837451 0.8630439 0.5737451 0.8580439 0.5757451 0.8580439 0.5757451 0.8580439 0.7726077 0.8592155 0.7746077 0.8592155 0.7746077 0.8579655 0.7726077 0.8592155 0.7726077 0.8604654 0.7746077 0.8604654 0.7726077 0.8604654 0.7726077 0.8617154 0.7746077 0.8617154 0.5837451 0.8592939 0.5837451 0.8592939 0.5837451 0.8605439 0.5737451 0.8617939 0.5737451 0.8605439 0.5737451 0.8605439 0.5817451 0.8580439 0.5837451 0.8580439 0.5837451 0.8580439 0.5797451 0.8630439 0.5777451 0.8630439 0.5777451 0.8630439 0.7706077 0.8579655 0.7706077 0.8592155 0.7726077 0.8592155 0.7706077 0.8592155 0.7706077 0.8604654 0.7726077 0.8604654 0.7706077 0.8617154 0.7726077 0.8617154 0.7726077 0.8604654 0.5837451 0.8630439 0.5817451 0.8630439 0.5817451 0.8630439 0.5757451 0.8630439 0.5737451 0.8630439 0.5737451 0.8630439 0.5737451 0.8605439 0.5737451 0.8592939 0.5737451 0.8592939 0.5777451 0.8630439 0.5757451 0.8630439 0.5757451 0.8630439 0.7786077 0.8592155 0.7806077 0.8592155 0.7806077 0.8579655 0.7786077 0.8604654 0.7806077 0.8604654 0.7806077 0.8592155 0.7786077 0.8604654 0.7786077 0.8617154 0.7806077 0.8617154 0.5837451 0.8605439 0.5837451 0.8605439 0.5837451 0.8617939 0.5737451 0.8592939 0.5737451 0.8580439 0.5737451 0.8580439 0.5837451 0.8580439 0.5837451 0.8592939 0.5837451 0.8592939 0.5837451 0.8592939 0.5837451 0.8605439 0.5837451 0.8605439 0.5817451 0.8630439 0.5817451 0.8630439 0.5797451 0.8630439 0.5757451 0.8580439 0.5737451 0.8580439 0.5737451 0.8580439 0.5797451 0.8580439 0.5817451 0.8580439 0.5817451 0.8580439 0.5797451 0.8580439 0.5777451 0.8580439 0.5777451 0.8580439 0.5797451 0.8630439 0.5777451 0.8630439 0.5777451 0.8630439 0.6131176 0.5282794 0.6151176 0.5282794 0.6151176 0.5282794 0.6171176 0.5282794 0.6191176 0.5282794 0.6191176 0.5282794 0.5737451 0.8580439 0.5737451 0.8580439 0.5757451 0.8580439 0.5777451 0.8630439 0.5777451 0.8630439 0.5757451 0.8630439 0.5737451 0.8580439 0.5737451 0.8567939 0.5737451 0.8567939 0.5757451 0.8580439 0.5777451 0.8580439 0.5777451 0.8580439 0.5837451 0.8580439 0.5837451 0.8580439 0.5817451 0.8580439 0.5737451 0.8630439 0.5737451 0.8630439 0.5737451 0.8617939 0.5777451 0.8580439 0.5757451 0.8580439 0.5757451 0.8580439 0.6211176 0.5282794 0.6231176 0.5282794 0.6231176 0.5282794 0.5817451 0.8580439 0.5797451 0.8580439 0.5797451 0.8580439 0.5737451 0.8617939 0.5737451 0.8617939 0.5737451 0.8605439 0.6151176 0.5282794 0.6171176 0.5282794 0.6171176 0.5282794 0.6191176 0.5282794 0.6211176 0.5282794 0.6211176 0.5282794 0.5737451 0.8605439 0.5737451 0.8592939 0.5737451 0.8592939 0.5757451 0.8567939 0.5757451 0.8580439 0.5777451 0.8580439 0.5737451 0.8580439 0.5757451 0.8580439 0.5757451 0.8567939 0.5817451 0.8567939 0.5817451 0.8580439 0.5837451 0.8580439 0.5797451 0.8605439 0.5797451 0.8617939 0.5817451 0.8617939 0.5797451 0.8605439 0.5817451 0.8605439 0.5817451 0.8592939 0.5797451 0.8592939 0.5817451 0.8592939 0.5817451 0.8580439 0.5797451 0.8617939 0.5797451 0.8630439 0.5817451 0.8630439 0.5777451 0.8630439 0.5797451 0.8630439 0.5797451 0.8617939 0.5757451 0.8630439 0.5777451 0.8630439 0.5777451 0.8617939 0.5737451 0.8617939 0.5737451 0.8630439 0.5757451 0.8630439 0.5817451 0.8630439 0.5837451 0.8630439 0.5837451 0.8617939 0.5777451 0.8580439 0.5777451 0.8592939 0.5797451 0.8592939 0.5777451 0.8592939 0.5777451 0.8605439 0.5797451 0.8605439 0.5777451 0.8617939 0.5797451 0.8617939 0.5797451 0.8605439 0.5757451 0.8580439 0.5757451 0.8592939 0.5777451 0.8592939 0.5757451 0.8605439 0.5777451 0.8605439 0.5777451 0.8592939 0.5757451 0.8617939 0.5777451 0.8617939 0.5777451 0.8605439 0.5737451 0.8592939 0.5757451 0.8592939 0.5757451 0.8580439 0.5737451 0.8605439 0.5757451 0.8605439 0.5757451 0.8592939 0.5737451 0.8617939 0.5757451 0.8617939 0.5757451 0.8605439 0.5817451 0.8580439 0.5817451 0.8592939 0.5837451 0.8592939 0.5817451 0.8592939 0.5817451 0.8605439 0.5837451 0.8605439 0.5817451 0.8617939 0.5837451 0.8617939 0.5837451 0.8605439 0.5817451 0.8580439 0.5837451 0.8580439 0.5837451 0.8580439 0.5837451 0.8580439 0.5837451 0.8580439 0.5837451 0.8592939 0.5837451 0.8617939 0.5837451 0.8630439 0.5837451 0.8630439 0.5737451 0.8592939 0.5737451 0.8580439 0.5737451 0.8580439 0.5777451 0.8580439 0.5797451 0.8580439 0.5797451 0.8580439</float_array>
          <technique_common>
            <accessor source="#Plane_005-mesh-map-0-array" count="1236" stride="2">
              <param name="S" type="float"/>
              <param name="T" type="float"/>
            </accessor>
          </technique_common>
        </source>
        <vertices id="Plane_005-mesh-vertices">
          <input semantic="POSITION" source="#Plane_005-mesh-positions"/>
        </vertices>
        <triangles material="christmasIslandDual_001-material" count="184">
          <input semantic="VERTEX" source="#Plane_005-mesh-vertices" offset="0"/>
          <input semantic="NORMAL" source="#Plane_005-mesh-normals" offset="1"/>
          <input semantic="TEXCOORD" source="#Plane_005-mesh-map-0" offset="2" set="0"/>
          <p>53 0 0 3 1 1 8 2 2 32 3 3 2 4 4 12 5 5 32 6 6 10 7 7 11 8 8 39 9 9 9 10 10 10 11 11 46 12 12 8 13 13 9 14 14 7 15 15 40 16 16 6 17 17 47 18 18 41 19 19 40 20 20 48 21 21 42 22 22 41 23 23 49 24 24 43 25 25 42 26 26 50 27 27 44 28 28 43 29 29 51 30 30 45 31 31 44 32 32 45 33 33 53 34 34 46 35 35 6 36 36 33 37 37 5 38 38 33 39 39 41 40 40 34 41 41 34 42 42 42 43 43 35 44 44 35 45 45 43 46 46 36 47 47 43 48 48 37 49 49 36 50 50 44 51 51 38 52 52 37 53 53 45 54 54 39 55 55 38 56 56 4 57 57 33 58 58 26 59 59 26 60 60 34 61 61 27 62 62 27 63 63 35 64 64 28 65 65 28 66 66 36 67 67 29 68 68 29 69 69 37 70 70 30 71 71 37 72 72 31 73 73 30 74 74 38 75 75 32 76 76 31 77 77 0 78 78 26 79 79 18 80 80 18 81 81 27 82 82 17 83 83 27 84 84 16 85 85 17 86 86 28 87 87 15 88 88 16 89 89 29 90 90 14 91 91 15 92 92 30 93 93 13 94 94 14 95 95 31 96 96 12 97 97 13 98 98 1 99 99 47 100 100 7 101 101 19 102 102 48 103 103 47 104 104 20 105 105 49 106 106 48 107 107 21 108 108 50 109 109 49 110 110 22 111 111 51 112 112 50 113 113 23 114 114 52 115 115 51 116 116 24 117 117 53 118 118 52 119 119 108 158 162 55 159 163 54 160 164 127 161 165 54 162 166 77 163 167 64 164 168 110 165 169 56 166 170 83 167 171 112 168 172 58 169 173 126 170 174 77 171 175 76 172 176 117 173 177 64 174 178 63 175 179 82 176 180 133 177 181 83 178 182 125 179 183 76 180 184 75 181 185 116 182 186 63 183 187 62 184 188 81 185 189 132 186 190 82 187 191 124 188 192 75 189 193 74 190 194 109 191 195 62 192 196 55 193 197 80 194 198 131 195 199 81 196 200 67 197 201 114 198 202 60 199 203 123 200 204 74 201 205 73 202 206 60 203 207 115 204 208 61 205 209 79 206 210 130 207 211 80 208 212 120 209 213 67 210 214 66 211 215 72 212 216 123 213 217 73 214 218 112 215 219 59 216 220 58 217 221 78 218 222 129 219 223 79 220 224 119 221 225 66 222 226 65 223 227 115 224 228 72 225 229 61 226 230 56 227 231 111 228 232 57 229 233 57 230 234 128 231 235 78 232 236 113 233 237 65 234 238 59 235 239 22 236 240 82 237 241 23 238 242 62 239 243 5 240 244 4 241 245 75 242 246 16 243 247 15 244 248 23 245 249 83 246 250 24 247 251 5 248 252 64 249 253 6 250 254 76 251 255 17 252 256 16 253 257 24 254 258 58 255 259 25 256 260 6 257 261 56 258 262 7 259 263 77 260 264 18 261 265 17 262 266 54 263 267 0 264 268 18 265 269 59 266 270 8 267 271 3 268 272 1 269 273 78 270 274 19 271 275 7 272 276 57 273 277 1 274 278 61 275 279 12 276 280 2 277 281 65 278 282 9 279 283 8 280 284 19 281 285 79 282 286 20 283 287 58 284 288 3 285 289 25 286 290 72 287 291 13 288 292 12 289 293 9 290 294 67 291 295 10 292 296 20 293 297 80 294 298 21 295 299 60 296 300 2 297 301 11 298 302 73 299 303 14 300 304 13 301 305 10 302 306 60 303 307 11 304 308 21 305 309 81 306 310 22 307 311 55 308 312 4 309 313 0 310 314 74 311 315 15 312 316 14 313 317 53 0 618 25 574 619 3 1 620 32 3 621 11 575 622 2 4 623 32 6 624 39 576 625 10 7 626 39 9 627 46 577 628 9 10 629 46 12 630 53 578 631 8 13 632 7 15 633 47 579 634 40 16 635 47 18 636 48 580 637 41 19 638 48 21 639 49 581 640 42 22 641 49 24 642 50 582 643 43 25 644 50 27 645 51 583 646 44 28 647 51 30 648 52 584 649 45 31 650 45 33 651 52 585 652 53 34 653 6 36 654 40 586 655 33 37 656 33 39 657 40 587 658 41 40 659 34 42 660 41 588 661 42 43 662 35 45 663 42 589 664 43 46 665 43 48 666 44 590 667 37 49 668 44 51 669 45 591 670 38 52 671 45 54 672 46 592 673 39 55 674 4 57 675 5 593 676 33 58 677 26 60 678 33 594 679 34 61 680 27 63 681 34 595 682 35 64 683 28 66 684 35 596 685 36 67 686 29 69 687 36 597 688 37 70 689 37 72 690 38 598 691 31 73 692 38 75 693 39 599 694 32 76 695 0 78 696 4 600 697 26 79 698 18 81 699 26 601 700 27 82 701 27 84 702 28 602 703 16 85 704 28 87 705 29 603 706 15 88 707 29 90 708 30 604 709 14 91 710 30 93 711 31 605 712 13 94 713 31 96 714 32 606 715 12 97 716 1 99 717 19 607 718 47 100 719 19 102 720 20 608 721 48 103 722 20 105 723 21 609 724 49 106 725 21 108 726 22 610 727 50 109 728 22 111 729 23 611 730 51 112 731 23 114 732 24 612 733 52 115 734 24 117 735 25 613 736 53 118 737 108 158 780 109 621 781 55 159 782 127 161 783 108 622 784 54 162 785 64 164 786 118 623 787 110 165 788 83 167 789 133 624 790 112 168 791 126 170 792 127 625 793 77 171 794 117 173 795 118 626 796 64 174 797 82 176 798 132 627 799 133 177 800 125 179 801 126 628 802 76 180 803 116 182 804 117 629 805 63 183 806 81 185 807 131 630 808 132 186 809 124 188 810 125 631 811 75 189 812 109 191 813 116 632 814 62 192 815 80 194 816 130 633 817 131 195 818 67 197 819 121 634 820 114 198 821 123 200 822 124 635 823 74 201 824 60 203 825 114 636 826 115 204 827 79 206 828 129 637 829 130 207 830 120 209 831 121 638 832 67 210 833 72 212 834 122 639 835 123 213 836 112 215 837 113 640 838 59 216 839 78 218 840 128 641 841 129 219 842 119 221 843 120 642 844 66 222 845 115 224 846 122 643 847 72 225 848 56 227 849 110 644 850 111 228 851 57 230 852 111 645 853 128 231 854 113 233 855 119 646 856 65 234 857 22 236 858 81 647 859 82 237 860 62 239 861 63 648 862 5 240 863 75 242 864 76 649 865 16 243 866 23 245 867 82 650 868 83 246 869 5 248 870 63 651 871 64 249 872 76 251 873 77 652 874 17 252 875 24 254 876 83 653 877 58 255 878 6 257 879 64 654 880 56 258 881 77 260 882 54 655 883 18 261 884 54 263 885 55 656 886 0 264 887 59 266 888 65 657 889 8 267 890 1 269 891 57 658 892 78 270 893 7 272 894 56 659 895 57 273 896 61 275 897 72 660 898 12 276 899 65 278 900 66 661 901 9 279 902 19 281 903 78 662 904 79 282 905 58 284 906 59 663 907 3 285 908 72 287 909 73 664 910 13 288 911 9 290 912 66 665 913 67 291 914 20 293 915 79 666 916 80 294 917 60 296 918 61 667 919 2 297 920 73 299 921 74 668 922 14 300 923 10 302 924 67 669 925 60 303 926 21 305 927 80 670 928 81 306 929 55 308 930 62 671 931 4 309 932 74 311 933 75 672 934 15 312 935</p>
        </triangles>
        <triangles material="christmasIslandDual_002-material" count="228">
          <input semantic="VERTEX" source="#Plane_005-mesh-vertices" offset="0"/>
          <input semantic="NORMAL" source="#Plane_005-mesh-normals" offset="1"/>
          <input semantic="TEXCOORD" source="#Plane_005-mesh-map-0" offset="2" set="0"/>
          <p>142 120 120 149 121 121 148 122 122 142 123 123 97 124 124 98 125 125 159 126 126 92 127 127 93 128 128 92 129 129 91 130 130 93 131 131 161 132 132 103 133 133 135 134 134 69 135 135 146 136 136 68 136 137 150 137 138 155 138 139 149 139 140 149 140 141 154 141 142 148 142 143 148 143 144 105 144 145 97 145 146 174 146 147 96 147 148 102 148 149 176 149 150 157 150 151 151 151 152 169 152 153 89 153 154 100 154 155 175 155 156 151 151 157 145 150 158 170 156 159 95 157 160 96 147 161 118 314 318 105 315 319 110 316 320 135 317 321 112 318 322 133 319 323 85 320 324 127 321 325 126 322 326 117 323 327 97 324 328 118 325 329 132 326 330 135 327 331 133 328 332 86 329 333 126 330 334 125 331 335 99 332 336 117 333 337 116 334 338 131 335 339 134 336 340 132 337 341 87 338 342 125 339 343 124 340 344 106 341 345 116 342 346 109 343 347 130 344 348 68 345 349 131 346 350 121 347 351 101 348 352 114 349 353 88 350 354 124 340 355 123 351 356 101 352 357 115 353 358 114 354 359 129 355 360 69 356 361 130 344 362 95 357 363 121 358 364 120 359 365 122 360 366 88 361 367 123 362 368 103 363 369 113 364 370 112 365 371 128 366 372 70 367 373 129 368 374 119 369 375 95 370 376 120 371 377 115 372 378 89 373 379 122 374 380 110 375 381 104 376 382 111 377 383 111 378 384 71 379 385 128 380 386 102 381 387 119 382 388 113 383 389 107 384 390 109 385 391 108 386 392 84 387 393 108 388 394 127 389 395 143 390 396 150 391 397 149 392 398 197 393 399 169 394 400 173 395 401 160 151 402 145 150 403 139 396 404 162 397 405 102 148 406 103 133 407 166 398 408 139 396 409 86 399 410 136 400 411 98 401 412 99 402 413 136 403 414 143 404 415 142 405 416 137 406 417 144 407 418 143 408 419 163 409 420 182 410 421 161 411 422 168 412 423 88 413 424 89 153 425 177 414 426 68 415 427 157 150 428 171 416 429 94 417 430 95 157 431 106 418 432 136 419 433 99 420 434 107 421 435 137 422 436 136 423 437 85 424 438 137 425 439 84 426 440 198 427 441 170 428 442 174 429 443 173 430 444 100 154 445 101 431 446 167 432 447 87 433 448 88 413 449 172 434 450 101 431 451 94 417 452 154 435 453 104 436 454 105 437 455 155 438 456 71 439 457 154 440 458 155 441 459 69 442 460 70 443 461 161 444 462 183 445 463 162 446 464 165 447 465 86 399 466 87 433 467 164 448 468 134 449 469 68 415 470 163 450 471 135 134 472 134 449 473 170 451 474 194 452 475 171 453 476 152 454 477 86 455 478 139 150 479 202 456 480 177 414 481 176 149 482 92 457 483 145 150 484 151 151 485 194 458 486 172 459 487 171 460 488 140 461 489 138 462 490 85 151 491 159 463 492 150 464 493 144 465 494 166 466 495 181 467 496 160 150 497 172 468 498 197 469 499 173 470 500 141 471 501 85 472 502 86 473 503 181 474 504 175 155 505 160 151 506 68 475 507 90 476 508 157 150 509 169 477 510 189 478 511 168 479 512 158 480 513 139 396 514 145 150 515 91 481 516 69 482 517 156 483 518 90 484 519 151 151 520 157 150 521 168 485 522 188 486 523 167 487 524 153 488 525 144 465 526 138 462 527 93 489 528 156 483 529 150 464 530 188 490 531 165 491 532 167 492 533 153 493 534 158 494 535 159 495 536 141 496 537 153 497 538 140 498 539 91 499 540 146 500 541 147 501 542 204 502 543 191 503 544 207 504 545 204 505 546 206 506 547 203 507 548 203 508 549 205 509 550 202 510 551 193 511 552 192 512 553 191 513 554 196 514 555 193 515 556 195 516 557 197 517 558 195 518 559 179 519 560 189 520 561 197 521 562 179 522 563 192 523 564 183 524 565 191 525 566 199 526 567 203 527 568 202 528 569 200 529 570 204 530 571 203 531 572 195 532 573 204 533 574 201 534 575 181 535 576 200 536 577 199 537 578 178 538 579 200 539 580 180 540 581 179 541 582 201 542 583 178 543 584 186 544 585 181 545 586 187 546 587 188 547 588 180 548 589 186 549 590 189 550 591 178 551 592 188 552 593 205 553 594 184 554 595 185 555 596 206 556 597 182 557 598 184 558 599 191 559 600 182 560 601 207 561 602 205 562 603 164 563 604 177 150 605 164 564 606 184 565 607 163 566 608 183 567 609 174 568 610 162 569 611 186 570 612 166 571 613 165 572 614 199 573 615 176 149 616 175 155 617 142 120 738 143 614 739 149 121 740 142 123 741 148 615 742 97 124 743 159 126 744 158 616 745 92 127 746 92 129 747 90 617 748 91 130 749 161 132 750 162 397 751 103 133 752 69 135 753 147 150 754 146 136 755 150 137 756 156 618 757 155 138 758 149 140 759 155 619 760 154 141 761 148 143 762 154 620 763 105 144 764 174 146 765 170 156 766 96 147 767 176 149 768 177 414 769 157 150 770 169 152 771 168 412 772 89 153 773 175 155 774 176 149 775 151 151 776 170 156 777 171 416 778 95 157 779 118 314 936 97 673 937 105 315 938 135 317 939 103 674 940 112 318 941 85 320 942 84 675 943 127 321 944 117 323 945 98 676 946 97 324 947 132 326 948 134 677 949 135 327 950 86 329 951 85 678 952 126 330 953 99 332 954 98 679 955 117 333 956 131 335 957 68 680 958 134 336 959 87 338 960 86 681 961 125 339 962 106 341 963 99 682 964 116 342 965 130 344 966 69 356 967 68 345 968 121 347 969 94 683 970 101 348 971 88 350 972 87 338 973 124 340 974 101 352 975 100 684 976 115 353 977 129 355 978 70 685 979 69 356 980 95 357 981 94 686 982 121 358 983 122 360 984 89 687 985 88 361 986 103 363 987 102 688 988 113 364 989 128 366 990 71 689 991 70 367 992 119 369 993 96 690 994 95 370 995 115 372 996 100 691 997 89 373 998 110 375 999 105 692 1000 104 376 1001 111 378 1002 104 693 1003 71 379 1004 102 381 1005 96 694 1006 119 382 1007 107 384 1008 106 695 1009 109 385 1010 84 387 1011 107 696 1012 108 388 1013 143 390 1014 144 697 1015 150 391 1016 197 393 1017 190 698 1018 169 394 1019 160 151 1020 175 155 1021 145 150 1022 162 397 1023 174 146 1024 102 148 1025 166 398 1026 160 151 1027 139 396 1028 136 400 1029 142 699 1030 98 401 1031 136 403 1032 137 700 1033 143 404 1034 137 406 1035 138 701 1036 144 407 1037 163 409 1038 184 702 1039 182 410 1040 168 412 1041 167 432 1042 88 413 1043 177 414 1044 164 448 1045 68 415 1046 171 416 1047 172 434 1048 94 417 1049 106 418 1050 107 703 1051 136 419 1052 107 421 1053 84 704 1054 137 422 1055 85 424 1056 138 705 1057 137 425 1058 198 427 1059 192 706 1060 170 428 1061 173 430 1062 169 152 1063 100 154 1064 167 432 1065 165 447 1066 87 433 1067 172 434 1068 173 430 1069 101 431 1070 154 435 1071 71 707 1072 104 436 1073 155 438 1074 70 708 1075 71 439 1076 155 441 1077 156 709 1078 69 442 1079 161 444 1080 182 710 1081 183 445 1082 165 447 1083 166 398 1084 86 399 1085 164 448 1086 163 450 1087 134 449 1088 163 450 1089 161 132 1090 135 134 1091 170 451 1092 192 711 1093 194 452 1094 152 454 1095 141 712 1096 86 455 1097 202 456 1098 205 151 1099 177 414 1100 92 457 1101 158 480 1102 145 150 1103 194 458 1104 196 713 1105 172 459 1106 140 461 1107 153 488 1108 138 462 1109 159 463 1110 93 489 1111 150 464 1112 166 466 1113 187 714 1114 181 467 1115 172 468 1116 196 715 1117 197 469 1118 141 471 1119 140 150 1120 85 472 1121 181 474 1122 199 573 1123 175 155 1124 68 475 1125 146 716 1126 90 476 1127 169 477 1128 190 717 1129 189 478 1130 158 480 1131 152 150 1132 139 396 1133 91 481 1134 147 150 1135 69 482 1136 90 484 1137 92 457 1138 151 151 1139 168 485 1140 189 718 1141 188 486 1142 153 488 1143 159 463 1144 144 465 1145 93 489 1146 91 481 1147 156 483 1148 188 490 1149 186 719 1150 165 491 1151 153 493 1152 152 720 1153 158 494 1154 141 496 1155 152 721 1156 153 497 1157 91 499 1158 90 722 1159 146 500 1160 204 502 1161 193 723 1162 191 503 1163 204 505 1164 207 724 1165 206 506 1166 203 508 1167 206 725 1168 205 509 1169 193 511 1170 194 726 1171 192 512 1172 196 514 1173 194 727 1174 193 515 1175 197 517 1176 196 728 1177 195 518 1178 189 520 1179 190 729 1180 197 521 1181 192 523 1182 198 730 1183 183 524 1184 199 526 1185 200 731 1186 203 527 1187 200 529 1188 201 732 1189 204 530 1190 195 532 1191 193 733 1192 204 533 1193 181 535 1194 180 734 1195 200 536 1196 178 538 1197 201 735 1198 200 539 1199 179 541 1200 195 736 1201 201 542 1202 186 544 1203 180 737 1204 181 545 1205 188 547 1206 178 738 1207 180 548 1208 189 550 1209 179 739 1210 178 551 1211 205 553 1212 206 740 1213 184 554 1214 206 556 1215 207 741 1216 182 557 1217 191 559 1218 183 742 1219 182 560 1220 205 562 1221 185 743 1222 164 563 1223 164 564 1224 185 744 1225 184 565 1226 183 567 1227 198 745 1228 174 568 1229 186 570 1230 187 746 1231 166 571 1232 199 573 1233 202 456 1234 176 149 1235</p>
        </triangles>
      </mesh>
    </geometry>
  </library_geometries>
  <library_visual_scenes>
    <visual_scene id="Scene" name="Scene">
      <node id="base00" name="base00" type="NODE">
        <matrix sid="transform">1 0 0 0 0 1 0 0 0 0 1 0 0 0 0 1</matrix>
        <node id="start01" name="start01" type="NODE">
          <matrix sid="transform">1 0 0 0 0 1 0 0 0 0 1 0 0 0 0 1</matrix>
          <node id="christmasIslandSlope" name="christmasIslandSlope" type="NODE">
            <matrix sid="transform">0.02617891 0 0 0 0 -1.62921e-9 -0.06583164 0 0 0.01 -1.07253e-8 0 0 0 0 1</matrix>
            <instance_geometry url="#Plane_005-mesh" name="christmasIslandSlope">
              <bind_material>
                <technique_common>
                  <instance_material symbol="christmasIslandDual_001-material" target="#christmasIslandDual_001-material">
                    <bind_vertex_input semantic="UVMap" input_semantic="TEXCOORD" input_set="0"/>
                  </instance_material>
                  <instance_material symbol="christmasIslandDual_002-material" target="#christmasIslandDual_002-material">
                    <bind_vertex_input semantic="UVMap" input_semantic="TEXCOORD" input_set="0"/>
                  </instance_material>
                </technique_common>
              </bind_material>
            </instance_geometry>
          </node>
          <node id="Colmesh-1" name="Colmesh-1" type="NODE">
            <matrix sid="transform">0.02617891 0 0 0 0 -1.62921e-9 -0.06583164 0 0 0.01 -1.07253e-8 0 0 0 0 1</matrix>
            <instance_geometry url="#Plane_008-mesh" name="Colmesh-1"/>
          </node>
        </node>
      </node>
    </visual_scene>
  </library_visual_scenes>
  <scene>
    <instance_visual_scene url="#Scene"/>
  </scene>
</COLLADA>