<?xml version="1.0" encoding="utf-8"?>
<COLLADA xmlns="http://www.collada.org/2005/11/COLLADASchema" version="1.4.1" xmlns:xsi="http://www.w3.org/2001/XMLSchema-instance">
  <asset>
    <contributor>
      <author>Blender User</author>
      <authoring_tool>Blender 3.4.1 commit date:2022-12-19, commit time:17:00, hash:55485cb379f7</authoring_tool>
    </contributor>
    <created>2025-12-19T22:52:51</created>
    <modified>2025-12-19T22:52:51</modified>
    <unit name="meter" meter="1"/>
    <up_axis>Z_UP</up_axis>
  </asset>
  <library_effects>
    <effect id="christmasSnowman_002-effect">
      <profile_COMMON>
        <technique sid="common">
          <lambert>
            <emission>
              <color sid="emission">0 0 0 1</color>
            </emission>
            <diffuse>
              <color sid="diffuse">0.06 0.1 0.13 1</color>
            </diffuse>
            <index_of_refraction>
              <float sid="ior">1.45</float>
            </index_of_refraction>
          </lambert>
        </technique>
      </profile_COMMON>
    </effect>
    <effect id="christmasSnowman_004-effect">
      <profile_COMMON>
        <technique sid="common">
          <lambert>
            <emission>
              <color sid="emission">0 0 0 1</color>
            </emission>
            <diffuse>
              <color sid="diffuse">1 0.09 0.01 1</color>
            </diffuse>
            <index_of_refraction>
              <float sid="ior">1.45</float>
            </index_of_refraction>
          </lambert>
        </technique>
      </profile_COMMON>
    </effect>
    <effect id="christmasSnowman_003-effect">
      <profile_COMMON>
        <technique sid="common">
          <lambert>
            <emission>
              <color sid="emission">0 0 0 1</color>
            </emission>
            <diffuse>
              <color sid="diffuse">1 0.33 0 1</color>
            </diffuse>
            <index_of_refraction>
              <float sid="ior">1.45</float>
            </index_of_refraction>
          </lambert>
        </technique>
      </profile_COMMON>
    </effect>
    <effect id="christmasSnowman_001-effect">
      <profile_COMMON>
        <technique sid="common">
          <lambert>
            <emission>
              <color sid="emission">0 0 0 1</color>
            </emission>
            <diffuse>
              <color sid="diffuse">1 1 1 1</color>
            </diffuse>
            <index_of_refraction>
              <float sid="ior">1.45</float>
            </index_of_refraction>
          </lambert>
        </technique>
      </profile_COMMON>
    </effect>
    <effect id="christmasSnowman_005-effect">
      <profile_COMMON>
        <technique sid="common">
          <lambert>
            <emission>
              <color sid="emission">0 0 0 1</color>
            </emission>
            <diffuse>
              <color sid="diffuse">0.19 0.09 0.06 1</color>
            </diffuse>
            <index_of_refraction>
              <float sid="ior">1.45</float>
            </index_of_refraction>
          </lambert>
        </technique>
      </profile_COMMON>
    </effect>
    <effect id="christmasSnowman_006-effect">
      <profile_COMMON>
        <technique sid="common">
          <lambert>
            <emission>
              <color sid="emission">0 0 0 1</color>
            </emission>
            <diffuse>
              <color sid="diffuse">1 0.61 0.25 1</color>
            </diffuse>
            <index_of_refraction>
              <float sid="ior">1.45</float>
            </index_of_refraction>
          </lambert>
        </technique>
      </profile_COMMON>
    </effect>
  </library_effects>
  <library_images/>
  <library_materials>
    <material id="christmasSnowman_002-material" name="christmasSnowman.002">
      <instance_effect url="#christmasSnowman_002-effect"/>
    </material>
    <material id="christmasSnowman_004-material" name="christmasSnowman.004">
      <instance_effect url="#christmasSnowman_004-effect"/>
    </material>
    <material id="christmasSnowman_003-material" name="christmasSnowman.003">
      <instance_effect url="#christmasSnowman_003-effect"/>
    </material>
    <material id="christmasSnowman_001-material" name="christmasSnowman.001">
      <instance_effect url="#christmasSnowman_001-effect"/>
    </material>
    <material id="christmasSnowman_005-material" name="christmasSnowman.005">
      <instance_effect url="#christmasSnowman_005-effect"/>
    </material>
    <material id="christmasSnowman_006-material" name="christmasSnowman.006">
      <instance_effect url="#christmasSnowman_006-effect"/>
    </material>
  </library_materials>
  <library_geometries>
    <geometry id="group956064899_001-mesh" name="group956064899.001">
      <mesh>
        <source id="group956064899_001-mesh-positions">
          <float_array id="group956064899_001-mesh-positions-array" count="2643">-0.07711863 -0.2780429 -0.140689 -0.06942814 -0.2810005 -0.1236443 -0.1017796 -0.2812719 -0.1070859 -0.06631892 -0.2849606 -0.1502917 -0.05721229 -0.2868267 -0.1337768 -0.0679841 -0.303624 -0.1531095 -0.05877608 -0.3055246 -0.1364187 -0.07649409 -0.3128688 -0.1314667 -0.08500653 -0.3110867 -0.1486284 -0.1126753 -0.3119345 -0.1320576 -0.1044045 -0.314361 -0.1146821 -0.1241032 -0.307325 -0.1215782 -0.1159737 -0.3104459 -0.1040342 -0.1240735 -0.2889904 -0.1167951 -0.1160331 -0.2920654 -0.09943103 -0.1092913 -0.2780308 -0.1243557 -0.05699688 0.2251797 -0.0561465 -0.05082887 0.2286057 -0.0467835 -0.06894975 0.2372378 -0.03660219 -0.05173105 0.2173504 -0.05921453 -0.04469096 0.2210158 -0.05056983 -0.05405485 0.2070298 -0.054138 -0.046938 0.2107264 -0.04539626 -0.05766016 0.2103965 -0.03944635 -0.0644055 0.2064121 -0.04842281 -0.07970482 0.2142864 -0.03826963 -0.07312178 0.2180369 -0.02894943 -0.08539676 0.2212917 -0.03392547 -0.07892215 0.2247576 -0.0242725 -0.08389747 0.2322651 -0.03780102 -0.07749193 0.2357032 -0.02825152 -0.07501494 0.2338635 -0.04618716 0.1573002 0.4536105 0.09499663 0.15674 0.3790287 0.03958022 0.1550441 0.3843614 0.09753811 0.1629941 0.4475085 0.03737062 0.1292524 0.3772236 -0.01171875 0.1391099 0.4449502 -0.01567101 0.07994651 0.3794298 -0.0426135 0.09204691 0.4466223 -0.04991585 0.02203387 0.3850561 -0.04482585 0.03441578 0.4520758 -0.05618786 -0.02896779 0.3925951 -0.01776278 -0.01834118 0.45985 -0.03280663 -0.0593928 0.4000264 0.03132396 -0.05208784 0.4678615 0.01396286 -0.0610888 0.4053591 0.08928185 -0.05778193 0.4739639 0.07158905 -0.03360116 0.4071642 0.1405808 -0.03389757 0.4765218 0.1246306 0.01570463 0.404958 0.1714757 0.01316517 0.4748501 0.1588753 0.07361727 0.3993317 0.1736879 0.07079643 0.4693965 0.1651475 0.1246191 0.3917928 0.1466249 0.1235535 0.4616224 0.1417662 0.1597434 0.1060988 -0.04449421 0.102353 0.1168227 0.02211976 0.1503981 0.1285805 -0.03979653 0.09349453 0.1032079 -0.08877021 0.119912 0.06344175 -0.1257228 0.179279 0.08070504 -0.07614707 0.04544931 0.09145021 -0.02685385 0.09398877 0.09106826 -0.09367626 0.2141792 0.04610991 -0.1164587 0.2089475 0.03993225 -0.1090502 0.1797056 0.08011865 -0.07662022 0.1140326 0.05097568 -0.1229191 0.1558566 0.03649449 -0.1667619 0.1809834 0.07753658 -0.07236111 0.1814923 0.07685232 -0.07302874 0.1150884 0.05085289 -0.1227649 0.2380288 0.01574558 -0.170529 0.2333272 0.009073019 -0.1593506 0.1766259 0.006365776 -0.2197419 0.175641 -0.004068017 -0.2123367 0.200949 0.001425445 -0.0767405 0.230161 -0.03317993 -0.1421306 0.2017655 -0.02078586 -0.0780667 0.1379306 -0.01158159 -0.1081414 0.1179292 0.03413921 -0.08696365 0.1829093 0.03239524 -0.05800426 0.1663262 -0.02397567 -0.1722053 0.133702 -7.26223e-4 -0.1097901 0.1640367 0.07683479 -0.02756536 0.1674363 0.07949244 -0.03642433 0.1171235 0.04238069 -0.09650057 0.09926253 0.0726093 -0.05294811 0.1298127 0.1159203 0.001770973 0.1364006 0.1187139 -0.008391797 0.06462132 0.1104124 -0.02622634 0.06960809 0.1179416 -0.03338342 0.1672038 0.5956239 0.05054622 0.16363 0.5870234 -0.001217246 0.1401131 0.3881766 0.03344488 0.1436869 0.3967772 0.08520847 0.1344755 0.5828751 -0.04479491 0.1109585 0.3840283 -0.01013273 0.08755218 0.5842906 -0.06851017 0.06403523 0.3854438 -0.03384792 0.03543317 0.5908905 -0.06600844 0.01191622 0.3920438 -0.03134626 -0.007916271 0.6009067 -0.03796005 -0.03143322 0.4020599 -0.003297865 -0.03088068 0.6116551 0.008119404 -0.0543977 0.4128083 0.04278159 -0.02730691 0.6202556 0.05988293 -0.0508238 0.4214088 0.09454518 0.001847565 0.6244038 0.1034607 -0.02166926 0.425557 0.1381229 0.04877084 0.6229883 0.1271759 0.02525389 0.4241415 0.1618381 0.1008898 0.6163882 0.1246741 0.0773729 0.4175416 0.1593363 0.1442393 0.6063722 0.09662574 0.1207224 0.4075254 0.1312879 -0.354147 -0.4681396 0.136705 -0.2615131 -0.5482318 0.1542678 -0.3880172 -0.5491596 0.1727601 -0.2901142 -0.4660252 0.1368373 -0.1602188 -0.5433462 0.08982902 -0.2167354 -0.4403661 0.05723786 -0.230383 -0.5370719 -0.05288815 -0.2092705 -0.4388928 -0.02466183 -0.3239835 -0.5337533 -0.1180981 -0.3207549 -0.463396 -0.06412023 -0.436339 -0.534947 -0.09811764 -0.4010593 -0.4572165 -0.04406166 -0.5016332 -0.5399538 -0.00465101 -0.4433966 -0.4495002 0.004472315 -0.4816176 -0.545841 0.1075501 -0.4337594 -0.4532772 0.07792758 -0.3177076 -0.4216638 0.01225024 -0.1873598 -0.3413359 0.04114955 -0.2686729 -0.5709828 0.2510229 -0.3191152 -0.5446365 -0.007419288 -0.1585783 -0.3440356 0.2785798 -0.06261128 -0.5823829 0.4662005 -0.03697007 -0.3913871 0.3570391 0.2399362 -0.5828093 0.4313854 0.1663241 -0.334206 0.3239733 0.4016476 -0.5771487 0.1561419 0.2483507 -0.3633971 0.1493608 0.3078808 -0.5471921 -0.1300558 0.2233864 -0.3453503 -0.01987022 0.08856987 -0.5278139 -0.2768826 0.08542913 -0.3314131 -0.1216624 -0.1711403 -0.5267552 -0.226085 -0.08470749 -0.3297505 -0.09638714 0.02561777 -0.1062788 0.09535068 -0.06367045 -0.1224822 0.1189696 -0.06333088 -0.1235043 0.07118016 -0.04006463 -0.1214807 0.1605237 0.001161277 -0.1207677 0.1847082 0.04896116 -0.1205343 0.1850429 0.0905267 -0.1208433 0.161438 0.1147207 -0.1216116 0.1202185 0.1150602 -0.1226336 0.07242906 0.09145438 -0.1236352 0.0308749 0.05022829 -0.1243483 0.006690382 0.002428591 -0.1245815 0.006355762 -0.03913688 -0.1242726 0.02996069 -0.1420353 -0.1692896 0.140437 -0.1413971 -0.1712102 0.05062234 -0.09767085 -0.167407 0.2185333 -0.02019125 -0.166067 0.2639853 0.0696429 -0.1656286 0.2646141 0.1477607 -0.1662091 0.2202514 0.1932305 -0.1676532 0.1427841 0.1938686 -0.1695738 0.05296939 0.1495042 -0.1714562 -0.02512675 0.07202452 -0.1727962 -0.07057875 -0.01780951 -0.1732347 -0.07120764 -0.09592741 -0.1726542 -0.02684491 -0.2000247 -0.241055 0.1571636 -0.1991649 -0.2436426 0.03615665 -0.1402526 -0.2385187 0.2623824 -0.03586459 -0.2367133 0.3236197 0.08516865 -0.2361225 0.3244671 0.1904163 -0.2369047 0.2646974 0.2516777 -0.2388502 0.1603259 0.2525375 -0.2414377 0.03931891 0.1927654 -0.2439741 -0.06589978 0.08837741 -0.2457795 -0.1271371 -0.03265571 -0.2463703 -0.1279844 -0.1379037 -0.2455881 -0.06821471 -0.2306442 -0.3291225 0.167132 -0.2296664 -0.332065 0.02952802 -0.1626739 -0.3262384 0.2867824 -0.04396826 -0.3241854 0.356419 0.09366571 -0.3235135 0.3573825 0.2133491 -0.324403 0.289415 0.2830128 -0.3266153 0.1707281 0.2839905 -0.3295579 0.03312397 0.2160202 -0.332442 -0.08652633 0.09731459 -0.3344951 -0.1561627 -0.04031932 -0.3351668 -0.1571264 -0.1600028 -0.3342774 -0.08915877 -0.2302006 -0.4228699 0.1691399 -0.2292228 -0.4258125 0.0315358 -0.1622304 -0.4199858 0.2887902 -0.04352474 -0.4179327 0.3584267 0.09410923 -0.417261 0.3593904 0.2137926 -0.4181504 0.2914227 0.2834563 -0.4203628 0.1727359 0.284434 -0.4233054 0.03513187 0.2164637 -0.4261895 -0.08451849 0.09775811 -0.4282426 -0.154155 -0.0398758 -0.4289143 -0.1551185 -0.1595592 -0.4280249 -0.08715093 -0.1679698 -0.4490662 0.1686418 -0.1389756 -0.5084537 0.2681637 -0.03458756 -0.5066483 0.329401 0.08644568 -0.5060576 0.3302484 0.1916935 -0.5068398 0.2704787 0.2529547 -0.5087852 0.1661072 0.2538145 -0.5113729 0.04510027 0.1940424 -0.5139092 -0.06011837 0.08965444 -0.5157145 -0.1213558 -0.1269988 -0.4541087 -0.05074828 -0.1738643 -0.4575871 0.04804837 -0.1078955 -0.5197695 0.1550436 -0.1122706 -0.5260941 0.0655359 -0.1143751 -0.5138431 0.2024704 -0.03604322 -0.5051867 0.2455978 0.0652666 -0.4763697 0.2767572 0.1417571 -0.477113 0.2296466 0.1791085 -0.4955746 0.1604813 0.1843816 -0.4997236 0.07089477 0.1445068 -0.5049907 -0.02323812 0.06690931 -0.5057865 -0.06850147 -0.005207479 -0.5235732 -0.04789626 -0.02317303 -0.4583395 -0.1128165 -0.08226978 -0.5204328 -0.001827657 -0.04980361 -0.5365938 0.1142042 -0.05073189 -0.5420617 0.06672555 -0.05310332 -0.5167419 0.1398673 -0.0132972 -0.5571543 0.1709332 0.04393792 -0.5300555 0.2028942 0.08463764 -0.5304508 0.1778271 0.1011675 -0.5421076 0.1369719 0.1039732 -0.5443152 0.08930391 0.08561915 -0.5465689 0.0367313 0.04433035 -0.5469923 0.01264715 -0.001138091 -0.5271097 0.02423226 -0.04256147 -0.5229418 0.0477209 0.03970903 -0.4484242 0.08871376 -0.03549993 0.2377892 -0.02975356 -0.005256474 0.2417743 -0.04534363 -0.06667804 0.237632 -0.09278613 0.002162814 0.2652642 -0.05090516 -0.03506219 0.2633245 -0.1079351 -0.01354253 0.286371 -0.04522371 -0.04511046 0.2830313 -0.1022208 -0.04162758 0.2825304 -0.03219234 -0.07036817 0.277023 -0.09197986 -0.0496661 0.2590084 -0.02420175 -0.07851034 0.2562804 -0.08693772 -0.01650995 0.262792 -0.0223093 -0.09628766 0.2730422 -0.1408619 -0.07984721 0.268888 -0.1490341 -0.07158499 0.2555729 -0.1535901 -0.0781179 0.2407767 -0.1514214 -0.09291315 0.2392955 -0.1446968 -0.1089085 0.2506744 -0.163576 -0.106329 0.2585561 -0.1703768 -0.09634208 0.2595813 -0.1758271 -0.09019464 0.2502722 -0.1782852 -0.09403389 0.2399379 -0.1752927 -0.1040207 0.2389127 -0.1698425 -0.1037994 0.2541164 -0.1330997 -0.1264718 0.2563732 -0.2159447 -0.04414951 0.2462639 -0.1185151 -0.07832205 -0.09988403 -0.1180518 -0.07118952 -0.09984159 -0.1005149 -0.1041315 -0.09955954 -0.08516514 -0.06678724 -0.1074985 -0.1261553 -0.0582779 -0.1063737 -0.1092591 -0.06734478 -0.1264384 -0.1262038 -0.05873966 -0.1253159 -0.1091255 -0.07623147 -0.1328729 -0.1037112 -0.08411711 -0.1341413 -0.1212146 -0.1123569 -0.1341528 -0.1056138 -0.104687 -0.1335031 -0.08781075 -0.1244321 -0.1287246 -0.09631937 -0.1168733 -0.1287442 -0.07825046 -0.1255693 -0.1099153 -0.09433257 -0.1180946 -0.109921 -0.0764513 -0.1110915 -0.09934484 -0.1029609 -0.06593465 0.3151733 -0.05174577 -0.04401129 0.3114194 -0.03258574 -0.07116293 0.3275714 -0.03190386 -0.07110983 0.2898606 -0.05293524 -0.0492419 0.2861207 -0.03382873 -0.08763861 0.2760887 -0.03858047 -0.06657207 0.2725507 -0.02024763 -0.1030746 0.284228 -0.01949095 -0.0829519 0.2809279 -0.002069354 -0.105794 0.3081493 -0.01004141 -0.08604699 0.3049439 0.007017493 -0.09374922 0.3298397 -0.01734763 -0.07352668 0.3265144 1.7041e-4 -0.09747624 0.3060361 -0.0414958 -0.05438458 0.3264251 -0.02102458 0.1749017 0.3587297 0.1475838 0.1037413 0.4243044 0.225798 0.1915743 0.394949 0.1615328 0.08996486 0.3845106 0.2109191 -0.01095175 0.4421762 0.2260326 -0.009191036 0.3977996 0.214784 -0.09502524 0.4424928 0.177241 -0.06934106 0.3901204 0.1637492 -0.1124405 0.4171685 0.1294171 -0.1193194 0.3927423 0.07024359 -0.09889501 0.4138615 -0.04988616 -0.1474182 0.4360589 0.07312053 -0.09060961 0.38029 -0.0388062 -0.01360386 0.3939557 -0.1261677 -0.02425742 0.362799 -0.09235465 0.09832018 0.3745875 -0.1304848 0.08735466 0.34861 -0.09124976 0.1888239 0.3664007 -0.06197738 0.1670104 0.3421806 -0.02913343 0.2340959 0.3768326 0.03813123 0.1990594 0.3422285 0.05075407 0.05337268 0.3044972 -0.09645026 0.06044912 0.3093371 -0.06837302 0.03357136 0.3114436 -0.08485686 0.06089782 0.2797688 -0.0955525 0.06795734 0.284601 -0.06755131 0.04687148 0.2588476 -0.08967995 0.05368489 0.2635667 -0.06277799 0.02185565 0.2574875 -0.08325481 0.02837932 0.2620736 -0.05764746 0.004687786 0.2767128 -0.0811153 0.01109611 0.2812461 -0.05602324 0.008295655 0.3020464 -0.08487254 0.01485002 0.3066466 -0.05912822 0.0287283 0.2813113 -0.1026545 0.04032015 0.3170128 -0.06683963 0.02404594 0.1593651 0.08675646 -0.05204737 0.1535397 0.1281605 -0.06209141 0.148559 0.0853433 -0.02182763 0.1560801 0.1603991 0.02047008 0.1554996 0.1734207 0.06351244 0.1519538 0.1637363 0.09576618 0.1463927 0.1339406 0.1085889 0.1403064 0.09201759 0.09854477 0.1353258 0.04920029 0.0683251 0.1327853 0.01696181 0.02602726 0.1333658 0.003940165 -0.01701498 0.1369116 0.0136246 -0.04926878 0.1424727 0.04342025 -0.1205572 0.1185523 0.1684186 -0.1394339 0.1091918 0.08794856 -0.06376278 0.1233268 0.2290074 0.01573109 0.1222359 0.25348 0.09662425 0.1155719 0.2352792 0.1572414 0.1051204 0.1792817 0.1813403 0.09368193 0.1004922 0.1624635 0.08432137 0.02002209 0.1056691 0.0795468 -0.04056656 0.0261752 0.08063781 -0.06503921 -0.05471783 0.08730173 -0.0468384 -0.1153351 0.09775328 0.009159088 -0.1732202 0.05862289 0.2026751 -0.1986527 0.04601138 0.09425806 -0.09670132 0.0650556 0.284306 0.01040053 0.06358587 0.3172779 0.1193876 0.05460739 0.292756 0.2010568 0.04052627 0.2173109 0.2335252 0.02511513 0.111158 0.2080926 0.01250374 0.002740979 0.1315737 0.006071031 -0.07888996 0.02447181 0.007540822 -0.1118619 -0.08451515 0.01651912 -0.08733993 -0.1661845 0.03060036 -0.01189476 -0.2036844 -0.01902008 0.2267981 -0.2326053 -0.03336125 0.1035107 -0.1166704 -0.01170516 0.3196253 0.00512135 -0.01337647 0.3571196 0.1290569 -0.02358627 0.3292342 0.2219278 -0.03959894 0.2434412 0.2588493 -0.05712366 0.1227286 0.2299284 -0.07146489 -5.58674e-4 0.1429144 -0.07877981 -0.09338593 0.02112263 -0.0771085 -0.1308802 -0.1028128 -0.0668987 -0.1029949 -0.1956838 -0.05088603 -0.01720178 -0.2082754 -0.1050118 0.2378778 -0.2371963 -0.1193531 0.1145906 -0.1212615 -0.0976969 0.3307052 5.30288e-4 -0.09936821 0.3681995 0.1244658 -0.109578 0.3403141 0.2173367 -0.1255907 0.2545211 0.2542582 -0.1431154 0.1338084 0.2253373 -0.1574566 0.01052117 0.1383234 -0.1647716 -0.08230608 0.01653152 -0.1631002 -0.1198003 -0.1074039 -0.1528904 -0.09191501 -0.2002748 -0.1368778 -0.006121933 -0.1864396 -0.1889805 0.2345783 -0.2118722 -0.201592 0.1261612 -0.1099207 -0.1825478 0.3162092 -0.002818882 -0.1840175 0.3491811 0.1061682 -0.1929959 0.3246592 0.1878374 -0.2070771 0.2492141 0.2203057 -0.2224882 0.1430612 0.194873 -0.2350997 0.03464406 0.1183543 -0.2415323 -0.04698675 0.0112524 -0.2400625 -0.07995867 -0.09773463 -0.2310842 -0.05543673 -0.179404 -0.217003 0.02000838 -0.1408105 -0.2607981 0.2172971 -0.1596873 -0.2701586 0.1368271 -0.08401614 -0.2560235 0.2778858 -0.004522264 -0.2571145 0.3023585 0.07637089 -0.2637784 0.2841576 0.1369881 -0.27423 0.2281603 0.1610869 -0.2856685 0.1493707 0.1422101 -0.295029 0.06890058 0.08541578 -0.2998035 0.008311867 0.005921781 -0.2987126 -0.01616078 -0.07497125 -0.2920486 0.002040088 -0.1355885 -0.2815971 0.05803745 -0.07689177 -0.3118025 0.1881188 -0.08693587 -0.3167832 0.1453016 -0.0466721 -0.309262 0.2203574 -0.004374325 -0.3098425 0.233379 0.03866791 -0.3133883 0.2236946 0.07092165 -0.3189495 0.193899 0.0837444 -0.3250357 0.1519759 0.07370024 -0.3300164 0.1091587 0.04348063 -0.3325568 0.07692015 0.001182854 -0.3319764 0.06389856 -0.04185938 -0.3284305 0.073583 -0.07411319 -0.3228694 0.1033786 -0.002392888 -0.3358418 0.1505628 0.2550842 -0.3966322 0.1114303 0.4528705 -0.5797964 0.1862693 0.315853 -0.5847192 0.2182592 0.4545096 -0.4477748 0.08675074 0.5667917 -0.5554909 0.0200138 0.510263 -0.4443245 0.014265 0.5420997 -0.5482283 -0.1184019 0.4983742 -0.4396651 -0.07635223 0.4266305 -0.5441343 -0.1988475 0.4258075 -0.4365259 -0.1320186 0.2880244 -0.5456069 -0.1741987 0.2922998 -0.4324399 -0.1279157 0.207475 -0.5517834 -0.05889481 0.2074199 -0.42634 -0.07548797 0.232167 -0.559046 0.079521 0.24374 -0.3617986 0.01908242 0.3683509 -0.4349619 -0.1288519 0.1997083 -0.3670368 -0.0337494 0.3566213 -0.4059635 -0.009508728 -0.1638135 0.06798422 0.2025225 -0.1584975 0.08274912 0.1857066 -0.1355504 0.07414829 0.1660367 -0.1364697 0.05697858 0.1813138 -0.1651748 0.07847726 0.1641149 -0.1467527 0.07235169 0.1460288 -0.177168 0.05944073 0.1593392 -0.1588743 0.05338531 0.1412979 -0.1824839 0.04467588 0.1761551 -0.1597936 0.03621566 0.1565751 -0.1758067 0.04894769 0.1977468 -0.1485913 0.0380122 0.176583 -0.2021965 0.0594533 0.1938906 -0.1990948 0.06585514 0.2157636 -0.1937113 0.07233011 0.1768252 -0.1821244 0.09160876 0.1816329 -0.1790227 0.09801065 0.2035059 -0.1875079 0.08513379 0.2205713 -0.2278748 0.05336475 0.2049505 -0.2279798 0.0615133 0.2264593 -0.2186748 0.06585204 0.1879664 -0.2095801 0.08648812 0.1924909 -0.2096851 0.09463679 0.2139996 -0.2188851 0.08214938 0.2309837 -0.2592193 0.05522447 0.2094747 -0.2618374 0.06469523 0.230271 -0.2468008 0.06601881 0.1934029 -0.2370006 0.0862838 0.1981274 -0.2396187 0.0957545 0.2189237 -0.2520372 0.08496022 0.2349955 -0.2831308 0.07492661 0.2155407 -0.288042 0.08583617 0.2351849 -0.26776 0.08386814 0.2009523 -0.2573005 0.1037195 0.206008 -0.2622117 0.1146291 0.2256522 -0.2775825 0.1056874 0.2402406 -0.3076725 0.09531998 0.2156891 -0.3142118 0.1067308 0.2319449 -0.2916927 0.1020049 0.2039768 -0.2822522 0.1201004 0.2085202 -0.2887915 0.1315112 0.2247761 -0.3047712 0.1248264 0.2364885 -0.334849 0.1105525 0.211104 -0.3425981 0.1229694 0.2260369 -0.3172165 0.1158632 0.2011988 -0.3073332 0.1335906 0.2062265 -0.3150823 0.1460074 0.2211595 -0.3327148 0.1406968 0.2310647 -0.3537919 0.1328144 0.2060553 -0.3615475 0.1448399 0.2182776 -0.3365256 0.1360734 0.1993172 -0.3270149 0.1513578 0.2048016 -0.3347704 0.1633834 0.217024 -0.3520367 0.1601243 0.223762 -0.3716604 0.1530528 0.1979295 -0.3793405 0.1648699 0.2069401 -0.3556332 0.1549754 0.1935416 -0.3472862 0.168715 0.1981643 -0.3549664 0.180532 0.207175 -0.3709936 0.1786096 0.2115628 -0.3886272 0.1674114 0.193602 -0.363236 0.1787723 0.1891813 -0.377667 0.1778786 0.1914581 -0.3558856 0.1907039 0.1934057 -0.3629662 0.2017418 0.1999068 -0.3773974 0.2008482 0.2021837 -0.3847477 0.1889166 0.1979592 -0.379478 0.2027813 0.1854166 -0.3846526 0.2110516 0.1891758 -0.3690516 0.203029 0.1846857 -0.3637999 0.2115468 0.1877139 -0.3689746 0.2198172 0.1914731 -0.3794009 0.2195694 0.1922039 -0.3769475 0.2219558 0.180711 -0.3821387 0.2305003 0.1837685 -0.3664972 0.2218097 0.1809875 -0.3612384 0.2302083 0.1843218 -0.3664296 0.2387526 0.1873793 -0.3768798 0.2388986 0.1871026 -0.3935446 0.1875654 0.1883333 -0.3996091 0.1912665 0.1989748 -0.3973866 0.1781663 0.2029523 0.189311 0.1217568 0.08789527 0.1490795 0.08589148 -0.01783633 0.1913906 0.09139084 0.06118178 0.1601819 0.1235718 0.002968609 0.07284796 0.08385646 -0.06525939 0.0929358 0.1313782 -0.05603456 -0.01687771 0.08583116 -0.06838053 0.005591392 0.1430848 -0.07330417 -0.09605556 0.09128642 -0.02636343 -0.07224357 0.1636326 -0.04352259 -0.1434699 0.09876048 0.04953342 -0.1231469 0.1696765 0.03091311 -0.1464164 0.1062506 0.1389737 -0.1339418 0.1554681 0.1480656 -0.1041052 0.11175 0.2179918 -0.09495621 0.1722559 0.1915127 -0.02787369 0.1137849 0.2654148 -0.02682077 0.1625688 0.2473801 0.06185185 0.1118103 0.268536 0.04760438 0.1644973 0.2489061 0.1410298 0.1063551 0.226519 0.1288339 0.1602615 0.2191002 0.1884443 0.098881 0.150622 0.160127 0.1452258 0.1553401 -0.04993456 0.06510388 -0.07526808 -0.04439085 0.05787098 -0.05867385 -0.07714766 0.06253159 -0.0436359 -0.04024595 0.05743992 -0.08547067 -0.03304392 0.05101042 -0.06916284 -0.04578691 0.04032421 -0.09141933 -0.0385071 0.03381121 -0.07494002 -0.05773186 0.0300818 -0.07195883 -0.0643264 0.03639286 -0.08889532 -0.09265887 0.03941762 -0.07376295 -0.08645814 0.03251034 -0.05673235 -0.1035353 0.04487407 -0.06310492 -0.0976383 0.03730636 -0.04602926 -0.09980469 0.06174927 -0.05533689 -0.09397071 0.05427396 -0.0384342 -0.08243799 0.07003033 -0.06039786 0.1688221 -0.4295856 -0.04437619 0.2996648 -0.5602164 -0.005672216 0.1466172 -0.5570439 0.02142333 0.2385821 -0.4588137 -0.01172566 0.3889316 -0.5545301 -0.1328213 0.3221147 -0.431825 -0.08804148 0.3621263 -0.5433161 -0.2855416 0.3178931 -0.4225718 -0.2373582 0.2349513 -0.5331434 -0.3743717 0.2379974 -0.4154699 -0.2988164 0.08190375 -0.5299709 -0.3472761 0.1378406 -0.4125025 -0.2857508 -0.05662083 -0.5217861 -0.2212688 0.04521781 -0.4255359 -0.212685 0.0194422 -0.5468712 -0.06740677 0.08892631 -0.4224838 -0.1058344 0.1288742 -0.4260347 -0.0751053 0.2080528 -0.3828532 -0.1674665 -0.06726455 -0.0161665 -0.1101447 -0.06073594 -0.01946115 -0.0926823 -0.09389728 -0.01745605 -0.07794547 -0.05643224 -0.02386718 -0.1190925 -0.04839164 -0.02617049 -0.1020867 -0.05916696 -0.04240715 -0.1218905 -0.05103731 -0.04474967 -0.1047032 -0.06944686 -0.05087018 -0.1007009 -0.07686543 -0.0486958 -0.118319 -0.1054001 -0.04757249 -0.1033064 -0.09827655 -0.050372 -0.08548462 -0.1170588 -0.04212558 -0.0935049 -0.1101311 -0.04560703 -0.07551866 -0.1160833 -0.02378809 -0.08883351 -0.1092315 -0.02721965 -0.0710321 -0.1002167 -0.01389241 -0.09562444 0.04110574 0.2285656 -0.08258664 0.03971791 0.2327888 -0.07173824 0.01835078 0.2258201 -0.07054865 0.05083048 0.2266016 -0.08270454 0.05012297 0.2317066 -0.07216089 0.05423444 0.2162191 -0.07842648 0.05352413 0.2213725 -0.06776487 0.04446053 0.2131637 -0.06679409 0.04569029 0.2080758 -0.07749694 0.02672058 0.2022763 -0.07511514 0.02541404 0.2070091 -0.06415331 0.01680082 0.2030631 -0.07396507 0.01549077 0.2074381 -0.06272864 0.01199567 0.2131553 -0.07753533 0.01069372 0.2174904 -0.06641983 0.01985162 0.2217503 -0.08155894 -0.2469049 -0.4511986 0.3964788 -0.1139893 -0.5814359 0.4289423 -0.2665569 -0.580814 0.4587836 -0.1469696 -0.452636 0.3815867 -0.02706098 -0.5709316 0.3004864 -0.05805462 -0.4709595 0.2967346 -0.05669355 -0.5554543 0.1486638 -0.1013686 -0.4367168 0.201228 -0.1855285 -0.5440704 0.06240981 -0.1824152 -0.4286852 0.1414132 -0.3380961 -0.5434484 0.09225118 -0.2823504 -0.4272478 0.1563051 -0.4250244 -0.5539528 0.2207071 -0.3426335 -0.4332463 0.2371807 -0.3953918 -0.5694301 0.3725297 -0.3279515 -0.4431671 0.336664 -0.2135442 -0.3968669 0.2692393 -0.09402757 -0.4416771 0.2509695 0.04791784 0.4281443 0.04764515 0.01720923 0.4296135 0.09393298 -0.001625061 0.4284333 0.07280761 0.04396468 0.4278668 0.1030711 0.07147204 0.4236611 0.09777337 0.09236079 0.4181234 0.07945936 0.1010338 0.4127375 0.05303627 0.09516704 0.4089466 0.0255841 0.07633268 0.4077663 0.004458725 0.04957717 0.4095131 -0.004679322 0.02206987 0.4137187 6.18339e-4 0.001181066 0.4192563 0.0189324 -0.007491827 0.4246424 0.04535543 -0.01208913 0.4119966 0.1377392 -0.04748612 0.4097785 0.09803646 0.03819453 0.4087138 0.1549132 0.08989155 0.4008098 0.1449568 0.1291496 0.3904023 0.1105376 0.1454493 0.3802801 0.06087839 0.1344236 0.3731554 0.00928533 0.09902656 0.3709372 -0.03041738 0.04874277 0.37422 -0.04759132 -0.002954125 0.3821241 -0.0376349 -0.042212 0.3925315 -0.003215849 -0.05851197 0.4026538 0.0464434 -0.03644353 0.3774184 0.1737801 -0.08413386 0.3744299 0.1202888 0.03130358 0.3729955 0.1969187 0.1009547 0.3623464 0.1835043 0.1538469 0.3483244 0.1371316 0.1758075 0.3346869 0.07022595 0.1609526 0.3250878 7.14719e-4 0.1132623 0.3220993 -0.05277663 0.04551512 0.3265221 -0.07591509 -0.02413588 0.3371713 -0.06250083 -0.07702809 0.3511932 -0.01612806 -0.09898889 0.3648309 0.05077761 -0.05291634 0.3300495 0.1977087 -0.1071479 0.3266512 0.1368806 0.02412277 0.3250201 0.2240208 0.1033271 0.3129103 0.2087666 0.1634738 0.2969651 0.1560335 0.1884467 0.2814571 0.07995128 0.1715542 0.2705414 9.05991e-4 0.1173227 0.267143 -0.05992203 0.0402835 0.2721725 -0.08623421 -0.03892076 0.2842822 -0.07098007 -0.09906744 0.3002274 -0.01824688 -0.1240404 0.3157356 0.0578354 -0.0595209 0.2756035 0.2066388 -0.1137524 0.2722051 0.1458107 0.01751822 0.2705741 0.2329509 0.09672254 0.2584643 0.2176968 0.1568693 0.2425191 0.1649636 0.1818421 0.227011 0.08888137 0.1649497 0.2160953 0.009836077 0.1107182 0.2126969 -0.05099201 0.03367894 0.2177265 -0.07730412 -0.04552525 0.2298362 -0.06204998 -0.105672 0.2457814 -0.009316861 -0.1306449 0.2612895 0.06676548 -0.05546045 0.2206472 0.1994933 -0.1031508 0.2176588 0.1460019 0.01228666 0.2162244 0.2226318 0.08193778 0.2055752 0.2092175 0.1348299 0.1915534 0.1628448 0.1567907 0.1779157 0.09593915 0.1419357 0.1683166 0.02642792 0.09424525 0.1653281 -0.02706336 0.02649813 0.169751 -0.05020189 -0.0431528 0.1804001 -0.03678756 -0.09604501 0.1944221 0.009585082 -0.1180058 0.2080597 0.07649081 -0.04122471 0.1718093 0.177134 -0.07662183 0.1695912 0.1374314 0.009058952 0.1685265 0.1943081 0.06075584 0.1606225 0.1843517 0.1000139 0.150215 0.1499326 0.1163138 0.1400927 0.1002734 0.105288 0.1329681 0.04868018 0.06989091 0.1307499 0.008977472 0.01960706 0.1340327 -0.008196532 -0.03208971 0.1419368 0.001759946 -0.07134771 0.1523442 0.036179 -0.08764761 0.1624664 0.08583825 -0.01853084 0.1349802 0.1422579 -0.03736519 0.1337999 0.1211326 0.008224546 0.1332334 0.151396 0.03573185 0.1290278 0.1460983 0.05662053 0.1234901 0.1277843 0.06529361 0.1181042 0.1013612 0.0594269 0.1143132 0.0739091 0.04059249 0.113133 0.05278366 0.01383703 0.1148797 0.04364562 -0.01367014 0.1190854 0.04894334 -0.03455895 0.1246231 0.06725734 -0.04323196 0.1300089 0.0936805 0.00988394 0.1146021 0.09907156 -0.05486977 -0.2044079 -0.0988574 -0.0481739 -0.2070078 -0.08134108 -0.08092457 -0.2026021 -0.06621319 -0.04457515 -0.2131088 -0.1075186 -0.03633183 -0.2148174 -0.09053969 -0.04821652 -0.2316279 -0.109197 -0.03988265 -0.2333697 -0.09203606 -0.05847722 -0.2383757 -0.08739137 -0.06611669 -0.2368597 -0.104984 -0.09428203 -0.2335364 -0.08960431 -0.08696234 -0.2356502 -0.0717675 -0.1054903 -0.2269955 -0.07994747 -0.09839463 -0.2297708 -0.06190395 -0.1035802 -0.2084885 -0.07635915 -0.09656143 -0.2112209 -0.05850178 -0.08740311 -0.1997561 -0.08396446 -0.01154935 0.2157471 -0.07310122 -0.009267807 0.2189857 -0.06206703 -0.03098726 0.2183567 -0.05620145 -0.003137469 0.2110994 -0.07556718 -1.97589e-5 0.2150153 -0.06495225 -0.002232134 0.1997761 -0.07262659 9.22516e-4 0.2037261 -0.06189441 -0.009790301 0.1984093 -0.05916613 -0.01245111 0.1943771 -0.07005703 -0.03133636 0.1940432 -0.06354606 -0.0288003 0.1977313 -0.05240005 -0.04007011 0.1975142 -0.06007939 -0.03758829 0.2008328 -0.0486803 -0.04221636 0.2088864 -0.06201684 -0.03976452 0.2121781 -0.05073869 -0.0331512 0.2152492 -0.06741321 -0.09223145 0.2457029 -0.02867382 -0.08400672 0.2477376 -0.02057075 -0.09793448 0.2600799 -0.007912874 -0.089329 0.2369196 -0.03226143 -0.08033335 0.2389997 -0.02501696 -0.09290659 0.2273481 -0.02649325 -0.0838142 0.2294422 -0.01916676 -0.09321898 0.2314346 -0.01154726 -0.1020535 0.2289793 -0.0191549 -0.1134292 0.2399749 -0.006954312 -0.1047433 0.2422372 0.001027107 -0.1167041 0.2480469 -0.002008557 -0.1081273 0.2500552 0.006329298 -0.1135822 0.2584352 -0.006483078 -0.1050952 0.2604311 0.001764833 -0.1060862 0.2580732 -0.01625347 0.2176685 0.03538024 0.03650939 0.2292464 0.02360594 0.0342341 0.2052907 0.01017642 0.04748553 0.1931222 0.02119195 0.05039161 0.2296942 0.01155656 0.02272444 0.2071828 -1.70469e-5 0.03443276 0.2186745 0.008305668 0.01064729 0.1973738 -0.001712501 0.02106243 0.2044854 0.01630103 0.007097125 0.1832499 0.00636667 0.01744252 0.1978117 0.02952218 0.0147472 0.1754469 0.01813668 0.02629894 0.2036788 0.03801316 0.02783679 0.1798404 0.02473461 0.04096263 0.2205123 0.03524756 0.002841651 0.2276492 0.0454061 0.01396507 0.2267338 0.02143245 -0.004107952 0.2416286 0.01436388 -0.001650631 0.2539806 0.01936447 0.008363366 0.2544886 0.03266865 0.01839315 0.24277 0.04425829 0.02088618 0.2408122 0.04869323 -0.003732264 0.2486148 0.06013834 0.005540788 0.2472199 0.03523796 -0.01119947 0.2630127 0.02990472 -0.0112378 0.2762984 0.03670924 -0.003818452 0.2770725 0.05052793 0.005471706 0.2647522 0.06095474 0.009636938 0.2619216 0.06663048 -0.01216626 0.2683119 0.07683014 -0.007001936 0.2668706 0.0556603 -0.0173332 0.279432 0.05218017 -0.0186122 0.2901469 0.05881083 -0.01503992 0.2909468 0.07055926 -0.00930643 0.2812293 0.07857847 -0.005729198 0.2834285 0.07540178 -0.02623832 0.289723 0.08634102 -0.02273875 0.2883782 0.06442558 -0.03139185 0.3008449 0.06167769 -0.0343188 0.3114409 0.06922745 -0.03281486 0.3121873 0.08138966 -0.02801275 0.3025219 0.08900594 -0.02352839 0.2986815 0.08102738 -0.04047387 0.3047843 0.09234976 -0.03800469 0.3036795 0.06995463 -0.04536759 0.3160148 0.06746935 -0.04900079 0.3263986 0.07544314 -0.04863762 0.3270117 0.08787143 -0.04455161 0.3201424 0.09406876 -0.01932168 0.3173925 0.09539568 -0.03981947 0.3089721 0.09767901 -0.05041038 0.3148673 0.1092567 -0.04875534 0.314034 0.08652758 -0.05505359 0.3262414 0.08419978 -0.0591886 0.3364017 0.09244835 -0.05970162 0.3368641 0.1050621 -0.05620628 0.3272804 0.1125425 -0.05133479 0.3208115 0.1146811 -0.05999231 0.3259012 0.1254276 -0.05938327 0.3255858 0.1044017 -0.06363981 0.3366292 0.10233 -0.06757909 0.3456256 0.1100261 -0.06884384 0.3458007 0.1216946 -0.06648159 0.3370225 0.1285489 -0.06227117 0.3339913 0.1268445 -0.07421559 0.338135 0.1366968 -0.07498437 0.3386345 0.1174499 -0.07645475 0.3485684 0.1155877 -0.08001577 0.3563123 0.1226598 -0.08221715 0.3560351 0.133341 -0.0814011 0.3479454 0.1395879 -0.07818222 0.3477975 0.1177703 -0.09109872 0.3500004 0.1232585 -0.09178346 0.3503476 0.1125556 -0.09241932 0.3557305 0.1115409 -0.09475088 0.3598928 0.1154906 -0.09633767 0.3597001 0.1214302 -0.09598481 0.3552976 0.1248873 -0.09395802 0.3567968 0.1184844 -0.1105245 0.3595509 0.113313 -0.1115799 0.3648804 0.1123854 -0.114065 0.3687724 0.1164001 -0.1161087 0.3682959 0.1223339 -0.116172 0.3638098 0.1257185 -0.1142071 0.3586923 0.1240053 -0.1116937 0.3184831 0.1027013 -0.02300149 0.3264826 0.1083597 -0.03019535 0.331738 0.1017298 -0.02758806</float_array>
          <technique_common>
            <accessor source="#group956064899_001-mesh-positions-array" count="881" stride="3">
              <param name="X" type="float"/>
              <param name="Y" type="float"/>
              <param name="Z" type="float"/>
            </accessor>
          </technique_common>
        </source>
        <source id="group956064899_001-mesh-normals">
          <float_array id="group956064899_001-mesh-normals-array" count="5310">0.06453251 0.987722 0.1422705 0.3629491 0.9269125 -0.09540033 0.8754439 -0.004931271 -0.4832946 0.3029196 -0.9136285 -0.271151 -0.04091149 -0.9920429 -0.1190682 -0.3320046 -0.9431748 -0.01393902 -0.9093419 -0.1036432 0.4029335 -0.4405841 0.8279273 0.3470188 -0.5031552 0.1727356 -0.8467569 0.4967073 -0.1620184 0.8526617 -0.4526805 -0.004556059 -0.8916612 0.4921372 0.8675757 -0.07150876 -0.488361 0.3482734 -0.8001308 0.3972429 -0.5025494 0.7678818 0.50732 -0.06027817 0.859647 0.3301351 -0.9079791 -0.2580401 -0.4340989 0.5725312 -0.6955331 -0.346756 -0.9373332 0.03415775 -0.4384468 0.5423409 -0.7166804 0.4473175 -0.5646289 0.6936147 0.4350208 -0.5920983 0.6783632 -0.4887669 0.2209643 -0.8439679 -0.4364005 0.8293342 0.3489405 0.5069653 -0.2078597 0.8365289 0.07721251 0.9854581 0.1513624 -0.006884574 -0.9949735 -0.09990179 0.174326 0.8821029 -0.4376128 0.4253031 0.6553336 -0.6242236 0.7852399 -0.406377 -0.467179 0.1736494 -0.9497931 0.2602674 -0.147853 -0.8769296 0.4573117 -0.4133883 -0.7328526 0.5404048 -0.8408781 0.2787403 0.4639266 -0.3049139 0.9422177 -0.1387566 -0.6116197 -0.2340261 -0.7557469 0.6071609 0.2471126 0.7551763 -0.5848864 -0.4128295 -0.6981975 0.5507861 0.5984365 -0.5818149 -0.5740392 -0.06626617 -0.816142 0.4655328 -0.06388306 0.8827221 0.6278203 0.3331717 0.7034475 0.2029922 -0.9424214 0.2657744 -0.4842144 0.166699 -0.8589226 -0.4198656 -0.6996486 0.5781046 -0.4944908 0.1310626 -0.8592447 0.4976144 -0.1633595 0.8518765 0.4806805 -0.1923075 0.8555491 -0.5927047 -0.1950156 -0.7814539 -0.300382 0.9437415 -0.1382851 0.6106206 0.1988761 0.7665448 0.1880099 0.8831046 -0.4298588 -0.1116486 -0.8744719 0.4720523 0.9909542 -0.1254881 -0.04756647 0.8242167 -0.1904383 -0.5332918 0.4366306 -0.2043611 -0.8761223 -0.06794905 -0.163525 -0.9841964 -0.5543243 -0.07887238 -0.8285553 -0.8921665 0.0269137 -0.4509041 -0.9909541 0.1254886 0.047567 -0.8242169 0.1904386 0.5332916 -0.4366311 0.2043609 0.8761221 0.06795006 0.1635249 0.9841963 0.554323 0.07887285 0.828556 0.8921664 -0.02691358 0.4509046 0.1157272 0.9785256 -0.1705727 -0.1157257 -0.9785258 0.1705724 0.006249725 0.9999682 -0.004961788 0.3169369 0.922335 -0.2210182 0.893517 -0.02494293 -0.4483361 0.3617278 -0.9243316 -0.1215077 0.01660454 -0.9994323 0.02931857 -0.2807226 -0.9527042 0.1164025 -0.918299 -0.09608584 0.38405 -0.4976438 0.842857 0.2047994 -0.4765346 0.0162788 -0.879005 0.4692885 -0.005212008 0.8830295 -0.4149433 -0.1624246 -0.895232 0.4480037 0.8748236 -0.1843271 -0.4729794 0.1973396 -0.8586894 0.3915496 -0.3597642 0.8469112 0.4742048 0.09688121 0.8750679 0.3880534 -0.9152277 -0.1085026 -0.4349942 0.4373605 -0.7870806 -0.2977251 -0.9407032 0.1625958 -0.4368677 0.4041659 -0.8036148 0.4478287 -0.4290899 0.7844306 0.4376582 -0.4591516 0.7730688 -0.4648434 0.06516498 -0.8829917 -0.4936378 0.8447663 0.2066195 0.4826138 -0.05225157 0.8742733 0.01864713 0.9998148 0.004769623 0.04991734 -0.9975112 0.04979747 0.4665148 0.8001325 -0.3770303 0.6456069 -0.09626001 -0.7575789 0.2764562 -0.8328914 -0.4794414 -0.2997669 -0.9399735 0.1630635 -0.646391 -0.3427641 0.6816828 -0.5107651 0.515407 0.6880949 0.1265928 0.9910656 0.041992 -0.393184 0.7296285 -0.5595076 0.6892137 -0.177019 0.7026015 -0.3384457 0.6957333 -0.6335691 -0.878776 0.4006457 -0.259299 -0.9668803 -0.009157657 -0.2550662 -0.7993834 -0.3125465 -0.5131286 -0.5094408 -0.2475764 -0.8241213 -0.3364722 0.1127249 -0.9349223 0.04473578 0.9983429 0.03619611 0.4127789 0.7175676 -0.5609905 0.7421241 -0.003373861 0.670254 0.4050339 -0.4849547 0.7750914 -0.05019569 -0.3344861 0.9410629 -0.4888387 -0.2325266 0.8408139 -0.7107564 -0.4808344 0.513443 -0.8231685 -0.5186256 -0.2311305 -0.6647976 -0.3769326 -0.6449543 -0.1485435 -0.70348 -0.6950185 0.2828165 -0.8342568 -0.4733186 0.591513 -0.7846106 -0.1857378 0.794065 -0.4991254 0.3468931 -0.1615427 -0.9787263 0.1264865 0.1491896 0.9605154 -0.2348461 0.6321144 -0.7323569 -0.2531501 0.7234745 -0.6276559 0.2874593 0.2774662 -0.8519845 -0.4439989 -0.09822654 -0.8169156 -0.5683315 -0.6271222 -0.4643002 -0.6254143 -0.9305919 -0.2992501 -0.2108275 -0.68071 -0.645838 0.345727 -0.543933 -0.4493209 0.7086944 0.004878759 -0.2455251 0.9693781 0.4447651 -0.4446702 0.7774655 0.1300031 0.983451 -0.1261876 0.07684093 0.9890514 -0.1259874 0.263306 -0.9500819 -0.1673752 -0.2124003 -0.9756063 0.05548501 0.1675058 0.9834297 -0.06933814 0.1363241 0.9801381 -0.1440317 0.1850342 0.9743596 -0.1280069 0.05295729 0.9904674 -0.1271606 0.1868113 0.9741876 -0.1267287 -0.7877673 -0.5316705 0.3110455 -0.8573684 -0.2548639 0.4471732 -0.1093349 -0.9869955 0.1178383 -0.126379 -0.9848867 0.1184341 -0.1622284 -0.9809894 0.1064983 -0.1977564 -0.9769878 0.07992082 -0.120352 -0.96535 0.231549 0.2077029 0.9538701 -0.2167751 0.9214685 0.2704325 -0.2788589 0.8115967 -0.5746226 -0.1054506 0.0885691 -0.9846658 0.1502958 -0.6962668 -0.6545395 0.2946026 -0.9618675 0.1688916 0.215143 -0.3473627 0.9344365 -0.07853585 -0.2877759 0.5209197 -0.8036341 0.1927174 0.09095209 0.9770301 -0.1934922 0.5218238 -0.8308193 -0.6655259 -0.01588952 -0.7462056 -0.5596104 -0.4202296 -0.7143132 -0.1700853 -0.5922656 -0.7875865 0.1823763 -0.3771516 -0.9080174 0.2168733 0.03057438 -0.975721 -0.4067198 0.9046429 -0.127281 0.3034495 0.8723466 -0.3833141 0.1757732 0.2719408 0.9461247 0.2708193 0.9123058 0.3071726 0.5653176 0.8215268 0.07422739 0.8863366 -0.1325068 -0.443677 0.1125302 -0.9061003 -0.4078226 -0.250553 -0.9254704 -0.2841263 -0.5306345 -0.8275029 -0.1834837 -0.9373117 0.04834407 0.3451227 -0.2710368 0.8438679 0.4630616 -0.3874365 0.4120511 -0.8246861 0.3830954 -0.4011683 0.8320468 -0.374253 0.2369468 -0.8965439 0.6759973 0.7310372 0.09280312 -0.3376751 0.5701416 -0.748942 0.2173288 -0.6924097 0.687995 0.4154235 -0.3069466 0.8562752 0.1392521 -0.9089646 -0.392928 -0.2430956 0.7570339 -0.6064686 -0.5472873 -0.825872 -0.1356921 -0.2524191 0.7322845 -0.6324903 0.2578211 -0.7522184 0.6063793 0.2409523 -0.7734119 0.5863243 -0.3629733 0.4546467 -0.8133553 -0.2668178 0.8439577 0.4653425 0.3841289 -0.445113 0.8089002 0.2819679 0.9058088 0.316235 -0.2195578 -0.9390769 -0.264441 0.121603 0.9826654 0.1399338 0.42799 0.9001967 -0.08043992 0.8984899 -0.06684166 -0.4338757 0.2564764 -0.9340278 -0.2486204 -0.09963226 -0.9883071 -0.1154229 -0.3922097 -0.9194821 -0.02691286 -0.9349997 -0.04002952 0.3523824 -0.4034509 0.8582541 0.3172179 -0.4432855 0.1973468 -0.8743867 0.4372383 -0.1861732 0.8798649 -0.4022122 0.01671135 -0.915394 0.551473 0.8327487 -0.04906505 -0.4195354 0.3719763 -0.8280241 0.3203536 -0.5202459 0.7916552 0.4541407 -0.08530265 0.8868369 0.2832379 -0.9300522 -0.2340498 -0.3564392 0.5931698 -0.7218731 -0.4091677 -0.9122346 0.02025121 -0.361598 0.5631285 -0.7430567 0.3702284 -0.5861713 0.7206484 0.3570168 -0.6129151 0.704893 -0.4259205 0.2445612 -0.8710808 -0.3993044 0.8593987 0.3193587 0.4453271 -0.2327482 0.8645879 0.1335858 0.9796619 0.1497246 -0.06697994 -0.9932801 -0.09438431 -0.3059303 0.8733137 -0.3791174 0.07606512 0.8994358 -0.4303832 0.9561564 0.2835749 -0.07314491 0.6457948 -0.6696781 0.3667157 0.3133952 -0.8576744 0.4076496 0.01199978 -0.9313161 0.3640144 -0.9089257 -0.4133204 0.05495828 -0.7715152 0.5553318 -0.3104367 0.007945954 -0.378732 -0.9254723 -0.01928848 0.3859891 0.9223018 0.1225181 -0.5104364 -0.8511429 0.1825127 0.9238944 -0.3363159 -0.05527734 -0.2151767 -0.9750095 0.04418838 0.03494352 0.998412 -0.04351443 0.4755128 0.878632 0.6587104 -0.6473626 0.3834353 -0.1322565 0.02565985 -0.9908834 -0.02726477 -0.9189211 0.3934979 -0.1157482 -0.007482409 -0.9932505 0.1415351 -0.0132873 0.9898442 0.1478029 -0.04636222 0.9879296 0.004160463 -0.3317458 -0.9433597 -0.7696321 0.5591662 -0.3082205 0.01056176 0.3491138 0.9370209 -0.3001227 0.8807044 -0.3664507 0.3308899 -0.8369624 0.4358966 0.1695312 0.9821922 0.0809794 0.4675771 0.8729286 -0.1391671 0.8861342 -0.1338181 -0.4436877 0.2082933 -0.95774 -0.1983633 -0.147386 -0.9874616 -0.05654066 -0.4347538 -0.8999613 0.03254258 -0.9290706 0.02432352 0.3691018 -0.3573043 0.8930222 0.2735784 -0.4500163 0.1679761 -0.87708 0.4445976 -0.1562345 0.882 -0.4181218 -0.01643204 -0.9082424 0.5883846 0.8016114 -0.1059371 -0.4173507 0.3436338 -0.8412696 0.3107454 -0.4888983 0.8151171 0.4662743 -0.05603557 0.8828638 0.2354751 -0.9542112 -0.1844789 -0.3421116 0.5672795 -0.7491019 -0.4504699 -0.8892471 0.07947719 -0.3490515 0.5363666 -0.7684231 0.3561751 -0.5610387 0.7472449 0.3414566 -0.5879652 0.7332832 -0.4304279 0.2144243 -0.8767862 -0.3530723 0.8940894 0.2755798 0.450235 -0.2039318 0.8693102 0.181545 0.979188 0.09073251 -0.114614 -0.9927656 -0.0357787 -0.09841924 0.9601811 -0.2614691 0.2535915 0.8809706 -0.3994774 0.9591236 0.003410816 -0.2829672 0.4734976 -0.862563 0.1782834 0.1161317 -0.9505339 0.2880949 -0.1954632 -0.9293791 0.3131275 -0.9585499 -0.1384786 0.2490096 -0.6132091 0.7837102 -0.09885919 -0.3028635 -0.2621631 -0.9162665 0.2938652 0.2726699 0.9161302 -0.2208253 -0.4284687 -0.8761569 0.3797698 0.8634689 -0.3319585 -0.3222807 -0.08296054 -0.943002 0.2620809 -0.08791399 0.9610332 0.2893901 0.3695864 0.8829832 0.4958016 -0.8468542 0.1924027 -0.3238781 0.170067 -0.9306881 -0.2219635 -0.9095137 0.3514499 -0.3191174 0.1340374 -0.9381888 0.3360384 -0.1608553 0.9280107 0.3313956 -0.1939079 0.9233509 -0.2958568 -0.2144181 -0.9308565 -0.6098346 0.7865707 -0.09699654 0.31348 0.227402 0.9219645 -0.08811122 0.9641695 -0.2502277 0.1446347 -0.9389135 0.3122857 0.2817723 0.8232982 -0.4927316 0.4443653 0.547581 -0.7090097 0.5923752 -0.5664321 -0.5729278 0.009485065 -0.9645003 0.263912 -0.2519009 -0.823906 0.5076661 -0.4632708 -0.6259811 0.6273181 -0.6735105 0.4537457 0.5835225 -0.117245 0.9855164 -0.1225199 -0.7644251 -0.09826737 -0.6371796 0.762803 0.1120052 0.6368569 -0.7669509 -0.2785456 -0.5780992 0.5602389 0.4650984 -0.6854312 -0.7027644 0.0574029 -0.7091031 0.581793 -0.1610803 0.7972266 0.7923055 0.1915184 0.5792864 0.0402047 -0.9636004 0.2643064 -0.5740583 0.2655379 -0.7745623 -0.4562025 -0.5921072 0.6642954 -0.5915607 0.232937 -0.7718784 0.5864779 -0.2651914 0.7653217 0.564682 -0.2897833 0.7727613 -0.7422259 -0.06427156 -0.6670607 -0.1125022 0.9860289 -0.1228429 0.7578172 0.06417918 0.649303 0.2964513 0.8213469 -0.4873457 -0.2140654 -0.8292667 0.5162294 0.8753361 -0.005101144 -0.4834883 -0.9094185 -0.1037957 0.4027215 0.7850928 -0.4065974 -0.4672344 -0.8409986 0.278513 0.4638448 0.9909543 -0.1254881 -0.04756617 0.8242155 -0.1904388 -0.5332934 0.4366304 -0.204361 -0.8761224 -0.06794905 -0.1635251 -0.9841964 -0.5543243 -0.07887238 -0.8285552 -0.8921664 0.02691382 -0.4509043 -0.9909542 0.1254886 0.04756724 -0.8242163 0.1904385 0.5332924 -0.4366304 0.2043611 0.8761225 0.06795096 0.1635251 0.9841963 0.5543237 0.07887256 0.8285556 0.8921665 -0.0269134 0.4509042 0.1157261 0.9785254 -0.1705741 0.1157268 0.978526 -0.1705701 0.1157252 0.9785259 -0.1705716 0.115724 0.9785248 -0.1705796 0.1157323 0.9785256 -0.1705686 0.1157271 0.9785262 -0.1705692 0.1157278 0.9785254 -0.1705738 0.1157269 0.9785258 -0.170572 0.115727 0.9785256 -0.1705721 -0.1157268 -0.9785261 0.1705699 -0.1157263 -0.9785244 0.1705797 -0.1157246 -0.978527 0.1705666 -0.115729 -0.9785258 0.1705701 -0.1157304 -0.9785252 0.1705726 -0.1157281 -0.9785256 0.1705719 -0.1157262 -0.9785254 0.1705749 -0.1157286 -0.978525 0.1705753 -0.1157263 -0.9785258 0.1705723 0.8934239 -0.02515095 -0.4485101 -0.9183586 -0.09627658 0.3838599 0.6454998 -0.09636962 -0.7576563 0.2773728 -0.8326017 -0.4794149 -0.2952442 -0.9414701 0.1626806 -0.6455336 -0.3416414 0.6830576 -0.5112451 0.5151211 0.6879526 0.6892138 -0.177019 0.7026014 0.6892105 -0.1770192 0.7026045 0.6892146 -0.1770181 0.7026008 0.921479 0.2702913 -0.2789608 0.8121259 -0.5739563 -0.1050043 0.09269028 -0.9839313 0.1526033 -0.6968659 -0.6532706 0.2959992 -0.9620183 0.1684338 0.2148279 0.1927173 0.09095203 0.9770302 0.1927164 0.09095233 0.9770302 0.1927174 0.09095323 0.97703 0.8862075 -0.1326162 -0.4439024 -0.9374045 0.04824525 0.3448843 0.8983819 -0.06700617 -0.4340739 -0.9350746 -0.04017996 0.3521664 0.9562236 0.2833223 -0.07324594 -0.9088258 -0.4135552 0.05484402 0.8860166 -0.1339869 -0.4438718 -0.9291557 0.02416515 0.3688982 0.9590885 0.003165721 -0.2830891 -0.9585526 -0.1387092 0.248871 0.5921716 -0.5666226 -0.57295 -0.6736989 0.4535422 0.5834632 0.9989919 -0.03136765 0.03211736 0.8788145 -0.09534651 -0.4675406 0.5227537 -0.1252925 -0.8432262 0.02698367 -0.1128032 -0.993251 -0.4748854 -0.06110215 -0.877924 -0.8487843 0.01589596 -0.5285004 -0.9945216 0.09735709 -0.03805917 -0.8722696 0.1611202 0.4617209 -0.5151808 0.1899968 0.8357571 -0.02042698 0.1766672 0.9840587 0.4794152 0.1251796 0.8686145 0.8493784 -0.008304655 0.5277193 0.1039819 0.9900729 -0.09456956 -0.0996592 -0.9910982 0.08827447 0.4127404 0.06948995 0.9081941 0.8140709 0.05266565 0.5783727 -0.09654492 0.1166014 0.9884752 -0.5809486 0.1239221 0.8044515 -0.9097813 0.08933228 0.4053613 -0.9946824 0.02199763 -0.1006147 -0.8143261 -0.06005442 -0.5772925 -0.4180232 -0.1348996 -0.8983645 0.08929246 -0.1824945 -0.9791439 0.5732445 -0.189858 -0.7970851 0.9036015 -0.154826 -0.3994162 0.9904373 -0.08699971 0.107075 0.7590556 0.1851075 0.6241552 0.2783814 0.6816765 -0.6766247 -0.7920602 0.2007341 -0.576495 0.1660814 -0.9410824 0.2945859 -0.3418341 0.9356712 -0.08757179 -0.2055054 -0.8213587 0.5321068 -0.1801325 -0.7522741 0.6337475 -9.70438e-6 0.8320594 0.5546866 9.2499e-6 0.8320461 0.5547065 -6.3777e-6 0.8320581 0.5546886 -0.6197887 0.2722254 -0.7360403 0.1429671 -0.9836546 0.1094731 -0.2122448 -0.818477 0.5338987 -0.6908182 0.1676298 -0.7033282 -0.3475563 -0.6597403 0.6662937 0.899907 0.3099871 0.3067172 0.8353838 0.5439441 0.0791127 -0.4330351 -0.4484997 0.7818751 0.3324993 0.6223672 -0.7085925 0.9137032 0.1226623 0.3874281 -0.3317238 -0.6249292 0.7066985 -0.937916 -0.2976957 -0.1780191 0.437543 0.5537143 -0.7084891 -0.6007364 0.7993934 0.009284555 0.7791984 0.2513123 0.5741882 -0.228929 -0.7045909 0.671672 -0.8102243 -0.02019351 -0.5857721 0.2481642 0.6855478 -0.6844258 -0.3116057 0.7549232 0.5770553 -0.9256199 -0.371518 -0.07212752 0.3310762 0.6171196 -0.7138291 -0.9351734 -0.3032313 -0.1830341 0.3927006 0.4055055 -0.8254404 -0.2189214 -0.7037978 0.675827 0.1496155 0.8399506 -0.5216304 -0.2241685 -0.6911117 0.687105 -0.6075377 -0.7471905 0.2694518 0.2586356 0.7098735 -0.6551238 0.8325104 0.3544311 0.4257994 -0.08965855 0.9736828 0.2095313 0.7067177 -0.01625275 0.707309 0.4874361 -0.2262743 0.8433303 0.7758081 0.4458785 -0.4464461 0.4976873 0.3022455 -0.8129913 0.0380727 0.1748897 -0.9838517 -0.4605157 0.1049284 -0.881428 -0.8322909 0.1471796 -0.5344437 -0.9635624 0.2620409 -0.05368679 -0.8771662 0.1373258 0.4601318 -0.4895049 0.4106618 0.7692477 -0.02497273 0.3471152 0.9374901 0.4484636 0.4160122 0.7910844 0.8309748 0.2559766 0.49392 0.9986621 0.04258936 0.02933079 0.1378656 0.9901064 -0.0261265 -0.02479976 -0.9962729 0.08261585 0.8285593 0.4762957 0.2943335 0.8458936 0.4972025 0.1930126 0.3465796 0.2044025 0.9154793 -0.02812606 0.3423051 0.9391678 -0.5809051 0.2932443 0.7593136 -0.7599976 0.3535718 0.5453355 -0.9651165 0.2553243 -0.0579636 -0.8191363 0.0858342 -0.5671405 -0.3773824 -0.09429126 -0.9212447 0.1721796 -0.1512794 -0.9733801 0.6458445 -0.1268608 -0.7528555 0.9407219 -0.09787207 -0.3247511 -0.4555183 0.8877988 0.06569999 0.178347 0.9828402 -0.0470916 -0.02679336 0.9986405 0.04471325 0.04721915 0.9987967 -0.01325619 0.1524733 0.9760249 -0.1553298 0.1908745 0.9497935 -0.2479096 0.1478476 0.988791 0.02082037 0.2126117 0.9704743 -0.1139128 0.1040022 0.9900717 -0.0945605 0.1039989 0.9900701 -0.09458142 0.1039808 0.9900725 -0.09457516 0.1039818 0.9900729 -0.0945698 0.103981 0.9900729 -0.09457093 0.1039782 0.9900736 -0.09456706 0.1039825 0.990073 -0.09456813 0.103982 0.9900729 -0.09457021 0.1039821 0.9900729 -0.09457015 -0.09966033 -0.9910979 0.0882771 -0.09965842 -0.9910983 0.08827453 -0.09965872 -0.9910983 0.08827477 -0.09965622 -0.9910986 0.08827453 -0.0996617 -0.9910979 0.08827447 -0.0996586 -0.9910982 0.08827483 -0.0996595 -0.9910982 0.08827418 -0.0996595 -0.9910982 0.08827447 -0.09965908 -0.9910982 0.08827471 0.2843905 0.7471559 -0.6007331 -0.3418357 0.9356707 -0.08757168 -0.1800575 -0.7522987 0.6337398 -0.1801202 -0.7522828 0.6337408 0.003830254 -0.7693445 -0.6388228 0.8353663 0.5439627 0.07916986 -0.3599507 -0.5171499 0.7765254 0.137869 0.9901057 -0.02613407 -0.02479982 -0.9962729 0.08261561 -0.02479898 -0.9962728 0.08261734 -0.02479898 -0.9962729 0.08261698 -0.02480143 -0.9962727 0.08261775 -0.0247991 -0.996273 0.08261531 -0.02480041 -0.9962729 0.08261597 -0.0248 -0.9962728 0.08261704 -0.0248 -0.9962728 0.08261668 -0.02479875 -0.996273 0.08261549 0.563838 -0.07635468 0.8223483 0.5638383 -0.07631528 0.8223519 0.5638409 -0.07631236 0.8223502 0.2034395 0.8230825 -0.5302336 -0.6860998 0.1641866 -0.7087382 0.9181634 0.01623958 0.395869 0.1953725 0.8893969 -0.4132831 -0.8620179 -0.2367308 -0.4482004 -0.2033557 -0.8754194 0.4385061 0.5853729 -0.505272 -0.6340654 0.2037019 0.8906852 -0.4064301 -0.06347757 -0.9640889 0.2578822 0.2148167 0.8827757 -0.4178049 -0.3234496 0.7624562 -0.5603935 -0.1662019 -0.8867439 0.4313493 0.8580741 -0.1313129 0.4964532 0.4658569 -0.8321652 -0.3007966 0.8353574 0.5439786 0.07915389 -0.1801313 -0.7522748 0.6337471 0.914861 0.009528815 0.4036567 -0.8688461 -0.3856079 -0.3105047 0.2904117 0.8933088 -0.3430166 -0.1900457 -0.976185 0.1046216 0.1140669 0.9490113 -0.2938818 0.1052996 -0.9932025 -0.04960769 0.7848665 -0.3662472 -0.4998476 0.7416884 0.505887 -0.4404278 -0.2244216 0.9743235 0.01813083 -0.8341161 0.4155815 0.3626877 -0.7317876 -0.5777108 0.3615759 -0.4763721 -0.02663797 -0.8788403 -0.02435827 -0.2682339 0.9630459 -0.8164513 0.4174552 0.3989217 -0.2658273 0.9595581 -0.09265112 0.594943 0.5648372 -0.5718408 0.7458381 -0.4066386 -0.5276085 0.06924521 -0.9953546 -0.06689184 -0.7358103 -0.5776857 0.3533589 -0.417488 0.05136275 -0.9072296 -0.9105492 0.3971201 0.1148733 -0.2092105 0.9564746 -0.2034386 0.5998044 0.5657852 -0.5657932 0.7682484 -0.4111213 -0.490687 0.08870983 -0.9957646 -0.02415716 -0.6448057 -0.7048907 0.2955584 -0.4712562 -0.07927215 -0.8784268 -0.7830674 0.5329272 0.3206154 -0.1032108 0.9946575 -0.002023637 0.6396835 0.5611327 -0.5252953 0.6179291 -0.4217105 -0.6635692 -0.07761317 -0.9442881 -0.3198376 -0.8479723 -0.476297 0.2325605 0.7453835 0.4139816 0.5225158 0.8347519 -0.1374158 0.5332038 0.4395554 -0.546162 0.7130906 -0.0930137 0.3486135 0.93264 0.2395851 0.6609547 0.7111526 -0.8636341 -0.4639568 0.1971809 -0.8768154 -0.1157283 -0.4666924 -0.7804996 0.4760015 0.4052692 -0.5951375 -0.7186169 0.3597238 -0.7254626 0.005666434 -0.6882383 -0.9083993 0.4042795 0.1066254 0.163326 0.97254 -0.1658032 0.006682991 0.8967835 -0.4424192 0.1887659 -0.9689354 -0.1597867 0.8659119 -0.1693593 -0.4706529 -0.6858953 0.6107233 -0.3956826 0.6865359 0.08231741 -0.7224212 0.2532725 -0.9621067 -0.1010137 -0.1293128 0.9915117 0.01352351 -0.3887612 0.06819808 -0.9188112 0.6206459 0.4932066 -0.6095458 0.6551232 0.608144 -0.448302 0.7845039 0.07398945 0.6156941 0.8353504 0.5439857 0.07917934 -0.1900454 -0.9761851 0.1046214 -0.8353675 0.4099025 0.366253 -0.7287986 -0.5812515 0.3619385 -0.4183549 -0.02060514 -0.90805 -0.4323475 0.05901592 -0.8997738 -0.4174947 0.05136162 -0.9072266 0.6051473 0.5512802 -0.5743579 0.7600452 -0.4247783 -0.4918279 0.08902829 -0.9957359 -0.02416837 -0.4712563 -0.07927173 -0.8784268 -0.4712877 -0.0792759 -0.8784095 0.1325976 0.3561885 0.9249582 0.492775 0.3411735 0.8004833 0.8500911 0.3389889 -0.4030282 0.5707422 0.1111665 -0.8135695 -0.1454594 0.606415 -0.7817304 -0.6676623 0.6048604 -0.4340174 -0.8356281 0.5202132 0.1763634 -0.477248 0.5160467 0.7112878 -0.06888115 0.9410272 0.3312452 0.001251876 -0.998614 -0.05261939 -0.8610525 0.4893954 0.1381333 -0.462206 0.478003 0.7469128 -0.6281519 0.4671819 -0.622227 -0.1477852 0.6090062 -0.779276 0.1475114 0.597767 -0.7879817 0.968939 -0.2325492 0.08413231 0.5444632 0.5096458 0.666199 -0.008774518 0.2044909 0.9788292 -0.02348852 0.8776825 -0.4786667 -0.1870805 0.9317073 -0.311324 -0.05171501 0.8772227 -0.47729 -0.220208 0.9722581 0.07888382 -0.03172355 0.9393472 0.3414976 0.02782613 0.9436293 0.3298327 0.1677837 0.9852709 0.03301709 0.01541376 -0.9985553 -0.05147767 -0.8422142 0.4945091 0.2147934 -0.6918913 0.2535598 0.6760133 0.1007433 0.4834574 0.8695515 0.7746096 0.4298145 0.4639391 0.7988291 0.5664767 -0.2024263 0.4923491 0.5667331 -0.6606103 -0.1494646 0.6116176 -0.776907 -0.7062121 0.5608983 -0.4320389 0.02492576 0.9944339 0.1023716 -0.0230171 -0.9950238 -0.09694278 -0.1140738 0.5807229 -0.8060696 -0.6699 0.5903376 -0.4502616 0.5381444 0.5278956 -0.6570593 0.9009595 0.4249714 -0.08758705 0.7781652 0.5666706 0.2708199 0.03468298 0.4050227 0.9136486 -0.3223449 0.5019735 0.8025686 -0.8992323 0.4224083 0.1138086 -0.006753444 -0.9988976 -0.04645442 -0.01320135 -0.999512 -0.02831137 -0.3028002 0.9066345 -0.2938126 0.1493842 0.9317964 0.3308171 0.04923224 0.9987729 0.005388498 -0.1842262 0.9826304 -0.02232521 -0.1608041 0.9846674 0.06761729 -0.09554481 0.9863933 0.133789 -0.005930542 0.9873459 0.1584703 0.08403086 0.9872699 0.1350449 0.1502239 0.9861856 0.06979268 0.1749209 0.9843832 -0.01980865 0.1515011 0.9823463 -0.1097422 0.08623731 0.9806202 -0.1759184 -0.003374814 0.9796676 -0.200599 -0.09333539 0.9797437 -0.1771742 -0.1595314 0.9808282 -0.1119191 -0.5170948 0.8556461 -0.02197438 -0.4501839 0.8614646 0.2349752 -0.2637336 0.8663976 0.4240284 -0.007703125 0.8691185 0.494544 0.2493045 0.8688998 0.427622 0.4384183 0.865803 0.241194 0.5089762 0.8606535 -0.01479011 0.4420639 0.8548347 -0.2717297 0.2556126 0.8499034 -0.4607891 -4.15792e-4 0.8471825 -0.5313018 -0.2574224 0.8473989 -0.4643802 -0.4465398 0.8504972 -0.277951 -0.7798205 0.6257172 -0.01892125 -0.6785025 0.6345292 0.3701447 -0.3961789 0.6419949 0.6564182 -0.008497059 0.6461157 0.7631922 0.380664 0.6457882 0.6618553 0.6670283 0.6410957 0.3795652 0.7738642 0.6333006 -0.008044302 0.6725452 0.6244893 -0.3971097 0.3902224 0.6170211 -0.6833824 0.002539813 0.6128999 -0.7901565 -0.3866206 0.6132291 -0.6888213 -0.6729847 0.6179208 -0.4065288 -0.9449306 0.3269839 -0.0137062 -0.8218947 0.3376848 0.4587573 -0.4790531 0.3467524 0.8063938 -0.008269906 0.3517574 0.9360547 0.464309 0.3513568 0.8129979 0.8120557 0.3456616 0.4701955 0.941793 0.336193 -4.96903e-4 0.8187571 0.3254919 -0.4729608 0.4759159 0.3164246 -0.8205972 0.005133628 0.3114192 -0.9502589 -0.4674462 0.3118208 -0.8272013 -0.8151936 0.3175168 -0.4843991 -0.9999636 -0.004881203 -0.007001221 -0.8695455 0.006462037 0.4938105 -0.5061336 0.01607352 0.8623053 -0.007105112 0.0213769 0.9997463 0.4938311 0.0209552 0.8693053 0.8624423 0.0149154 0.5059357 0.9999637 0.004880845 0.007000446 0.8695455 -0.006462097 -0.4938107 0.5061332 -0.01607412 -0.8623057 0.007103085 -0.02137702 -0.9997463 -0.4938299 -0.02095526 -0.8693061 -0.8624423 -0.01491636 -0.5059357 -0.3878087 -0.9215841 0.01695215 -0.8187572 -0.3254919 0.4729607 -0.4759157 -0.3164238 0.8205975 -0.005133628 -0.3114202 0.9502584 0.4674459 -0.31182 0.8272018 0.815194 -0.3175159 0.484399 0.9449303 -0.3269845 0.01370626 0.8218944 -0.3376849 -0.4587576 0.4790537 -0.346753 -0.8063932 0.008269548 -0.3517571 -0.9360549 -0.2412612 -0.8780312 -0.4133452 -0.4298228 -0.8715144 -0.2360405 -0.751506 -0.654487 0.08297955 0.1756841 -0.9736103 0.1456648 0.02779501 -0.9994532 -0.0179134 0.007674574 -0.8730435 -0.487582 -0.2228939 -0.8974125 -0.380748 -0.1695191 -0.9821766 -0.08119404 -0.1582058 -0.9872039 0.01998609 -0.1127458 -0.9897279 0.08790558 -0.06875485 -0.9868487 0.1462958 0.3087891 -0.9018177 0.3022817 -0.3863286 -0.7019107 -0.5983909 -0.6516973 -0.6744895 -0.3469216 -0.2515655 -0.9609139 0.1155826 0.5396854 -0.6308891 0.5574215 -0.1942695 -0.8318905 0.5198246 0.06576526 -0.8160914 0.574169 0.3013869 -0.8105787 0.5021238 0.3811006 -0.8368638 0.3929647 0.495899 -0.8656123 0.069278 0.4798579 -0.8676114 -0.1303336 0.235049 -0.8914946 -0.3872846 -0.4507344 -0.7390267 -0.5006776 -0.1233773 -0.9914854 -0.04165178 -0.1574692 -0.6615087 -0.7332187 0.7097728 -0.7012487 0.06687986 0.6747018 -0.539291 0.5039274 0.006780505 -0.6052371 -0.7960165 0.5808714 -0.6518413 -0.487536 -0.3392999 -0.7711276 -0.5387372 -0.7895953 -0.5950939 -0.1496758 -0.8304136 -0.5566686 -0.02309632 -0.7933703 -0.5298558 0.299694 -0.4098966 -0.5692314 0.7127135 -0.0665363 -0.6115459 0.7884064 0.3015339 -0.6930915 0.6547531 0.7185597 -0.6200802 -0.3149168 -0.4408385 -0.8090515 -0.3887124 -0.3079695 -0.8337188 -0.4583316 -0.4004721 -0.6994196 -0.591975 -0.4330116 -0.8699365 -0.2360328 -0.6499294 -0.6834654 -0.3323657 -0.04795914 -0.9987756 -0.01213926 0.02671307 -0.9970543 -0.07189613 0.2227591 -0.9730086 -0.06027352 -0.5150326 -0.8529019 0.08543902 -0.3584436 -0.8439131 -0.3991606 -0.7675251 -0.6235805 -0.1485012 -0.225252 -0.9710416 0.07962316 -0.2169257 -0.9718615 0.09180653 0.05381304 -0.9933642 0.1016465 0.2796675 -0.9598541 -0.02159821 0.05225539 -0.8121106 0.5811592 -0.250178 -0.8851923 -0.3922314 -0.4912167 -0.8704144 -0.03294056 0.3811414 -0.8210487 0.4249827 -0.1785749 -0.9833025 0.03502988 -0.1252523 -0.9862028 0.1082401 0.4546553 -0.8790468 -0.1434062 -0.4649189 -0.7799744 -0.4189159 -0.1226192 0.9886993 -0.08624643 -0.07884496 0.9968761 -0.004646122 -7.33086e-6 0.9990068 0.04455852 0.09276992 0.994521 0.0481866 0.1746293 0.9846203 0.005265653 0.2236348 0.9719575 -0.07270604 0.2266558 0.9599263 -0.1648296 0.1828814 0.9517492 -0.2464301 0.104045 0.9496187 -0.2956336 0.01126492 0.9541048 -0.2992613 -0.07059317 0.9640052 -0.2563411 -0.1195985 0.9766678 -0.178371 -0.4535434 0.8912302 0.002721011 -0.3284853 0.9145899 0.2358446 -0.1032482 0.920678 0.3764199 0.1618145 0.9078624 0.3867843 0.3956838 0.8795757 0.2641608 0.5356898 0.8433991 0.04140526 0.5443196 0.8090258 -0.2217959 0.4192613 0.7856648 -0.4549186 0.1940256 0.7795772 -0.5954942 -0.0710411 0.7923937 -0.6058594 -0.3049073 0.8206794 -0.4832358 -0.4449133 0.8568564 -0.2604792 -0.7221925 0.6858603 0.08963108 -0.5328272 0.7212338 0.4426253 -0.1917721 0.730451 0.6554882 0.2095904 0.7110453 0.6711829 0.5637151 0.6682139 0.4855054 0.7757135 0.613436 0.1482059 0.7887822 0.5613866 -0.2503356 0.5994175 0.5260143 -0.6033305 0.2583616 0.516797 -0.8161925 -0.1430012 0.5362027 -0.8318879 -0.4971253 0.5790332 -0.6462097 -0.7091242 0.6338119 -0.3089101 -0.8998906 0.404067 0.1640938 -0.669935 0.4470213 0.5927555 -0.2557726 0.4582155 0.8512457 0.2316241 0.4346492 0.8703048 0.6616557 0.3826378 0.6448257 0.9190968 0.3161173 0.2352254 0.9349665 0.2529106 -0.2487449 0.7050113 0.2099556 -0.6774052 0.2908485 0.198762 -0.9358958 -0.1965482 0.222328 -0.9549551 -0.6265799 0.2743404 -0.7294759 -0.8840212 0.3408619 -0.3198747 -0.9724743 0.0801115 0.2188055 -0.7287216 0.1256428 0.6731855 -0.2897094 0.1375106 0.947185 0.2269316 0.1125307 0.9673877 0.6827647 0.05739772 0.7283803 0.9556531 -0.01311498 0.2942026 0.9724742 -0.08011281 -0.2188056 0.7287217 -0.1256453 -0.6731849 0.2897089 -0.1375098 -0.9471853 -0.2269312 -0.1125308 -0.9673877 -0.6827653 -0.05739754 -0.7283798 -0.955653 0.0131132 -0.2942029 -0.9349666 -0.2529101 0.2487448 -0.7050121 -0.2099545 0.6774047 -0.2908491 -0.1987627 0.9358955 0.1965489 -0.2223287 0.9549547 0.6265808 -0.2743393 0.7294756 0.884021 -0.3408617 0.3198754 0.8998906 -0.4040663 -0.1640955 0.6699358 -0.4470213 -0.5927547 0.255772 -0.4582151 -0.8512459 -0.2316234 -0.4346491 -0.870305 -0.6616562 -0.382637 -0.6448256 -0.9190975 -0.3161153 -0.2352253 -0.7887813 -0.5613876 0.2503361 -0.5994169 -0.5260148 0.6033307 -0.2583612 -0.5167972 0.8161926 0.1430028 -0.5362022 0.8318879 0.4971252 -0.5790343 0.6462088 0.7091246 -0.6338108 0.3089112 0.7221919 -0.6858608 -0.08963179 0.5328277 -0.7212334 -0.4426253 0.1917712 -0.7304515 -0.655488 -0.2095918 -0.7110448 -0.671183 -0.5637148 -0.6682148 -0.4855045 -0.7757132 -0.6134366 -0.1482045 -0.5443205 -0.8090252 0.2217965 -0.4192618 -0.7856654 0.454917 -0.1940261 -0.7795773 0.5954941 0.07103902 -0.7923941 0.6058591 0.3049057 -0.8206787 0.4832381 0.444913 -0.8568565 0.2604789 0.453543 -0.8912304 -0.002722799 0.3284852 -0.9145894 -0.2358468 0.1032485 -0.9206777 -0.3764203 -0.1618174 -0.9078614 -0.3867853 -0.3956829 -0.8795761 -0.2641611 -0.5356888 -0.8433997 -0.04140669 -0.2266551 -0.9599262 0.1648311 -0.1828817 -0.9517497 0.2464286 -0.104045 -0.9496186 0.2956337 -0.01126587 -0.9541046 0.2992618 0.07059204 -0.9640051 0.256342 0.1195989 -0.9766684 0.178368 0.1226195 -0.9886991 0.0862466 0.07884526 -0.9968761 0.004646599 9.06372e-6 -0.9990069 -0.04455661 -0.09277224 -0.9945208 -0.04818469 -0.1746295 -0.9846202 -0.005265653 -0.223634 -0.9719578 0.07270509 0.1749792 0.5283929 0.8307727 0.7234125 0.4098419 0.5556113 0.8860386 0.443586 -0.1347858 0.5123708 0.4817274 -0.7109254 -0.1548708 0.5203557 -0.8397888 -0.7994068 0.2530531 -0.5448972 -0.9839904 0.02294647 0.1767381 -0.8546068 0.01863223 0.5189415 0.271996 0.9109335 0.310191 0.001251757 -0.9986138 -0.05261999 -0.9525017 0.1389228 0.271 -0.9811808 0.1068495 0.1608341 -0.5280178 -0.1115908 -0.8418698 -0.03940939 0.4032959 -0.9142207 0.5582578 0.4407902 -0.7028885 0.909273 0.404376 -0.09850287 0.718952 0.3951599 0.5718015 0.2451467 0.5816322 0.7756333 -0.435999 0.4793654 -0.7616521 0.2743065 0.9073398 -0.3185758 0.2395063 0.9707188 0.01849097 0.2071471 0.9566195 0.2048643 0.159652 0.9752249 -0.1531264 0.02936065 0.971965 -0.2332856 0.276139 0.8950668 -0.3501468 0.01351374 0.9719406 -0.234838 0.3701347 0.9285874 0.02694314 -0.006275355 -0.983957 -0.1782953 -0.01728969 -0.9875705 -0.1562236 -0.6426598 -0.4950914 0.5846991 0.001157701 0.3785069 -0.9255978 0.1660651 0.4293574 0.8877357 0.7158163 0.4624262 0.5232294 0.8547567 0.5066174 -0.1128262 0.5292409 0.4745548 -0.7033506 -0.1361565 0.5377537 -0.8320352 -0.5303674 0.5775841 -0.62057 -0.6413772 0.6410194 0.4215799 -0.4809833 0.4668846 0.7420741 0.03811031 0.9971128 0.06567817 -0.03261983 -0.9971862 -0.06749671 -0.7874087 0.5346446 0.3068271 -0.5003763 0.4982621 0.7080667 -0.5378512 0.6200224 -0.5712167 -0.09766602 0.4978544 -0.8617439 0.5737012 0.4319673 -0.695896 0.938305 0.3457714 -0.005100607 0.6570803 0.08443421 0.749077 -0.4939058 -0.2477619 0.8334693 -0.002766132 0.9703738 -0.241593 0.366122 0.929367 0.04724144 0.2276441 0.955917 -0.1854749 0.03457504 0.99693 0.07025092 -0.4433007 0.8955389 0.03866124 0.05748999 0.8845716 0.4628479 0.1460668 0.8715248 0.468091 -0.1224628 0.9922348 0.02175277 -0.1410286 -0.985814 -0.09100443 0.1771443 0.4044387 0.8972454 0.7477898 0.3892359 0.5378715 0.9452092 0.2872123 -0.1552056 0.5115014 0.5013815 -0.6978417 -0.1567214 0.5608485 -0.8129498 -0.7004974 0.5715954 -0.4272963 -0.8201372 0.5305748 0.2141622 -0.4727563 0.4389619 0.7640772 -0.1668642 0.9218177 0.3498693 -0.02301752 -0.9950237 -0.09694349 -0.8469147 0.5020854 0.1750593 -0.4930889 0.4711222 0.7313735 -0.6940572 0.5388934 -0.4773665 -0.1183333 0.5222955 -0.8445144 0.5565444 0.4590986 -0.6924499 0.9167107 0.3876906 -0.09663003 0.6955667 0.241042 0.6768204 0.1419807 0.3734099 0.916737 -0.244078 0.9634426 -0.1104729 -0.3003385 0.9437332 0.1384366 0.02847671 0.9950672 0.09502875 -0.02282953 0.9688187 -0.2467168 0.4104912 0.8796635 0.2401856 0.07388037 0.9100109 0.4079485 0.3263955 0.9328162 -0.1527092 0.3720998 0.9001719 0.2263457 0.7992809 0.5250885 -0.2922881 -0.01549983 0.9989977 -0.04199236 0.06193959 0.9980356 0.009415328 0.1541169 0.987924 0.01593828 0.2363255 0.9713733 -0.02416938 0.28654 0.9528182 -0.1001628 0.2913072 0.9372298 -0.1916784 0.249347 0.9287851 -0.2741977 0.1719082 0.9297474 -0.3256032 0.07972913 0.9398586 -0.3321282 -0.002480685 0.9564098 -0.2920176 -0.05269068 0.9749631 -0.2160338 -0.0574581 0.9905539 -0.1245061 -0.276314 0.9413338 0.1937559 -0.05506342 0.938584 0.3406292 0.2082794 0.9096955 0.3592686 0.4431476 0.8624115 0.244677 0.5866113 0.8093994 0.02756541 0.6002337 0.7648616 -0.2338938 0.480356 0.7407355 -0.4696478 0.2591052 0.7434843 -0.6165189 -0.004239261 0.7723717 -0.6351568 -0.2391097 0.8196579 -0.5205647 -0.3825709 0.8726712 -0.3034545 -0.3961922 0.9172071 -0.04198789 -0.4980407 0.7688262 0.4010756 -0.1630201 0.7646631 0.6234701 0.2357351 0.7209221 0.6516903 0.5913778 0.649321 0.4781783 0.8086144 0.5690479 0.1494229 0.8292356 0.5016126 -0.2464818 0.6477181 0.4650805 -0.6034579 0.3126965 0.469244 -0.8258517 -0.08605581 0.5129842 -0.8540737 -0.4417001 0.584585 -0.6805597 -0.658935 0.6648579 -0.3518075 -0.6795574 0.7322957 0.0440998 -0.6562569 0.5094026 0.5566291 -0.2494248 0.504347 0.826693 0.2348054 0.4512279 0.8609645 0.6666808 0.3642822 0.6502579 0.9304833 0.2668005 0.251035 0.9555254 0.1849112 -0.2297372 0.7350994 0.1405479 -0.663231 0.3282646 0.1456015 -0.9332967 -0.1559629 0.1987204 -0.967567 -0.5878399 0.2856679 -0.7568608 -0.8516415 0.3831474 -0.3576377 -0.876684 0.4650409 0.1231352 -0.7374181 0.1954928 0.6465271 -0.3061763 0.190135 0.9327942 0.2071074 0.1338295 0.9691213 0.6648967 0.04166573 0.7457724 0.9445266 -0.06166344 0.3225948 0.9710713 -0.1484708 -0.1870213 0.7374184 -0.1954925 -0.6465268 0.3061752 -0.1901341 -0.9327947 -0.2071067 -0.1338298 -0.9691215 -0.6648955 -0.04166555 -0.7457734 -0.944526 0.0616644 -0.3225958 -0.9710714 0.1484693 0.1870222 -0.7350978 -0.1405486 0.6632325 -0.3282657 -0.1456022 0.9332961 0.1559622 -0.1987195 0.9675673 0.5878394 -0.2856678 0.756861 0.8516411 -0.3831486 0.3576374 0.876685 -0.4650393 -0.1231338 0.656257 -0.5094029 -0.5566287 0.2494239 -0.5043476 -0.8266931 -0.2348046 -0.4512299 -0.8609637 -0.6666807 -0.3642818 -0.6502581 -0.9304829 -0.2668025 -0.2510339 -0.9555257 -0.1849099 0.2297371 -0.6477189 -0.4650796 0.6034578 -0.3126993 -0.469245 0.8258501 0.08605653 -0.5129843 0.8540735 0.441698 -0.5845856 0.6805607 0.6589364 -0.6648571 0.3518067 0.6795587 -0.7322944 -0.04410189 0.4980396 -0.7688268 -0.401076 0.16302 -0.764663 -0.6234703 -0.2357355 -0.7209208 -0.6516916 -0.5913769 -0.649322 -0.4781783 -0.8086139 -0.5690485 -0.1494243 -0.8292358 -0.5016114 0.2464834 -0.4803553 -0.7407342 0.4696506 -0.2591066 -0.7434849 0.6165177 0.004237651 -0.7723725 0.6351559 0.2391064 -0.8196581 0.5205659 0.3825713 -0.8726708 0.3034548 0.3961903 -0.9172078 0.04199039 0.2763149 -0.9413327 -0.19376 0.05506414 -0.9385842 -0.3406283 -0.2082793 -0.9096961 -0.3592672 -0.4431473 -0.8624114 -0.2446776 -0.5866128 -0.8093984 -0.02756422 -0.6002333 -0.7648608 0.2338976 -0.2493473 -0.9287843 0.2742002 -0.1719094 -0.9297465 0.325605 -0.07972931 -0.9398582 0.3321293 0.002478539 -0.9564087 0.2920212 0.05269467 -0.9749646 0.2160263 0.05746161 -0.990553 0.1245108 0.01550108 -0.9989979 0.04199016 -0.06193989 -0.9980355 -0.009416282 -0.1541175 -0.987924 -0.01593989 -0.2363263 -0.9713732 0.02416813 -0.2865402 -0.9528184 0.1001592 -0.2913077 -0.9372291 0.1916809 0.001254022 -0.9986139 -0.0526188 0.001251518 -0.998614 -0.05261802 0.001253426 -0.9986139 -0.05261898 -5.5212e-4 -0.9985476 -0.05387657 0.0249266 0.9944341 0.1023699 0.02493005 0.9944341 0.1023684 -0.02301776 -0.9950236 -0.09694427 -0.0230171 -0.9950238 -0.09694319 -0.02283638 -0.9950544 -0.09667193 -0.5170965 0.8556451 -0.02197152 -0.4501833 0.8614659 0.2349714 -0.2637333 0.8663972 0.4240292 -0.007706582 0.8691176 0.4945457 0.2493009 0.868901 0.4276217 0.43842 0.8658025 0.2411928 0.5089752 0.8606542 -0.01478773 0.4420638 0.8548349 -0.2717297 0.2556133 0.849904 -0.4607876 -4.13004e-4 0.8471812 -0.531304 -0.2574217 0.847399 -0.4643803 -0.4465397 0.8504971 -0.2779515 -0.7798206 0.625717 -0.01892155 -0.6785039 0.634528 0.3701442 -0.396179 0.6419947 0.6564184 -0.008495032 0.6461176 0.7631906 0.3806639 0.6457872 0.6618564 0.667028 0.6410965 0.3795643 0.7738636 0.6333014 -0.008043348 0.6725474 0.6244875 -0.3971089 0.3902224 0.6170212 -0.6833823 0.002539813 0.6129002 -0.7901563 -0.3866201 0.6132295 -0.6888212 -0.6729841 0.6179215 -0.4065287 -0.9449307 0.3269835 -0.01370668 -0.8218945 0.3376852 0.4587572 -0.4790536 0.3467531 0.8063932 -0.008270502 0.3517564 0.9360551 0.4643079 0.3513581 0.812998 0.8120554 0.3456606 0.4701966 0.9417933 0.3361921 -4.9769e-4 0.8187569 0.3254917 -0.4729611 0.475915 0.3164234 -0.820598 0.005132198 0.3114208 -0.9502583 -0.4674458 0.3118201 -0.8272017 -0.8151934 0.3175159 -0.4844 -0.9999636 -0.004881441 -0.007001221 -0.8695457 0.006462454 0.4938102 -0.5061341 0.01607245 0.8623051 -0.007103025 0.02137911 0.9997462 0.4938293 0.02095311 0.8693065 0.8624423 0.01491522 0.5059358 0.9999636 0.004879772 0.007000505 0.8695455 -0.00646317 -0.4938108 0.5061339 -0.01607269 -0.8623053 0.007104337 -0.02137911 -0.9997462 -0.49383 -0.02095502 -0.869306 -0.8624424 -0.01491653 -0.5059353 -0.4759158 -0.3164242 0.8205974 -0.005133569 -0.3114206 0.9502584 0.4674474 -0.3118194 0.8272011 0.8151931 -0.3175172 0.4843997 0.9449304 -0.3269842 0.01370656 0.8218944 -0.3376855 -0.4587572 0.4790533 -0.3467528 -0.8063936 -0.751505 -0.6544885 0.08297771 -0.07822364 -0.9853684 0.151427 -0.3863264 -0.7019118 -0.5983909 0.3013817 -0.8105804 0.5021241 0.4958983 -0.8656129 0.06927639 0.2350492 -0.8914944 -0.3872852 -0.453544 0.8912298 0.002722024 -0.3284854 0.9145904 0.2358427 -0.1032474 0.9206782 0.3764196 0.161816 0.9078618 0.3867851 0.3956838 0.8795756 0.2641611 0.5356894 0.8433995 0.04140549 0.5443207 0.8090253 -0.2217952 0.4192613 0.7856647 -0.4549188 0.1940253 0.7795771 -0.5954946 -0.07104051 0.7923936 -0.6058594 -0.3049073 0.8206795 -0.4832357 -0.4449129 0.8568565 -0.2604795 -0.7221921 0.6858609 0.08962988 -0.5328282 0.7212331 0.4426252 -0.1917706 0.7304517 0.655488 0.2095921 0.7110444 0.6711832 0.5637155 0.6682148 0.4855037 0.7757143 0.613435 0.1482056 0.7887819 0.5613866 -0.2503362 0.5994165 0.5260153 -0.6033307 0.2583622 0.5167962 -0.8161928 -0.1430015 0.5362026 -0.8318879 -0.4971252 0.579033 -0.64621 -0.7091245 0.6338112 -0.3089107 -0.8998907 0.4040663 0.1640949 -0.6699351 0.4470216 0.5927552 -0.2557728 0.4582154 0.8512456 0.2316235 0.4346492 0.8703049 0.661656 0.3826374 0.6448255 0.9190974 0.3161159 0.2352248 0.9349666 0.2529103 -0.2487451 0.705011 0.2099559 -0.6774054 0.2908486 0.1987616 -0.9358959 -0.1965485 0.2223284 -0.9549549 -0.6265798 0.2743401 -0.729476 -0.8840212 0.3408616 -0.319875 -0.9724743 0.08011186 0.2188053 -0.7287229 0.1256451 0.6731837 -0.2897092 0.1375108 0.947185 0.2269325 0.1125302 0.9673876 0.6827651 0.05739742 0.72838 0.9556531 -0.01311421 0.2942028 0.9724743 -0.08011329 -0.2188052 0.7287222 -0.1256439 -0.6731846 0.2897091 -0.1375109 -0.947185 -0.226931 -0.1125305 -0.9673878 -0.6827651 -0.05739814 -0.7283799 -0.9556531 0.01311361 -0.2942026 -0.9349666 -0.2529095 0.2487453 -0.7050105 -0.2099571 0.6774055 -0.2908483 -0.1987627 0.9358958 0.1965481 -0.2223272 0.9549552 0.6265797 -0.27434 0.7294763 0.8840218 -0.3408603 0.3198745 0.8998906 -0.4040665 -0.1640953 0.6699359 -0.4470213 -0.5927546 0.2557721 -0.4582152 -0.8512459 -0.2316235 -0.4346485 -0.8703054 -0.6616558 -0.382636 -0.6448267 -0.9190976 -0.3161153 -0.2352249 -0.7887815 -0.5613875 0.2503359 -0.5994169 -0.5260152 0.6033303 -0.2583631 -0.5167954 0.816193 0.1430004 -0.5362033 0.8318876 0.4971243 -0.5790314 0.6462121 0.7091245 -0.6338116 0.3089099 0.7221917 -0.6858611 -0.08963102 0.5328279 -0.7212335 -0.4426248 0.1917717 -0.7304509 -0.6554884 -0.2095905 -0.7110454 -0.6711827 -0.5637146 -0.668215 -0.4855045 -0.7757135 -0.6134364 -0.1482043 -0.5443201 -0.8090257 0.2217956 -0.4192615 -0.7856646 0.4549186 -0.1940243 -0.7795777 0.595494 0.07104176 -0.7923933 0.6058598 0.3049073 -0.8206803 0.4832343 0.4449127 -0.8568568 0.2604784 0.4535447 -0.8912295 -0.002720475 0.3284859 -0.9145905 -0.2358416 0.1032496 -0.9206776 -0.3764206 -0.1618161 -0.9078615 -0.3867856 -0.3956834 -0.8795759 -0.2641607 -0.5356905 -0.8433987 -0.04140436 0.001251757 -0.9986139 -0.05261939 0.001252353 -0.998614 -0.05261725 0.001252055 -0.998614 -0.05261808 -0.03262007 -0.9971862 -0.06749516 -0.03261983 -0.9971861 -0.06749677 -0.03262007 -0.9971863 -0.06749433 -0.03261852 -0.9971862 -0.06749647 -0.683942 -0.7295364 -1.54972e-6 -0.6839383 -0.7295399 1.91033e-5 -0.6838734 -0.7296008 1.52513e-5 -0.02301776 -0.9950238 -0.0969429 -0.0230177 -0.9950237 -0.09694409 -0.02301859 -0.9950238 -0.09694319 -0.0230177 -0.9950238 -0.09694308 -0.02301788 -0.9950237 -0.09694367 -0.276314 0.941333 0.1937596 -0.05506604 0.9385839 0.3406289 0.2082765 0.9096971 0.3592664 0.4431476 0.8624115 0.2446765 0.5866144 0.8093972 0.02756202 0.6002331 0.764861 -0.2338977 0.4803562 0.7407358 -0.4696472 0.2591074 0.7434836 -0.6165189 -0.004235446 0.7723725 -0.6351557 -0.2391067 0.8196583 -0.5205655 -0.3825726 0.8726692 -0.3034582 -0.396191 0.9172075 -0.04199039 -0.4980402 0.7688263 0.4010763 -0.1630208 0.7646641 0.6234685 0.2357328 0.7209216 0.6516917 0.5913767 0.6493216 0.4781792 0.8086139 0.5690491 0.1494219 0.829236 0.5016124 -0.2464808 0.6477173 0.4650814 -0.6034581 0.3126976 0.4692437 -0.8258515 -0.08605599 0.5129852 -0.854073 -0.4416999 0.5845849 -0.6805599 -0.6589353 0.6648582 -0.3518067 -0.6795583 0.7322948 0.04410195 -0.6562573 0.5094023 0.556629 -0.2494249 0.5043455 0.826694 0.2348055 0.451229 0.8609639 0.6666816 0.3642802 0.6502582 0.930483 0.2668044 0.2510315 0.9555259 0.1849101 -0.2297356 0.7350989 0.1405457 -0.6632319 0.3282656 0.1456025 -0.9332962 -0.1559634 0.19872 -0.9675669 -0.58784 0.2856682 -0.7568606 -0.8516411 0.383148 -0.3576382 -0.8766841 0.4650408 0.1231339 -0.7374191 0.1954932 0.6465258 -0.3061758 0.1901351 0.9327942 0.2071066 0.1338315 0.9691213 0.6648955 0.04166537 0.7457734 0.9445258 -0.06166422 0.3225965 0.9710718 -0.1484689 -0.1870205 0.7374188 -0.1954925 -0.6465263 0.3061756 -0.1901348 -0.9327944 -0.2071069 -0.1338298 -0.9691215 -0.6648962 -0.0416646 -0.7457729 -0.9445259 0.06166291 -0.3225965 -0.9710714 0.1484693 0.1870219 -0.7350997 -0.1405472 0.6632308 -0.3282647 -0.1456022 0.9332965 0.1559628 -0.1987208 0.9675669 0.5878396 -0.2856675 0.7568611 0.8516425 -0.3831465 0.3576363 0.8766846 -0.4650404 -0.1231329 0.6562566 -0.5094033 -0.5566288 0.2494235 -0.5043471 -0.8266934 -0.2348046 -0.4512296 -0.8609638 -0.6666809 -0.3642821 -0.6502578 -0.930483 -0.2668024 -0.2510337 -0.9555255 -0.1849102 0.2297375 -0.6477169 -0.4650815 0.6034584 -0.3126977 -0.4692426 0.8258521 0.08605647 -0.5129849 0.854073 0.4417007 -0.5845843 0.6805599 0.6589361 -0.6648571 0.3518074 0.6795575 -0.7322956 -0.04409974 0.4980418 -0.7688257 -0.4010756 0.1630196 -0.7646633 -0.6234698 -0.2357339 -0.7209219 -0.6516909 -0.591377 -0.6493218 -0.4781782 -0.8086138 -0.5690485 -0.1494246 -0.829236 -0.5016111 0.2464831 -0.480356 -0.7407356 0.4696475 -0.2591075 -0.7434844 0.6165178 0.004236996 -0.7723727 0.6351556 0.2391059 -0.8196575 0.5205669 0.3825709 -0.8726716 0.303453 0.3961925 -0.9172068 0.04199212 0.2763152 -0.9413331 -0.1937575 0.05506324 -0.9385838 -0.3406298 -0.208279 -0.9096962 -0.3592669 -0.4431474 -0.8624113 -0.244678 -0.5866137 -0.8093977 -0.02756863 -0.6002334 -0.7648607 0.2338973 0.6528756 0.4548056 0.6057272 0.155531 0.9587834 -0.2377914 -0.5149166 0.5023547 -0.6946228 -0.6969797 -0.4554863 -0.5538515 -0.1916189 -0.9621689 0.1936837 0.4216055 -0.4614414 0.7805901 -0.8526147 0.4955992 0.1656188 0.8097135 -0.4136845 -0.4162082 -0.3903985 -0.8671821 0.3091673 -0.7511371 -0.2905943 -0.5927462 -0.4416399 0.4699666 -0.7642551 0.3794997 0.8781995 -0.2911112 0.7496079 0.361539 0.5544165 0.3414782 -0.4154806 0.8430708 -0.853207 0.5206272 -0.03138774 0.2625656 -0.9019055 0.342966 -0.08110457 -0.7815464 -0.6185525 -0.4573447 0.378044 -0.804934 -0.2674144 0.9343481 -0.235549 0.1352682 0.7574132 0.6387707 0.3223356 -0.4068813 0.8547208 -0.8883097 0.4280052 -0.1664853 -0.03947871 -0.911228 0.4100062 -0.1355809 -0.7708153 -0.6224642 -0.1790137 0.3046671 -0.935485 -0.07960921 0.9320421 -0.3534968 0.132575 0.7629253 0.6327471 0.09506005 -0.2529829 0.9627894 -0.8221865 0.4718461 -0.3183877 -0.5685598 -0.771259 0.2861809 -0.5098971 -0.3814474 -0.7710402 -0.109349 0.2755392 -0.9550502 0.5587111 0.7790583 -0.2844471 0.5615682 0.4175441 0.7143515 -8.96505e-4 -0.2463579 0.9691785 -0.73076 0.5026711 -0.4618566 -0.6212446 -0.7366589 0.2671869 -0.3896808 -0.4631547 -0.7960129 0.04635685 0.2235277 -0.9735946 0.4963619 0.8056556 -0.3233326 0.3496773 0.5883781 0.7290658 -0.2225349 -0.126621 0.9666672 -0.6399534 0.4837655 -0.5970181 -0.5180531 -0.7703515 0.3717253 -0.2276106 -0.629666 -0.7427747 0.1950457 0.165438 -0.9667407 0.4654437 0.8015249 -0.375393 0.2570328 0.6455774 0.7191411 -0.2498401 -0.1111741 0.9618837 -0.5342618 0.492671 -0.6869059 -0.7713392 -0.6241062 0.1246083 -0.2604153 -0.4188717 -0.8699026 0.2392677 0.139136 -0.960933 0.6589213 0.7100025 -0.2484337 0.2926729 0.5222551 0.8009945 -0.4127209 -0.06907898 0.9082343 -0.394071 0.5176908 -0.7594106 -0.7782244 -0.6122616 0.1396517 -0.1736665 -0.4951266 -0.851287 0.375033 0.09742718 -0.9218776 0.6756981 0.6925381 -0.2526324 0.1733753 0.6360409 0.7519261 -0.5206308 0.02920001 0.8532825 -0.2854578 0.4568785 -0.8424821 -0.6575548 -0.6779484 0.3286451 -0.1326739 -0.2799479 -0.9508032 0.4889999 -0.003597557 -0.8722764 0.8870445 0.3976648 0.2345528 0.2005814 0.3844422 0.9010945 -0.6456102 0.1313667 0.7522834 -0.1667631 0.4187709 -0.8926483 -0.7829505 -0.2265388 -0.5793693 -0.06222504 -0.2395799 -0.9688806 0.5329784 -0.02894127 -0.8456338 0.8749611 0.4047885 0.2656869 0.1118593 0.4504625 0.8857601 -0.7516325 0.2458319 0.6120582 -0.07369643 0.3740926 -0.9244586 -0.6482127 -0.1250474 -0.7511216 -0.06261354 -0.2300678 -0.9711583 0.734991 -0.2258655 -0.6393536 0.6396342 0.05160856 0.7669451 -0.02286595 0.2141944 0.9765234 -0.7737078 0.2540788 0.5803623 0.041996 -0.2424945 -0.9692434 0.5095354 0.6552947 -0.5576403 0.1215997 0.3711561 0.9205742 -0.8464352 -0.3181478 -0.4270005 -0.6086946 -0.7413927 0.2825381 0.002985 0.290988 0.9567221 0.1338123 0.9571967 -0.2566493 0.3934496 0.19777 0.8978221 0.618594 -0.5732418 0.537341 0.4024206 -0.9071548 -0.1229956 -0.1232514 -0.5771824 -0.8072606 -0.5094373 0.2236489 -0.8309361 -0.5280546 0.8223719 -0.2118086 -0.1628698 0.8259254 0.5397413 0.4976259 0.6087306 -0.6179124 -0.5255007 -0.7058264 0.475035 -0.4759032 0.7797703 -0.4067856 -0.4970964 0.2327479 -0.8358969 -0.2022123 -0.6742483 -0.7102813 0.2643349 -0.9642561 0.01836967 0.5529099 -0.5149551 0.6550664 0.4430522 0.2636726 0.8568439 -0.09815102 0.9247163 0.3677855 0.3824084 0.5468659 -0.7447829 -0.6281937 0.7012981 -0.3369774 -0.449221 0.260367 -0.85464 -0.0421999 -0.4062501 -0.912787 0.5100899 -0.8333156 -0.2130576 0.6736336 -0.4611326 0.5775591 0.4137421 0.1288594 0.9012284 -0.2051281 0.7181161 0.6650051 0.1809487 0.5417172 -0.8208533 -0.7226168 0.6137516 -0.3180156 -0.4924257 0.179028 -0.8517429 -0.07625168 -0.2188022 -0.9727853 0.600642 -0.6127552 -0.513576 0.8515584 -0.3245146 0.4117509 0.5108394 0.2524415 0.8217764 -0.1641972 0.7310006 0.6623273 0.02946645 0.4367712 -0.89909 -0.6405 0.5424522 -0.5436042 -0.5773557 0.1199339 -0.8076363 -0.2454023 -0.6083882 -0.7547461 0.486333 -0.8622148 0.1416541 0.6952877 -0.3529028 0.6261267 0.5638021 0.2524958 0.7863671 -0.1719965 0.9258009 0.3366155 -0.1339516 0.3710442 -0.9189033 -0.7086914 0.4922156 -0.5054506 -0.6879324 0.03024971 -0.7251442 -0.3049042 -0.7230433 -0.6198725 0.5404245 -0.8063482 0.2402998 0.750036 -0.2822094 0.5981671 -0.04263889 -0.5465353 0.8363499 -0.2046585 0.9602513 0.1898222 -0.2092861 0.3147111 -0.9258275 -0.8810118 0.4626982 -0.09863466 -0.6868579 -0.009189486 -0.7267337 -0.3261542 -0.3167665 -0.8906641 0.5207514 -0.6531018 -0.5497964 0.8588263 -0.1977332 0.4725663 0.569336 0.2121767 0.7942528 0.02968811 0.5454131 0.8376414 -0.263226 0.26657 -0.9271745 -0.8684975 0.4257217 -0.2539159 -0.6204381 -0.009903371 -0.784193 -0.3495953 -0.2124014 -0.9125069 0.4270107 -0.5696527 -0.7022519 0.8399453 -0.1732918 0.5142586 0.5490354 0.2054982 0.8101424 0.06903165 0.5338148 0.8427791 -0.297167 0.1937398 -0.9349635 -0.8438907 0.3214109 -0.4295856 -0.6582584 -0.1494842 -0.7378011 -0.3738129 -0.4321684 -0.8206671 0.6174099 -0.7569229 -0.2141796 0.8286881 -0.1229807 0.5460328 0.5856838 0.3932606 0.7087459 -0.07439988 0.8425374 0.5334749 -0.3261763 0.06359058 -0.9431678 -0.6930998 0.2384245 -0.6802694 -0.8114148 -0.2785715 -0.5138133 -0.102041 -0.9696039 0.2223868 0.6620972 -0.5756065 0.4799006 0.9712463 0.01740348 0.2374401 0.3544572 0.7658941 -0.5364386 -0.4563712 0.5348569 -0.7110931 -0.3904381 0.0419768 -0.9196718 -0.8696751 0.3001891 -0.3918568 -0.8521736 -0.3099636 -0.4215719 -0.2481954 -0.9559027 -0.1570001 0.7145694 -0.6358568 0.2916791 0.9199387 0.006566107 0.3920075 0.6553987 0.6887754 0.309905 -0.3660705 0.9233307 -0.1159862 -0.8957398 0.2265208 -0.3825421 -0.8395705 -0.365004 -0.40236 0.7560484 -0.5631489 0.3335483 0.9081567 0.07731574 0.4114289 -0.6201332 0.7334407 -0.2783876 0.04685616 0.5740313 -0.8174917 0.6759017 -0.6517241 0.3441113 -0.3065297 0.3227884 0.8954592 -0.6977063 0.6724994 -0.246882 0.754058 0.38986 -0.5285884 0.6687129 0.4739378 0.5728929 0.1534013 0.9728586 -0.1732463 -0.518257 0.5004819 -0.6934894 -0.6757725 -0.4346888 -0.595296 -0.1899514 -0.9502811 0.2467475 0.4194236 -0.4628486 0.7809323 -0.8526107 0.4956059 0.1656194 -0.8526123 0.4956032 0.1656202 -0.8526118 0.4956042 0.1656186 0.8097155 -0.4136814 -0.4162076 0.8097141 -0.4136835 -0.416208 0.8097167 -0.4136819 -0.4162046 -0.390287 -0.8727081 0.2933545 -0.7940865 -0.3097211 -0.5229719 -0.4421494 0.4580537 -0.771162 0.3801764 0.8717504 -0.3090586 0.7133018 0.3412569 0.6121637 0.3404363 -0.4249051 0.8387841 -0.853208 0.5206255 -0.03138852 -0.8532091 0.5206236 -0.0313881 -0.8532087 0.5206244 -0.03138911 0.3155158 -0.9218441 0.2250629 -0.07715171 -0.7770529 -0.6246892 -0.3999955 0.440797 -0.8035557 -0.2189837 0.9120869 -0.3466175 0.1380801 0.7607799 0.6341513 0.3710952 -0.3519505 0.8593133 -0.8883102 0.4279987 -0.1664999 -0.8883128 0.427999 -0.1664851 -0.8883077 0.4280055 -0.166496 -0.004352867 -0.9351394 0.3542535 -0.1265375 -0.7652461 -0.6311789 -0.1947047 0.2911719 -0.9366477 -0.03483355 0.9078588 -0.4178268 0.1407151 0.7681364 0.6246325 0.08333086 -0.2643039 0.9608327 -0.8221898 0.4718393 -0.3183894 -0.8221862 0.4718449 -0.3183903 -0.8221899 0.4718414 -0.3183859 -0.5667074 -0.7744038 0.2813208 -0.585806 -0.3866035 -0.7122984 -0.1105585 0.2995949 -0.9476391 0.5611625 0.7751643 -0.2902017 0.4907697 0.4103511 0.7686073 -3.95636e-4 -0.2268663 0.9739258 -0.730764 0.502663 -0.4618594 -0.7307654 0.5026611 -0.4618592 -0.7307682 0.5026615 -0.4618542 -0.6163935 -0.7436614 0.2588954 -0.4502797 -0.4672945 -0.7608444 0.0465579 0.2203401 -0.9743115 0.5110273 0.7865976 -0.3465767 0.3069823 0.5834981 0.751859 -0.2225309 -0.1288646 0.9663716 -0.6399563 0.4837718 -0.59701 -0.6399559 0.4837644 -0.5970163 -0.6399558 0.4837664 -0.5970149 -0.5021123 -0.7897529 0.352383 -0.265887 -0.6350798 -0.7252433 0.1720734 0.1545013 -0.9728927 0.4844583 0.7796186 -0.3968564 0.220662 0.6400489 0.7359659 -0.2683556 -0.1214222 0.9556369 -0.5342596 0.4926759 -0.6869041 -0.5342615 0.4926777 -0.6869013 -0.5342611 0.4926726 -0.6869052 -0.769394 -0.6269975 0.1220946 -0.3489135 -0.4117354 -0.841863 0.2414363 0.1911523 -0.9514039 0.6690552 0.6961129 -0.2603692 0.2205204 0.5276768 0.8203219 -0.4089046 -0.03070491 0.9120604 -0.3940641 0.5177028 -0.7594059 -0.3940696 0.517695 -0.7594084 -0.3940612 0.5176994 -0.7594099 -0.7684957 -0.62672 0.1289817 -0.2340744 -0.4927116 -0.8381198 0.3739833 0.08356732 -0.9236629 0.6966997 0.6625381 -0.2750508 0.1316915 0.6365479 0.7599107 -0.5220647 0.01888841 0.8526968 -0.2854494 0.4568653 -0.842492 -0.2854658 0.4568765 -0.8424803 -0.2854588 0.4568755 -0.8424834 -0.2284542 -0.245604 -0.9420655 0.4928476 0.004445314 -0.8701044 0.8751993 0.4151849 0.2482897 0.1167607 0.4143012 0.9026193 -0.6428173 0.1369352 0.7536808 -0.1667694 0.4187839 -0.8926411 -0.166759 0.4187775 -0.8926461 -0.1667667 0.4187753 -0.8926456 -0.8098438 -0.193272 -0.5538944 -0.1394153 -0.2126668 -0.9671279 0.5333966 -0.02832192 -0.845391 0.8662304 0.4166258 0.275804 0.05035299 0.4740055 0.879081 -0.7514212 0.2461546 0.6121881 -0.07369631 0.3740872 -0.9244608 -0.07369053 0.374095 -0.924458 -0.0736925 0.3740928 -0.9244589 -0.675807 -0.09033524 -0.7315221 0.02319598 -0.1961886 -0.9802919 0.7457541 -0.2168645 -0.6299371 0.6095198 0.08840626 0.7878261 0.06190592 0.2471346 0.9670016 -0.7648628 0.262439 0.5883119 0.04248571 -0.2429782 -0.969101 0.3840346 0.2036012 0.900591 0.5900488 -0.5460975 0.5946597 0.3607779 -0.9208491 -0.147906 -0.1232644 -0.5771782 -0.8072616 -0.5408691 0.2465294 -0.8041666 -0.5725531 0.7808555 -0.2498955 -0.1756733 0.8267817 0.5343884 0.4976258 0.6087296 -0.6179134 0.4976259 0.6087278 -0.6179151 0.4976186 0.6087286 -0.6179202 0.4976206 0.6087297 -0.6179175 -0.5254976 -0.7058298 0.4750332 -0.5255035 -0.7058274 0.4750305 -0.5255011 -0.7058273 0.4750331 -0.5255014 -0.7058251 0.4750361 -0.4027851 0.839726 -0.3641762 -0.4782491 0.2131987 -0.8519532 -0.2026826 -0.674036 -0.7103487 0.3353937 -0.9404178 0.05590659 0.5761788 -0.5532502 0.601608 0.4395968 0.2665166 0.8577433 -0.06328946 0.9219898 0.3820068 0.382409 0.5468693 -0.7447801 0.3824078 0.5468748 -0.7447767 0.3824055 0.5468764 -0.7447767 0.3824067 0.5468738 -0.7447779 -0.5924713 0.7468654 -0.3019436 -0.4528639 0.2294563 -0.8615476 -0.1315653 -0.383014 -0.9143254 0.5320349 -0.8233467 -0.1975832 0.6809124 -0.4344958 0.5895521 0.3522673 0.1577525 0.9225085 -0.2434774 0.7188376 0.6511461 0.1809459 0.5417181 -0.8208533 0.180949 0.5417143 -0.8208552 0.1809491 0.5417178 -0.8208528 0.1809483 0.5417172 -0.8208534 -0.6836471 0.6802549 -0.2643485 -0.4976852 0.2274924 -0.8369928 -0.1552945 -0.2054226 -0.9662739 0.5662791 -0.6266528 -0.5353825 0.8575164 -0.2716082 0.436915 0.4976252 0.2570579 0.8284265 -0.2026573 0.7297904 0.6529441 0.02947145 0.4367681 -0.8990912 0.02946585 0.4367738 -0.8990887 0.02946656 0.4367696 -0.8990907 0.02946776 0.4367674 -0.8990918 -0.5891532 0.6271098 -0.5095409 -0.5768402 0.1192941 -0.8080993 -0.3048601 -0.5720017 -0.7614949 0.5525524 -0.8125069 0.1857917 0.7118129 -0.2953106 0.6372708 0.5290416 0.2844382 0.7995061 -0.1590968 0.9257513 0.3430348 -0.133953 0.3710387 -0.9189053 -0.1339516 0.371044 -0.9189034 -0.1339516 0.3710424 -0.918904 -0.1339528 0.371042 -0.918904 -0.6702569 0.5463482 -0.5022542 -0.6779686 0.01875734 -0.7348516 -0.3262501 -0.7144809 -0.6189329 0.5843688 -0.7723349 0.2490223 0.7677671 -0.2339799 0.5964789 -0.1885882 0.9629155 0.1929466 -0.2092878 0.3147024 -0.92583 -0.2092862 0.3147103 -0.9258277 -0.2092865 0.3147097 -0.9258278 -0.2092824 0.3147135 -0.9258275 -0.8693473 0.4869627 -0.08427625 -0.6901561 0.008288979 -0.7236132 -0.357902 -0.3162298 -0.8785812 0.5073134 -0.6593995 -0.5548203 0.8598694 -0.1653594 0.4829916 0.5607556 0.2138219 0.7998959 -0.009512364 0.5405907 0.841232 -0.2632295 0.2665676 -0.9271742 -0.263229 0.26657 -0.9271737 -0.2632312 0.2665644 -0.9271746 -0.2632269 0.2665699 -0.9271743 -0.8545298 0.4674773 -0.226371 -0.6313818 0.0359385 -0.7746391 -0.3633502 -0.2116987 -0.9072818 0.3943747 -0.5783634 -0.7141179 0.8373617 -0.12051 0.5332006 0.5648467 0.2027447 0.7999019 0.03492784 0.5321364 0.8459379 -0.297162 0.1937274 -0.9349676 -0.2971693 0.1937369 -0.9349634 -0.2971695 0.1937371 -0.9349632 -0.2971708 0.1937323 -0.9349638 -0.8166828 0.4098165 -0.4063 -0.6733408 -0.05102068 -0.7375698 -0.375005 -0.4318067 -0.8203136 0.6264564 -0.7509603 -0.2088326 0.8319403 -0.02077156 0.5544762 0.6222819 0.3748015 0.6872329 -0.09838753 0.8417303 0.5308578 -0.326181 0.06359088 -0.943166 -0.3261796 0.06358921 -0.9431667 -0.3261806 0.06359457 -0.9431659 -0.3261831 0.06357955 -0.9431661 -0.7041596 0.1975527 -0.682006 -0.8141541 -0.2676408 -0.515288 -0.08550453 -0.9705998 0.2250005 0.6977122 -0.5516716 0.4570079 0.9711548 0.006996989 0.2383473 0.3740389 0.7589898 -0.5329443 -0.4011434 0.5559221 -0.7280348 -0.3904434 0.04197841 -0.9196695 -0.3904354 0.04196465 -0.9196735 -0.3904368 0.04196673 -0.9196729 -0.390435 0.04197537 -0.9196732 -0.2392033 -0.9584809 -0.1552296 0.6713362 0.6732752 0.309852 -0.3332191 0.93637 -0.1103466 0.6709997 -0.6568138 0.3440279 0.0296778 0.3527005 -0.9352656 -0.8738349 -0.270859 -0.4037923 -0.4284968 -0.04402613 -0.9024701 0.2440916 0.5163011 0.8208852 0.42198 0.4229446 0.8019046 0.02969062 0.3527023 -0.9352645 0.0296874 0.3527121 -0.9352608 0.02968704 0.3527139 -0.9352602 -0.4284987 -0.04402643 -0.9024692 -0.4284738 -0.04402917 -0.9024809 -0.4284744 -0.04400575 -0.9024818 -0.4284788 -0.04401087 -0.9024794</float_array>
          <technique_common>
            <accessor source="#group956064899_001-mesh-normals-array" count="1770" stride="3">
              <param name="X" type="float"/>
              <param name="Y" type="float"/>
              <param name="Z" type="float"/>
            </accessor>
          </technique_common>
        </source>
        <source id="group956064899_001-mesh-map-0">
          <float_array id="group956064899_001-mesh-map-0-array" count="10584">-0.03094619 -0.04973959 -0.03074282 -0.04611092 -0.02884966 -0.04612267 -0.0485394 -0.08946865 -0.04805183 -0.08784985 -0.04617828 -0.08813488 0.003583908 0.1361251 0.001429498 0.1375676 0.003275871 0.1379947 0.03310185 0.01107609 0.03295588 0.009100615 0.03119629 0.01088023 0.03551793 -0.04752826 0.03357994 -0.04760831 0.03313255 -0.0444132 0.03101515 -0.08698898 0.03145456 -0.08854866 0.02949625 -0.08858388 -0.02443879 0.1397955 -0.02254563 0.141613 -0.02248167 0.1397193 -0.03014075 0.03095638 -0.02985018 0.03287953 -0.02793931 0.03290331 -0.1437276 0.01661264 -0.1420367 0.01575744 -0.1463785 0.01047176 0.1443994 0.009549915 0.1418921 0.01564568 0.1435838 0.01649892 -0.1400381 0.00690037 -0.1403172 0.008870184 -0.1387704 0.01212996 -0.02924233 -0.1042489 -0.02957504 -0.1058161 -0.03146821 -0.105798 -0.1475952 0.01255899 -0.1461948 0.01775467 -0.1448816 0.01867258 0.1438076 0.01629734 0.145085 0.0151897 0.1466259 0.01189821 0.1409566 0.01338344 0.143743 0.008964061 0.1434836 0.007036507 0.03600668 0.01215696 0.034087 0.0120297 0.03424566 0.01393502 -0.1383779 0.01444047 -0.1383463 0.01252883 -0.1397426 0.009620487 0.03684484 -0.09118551 0.03636878 -0.08963954 0.03830564 -0.08953714 -0.1396239 0.01520884 -0.1410025 0.01039272 -0.1421892 0.009293437 0.1418848 0.009284436 0.140739 0.01043015 0.1393716 0.01338982 0.1407965 0.00828433 0.1382928 0.0123955 0.13828 0.01437634 -0.1426727 0.01677697 -0.1452476 0.01086574 -0.1470313 0.01150518 -0.02747344 0.03240245 -0.02773785 0.03043067 -0.02967578 0.03045654 0.1445379 0.01727735 0.1471683 0.01097249 0.145385 0.0103321 -0.02666866 -0.04738301 -0.02683043 -0.05098748 -0.02874124 -0.05101364 0.03784126 -0.04072165 0.03976017 -0.04058295 0.04026973 -0.04380309 -0.1422145 -0.05939453 -0.1411301 -0.05742239 -0.1400759 -0.05793541 -0.1837372 -0.02753859 -0.1828569 -0.02697193 -0.1820887 -0.02785921 0.02023273 0.1507704 0.01867336 0.1511526 0.01965695 0.1517928 0.118012 -0.01468789 0.1183575 -0.0158649 0.11695 -0.01521646 0.1458668 -0.05367124 0.1448085 -0.05423927 0.1436962 -0.05257958 0.1686195 -0.05859243 0.1694037 -0.0592184 0.1684313 -0.05994331 -0.02043527 0.1666602 -0.01887542 0.1671167 -0.01938211 0.1660584 -0.1056845 0.005305588 -0.1051229 0.006371021 -0.1040005 0.00599581 -0.1756463 0.005582988 -0.1748487 0.004722416 -0.1785075 0.002587914 0.176518 5.48787e-4 0.1737635 0.00356096 0.1745661 0.004417002 -0.1605176 -0.01912611 -0.1603302 -0.01790851 -0.1588295 -0.01625323 -0.1854717 -0.02618271 -0.1863393 -0.02666383 -0.1870999 -0.02577161 -0.1873839 0.02027457 -0.1853582 0.02292042 -0.1843899 0.02313691 0.1875863 0.0346046 0.1885843 0.03428816 0.1902679 0.03279465 0.1681478 -0.008366763 0.1706658 -0.01039814 0.1709 -0.01157963 0.1203889 -0.01103764 0.1193054 -0.01153326 0.1189785 -0.01039534 -0.1897787 0.03587687 -0.1902512 0.03479129 -0.1917843 0.03351008 0.1764047 -0.04738789 0.1755837 -0.0468139 0.176491 -0.0460267 -0.1891226 0.0347473 -0.1911219 0.03237521 -0.1920711 0.03205484 0.1932522 0.03321045 0.1923124 0.03356236 0.1907824 0.03487962 0.1936123 0.03411859 0.1911401 0.03578376 0.1906204 0.03689491 -0.1768594 0.01010644 -0.1796467 0.007247388 -0.1805395 0.008008837 -0.1036964 0.005213499 -0.1042517 0.004113793 -0.1053801 0.0045228 0.1781809 0.009570717 0.1810939 0.006502687 0.1802033 0.005738735 -0.1384925 -0.06065613 -0.1395447 -0.06262737 -0.1406195 -0.06213212 0.1464692 -0.04634356 0.1475012 -0.04574805 0.1486548 -0.04740494 0.1648243 0.1373591 0.165684 0.1583321 0.1707175 0.1568068 0.00276494 0.1976061 -0.01033318 0.2140087 -0.005532026 0.2161562 -0.1166734 0.1378 -0.1279923 0.1554774 -0.1130959 0.1416555 -0.1672066 0.07390594 -0.1868481 0.08131003 -0.1838189 0.08560961 -0.2000945 0.02932053 -0.2134675 0.04549986 -0.1970095 0.0335803 -0.212225 0.04368746 -0.2226186 0.06192427 -0.2084538 0.0473535 -0.1597908 0.1388844 -0.1707174 0.1568069 -0.1656839 0.1583322 0.002036035 0.1954587 0.005532026 0.2161562 0.01033318 0.2140088 0.1130959 0.1416555 0.1315697 0.1516219 0.1166734 0.1378 0.1672066 0.07390594 0.1868481 0.08131003 0.1702356 0.06960636 0.2000945 0.02932053 0.2134675 0.04549992 0.2165526 0.04124021 0.2084538 0.0473535 0.2263897 0.05825817 0.212225 0.04368746 -0.09564691 -0.05711078 -0.1052187 -0.07187879 -0.1132222 -0.05620545 0.09916967 -0.05320543 0.1093168 -0.05268263 0.1102222 -0.07025796 -0.05794042 -0.04756349 -0.05759835 -0.04394525 -0.05570697 -0.04402941 -0.07922989 -0.08734428 -0.07866156 -0.08575201 -0.07680463 -0.08613079 0.01524204 0.1528891 0.01298797 0.1541703 0.01479822 0.1547312 0.05785548 0.01745593 0.05777782 0.01547658 0.05595785 0.01719427 0.06272584 -0.04467701 0.06079226 -0.04483067 0.06022363 -0.041655 0.06035912 -0.0875352 0.06087142 -0.08907246 0.05891692 -0.0891999 -0.03345155 0.1562215 -0.03138428 0.1578383 -0.03151226 0.1559478 -0.05387264 0.03897953 -0.05351531 0.04089134 -0.05160474 0.04084867 -0.1554369 0.01952385 -0.1537486 0.01866358 -0.1581063 0.01339095 0.1558021 0.01244115 0.1532794 0.0185306 0.154969 0.01938813 -0.1470113 0.008135914 -0.1472974 0.01010459 -0.1457625 0.01336991 -0.06077986 -0.1061132 -0.06120443 -0.1076581 -0.06309318 -0.1075286 -0.163112 0.01828312 -0.1616665 0.0234664 -0.1603454 0.02437293 0.1617807 0.02536618 0.1630721 0.02427506 0.164655 0.02100354 0.150149 0.01439261 0.1529328 0.009971499 0.1526723 0.008044123 0.06091845 0.01886802 0.05900418 0.01867473 0.05909711 0.02058434 -0.1583034 0.02335065 -0.1583024 0.02143871 -0.159745 0.01855301 0.06697249 -0.09076899 0.06642192 -0.08924794 0.06835156 -0.08905166 -0.1589094 0.02382737 -0.1603597 0.01903229 -0.1615627 0.01795089 0.1618476 0.01797163 0.1606838 0.01909893 0.1592693 0.02203649 0.1612675 0.01736319 0.1586949 0.02143162 0.1586488 0.02341187 -0.1552948 0.02071899 -0.1578953 0.01481896 -0.1596761 0.01546615 -0.05112504 0.04030519 -0.05145788 0.03834378 -0.05339366 0.038437 0.1570875 0.02064096 0.1597447 0.01434743 0.1579641 0.01369947 -0.05343574 -0.04562592 -0.05373573 -0.04922157 -0.05564612 -0.0491743 0.0650472 -0.03720915 0.06695961 -0.03699851 0.06758975 -0.04019731 -0.1319206 -0.1100129 -0.1317337 -0.1068584 -0.1297411 -0.1090143 -0.09507906 0.1562341 -0.09884071 0.1567698 -0.09642726 0.1584413 -0.006615102 0.04367113 -0.01009017 0.04501706 -0.007386088 0.04613989 0.08004039 -0.1031183 0.07639652 -0.1024067 0.07875692 -0.1008729 0.1806088 0.09393346 0.1840217 0.09266251 0.1817161 0.09149068 0.04392278 0.1178776 0.04725819 0.1191435 0.04629456 0.1167433 -0.04775393 -0.06887525 -0.04487043 -0.06744688 -0.04535222 -0.07010012 -0.1732951 0.02595674 -0.173614 0.02253144 -0.1756339 0.02543008 0.1983096 0.04072648 0.2003754 0.04228276 0.2027518 0.03697931 -0.1833376 0.02247017 -0.1813593 0.01954305 -0.1847157 0.02015227 -0.1702799 0.08639961 -0.1709147 0.08890682 -0.1675737 0.08821809 -0.1954288 0.05663925 -0.1979023 0.05739504 -0.1956768 0.05977767 -0.1851356 -0.01886713 -0.1867025 -0.0209248 -0.1882231 -0.01816809 -0.1778476 0.01252853 -0.1773598 0.009988605 -0.1804774 0.01053828 -0.1961436 0.04302966 -0.1940258 0.04154509 -0.1967162 0.03963762 -0.05454987 -0.05107897 -0.05292922 -0.05225586 -0.05584055 -0.05362659 -0.1801369 -0.05333298 -0.1782574 -0.05226922 -0.1794255 -0.05520534 0.1994976 0.02976918 0.2015542 0.02910959 0.2029121 0.02659714 0.2106417 0.05825316 0.218347 0.0500257 0.2072749 0.05570209 0.2107256 0.07366973 0.2162172 0.06344324 0.2071987 0.07092964 0.186163 0.121912 0.1900665 0.1130096 0.1821427 0.1197147 0.2182466 0.02178633 0.216125 0.02754616 0.2219374 0.02611029 -0.1719664 -0.09636348 -0.1698372 -0.08312541 -0.16694 -0.09514832 -0.185124 -0.01671969 -0.1797805 -0.00640738 -0.1817157 -0.01797211 -0.1012068 0.01228839 -0.0943337 0.02134197 -0.0978741 0.008946537 -0.009870409 0.06589156 2.10931e-4 0.07117152 -0.006282687 0.06265532 0.0740813 0.1051202 0.08504217 0.1064091 0.07641911 0.1011269 0.1801552 0.09516549 0.1912715 0.0880894 0.1880393 0.0853697 0.1036364 -0.06057864 0.1047289 -0.08053189 0.09504723 -0.05523586 -0.1317646 -0.07534432 -0.1341704 -0.06398862 -0.1296163 -0.05367726 0.07543271 0.1204546 0.07548487 0.1153712 0.06688302 0.1150545 0.175239 0.08468818 0.1661584 0.08914506 0.1669722 0.09416317 0.005661368 0.06703943 0.008167445 0.06314951 -8.36772e-4 0.05852663 -0.0623008 0.009458005 -0.05881798 0.006109118 -0.06531786 -0.003075063 -0.1679237 -0.01856499 -0.1652412 -0.0224483 -0.1691475 -0.0302264 -0.2076156 -0.005637884 -0.2046216 -0.007692337 -0.2097283 -0.0178231 0.1434693 -0.1483795 0.1370609 -0.147756 0.1465857 -0.1430911 0.2180486 0.0572614 0.2121083 0.05800873 0.2123402 0.06593096 0.2115013 0.0672335 0.2071802 0.06571125 0.2022426 0.07442075 0.218683 0.05127573 0.2149285 0.04885685 0.2076002 0.05693137 -0.07909482 -0.07561361 -0.08952718 -0.08403646 -0.1010439 -0.082129 -0.08256024 -0.06529891 -0.1045719 -0.07159948 -0.1116557 -0.06494271 0.07480943 0.01444131 0.06792801 0.01050913 0.05740386 0.009196877 0.06670433 -0.09617137 0.05749624 -0.08954381 0.05480766 -0.08126544 -0.06211602 -0.06060039 -0.05882793 -0.0714814 -0.06321245 -0.08223658 -0.08040255 -0.05530709 -0.08274203 -0.07684433 -0.1118373 -0.07647299 -0.08298856 -0.05804491 -0.07376867 -0.06471616 -0.1047374 -0.08655822 -0.1125804 -0.0386008 -0.1018565 -0.03094309 -0.09091651 -0.0323984 -0.1040852 -0.06516951 -0.08259207 -0.0583989 -0.1043022 -0.08694165 0.1216884 -0.1757928 0.1159 -0.1795333 0.1154054 -0.1743858 0.06704765 0.210774 0.06047928 0.2128603 0.05776834 0.2178571 0.1063331 -0.07042074 0.08925336 -0.07664483 0.07639974 -0.06255578 0.1053216 -0.07375663 0.07541155 -0.06580376 0.078776 -0.05506694 0.1000999 -0.08096814 0.07384872 -0.06186705 0.08220058 -0.0561493 0.09114068 -0.08823722 0.07392513 -0.06293922 0.08252441 -0.06255882 0.1277689 -0.04913747 0.132256 -0.05907577 0.1305026 -0.06893271 -0.0940212 -0.07333248 -0.09625661 -0.07109892 -0.0933215 -0.07103943 0.1126558 0.1640251 0.1101105 0.1668462 0.1130344 0.1665835 0.0995292 0.1223317 0.09688174 0.1249544 0.09980916 0.124903 0.09759902 -0.02132201 0.09496665 -0.01870375 0.09778136 -0.01874208 0.09289842 -0.1500726 0.09024107 -0.152563 0.09021812 -0.1499767 -0.1011089 0.1629475 -0.09868818 0.1655682 -0.0984801 0.1629903 -0.09865891 0.02598077 -0.09676718 0.02858388 -0.09596294 0.02600991 -0.1912429 0.04315567 -0.189511 0.0401833 -0.1928396 0.04136735 0.1710088 0.06007587 0.1735573 0.06051695 0.1732492 0.0547136 -0.1939519 0.03904038 -0.1906343 0.03782582 -0.1937119 0.03635454 -0.1913663 0.03237652 -0.1933982 0.03397685 -0.1903301 0.03546798 -0.1561608 -0.006502032 -0.1586239 -0.00729078 -0.1581532 -0.0040645 -0.1095821 0.02424824 -0.1105078 0.02183324 -0.1127416 0.02405172 -0.1148532 0.09159624 -0.1137797 0.08924311 -0.116939 0.08904153 -0.1653278 0.09601432 -0.1627914 0.09550845 -0.1644856 0.0926789 -0.1099274 0.03789007 -0.1079421 0.03762531 -0.1098515 0.03503519 -0.1316235 -0.07588464 -0.1315207 -0.07372736 -0.1296603 -0.0762816 0.1556514 0.05481499 0.1572655 0.05337995 0.1574909 0.05053281 0.01960611 -0.0690872 0.01901477 -0.06550121 0.02086508 -0.06510061 0.01807427 -0.1240762 0.01807528 -0.1223855 0.01995164 -0.1221192 0.02365744 0.1621363 0.02218592 0.1642709 0.02405977 0.1639879 -7.29553e-4 0.002745926 -0.001239359 8.31904e-4 -0.002638459 0.002906858 -0.01305323 -0.068394 -0.0149641 -0.06806099 -0.01472342 -0.06484377 -0.03641498 -0.1112596 -0.03642803 -0.11288 -0.03831845 -0.1123677 -0.05796289 0.1609486 -0.05696928 0.1633778 -0.05614292 0.1616726 -3.04324e-4 0.02945727 -3.76437e-4 0.03140074 0.001496613 0.03177952 -0.1757681 0.03187811 -0.1741745 0.03085309 -0.1790379 0.02604305 0.1776171 0.0252977 0.1744794 0.03109431 0.1760716 0.03212153 -0.178651 0.0285663 -0.1786569 0.03055578 -0.1766772 0.03357219 0.0550605 -0.1268316 0.05531531 -0.1284134 0.05354315 -0.1290793 -0.1743502 0.01919639 -0.1725881 0.0242806 -0.1712137 0.02510404 0.1656113 0.01216161 0.1669376 0.01111304 0.1686262 0.007894814 0.1762712 0.03339076 0.1795759 0.02934426 0.1795537 0.02739948 0.003271043 0.003896892 0.001360297 0.00412178 0.001863539 0.005966246 -0.1555308 0.006982386 -0.1555399 0.005070567 -0.1569977 0.002192497 -0.03125911 -0.1192198 -0.03127712 -0.1176023 -0.02939081 -0.1180536 -0.158377 0.009614169 -0.1598961 0.004840493 -0.1611145 0.003776431 0.1592648 0.002712905 0.1580943 0.003833413 0.1566627 0.006762444 0.1568343 -2.23626e-4 0.1542677 0.003848493 0.1542245 0.005828917 -0.1735576 0.0293982 -0.1766873 0.02376097 -0.1784014 0.02456831 0.00217849 0.0312516 0.002286255 0.0292651 3.77527e-4 0.02892941 0.1753889 0.03105014 0.1786135 0.02502757 0.1769001 0.02421855 0.02398973 -0.06567138 0.02462625 -0.06922292 0.02276813 -0.06966954 -0.007544696 -0.06225806 -0.005638062 -0.06251597 -0.005799949 -0.06577217 -0.02561253 -0.05915439 -0.02568441 -0.05552071 -0.02379584 -0.05538904 -0.04076129 -0.1093631 -0.04042637 -0.1077061 -0.0385344 -0.1078155 0.02233129 0.158061 0.02042186 0.1598148 0.02231168 0.1599557 0.03348749 0.01156944 0.03321194 0.009607851 0.03157311 0.01149916 0.03136211 -0.05698698 0.02942359 -0.05692505 0.02921104 -0.05370593 0.02038019 -0.1035639 0.0206691 -0.1051583 0.01871633 -0.1050069 -0.0510804 0.1580435 -0.04953819 0.160167 -0.04914069 0.1583143 -0.0315054 0.03598994 -0.03134423 0.03792822 -0.02943933 0.03807991 -0.1673791 0.02906829 -0.1657327 0.02813029 -0.1703311 0.02306634 0.1684141 0.0221703 0.1656021 0.02813172 0.1672487 0.0290693 -0.163998 0.02071416 -0.1641544 0.02269738 -0.1624087 0.02585512 -0.01334422 -0.1247979 -0.0134837 -0.126394 -0.01536494 -0.1266065 -0.1709633 0.022996 -0.1693702 0.02813589 -0.1680239 0.02900427 0.1663011 0.02375555 0.1676089 0.02268403 0.169241 0.01943683 0.1647343 0.02661389 0.1677667 0.02235949 0.1676171 0.02042037 0.03702098 0.01301366 0.035097 0.01301032 0.03537797 0.01490139 -0.1599739 0.02032685 -0.1599785 0.01841497 -0.1614297 0.01553344 0.02704858 -0.1091235 0.02672117 -0.1075394 0.0286591 -0.1076211 -0.161553 0.02179378 -0.163037 0.01700901 -0.1642475 0.01593601 0.1636052 0.01546168 0.1624377 0.01658529 0.1610138 0.01951813 0.1622211 0.01377499 0.1596488 0.0178436 0.1596029 0.0198239 -0.1662784 0.02870184 -0.169127 0.02291744 -0.1708788 0.02363961 -0.0288608 0.03752464 -0.02899223 0.03553944 -0.03092741 0.03543514 0.1681191 0.02939724 0.171043 0.0232231 0.1692917 0.02249956 -0.0210644 -0.05665981 -0.02094841 -0.06026607 -0.02285158 -0.06043916 0.03521645 -0.04973495 0.03714036 -0.04973125 0.03742277 -0.05297923 -0.1400756 0.01488482 -0.1404952 0.01709604 -0.1393557 0.01737165 -0.1395516 -0.03592497 -0.1395834 -0.03487843 -0.1384271 -0.0346778 0.1864927 0.04078549 0.1860985 0.04234188 0.1871254 0.04177361 0.153896 0.06397742 0.1535128 0.06281214 0.1527217 0.06414479 0.14412 0.01663327 0.1429451 0.01688271 0.1431671 0.01886826 0.1293314 -0.02927231 0.1293313 -0.03027582 0.1281581 -0.0299679 -0.1772118 -0.05146259 -0.1776663 -0.0499022 -0.1766086 -0.05041033 -0.1555496 0.07686269 -0.155669 0.07806116 -0.1545259 0.07836747 -0.1252421 0.06576728 -0.1241038 0.06548255 -0.1260012 0.06169533 0.1230712 0.06241339 0.1223806 0.06643629 0.1235184 0.06672304 -0.09709942 0.067348 -0.09748393 0.06851845 -0.09689575 0.07067406 -0.1190508 -0.05854666 -0.1189449 -0.05953311 -0.1200627 -0.05988699 -0.1492745 0.0618723 -0.1492614 0.06520456 -0.1486212 0.06596249 0.1655508 0.06967228 0.1661156 0.06879073 0.1664544 0.06656575 0.1088095 0.06364387 0.1099632 0.06062132 0.1095712 0.05948251 0.1563757 0.06367301 0.1552041 0.06388986 0.1555902 0.06500905 -0.1719658 0.06203311 -0.1715994 0.06090736 -0.1718969 0.05893164 0.1322888 -0.03392469 0.1322848 -0.03292304 0.133451 -0.03321087 -0.1689963 0.0633713 -0.168951 0.06026929 -0.1694576 0.05940514 0.1723816 0.05734616 0.1719107 0.05823218 0.1716372 0.06023252 0.1748373 0.05677908 0.1741111 0.05967015 0.1744672 0.06084412 -0.1303898 0.06759744 -0.1310973 0.06366783 -0.1322634 0.06379848 -0.1540683 0.07833909 -0.1539268 0.07711529 -0.155094 0.07683575 0.1305145 0.06519693 0.1312052 0.06102311 0.1300393 0.06089019 -0.1373544 0.01628607 -0.13692 0.01409435 -0.1380653 0.01379668 0.1475132 0.02196097 0.1486844 0.02174252 0.1484836 0.01973348 -0.03648734 -0.06642609 -0.03647339 -0.06279176 -0.03458213 -0.06270486 -0.05327963 -0.1053509 -0.05287122 -0.1037103 -0.05098605 -0.103904 0.02737903 0.1358526 0.0254116 0.1375412 0.02729564 0.1377456 0.0420686 -0.00384742 0.0418393 -0.005814909 0.04015642 -0.003962755 0.04175865 -0.06410413 0.03981918 -0.06409335 0.03952187 -0.06088078 0.03304827 -0.1037757 0.03338122 -0.1053615 0.03142493 -0.1052643 -0.04858005 0.1381826 -0.04689884 0.1401978 -0.04662638 0.1383227 -0.03986001 0.01741623 -0.03965586 0.01935034 -0.03774797 0.01945984 -0.1501452 0.02093118 -0.1485674 0.01988202 -0.1535035 0.01514673 0.1515213 0.01409864 0.148307 0.01985305 0.1498852 0.02090138 -0.1458489 0.01154124 -0.145877 0.01353055 -0.1439311 0.01656889 -0.02755761 -0.1205492 -0.02774882 -0.12214 -0.0296359 -0.1222913 -0.1558633 0.0164929 -0.1539103 0.02150702 -0.1525058 0.02227789 0.1525532 0.01955765 0.153935 0.01858341 0.1557976 0.01546257 0.1468271 0.01763659 0.1501379 0.01359522 0.1501187 0.01165038 0.04518288 -0.002619743 0.04325962 -0.002671301 0.04349315 -7.7379e-4 -0.1480761 0.0155186 -0.1482173 0.01361197 -0.1498705 0.01084148 0.03974646 -0.1076404 0.03936463 -0.1060685 0.04130423 -0.1060834 -0.1490218 0.01681774 -0.1508443 0.01215153 -0.1521285 0.011168 0.1520284 0.01061797 0.1507838 0.0116555 0.1491546 0.01447951 0.1511849 0.009237587 0.1483294 0.01311278 0.1481426 0.01508486 -0.1494168 0.02092748 -0.15266 0.01535487 -0.1543574 0.01619678 -0.03724271 0.01893866 -0.03741765 0.01695692 -0.03935474 0.01689517 0.1512007 0.02150511 0.154546 0.01554876 0.1528491 0.01470541 -0.03206843 -0.0639888 -0.03203332 -0.06759679 -0.03393971 -0.0677272 0.04495012 -0.05702584 0.04687321 -0.05696666 0.04724919 -0.06020516 -0.1148471 -0.02512705 -0.1147423 -0.02287882 -0.1135699 -0.02287513 -0.1317301 -0.06835269 -0.1314459 -0.06734508 -0.1302828 -0.06750118 0.08607131 0.170059 0.0847429 0.1709608 0.08588796 0.1712179 0.1179437 0.03970628 0.117842 0.03848379 0.1167625 0.03959584 0.1197313 -0.02165073 0.1185307 -0.0216878 0.1182743 -0.0197063 0.114476 -0.06968086 0.114737 -0.07064974 0.1135241 -0.07065767 -0.1118061 0.1582083 -0.1106602 0.1593608 -0.1105933 0.1581892 -0.1146473 0.06270062 -0.1144774 0.06389302 -0.1132943 0.06391769 -0.1575958 0.03314828 -0.1565328 0.03265154 -0.1591182 0.02929615 0.1566241 0.02899175 0.1551893 0.03281313 0.1562529 0.03330874 -0.1364597 0.02493315 -0.1366683 0.02614742 -0.1357702 0.02819335 -0.1130004 -0.09384292 -0.1131924 -0.09481632 -0.1143649 -0.09482192 -0.1744728 0.03719693 -0.1737079 0.0404402 -0.1729131 0.0410341 0.1816515 0.04845458 0.1824204 0.04774385 0.1833094 0.04567635 0.1458089 0.02610373 0.1474504 0.0233156 0.1472535 0.02212738 0.1210628 0.04163759 0.1198732 0.0415706 0.1199831 0.04274946 -0.1848198 0.04492223 -0.1847633 0.04373955 -0.1855713 0.04191237 0.1209153 -0.0714823 0.1206339 -0.07052087 0.121834 -0.07047426 -0.1834502 0.04510891 -0.1842098 0.04210114 -0.1849229 0.04139763 0.1866987 0.040847 0.1860118 0.04157835 0.1852226 0.04343658 0.187676 0.04095166 0.1862054 0.04354453 0.1862356 0.04477077 -0.1605738 0.03633505 -0.1620531 0.03262633 -0.1631695 0.03298753 -0.112796 0.06345719 -0.1129495 0.06223475 -0.1141497 0.06224077 0.1613938 0.03444987 0.1628996 0.03049635 0.1617833 0.03013455 -0.111272 -0.02477741 -0.1113523 -0.02701032 -0.1125354 -0.02703714 0.1231373 -0.01462185 0.1243266 -0.01454961 0.1246192 -0.01654726 -0.1574589 -0.06635016 -0.1558338 -0.0647931 -0.1549816 -0.06559818 -0.1962724 0.01012897 -0.1952342 0.01026433 -0.1949197 0.009133756 -0.01011794 0.1167356 -0.01169991 0.1170105 -0.01076227 0.1177163 0.1146391 -0.04565614 0.1152151 -0.04673916 0.1137056 -0.04638808 0.1597591 -0.06085658 0.1589159 -0.06171196 0.1573628 -0.06045526 0.1915062 -0.02447617 0.1924844 -0.02469909 0.1919237 -0.02577453 0.0121656 0.1380926 0.01375496 0.1384327 0.01317143 0.1374146 -0.09593343 -0.0307756 -0.0951963 -0.02982312 -0.09415566 -0.03038644 -0.1921248 0.0128948 -0.1915535 0.01186978 -0.1956137 0.01066237 0.19445 0.007962644 0.1910642 0.01024234 0.1916429 0.01126313 -0.1859094 -0.01554989 -0.1854588 -0.01440334 -0.1836307 -0.01311862 -0.1939975 0.03670418 -0.1949889 0.03674209 -0.1951774 0.03789913 -0.1983538 0.02544206 -0.1957592 0.02753299 -0.1947672 0.02751404 0.195243 0.03307759 0.196287 0.03300029 0.1982702 0.03193593 0.189151 3.02305e-4 0.1920782 -0.001075506 0.1925853 -0.00216794 0.1164508 -0.04165923 0.1154892 -0.04236268 0.11494 -0.04131376 -0.194717 0.03510439 -0.1954336 0.03416192 -0.1972269 0.03328114 0.1956467 -0.01016581 0.1946577 -0.01000648 0.1951315 -0.008902847 -0.1948429 0.03444451 -0.1973465 0.03261268 -0.1983445 0.03252571 0.1985214 0.03385752 0.1975251 0.03397554 0.1957254 0.03489071 0.1984131 0.03403651 0.1956155 0.03506529 0.1948462 0.03602069 -0.1921071 0.01560139 -0.1954871 0.01347589 -0.1961765 0.01442539 -0.09396332 -0.03124594 -0.09470015 -0.03223323 -0.09574097 -0.03163576 0.1931484 0.0168823 0.1967076 0.01459562 0.1960244 0.01364165 -0.1541424 -0.06800913 -0.1557406 -0.06957054 -0.1566157 -0.06877392 0.1583981 -0.055386 0.1592144 -0.05451828 0.1607969 -0.05577224 0.003583908 0.1361251 0.00171715 0.1356948 0.001429498 0.1375676 -0.02443879 0.1397955 -0.02448219 0.1416898 -0.02254563 0.141613 0.02023273 0.1507704 0.01923805 0.150124 0.01867336 0.1511526 -0.02043527 0.1666602 -0.01991707 0.1677129 -0.01887542 0.1671167 0.1648243 0.1373591 0.1597909 0.1388843 0.165684 0.1583321 0.00276494 0.1976061 -0.002036035 0.1954587 -0.01033318 0.2140087 -0.1166734 0.1378 -0.1315697 0.1516219 -0.1279923 0.1554774 -0.1672066 0.07390594 -0.1702356 0.06960636 -0.1868481 0.08131003 -0.2000945 0.02932053 -0.2165526 0.04124021 -0.2134675 0.04549986 -0.212225 0.04368746 -0.2263897 0.05825817 -0.2226186 0.06192427 -0.1597908 0.1388844 -0.1648243 0.1373591 -0.1707174 0.1568069 0.002036035 0.1954587 -0.00276494 0.1976061 0.005532026 0.2161562 0.1130959 0.1416555 0.1279923 0.1554774 0.1315697 0.1516219 0.1672066 0.07390594 0.1838189 0.08560961 0.1868481 0.08131003 0.2000945 0.02932053 0.1970095 0.0335803 0.2134675 0.04549992 0.2084538 0.0473535 0.2226186 0.06192427 0.2263897 0.05825817 -0.1132222 -0.05620545 -0.1093168 -0.05268263 -0.09564691 -0.05711078 -0.1093168 -0.05268263 -0.1041732 -0.0515846 -0.09564691 -0.05711078 -0.1041732 -0.0515846 -0.09916967 -0.05320543 -0.09564691 -0.05711078 -0.09564691 -0.05711078 -0.09454882 -0.06225436 -0.09616965 -0.06725794 -0.09616965 -0.06725794 -0.1000751 -0.07078069 -0.1052187 -0.07187879 -0.1052187 -0.07187879 -0.1102222 -0.07025796 -0.1137449 -0.06635254 -0.1137449 -0.06635254 -0.114843 -0.06120896 -0.1052187 -0.07187879 -0.114843 -0.06120896 -0.1132222 -0.05620545 -0.1052187 -0.07187879 -0.09564691 -0.05711078 -0.09616965 -0.06725794 -0.1052187 -0.07187879 0.1093168 -0.05268263 0.1132222 -0.05620545 0.1102222 -0.07025796 0.1132222 -0.05620545 0.114843 -0.06120896 0.1102222 -0.07025796 0.114843 -0.06120896 0.1137449 -0.06635254 0.1102222 -0.07025796 0.1102222 -0.07025796 0.1052187 -0.07187879 0.1000751 -0.07078069 0.1000751 -0.07078069 0.09616965 -0.06725794 0.1102222 -0.07025796 0.09616965 -0.06725794 0.09454882 -0.06225436 0.1102222 -0.07025796 0.09454882 -0.06225436 0.09564691 -0.05711078 0.09916967 -0.05320543 0.09916967 -0.05320543 0.1041732 -0.0515846 0.1093168 -0.05268263 0.09454882 -0.06225436 0.09916967 -0.05320543 0.1102222 -0.07025796 0.01524204 0.1528891 0.01341176 0.1523235 0.01298797 0.1541703 -0.03345155 0.1562215 -0.0333032 0.1581104 -0.03138428 0.1578383 -0.09507906 0.1562341 -0.09748584 0.1545668 -0.09884071 0.1567698 -0.006615102 0.04367113 -0.009211957 0.04258435 -0.01009017 0.04501706 0.08004039 -0.1031183 0.07779371 -0.1045831 0.07639652 -0.1024067 0.1806088 0.09393346 0.182938 0.09505784 0.1840217 0.09266251 0.04392278 0.1178776 0.04482364 0.1203019 0.04725819 0.1191435 0.2003754 0.04228276 0.2039377 0.03927779 0.2027518 0.03697931 0.2027518 0.03697931 0.2002153 0.03647351 0.1982384 0.03814113 0.1982384 0.03814113 0.1983096 0.04072648 0.2027518 0.03697931 0.1126558 0.1640251 0.1097396 0.1642866 0.1101105 0.1668462 0.0995292 0.1223317 0.09671449 0.1223735 0.09688174 0.1249544 0.09759902 -0.02132201 0.09491717 -0.0212897 0.09496665 -0.01870375 0.09289842 -0.1500726 0.0928685 -0.1526588 0.09024107 -0.152563 -0.1011089 0.1629475 -0.1013838 0.1655192 -0.09868818 0.1655682 0.1735573 0.06051695 0.1753539 0.05621665 0.1732492 0.0547136 0.1732492 0.0547136 0.1707617 0.05542194 0.1697646 0.05780839 0.1697646 0.05780839 0.1710088 0.06007587 0.1732492 0.0547136 0.02365744 0.1621363 0.02176344 0.1624239 0.02218592 0.1642709 -0.05796289 0.1609486 -0.05877053 0.1626627 -0.05696928 0.1633778 0.02233129 0.158061 0.02042078 0.1579201 0.02042186 0.1598148 -0.0510804 0.1580435 -0.05145782 0.1599003 -0.04953819 0.160167 0.1864927 0.04078549 0.1854551 0.04136061 0.1860985 0.04234188 -0.1772118 -0.05146259 -0.1782639 -0.05094295 -0.1776663 -0.0499022 0.02737903 0.1358526 0.0254743 0.1356475 0.0254116 0.1375412 -0.04858005 0.1381826 -0.04883199 0.1400606 -0.04689884 0.1401978 0.08607131 0.170059 0.08491367 0.1697999 0.0847429 0.1709608 -0.1118061 0.1582083 -0.1118602 0.1593804 -0.1106602 0.1593608 -0.01011794 0.1167356 -0.01106625 0.1160229 -0.01169991 0.1170105 0.0121656 0.1380926 0.01276028 0.1391042 0.01375496 0.1384327 0.1874744 0.1069333 0.1824827 0.1099312 0.1913599 0.1126755 0.0230425 0.2043198 0.01745283 0.2026892 0.02141821 0.2110053 -0.111488 0.1546823 -0.1155614 0.1505216 -0.1161219 0.1597346 -0.1660293 0.08598577 -0.1693021 0.08116984 -0.1713957 0.0902692 -0.194285 0.04030883 -0.1974089 0.03539484 -0.1996824 0.0446226 -0.2076451 0.0406897 -0.2112992 0.03615629 -0.2124162 0.04577505 -0.1770065 0.1176609 -0.1821299 0.1148942 -0.1793159 0.1243116 -0.02408605 0.1974969 -0.02971744 0.1989776 -0.02115726 0.2039566 0.1045626 0.1491548 0.1003366 0.1531603 0.1102191 0.1534739 0.1611768 0.07872444 0.1578352 0.08349293 0.1675014 0.08196491 0.1917428 0.02966326 0.1886688 0.03460842 0.1981074 0.03272789 0.2107948 0.03479123 0.2071589 0.03933924 0.2129016 0.04322391 -0.08693611 -0.07081192 -0.09742325 -0.06674349 -0.09914338 -0.05562704 0.09920722 -0.05966085 0.09276098 -0.06887918 0.07679432 -0.05771392 0.1904315 0.04462915 0.1967335 0.04767793 0.1998754 0.04277557 0.2104369 0.03283673 0.2138718 0.028135 0.2078692 0.02453273 0.1601543 0.09464275 0.1664587 0.09782934 0.1698132 0.09307003 0.09951317 0.1648921 0.1051503 0.1692193 0.1093948 0.1652333 -0.05041533 0.202413 -0.0480194 0.2091145 -0.04229032 0.2080745 -0.1978034 0.09113264 -0.2009732 0.09747761 -0.1962138 0.1008321 -0.210034 0.02335017 -0.2151707 0.02816462 -0.2117542 0.03287965 -0.1905205 0.03451174 -0.196033 0.03878217 -0.192925 0.04370611 -0.1574689 0.08774131 -0.1627497 0.09219717 -0.1593097 0.09689515 -0.09415251 0.1591412 -0.09837275 0.1645575 -0.09397119 0.1683694 0.04746949 0.1958902 0.04670292 0.2027027 0.05244946 0.2036415 0.1863321 0.1030734 0.1903879 0.1086309 0.1953002 0.1055046 0.1690885 0.0106765 0.1710744 0.00300461 0.166609 0.01065444 -0.1649026 -0.003656446 -0.1662379 -0.01251453 -0.1710511 -0.006224811 -0.1743513 0.0499987 -0.1790982 0.04323983 -0.1756117 0.05035644 0.1235546 0.003599286 0.1291171 -0.003293991 0.1227638 -0.008030831 -0.1063542 0.02443104 -0.09533745 0.02648913 -0.09981673 0.01995182 0.1440276 -0.02784425 0.1493226 -0.02194803 0.1532924 -0.02407515 0.1566986 -0.008622169 0.1618885 -0.001621246 0.1659747 -0.003554761 -0.04727089 0.02574008 -0.04090046 0.03299617 -0.04720002 0.02582091 -0.1706833 0.04897224 -0.1752051 0.04692894 -0.1764727 0.04726058 0.09380251 -0.01261276 0.08873146 -0.006093621 0.09539449 -0.001064777 0.1536428 -0.02435553 0.1484985 -0.0309298 0.1443884 -0.02814978 -0.1700324 0.04427647 -0.1753022 0.04334288 -0.1708093 0.04544889 0.1735025 0.003262639 0.1700125 -0.004320383 0.1648527 -0.002898991 0.1632656 -0.01534402 0.1694165 -0.01792097 0.1669372 -0.01795232 0.1149901 -0.09834468 0.1145412 -0.09861153 0.1149335 -0.09827917 0.1680143 0.05204004 0.1635793 0.04532897 0.1620353 0.05227124 -0.1685364 0.01105767 -0.169012 0.01815795 -0.1651565 0.01937907 0.173966 0.01937621 0.1741933 0.01841735 0.1685594 0.01933151 0.1745346 0.01652193 0.1684111 0.01041674 0.1689141 0.01751524 -0.1711276 -0.01240283 -0.166527 -0.009220123 -0.1660484 -0.01038897 -0.17048 0.02314376 -0.1754071 0.03027838 -0.1660987 0.03161436 -0.09366971 0.07058787 -0.1020188 0.07400727 -0.1013084 0.07469016 0.1657719 -0.00395292 0.1659318 -0.005185544 0.1605964 -0.002515435 0.1750584 0.001214802 0.1733554 -0.005694448 0.1699013 0.004214704 -0.1795136 0.0247237 -0.1797469 0.02585226 -0.1693001 0.02907329 -0.1750424 -0.002325594 -0.1760113 0.004740059 -0.1709012 0.007340252 0.01291269 0.06500935 0.01229125 0.06403893 0.007200717 0.06901168 -0.1613731 -0.03281807 -0.1571618 -0.03136271 -0.1560556 -0.03176349 -0.1653407 0.02088522 -0.164416 0.01344645 -0.1687891 0.01259189 -0.1659595 -0.01120406 -0.1611539 -0.01124364 -0.1654659 -0.01236659 -0.1594177 0.06887251 -0.1606765 0.0614829 -0.1654824 0.06151276 0.1700543 0.005326569 0.1686375 -0.001497626 0.1633473 -1.3095e-4 -0.1433261 -0.0239374 -0.1485358 -0.02597564 -0.1512017 -0.01953577 0.1747201 -0.001880586 0.1697736 0.001113176 0.1710759 0.007960319 0.08307093 -0.118255 0.08705204 -0.1221852 0.08903974 -0.1276147 -0.1685905 -4.45757e-5 -0.1621813 -0.005884051 -0.1723649 -0.009859502 0.1549156 -0.02659058 0.154943 -0.02560549 0.160014 -0.02828097 -0.04363608 -0.002440989 -0.04293906 -0.001411855 -0.03801763 -0.006573617 0.1664014 0.03337281 0.160413 0.03332042 0.1624478 0.03422451 0.1684318 0.04893571 0.1644654 0.04972499 0.1738384 0.04896718 -0.1734871 0.05925607 -0.1720113 0.05039811 -0.1770771 0.0611301 -0.1563271 0.09616732 -0.1590168 0.08759939 -0.1594144 0.09936535 -0.1642264 0.06617623 -0.1679528 0.05800575 -0.1678554 0.06995773 -0.1753627 0.03313601 -0.179783 0.02531909 -0.1795653 0.03765362 -0.182259 0.03448146 -0.1880173 0.02759057 -0.1866779 0.04091787 -0.1501676 0.09529978 -0.1583588 0.09161913 -0.1520251 0.102678 -0.03082752 0.1696016 -0.03943359 0.1721664 -0.03105431 0.1747547 0.0468055 0.109857 0.03998684 0.1157008 0.05150091 0.114591 0.1122879 0.05184721 0.1074437 0.05940872 0.1167029 0.0545988 0.130896 -0.01504063 0.1272815 -0.006820142 0.1364362 -0.01332324 0.1713787 -0.02783143 0.1674849 -0.01973932 0.1765879 -0.02584147 0.1796156 0.06823092 0.1722953 0.0734325 0.1763011 0.07402753 -0.07037109 -0.049061 -0.05781412 -0.0610314 -0.07934868 -0.04927569 0.1066147 -0.05584889 0.07666182 -0.05345642 0.09371018 -0.02871274 0.1369197 -0.07685887 0.142276 -0.07787376 0.1444824 -0.08479028 0.1344746 -0.0865423 0.1370344 -0.09381973 0.1317158 -0.09262311 0.1479602 0.02838885 0.1533336 0.0298801 0.1573244 0.0221911 0.1079057 0.06019711 0.1134662 0.06184726 0.1171628 0.05538302 0.04345542 0.1374629 0.04739332 0.1408621 0.05495822 0.1362417 -0.01954215 0.1460111 -0.01586139 0.1515707 -0.01098811 0.1479451 -0.1594474 0.09080308 -0.1626865 0.09481739 -0.1531892 0.1019048 -0.1887589 0.02017527 -0.1933101 0.02627247 -0.1879439 0.03354489 -0.1675277 0.02211439 -0.1729141 0.02776598 -0.1675299 0.0344507 -0.1325541 0.07885837 -0.1363491 0.08372348 -0.1306419 0.09065681 -0.07149863 0.1471004 -0.07300788 0.1521195 -0.06570893 0.1573511 0.07567983 0.1626422 0.07807928 0.1663841 0.08705258 0.1660335 -0.08405655 0.03275656 -0.09475708 0.02766448 -0.1001901 0.03038036 -0.06428879 -0.08432435 -0.08033126 -0.08725279 -0.08793693 -0.08270001 -0.06124299 -0.04595249 -0.08490371 -0.04452252 -0.08764916 -0.03760039 -0.0670951 -0.06085765 -0.09338331 -0.05214184 -0.09332406 -0.04347914 -0.08868402 -0.07969355 -0.1137235 -0.06064099 -0.1083896 -0.05571579 -0.1061272 -0.08276408 -0.1242418 -0.05756282 -0.1180632 -0.05294346 -0.04765576 -0.06990742 -0.05263423 -0.07745051 -0.06977903 -0.0502882 -0.07015889 -0.074795 -0.07059437 -0.08336728 -0.09117454 -0.0621351 -0.09914338 -0.05562704 -0.09570413 -0.05092859 -0.09037643 -0.04857921 -0.09037643 -0.04857921 -0.08458781 -0.04920846 -0.07988929 -0.05264765 -0.07988929 -0.05264765 -0.07753992 -0.05797541 -0.07816916 -0.06376409 -0.07816916 -0.06376409 -0.08160841 -0.06846255 -0.07988929 -0.05264765 -0.08160841 -0.06846255 -0.08693611 -0.07081192 -0.07988929 -0.05264765 -0.08693611 -0.07081192 -0.09272474 -0.07018274 -0.09742325 -0.06674349 -0.09742325 -0.06674349 -0.09977263 -0.06141573 -0.09914338 -0.05562704 -0.09914338 -0.05562704 -0.09037643 -0.04857921 -0.08693611 -0.07081192 -0.09037643 -0.04857921 -0.07988929 -0.05264765 -0.08693611 -0.07081192 0.09444701 -0.04946905 0.09819257 -0.05392718 0.09920722 -0.05966085 0.09920722 -0.05966085 0.0972191 -0.06513369 0.09276098 -0.06887918 0.09276098 -0.06887918 0.08702737 -0.06989389 0.08155453 -0.06790578 0.08155453 -0.06790578 0.07780897 -0.06344765 0.09276098 -0.06887918 0.07780897 -0.06344765 0.07679432 -0.05771392 0.09276098 -0.06887918 0.07679432 -0.05771392 0.07878237 -0.0522412 0.09444701 -0.04946905 0.07878237 -0.0522412 0.0832405 -0.04849565 0.09444701 -0.04946905 0.0832405 -0.04849565 0.08897417 -0.04748094 0.09444701 -0.04946905 0.09444701 -0.04946905 0.09920722 -0.05966085 0.07679432 -0.05771392 -0.1649026 -0.003656446 -0.1606207 -0.01031923 -0.1662379 -0.01251453 -0.1063542 0.02443104 -0.1018749 0.03096848 -0.09533745 0.02648913 0.1659747 -0.003554761 0.1567007 -0.008729577 0.1566986 -0.008622169 0.1566986 -0.008622169 0.1617906 -0.001574993 0.1618885 -0.001621246 -0.04727089 0.02574008 -0.04146277 0.03393852 -0.04090046 0.03299617 0.1149901 -0.09834468 0.1171903 -0.1022745 0.1145412 -0.09861153 0.1680143 0.05204004 0.1689846 0.04499453 0.1635793 0.04532897 -0.07037109 -0.049061 -0.06248885 -0.05336385 -0.05781412 -0.0610314 0.09371018 -0.02871274 0.1021718 -0.03172034 0.1066147 -0.05584889 0.1021718 -0.03172034 0.107996 -0.03855568 0.1066147 -0.05584889 0.107996 -0.03855568 0.1096222 -0.04738742 0.1066147 -0.05584889 0.1066147 -0.05584889 0.0997793 -0.06167316 0.09094756 -0.06329935 0.09094756 -0.06329935 0.08248603 -0.06029176 0.1066147 -0.05584889 0.08248603 -0.06029176 0.07666182 -0.05345642 0.1066147 -0.05584889 0.07666182 -0.05345642 0.07503563 -0.0446248 0.09371018 -0.02871274 0.07503563 -0.0446248 0.07804316 -0.03616321 0.09371018 -0.02871274 0.07804316 -0.03616321 0.0848785 -0.03033906 0.09371018 -0.02871274 0.163565 0.02841401 0.1692128 0.02632689 0.1691316 0.02635693 -0.1438912 -0.01832705 -0.1437191 -0.02795499 -0.1490276 -0.02207094 -0.1656848 0.04848396 -0.1700079 0.04399824 -0.1707872 0.04516911 0.1617967 0.0443024 0.1616731 0.04568094 0.1674924 0.04247474 -0.1202194 -0.02966332 -0.114588 -0.03523916 -0.1260336 -0.03287869 -0.1551427 0.01062846 -0.1544105 0.009574532 -0.163703 0.001709461 0.1189069 -0.03350698 0.1248529 -0.02824169 0.1304203 -0.03136771 -0.01932621 0.1221185 -0.02028113 0.1229757 -0.01390171 0.1276773 -0.1248565 -0.03467398 -0.119118 -0.03990042 -0.1234268 -0.04419672 0.1009642 -0.03454965 0.09738439 -0.02945095 0.1036483 -0.02486747 -0.1152397 -0.03722274 -0.1209964 -0.04010725 -0.1266759 -0.03481698 -0.1499453 0.0286082 -0.1455228 0.03299599 -0.1394537 0.03514683 0.1294164 -0.02771151 0.1275511 -0.03718525 0.1178897 -0.029778 0.1669928 0.05412739 0.1670172 0.05303025 0.1612277 0.05572283 0.04133617 0.07832765 0.04225599 0.07729333 0.03533589 0.07339578 0.1149319 -0.09828084 0.1144761 -0.0985254 0.1110517 -0.09379053 0.1566987 -0.008622109 0.1565089 9.24215e-4 0.1617908 -0.001574873 0.1641854 0.03591179 0.1592396 0.04102838 0.1661131 0.03702592 -0.1480795 -0.03327107 -0.1441507 -0.02698057 -0.146932 -0.03353083 -0.1147743 -0.05304116 -0.1081563 -0.04862874 -0.1044382 -0.0546965 0.07490885 -0.04909384 0.06485164 -0.04946064 0.06969678 -0.04424864 -0.09983593 -0.03347605 -0.1056756 -0.0380479 -0.1102101 -0.03207892 0.05585438 -0.02152496 0.06240439 -0.01734137 0.06284254 -0.02073895 0.004491329 0.1605142 0.01099395 0.1625474 0.01174122 0.1601351 -0.1879178 -0.03430771 -0.189975 -0.03530138 -0.193102 -0.02957558 -0.06892657 0.002203345 -0.06907814 -5.83352e-4 -0.07567548 3.02088e-4 -0.042782 0.1520506 -0.0490188 0.1554517 -0.0424605 0.1543125 0.1370255 -0.1239964 0.1442848 -0.1226526 0.1382115 -0.1259492 -0.1882826 0.03464269 -0.1845615 0.03329634 -0.1868101 0.03289669 0.1886851 0.05541068 0.1904238 0.05812889 0.1912434 0.05488836 -0.03331685 0.1521111 -0.0329234 0.1543617 -0.02749842 0.1532037 -0.09081882 0.002977669 -0.09059441 0.005759537 -0.08500868 0.003573 -0.1886785 -0.02002942 -0.1860636 -0.02531582 -0.1875334 -0.02602487 -0.003115892 0.1539617 -0.008083879 0.1497366 -0.008397936 0.151338 0.05024182 -0.02729249 0.0444566 -0.02791541 0.0443446 -0.02628731 0.1318746 -0.1294045 0.1329879 -0.1313995 0.1268762 -0.1323834 -0.1897268 0.03864514 -0.1870757 0.03766489 -0.1876416 0.03613436 -0.09900146 0.13743 -0.09564626 0.1366809 -0.09604901 0.1356869 -0.1011637 -0.008657872 -0.0980488 -0.009689152 -0.09832513 -0.01079756 -0.1864897 -0.02409678 -0.1859883 -0.02741092 -0.1879658 -0.02479273 0.002223074 0.1499904 -8.6164e-4 0.1502373 0.001963496 0.1516014 0.05366259 -0.0263769 0.05074107 -0.02545893 0.0535227 -0.02475094 0.08440756 -0.1477813 0.08547085 -0.1496776 0.08171957 -0.1483584 -0.1847543 0.03086173 -0.1828911 0.03019583 -0.1832756 0.02912002 -0.04143881 0.1327946 -0.04086232 0.1336989 -0.03590065 0.1331977 -0.05658102 -0.02509373 -0.05638873 -0.02396774 -0.05161434 -0.02554243 -0.1829746 -0.04050874 -0.1820098 -0.03989714 -0.1807152 -0.04499989 -0.0491898 0.1345878 -0.0486893 0.133561 -0.05405312 0.1325722 -0.01843202 -0.03361189 -0.01840204 -0.03475373 -0.02381312 -0.03450196 -0.1063485 -0.1538163 -0.1070896 -0.1550271 -0.1110625 -0.1511476 0.1671312 -0.03092586 0.1696988 -0.03173333 0.1676381 -0.03431236 0.1916791 0.04818588 0.1931288 0.05025362 0.194876 0.0473088 0.187323 0.0358498 0.1861817 0.03907996 0.189407 0.03831338 0.1301154 0.07228296 0.1284088 0.07030689 0.1269316 0.07330524 0.104718 -0.002365291 0.1052934 -0.005431652 0.1021143 -0.004394829 -0.1496077 -0.1168566 -0.1503095 -0.1138276 -0.1492373 -0.1128975 -0.190221 0.02609449 -0.1916335 0.02595418 -0.1919988 0.02696251 -0.02447831 0.1447765 -0.02514249 0.142701 -0.03030699 0.1437399 0.1209613 -0.1254693 0.1161674 -0.1276533 0.1147913 -0.1259702 -0.1906172 0.03053104 -0.192672 0.02982074 -0.1938375 0.03166198 -0.09725964 0.1342466 -0.1003366 0.1337998 -0.1002202 0.1359758 -0.07546645 -0.07461613 -0.07582771 -0.07646352 -0.08126121 -0.07534623 -0.1333585 -0.03900039 -0.1367295 -0.03832662 -0.1359802 -0.03659987 0.04153692 6.8379e-5 0.03992187 0.003203928 0.04817003 0.004118919 0.01539248 0.1808284 0.007234752 0.1793047 0.00814867 0.1813099 -0.1588411 0.06467044 -0.1569958 0.06346607 -0.1586102 0.06033015 -0.1200185 0.1502883 -0.1196472 0.1481162 -0.1223528 0.1441987 0.05028784 0.00944817 0.054533 0.01160371 0.05619323 0.008491814 -0.07060748 -0.01774924 -0.07029378 -0.01464521 -0.06387251 -0.01579892 -0.1912204 0.03942018 -0.1905964 0.04214054 -0.1883197 0.04233098 -0.1929435 0.01246136 -0.195083 0.01806527 -0.1928536 0.01856458 -0.1725741 -0.07722276 -0.1708106 -0.07518929 -0.1662352 -0.08023738 0.163565 0.02841401 0.1637068 0.02950215 0.1692128 0.02632689 0.1149319 -0.09828084 0.1145395 -0.09861314 0.1144761 -0.0985254 0.07490885 -0.04909384 0.07006371 -0.05430585 0.06485164 -0.04946064 -0.042782 0.1520506 -0.04963809 0.1529152 -0.0490188 0.1554517 0.1370255 -0.1239964 0.1430422 -0.1203561 0.1442848 -0.1226526 -0.1882826 0.03464269 -0.1853914 0.03756248 -0.1845615 0.03329634 -0.1876416 0.03613436 -0.1908942 0.03716868 -0.1897268 0.03864514 -0.1897268 0.03864514 -0.1881183 0.0389204 -0.1870757 0.03766489 -0.1864897 -0.02409678 -0.1849914 -0.0268532 -0.1859883 -0.02741092 0.002223074 0.1499904 -5.20501e-4 0.1491472 -8.6164e-4 0.1502373 0.05366259 -0.0263769 0.05092144 -0.02658689 0.05074107 -0.02545893 -0.1832756 0.02912002 -0.1851387 0.02978599 -0.1847543 0.03086173 -0.1847543 0.03086173 -0.1836304 0.03106653 -0.1828911 0.03019583 0.08886075 -0.02796572 0.08303767 -0.01658356 0.09476226 -0.02053028 0.1020843 -0.05038911 0.09830451 -0.03898382 0.1107997 -0.0487039 -0.03421622 0.1325984 -0.04624986 0.1221822 -0.04562699 0.1368884 -0.08851581 0.07161134 -0.09503167 0.06224179 -0.09495705 0.07981663 -0.1294305 -0.02359575 -0.1323825 -0.03461974 -0.1381286 -0.02183961 -0.1169506 -0.01245188 -0.1242627 -0.02121412 -0.1258687 -0.007702708 -0.06925183 0.03865504 -0.08042275 0.03631955 -0.0728622 0.04883003 0.02107697 0.02553832 0.01162242 0.03193014 0.01653289 0.04005432 -0.02688944 -0.0577917 -0.01658451 -0.04864972 -0.0179485 -0.06228601 0.0651533 -0.08144354 0.04450005 -0.08570098 0.04024261 -0.0650478 -0.08729553 0.03696364 -0.08730578 0.0477969 -0.08013838 0.0497092 0.02507215 0.04184406 0.03385299 0.03704452 0.02927559 0.02722579 -0.1366492 -0.02815109 -0.1431352 -0.01951992 -0.1387805 -0.01471251 -0.1322553 -0.03479236 -0.1410177 -0.02976167 -0.1380213 -0.02202117 -0.1309882 -0.02198201 -0.1396152 -0.01990449 -0.1416321 -0.007996737 0.1146315 0.04044502 0.1221974 0.04762661 0.1290997 0.04315292 0.08199054 -0.06053787 0.09416431 -0.05989623 0.0938555 -0.07101804 0.09105622 0.006319463 0.09978115 0.007954478 0.1027477 0.002275884 -0.1220155 -0.05334228 -0.1187517 -0.04222798 -0.1133135 -0.05301153 -0.1061069 -0.0469731 -0.09834396 -0.0542916 -0.1024252 -0.05933338 -0.1221167 -0.0514087 -0.1134146 -0.0510832 -0.1148846 -0.05925226 -0.0594604 -0.04072934 -0.05450004 -0.05263411 -0.06174165 -0.05424249 -0.0126788 -0.05273634 -0.0229215 -0.06194806 -0.02573853 -0.05619382 -0.01025629 -0.06081318 -0.02329891 -0.06433475 -0.01916396 -0.05400562 -0.04497116 -0.08908259 -0.05309712 -0.08135867 -0.04581737 -0.07752996 0.05056023 -0.05707281 0.06640589 -0.05558264 0.06885021 -0.06734669 -0.06953412 0.05214655 -0.09537243 0.04642891 -0.0798586 0.07459425 -0.001080751 0.08547699 -0.0271402 0.09996247 0.002864122 0.1105427 0.04186838 -0.01678699 0.0274567 0.01004153 0.05931162 -0.003139019 0.07812041 -0.08559644 0.07256489 -0.05415523 0.1040844 -0.07494419 -0.04700148 -0.1182941 -0.01882261 -0.1072512 -0.03081089 -0.1390359 -0.1162151 0.03546166 -0.1145981 0.009047746 -0.1404094 0.03160911 -0.1132399 0.01676744 -0.1205663 -0.008661508 -0.1380101 0.02040076 -0.1084968 0.01530832 -0.1251318 -0.005272865 -0.141021 0.01364862 -0.07706183 -0.0235756 -0.0456264 -0.02826762 -0.04146194 -0.04495704 0.04379993 -0.07027518 0.05623203 -0.007608175 0.06975752 -0.07542473 -0.1218257 -0.006915926 -0.1434056 0.005942285 -0.1386921 0.02248507 -0.1408672 0.01082485 -0.1304048 0.02447837 -0.1083422 0.01246702 -0.114557 0.01654684 -0.1385339 0.02374893 -0.1386346 0.04094982 0.09334093 -0.06133931 0.1161869 -0.07018613 0.1151816 -0.08735793 0.04467993 -0.08421719 0.07015597 -0.09080004 0.07205855 -0.1102186 0.03404635 0.02586644 0.06105917 0.03347569 0.06588757 0.01265251 -0.001838386 0.03715503 0.01505261 0.05148059 0.0289359 0.04522591 -0.1116467 0.04297035 -0.1218587 0.066199 -0.09876722 0.07243365 0.1122924 -0.03293478 0.1047623 -0.06244361 0.07728767 -0.07402265 0.09393447 -0.008678913 0.1140628 -0.03346323 0.07934087 -0.07479041 -0.1444846 -0.01677536 -0.1465763 0.004497528 -0.1306915 0.01582765 -0.02669429 -0.07383203 -0.04042851 -0.06725651 -0.03604459 -0.03212821 -0.0632137 -0.06481295 -0.08648556 -0.07033628 -0.08848971 -0.02764403 -0.08648109 -0.02089798 -0.09102165 -0.02239239 -0.09158611 -0.01303231 -0.07655626 -0.02351617 -0.08126592 -0.02269822 -0.07735943 -0.01417362 -0.06732064 -0.03043222 -0.07108926 -0.0274915 -0.06362688 -0.02181339 -0.06129866 -0.04054445 -0.06321674 -0.03616595 -0.05395233 -0.03471702 -0.06060093 -0.05114352 -0.06014287 -0.04638534 -0.05134636 -0.04963356 -0.06619417 -0.05858278 -0.06337797 -0.05472028 -0.05745941 -0.06199342 -0.07691222 -0.05963933 -0.07246732 -0.05788064 -0.07135385 -0.06719136 -0.08892673 -0.05368888 -0.08424603 -0.05465883 -0.08842623 -0.06305253 -0.09778815 -0.04381185 -0.09437561 -0.04715907 -0.1024312 -0.05195868 -0.1014555 -0.03413462 -0.1002637 -0.03876388 -0.1096405 -0.03870987 -0.1001878 -0.02679026 -0.1014317 -0.03140568 -0.1095648 -0.0267387 -0.09486353 -0.02224677 -0.09816157 -0.02570694 -0.103076 -0.01772093 -0.09721714 0.02021849 -0.1065368 0.02685296 -0.1019797 0.02829605 -0.0665667 0.02204775 -0.07183825 0.03220075 -0.06712424 0.03140819 -0.03474652 0.007029116 -0.03494977 0.01846718 -0.0310809 0.01565986 -0.01539498 -0.01513367 -0.004057466 -0.01666092 -0.01099705 -0.02296733 -8.33932e-4 -0.05911791 0.007667303 -0.05146276 0.008085489 -0.05622464 -0.009983301 -0.09157991 0.001092255 -0.08871591 -7.35807e-4 -0.09313267 -0.04883378 -0.105404 -0.03826683 -0.1097869 -0.04238605 -0.1122123 -0.0965659 -0.07929146 -0.1058101 -0.08603066 -0.1051606 -0.07667618 -0.1314667 -0.03404438 -0.1355333 -0.0447371 -0.1380802 -0.04069197 -0.134703 -0.02077978 -0.1441445 -0.01431977 -0.1351109 -0.01180529 -0.1305609 -6.6799e-4 -0.1416195 -0.003597438 -0.1398175 8.30043e-4 -0.1253274 0.003602862 -0.126625 0.01496905 -0.1188103 0.009786427 -0.1187502 0.0460788 -0.1118144 0.05826735 -0.1073134 0.05004119 -0.06857234 0.06822156 -0.05652165 0.07539427 -0.05667078 0.06601846 -0.01206487 0.05457407 0.001928806 0.05549073 -0.002462506 0.04720544 0.02896595 0.01295351 0.04236006 0.008798897 0.03529334 0.002635419 0.05304551 -0.03618741 0.06462943 -0.0440917 0.05606436 -0.04790866 0.06139296 -0.08130753 0.07005965 -0.09233272 0.06074285 -0.0933938 0.02446484 -0.1337797 0.03803026 -0.1302241 0.03299838 -0.1376664 -0.127203 -0.05950456 -0.14117 -0.06076568 -0.136984 -0.05237478 -0.1468265 0.01849484 -0.1541787 0.006552875 -0.1556815 0.01541 -0.1448085 0.02017939 -0.1556745 0.01131385 -0.1541855 0.02017337 -0.1426922 0.01636475 -0.1556421 0.01098257 -0.1516782 0.01904451 -0.1339521 0.02559965 -0.1479552 0.02484112 -0.1415312 0.03112119 -0.1192365 0.06226903 -0.1348327 0.06562811 -0.123748 0.0704894 -0.05775022 0.1063997 -0.04301482 0.1125146 -0.04435533 0.1032339 0.03288263 0.07925349 0.02976602 0.09489989 0.03863257 0.08666062 0.06886261 0.03694188 0.08348703 0.03056627 0.07587105 0.02509588 0.1003942 -0.02628988 0.1043529 -0.01083511 0.1087826 -0.02209907 0.1143919 -0.0456891 0.1270979 -0.05533689 0.1184058 -0.05885463 0.1401998 -0.04903161 0.1440188 -0.03354161 0.14855 -0.04476535 -0.06829333 0.1255584 -0.0689311 0.1414995 -0.06068772 0.1370301 -0.1178228 0.08093613 -0.1304886 0.07123553 -0.1270071 0.0828278 -0.1361483 0.03053641 -0.1405943 0.04585814 -0.1315191 0.04349839 -0.146041 0.006549239 -0.1484033 0.02232724 -0.139724 0.0187779 -0.1504898 0.01072347 -0.1490285 0.02661019 -0.1414436 0.02109706 -0.1459427 0.03728127 -0.1400755 0.05286806 -0.1346827 0.04519701 -0.0212686 0.130841 -0.03073811 0.1445414 -0.01789546 0.1395903 0.06673485 0.1026853 0.08242213 0.09709227 0.07484674 0.09156584 0.1037032 0.04848682 0.1182641 0.04040265 0.1098866 0.03619009 0.1236813 0.006968677 0.1381059 -0.001355946 0.1296597 -0.00542891 0.1451613 -0.01650035 0.1458328 1.40587e-4 0.1531174 -0.01153761 0.1459426 0.03728133 0.1400755 0.05286812 0.1513354 0.04495245 0.02126866 0.1308408 0.03073811 0.1445414 0.0341112 0.135792 -0.06673479 0.1026853 -0.08242207 0.09709227 -0.07431018 0.1082117 -0.1098866 0.03619009 -0.1120807 0.05269938 -0.1037032 0.04848682 -0.1236813 0.006968677 -0.1381059 -0.001355946 -0.1321275 0.0110417 -0.1451613 -0.01650041 -0.1458328 1.40547e-4 -0.1378768 -0.004822134 0.0566172 -0.1068344 0.0537858 -0.1129643 0.04142183 -0.1069165 0.06018835 0.1357032 0.06751435 0.1415562 0.07511997 0.1300845 0.1169608 0.07981055 0.1296265 0.0701099 0.1204423 0.06821829 0.1347867 0.03093147 0.1392326 0.04625326 0.1438619 0.03329122 0.1390837 0.01751285 0.1533182 0.01030856 0.1446388 0.006759226 0.1411228 0.01971596 0.156663 0.01610684 0.1490779 0.01059365 0.1306197 0.05602169 0.1225262 0.06977015 0.1351312 0.06424212 0.0454275 0.1023062 0.05586624 0.1143709 0.05720669 0.1050902 -0.03149211 0.07897651 -0.0283755 0.09462291 -0.02262556 0.08721572 -0.06829601 0.03564214 -0.08292043 0.02926659 -0.07591199 0.04111254 -0.01433467 -0.05921977 -0.01983642 -0.05984306 -0.01876246 -0.04612112 -0.003290653 -0.09853851 -0.008654952 -0.1023717 -0.01403957 -0.08970481 0.004150927 -0.1374547 -0.00984615 -0.1365908 -0.002225697 -0.1311266 0.1030169 -0.03525787 0.1074784 -0.03709053 0.1132209 -0.04115533 0.08995682 -0.04801154 0.09788936 -0.05072218 0.08858597 -0.0584647 0.03050768 -0.02421653 0.03688496 -0.02533096 0.03097581 -0.03589433 0.0273959 -0.0522533 0.034222 -0.05029124 0.03353714 -0.06237566 0.07150238 -0.04874122 0.0751236 -0.04214715 0.08214032 -0.05200958 0.07731074 -0.04303443 0.0773918 -0.03553688 0.0886656 -0.03994172 0.07739776 -0.0373975 0.07541555 -0.0314809 0.08728235 -0.02909779 0.08576732 -0.03179979 0.07476109 -0.03432399 0.08352583 -0.02597647 0.1035892 0.001398265 0.1037723 -0.006307721 0.09870296 0.004594922 -0.048527 -0.05334222 -0.05516153 -0.04098719 -0.04650402 -0.04458916 -0.05517238 -0.08819717 -0.05336511 -0.09536886 -0.06235706 -0.09802812 0.07724571 -0.07196283 0.08178251 -0.07346856 0.0751906 -0.07798033 0.1368404 0.001757979 0.1400945 0.001541495 0.1453641 -0.005461812 0.1343266 -0.028149 0.1433018 -0.03086495 0.1388386 -0.03866159 0.1371774 -0.01400303 0.1413749 -0.008284866 0.1505139 -0.006185889 0.1374251 0.001605927 0.1486042 -8.22674e-4 0.1394245 -0.002735853 0.1327468 0.00302577 0.1287431 0.00520581 0.133635 0.01320564 0.1083486 0.01594227 0.1049136 0.02685421 0.1133815 0.02385407 0.0850656 0.02295905 0.07949292 0.02289879 0.07584965 0.03153908 0.03743124 0.00411272 0.03763133 0.01555091 0.0412994 0.006921052 -0.03339493 -0.05912601 -0.03650689 -0.06316149 -0.03922814 -0.05178421 0.06030476 -0.05413383 0.06089615 -0.05887717 0.05345773 -0.05180233 -0.04041993 -0.02073401 -0.03857535 -0.02286291 -0.04295152 -0.02747625 0.1123211 0.03810304 0.1104763 0.02541613 0.1058446 0.02659803 0.1404381 0.01833379 0.1403915 0.005725026 0.1371377 0.005945444 -0.03699159 0.01198828 -0.02814954 3.37728e-4 -0.03457617 -3.86945e-4 0.04163306 0.06246155 0.05375885 0.05537968 0.04920005 0.04994511 -0.02689397 -0.05184972 -0.01425433 -0.05451816 -0.01495748 -0.0592463 -0.06214076 -0.1071701 -0.04995042 -0.1076411 -0.05023807 -0.1121908 -0.06410998 -0.1152802 -0.05326259 -0.1113319 -0.05192738 -0.1159219 0.0934903 -0.1059297 0.08868551 -0.09491443 0.09423565 -0.0944103 0.1415284 0.02476054 0.1293295 0.02222687 0.1297196 0.026991 0.1427965 0.01596128 0.1335346 0.01009672 0.1304672 0.01416623 0.1413199 0.007674217 0.1338785 -0.001525819 0.1315711 0.002660453 0.07124733 0.06703102 0.06646037 0.05472666 0.06487905 0.05705785 -0.02343589 -0.05652689 -0.03206133 -0.06583017 -0.03729426 -0.06443047 -0.0316078 -0.04828828 -0.02634257 -0.04956084 -0.02779006 -0.06157767 -0.04732578 -0.04607737 -0.05597221 -0.04244863 -0.0464313 -0.034087 -0.01445722 -0.08996248 -0.008970856 -0.08921653 -0.003726184 -0.09881788 -0.05965811 -0.09981328 -0.06197214 -0.08912038 -0.05262535 -0.08987301 0.06846207 -0.05050623 0.06242871 -0.0525012 0.06080842 -0.04366475 0.06377059 -0.04860162 0.0585516 -0.04336118 0.06461179 -0.04144906 0.07335287 -0.01475983 0.06641435 -0.01271712 0.06687003 -0.005022287 0.04163736 -0.1200406 0.04581135 -0.1149371 0.05683267 -0.1199403 -0.01684755 -0.09266978 -0.01231515 -0.08766484 -9.4899e-4 -0.0913434 -0.05027675 -0.1309711 -0.06038707 -0.1246069 -0.05257999 -0.1194128 0.07798802 -0.07183277 0.07987576 -0.07888203 0.07130098 -0.07620233 0.0863341 -0.07983452 0.08206075 -0.07759791 0.08009195 -0.07057082 0.1043369 -0.05460727 0.09871822 -0.05037283 0.1051449 -0.04409545 0.1076195 -0.02126932 0.09962511 -0.01874685 0.1058737 -0.009713232 0.1507758 -0.005942225 0.1465702 -0.01608932 0.1374728 -0.01381629 0.02882391 -0.06509029 0.02246838 -0.06385707 0.02282881 -0.05488049 0.06120443 -0.09509903 0.05467098 -0.09788495 0.05098074 -0.09070301 0.1353521 0.01379472 0.1420192 0.009239614 0.1345201 0.003610134 0.08957576 -0.04212468 0.08642816 -0.04895746 0.07823562 -0.04527103 0.08914023 -0.03001493 0.08953768 -0.03750234 0.07934194 -0.03841644 0.07362592 0.02929913 0.0838344 0.03005772 0.08285403 0.02073222 -0.02259719 -0.09254831 -0.02288264 -0.08378839 -0.01647907 -0.0828818 -0.09747403 -0.02863055 -0.1018931 -0.02888071 -0.100158 -0.0203734 -0.08519637 -0.03499287 -0.08922934 -0.03316932 -0.08375394 -0.02643114 -0.07512563 -0.0458371 -0.07784372 -0.04234397 -0.06985867 -0.03893464 -0.07026207 -0.05886715 -0.07098752 -0.05450093 -0.0623427 -0.0553081 -0.07287788 -0.07017368 -0.07133376 -0.06602567 -0.06423765 -0.07102859 -0.08336853 -0.07525372 -0.07986629 -0.07254737 -0.07648384 -0.08054381 -0.09861546 -0.0712468 -0.09420025 -0.07093685 -0.09581995 -0.07946687 -0.1125074 -0.05997806 -0.1086704 -0.06218427 -0.1147737 -0.06835961 -0.1204684 -0.04705476 -0.1184095 -0.05097281 -0.1268709 -0.05291926 -0.1218168 -0.03670859 -0.1220151 -0.04113018 -0.1303031 -0.03854322 -0.1176145 -0.03006738 -0.1199126 -0.03385013 -0.1259389 -0.02759969 -0.1090223 -0.02720206 -0.1128228 -0.02947068 -0.1152256 -0.02112734 -0.09835535 0.02310794 -0.1051677 0.0312193 -0.1007479 0.0314542 -0.0604034 0.01433241 -0.06302881 0.02459442 -0.05894351 0.02289116 -0.03152698 -0.007008731 -0.02099102 -0.005914807 -0.0258634 -0.01310122 -0.003090918 -0.05255126 0.002756536 -0.04371917 0.004234611 -0.04789108 0.002437829 -0.08539348 0.01028436 -0.09250921 0.00168085 -0.09367722 -0.02369588 -0.1246756 -0.0131033 -0.1246604 -0.01576083 -0.1281999 -0.08491349 -0.1144564 -0.09031611 -0.1235675 -0.09318131 -0.1153715 -0.1488559 -0.0552845 -0.1500829 -0.06580567 -0.1532863 -0.06275147 -0.1588492 -0.02483415 -0.1684306 -0.02031737 -0.1605422 -0.01668995 -0.1583496 -0.002058625 -0.1680981 -0.00620228 -0.1670307 -0.001906812 -0.1538981 3.23299e-4 -0.1567565 0.01052284 -0.1488501 0.006934762 -0.136776 0.01308524 -0.1352175 0.02356255 -0.1294673 0.01705724 -0.09960848 0.0688641 -0.1098407 0.07685852 -0.1015357 0.07732993 -0.04652565 0.0708788 -0.0341503 0.0748105 -0.03625774 0.06638771 0.01157331 0.03583908 0.02451246 0.0347498 0.01934987 0.0277689 0.05678206 -0.02761638 0.06012201 -0.01506829 0.06381338 -0.02252262 0.07597106 -0.07011014 0.08624511 -0.07805073 0.07811933 -0.08110952 0.07953661 -0.1262707 0.08924812 -0.1176511 0.08821129 -0.1259046 -0.04636389 -0.1547316 -0.05269217 -0.16607 -0.05692273 -0.158488 -0.167984 0.02081018 -0.1786054 0.02827966 -0.1706259 0.03170156 -0.1691809 0.02848643 -0.1764205 0.03926587 -0.1677446 0.03960114 -0.1681173 0.02821826 -0.1797794 0.02250832 -0.1765742 0.0301842 -0.1709214 0.01811212 -0.1713325 0.03109049 -0.1638026 0.0267679 -0.1545031 0.03919363 -0.1501997 0.0514447 -0.1447389 0.04469466 -0.1021815 0.1031061 -0.1147288 0.1109022 -0.1035486 0.1116802 -0.008111298 0.11169 -0.01470077 0.1249109 -0.004775524 0.1197061 0.05386525 0.07232367 0.06827533 0.06907349 0.06230235 0.06277203 0.1042641 0.001423299 0.1057958 0.01611578 0.1113797 0.006398618 0.1331204 -0.04439252 0.1360592 -0.02991575 0.1406818 -0.04012525 0.1598623 -0.04982131 0.1622315 -0.03524059 0.1672506 -0.04526096 0.1408255 0.1056015 0.1315932 0.1171332 0.1423936 0.1141412 -0.1042248 0.1280336 -0.1057538 0.1427263 -0.09787303 0.1390824 -0.1396956 0.082286 -0.1524584 0.07484793 -0.1479122 0.08509165 -0.1634496 0.02975541 -0.16544 0.0443927 -0.1574486 0.04099839 -0.1661595 0.02520167 -0.1803522 0.02110517 -0.1734424 0.0299288 -0.1573876 0.04982542 -0.1721489 0.05038762 -0.1628201 0.05659842 -0.1206915 0.1198742 -0.108923 0.1298393 -0.1080169 0.1212043 0.03276479 0.1406746 0.02787405 0.1552993 0.03801935 0.1475863 0.09714776 0.09100371 0.1115814 0.08557474 0.1044797 0.08057963 0.1328881 0.03402829 0.1468297 0.0274375 0.1393435 0.02303969 0.1625117 -0.007533907 0.1627916 0.007884263 0.1697747 -0.002776563 0.1656467 0.02505058 0.1808767 0.02263182 0.1749233 0.01631194 0.1080168 0.1212044 0.1215977 0.1285093 0.1206915 0.1198742 -0.0226193 0.1483875 -0.03801935 0.1475863 -0.02787405 0.1552993 -0.1044797 0.08057963 -0.1042494 0.09599876 -0.0971477 0.09100371 -0.1328881 0.03402829 -0.1468297 0.0274375 -0.1403744 0.0384261 -0.1625117 -0.007534027 -0.1627915 0.007884263 -0.1555285 0.0031268 -0.1656467 0.02505052 -0.1808767 0.02263182 -0.1716001 0.0313704 -0.1398007 0.1047809 -0.1305685 0.1163126 -0.1290003 0.107773 0.102919 0.1281695 0.1044481 0.1428622 0.1107997 0.1318135 0.1390346 0.08115178 0.1517974 0.07371371 0.1435807 0.07090806 0.1621488 0.02993226 0.1641392 0.04456961 0.1701402 0.0333265 0.1657955 0.02394044 0.1799881 0.01984387 0.1727052 0.01511687 0.1574376 0.04851365 0.1721989 0.04907578 0.1667664 0.04230278 0.1028743 0.1019911 0.1154216 0.1097871 0.1140545 0.101213 0.009286165 0.1111044 0.01587563 0.1243253 0.01921147 0.1163092 -0.05357635 0.07104307 -0.06798642 0.06779289 -0.05954933 0.07734453 -0.1029585 0.001559436 -0.10449 0.01625186 -0.09737455 0.01127654 -0.1272112 -0.03392189 -0.1400293 -0.04126435 -0.1347725 -0.02965462 -0.1535474 -0.03959035 -0.1666434 -0.04642468 -0.1609356 -0.03502994 0.0482766 -0.1536639 0.05460488 -0.1650024 0.04404604 -0.1612459 0.1686847 0.03068608 0.1747034 0.01918023 0.1667238 0.0226022 0.1673622 0.02970778 0.1746019 0.04048728 0.1760382 0.02937257 0.1671538 0.02625072 0.178816 0.02054071 0.1703591 0.01857477 0.1687317 0.0181815 0.1691429 0.03115987 0.1762616 0.02250403 0.1524361 0.03846752 0.1481327 0.05071866 0.1578969 0.04521775 0.1009573 0.06713777 0.1111895 0.07513213 0.1092622 0.06666636 0.03824108 0.06545746 0.04375493 0.07721364 0.04586231 0.06879085 -0.01138955 0.033656 -0.02432864 0.03256666 -0.01655215 0.04063677 -0.05466502 -0.02705281 -0.05800491 -0.01450479 -0.05097371 -0.01959854 -0.07622587 -0.08000761 -0.08275711 -0.06878477 -0.07463133 -0.07184356 -0.07911914 -0.1163788 -0.08639693 -0.1271325 -0.08779382 -0.1160127 0.09140825 -0.1137007 0.08414387 -0.1214098 0.08700907 -0.1132138 0.146436 -0.0555666 0.1476629 -0.0660879 0.1432326 -0.05862087 0.1578105 -0.02263051 0.1673917 -0.01811373 0.1656988 -0.02625793 0.1573966 -0.004300713 0.167145 -0.008444368 0.158464 -0.008596181 0.1515522 9.80726e-4 0.1544106 0.01118028 0.1594585 0.004568696 0.1343663 0.01272684 0.1328077 0.02320402 0.1401165 0.01923215 0.1046408 0.02130615 0.09872668 0.03009396 0.1070333 0.02965247 0.06276369 0.01372849 0.06538903 0.02399057 0.06684887 0.01543176 0.03127539 -0.009432017 0.02073955 -0.008338093 0.026403 -0.002245545 0.005122244 -0.05120635 -7.25209e-4 -0.04237419 0.006600499 -0.04703444 -3.98573e-4 -0.09160584 -0.009404838 -0.08603006 -8.0135e-4 -0.08719813 0.02369952 -0.1222394 0.013107 -0.1222242 0.02104192 -0.1187 0.0964486 -0.07050991 0.09806835 -0.07903993 0.09365314 -0.07872998 0.110298 -0.06057554 0.1164013 -0.06675082 0.1125643 -0.06895697 0.1189225 -0.04874253 0.1273839 -0.05068898 0.125325 -0.05460703 0.1213332 -0.03894543 0.1296212 -0.03635859 0.1298195 -0.04078012 0.118265 -0.03226161 0.1242913 -0.0260111 0.1265892 -0.02979385 0.1106237 -0.02883732 0.1130264 -0.02049398 0.116827 -0.02276241 0.09965068 -0.02933806 0.09791558 -0.02083081 0.1023346 -0.02108091 0.08745324 -0.03461271 0.08197784 -0.02787441 0.08601081 -0.02605098 0.07694506 -0.04444879 0.06896001 -0.04103946 0.0716781 -0.03754633 0.07120025 -0.05677968 0.06255543 -0.05758672 0.06328088 -0.05322057 0.07265257 -0.06789612 0.06555646 -0.0728991 0.06401234 -0.06875109 0.08197414 -0.07343894 0.0785917 -0.08143538 0.07508945 -0.07872903 0.02979099 0.01031059 0.02427428 0.02326363 0.05140656 0.01644176 0.06962585 -0.04240787 0.06739151 -0.0222311 0.08176308 -0.03118067 0.07281821 -0.09114146 0.07461225 -0.0771774 0.0852909 -0.09059631 -0.1035693 0.07438254 -0.1044315 0.06033015 -0.1159835 0.07364225 -0.1102998 0.05406278 -0.114463 0.04061353 -0.1226884 0.05670583 -0.1151911 0.03369325 -0.1231031 0.02204787 -0.1267049 0.03782916 -0.1014138 0.07503044 -0.1145217 0.06989282 -0.1038334 0.0874505 -0.03375613 0.124199 -0.04971617 0.127992 -0.03119486 0.1407113 -0.02641117 -0.04693406 -0.03617626 -0.02864211 -0.01727837 -0.04302328 0.07129591 0.01585626 0.08512347 0.01320797 0.06490236 -0.01752614 -0.09575212 0.08982956 -0.09244132 0.1102249 -0.08170586 0.1048367 -0.1212592 0.08559596 -0.1134347 0.09171807 -0.1130177 0.07105994 -0.1005545 0.009670376 -0.1116832 0.01569247 -0.1069959 0.02452045 -0.1103262 0.04874181 -0.1193924 0.05993616 -0.1174451 0.06535333 -0.1000514 0.06815421 -0.1116165 0.07332271 -0.110434 0.08239722 0.09180301 -0.05657136 0.1041111 -0.05835217 0.1050567 -0.06745445 0.06895649 -0.01937854 0.0814405 -0.01925975 0.08340907 -0.02819681 0.02075541 0.009015679 0.03461575 0.01802986 0.04785698 0.002073109 -0.1390401 0.03432422 -0.1266537 0.04230892 -0.1317721 0.03372383 -0.1090294 -0.02615082 -0.1046359 -0.04189699 -0.110639 -0.0385003 -0.07448118 -0.02309912 -0.0656659 -0.02064239 -0.06598061 -0.03666985 -0.05633115 -0.02428734 -0.05253261 -0.0159617 -0.04262501 -0.0285421 -0.08932805 -0.007471144 -0.08196491 -0.01290529 -0.09194022 -0.02328741 -0.1043361 -0.005206406 -0.09264725 -0.001258671 -0.09105533 -0.008700251 -0.1127068 -0.02311229 -0.09968161 -0.02746307 -0.1088524 -0.03899908 -0.1048412 -0.003432214 -0.09410119 0.006156623 -0.09314072 4.80811e-4 -0.06873905 -0.04964548 -0.05532526 -0.0547477 -0.05236411 -0.06684452 0.08316558 -0.003390014 0.08058834 -0.01723092 0.06430053 -0.01918458 0.0741809 0.01209944 0.08505356 -0.005043447 0.06629294 -0.02096188 0.127969 0.04138529 0.1365043 0.04983693 0.1350591 0.0430926 -0.1088164 0.051216 -0.1203015 0.05543088 -0.117677 0.0625739 0.05907076 0.01361829 0.0518161 0.02736771 0.07018345 0.02295595 0.07267028 -0.04048037 0.07039153 -0.02510219 0.08448791 -0.04139941 0.04785394 -0.09391748 0.05510973 -0.0801686 0.05955821 -0.1027648 -0.1026993 0.05105352 -0.1043678 0.03559732 -0.1164304 0.05087053 -0.1056447 0.03509223 -0.1105421 0.02033776 -0.1192623 0.03828763 -0.1047157 0.02737003 -0.1155576 0.01207971 -0.1167463 0.03526914 -0.02314269 0.0583589 -0.04047036 0.05915617 -0.026353 0.07202577 0.01434868 0.06570166 0.001370549 0.07426005 0.01153224 0.08462452 -0.05646097 -0.02858603 -0.03717154 -0.01996845 -0.05211502 -0.03116273 0.0303325 -0.02212703 0.04647493 0.001633465 0.07023543 -0.01450884 -0.06018447 0.06977295 -0.05867695 0.08445274 -0.04715061 0.08373862 0.004174292 0.08394986 0.01287889 0.07881778 0.007440388 0.06509941 -0.1128727 0.01235449 -0.1192269 0.02487289 -0.1140331 0.03554522 -0.111095 0.02242356 -0.1226488 0.03100508 -0.1193948 0.04057163 -0.1019413 0.04416751 -0.1143914 0.05054295 -0.1125569 0.06047981 0.1016698 -0.01735001 0.115399 -0.01763713 0.119388 -0.03206205 0.09831672 0.01956677 0.1128563 0.01760077 0.1152279 0.006213068 0.08474737 0.0929858 0.09654778 0.09186673 0.1022765 0.08594644 -0.08818453 -0.01266503 -0.07564038 -0.006767809 -0.0747447 -0.01683294 -0.03184628 -0.05968415 -0.04468262 -0.05244565 -0.03113222 -0.04609137 -0.07470911 -0.04096591 -0.07067382 -0.02796632 -0.06265747 -0.03411823 -0.05606567 -0.02806699 -0.06041532 -0.02549648 -0.06205725 -0.009640693 -0.07888609 0.02773755 -0.07282274 0.03913408 -0.05923199 0.03548794 -0.01211583 0.005145967 0.001579403 -2.94723e-4 -0.003449738 -0.01218384 -3.30584e-4 -0.02006471 -0.007554352 -0.01610434 -0.004874229 -0.004785299 -0.04920905 -0.002120554 -0.05305194 -0.01335024 -0.06458306 -0.01271593 0.04564368 -0.04982024 0.02831858 -0.05067056 0.0224545 -0.03286737 0.06950426 -0.03696566 0.06253844 -0.02306771 0.08080959 -0.02786231 0.09904509 -0.09138762 0.09627115 -0.07609111 0.1121034 -0.0860325 0.1493627 -0.002655208 0.1399526 0.009719192 0.1563714 0.005127251 -0.1332276 0.03734451 -0.1343294 0.02183765 -0.1469427 0.03665941 -0.1377786 -0.007787764 -0.1424289 -0.02262192 -0.1514478 -0.004820168 -0.1326752 -0.01082742 -0.142476 -0.02289479 -0.1446712 -0.002875924 -0.08669596 0.03702372 -0.1018948 0.03375637 -0.09169238 0.05085605 0.01081413 0.03740406 -0.002000451 0.04620528 0.008354604 0.05637651 -0.05691474 -0.0429517 -0.04599225 -0.03382784 -0.04801899 -0.04774475 0.09206843 -0.06786298 0.08904254 -0.08311164 0.05525487 -0.06055778 -0.1086964 0.03373742 -0.1087878 0.04849416 -0.09903824 0.05115032 -9.04058e-4 0.05534803 0.007707059 0.05006057 0.002023339 0.0364421 -0.1452206 -0.02519065 -0.1538017 -0.01324653 -0.1476854 -0.005203068 -0.1423568 -0.01919895 -0.1540616 -0.01082468 -0.1509786 -0.00120157 -0.1306043 0.0343576 -0.1433066 0.04021441 -0.1418831 0.05021858 0.1247764 -0.06291663 0.138417 -0.06450003 0.1390802 -0.06950873 0.1100165 -0.05293643 0.1202996 -0.05094999 0.1265285 -0.06170243 0.06441271 -0.01592415 0.07791233 -0.01180619 0.08268541 -0.02071267 -0.1117995 -0.03897351 -0.098782 -0.04280185 -0.1048487 -0.05088305 -0.08311831 -0.02596247 -0.07571852 -0.03759843 -0.08557862 -0.03980922 -0.07501941 -0.05978763 -0.07011425 -0.05857664 -0.0614646 -0.06380099 -0.1211006 -0.06078374 -0.1089042 -0.05491375 -0.1082015 -0.06499427 -0.02495622 -0.1148396 -0.02366185 -0.1024808 -0.01716989 -0.1030408 -0.02992731 -0.07305234 -0.03357666 -0.0636295 -0.01937723 -0.06350022 -0.08255255 -0.09608072 -0.09382325 -0.1035761 -0.09567159 -0.09081506 -0.02477085 -0.09936982 -0.01872628 -0.1107594 -0.03292548 -0.1109171 -0.09664183 -0.1219722 -0.1019565 -0.1182021 -0.08751994 -0.1091329 -0.08563387 -0.04028421 -0.08823651 -0.03916603 -0.08481395 -0.03478837 -0.07165712 -0.05332857 -0.07345372 -0.05113852 -0.06840121 -0.04882562 -0.06407576 -0.06960213 -0.06462532 -0.06682324 -0.05907934 -0.06717038 -0.06612831 -0.08466392 -0.06522488 -0.08197915 -0.06058388 -0.08503514 -0.07906621 -0.0929495 -0.07687294 -0.09115689 -0.07456916 -0.09621351 -0.09953826 -0.0899918 -0.09671628 -0.08974617 -0.09766137 -0.09522193 -0.1192318 -0.07684469 -0.11677 -0.07824599 -0.1206589 -0.08221507 -0.13113 -0.0603311 -0.1298217 -0.06284368 -0.1352417 -0.06406897 -0.1338164 -0.04632127 -0.1339594 -0.04915028 -0.1392542 -0.04746448 -0.1286939 -0.03677439 -0.1301714 -0.0391913 -0.1340171 -0.03518033 -0.1174622 -0.03210473 -0.1198899 -0.03356432 -0.1214449 -0.02822971 -0.1021399 -0.03303217 -0.1049662 -0.03322309 -0.1039151 -0.0277667 -0.05827099 0.01990085 -0.06013059 0.02642005 -0.05748713 0.02540206 -0.0188499 -0.007287859 -0.01214331 -0.00629878 -0.01506114 -0.01102781 0.01541423 -0.05544573 0.01883339 -0.04959189 0.01992785 -0.0522046 0.0261445 -0.1031469 0.03164386 -0.09918278 0.03158468 -0.1020148 0.001678526 -0.1444967 0.008434772 -0.1439394 0.006922543 -0.1463346 -0.08265423 -0.1438226 -0.08589249 -0.1497783 -0.08792012 -0.1446047 -0.1680802 -0.06951904 -0.1691386 -0.07621508 -0.1711076 -0.07417863 -0.1834365 -0.02579605 -0.1894189 -0.0226072 -0.1842623 -0.02053678 -0.181529 -0.001184821 -0.187867 -0.003590703 -0.1870768 -8.7049e-4 -0.1688595 0.01119816 -0.175635 0.01142162 -0.1738573 0.01362705 -0.1484818 0.02117592 -0.1474136 0.02787047 -0.1437776 0.0236684 -0.1049502 0.03026759 -0.109354 0.03542155 -0.1065267 0.03559601 -0.03943562 0.08487766 -0.03161489 0.08768832 -0.03276115 0.08225107 0.03439301 0.04006153 0.03354126 0.0483281 0.0374431 0.04470628 0.07831352 -0.01313996 0.0861963 -0.01577121 0.08193141 -0.01933324 0.1124972 -0.07504773 0.1160116 -0.06751704 0.1174997 -0.07262849 0.1269775 -0.1116406 0.132624 -0.117738 0.1271718 -0.1188106 0.02231872 -0.1898805 0.02090167 -0.1980692 0.01673924 -0.1943879 -0.1942776 0.04657095 -0.2001976 0.05240321 -0.1948003 0.05372446 -0.1970319 0.0452364 -0.201048 0.05251199 -0.1954978 0.05224311 -0.1965086 0.03965616 -0.204178 0.03645592 -0.2018358 0.04123669 -0.1892699 0.04046779 -0.1975212 0.03947889 -0.1939647 0.0434404 -0.1694859 0.05806571 -0.1665519 0.06584095 -0.1631574 0.06144154 -0.1077172 0.08646321 -0.1143032 0.09153145 -0.1089904 0.09187209 -0.00398153 0.1358536 -0.008650362 0.1440744 -0.00212723 0.1410919 0.07435768 0.08915907 0.08370071 0.08771413 0.08016258 0.08342939 0.1321942 0.01883411 0.1324808 0.02828389 0.1365018 0.02234435 0.1675446 -0.02511918 0.1686139 -0.01572573 0.1721284 -0.02197819 0.1909913 -0.01015657 0.1998513 -0.01345461 0.1955224 -0.01693844 0.1381605 0.145491 0.1468825 0.1491388 0.1461034 0.1436369 -0.1032485 0.1714923 -0.1123737 0.1690205 -0.107859 0.174594 -0.1647727 0.1035724 -0.1733499 0.0995959 -0.1698406 0.1058514 -0.1877447 0.05833858 -0.1965065 0.05478739 -0.1926948 0.06086331 -0.2010347 0.03860265 -0.2001176 0.04801213 -0.1956406 0.0447207 -0.1864238 0.07014864 -0.1827583 0.07886326 -0.1794584 0.07439243 -0.1115658 0.1288918 -0.1196279 0.1338297 -0.1124759 0.1343735 0.03657066 0.1709239 0.03262871 0.1799718 0.03953117 0.1756263 0.1198077 0.1126018 0.1292996 0.1098986 0.1250328 0.1063387 0.168283 0.04520207 0.1682157 0.05507123 0.1728539 0.04836189 0.1885875 0.02362984 0.197957 0.02052909 0.1935441 0.01715219 0.1925495 0.05463111 0.2023816 0.05377382 0.1988659 0.04947066 0.1266508 0.1513823 0.1191396 0.1577843 0.1272487 0.1569068 -0.02966821 0.1752692 -0.03953111 0.1756263 -0.03262859 0.1799716 -0.1250328 0.1063387 -0.1240745 0.1161615 -0.1198077 0.1126018 -0.1636448 0.05191135 -0.1728538 0.04836189 -0.1682157 0.05507123 -0.1935441 0.01715219 -0.1930004 0.0270065 -0.1885875 0.02362978 -0.1988659 0.04947066 -0.1960652 0.05893427 -0.1925495 0.05463105 -0.1185418 0.1522599 -0.1272487 0.1569068 -0.1191396 0.1577844 0.1075435 0.1651079 0.1070201 0.1745474 0.112154 0.1682096 0.1644192 0.1028101 0.1729965 0.09883368 0.1679286 0.09655463 0.1912409 0.05148398 0.1918564 0.06091809 0.196191 0.05400884 0.195455 0.04390132 0.2046754 0.04181253 0.2001984 0.03852117 0.1795241 0.07355481 0.1889493 0.07429373 0.1856493 0.0698229 0.1120046 0.1281753 0.1200667 0.1331132 0.1191565 0.1276315 0.01123505 0.1384212 0.001963078 0.1402678 0.009380877 0.1436596 -0.07933408 0.0832901 -0.07776743 0.09261351 -0.0742293 0.08832871 -0.1273334 0.0247991 -0.1362135 0.02155518 -0.1316411 0.0283094 -0.1667098 -0.02502411 -0.1677791 -0.01563066 -0.1631951 -0.01877152 -0.1906982 -0.01094383 -0.1995583 -0.01424205 -0.1950271 -0.007459998 -0.1384845 0.144716 -0.1472066 0.1483638 -0.1392637 0.1502178 0.1932935 0.04756981 0.1992136 0.05340194 0.1986909 0.04624843 0.1946657 0.05111455 0.2013546 0.04618299 0.1958044 0.04591411 0.1959687 0.03836208 0.2036381 0.03516203 0.198311 0.03358137 0.189103 0.03907567 0.1973543 0.03808683 0.1926594 0.03511422 0.1681741 0.05757063 0.1652401 0.06534588 0.1715686 0.06197011 0.1085723 0.085352 0.1151583 0.09042024 0.1138851 0.0850113 0.03896135 0.08355814 0.03114074 0.08636879 0.03781509 0.08899539 -0.02909648 0.04353958 -0.03740352 0.04330474 -0.03214663 0.04818439 -0.08055484 -0.01906675 -0.08213442 -0.01090782 -0.07786953 -0.01446986 -0.1097385 -0.06934338 -0.1167459 -0.07381081 -0.114741 -0.06692415 -0.1259487 -0.1125933 -0.1315951 -0.1186907 -0.1314009 -0.1115207 -0.01679575 -0.192987 -0.02509927 -0.1933227 -0.02093696 -0.1896414 0.1665401 -0.06976252 0.1675985 -0.07645857 0.1645711 -0.07179898 0.1827031 -0.02442014 0.1886855 -0.02123135 0.1878597 -0.02649056 0.1809757 -0.002642512 0.1873136 -0.005048394 0.1817657 -0.005362868 0.1706887 0.007434368 0.1723453 0.0140081 0.1756865 0.009863317 0.146942 0.02093029 0.1458739 0.02762478 0.1505781 0.02513217 0.1089629 0.02908039 0.1052258 0.03473651 0.1105394 0.03440874 0.05977028 0.01947325 0.06162995 0.02599239 0.06241375 0.02049124 0.01660645 -0.01082032 0.01570463 -0.004101336 0.01862239 -0.008830428 -0.01406788 -0.0546593 -0.01748704 -0.04880553 -0.01297342 -0.05204659 -0.02529197 -0.09904998 -0.03062093 -0.1032405 -0.03073221 -0.09791797 -0.003062546 -0.1405476 -0.005464494 -0.146887 -0.008306622 -0.1423854 0.08682596 -0.1434939 0.08199644 -0.1482514 0.08402401 -0.1430778 0.1178161 -0.07722091 0.121705 -0.08118999 0.1192432 -0.08259123 0.1301447 -0.06141489 0.1355647 -0.0626403 0.1342564 -0.06515282 0.1335151 -0.04775452 0.1388099 -0.04606872 0.1389529 -0.04889786 0.1291141 -0.0381776 0.1329598 -0.03416669 0.1344373 -0.03658354 0.1184836 -0.03315448 0.1200387 -0.02781987 0.1224663 -0.02927953 0.1035279 -0.03350019 0.1024768 -0.02804368 0.1053031 -0.0282346 0.08708262 -0.04006808 0.08366012 -0.03569042 0.08626276 -0.03457224 0.07284402 -0.05247032 0.06779152 -0.05015742 0.06958812 -0.04796743 0.06471693 -0.0682851 0.05917108 -0.06863218 0.05972051 -0.06585335 0.06603056 -0.08320248 0.06138962 -0.08625847 0.06048613 -0.08357369 0.07820594 -0.09176409 0.0759021 -0.09682071 0.07370883 -0.09502804 0.09815961 -0.08949702 0.09910476 -0.09497284 0.09628272 -0.09472721 0.0651533 -0.08144354 0.05570834 -0.08784967 0.04450005 -0.08570098 0.04450005 -0.08570098 0.03809392 -0.07625615 0.04024261 -0.0650478 0.04024261 -0.0650478 0.0496875 -0.05864161 0.0651533 -0.08144354 0.0496875 -0.05864161 0.06794804 -0.06896758 0.0651533 -0.08144354 -0.04146194 -0.04495704 -0.05031836 -0.05970305 -0.07706183 -0.0235756 -0.07706183 -0.0235756 -0.06037235 -0.01941102 -0.0456264 -0.02826762 0.04379993 -0.07027518 0.02908653 -0.04827916 0.03423607 -0.0223217 0.03423607 -0.0223217 0.05623203 -0.007608175 0.04379993 -0.07027518 0.05623203 -0.007608175 0.08641761 -0.009803473 0.06975752 -0.07542473 -0.09721714 0.02021849 -0.1057818 0.01750642 -0.1065368 0.02685296 -0.0665667 0.02204775 -0.0754261 0.02353721 -0.07183825 0.03220075 -0.03474652 0.007029116 -0.04201775 0.01230514 -0.03494977 0.01846718 -0.01539498 -0.01513367 -0.006397545 -0.01249277 -0.004057466 -0.01666092 -8.33932e-4 -0.05911791 -0.001619935 -0.05016863 0.007667303 -0.05146276 -0.009983301 -0.09157991 -0.00654757 -0.08327907 0.001092255 -0.08871591 -0.04883378 -0.105404 -0.04109233 -0.1008458 -0.03826683 -0.1097869 -0.0965659 -0.07929146 -0.1012369 -0.08742219 -0.1058101 -0.08603066 -0.1314667 -0.03404438 -0.1266801 -0.04164677 -0.1355333 -0.0447371 -0.134703 -0.02077978 -0.1439275 -0.01909506 -0.1441445 -0.01431977 -0.1305609 -6.6799e-4 -0.1339475 -0.008988976 -0.1416195 -0.003597438 -0.1253274 0.003602862 -0.1300926 0.01167887 -0.126625 0.01496905 -0.1187502 0.0460788 -0.1203032 0.05532634 -0.1118144 0.05826735 -0.06857234 0.06822156 -0.06535536 0.07702952 -0.05652165 0.07539427 -0.01206487 0.05457407 -0.00519824 0.06095975 0.001928806 0.05549073 0.02896595 0.01295351 0.03766369 0.01645731 0.04236006 0.008798897 0.05304551 -0.03618741 0.06238865 -0.0353918 0.06462943 -0.0440917 0.06139296 -0.08130753 0.07054215 -0.08336192 0.07005965 -0.09233272 0.02446484 -0.1337797 0.03124427 -0.1237528 0.03803026 -0.1302241 -0.127203 -0.05950456 -0.1339102 -0.06605756 -0.14117 -0.06076568 -0.1468265 0.01849484 -0.1448017 0.006561577 -0.1541787 0.006552875 -0.1448085 0.02017939 -0.1468146 0.008243024 -0.1556745 0.01131385 -0.1426922 0.01636475 -0.1480328 0.00550282 -0.1556421 0.01098257 -0.1339521 0.02559965 -0.1426074 0.01713871 -0.1479552 0.02484112 -0.1192365 0.06226903 -0.1318415 0.05674093 -0.1348327 0.06562811 -0.05775022 0.1063997 -0.05479407 0.1152986 -0.04301482 0.1125146 0.03288263 0.07925349 0.02279984 0.0886228 0.02976602 0.09489989 0.06886261 0.03694188 0.07732397 0.04098337 0.08348703 0.03056627 0.1003942 -0.02628988 0.09535688 -0.01348096 0.1043529 -0.01083511 0.1143919 -0.0456891 0.1235682 -0.04375916 0.1270979 -0.05533689 0.1401998 -0.04903161 0.1350471 -0.03626859 0.1440188 -0.03354161 -0.06829333 0.1255584 -0.07561933 0.1314114 -0.0689311 0.1414995 -0.1178228 0.08093613 -0.1217819 0.06775397 -0.1304886 0.07123553 -0.1361483 0.03053641 -0.1446652 0.03445947 -0.1405943 0.04585814 -0.146041 0.006549239 -0.1539584 0.01157355 -0.1484033 0.02232724 -0.1504898 0.01072347 -0.1569837 0.01748788 -0.1490285 0.02661019 -0.1459427 0.03728127 -0.1513354 0.04495239 -0.1400755 0.05286806 -0.0212686 0.130841 -0.03411114 0.1357921 -0.03073811 0.1445414 0.06673485 0.1026853 0.07431018 0.1082117 0.08242213 0.09709227 0.1037032 0.04848682 0.1120807 0.05269938 0.1182641 0.04040265 0.1236813 0.006968677 0.1321275 0.0110417 0.1381059 -0.001355946 0.1451613 -0.01650035 0.1378768 -0.004822075 0.1458328 1.40587e-4 0.1459426 0.03728133 0.1346827 0.04519701 0.1400755 0.05286812 0.02126866 0.1308408 0.01789551 0.1395902 0.03073811 0.1445414 -0.06673479 0.1026853 -0.07484668 0.09156584 -0.08242207 0.09709227 -0.1098866 0.03619009 -0.1182641 0.04040271 -0.1120807 0.05269938 -0.1236813 0.006968677 -0.1296597 -0.00542891 -0.1381059 -0.001355946 -0.1451613 -0.01650041 -0.1531174 -0.01153767 -0.1458328 1.40547e-4 0.1169608 0.07981055 0.1256675 0.08329212 0.1296265 0.0701099 0.1347867 0.03093147 0.1307158 0.04233008 0.1392326 0.04625326 0.1390837 0.01751285 0.1470011 0.02253717 0.1533182 0.01030856 0.1411228 0.01971596 0.1476167 0.02648031 0.156663 0.01610684 0.1306197 0.05602169 0.119535 0.06088292 0.1225262 0.06977015 0.0454275 0.1023062 0.04247134 0.1112051 0.05586624 0.1143709 -0.03149211 0.07897651 -0.0384581 0.08525359 -0.0283755 0.09462291 0.004150927 -0.1374547 -0.001254737 -0.1451167 -0.00984615 -0.1365908 0.08576732 -0.03179979 0.07928323 -0.03801774 0.07476109 -0.03432399 -0.048527 -0.05334222 -0.05788701 -0.05278009 -0.05516153 -0.04098719 0.1374251 0.001605927 0.1448466 0.007337391 0.1486042 -8.22674e-4 0.1083486 0.01594227 0.1038429 0.01753854 0.1049136 0.02685421 0.03743124 0.00411272 0.03036153 0.01027286 0.03763133 0.01555091 -0.09835535 0.02310794 -0.1066619 0.02266639 -0.1051677 0.0312193 -0.0604034 0.01433241 -0.0680812 0.01753336 -0.06302881 0.02459442 -0.03152698 -0.007008731 -0.02400457 -0.002673089 -0.02099102 -0.005914807 -0.003090918 -0.05255126 -0.005868971 -0.04471057 0.002756536 -0.04371917 0.002437829 -0.08539348 0.01068717 -0.0881015 0.01028436 -0.09250921 -0.02369588 -0.1246756 -0.01870137 -0.1180236 -0.0131033 -0.1246604 -0.08491349 -0.1144564 -0.08591693 -0.1230806 -0.09031611 -0.1235675 -0.1488559 -0.0552845 -0.1428354 -0.06102448 -0.1500829 -0.06580567 -0.1588492 -0.02483415 -0.1675298 -0.02465081 -0.1684306 -0.02031737 -0.1583496 -0.002058625 -0.1603556 -0.01013135 -0.1680981 -0.00620228 -0.1538981 3.23299e-4 -0.1594424 0.007004857 -0.1567565 0.01052284 -0.136776 0.01308524 -0.1391063 0.02144908 -0.1352175 0.02356255 -0.09960848 0.0688641 -0.1107977 0.06822896 -0.1098407 0.07685852 -0.04652565 0.0708788 -0.04177147 0.07814389 -0.0341503 0.0748105 0.01157331 0.03583908 0.01874053 0.04073959 0.02451246 0.0347498 0.05678206 -0.02761638 0.05180877 -0.01757305 0.06012201 -0.01506829 0.07597106 -0.07011014 0.08465057 -0.06988668 0.08624511 -0.07805073 0.07953661 -0.1262707 0.08093345 -0.1151509 0.08924812 -0.1176511 -0.04636389 -0.1547316 -0.04485505 -0.1632819 -0.05269217 -0.16607 -0.167984 0.02081018 -0.1766447 0.02019578 -0.1786054 0.02827966 -0.1691809 0.02848643 -0.1774865 0.03101617 -0.1764205 0.03926587 -0.1681173 0.02821826 -0.1724356 0.01787656 -0.1797794 0.02250832 -0.1709214 0.01811212 -0.1766163 0.02466595 -0.1713325 0.03109049 -0.1545031 0.03919363 -0.157447 0.04736179 -0.1501997 0.0514447 -0.1021815 0.1031061 -0.1148951 0.1022214 -0.1147288 0.1109022 -0.008111298 0.11169 -0.01939791 0.1176087 -0.01470077 0.1249109 0.05386525 0.07232367 0.0608558 0.07747304 0.06827533 0.06907349 0.1042641 0.001423299 0.09791439 0.0124731 0.1057958 0.01611578 0.1331204 -0.04439252 0.1278638 -0.03278285 0.1360592 -0.02991575 0.1598623 -0.04982131 0.1541547 -0.03842657 0.1622315 -0.03524059 0.1408255 0.1056015 0.1285437 0.1090039 0.1315932 0.1171332 -0.1042248 0.1280336 -0.1113394 0.1330102 -0.1057538 0.1427263 -0.1396956 0.082286 -0.1448653 0.07063728 -0.1524584 0.07484793 -0.1634496 0.02975541 -0.1707172 0.03450572 -0.16544 0.0443927 -0.1661595 0.02520167 -0.1740171 0.01516795 -0.1803522 0.02110517 -0.1573876 0.04982542 -0.167996 0.04276281 -0.1721489 0.05038762 -0.1206915 0.1198742 -0.1215978 0.1285092 -0.108923 0.1298393 0.03276479 0.1406746 0.02261942 0.1483875 0.02787405 0.1552993 0.09714776 0.09100371 0.1042494 0.09599876 0.1115814 0.08557474 0.1328881 0.03402829 0.1403744 0.0384261 0.1468297 0.0274375 0.1625117 -0.007533907 0.1555286 0.0031268 0.1627916 0.007884263 0.1656467 0.02505058 0.1716001 0.03137046 0.1808767 0.02263182 0.1080168 0.1212044 0.108923 0.1298394 0.1215977 0.1285093 -0.0226193 0.1483875 -0.03276473 0.1406745 -0.03801935 0.1475863 -0.1044797 0.08057963 -0.1115813 0.08557474 -0.1042494 0.09599876 -0.1328881 0.03402829 -0.1393435 0.02303969 -0.1468297 0.0274375 -0.1625117 -0.007534027 -0.1697747 -0.002776563 -0.1627915 0.007884263 -0.1656467 0.02505052 -0.1749233 0.01631188 -0.1808767 0.02263182 -0.1398007 0.1047809 -0.1428503 0.1129102 -0.1305685 0.1163126 0.102919 0.1281695 0.09733343 0.1378857 0.1044481 0.1428622 0.1390346 0.08115178 0.1466277 0.08536243 0.1517974 0.07371371 0.1621488 0.02993226 0.1568714 0.03981924 0.1641392 0.04456961 0.1657955 0.02394044 0.1721306 0.02987766 0.1799881 0.01984387 0.1574376 0.04851365 0.1615905 0.05613839 0.1721989 0.04907578 0.1028743 0.1019911 0.102708 0.1106719 0.1154216 0.1097871 0.009286165 0.1111044 0.004589021 0.1184066 0.01587563 0.1243253 -0.05357635 0.07104307 -0.06099581 0.06264352 -0.06798642 0.06779289 -0.1029585 0.001559436 -0.1108398 0.005201995 -0.10449 0.01625186 -0.1272112 -0.03392189 -0.1318339 -0.04413133 -0.1400293 -0.04126435 -0.1535474 -0.03959035 -0.1585667 -0.04961079 -0.1666434 -0.04642468 0.0482766 -0.1536639 0.05611366 -0.1564521 0.05460488 -0.1650024 0.1686847 0.03068608 0.1773453 0.03007161 0.1747034 0.01918023 0.1673622 0.02970778 0.1662962 0.03795748 0.1746019 0.04048728 0.1671538 0.02625072 0.1744977 0.03088247 0.178816 0.02054071 0.1687317 0.0181815 0.163448 0.02460604 0.1691429 0.03115987 0.1524361 0.03846752 0.1451889 0.04255056 0.1481327 0.05071866 0.1009573 0.06713777 0.1000003 0.07576727 0.1111895 0.07513213 0.03824108 0.06545746 0.03348696 0.07272255 0.04375493 0.07721364 -0.01138955 0.033656 -0.01716148 0.02766621 -0.02432864 0.03256666 -0.05466502 -0.02705281 -0.06297832 -0.02454805 -0.05800491 -0.01450479 -0.07622587 -0.08000761 -0.08490538 -0.07978415 -0.08275711 -0.06878477 -0.07911914 -0.1163788 -0.07808232 -0.1246322 -0.08639693 -0.1271325 0.09140825 -0.1137007 0.09241169 -0.1223249 0.08414387 -0.1214098 0.146436 -0.0555666 0.1536835 -0.06034785 0.1476629 -0.0660879 0.1578105 -0.02263051 0.1587111 -0.01829707 0.1673917 -0.01811373 0.1573966 -0.004300713 0.1651391 -3.71621e-4 0.167145 -0.008444368 0.1515522 9.80726e-4 0.1488662 0.004498541 0.1544106 0.01118028 0.1343663 0.01272684 0.1304774 0.01484018 0.1328077 0.02320402 0.1046408 0.02130615 0.1002209 0.02154105 0.09872668 0.03009396 0.06276369 0.01372849 0.0577113 0.02078956 0.06538903 0.02399057 0.03127539 -0.009432017 0.02826184 -0.01267367 0.02073955 -0.008338093 0.005122244 -0.05120635 -0.003503203 -0.05021482 -7.25209e-4 -0.04237419 -3.98573e-4 -0.09160584 -0.008647859 -0.09431385 -0.009404838 -0.08603006 0.02369952 -0.1222394 0.01810151 -0.1288762 0.013107 -0.1222242 0.08512347 0.01320797 0.07872986 -0.02017456 0.06490236 -0.01752614 0.06490236 -0.01752614 0.05699741 -0.005876064 0.05964577 0.007951378 0.05964577 0.007951378 0.07129591 0.01585626 0.06490236 -0.01752614 0.0670852 -0.02973228 0.054093 -0.0382694 0.07023543 -0.01450884 0.054093 -0.0382694 0.0303325 -0.02212703 0.07023543 -0.01450884 0.0303325 -0.02212703 0.03348273 -0.006903529 0.04647493 0.001633465 0.04647493 0.001633465 0.06169831 -0.00151664 0.07023543 -0.01450884 0.004174292 0.08394986 0.008526563 0.08138382 0.01287889 0.07881778 0.08904254 -0.08311164 0.07612043 -0.09175443 0.05525487 -0.06055778 0.07612043 -0.09175443 0.06087172 -0.08872848 0.05525487 -0.06055778 0.06087172 -0.08872848 0.05222892 -0.07580643 0.05525487 -0.06055778 0.05525487 -0.06055778 0.06817704 -0.05191493 0.0834257 -0.05494081 0.0834257 -0.05494081 0.09206843 -0.06786298 0.05525487 -0.06055778 -0.05827099 0.01990085 -0.06323903 0.02181404 -0.06013059 0.02642005 -0.0188499 -0.007287859 -0.01415932 -0.00430876 -0.01214331 -0.00629878 0.01541423 -0.05544573 0.0133574 -0.05053544 0.01883339 -0.04959189 0.0261445 -0.1031469 0.02625572 -0.09782439 0.03164386 -0.09918278 0.001678526 -0.1444967 0.004520535 -0.1399952 0.008434772 -0.1439394 -0.08265423 -0.1438226 -0.08309054 -0.1493621 -0.08589249 -0.1497783 -0.1680802 -0.06951904 -0.1643797 -0.07334631 -0.1691386 -0.07621508 -0.1834365 -0.02579605 -0.1889795 -0.0254057 -0.1894189 -0.0226072 -0.181529 -0.001184821 -0.1830139 -0.00629729 -0.187867 -0.003590703 -0.1688595 0.01119816 -0.1722005 0.007053375 -0.175635 0.01142162 -0.1484818 0.02117592 -0.1499167 0.02654421 -0.1474136 0.02787047 -0.1049502 0.03026759 -0.1102638 0.02993983 -0.109354 0.03542155 -0.03943562 0.08487766 -0.03656888 0.08963781 -0.03161489 0.08768832 0.03439301 0.04006153 0.02913606 0.04494112 0.03354126 0.0483281 0.07831352 -0.01313996 0.08351099 -0.01117438 0.0861963 -0.01577121 0.1124972 -0.07504773 0.1104923 -0.06816107 0.1160116 -0.06751704 0.1269775 -0.1116406 0.1324798 -0.1124163 0.132624 -0.117738 0.02231872 -0.1898805 0.02504289 -0.1947237 0.02090167 -0.1980692 -0.1942776 0.04657095 -0.1998096 0.04709362 -0.2001976 0.05240321 -0.1970319 0.0452364 -0.2021867 0.04731148 -0.201048 0.05251199 -0.1965086 0.03965616 -0.1996644 0.0332151 -0.204178 0.03645592 -0.1892699 0.04046779 -0.1940615 0.03513062 -0.1975212 0.03947889 -0.1694859 0.05806571 -0.1712491 0.06333535 -0.1665519 0.06584095 -0.1077172 0.08646321 -0.1148751 0.08600419 -0.1143032 0.09153145 -0.00398153 0.1358536 -0.0113992 0.1392453 -0.008650362 0.1440744 0.07435768 0.08915907 0.07859593 0.09275275 0.08370071 0.08771413 0.1321942 0.01883411 0.1276217 0.02558833 0.1324808 0.02828389 0.1675446 -0.02511918 0.1635479 -0.018009 0.1686139 -0.01572573 0.1909913 -0.01015657 0.1958668 -0.007490634 0.1998513 -0.01345461 0.1381605 0.145491 0.1398977 0.1507692 0.1468825 0.1491388 -0.1032485 0.1714923 -0.1083824 0.1651543 -0.1123737 0.1690205 -0.1647727 0.1035724 -0.1687633 0.09645885 -0.1733499 0.0995959 -0.1877447 0.05833858 -0.1920793 0.05142933 -0.1965065 0.05478739 -0.2010347 0.03860265 -0.2048611 0.04263204 -0.2001176 0.04801213 -0.1864238 0.07014864 -0.1888836 0.07513129 -0.1827583 0.07886326 -0.1115658 0.1288918 -0.1196987 0.1282734 -0.1196279 0.1338297 0.03657066 0.1709239 0.02966827 0.1752693 0.03262871 0.1799718 0.1198077 0.1126018 0.1240745 0.1161615 0.1292996 0.1098986 0.168283 0.04520207 0.1636449 0.05191135 0.1682157 0.05507123 0.1885875 0.02362984 0.1930004 0.02700662 0.197957 0.02052909 0.1925495 0.05463111 0.1960652 0.05893427 0.2023816 0.05377382 0.1266508 0.1513823 0.1185418 0.1522599 0.1191396 0.1577843 -0.02966821 0.1752692 -0.0365706 0.1709238 -0.03953111 0.1756263 -0.1250328 0.1063387 -0.1292996 0.1098985 -0.1240745 0.1161615 -0.1636448 0.05191135 -0.168283 0.04520201 -0.1728538 0.04836189 -0.1935441 0.01715219 -0.197957 0.02052903 -0.1930004 0.0270065 -0.1988659 0.04947066 -0.2023816 0.05377382 -0.1960652 0.05893427 -0.1185418 0.1522599 -0.1266508 0.1513823 -0.1272487 0.1569068 0.1075435 0.1651079 0.1030288 0.1706814 0.1070201 0.1745474 0.1644192 0.1028101 0.1690059 0.1059471 0.1729965 0.09883368 0.1912409 0.05148398 0.1874291 0.05755984 0.1918564 0.06091809 0.195455 0.04390132 0.1992813 0.04793059 0.2046754 0.04181253 0.1795241 0.07355481 0.1819838 0.07853746 0.1889493 0.07429373 0.1120046 0.1281753 0.1119338 0.1337316 0.1200667 0.1331132 0.01123505 0.1384212 0.004712045 0.1354387 0.001963078 0.1402678 -0.07933408 0.0832901 -0.08357232 0.08688378 -0.07776743 0.09261351 -0.1273334 0.0247991 -0.1313544 0.01885962 -0.1362135 0.02155518 -0.1667098 -0.02502411 -0.1717756 -0.02274078 -0.1677791 -0.01563066 -0.1906982 -0.01094383 -0.1946828 -0.01690787 -0.1995583 -0.01424205 -0.1384845 0.144716 -0.1454694 0.1430855 -0.1472066 0.1483638 0.1932935 0.04756981 0.1936815 0.05287933 0.1992136 0.05340194 0.1946657 0.05111455 0.1998205 0.05318951 0.2013546 0.04618299 0.1959687 0.03836208 0.2004824 0.04160302 0.2036381 0.03516203 0.189103 0.03907567 0.1925626 0.04342401 0.1973543 0.03808683 0.1681741 0.05757063 0.1634769 0.06007623 0.1652401 0.06534588 0.1085723 0.085352 0.1080003 0.0908792 0.1151583 0.09042024 0.03896135 0.08355814 0.03400743 0.08160865 0.03114074 0.08636879 -0.02909648 0.04353958 -0.03299832 0.0399177 -0.03740352 0.04330474 -0.08055484 -0.01906675 -0.08575236 -0.0171011 -0.08213442 -0.01090782 -0.1097385 -0.06934338 -0.1112266 -0.07445484 -0.1167459 -0.07381081 -0.1259487 -0.1125933 -0.1260929 -0.117915 -0.1315951 -0.1186907 -0.01679575 -0.192987 -0.01951998 -0.1978301 -0.02509927 -0.1933227 0.1665401 -0.06976252 0.171299 -0.07263129 0.1675985 -0.07645857 0.1827031 -0.02442014 0.1831425 -0.0216217 0.1886855 -0.02123135 0.1809757 -0.002642512 0.1858287 6.39709e-5 0.1873136 -0.005048394 0.1706887 0.007434368 0.1689109 0.009639859 0.1723453 0.0140081 0.146942 0.02093029 0.144439 0.02225655 0.1458739 0.02762478 0.1089629 0.02908039 0.1061356 0.02925473 0.1052258 0.03473651 0.05977028 0.01947325 0.0566619 0.02407926 0.06162995 0.02599239 0.01660645 -0.01082032 0.0119158 -0.007841289 0.01570463 -0.004101336 -0.01406788 -0.0546593 -0.019544 -0.05371582 -0.01748704 -0.04880553 -0.02529197 -0.09904998 -0.02523279 -0.1018821 -0.03062093 -0.1032405 -0.003062546 -0.1405476 -0.001550376 -0.1429429 -0.005464494 -0.146887 0.08682596 -0.1434939 0.08726233 -0.1490335 0.08199644 -0.1482514 0.1419343 -0.06104105 0.1451638 -0.06216233 0.143908 -0.06408894 -0.1103 -0.08097809 -0.1094216 -0.08384668 -0.1117197 -0.08378058 -0.1868643 0.01672202 -0.1903099 0.01655977 -0.1884168 0.0184189 -0.1457669 -0.06034201 -0.1485906 -0.06106001 -0.1473877 -0.05871093 0.1115186 -0.08639848 0.1107259 -0.08976072 0.1092977 -0.08699399 0.189904 0.0144599 0.1940718 0.01364815 0.192514 0.01195591 -0.1048589 0.1026477 -0.1061061 0.1007151 -0.1084034 0.100829 0.04965454 0.132125 0.05188792 0.1326746 0.05348068 0.1310152 0.1223168 -0.1130179 0.1230359 -0.1102431 0.1246046 -0.1132542 -0.1727632 -0.04424643 -0.1697887 -0.04450172 -0.172114 -0.04645127 -0.1933064 0.01199513 -0.1925178 0.01507973 -0.1909584 0.01338905 -0.1223747 -0.1112527 -0.1230894 -0.1087986 -0.1207964 -0.1089779 0.166631 -0.0511443 0.1632642 -0.05108624 0.1643268 -0.04904776 0.195645 0.01160085 0.1943266 0.01513755 0.1972179 0.01327908 -0.1382955 0.07874631 -0.139315 0.07668447 -0.1416103 0.07653647 0.1415417 -0.02263313 0.1434306 -0.01990467 0.1438102 -0.02298927 -0.04939985 -0.0296024 -0.04780948 -0.0286296 -0.04807001 -0.03147912 -0.1963713 0.01147753 -0.1940324 0.01270496 -0.1946418 0.009964048 -0.1411361 -0.02644932 -0.1430431 -0.0235784 -0.1407485 -0.02348059 0.05884313 -0.0355215 0.05672276 -0.03419601 0.05809503 -0.0323503 0.1978888 0.01109641 0.1952935 0.01256358 0.1968555 0.01424998 -0.1629587 0.0630114 -0.1652286 0.06264007 -0.1658717 0.06657165 0.1471852 -0.06355583 0.1494112 -0.06071257 0.1494103 -0.06413382 -0.05756133 -0.0389871 -0.05511987 -0.03824174 -0.05657064 -0.04106289 -0.1935235 0.0186612 -0.1907855 0.01969492 -0.1918832 0.01704895 -0.1499057 -0.05105167 -0.1520333 -0.0485714 -0.1497563 -0.04825741 0.05846351 -0.03938478 0.0558393 -0.03853762 0.05715042 -0.03664785 0.1912893 0.02486592 0.1881127 0.02625262 0.1897666 0.0278511 -0.1740333 0.04299587 -0.1747285 0.04080337 -0.1769748 0.04030907 0.1102536 -0.1463876 0.112051 -0.1442615 0.1121682 -0.1476622 -0.1552325 -0.04375582 -0.1522351 -0.04457765 -0.1550288 -0.04604464 -0.1926756 0.02057439 -0.1917725 0.02353811 -0.1901512 0.02190679 -0.1122447 -0.144304 -0.1137942 -0.1425639 -0.111723 -0.1415637 0.1522743 -0.0458185 0.149087 -0.04656136 0.1496471 -0.0443325 0.1890602 0.0297591 0.1876357 0.03306704 0.1905714 0.03149288 -0.1841514 0.02565878 -0.1847695 0.02344334 -0.1869972 0.02287089 0.0974428 -0.1606042 0.09978616 -0.1588543 0.09890317 -0.1621007 -0.1399637 -0.04104477 -0.1370088 -0.04186373 -0.139935 -0.04313433 -0.1877111 0.03453642 -0.1865805 0.03779536 -0.1850942 0.03603994 -0.1305141 -0.1306388 -0.1323873 -0.1287046 -0.1303445 -0.1276485 0.1160494 -0.04534274 0.1129032 -0.04598909 0.1133428 -0.04373198 0.1736039 0.05823647 0.1719038 0.06158697 0.1748164 0.05994004 -0.1938902 0.01112675 -0.1959012 0.01055389 -0.1968933 0.01403707 0.1385985 -0.1285505 0.1407752 -0.1265479 0.1402523 -0.1298296 -0.1031085 -0.04099321 -0.1004703 -0.04151344 -0.1032006 -0.0430817 -0.1809282 0.05249536 -0.177397 0.05256026 -0.1797169 0.05079114 -0.1464734 -0.1186046 -0.1483818 -0.1167935 -0.1465705 -0.1157494 0.1016055 -0.04135483 0.09884107 -0.04186195 0.09902465 -0.03977942 0.1740587 0.06365817 0.1701918 0.06378239 0.1713746 0.06550657 -0.1976602 0.005034387 -0.1981562 0.00300318 -0.2001634 0.002417147 -0.03150784 -0.1936558 -0.02902901 -0.1939201 -0.03155118 -0.1955372 -0.1454892 -0.02257496 -0.1430037 -0.02389889 -0.1459255 -0.02440345 -0.1800613 0.05645132 -0.178602 0.05908405 -0.1774134 0.05736452 -0.08637094 -0.1740906 -0.08827543 -0.1732195 -0.0870518 -0.1715241 0.1273285 -0.02856206 0.1249587 -0.02980494 0.1248079 -0.02772057 0.1548674 0.08853554 0.1528776 0.09101754 0.155611 0.09026396 -0.2011793 -0.001043975 -0.2016294 -0.002871215 -0.2034368 -0.00339514 -0.0309937 -0.1962189 -0.02861124 -0.1966207 -0.03123652 -0.1978739 -0.1300246 -0.01830869 -0.127761 -0.01948642 -0.13055 -0.01989597 -0.1652302 0.0799126 -0.1634349 0.08243572 -0.1626099 0.08074432 -0.08692651 -0.1779715 -0.0890789 -0.1770913 -0.08809977 -0.1754845 0.1018806 -0.02840632 0.09949338 -0.02954781 0.09914422 -0.02769899 0.1315337 0.1116796 0.1291885 0.1139179 0.1320323 0.1132763 -0.2081848 5.48825e-4 -0.2053855 -1.98173e-4 -0.2074321 -0.002249002 0.1255608 -0.1569068 0.1259621 -0.1546782 0.126951 -0.1560273 -0.1625412 0.00533992 -0.1606013 0.003259778 -0.1631287 0.0040012 -0.141125 0.1060762 -0.1392403 0.1069763 -0.1386809 0.1053999 0.1869695 -0.07695192 0.1860916 -0.07842439 0.1846455 -0.07758384 0.145096 -0.001540601 0.1432925 -0.003565669 0.1427575 -0.001981914 0.08646625 0.1382291 0.08432304 0.138689 0.08661276 0.1396854 -0.2080171 0.002861261 -0.2094389 0.002513587 -0.2100412 0.004976153 -0.2009693 -0.03432726 -0.2001733 -0.03609925 -0.2019886 -0.03455805 -0.1648698 0.0173431 -0.1630172 0.0153197 -0.1653421 0.01641148 -0.1319473 0.1163491 -0.1299985 0.1168126 -0.1295949 0.1154057 0.187539 -0.07738238 0.1866699 -0.07868611 0.1853428 -0.07806891 0.1322544 0.00378412 0.130831 0.001932442 0.1302362 0.003269374 0.02709281 0.1525441 0.02531367 0.1522374 0.02696681 0.153582 -0.2085489 0.01128882 -0.2088701 0.0102939 -0.2098924 0.01007473 -0.2026309 -0.019692 -0.2021123 -0.02118533 -0.2036614 -0.01986718 -0.1626946 0.02902454 -0.1606219 0.02876532 -0.1610987 0.02783596 -0.03737276 0.15461 -0.03627038 0.1540074 -0.03636008 0.1529658 0.2036396 -0.01399582 0.2031472 -0.01539129 0.2021264 -0.01516747 0.1618249 0.02907431 0.159732 0.02879738 0.1612923 0.02997285 0.01747518 0.1553995 0.01625877 0.1546912 0.01728206 0.156427 -0.1502854 0.03247195 -0.1506609 0.03395581 -0.1481388 0.03319293 -0.1958979 -0.06448405 -0.1966183 -0.06338876 -0.1953355 -0.06268388 0.1473208 0.002571403 0.1439177 0.002931535 0.1464038 0.003768622 -0.1947837 -0.05504333 -0.1928297 -0.05591672 -0.1942799 -0.05675041 0.1051755 -0.1648446 0.1044986 -0.1670184 0.103691 -0.1655534 0.1496568 0.02409899 0.1483617 0.02360248 0.1462542 0.02446401 -0.1194044 -0.1026191 -0.1203577 -0.1034726 -0.1205471 -0.1019765 0.1392946 0.03295326 0.1409974 0.03544116 0.1408235 0.03228908 0.1661673 0.05271667 0.1675783 0.05562496 0.1678283 0.05258631 0.07942616 0.04491263 0.07757258 0.0469706 0.07908064 0.04767978 -0.07706636 0.03151321 -0.07862555 0.03332144 -0.07714432 0.03408598 -0.1700223 0.04435378 -0.1714954 0.04667431 -0.1698457 0.04690992 -0.1352639 0.05324393 -0.1332905 0.05578094 -0.1336107 0.05303746 -0.001962721 0.03979498 -3.40978e-5 0.04209965 -4.47709e-4 0.03910005 -0.1738097 0.009524464 -0.1727018 0.01231628 -0.1702265 0.01061505 0.1566654 -0.0448088 0.1574746 -0.04626601 0.1552392 -0.04827219 -0.1453953 0.0436908 -0.1475887 0.04160583 -0.1469069 0.04438894 -0.1699371 0.04989981 -0.1689283 0.04759299 -0.1705776 0.04735279 -0.06679773 0.01219773 -0.06557458 0.0104503 -0.06704568 0.009666502 0.0972827 0.02981358 0.09923803 0.02791064 0.09774112 0.02718049 0.1694249 0.05625766 0.1684918 0.05310767 0.1677877 0.05594885 0.136988 0.02782744 0.1357213 0.02532321 0.1354318 0.02842462 -0.02169322 0.01516461 -0.02343964 0.01315611 -0.022991 0.01621025 -0.1722679 0.04184859 -0.173489 0.04298335 -0.1719852 0.04558342 -0.145105 0.06490856 -0.1464048 0.06309658 -0.1465181 0.06579101 -0.1686716 0.05408942 -0.1700129 0.05138665 -0.1703262 0.05388903 -0.1021817 0.05952203 -0.1004979 0.05786478 -0.1019012 0.05696839 0.0740028 0.07873749 0.07555037 0.07690072 0.07419395 0.07593214 0.1685568 0.06211197 0.1700387 0.05934464 0.1684005 0.05903816 0.1460689 0.04579758 0.1440073 0.0434373 0.1445778 0.04654061 0.01993238 0.06991297 0.01835 0.06826555 0.01887345 0.07119989 -0.1710418 0.04906868 -0.1726885 0.04880994 -0.172432 0.05254667 -0.1466188 0.07729136 -0.1477642 0.07528746 -0.1476032 0.07815253 -0.169157 0.05469322 -0.1698524 0.05175346 -0.1704617 0.05458402 -0.1257865 0.0699796 -0.1236591 0.06835848 -0.1248806 0.06722563 0.02319103 0.1207778 0.02475196 0.1192799 0.02372807 0.1179649 0.1682499 0.06967467 0.1692418 0.06730425 0.1676239 0.06690549 0.1422919 0.02784752 0.1399672 0.02587497 0.1411406 0.02847188 0.02285957 0.06621539 0.02106994 0.06472784 0.02220875 0.06735163 -0.1699753 0.06384152 -0.1712788 0.06371402 -0.1709066 0.06663328 -0.1638033 0.06593221 -0.1654396 0.06410771 -0.1647431 0.0668419 -0.1686992 0.05125826 -0.1677957 0.0486862 -0.1691004 0.04857242 -0.08682054 0.02027577 -0.08585071 0.01854592 -0.08671563 0.01756328 0.1221097 0.0652706 0.1236311 0.06364929 0.1229003 0.06256401 0.1712263 0.06301283 0.1730995 0.06051576 0.1718525 0.06011706 0.1430241 0.0248748 0.1418954 0.02253144 0.1419095 0.02556169 -0.03202503 0.03445607 -0.03332477 0.03286606 -0.03244411 0.03569692 -0.1702793 0.06668984 -0.1711843 0.0676366 -0.169884 0.06960606 -0.1641814 0.07169973 -0.1659179 0.07059788 -0.165073 0.072658 -0.1672344 0.04334515 -0.1664001 0.04135853 -0.1677041 0.04123592 -0.06522983 -0.003981471 -0.06424564 -0.00499022 -0.06493216 -0.006105422 0.1324722 0.07025039 0.1339571 0.06944119 0.1333878 0.06826227 0.1707311 0.06300151 0.172668 0.06130588 0.1714401 0.06085121 0.174089 0.05705147 0.1738453 0.05518639 0.1727687 0.05593234 -0.05707234 0.03164219 -0.05835127 0.03085309 -0.05735349 0.03292137 -0.1687611 0.06851381 -0.169658 0.06946825 -0.1683409 0.07142651 -0.1361994 0.1096642 -0.1370594 0.1085423 -0.1368873 0.1107785 -0.1658765 0.04314494 -0.1663563 0.04101061 -0.1671823 0.0430445 -0.1278481 0.04507303 -0.1260217 0.04423522 -0.126783 0.04316979 0.01263797 0.1171049 0.01380479 0.1163847 0.01356208 0.1150977 0.1708531 0.06452715 0.1715764 0.06283497 0.1703737 0.06231659 0.1497161 0.03323376 0.1475463 0.03187763 0.1486008 0.03392022 0.07901984 0.06713998 0.07748216 0.06649267 0.07872503 0.06841582 -0.1681285 0.07243871 -0.1665218 0.07071006 -0.1685647 0.06952828 -0.1518512 0.09767526 -0.152495 0.09645217 -0.1524901 0.09867954 -0.1656166 0.04903972 -0.1659707 0.04684036 -0.1668046 0.04896503 -0.1399029 0.05364656 -0.1380625 0.05269986 -0.1388134 0.0516268 -0.02513343 0.1180387 -0.02409332 0.1173204 -0.0241521 0.1160122 0.1721799 0.06146669 0.1726615 0.05992412 0.1714603 0.0594033 0.151067 0.03680539 0.1489964 0.03554165 0.1500459 0.03741765 0.08485907 0.06460529 0.08349174 0.0639289 0.08463287 0.06577408 -0.1650559 0.07188779 -0.1657336 0.0709089 -0.1669216 0.07082855 -0.1659113 0.08311355 -0.1669684 0.081788 -0.1664863 0.08401632 -0.1615925 0.03933149 -0.1623657 0.03701514 -0.1626618 0.03928434 -0.1180822 0.03384208 -0.1167199 0.03272038 -0.1173581 0.03171533 0.07476526 0.1084668 0.07571607 0.1076066 0.07552945 0.1064307 0.1720626 0.055247 0.1730039 0.05360251 0.1719146 0.05312538 0.1366972 0.0113362 0.1351312 0.009865105 0.1357938 0.01191198 0.01063024 0.04684662 0.009367287 0.04601156 0.01052039 0.04791247 -0.1593627 0.07112485 -0.1599799 0.0702489 -0.1610496 0.07018536 -0.1719831 0.06565922 -0.1735475 0.06383419 -0.1742282 0.06466162 -0.1561041 0.005833089 -0.1566578 0.004196465 -0.1577263 0.004116058 0.1038182 -0.01939219 0.1050132 -0.01987606 0.1051475 -0.02093923 0.15845 0.08054351 0.1601203 0.08068799 0.159878 0.07964432 0.1700533 0.06230878 0.1710585 0.06130141 0.1695732 0.06195694 -0.1545518 -0.01806426 -0.1560659 -0.01799619 -0.1541908 -0.01759088 -0.1696274 0.06661099 -0.1717598 0.06671816 -0.1695328 0.06719827 -0.1590428 0.06749659 -0.1593859 0.06700998 -0.1599801 0.06697463 -0.1638855 0.08457708 -0.1653137 0.08298051 -0.165623 0.08348923 -0.1546915 -0.003079116 -0.155269 -0.005126178 -0.155862 -0.005177855 0.02481055 -0.03735488 0.02614432 -0.03846424 0.02608639 -0.03905671 0.1418222 0.0926662 0.1434424 0.09122377 0.1433612 0.09063404 0.1702522 0.05332684 0.1714199 0.05146706 0.1709076 0.05116379 0.08057749 -0.06811827 0.07964819 -0.06979453 0.08018994 -0.06766641 -0.1039132 0.05234789 -0.1055353 0.05154955 -0.1038308 0.05293744 -0.1677383 0.07911503 -0.1663238 0.0807656 -0.1660299 0.08024793 -0.1497371 -0.01691097 -0.1492815 -0.01481789 -0.1486903 -0.01474779 0.1501793 0.09105181 0.1486279 0.09252423 0.1486845 0.09311681 0.1699277 0.03892087 0.1688971 0.04082971 0.1694155 0.04112225 -0.142599 0.07666748 -0.1407654 0.07677608 -0.141795 0.07472342 -0.1745893 0.05391412 -0.1721299 0.05345213 -0.1731966 0.05269193 0.1518917 0.0786916 0.1494441 0.07980084 0.1516314 0.08028751 0.07941663 0.1198403 0.0802955 0.1202087 0.08015382 0.1181097 -0.1432304 0.08551168 -0.1429145 0.08668547 -0.1413969 0.08562231 -0.1477501 0.1061783 -0.1469372 0.1065286 -0.1458198 0.1045862 0.1419343 -0.06104105 0.1435886 -0.05944365 0.1451638 -0.06216233 -0.1103 -0.08097809 -0.108076 -0.0815609 -0.1094216 -0.08384668 -0.1868643 0.01672202 -0.1887473 0.01487213 -0.1903099 0.01655977 -0.1457669 -0.06034201 -0.1473721 -0.06301009 -0.1485906 -0.06106001 0.1115186 -0.08639848 0.1130242 -0.08968657 0.1107259 -0.08976072 0.189904 0.0144599 0.1914512 0.01616185 0.1940718 0.01364815 -0.1084034 0.100829 -0.1094534 0.1028754 -0.1048589 0.1026477 -0.1094534 0.1028754 -0.1082062 0.104808 -0.1048589 0.1026477 -0.1082062 0.104808 -0.1059089 0.1046941 -0.1048589 0.1026477 0.05348068 0.1310152 0.05283993 0.1288061 0.04965454 0.132125 0.05283993 0.1288061 0.05060642 0.1282564 0.04965454 0.132125 0.05060642 0.1282564 0.04901379 0.1299158 0.04965454 0.132125 0.1223168 -0.1130179 0.1207429 -0.1104223 0.1230359 -0.1102431 -0.1727632 -0.04424643 -0.1707435 -0.04241091 -0.1697887 -0.04450172 -0.1933064 0.01199513 -0.1948943 0.01365906 -0.1925178 0.01507973 -0.1223747 -0.1112527 -0.1246626 -0.1114883 -0.1230894 -0.1087986 0.166631 -0.0511443 0.1658782 -0.05331647 0.1632642 -0.05108624 0.195645 0.01160085 0.192785 0.01343065 0.1943266 0.01513755 -0.1416103 0.07653647 -0.1428861 0.0784502 -0.1382955 0.07874631 -0.1428861 0.0784502 -0.1418667 0.08051204 -0.1382955 0.07874631 -0.1418667 0.08051204 -0.1395714 0.0806601 -0.1382955 0.07874631 0.1415417 -0.02263313 0.1411365 -0.01980364 0.1434306 -0.01990467 -0.04939985 -0.0296024 -0.04920321 -0.02679991 -0.04780948 -0.0286296 -0.1963713 0.01147753 -0.1956115 0.01437479 -0.1940324 0.01270496 -0.1411361 -0.02644932 -0.1434036 -0.02681434 -0.1430431 -0.0235784 0.05884313 -0.0355215 0.05753624 -0.03741425 0.05672276 -0.03419601 0.1978888 0.01109641 0.1961629 0.009578108 0.1952935 0.01256358 -0.1652286 0.06264007 -0.1666852 0.06442022 -0.1658717 0.06657165 -0.1658717 0.06657165 -0.1636019 0.06694298 -0.1621453 0.06516289 -0.1621453 0.06516289 -0.1629587 0.0630114 -0.1658717 0.06657165 0.1471852 -0.06355583 0.1471357 -0.06038469 0.1494112 -0.06071257 -0.05756133 -0.0389871 -0.05643349 -0.03635376 -0.05511987 -0.03824174 -0.1935235 0.0186612 -0.1924741 0.02125638 -0.1907855 0.01969492 -0.1499057 -0.05105167 -0.152137 -0.05160427 -0.1520333 -0.0485714 0.05846351 -0.03938478 0.05747586 -0.041462 0.0558393 -0.03853762 0.1912893 0.02486592 0.189688 0.02321493 0.1881127 0.02625262 -0.1769748 0.04030907 -0.178526 0.04200732 -0.1740333 0.04299587 -0.178526 0.04200732 -0.1778309 0.04419988 -0.1740333 0.04299587 -0.1778309 0.04419988 -0.1755844 0.04469406 -0.1740333 0.04299587 0.1102536 -0.1463876 0.1099895 -0.1432416 0.112051 -0.1442615 -0.1552325 -0.04375582 -0.152756 -0.04233968 -0.1522351 -0.04457765 -0.1926756 0.02057439 -0.1942481 0.02225267 -0.1917725 0.02353811 -0.1122447 -0.144304 -0.1141715 -0.1455602 -0.1137942 -0.1425639 0.1522743 -0.0458185 0.1520377 -0.04810452 0.149087 -0.04656136 0.1890602 0.0297591 0.1860698 0.03138244 0.1876357 0.03306704 -0.1869972 0.02287089 -0.1886067 0.02451401 -0.1841514 0.02565878 -0.1886067 0.02451401 -0.1879886 0.02672952 -0.1841514 0.02565878 -0.1879886 0.02672952 -0.1857609 0.02730184 -0.1841514 0.02565878 0.0974428 -0.1606042 0.09796023 -0.1574556 0.09978616 -0.1588543 -0.1399637 -0.04104477 -0.1373224 -0.03958636 -0.1370088 -0.04186373 -0.1877111 0.03453642 -0.1890684 0.03612697 -0.1865805 0.03779536 -0.1305141 -0.1306388 -0.1322183 -0.1318499 -0.1323873 -0.1287046 0.1160494 -0.04534274 0.115923 -0.04742932 0.1129032 -0.04598909 0.1736039 0.05823647 0.170578 0.05970752 0.1719038 0.06158697 -0.1959012 0.01055389 -0.1974028 0.01200914 -0.1968933 0.01403707 -0.1968933 0.01403707 -0.1948823 0.01460993 -0.1933808 0.0131548 -0.1933808 0.0131548 -0.1938902 0.01112675 -0.1968933 0.01403707 0.1385985 -0.1285505 0.1390094 -0.1254286 0.1407752 -0.1265479 -0.1031085 -0.04099321 -0.1006452 -0.03943026 -0.1004703 -0.04151344 -0.1809282 0.05249536 -0.1786571 0.05422884 -0.177397 0.05256026 -0.1464734 -0.1186046 -0.1481812 -0.1198105 -0.1483818 -0.1167935 0.1016055 -0.04135483 0.1016902 -0.04344362 0.09884107 -0.04186195 0.1740587 0.06365817 0.1729294 0.06189846 0.1701918 0.06378239 -0.2001634 0.002417147 -0.2016746 0.003862321 -0.2011785 0.005893588 -0.2011785 0.005893588 -0.1991713 0.00647968 -0.2001634 0.002417147 -0.1991713 0.00647968 -0.1976602 0.005034387 -0.2001634 0.002417147 -0.03150784 -0.1936558 -0.02916711 -0.1918337 -0.02902901 -0.1939201 -0.1454892 -0.02257496 -0.1427926 -0.02182048 -0.1430037 -0.02389889 -0.1800613 0.05645132 -0.1810486 0.05805277 -0.178602 0.05908405 -0.08637094 -0.1740906 -0.08733582 -0.1757061 -0.08827543 -0.1732195 0.1273285 -0.02856206 0.1277305 -0.03039926 0.1249587 -0.02980494 0.1548674 0.08853554 0.1519355 0.08915108 0.1528776 0.09101754 -0.2034368 -0.00339514 -0.2047943 -0.002091825 -0.2011793 -0.001043975 -0.2047943 -0.002091825 -0.2043443 -2.64607e-4 -0.2011793 -0.001043975 -0.2043443 -2.64607e-4 -0.2025368 2.59319e-4 -0.2011793 -0.001043975 -0.0309937 -0.1962189 -0.02859395 -0.194739 -0.02861124 -0.1966207 -0.1300246 -0.01830869 -0.1273563 -0.01764941 -0.127761 -0.01948642 -0.1652302 0.0799126 -0.1659847 0.08140558 -0.1634349 0.08243572 -0.08692651 -0.1779715 -0.08760225 -0.1795012 -0.0890789 -0.1770913 0.1018806 -0.02840632 0.1023724 -0.03000468 0.09949338 -0.02954781 0.1315337 0.1116796 0.128657 0.1121127 0.1291885 0.1139179 -0.2074321 -0.002249002 -0.2086161 -0.00106734 -0.2081848 5.48825e-4 -0.2081848 5.48825e-4 -0.2065694 9.83439e-4 -0.2053855 -1.98173e-4 -0.2053855 -1.98173e-4 -0.2058167 -0.001814365 -0.2074321 -0.002249002 -0.1625412 0.00533992 -0.1600561 0.004839599 -0.1606013 0.003259778 -0.141125 0.1060762 -0.1415995 0.1074607 -0.1392403 0.1069763 0.1869695 -0.07695192 0.1883054 -0.07754963 0.1860916 -0.07842439 0.145096 -0.001540601 0.1456916 -0.002876222 0.1432925 -0.003565669 0.08646625 0.1382291 0.08413469 0.1370269 0.08432304 0.138689 -0.2094389 0.002513587 -0.2104509 0.003570914 -0.2100412 0.004976153 -0.2100412 0.004976153 -0.2086195 0.005323827 -0.2076074 0.0042665 -0.2076074 0.0042665 -0.2080171 0.002861261 -0.2100412 0.004976153 -0.2009693 -0.03432726 -0.198776 -0.03566437 -0.2001733 -0.03609925 -0.1648698 0.0173431 -0.1624296 0.01665937 -0.1630172 0.0153197 -0.1319473 0.1163491 -0.1322349 0.1173542 -0.1299985 0.1168126 0.187539 -0.07738238 0.1885232 -0.07773494 0.1866699 -0.07868611 0.1322544 0.00378412 0.1327477 0.00286293 0.130831 0.001932442 0.02709281 0.1525441 0.02548855 0.1507841 0.02531367 0.1522374 -0.2098924 0.01007473 -0.2105934 0.01085031 -0.2085489 0.01128882 -0.2105934 0.01085031 -0.2102721 0.01184529 -0.2085489 0.01128882 -0.2102721 0.01184529 -0.2092499 0.01206445 -0.2085489 0.01128882 -0.2026309 -0.019692 -0.2010928 -0.02095508 -0.2021123 -0.02118533 -0.1626946 0.02902454 -0.1621654 0.02992492 -0.1606219 0.02876532 -0.03737276 0.15461 -0.03725475 0.1556488 -0.03627038 0.1540074 0.2036396 -0.01399582 0.2046705 -0.0141679 0.2031472 -0.01539129 0.1618249 0.02907431 0.1602108 0.0278691 0.159732 0.02879738 0.01747518 0.1553995 0.01642268 0.1536587 0.01625877 0.1546912 -0.1502854 0.03247195 -0.1523353 0.03308779 -0.1506609 0.03395581 0.1392946 0.03295326 0.1394268 0.03599971 0.1409974 0.03544116 0.1661673 0.05271667 0.1659173 0.05549383 0.1675783 0.05562496 0.07942616 0.04491263 0.07783716 0.04441046 0.07757258 0.0469706 -0.07706636 0.03151321 -0.07855343 0.03075999 -0.07862555 0.03332144 -0.1700223 0.04435378 -0.1716301 0.04391509 -0.1714954 0.04667431 -0.1352639 0.05324393 -0.1348897 0.05624812 -0.1332905 0.05578094 -0.001962721 0.03979498 -0.001487374 0.04291582 -3.40978e-5 0.04209965 -0.1738097 0.009524464 -0.1739281 0.01118707 -0.1727018 0.01231628 -0.1727018 0.01231628 -0.1710545 0.01206177 -0.1702265 0.01061505 -0.1702265 0.01061505 -0.1708413 0.009065628 -0.1724359 0.008580267 -0.1724359 0.008580267 -0.1738097 0.009524464 -0.1702265 0.01061505 0.1574746 -0.04626601 0.15684 -0.04780733 0.1552392 -0.04827219 0.1552392 -0.04827219 0.1538777 -0.04731041 0.1537808 -0.04564625 0.1537808 -0.04564625 0.1550214 -0.04453301 0.1552392 -0.04827219 0.1550214 -0.04453301 0.1566654 -0.0448088 0.1552392 -0.04827219 -0.1453953 0.0436908 -0.1459918 0.04113405 -0.1475887 0.04160583 -0.1699371 0.04989981 -0.1682774 0.05005156 -0.1689283 0.04759299 -0.06679773 0.01219773 -0.06540834 0.01311874 -0.06557458 0.0104503 0.0972827 0.02981358 0.09864205 0.03077614 0.09923803 0.02791064 0.1694249 0.05625766 0.1701534 0.05322957 0.1684918 0.05310767 0.136988 0.02782744 0.1372883 0.024755 0.1357213 0.02532321 -0.02169322 0.01516461 -0.0220009 0.01231485 -0.02343964 0.01315611 -0.173489 0.04298335 -0.1733632 0.04464542 -0.1719852 0.04558342 -0.1719852 0.04558342 -0.1703927 0.04509097 -0.1697849 0.04353874 -0.1697849 0.04353874 -0.1706194 0.04209578 -0.1719852 0.04558342 -0.1706194 0.04209578 -0.1722679 0.04184859 -0.1719852 0.04558342 -0.145105 0.06490856 -0.1448932 0.06239598 -0.1464048 0.06309658 -0.1686716 0.05408942 -0.1683531 0.0515393 -0.1700129 0.05138665 -0.1021817 0.05952203 -0.1009472 0.06063956 -0.1004979 0.05786478 0.0740028 0.07873749 0.0751447 0.07995158 0.07555037 0.07690072 0.1685568 0.06211197 0.1701784 0.06249737 0.1700387 0.05934464 0.1460689 0.04579758 0.1455699 0.04285943 0.1440073 0.0434373 0.01993238 0.06991297 0.01965582 0.0672301 0.01835 0.06826555 -0.1739175 0.04993605 -0.1738034 0.05159902 -0.1726885 0.04880994 -0.1738034 0.05159902 -0.172432 0.05254667 -0.1726885 0.04880994 -0.172432 0.05254667 -0.1708361 0.05206537 -0.1702173 0.05051749 -0.1702173 0.05051749 -0.1710418 0.04906868 -0.172432 0.05254667 -0.1466188 0.07729136 -0.1463492 0.07440906 -0.1477642 0.07528746 -0.169157 0.05469322 -0.1681983 0.05195677 -0.1698524 0.05175346 -0.1257865 0.0699796 -0.1248978 0.07093989 -0.1236591 0.06835848 0.02319103 0.1207778 0.02377963 0.1219474 0.02475196 0.1192799 0.1682499 0.06967467 0.1694717 0.07014441 0.1692418 0.06730425 0.1422919 0.02784752 0.1414502 0.02511388 0.1399672 0.02587497 0.02285957 0.06621539 0.0221278 0.06344002 0.02106994 0.06472784 -0.1721914 0.06465363 -0.1720256 0.06595283 -0.1712788 0.06371402 -0.1720256 0.06595283 -0.1709066 0.06663328 -0.1712788 0.06371402 -0.1709066 0.06663328 -0.1696768 0.06618261 -0.1692624 0.06494015 -0.1692624 0.06494015 -0.1699753 0.06384152 -0.1709066 0.06663328 -0.1638033 0.06593221 -0.1644201 0.06328839 -0.1654396 0.06410771 -0.1686992 0.05125826 -0.1673943 0.05137127 -0.1677957 0.0486862 -0.08682054 0.02027577 -0.08608168 0.0213564 -0.08585071 0.01854592 0.1221097 0.0652706 0.1226719 0.06645202 0.1236311 0.06364929 0.1712263 0.06301283 0.1724509 0.06347578 0.1730995 0.06051576 0.1430241 0.0248748 0.143048 0.02191036 0.1418954 0.02253144 -0.03202503 0.03445607 -0.03269916 0.03171545 -0.03332477 0.03286606 -0.1711843 0.0676366 -0.1710084 0.06893444 -0.169884 0.06960606 -0.169884 0.06960606 -0.1686578 0.06914573 -0.1702793 0.06668984 -0.1686578 0.06914573 -0.1682532 0.06790006 -0.1702793 0.06668984 -0.1682532 0.06790006 -0.1689749 0.06680709 -0.1702793 0.06668984 -0.1641814 0.07169973 -0.1649748 0.06969022 -0.1659179 0.07059788 -0.1672344 0.04334515 -0.165929 0.04345095 -0.1664001 0.04135853 -0.06522983 -0.003981471 -0.06460458 -0.002830684 -0.06424564 -0.00499022 0.1324722 0.07025039 0.1329505 0.07146912 0.1339571 0.06944119 0.1707311 0.06300151 0.171941 0.06350213 0.172668 0.06130588 -0.05707234 0.03164219 -0.05796468 0.02960175 -0.05835127 0.03085309 -0.169658 0.06946825 -0.169471 0.07076454 -0.1683409 0.07142651 -0.1683409 0.07142651 -0.1671187 0.07095569 -0.1687611 0.06851381 -0.1671187 0.07095569 -0.1667248 0.06970661 -0.1687611 0.06851381 -0.1667248 0.06970661 -0.1674558 0.06861984 -0.1687611 0.06851381 -0.1361994 0.1096642 -0.1363054 0.1074716 -0.1370594 0.1085423 -0.1658765 0.04314494 -0.1650516 0.04112589 -0.1663563 0.04101061 -0.1278481 0.04507303 -0.1271129 0.04615664 -0.1260217 0.04423522 0.01263797 0.1171049 0.01278913 0.1184058 0.01380479 0.1163847 0.1708531 0.06452715 0.1720369 0.06508702 0.1715764 0.06283497 0.1497161 0.03323376 0.1486663 0.03119874 0.1475463 0.03187763 0.07901984 0.06713998 0.07783955 0.06523287 0.07748216 0.06649267 -0.1694563 0.07048761 -0.1692622 0.07178288 -0.1681285 0.07243871 -0.1681285 0.07243871 -0.1669089 0.07196122 -0.1665218 0.07071006 -0.1665218 0.07071006 -0.1672587 0.06962728 -0.1685647 0.06952828 -0.1685647 0.06952828 -0.1694563 0.07048761 -0.1681285 0.07243871 -0.1518512 0.09767526 -0.1517203 0.09539651 -0.152495 0.09645217 -0.1656166 0.04903972 -0.1646659 0.04695117 -0.1659707 0.04684036 -0.1399029 0.05364656 -0.1392272 0.05462688 -0.1380625 0.05269986 -0.02513343 0.1180387 -0.02515798 0.119229 -0.02409332 0.1173204 0.1721799 0.06146669 0.1732479 0.06199193 0.1726615 0.05992412 0.151067 0.03680539 0.1501128 0.03485685 0.1489964 0.03554165 0.08485907 0.06460529 0.08378666 0.062653 0.08349174 0.0639289 -0.1677252 0.07170718 -0.1675392 0.07288324 -0.1669216 0.07082855 -0.1675392 0.07288324 -0.1665038 0.07347106 -0.1669216 0.07082855 -0.1665038 0.07347106 -0.1653985 0.07302808 -0.1669216 0.07082855 -0.1653985 0.07302808 -0.1650559 0.07188779 -0.1669216 0.07082855 -0.1659113 0.08311355 -0.1662387 0.08084863 -0.1669684 0.081788 -0.1615925 0.03933149 -0.1611812 0.0371235 -0.1623657 0.03701514 -0.1180822 0.03384208 -0.1175086 0.03474724 -0.1167199 0.03272038 0.07476526 0.1084668 0.07482135 0.1095369 0.07571607 0.1076066 0.1720626 0.055247 0.1730052 0.0557534 0.1730039 0.05360251 0.1366972 0.0113362 0.1361125 0.009191334 0.1351312 0.009865105 0.01063024 0.04684662 0.009554624 0.0448358 0.009367287 0.04601156 -0.1617663 0.07098203 -0.1615902 0.07203906 -0.1610496 0.07018536 -0.1615902 0.07203906 -0.1606541 0.07256042 -0.1610496 0.07018536 -0.1606541 0.07256042 -0.1596627 0.07215362 -0.1610496 0.07018536 -0.1596627 0.07215362 -0.1593627 0.07112485 -0.1610496 0.07018536 -0.1719831 0.06565922 -0.1716146 0.06519198 -0.1735475 0.06383419 -0.1561041 0.005833089 -0.1555109 0.005883157 -0.1566578 0.004196465 0.1038182 -0.01939219 0.1037072 -0.01880735 0.1050132 -0.01987606 0.15845 0.08054351 0.1585577 0.08112877 0.1601203 0.08068799 0.1700533 0.06230878 0.1719322 0.06192195 0.1710585 0.06130141 -0.1545518 -0.01806426 -0.1566817 -0.01887309 -0.1560659 -0.01799619 -0.1696274 0.06661099 -0.1718904 0.06565481 -0.1717598 0.06671816 -0.1603783 0.06741726 -0.1602805 0.06800448 -0.1599801 0.06697463 -0.1602805 0.06800448 -0.1597604 0.06829416 -0.1599801 0.06697463 -0.1597604 0.06829416 -0.1592096 0.06806814 -0.1599801 0.06697463 -0.1592096 0.06806814 -0.1590428 0.06749659 -0.1599801 0.06697463 0.02481055 -0.03735488 0.02485072 -0.03676092 0.02614432 -0.03846424 0.08057749 -0.06811827 0.08003377 -0.07024806 0.07964819 -0.06979453 -0.1039132 0.05234789 -0.105583 0.05095613 -0.1055353 0.05154955 0.1518917 0.0786916 0.1504583 0.07772135 0.1494441 0.07980084 -0.2083061 0.01951372 -0.2086527 0.01852726 -0.2096803 0.01833432 -0.2001129 -0.04527366 -0.2012956 -0.04454898 -0.2005105 -0.04353863 -0.1557797 0.06292569 -0.1551787 0.06381428 -0.1544461 0.06303066 0.09706628 0.03841769 0.09794723 0.03833031 0.09677898 0.03682643 0.1205774 0.0248667 0.1203545 0.0236718 0.1194698 0.02331757 -0.2096803 0.01833432 -0.2103612 0.01912766 -0.2100146 0.02011406 -0.2100146 0.02011406 -0.2089871 0.02030706 -0.2096803 0.01833432 -0.2089871 0.02030706 -0.2083061 0.01951372 -0.2096803 0.01833432 -0.1557797 0.06292569 -0.1556932 0.06351464 -0.1551787 0.06381428 -0.1551787 0.06381428 -0.1546237 0.06359893 -0.1544461 0.06303066 -0.1544461 0.06303066 -0.1547796 0.06253755 -0.155373 0.06249082 -0.155373 0.06249082 -0.1557797 0.06292569 -0.1544461 0.06303066</float_array>
          <technique_common>
            <accessor source="#group956064899_001-mesh-map-0-array" count="5292" stride="2">
              <param name="S" type="float"/>
              <param name="T" type="float"/>
            </accessor>
          </technique_common>
        </source>
        <vertices id="group956064899_001-mesh-vertices">
          <input semantic="POSITION" source="#group956064899_001-mesh-positions"/>
        </vertices>
        <triangles count="1764">
          <input semantic="VERTEX" source="#group956064899_001-mesh-vertices" offset="0"/>
          <input semantic="NORMAL" source="#group956064899_001-mesh-normals" offset="1"/>
          <input semantic="TEXCOORD" source="#group956064899_001-mesh-map-0" offset="2" set="0"/>
          <p>2 0 0 1 0 1 0 0 2 1 1 3 4 1 4 3 1 5 6 2 6 3 2 7 4 2 8 6 3 9 7 3 10 5 3 11 10 4 12 9 4 13 8 4 14 10 5 15 12 5 16 11 5 17 12 6 18 13 6 19 11 6 20 14 7 21 2 7 22 15 7 23 3 8 24 5 8 25 13 8 26 12 9 27 6 9 28 4 9 29 13 10 30 15 10 31 0 10 32 3 11 33 0 11 34 1 11 35 13 12 36 0 12 37 3 12 38 4 13 39 1 13 40 2 13 41 4 14 42 2 14 43 14 14 44 7 15 45 8 15 46 5 15 47 5 16 48 8 16 49 9 16 50 11 17 51 9 17 52 10 17 53 5 18 54 9 18 55 11 18 56 12 19 57 10 19 58 7 19 59 12 20 60 7 20 61 6 20 62 5 21 63 11 21 64 13 21 65 15 22 66 13 22 67 14 22 68 4 23 69 14 23 70 12 23 71 0 24 72 15 24 73 2 24 74 8 25 75 7 25 76 10 25 77 18 26 78 17 26 79 16 26 80 17 27 81 20 27 82 19 27 83 22 28 84 19 28 85 20 28 86 22 29 87 23 29 88 21 29 89 26 30 90 25 30 91 24 30 92 26 31 93 28 31 94 27 31 95 28 32 96 29 32 97 27 32 98 30 33 99 18 33 100 31 33 101 19 34 102 21 34 103 29 34 104 28 35 105 22 35 106 20 35 107 29 36 108 31 36 109 16 36 110 19 37 111 16 37 112 17 37 113 29 38 114 16 38 115 19 38 116 20 39 117 17 39 118 18 39 119 20 40 120 18 40 121 30 40 122 23 41 123 24 41 124 21 41 125 21 42 126 24 42 127 25 42 128 27 43 129 25 43 130 26 43 131 21 44 132 25 44 133 27 44 134 28 45 135 26 45 136 23 45 137 28 46 138 23 46 139 22 46 140 21 47 141 27 47 142 29 47 143 31 48 144 29 48 145 30 48 146 20 49 147 30 49 148 28 49 149 16 50 150 31 50 151 18 50 152 24 51 153 23 51 154 26 51 155 95 52 156 93 52 157 92 52 158 94 53 159 96 53 160 93 53 161 99 54 162 96 54 163 97 54 164 99 55 165 100 55 166 98 55 167 103 56 168 100 56 169 101 56 170 105 57 171 102 57 172 103 57 173 105 58 174 106 58 175 104 58 176 107 59 177 108 59 178 106 59 179 111 60 180 108 60 181 109 60 182 113 61 183 110 61 184 111 61 185 113 62 186 114 62 187 112 62 188 95 63 189 114 63 190 115 63 191 98 64 192 106 64 193 114 64 194 97 65 195 95 65 196 109 65 197 275 66 198 274 66 199 273 66 200 274 67 201 277 67 202 276 67 203 279 68 204 276 68 205 277 68 206 279 69 207 280 69 208 278 69 209 283 70 210 282 70 211 281 70 212 283 71 213 285 71 214 284 71 215 285 72 216 286 72 217 284 72 218 287 73 219 275 73 220 288 73 221 276 74 222 278 74 223 286 74 224 285 75 225 279 75 226 277 75 227 286 76 228 288 76 229 273 76 230 276 77 231 273 77 232 274 77 233 286 78 234 273 78 235 276 78 236 277 79 237 274 79 238 275 79 239 277 80 240 275 80 241 287 80 242 280 81 243 281 81 244 278 81 245 278 82 246 281 82 247 282 82 248 284 83 249 282 83 250 283 83 251 278 84 252 282 84 253 284 84 254 285 85 255 283 85 256 280 85 257 285 86 258 280 86 259 279 86 260 278 87 261 284 87 262 286 87 263 288 88 264 286 88 265 287 88 266 277 89 267 287 89 268 285 89 269 273 90 270 288 90 271 275 90 272 281 91 273 280 91 274 283 91 275 291 92 276 290 92 277 289 92 278 293 93 279 289 93 280 290 93 281 295 94 282 292 94 283 293 94 284 297 95 285 294 95 286 295 95 287 297 96 288 298 96 289 296 96 290 299 97 291 300 97 292 298 97 293 301 98 294 291 98 295 300 98 296 289 99 297 302 99 298 291 99 299 293 100 300 290 100 301 299 100 302 291 101 303 302 101 304 300 101 305 298 102 306 300 102 307 302 102 308 296 103 309 298 103 310 302 103 311 294 104 312 296 104 313 302 104 314 292 105 315 294 105 316 302 105 317 289 106 318 292 106 319 302 106 320 303 107 321 291 107 322 301 107 323 303 108 324 290 108 325 291 108 326 290 109 327 303 109 328 301 109 329 306 110 330 305 110 331 304 110 332 305 111 333 308 111 334 307 111 335 308 112 336 310 112 337 309 112 338 312 113 339 311 113 340 310 113 341 315 114 342 314 114 343 313 114 344 314 115 345 317 115 346 316 115 347 317 116 348 319 116 349 318 116 350 319 117 351 321 117 352 320 117 353 321 118 354 323 118 355 322 118 356 323 119 357 306 119 358 304 119 359 304 120 360 309 120 361 324 120 362 308 121 363 305 121 364 306 121 365 323 122 366 324 122 367 322 122 368 304 123 369 324 123 370 323 123 371 321 124 372 322 124 373 320 124 374 319 125 375 320 125 376 318 125 377 317 126 378 318 126 379 316 126 380 314 127 381 316 127 382 313 127 383 312 128 384 313 128 385 311 128 386 310 129 387 311 129 388 309 129 389 308 130 390 309 130 391 307 130 392 305 131 393 307 131 394 304 131 395 314 132 396 315 132 397 310 132 398 314 133 399 310 133 400 308 133 401 309 134 402 311 134 403 313 134 404 313 135 405 316 135 406 318 135 407 319 136 408 317 136 409 314 136 410 319 137 411 314 137 412 308 137 413 321 138 414 319 138 415 308 138 416 306 139 417 323 139 418 321 139 419 306 140 420 321 140 421 308 140 422 312 141 423 315 141 424 313 141 425 315 142 426 312 142 427 310 142 428 309 143 429 313 143 430 318 143 431 309 144 432 318 144 433 320 144 434 309 145 435 320 145 436 322 145 437 309 146 438 322 146 439 324 146 440 304 147 441 307 147 442 309 147 443 327 148 444 326 148 445 325 148 446 329 149 447 325 149 448 326 149 449 331 150 450 328 150 451 329 150 452 333 151 453 330 151 454 331 151 455 333 152 456 334 152 457 332 152 458 335 153 459 336 153 460 334 153 461 337 154 462 327 154 463 336 154 464 325 155 465 338 155 466 327 155 467 329 156 468 326 156 469 335 156 470 327 157 471 338 157 472 336 157 473 334 158 474 336 158 475 338 158 476 332 159 477 334 159 478 338 159 479 330 160 480 332 160 481 338 160 482 328 161 483 330 161 484 338 161 485 325 162 486 328 162 487 338 162 488 339 163 489 327 163 490 337 163 491 339 164 492 326 164 493 327 164 494 326 165 495 339 165 496 337 165 497 565 166 498 564 166 499 563 166 500 564 167 501 567 167 502 566 167 503 569 168 504 566 168 505 567 168 506 569 169 507 570 169 508 568 169 509 573 170 510 572 170 511 571 170 512 573 171 513 575 171 514 574 171 515 575 172 516 576 172 517 574 172 518 577 173 519 565 173 520 578 173 521 566 174 522 568 174 523 576 174 524 575 175 525 569 175 526 567 175 527 576 176 528 578 176 529 563 176 530 566 177 531 563 177 532 564 177 533 576 178 534 563 178 535 566 178 536 567 179 537 564 179 538 565 179 539 567 180 540 565 180 541 577 180 542 570 181 543 571 181 544 568 181 545 568 182 546 571 182 547 572 182 548 574 183 549 572 183 550 573 183 551 568 184 552 572 184 553 574 184 554 575 185 555 573 185 556 570 185 557 575 186 558 570 186 559 569 186 560 568 187 561 574 187 562 576 187 563 578 188 564 576 188 565 577 188 566 567 189 567 577 189 568 575 189 569 563 190 570 578 190 571 565 190 572 571 191 573 570 191 574 573 191 575 599 192 576 598 192 577 597 192 578 598 193 579 601 193 580 600 193 581 603 194 582 600 194 583 601 194 584 603 195 585 604 195 586 602 195 587 607 196 588 606 196 589 605 196 590 607 197 591 609 197 592 608 197 593 609 198 594 610 198 595 608 198 596 611 199 597 599 199 598 612 199 599 600 200 600 602 200 601 610 200 602 609 201 603 603 201 604 601 201 605 610 202 606 612 202 607 597 202 608 600 203 609 597 203 610 598 203 611 610 204 612 597 204 613 600 204 614 601 205 615 598 205 616 599 205 617 601 206 618 599 206 619 611 206 620 604 207 621 605 207 622 602 207 623 602 208 624 605 208 625 606 208 626 608 209 627 606 209 628 607 209 629 602 210 630 606 210 631 608 210 632 609 211 633 607 211 634 604 211 635 609 212 636 604 212 637 603 212 638 602 213 639 608 213 640 610 213 641 612 214 642 610 214 643 611 214 644 601 215 645 611 215 646 609 215 647 597 216 648 612 216 649 599 216 650 605 217 651 604 217 652 607 217 653 615 218 654 614 218 655 613 218 656 614 219 657 617 219 658 616 219 659 619 220 660 616 220 661 617 220 662 619 221 663 620 221 664 618 221 665 623 222 666 622 222 667 621 222 668 623 223 669 625 223 670 624 223 671 625 224 672 626 224 673 624 224 674 627 225 675 615 225 676 628 225 677 616 226 678 618 226 679 626 226 680 625 227 681 619 227 682 617 227 683 626 228 684 628 228 685 613 228 686 616 229 687 613 229 688 614 229 689 626 230 690 613 230 691 616 230 692 617 231 693 614 231 694 615 231 695 617 232 696 615 232 697 627 232 698 620 233 699 621 233 700 618 233 701 618 234 702 621 234 703 622 234 704 624 235 705 622 235 706 623 235 707 618 236 708 622 236 709 624 236 710 625 237 711 623 237 712 620 237 713 625 238 714 620 238 715 619 238 716 618 239 717 624 239 718 626 239 719 628 240 720 626 240 721 627 240 722 617 241 723 627 241 724 625 241 725 613 242 726 628 242 727 615 242 728 621 243 729 620 243 730 623 243 731 747 244 732 746 244 733 745 244 734 746 245 735 749 245 736 748 245 737 751 246 738 748 246 739 749 246 740 751 247 741 752 247 742 750 247 743 755 248 744 754 248 745 753 248 746 755 249 747 757 249 748 756 249 749 757 250 750 758 250 751 756 250 752 759 251 753 747 251 754 760 251 755 748 252 756 750 252 757 758 252 758 757 253 759 751 253 760 749 253 761 758 254 762 760 254 763 745 254 764 748 255 765 745 255 766 746 255 767 758 256 768 745 256 769 748 256 770 749 257 771 746 257 772 747 257 773 749 258 774 747 258 775 759 258 776 752 259 777 753 259 778 750 259 779 750 260 780 753 260 781 754 260 782 756 261 783 754 261 784 755 261 785 750 262 786 754 262 787 756 262 788 757 263 789 755 263 790 752 263 791 757 264 792 752 264 793 751 264 794 750 265 795 756 265 796 758 265 797 760 266 798 758 266 799 759 266 800 749 267 801 759 267 802 757 267 803 745 268 804 760 268 805 747 268 806 753 269 807 752 269 808 755 269 809 763 270 810 762 270 811 761 270 812 762 271 813 765 271 814 764 271 815 767 272 816 764 272 817 765 272 818 767 273 819 768 273 820 766 273 821 771 274 822 770 274 823 769 274 824 771 275 825 773 275 826 772 275 827 773 276 828 774 276 829 772 276 830 775 277 831 763 277 832 776 277 833 764 278 834 766 278 835 774 278 836 773 279 837 767 279 838 765 279 839 774 280 840 776 280 841 761 280 842 764 281 843 761 281 844 762 281 845 774 282 846 761 282 847 764 282 848 765 283 849 762 283 850 763 283 851 765 284 852 763 284 853 775 284 854 768 285 855 769 285 856 766 285 857 766 286 858 769 286 859 770 286 860 772 287 861 770 287 862 771 287 863 766 288 864 770 288 865 772 288 866 773 289 867 771 289 868 768 289 869 773 290 870 768 290 871 767 290 872 766 291 873 772 291 874 774 291 875 776 292 876 774 292 877 775 292 878 765 293 879 775 293 880 773 293 881 761 294 882 776 294 883 763 294 884 769 295 885 768 295 886 771 295 887 779 296 888 778 296 889 777 296 890 778 297 891 781 297 892 780 297 893 783 298 894 780 298 895 781 298 896 783 299 897 784 299 898 782 299 899 787 300 900 786 300 901 785 300 902 787 301 903 789 301 904 788 301 905 789 302 906 790 302 907 788 302 908 791 303 909 779 303 910 792 303 911 780 304 912 782 304 913 790 304 914 789 305 915 783 305 916 781 305 917 790 306 918 792 306 919 777 306 920 780 307 921 777 307 922 778 307 923 790 308 924 777 308 925 780 308 926 781 309 927 778 309 928 779 309 929 781 310 930 779 310 931 791 310 932 784 311 933 785 311 934 782 311 935 782 312 936 785 312 937 786 312 938 788 313 939 786 313 940 787 313 941 782 314 942 786 314 943 788 314 944 789 315 945 787 315 946 784 315 947 789 316 948 784 316 949 783 316 950 782 317 951 788 317 952 790 317 953 792 318 954 790 318 955 791 318 956 781 319 957 791 319 958 789 319 959 777 320 960 792 320 961 779 320 962 785 321 963 784 321 964 787 321 965 6 322 966 5 322 967 3 322 968 12 323 969 14 323 970 13 323 971 22 324 972 21 324 973 19 324 974 28 325 975 30 325 976 29 325 977 95 326 978 94 326 979 93 326 980 94 327 981 97 327 982 96 327 983 99 328 984 98 328 985 96 328 986 99 329 987 101 329 988 100 329 989 103 330 990 102 330 991 100 330 992 105 331 993 104 331 994 102 331 995 105 332 996 107 332 997 106 332 998 107 333 999 109 333 1000 108 333 1001 111 334 1002 110 334 1003 108 334 1004 113 335 1005 112 335 1006 110 335 1007 113 336 1008 115 336 1009 114 336 1010 95 337 1011 92 337 1012 114 337 1013 114 338 1014 92 338 1015 98 338 1016 92 339 1017 93 339 1018 98 339 1019 93 340 1020 96 340 1021 98 340 1022 98 341 1023 100 341 1024 102 341 1025 102 342 1026 104 342 1027 106 342 1028 106 343 1029 108 343 1030 110 343 1031 110 344 1032 112 344 1033 106 344 1034 112 345 1035 114 345 1036 106 345 1037 98 346 1038 102 346 1039 106 346 1040 95 347 1041 115 347 1042 109 347 1043 115 348 1044 113 348 1045 109 348 1046 113 349 1047 111 349 1048 109 349 1049 109 350 1050 107 350 1051 105 350 1052 105 351 1053 103 351 1054 109 351 1055 103 352 1056 101 352 1057 109 352 1058 101 353 1059 99 353 1060 97 353 1061 97 354 1062 94 354 1063 95 354 1064 101 355 1065 97 355 1066 109 355 1067 279 356 1068 278 356 1069 276 356 1070 285 357 1071 287 357 1072 286 357 1073 293 358 1074 292 358 1075 289 358 1076 295 359 1077 294 359 1078 292 359 1079 297 360 1080 296 360 1081 294 360 1082 297 361 1083 299 361 1084 298 361 1085 299 362 1086 301 362 1087 300 362 1088 290 363 1089 301 363 1090 299 363 1091 299 364 1092 297 364 1093 295 364 1094 295 365 1095 293 365 1096 299 365 1097 329 366 1098 328 366 1099 325 366 1100 331 367 1101 330 367 1102 328 367 1103 333 368 1104 332 368 1105 330 368 1106 333 369 1107 335 369 1108 334 369 1109 335 370 1110 337 370 1111 336 370 1112 326 371 1113 337 371 1114 335 371 1115 335 372 1116 333 372 1117 331 372 1118 331 373 1119 329 373 1120 335 373 1121 569 374 1122 568 374 1123 566 374 1124 575 375 1125 577 375 1126 576 375 1127 603 376 1128 602 376 1129 600 376 1130 609 377 1131 611 377 1132 610 377 1133 619 378 1134 618 378 1135 616 378 1136 625 379 1137 627 379 1138 626 379 1139 751 380 1140 750 380 1141 748 380 1142 757 381 1143 759 381 1144 758 381 1145 767 382 1146 766 382 1147 764 382 1148 773 383 1149 775 383 1150 774 383 1151 783 384 1152 782 384 1153 780 384 1154 789 385 1155 791 385 1156 790 385 1157 34 386 1158 33 386 1159 32 386 1160 33 387 1161 36 387 1162 35 387 1163 36 388 1164 38 388 1165 37 388 1166 38 389 1167 40 389 1168 39 389 1169 40 390 1170 42 390 1171 41 390 1172 42 391 1173 44 391 1174 43 391 1175 44 392 1176 46 392 1177 45 392 1178 46 393 1179 48 393 1180 47 393 1181 48 394 1182 50 394 1183 49 394 1184 50 395 1185 52 395 1186 51 395 1187 52 396 1188 54 396 1189 53 396 1190 54 397 1191 34 397 1192 32 397 1193 47 398 1194 51 398 1195 55 398 1196 52 399 1197 48 399 1198 40 399 1199 54 400 1200 55 400 1201 53 400 1202 32 401 1203 55 401 1204 54 401 1205 52 402 1206 53 402 1207 51 402 1208 50 403 1209 51 403 1210 49 403 1211 48 404 1212 49 404 1213 47 404 1214 46 405 1215 47 405 1216 45 405 1217 44 406 1218 45 406 1219 43 406 1220 42 407 1221 43 407 1222 41 407 1223 40 408 1224 41 408 1225 39 408 1226 38 409 1227 39 409 1228 37 409 1229 36 410 1230 37 410 1231 35 410 1232 33 411 1233 35 411 1234 32 411 1235 58 412 1236 57 412 1237 56 412 1238 61 413 1239 59 413 1240 58 413 1241 63 414 1242 62 414 1243 59 414 1244 56 415 1245 57 415 1246 62 415 1247 57 416 1248 59 416 1249 62 416 1250 60 417 1251 61 417 1252 56 417 1253 71 418 1254 69 418 1255 56 418 1256 67 419 1257 65 420 1258 71 421 1259 60 422 1260 63 422 1261 59 422 1262 62 423 1263 63 423 1264 56 423 1265 56 424 1266 63 424 1267 60 424 1268 67 425 1269 63 425 1270 60 425 1271 56 426 1272 63 426 1273 67 426 1274 61 427 1275 58 427 1276 56 427 1277 61 428 1278 69 428 1279 66 428 1280 81 429 1281 79 429 1282 78 429 1283 80 430 1284 81 430 1285 76 430 1286 85 431 1287 84 431 1288 81 431 1289 84 432 1290 80 432 1291 81 432 1292 87 433 1293 86 433 1294 80 433 1295 86 434 1296 85 434 1297 76 434 1298 86 435 1299 84 435 1300 85 435 1301 89 436 1302 88 436 1303 84 436 1304 88 437 1305 90 437 1306 84 437 1307 90 438 1308 91 438 1309 86 438 1310 91 439 1311 89 439 1312 85 439 1313 91 440 1314 90 440 1315 88 440 1316 80 441 1317 83 441 1318 79 441 1319 76 442 1320 83 442 1321 80 442 1322 86 443 1323 83 443 1324 80 443 1325 76 444 1326 83 444 1327 86 444 1328 84 445 1329 87 445 1330 80 445 1331 86 446 1332 87 446 1333 84 446 1334 90 447 1335 87 447 1336 84 447 1337 86 448 1338 87 448 1339 90 448 1340 85 449 1341 86 449 1342 91 449 1343 84 450 1344 85 450 1345 89 450 1346 88 451 1347 89 451 1348 91 451 1349 81 452 1350 78 452 1351 76 452 1352 81 453 1353 76 453 1354 85 453 1355 541 454 1356 540 454 1357 539 454 1358 540 455 1359 543 455 1360 542 455 1361 543 456 1362 545 456 1363 544 456 1364 545 457 1365 547 457 1366 546 457 1367 547 458 1368 549 458 1369 548 458 1370 549 459 1371 551 459 1372 550 459 1373 551 460 1374 553 460 1375 552 460 1376 553 461 1377 555 461 1378 554 461 1379 555 462 1380 557 462 1381 556 462 1382 557 463 1383 559 463 1384 558 463 1385 559 464 1386 561 464 1387 560 464 1388 561 465 1389 541 465 1390 539 465 1391 542 466 1392 546 466 1393 539 466 1394 555 467 1395 547 467 1396 541 467 1397 561 468 1398 562 468 1399 560 468 1400 539 469 1401 562 469 1402 561 469 1403 559 470 1404 560 470 1405 558 470 1406 557 471 1407 558 471 1408 556 471 1409 555 472 1410 556 472 1411 554 472 1412 553 473 1413 554 473 1414 552 473 1415 551 474 1416 552 474 1417 550 474 1418 549 475 1419 550 475 1420 548 475 1421 547 476 1422 548 476 1423 546 476 1424 545 477 1425 546 477 1426 544 477 1427 543 478 1428 544 478 1429 542 478 1430 540 479 1431 542 479 1432 539 479 1433 550 480 1434 552 480 1435 554 480 1436 550 481 1437 554 481 1438 556 481 1439 550 482 1440 556 482 1441 558 482 1442 550 483 1443 558 483 1444 560 483 1445 550 484 1446 560 484 1447 562 484 1448 550 485 1449 562 485 1450 539 485 1451 548 486 1452 550 486 1453 539 486 1454 546 487 1455 548 487 1456 539 487 1457 55 488 1458 32 488 1459 35 488 1460 35 489 1461 37 489 1462 39 489 1463 39 490 1464 41 490 1465 43 490 1466 43 491 1467 45 491 1468 39 491 1469 45 492 1470 47 492 1471 39 492 1472 47 493 1473 49 493 1474 51 493 1475 51 494 1476 53 494 1477 55 494 1478 55 495 1479 35 495 1480 47 495 1481 35 496 1482 39 496 1483 47 496 1484 34 497 1485 54 497 1486 52 497 1487 52 498 1488 50 498 1489 48 498 1490 48 499 1491 46 499 1492 44 499 1493 44 500 1494 42 500 1495 48 500 1496 42 501 1497 40 501 1498 48 501 1499 40 502 1500 38 502 1501 34 502 1502 38 503 1503 36 503 1504 34 503 1505 36 504 1506 33 504 1507 34 504 1508 34 505 1509 52 505 1510 40 505 1511 61 506 1512 60 506 1513 59 506 1514 57 507 1515 58 507 1516 59 507 1517 56 508 1518 67 508 1519 71 508 1520 71 509 1521 70 509 1522 69 509 1523 67 510 1524 64 510 1525 65 510 1526 61 511 1527 56 511 1528 69 511 1529 81 512 1530 80 512 1531 79 512 1532 542 513 1533 544 513 1534 546 513 1535 541 514 1536 561 514 1537 555 514 1538 561 515 1539 559 515 1540 555 515 1541 559 516 1542 557 516 1543 555 516 1544 555 517 1545 553 517 1546 551 517 1547 551 518 1548 549 518 1549 555 518 1550 549 519 1551 547 519 1552 555 519 1553 547 520 1554 545 520 1555 541 520 1556 545 521 1557 543 521 1558 541 521 1559 543 522 1560 540 522 1561 541 522 1562 65 523 1563 61 524 1564 66 525 1565 64 526 1566 60 526 1567 61 526 1568 68 527 1569 67 527 1570 60 527 1571 73 528 1572 72 528 1573 64 528 1574 72 529 1575 74 529 1576 64 529 1577 74 530 1578 75 530 1579 67 530 1580 75 531 1581 73 531 1582 65 531 1583 75 532 1584 74 532 1585 72 532 1586 64 533 1587 68 533 1588 60 533 1589 67 534 1590 68 534 1591 64 534 1592 74 535 1593 68 535 1594 64 535 1595 67 536 1596 68 536 1597 74 536 1598 65 537 1599 67 537 1600 75 537 1601 64 538 1602 65 538 1603 73 538 1604 72 539 1605 73 539 1606 75 539 1607 66 540 1608 70 540 1609 65 540 1610 71 541 1611 65 541 1612 70 541 1613 78 542 1614 77 542 1615 76 542 1616 83 543 1617 82 543 1618 79 543 1619 76 544 1620 77 544 1621 82 544 1622 78 545 1623 82 545 1624 77 545 1625 82 546 1626 83 546 1627 76 546 1628 249 547 1629 248 547 1630 247 547 1631 251 548 1632 250 548 1633 248 548 1634 251 549 1635 253 549 1636 252 549 1637 253 550 1638 255 550 1639 254 550 1640 257 551 1641 254 551 1642 255 551 1643 249 552 1644 256 552 1645 257 552 1646 255 553 1647 249 553 1648 257 553 1649 247 554 1650 258 554 1651 256 554 1652 257 555 1653 255 555 1654 259 555 1655 255 556 1656 253 556 1657 260 556 1658 251 557 1659 261 557 1660 260 557 1661 251 558 1662 262 558 1663 261 558 1664 249 559 1665 263 559 1666 262 559 1667 249 560 1668 257 560 1669 263 560 1670 260 561 1671 262 561 1672 263 561 1673 259 562 1674 265 562 1675 264 562 1676 260 563 1677 266 563 1678 265 563 1679 261 564 1680 266 564 1681 260 564 1682 262 565 1683 267 565 1684 261 565 1685 263 566 1686 268 566 1687 262 566 1688 263 567 1689 270 567 1690 269 567 1691 266 568 1692 268 568 1693 269 568 1694 264 569 1695 265 569 1696 271 569 1697 265 570 1698 266 570 1699 271 570 1700 266 571 1701 267 571 1702 271 571 1703 267 572 1704 268 572 1705 271 572 1706 268 573 1707 269 573 1708 271 573 1709 269 574 1710 264 574 1711 271 574 1712 250 575 1713 252 575 1714 258 575 1715 248 576 1716 250 576 1717 258 576 1718 247 577 1719 248 577 1720 258 577 1721 254 578 1722 256 578 1723 258 578 1724 252 579 1725 254 579 1726 258 579 1727 270 580 1728 264 580 1729 269 580 1730 269 581 1731 264 581 1732 265 581 1733 259 582 1734 270 582 1735 257 582 1736 257 583 1737 270 583 1738 263 583 1739 263 584 1740 270 584 1741 259 584 1742 264 585 1743 270 585 1744 259 585 1745 260 586 1746 259 586 1747 255 586 1748 265 587 1749 259 587 1750 260 587 1751 249 588 1752 272 588 1753 248 588 1754 248 589 1755 272 589 1756 251 589 1757 251 590 1758 272 590 1759 249 590 1760 251 591 1761 272 591 1762 262 591 1763 262 592 1764 272 592 1765 249 592 1766 254 593 1767 252 593 1768 253 593 1769 255 594 1770 253 594 1771 251 594 1772 260 595 1773 253 595 1774 251 595 1775 252 596 1776 250 596 1777 251 596 1778 65 597 1779 64 597 1780 61 597 1781 66 598 1782 69 598 1783 70 598 1784 78 599 1785 79 599 1786 82 599 1787 257 600 1788 256 600 1789 254 600 1790 249 601 1791 247 601 1792 256 601 1793 255 602 1794 251 602 1795 249 602 1796 263 603 1797 259 603 1798 260 603 1799 260 604 1800 261 604 1801 262 604 1802 261 605 1803 267 605 1804 266 605 1805 262 606 1806 268 606 1807 267 606 1808 263 607 1809 269 607 1810 268 607 1811 269 608 1812 265 608 1813 266 608 1814 266 609 1815 267 609 1816 268 609 1817 118 610 1818 117 610 1819 116 610 1820 117 611 1821 120 611 1822 119 611 1823 120 612 1824 122 612 1825 121 612 1826 122 613 1827 124 613 1828 123 613 1829 124 614 1830 126 614 1831 125 614 1832 126 615 1833 128 615 1834 127 615 1835 128 616 1836 130 616 1837 129 616 1838 130 617 1839 118 617 1840 116 617 1841 116 618 1842 132 618 1843 131 618 1844 118 619 1845 128 619 1846 124 619 1847 130 620 1848 131 620 1849 129 620 1850 116 621 1851 131 621 1852 130 621 1853 128 622 1854 129 622 1855 127 622 1856 126 623 1857 127 623 1858 125 623 1859 124 624 1860 125 624 1861 123 624 1862 122 625 1863 123 625 1864 121 625 1865 120 626 1866 121 626 1867 119 626 1868 117 627 1869 119 627 1870 116 627 1871 132 628 1872 123 628 1873 125 628 1874 132 629 1875 127 629 1876 129 629 1877 132 630 1878 125 630 1879 127 630 1880 132 631 1881 129 631 1882 131 631 1883 132 632 1884 116 632 1885 119 632 1886 132 633 1887 119 633 1888 121 633 1889 132 634 1890 121 634 1891 123 634 1892 122 635 1893 120 635 1894 117 635 1895 135 636 1896 134 636 1897 133 636 1898 134 637 1899 137 637 1900 136 637 1901 137 638 1902 139 638 1903 138 638 1904 139 639 1905 141 639 1906 140 639 1907 141 640 1908 143 640 1909 142 640 1910 143 641 1911 145 641 1912 144 641 1913 145 642 1914 147 642 1915 146 642 1916 147 643 1917 135 643 1918 133 643 1919 142 644 1920 146 644 1921 148 644 1922 135 645 1923 143 645 1924 134 645 1925 147 646 1926 148 646 1927 146 646 1928 133 647 1929 148 647 1930 147 647 1931 145 648 1932 146 648 1933 144 648 1934 143 649 1935 144 649 1936 142 649 1937 141 650 1938 142 650 1939 140 650 1940 139 651 1941 140 651 1942 138 651 1943 137 652 1944 138 652 1945 136 652 1946 134 653 1947 136 653 1948 133 653 1949 139 654 1950 137 654 1951 134 654 1952 141 655 1953 139 655 1954 134 655 1955 138 656 1956 140 656 1957 142 656 1958 136 657 1959 138 657 1960 142 657 1961 133 658 1962 136 658 1963 142 658 1964 151 659 1965 150 659 1966 149 659 1967 150 660 1968 152 660 1969 149 660 1970 152 661 1971 153 661 1972 149 661 1973 153 662 1974 154 662 1975 149 662 1976 154 663 1977 155 663 1978 149 663 1979 155 664 1980 156 664 1981 149 664 1982 156 665 1983 157 665 1984 149 665 1985 157 666 1986 158 666 1987 149 666 1988 158 667 1989 159 667 1990 149 667 1991 159 668 1992 160 668 1993 149 668 1994 160 669 1995 161 669 1996 149 669 1997 161 670 1998 151 670 1999 149 670 2000 163 671 2001 150 671 2002 151 671 2003 162 672 2004 152 672 2005 150 672 2006 164 673 2007 153 673 2008 152 673 2009 166 674 2010 153 674 2011 165 674 2012 166 675 2013 155 675 2014 154 675 2015 167 676 2016 156 676 2017 155 676 2018 168 677 2019 157 677 2020 156 677 2021 170 678 2022 157 678 2023 169 678 2024 170 679 2025 159 679 2026 158 679 2027 172 680 2028 159 680 2029 171 680 2030 172 681 2031 161 681 2032 160 681 2033 163 682 2034 161 682 2035 173 682 2036 174 683 2037 163 683 2038 175 683 2039 176 684 2040 162 684 2041 174 684 2042 177 685 2043 164 685 2044 176 685 2045 178 686 2046 165 686 2047 177 686 2048 179 687 2049 166 687 2050 178 687 2051 180 688 2052 167 688 2053 179 688 2054 180 689 2055 169 689 2056 168 689 2057 182 690 2058 169 690 2059 181 690 2060 182 691 2061 171 691 2062 170 691 2063 183 692 2064 172 692 2065 171 692 2066 184 693 2067 173 693 2068 172 693 2069 185 694 2070 163 694 2071 173 694 2072 187 695 2073 174 695 2074 175 695 2075 188 696 2076 174 696 2077 186 696 2078 188 697 2079 177 697 2080 176 697 2081 190 698 2082 177 698 2083 189 698 2084 190 699 2085 179 699 2086 178 699 2087 192 700 2088 179 700 2089 191 700 2090 192 701 2091 181 701 2092 180 701 2093 194 702 2094 181 702 2095 193 702 2096 194 703 2097 183 703 2098 182 703 2099 196 704 2100 183 704 2101 195 704 2102 197 705 2103 184 705 2104 196 705 2105 187 706 2106 185 706 2107 197 706 2108 198 707 2109 187 707 2110 199 707 2111 198 708 2112 188 708 2113 186 708 2114 201 709 2115 188 709 2116 200 709 2117 202 710 2118 189 710 2119 201 710 2120 203 711 2121 190 711 2122 202 711 2123 203 712 2124 192 712 2125 191 712 2126 204 713 2127 193 713 2128 192 713 2129 206 714 2130 193 714 2131 205 714 2132 206 715 2133 195 715 2134 194 715 2135 208 716 2136 195 716 2137 207 716 2138 208 717 2139 197 717 2140 196 717 2141 199 718 2142 197 718 2143 209 718 2144 210 719 2145 198 719 2146 199 719 2147 211 720 2148 200 720 2149 198 720 2150 212 721 2151 200 721 2152 211 721 2153 212 722 2154 202 722 2155 201 722 2156 214 723 2157 202 723 2158 213 723 2159 215 724 2160 203 724 2161 214 724 2162 215 725 2163 205 725 2164 204 725 2165 217 726 2166 205 726 2167 216 726 2168 218 727 2169 206 727 2170 217 727 2171 218 728 2172 208 728 2173 207 728 2174 219 729 2175 209 729 2176 208 729 2177 220 730 2178 199 730 2179 209 730 2180 221 731 2181 220 731 2182 222 731 2183 221 732 2184 223 732 2185 211 732 2186 224 733 2187 212 733 2188 211 733 2189 225 734 2190 213 734 2191 212 734 2192 226 735 2193 214 735 2194 213 735 2195 227 736 2196 215 736 2197 214 736 2198 228 737 2199 216 737 2200 215 737 2201 229 738 2202 217 738 2203 216 738 2204 229 739 2205 218 739 2206 217 739 2207 230 740 2208 231 740 2209 218 740 2210 233 741 2211 232 741 2212 231 741 2213 233 742 2214 222 742 2215 220 742 2216 235 743 2217 234 743 2218 222 743 2219 234 744 2220 236 744 2221 223 744 2222 237 745 2223 224 745 2224 223 745 2225 237 746 2226 238 746 2227 225 746 2228 239 747 2229 225 747 2230 238 747 2231 239 748 2232 240 748 2233 227 748 2234 240 749 2235 228 749 2236 227 749 2237 241 750 2238 242 750 2239 229 750 2240 243 751 2241 229 751 2242 242 751 2243 243 752 2244 244 752 2245 230 752 2246 244 753 2247 245 753 2248 231 753 2249 245 754 2250 235 754 2251 222 754 2252 246 755 2253 234 755 2254 235 755 2255 246 756 2256 236 756 2257 234 756 2258 246 757 2259 237 757 2260 236 757 2261 246 758 2262 238 758 2263 237 758 2264 246 759 2265 239 759 2266 238 759 2267 246 760 2268 240 760 2269 239 760 2270 246 761 2271 241 761 2272 240 761 2273 246 762 2274 242 762 2275 241 762 2276 246 763 2277 243 763 2278 242 763 2279 246 764 2280 244 764 2281 243 764 2282 246 765 2283 245 765 2284 244 765 2285 246 766 2286 235 766 2287 245 766 2288 218 767 2289 232 767 2290 208 767 2291 208 768 2292 232 768 2293 219 768 2294 231 769 2295 232 769 2296 218 769 2297 209 770 2298 219 770 2299 220 770 2300 220 771 2301 219 771 2302 233 771 2303 245 772 2304 233 772 2305 231 772 2306 222 773 2307 233 773 2308 245 773 2309 244 774 2310 231 774 2311 230 774 2312 199 775 2313 220 775 2314 210 775 2315 198 776 2316 210 776 2317 211 776 2318 211 777 2319 210 777 2320 221 777 2321 234 778 2322 221 778 2323 222 778 2324 223 779 2325 221 779 2326 234 779 2327 211 780 2328 223 780 2329 224 780 2330 212 781 2331 224 781 2332 225 781 2333 225 782 2334 224 782 2335 237 782 2336 213 783 2337 225 783 2338 226 783 2339 214 784 2340 226 784 2341 227 784 2342 227 785 2343 226 785 2344 239 785 2345 215 786 2346 227 786 2347 228 786 2348 216 787 2349 228 787 2350 229 787 2351 229 788 2352 228 788 2353 241 788 2354 223 789 2355 236 789 2356 237 789 2357 342 790 2358 341 790 2359 340 790 2360 341 791 2361 343 791 2362 340 791 2363 343 792 2364 344 792 2365 340 792 2366 344 793 2367 345 793 2368 340 793 2369 345 794 2370 346 794 2371 340 794 2372 346 795 2373 347 795 2374 340 795 2375 347 796 2376 348 796 2377 340 796 2378 348 797 2379 349 797 2380 340 797 2381 349 798 2382 350 798 2383 340 798 2384 350 799 2385 351 799 2386 340 799 2387 351 800 2388 352 800 2389 340 800 2390 352 801 2391 342 801 2392 340 801 2393 354 802 2394 341 802 2395 342 802 2396 353 803 2397 343 803 2398 341 803 2399 356 804 2400 343 804 2401 355 804 2402 356 805 2403 345 805 2404 344 805 2405 358 806 2406 345 806 2407 357 806 2408 358 807 2409 347 807 2410 346 807 2411 360 808 2412 347 808 2413 359 808 2414 360 809 2415 349 809 2416 348 809 2417 362 810 2418 349 810 2419 361 810 2420 362 811 2421 351 811 2422 350 811 2423 364 812 2424 351 812 2425 363 812 2426 354 813 2427 352 813 2428 364 813 2429 366 814 2430 353 814 2431 354 814 2432 367 815 2433 353 815 2434 365 815 2435 368 816 2436 355 816 2437 367 816 2438 368 817 2439 357 817 2440 356 817 2441 370 818 2442 357 818 2443 369 818 2444 370 819 2445 359 819 2446 358 819 2447 372 820 2448 359 820 2449 371 820 2450 373 821 2451 360 821 2452 372 821 2453 374 822 2454 361 822 2455 373 822 2456 374 823 2457 363 823 2458 362 823 2459 376 824 2460 363 824 2461 375 824 2462 366 825 2463 364 825 2464 376 825 2465 378 826 2466 365 826 2467 366 826 2468 377 827 2469 367 827 2470 365 827 2471 380 828 2472 367 828 2473 379 828 2474 380 829 2475 369 829 2476 368 829 2477 381 830 2478 370 830 2479 369 830 2480 382 831 2481 371 831 2482 370 831 2483 383 832 2484 372 832 2485 371 832 2486 385 833 2487 372 833 2488 384 833 2489 385 834 2490 374 834 2491 373 834 2492 387 835 2493 374 835 2494 386 835 2495 387 836 2496 376 836 2497 375 836 2498 388 837 2499 366 837 2500 376 837 2501 389 838 2502 378 838 2503 390 838 2504 389 839 2505 379 839 2506 377 839 2507 392 840 2508 379 840 2509 391 840 2510 393 841 2511 380 841 2512 392 841 2513 393 842 2514 382 842 2515 381 842 2516 395 843 2517 382 843 2518 394 843 2519 396 844 2520 383 844 2521 395 844 2522 396 845 2523 385 845 2524 384 845 2525 398 846 2526 385 846 2527 397 846 2528 398 847 2529 387 847 2530 386 847 2531 400 848 2532 387 848 2533 399 848 2534 400 849 2535 378 849 2536 388 849 2537 401 850 2538 390 850 2539 402 850 2540 401 851 2541 391 851 2542 389 851 2543 404 852 2544 391 852 2545 403 852 2546 404 853 2547 393 853 2548 392 853 2549 406 854 2550 393 854 2551 405 854 2552 407 855 2553 394 855 2554 406 855 2555 408 856 2556 395 856 2557 407 856 2558 409 857 2559 396 857 2560 408 857 2561 409 858 2562 398 858 2563 397 858 2564 411 859 2565 398 859 2566 410 859 2567 411 860 2568 400 860 2569 399 860 2570 412 861 2571 390 861 2572 400 861 2573 414 862 2574 401 862 2575 402 862 2576 415 863 2577 401 863 2578 413 863 2579 415 864 2580 404 864 2581 403 864 2582 417 865 2583 404 865 2584 416 865 2585 417 866 2586 406 866 2587 405 866 2588 418 867 2589 407 867 2590 406 867 2591 420 868 2592 407 868 2593 419 868 2594 421 869 2595 408 869 2596 420 869 2597 421 870 2598 410 870 2599 409 870 2600 423 871 2601 410 871 2602 422 871 2603 424 872 2604 411 872 2605 423 872 2606 424 873 2607 402 873 2608 412 873 2609 425 874 2610 414 874 2611 426 874 2612 427 875 2613 413 875 2614 425 875 2615 427 876 2616 416 876 2617 415 876 2618 429 877 2619 416 877 2620 428 877 2621 429 878 2622 418 878 2623 417 878 2624 430 879 2625 419 879 2626 418 879 2627 431 880 2628 420 880 2629 419 880 2630 433 881 2631 420 881 2632 432 881 2633 433 882 2634 422 882 2635 421 882 2636 435 883 2637 422 883 2638 434 883 2639 436 884 2640 423 884 2641 435 884 2642 426 885 2643 424 885 2644 436 885 2645 437 886 2646 425 886 2647 426 886 2648 437 887 2649 427 887 2650 425 887 2651 437 888 2652 428 888 2653 427 888 2654 437 889 2655 429 889 2656 428 889 2657 437 890 2658 430 890 2659 429 890 2660 437 891 2661 431 891 2662 430 891 2663 437 892 2664 432 892 2665 431 892 2666 437 893 2667 433 893 2668 432 893 2669 437 894 2670 434 894 2671 433 894 2672 437 895 2673 435 895 2674 434 895 2675 437 896 2676 436 896 2677 435 896 2678 437 897 2679 426 897 2680 436 897 2681 440 898 2682 439 898 2683 438 898 2684 439 899 2685 442 899 2686 441 899 2687 442 900 2688 444 900 2689 443 900 2690 444 901 2691 446 901 2692 445 901 2693 446 902 2694 448 902 2695 447 902 2696 448 903 2697 450 903 2698 449 903 2699 450 904 2700 452 904 2701 451 904 2702 452 905 2703 440 905 2704 438 905 2705 438 906 2706 441 906 2707 453 906 2708 444 907 2709 442 907 2710 450 907 2711 452 908 2712 453 908 2713 451 908 2714 438 909 2715 453 909 2716 452 909 2717 450 910 2718 451 910 2719 449 910 2720 448 911 2721 454 911 2722 447 911 2723 446 912 2724 447 912 2725 445 912 2726 444 913 2727 445 913 2728 443 913 2729 442 914 2730 443 914 2731 441 914 2732 439 915 2733 441 915 2734 438 915 2735 455 916 2736 449 916 2737 451 916 2738 456 917 2739 455 917 2740 453 917 2741 443 918 2742 445 918 2743 456 918 2744 441 919 2745 443 919 2746 456 919 2747 445 920 2748 447 920 2749 456 920 2750 456 921 2751 454 921 2752 449 921 2753 456 922 2754 449 922 2755 455 922 2756 456 923 2757 447 923 2758 454 923 2759 441 924 2760 456 924 2761 453 924 2762 439 925 2763 440 925 2764 452 925 2765 442 926 2766 439 926 2767 452 926 2768 451 927 2769 453 927 2770 455 927 2771 448 928 2772 449 928 2773 454 928 2774 581 929 2775 580 929 2776 579 929 2777 580 930 2778 583 930 2779 582 930 2780 583 931 2781 585 931 2782 584 931 2783 585 932 2784 587 932 2785 586 932 2786 587 933 2787 589 933 2788 588 933 2789 589 934 2790 591 934 2791 590 934 2792 591 935 2793 593 935 2794 592 935 2795 593 936 2796 581 936 2797 579 936 2798 595 937 2799 590 937 2800 594 937 2801 589 938 2802 585 938 2803 580 938 2804 593 939 2805 594 939 2806 592 939 2807 579 940 2808 594 940 2809 593 940 2810 591 941 2811 592 941 2812 590 941 2813 589 942 2814 590 942 2815 588 942 2816 587 943 2817 588 943 2818 586 943 2819 585 944 2820 586 944 2821 584 944 2822 583 945 2823 584 945 2824 582 945 2825 580 946 2826 582 946 2827 579 946 2828 596 947 2829 588 947 2830 590 947 2831 596 948 2832 584 948 2833 586 948 2834 596 949 2835 586 949 2836 588 949 2837 595 950 2838 579 950 2839 584 950 2840 595 951 2841 596 951 2842 590 951 2843 584 952 2844 596 952 2845 595 952 2846 579 953 2847 582 953 2848 584 953 2849 590 954 2850 592 954 2851 594 954 2852 593 955 2853 591 955 2854 589 955 2855 631 956 2856 630 956 2857 629 956 2858 630 957 2859 633 957 2860 632 957 2861 633 958 2862 635 958 2863 634 958 2864 635 959 2865 637 959 2866 636 959 2867 637 960 2868 639 960 2869 638 960 2870 639 961 2871 641 961 2872 640 961 2873 641 962 2874 643 962 2875 642 962 2876 643 963 2877 631 963 2878 629 963 2879 629 964 2880 645 964 2881 644 964 2882 630 965 2883 631 965 2884 637 965 2885 643 966 2886 644 966 2887 642 966 2888 629 967 2889 644 967 2890 643 967 2891 641 968 2892 642 968 2893 640 968 2894 639 969 2895 640 969 2896 638 969 2897 637 970 2898 638 970 2899 636 970 2900 635 971 2901 636 971 2902 646 971 2903 633 972 2904 634 972 2905 632 972 2906 630 973 2907 632 973 2908 629 973 2909 645 974 2910 640 974 2911 642 974 2912 645 975 2913 642 975 2914 644 975 2915 646 976 2916 636 976 2917 638 976 2918 645 977 2919 638 977 2920 640 977 2921 632 978 2922 634 978 2923 646 978 2924 629 979 2925 632 979 2926 645 979 2927 638 980 2928 645 980 2929 646 980 2930 646 981 2931 645 981 2932 632 981 2933 646 982 2934 634 982 2935 635 982 2936 649 983 2937 648 983 2938 647 983 2939 648 984 2940 650 984 2941 647 984 2942 650 985 2943 651 985 2944 647 985 2945 651 986 2946 652 986 2947 647 986 2948 652 987 2949 653 987 2950 647 987 2951 653 988 2952 654 988 2953 647 988 2954 654 989 2955 655 989 2956 647 989 2957 655 990 2958 656 990 2959 647 990 2960 656 991 2961 657 991 2962 647 991 2963 657 992 2964 658 992 2965 647 992 2966 658 993 2967 659 993 2968 647 993 2969 659 994 2970 649 994 2971 647 994 2972 661 995 2973 648 995 2974 649 995 2975 662 996 2976 648 996 2977 660 996 2978 662 997 2979 651 997 2980 650 997 2981 663 998 2982 652 998 2983 651 998 2984 664 999 2985 653 999 2986 652 999 2987 666 1000 2988 653 1000 2989 665 1000 2990 666 1001 2991 655 1001 2992 654 1001 2993 668 1002 2994 655 1002 2995 667 1002 2996 668 1003 2997 657 1003 2998 656 1003 2999 669 1004 3000 658 1004 3001 657 1004 3002 671 1005 3003 658 1005 3004 670 1005 3005 671 1006 3006 649 1006 3007 659 1006 3008 672 1007 3009 661 1007 3010 673 1007 3011 672 1008 3012 662 1008 3013 660 1008 3014 675 1009 3015 662 1009 3016 674 1009 3017 675 1010 3018 664 1010 3019 663 1010 3020 677 1011 3021 664 1011 3022 676 1011 3023 678 1012 3024 665 1012 3025 677 1012 3026 679 1013 3027 666 1013 3028 678 1013 3029 680 1014 3030 667 1014 3031 679 1014 3032 680 1015 3033 669 1015 3034 668 1015 3035 681 1016 3036 670 1016 3037 669 1016 3038 683 1017 3039 670 1017 3040 682 1017 3041 683 1018 3042 661 1018 3043 671 1018 3044 685 1019 3045 672 1019 3046 673 1019 3047 686 1020 3048 672 1020 3049 684 1020 3050 686 1021 3051 675 1021 3052 674 1021 3053 687 1022 3054 676 1022 3055 675 1022 3056 689 1023 3057 676 1023 3058 688 1023 3059 690 1024 3060 677 1024 3061 689 1024 3062 690 1025 3063 679 1025 3064 678 1025 3065 691 1026 3066 680 1026 3067 679 1026 3068 692 1027 3069 681 1027 3070 680 1027 3071 694 1028 3072 681 1028 3073 693 1028 3074 695 1029 3075 682 1029 3076 694 1029 3077 695 1030 3078 673 1030 3079 683 1030 3080 697 1031 3081 684 1031 3082 685 1031 3083 698 1032 3084 684 1032 3085 696 1032 3086 698 1033 3087 687 1033 3088 686 1033 3089 700 1034 3090 687 1034 3091 699 1034 3092 701 1035 3093 688 1035 3094 700 1035 3095 701 1036 3096 690 1036 3097 689 1036 3098 702 1037 3099 691 1037 3100 690 1037 3101 704 1038 3102 691 1038 3103 703 1038 3104 704 1039 3105 693 1039 3106 692 1039 3107 706 1040 3108 693 1040 3109 705 1040 3110 707 1041 3111 694 1041 3112 706 1041 3113 707 1042 3114 685 1042 3115 695 1042 3116 709 1043 3117 696 1043 3118 697 1043 3119 710 1044 3120 696 1044 3121 708 1044 3122 710 1045 3123 699 1045 3124 698 1045 3125 712 1046 3126 699 1046 3127 711 1046 3128 713 1047 3129 700 1047 3130 712 1047 3131 714 1048 3132 701 1048 3133 713 1048 3134 714 1049 3135 703 1049 3136 702 1049 3137 716 1050 3138 703 1050 3139 715 1050 3140 716 1051 3141 705 1051 3142 704 1051 3143 718 1052 3144 705 1052 3145 717 1052 3146 718 1053 3147 707 1053 3148 706 1053 3149 719 1054 3150 697 1054 3151 707 1054 3152 721 1055 3153 708 1055 3154 709 1055 3155 722 1056 3156 708 1056 3157 720 1056 3158 723 1057 3159 710 1057 3160 722 1057 3161 724 1058 3162 711 1058 3163 723 1058 3164 724 1059 3165 713 1059 3166 712 1059 3167 726 1060 3168 713 1060 3169 725 1060 3170 726 1061 3171 715 1061 3172 714 1061 3173 727 1062 3174 716 1062 3175 715 1062 3176 729 1063 3177 716 1063 3178 728 1063 3179 729 1064 3180 718 1064 3181 717 1064 3182 730 1065 3183 719 1065 3184 718 1065 3185 721 1066 3186 719 1066 3187 731 1066 3188 732 1067 3189 721 1067 3190 733 1067 3191 732 1068 3192 722 1068 3193 720 1068 3194 735 1069 3195 722 1069 3196 734 1069 3197 735 1070 3198 724 1070 3199 723 1070 3200 736 1071 3201 725 1071 3202 724 1071 3203 737 1072 3204 726 1072 3205 725 1072 3206 739 1073 3207 726 1073 3208 738 1073 3209 740 1074 3210 727 1074 3211 739 1074 3212 741 1075 3213 728 1075 3214 740 1075 3215 741 1076 3216 730 1076 3217 729 1076 3218 742 1077 3219 731 1077 3220 730 1077 3221 733 1078 3222 731 1078 3223 743 1078 3224 744 1079 3225 732 1079 3226 733 1079 3227 744 1080 3228 734 1080 3229 732 1080 3230 744 1081 3231 735 1081 3232 734 1081 3233 744 1082 3234 736 1082 3235 735 1082 3236 744 1083 3237 737 1083 3238 736 1083 3239 744 1084 3240 738 1084 3241 737 1084 3242 744 1085 3243 739 1085 3244 738 1085 3245 744 1086 3246 740 1086 3247 739 1086 3248 744 1087 3249 741 1087 3250 740 1087 3251 744 1088 3252 742 1088 3253 741 1088 3254 744 1089 3255 743 1089 3256 742 1089 3257 744 1090 3258 733 1090 3259 743 1090 3260 118 1091 3261 130 1091 3262 128 1091 3263 128 1092 3264 126 1092 3265 124 1092 3266 124 1093 3267 122 1093 3268 118 1093 3269 122 1094 3270 117 1094 3271 118 1094 3272 148 1095 3273 133 1095 3274 142 1095 3275 142 1096 3276 144 1096 3277 146 1096 3278 135 1097 3279 147 1097 3280 145 1097 3281 145 1098 3282 143 1098 3283 135 1098 3284 143 1099 3285 141 1099 3286 134 1099 3287 163 1100 3288 162 1100 3289 150 1100 3290 162 1101 3291 164 1101 3292 152 1101 3293 164 1102 3294 165 1102 3295 153 1102 3296 166 1103 3297 154 1103 3298 153 1103 3299 166 1104 3300 167 1104 3301 155 1104 3302 167 1105 3303 168 1105 3304 156 1105 3305 168 1106 3306 169 1106 3307 157 1106 3308 170 1107 3309 158 1107 3310 157 1107 3311 170 1108 3312 171 1108 3313 159 1108 3314 172 1109 3315 160 1109 3316 159 1109 3317 172 1110 3318 173 1110 3319 161 1110 3320 163 1111 3321 151 1111 3322 161 1111 3323 174 1112 3324 162 1112 3325 163 1112 3326 176 1113 3327 164 1113 3328 162 1113 3329 177 1114 3330 165 1114 3331 164 1114 3332 178 1115 3333 166 1115 3334 165 1115 3335 179 1116 3336 167 1116 3337 166 1116 3338 180 1117 3339 168 1117 3340 167 1117 3341 180 1118 3342 181 1118 3343 169 1118 3344 182 1119 3345 170 1119 3346 169 1119 3347 182 1120 3348 183 1120 3349 171 1120 3350 183 1121 3351 184 1121 3352 172 1121 3353 184 1122 3354 185 1122 3355 173 1122 3356 185 1123 3357 175 1123 3358 163 1123 3359 187 1124 3360 186 1124 3361 174 1124 3362 188 1125 3363 176 1125 3364 174 1125 3365 188 1126 3366 189 1126 3367 177 1126 3368 190 1127 3369 178 1127 3370 177 1127 3371 190 1128 3372 191 1128 3373 179 1128 3374 192 1129 3375 180 1129 3376 179 1129 3377 192 1130 3378 193 1130 3379 181 1130 3380 194 1131 3381 182 1131 3382 181 1131 3383 194 1132 3384 195 1132 3385 183 1132 3386 196 1133 3387 184 1133 3388 183 1133 3389 197 1134 3390 185 1134 3391 184 1134 3392 187 1135 3393 175 1135 3394 185 1135 3395 198 1136 3396 186 1136 3397 187 1136 3398 198 1137 3399 200 1137 3400 188 1137 3401 201 1138 3402 189 1138 3403 188 1138 3404 202 1139 3405 190 1139 3406 189 1139 3407 203 1140 3408 191 1140 3409 190 1140 3410 203 1141 3411 204 1141 3412 192 1141 3413 204 1142 3414 205 1142 3415 193 1142 3416 206 1143 3417 194 1143 3418 193 1143 3419 206 1144 3420 207 1144 3421 195 1144 3422 208 1145 3423 196 1145 3424 195 1145 3425 208 1146 3426 209 1146 3427 197 1146 3428 199 1147 3429 187 1147 3430 197 1147 3431 212 1148 3432 201 1148 3433 200 1148 3434 212 1149 3435 213 1149 3436 202 1149 3437 214 1150 3438 203 1150 3439 202 1150 3440 215 1151 3441 204 1151 3442 203 1151 3443 215 1152 3444 216 1152 3445 205 1152 3446 217 1153 3447 206 1153 3448 205 1153 3449 218 1154 3450 207 1154 3451 206 1154 3452 221 1155 3453 210 1155 3454 220 1155 3455 229 1156 3456 230 1156 3457 218 1156 3458 233 1157 3459 219 1157 3460 232 1157 3461 239 1158 3462 226 1158 3463 225 1158 3464 240 1159 3465 241 1159 3466 228 1159 3467 243 1160 3468 230 1160 3469 229 1160 3470 354 1161 3471 353 1161 3472 341 1161 3473 353 1162 3474 355 1162 3475 343 1162 3476 356 1163 3477 344 1163 3478 343 1163 3479 356 1164 3480 357 1164 3481 345 1164 3482 358 1165 3483 346 1165 3484 345 1165 3485 358 1166 3486 359 1166 3487 347 1166 3488 360 1167 3489 348 1167 3490 347 1167 3491 360 1168 3492 361 1168 3493 349 1168 3494 362 1169 3495 350 1169 3496 349 1169 3497 362 1170 3498 363 1170 3499 351 1170 3500 364 1171 3501 352 1171 3502 351 1171 3503 354 1172 3504 342 1172 3505 352 1172 3506 366 1173 3507 365 1173 3508 353 1173 3509 367 1174 3510 355 1174 3511 353 1174 3512 368 1175 3513 356 1175 3514 355 1175 3515 368 1176 3516 369 1176 3517 357 1176 3518 370 1177 3519 358 1177 3520 357 1177 3521 370 1178 3522 371 1178 3523 359 1178 3524 372 1179 3525 360 1179 3526 359 1179 3527 373 1180 3528 361 1180 3529 360 1180 3530 374 1181 3531 362 1181 3532 361 1181 3533 374 1182 3534 375 1182 3535 363 1182 3536 376 1183 3537 364 1183 3538 363 1183 3539 366 1184 3540 354 1184 3541 364 1184 3542 378 1185 3543 377 1185 3544 365 1185 3545 377 1186 3546 379 1186 3547 367 1186 3548 380 1187 3549 368 1187 3550 367 1187 3551 380 1188 3552 381 1188 3553 369 1188 3554 381 1189 3555 382 1189 3556 370 1189 3557 382 1190 3558 383 1190 3559 371 1190 3560 383 1191 3561 384 1191 3562 372 1191 3563 385 1192 3564 373 1192 3565 372 1192 3566 385 1193 3567 386 1193 3568 374 1193 3569 387 1194 3570 375 1194 3571 374 1194 3572 387 1195 3573 388 1195 3574 376 1195 3575 388 1196 3576 378 1196 3577 366 1196 3578 389 1197 3579 377 1197 3580 378 1197 3581 389 1198 3582 391 1198 3583 379 1198 3584 392 1199 3585 380 1199 3586 379 1199 3587 393 1200 3588 381 1200 3589 380 1200 3590 393 1201 3591 394 1201 3592 382 1201 3593 395 1202 3594 383 1202 3595 382 1202 3596 396 1203 3597 384 1203 3598 383 1203 3599 396 1204 3600 397 1204 3601 385 1204 3602 398 1205 3603 386 1205 3604 385 1205 3605 398 1206 3606 399 1206 3607 387 1206 3608 400 1207 3609 388 1207 3610 387 1207 3611 400 1208 3612 390 1208 3613 378 1208 3614 401 1209 3615 389 1209 3616 390 1209 3617 401 1210 3618 403 1210 3619 391 1210 3620 404 1211 3621 392 1211 3622 391 1211 3623 404 1212 3624 405 1212 3625 393 1212 3626 406 1213 3627 394 1213 3628 393 1213 3629 407 1214 3630 395 1214 3631 394 1214 3632 408 1215 3633 396 1215 3634 395 1215 3635 409 1216 3636 397 1216 3637 396 1216 3638 409 1217 3639 410 1217 3640 398 1217 3641 411 1218 3642 399 1218 3643 398 1218 3644 411 1219 3645 412 1219 3646 400 1219 3647 412 1220 3648 402 1220 3649 390 1220 3650 414 1221 3651 413 1221 3652 401 1221 3653 415 1222 3654 403 1222 3655 401 1222 3656 415 1223 3657 416 1223 3658 404 1223 3659 417 1224 3660 405 1224 3661 404 1224 3662 417 1225 3663 418 1225 3664 406 1225 3665 418 1226 3666 419 1226 3667 407 1226 3668 420 1227 3669 408 1227 3670 407 1227 3671 421 1228 3672 409 1228 3673 408 1228 3674 421 1229 3675 422 1229 3676 410 1229 3677 423 1230 3678 411 1230 3679 410 1230 3680 424 1231 3681 412 1231 3682 411 1231 3683 424 1232 3684 414 1232 3685 402 1232 3686 425 1233 3687 413 1233 3688 414 1233 3689 427 1234 3690 415 1234 3691 413 1234 3692 427 1235 3693 428 1235 3694 416 1235 3695 429 1236 3696 417 1236 3697 416 1236 3698 429 1237 3699 430 1237 3700 418 1237 3701 430 1238 3702 431 1238 3703 419 1238 3704 431 1239 3705 432 1239 3706 420 1239 3707 433 1240 3708 421 1240 3709 420 1240 3710 433 1241 3711 434 1241 3712 422 1241 3713 435 1242 3714 423 1242 3715 422 1242 3716 436 1243 3717 424 1243 3718 423 1243 3719 426 1244 3720 414 1244 3721 424 1244 3722 442 1245 3723 452 1245 3724 450 1245 3725 450 1246 3726 448 1246 3727 446 1246 3728 446 1247 3729 444 1247 3730 450 1247 3731 581 1248 3732 593 1248 3733 580 1248 3734 593 1249 3735 589 1249 3736 580 1249 3737 589 1250 3738 587 1250 3739 585 1250 3740 585 1251 3741 583 1251 3742 580 1251 3743 579 1252 3744 595 1253 3745 594 1254 3746 631 1255 3747 643 1255 3748 637 1255 3749 643 1256 3750 641 1256 3751 637 1256 3752 641 1257 3753 639 1257 3754 637 1257 3755 637 1258 3756 635 1258 3757 633 1258 3758 633 1259 3759 630 1259 3760 637 1259 3761 661 1260 3762 660 1260 3763 648 1260 3764 662 1261 3765 650 1261 3766 648 1261 3767 662 1262 3768 663 1262 3769 651 1262 3770 663 1263 3771 664 1263 3772 652 1263 3773 664 1264 3774 665 1264 3775 653 1264 3776 666 1265 3777 654 1265 3778 653 1265 3779 666 1266 3780 667 1266 3781 655 1266 3782 668 1267 3783 656 1267 3784 655 1267 3785 668 1268 3786 669 1268 3787 657 1268 3788 669 1269 3789 670 1269 3790 658 1269 3791 671 1270 3792 659 1270 3793 658 1270 3794 671 1271 3795 661 1271 3796 649 1271 3797 672 1272 3798 660 1272 3799 661 1272 3800 672 1273 3801 674 1273 3802 662 1273 3803 675 1274 3804 663 1274 3805 662 1274 3806 675 1275 3807 676 1275 3808 664 1275 3809 677 1276 3810 665 1276 3811 664 1276 3812 678 1277 3813 666 1277 3814 665 1277 3815 679 1278 3816 667 1278 3817 666 1278 3818 680 1279 3819 668 1279 3820 667 1279 3821 680 1280 3822 681 1280 3823 669 1280 3824 681 1281 3825 682 1281 3826 670 1281 3827 683 1282 3828 671 1282 3829 670 1282 3830 683 1283 3831 673 1283 3832 661 1283 3833 685 1284 3834 684 1284 3835 672 1284 3836 686 1285 3837 674 1285 3838 672 1285 3839 686 1286 3840 687 1286 3841 675 1286 3842 687 1287 3843 688 1287 3844 676 1287 3845 689 1288 3846 677 1288 3847 676 1288 3848 690 1289 3849 678 1289 3850 677 1289 3851 690 1290 3852 691 1290 3853 679 1290 3854 691 1291 3855 692 1291 3856 680 1291 3857 692 1292 3858 693 1292 3859 681 1292 3860 694 1293 3861 682 1293 3862 681 1293 3863 695 1294 3864 683 1294 3865 682 1294 3866 695 1295 3867 685 1295 3868 673 1295 3869 697 1296 3870 696 1296 3871 684 1296 3872 698 1297 3873 686 1297 3874 684 1297 3875 698 1298 3876 699 1298 3877 687 1298 3878 700 1299 3879 688 1299 3880 687 1299 3881 701 1300 3882 689 1300 3883 688 1300 3884 701 1301 3885 702 1301 3886 690 1301 3887 702 1302 3888 703 1302 3889 691 1302 3890 704 1303 3891 692 1303 3892 691 1303 3893 704 1304 3894 705 1304 3895 693 1304 3896 706 1305 3897 694 1305 3898 693 1305 3899 707 1306 3900 695 1306 3901 694 1306 3902 707 1307 3903 697 1307 3904 685 1307 3905 709 1308 3906 708 1308 3907 696 1308 3908 710 1309 3909 698 1309 3910 696 1309 3911 710 1310 3912 711 1310 3913 699 1310 3914 712 1311 3915 700 1311 3916 699 1311 3917 713 1312 3918 701 1312 3919 700 1312 3920 714 1313 3921 702 1313 3922 701 1313 3923 714 1314 3924 715 1314 3925 703 1314 3926 716 1315 3927 704 1315 3928 703 1315 3929 716 1316 3930 717 1316 3931 705 1316 3932 718 1317 3933 706 1317 3934 705 1317 3935 718 1318 3936 719 1318 3937 707 1318 3938 719 1319 3939 709 1319 3940 697 1319 3941 721 1320 3942 720 1320 3943 708 1320 3944 722 1321 3945 710 1321 3946 708 1321 3947 723 1322 3948 711 1322 3949 710 1322 3950 724 1323 3951 712 1323 3952 711 1323 3953 724 1324 3954 725 1324 3955 713 1324 3956 726 1325 3957 714 1325 3958 713 1325 3959 726 1326 3960 727 1326 3961 715 1326 3962 727 1327 3963 728 1327 3964 716 1327 3965 729 1328 3966 717 1328 3967 716 1328 3968 729 1329 3969 730 1329 3970 718 1329 3971 730 1330 3972 731 1330 3973 719 1330 3974 721 1331 3975 709 1331 3976 719 1331 3977 732 1332 3978 720 1332 3979 721 1332 3980 732 1333 3981 734 1333 3982 722 1333 3983 735 1334 3984 723 1334 3985 722 1334 3986 735 1335 3987 736 1335 3988 724 1335 3989 736 1336 3990 737 1336 3991 725 1336 3992 737 1337 3993 738 1337 3994 726 1337 3995 739 1338 3996 727 1338 3997 726 1338 3998 740 1339 3999 728 1339 4000 727 1339 4001 741 1340 4002 729 1340 4003 728 1340 4004 741 1341 4005 742 1341 4006 730 1341 4007 742 1342 4008 743 1342 4009 731 1342 4010 733 1343 4011 721 1343 4012 731 1343 4013 460 1344 4014 458 1344 4015 457 1344 4016 459 1345 4017 461 1345 4018 458 1345 4019 464 1346 4020 461 1346 4021 462 1346 4022 466 1347 4023 463 1347 4024 464 1347 4025 468 1348 4026 465 1348 4027 466 1348 4028 468 1349 4029 457 1349 4030 467 1349 4031 463 1350 4032 465 1350 4033 467 1350 4034 462 1351 4035 459 1351 4036 460 1351 4037 469 1352 4038 467 1352 4039 470 1352 4040 471 1353 4041 465 1353 4042 469 1353 4043 471 1354 4044 461 1354 4045 463 1354 4046 472 1355 4047 458 1355 4048 461 1355 4049 473 1356 4050 457 1356 4051 458 1356 4052 470 1357 4053 457 1357 4054 474 1357 4055 471 1358 4056 469 1358 4057 470 1358 4058 475 1359 4059 470 1359 4060 476 1359 4061 477 1360 4062 469 1360 4063 475 1360 4064 478 1361 4065 471 1361 4066 477 1361 4067 478 1362 4068 473 1362 4069 472 1362 4070 479 1363 4071 474 1363 4072 473 1363 4073 480 1364 4074 470 1364 4075 474 1364 4076 475 1365 4077 476 1365 4078 479 1365 4079 481 1366 4080 476 1366 4081 482 1366 4082 483 1367 4083 475 1367 4084 481 1367 4085 484 1368 4086 477 1368 4087 483 1368 4088 484 1369 4089 479 1369 4090 478 1369 4091 485 1370 4092 480 1370 4093 479 1370 4094 486 1371 4095 476 1371 4096 480 1371 4097 483 1372 4098 481 1372 4099 482 1372 4100 487 1373 4101 482 1373 4102 488 1373 4103 489 1374 4104 481 1374 4105 487 1374 4106 489 1375 4107 484 1375 4108 483 1375 4109 490 1376 4110 485 1376 4111 484 1376 4112 491 1377 4113 486 1377 4114 485 1377 4115 488 1378 4116 486 1378 4117 492 1378 4118 489 1379 4119 487 1379 4120 488 1379 4121 493 1380 4122 488 1380 4123 494 1380 4124 495 1381 4125 487 1381 4126 493 1381 4127 495 1382 4128 490 1382 4129 489 1382 4130 496 1383 4131 491 1383 4132 490 1383 4133 497 1384 4134 492 1384 4135 491 1384 4136 494 1385 4137 492 1385 4138 498 1385 4139 493 1386 4140 494 1386 4141 497 1386 4142 499 1387 4143 494 1387 4144 500 1387 4145 501 1388 4146 493 1388 4147 499 1388 4148 502 1389 4149 495 1389 4150 501 1389 4151 502 1390 4152 497 1390 4153 496 1390 4154 503 1391 4155 498 1391 4156 497 1391 4157 504 1392 4158 494 1392 4159 498 1392 4160 501 1393 4161 499 1393 4162 500 1393 4163 505 1394 4164 500 1394 4165 506 1394 4166 507 1395 4167 499 1395 4168 505 1395 4169 507 1396 4170 502 1396 4171 501 1396 4172 508 1397 4173 503 1397 4174 502 1397 4175 509 1398 4176 504 1398 4177 503 1398 4178 506 1399 4179 504 1399 4180 510 1399 4181 507 1400 4182 505 1400 4183 506 1400 4184 511 1401 4185 506 1401 4186 512 1401 4187 513 1402 4188 505 1402 4189 511 1402 4190 513 1403 4191 508 1403 4192 507 1403 4193 514 1404 4194 509 1404 4195 508 1404 4196 515 1405 4197 510 1405 4198 509 1405 4199 512 1406 4200 510 1406 4201 516 1406 4202 515 1407 4203 513 1407 4204 512 1407 4205 517 1408 4206 511 1408 4207 512 1408 4208 518 1409 4209 511 1409 4210 519 1409 4211 518 1410 4212 514 1410 4213 513 1410 4214 520 1411 4215 515 1411 4216 514 1411 4217 521 1412 4218 516 1412 4219 515 1412 4220 523 1413 4221 516 1413 4222 522 1413 4223 519 1414 4224 523 1414 4225 521 1414 4226 524 1415 4227 523 1415 4228 525 1415 4229 526 1416 4230 519 1416 4231 524 1416 4232 526 1417 4233 520 1417 4234 518 1417 4235 527 1418 4236 521 1418 4237 520 1418 4238 528 1419 4239 522 1419 4240 521 1419 4241 525 1420 4242 522 1420 4243 529 1420 4244 526 1421 4245 524 1421 4246 525 1421 4247 530 1422 4248 525 1422 4249 531 1422 4250 530 1423 4251 526 1423 4252 524 1423 4253 532 1424 4254 527 1424 4255 526 1424 4256 533 1425 4257 528 1425 4258 527 1425 4259 535 1426 4260 528 1426 4261 534 1426 4262 531 1427 4263 529 1427 4264 535 1427 4265 517 1428 4266 519 1428 4267 511 1428 4268 536 1429 4269 523 1429 4270 519 1429 4271 537 1430 4272 512 1430 4273 523 1430 4274 536 1431 4275 517 1431 4276 538 1431 4277 512 1432 4278 538 1432 4279 517 1432 4280 537 1433 4281 538 1433 4282 512 1433 4283 536 1434 4284 537 1434 4285 523 1434 4286 795 1435 4287 793 1435 4288 796 1435 4289 798 1436 4290 794 1436 4291 795 1436 4292 798 1437 4293 799 1437 4294 797 1437 4295 800 1438 4296 801 1438 4297 799 1438 4298 802 1439 4299 803 1439 4300 801 1439 4301 806 1440 4302 803 1440 4303 804 1440 4304 796 1441 4305 805 1441 4306 806 1441 4307 805 1442 4308 794 1442 4309 799 1442 4310 795 1443 4311 796 1443 4312 804 1443 4313 807 1444 4314 805 1444 4315 808 1444 4316 807 1445 4317 801 1445 4318 803 1445 4319 809 1446 4320 799 1446 4321 801 1446 4322 810 1447 4323 797 1447 4324 799 1447 4325 812 1448 4326 797 1448 4327 811 1448 4328 813 1449 4329 794 1449 4330 812 1449 4331 808 1450 4332 793 1450 4333 813 1450 4334 807 1451 4335 808 1451 4336 812 1451 4337 814 1452 4338 808 1452 4339 815 1452 4340 816 1453 4341 807 1453 4342 814 1453 4343 816 1454 4344 810 1454 4345 809 1454 4346 817 1455 4347 811 1455 4348 810 1455 4349 818 1456 4350 812 1456 4351 811 1456 4352 820 1457 4353 812 1457 4354 819 1457 4355 815 1458 4356 813 1458 4357 820 1458 4358 816 1459 4359 814 1459 4360 819 1459 4361 821 1460 4362 815 1460 4363 822 1460 4364 823 1461 4365 814 1461 4366 821 1461 4367 823 1462 4368 817 1462 4369 816 1462 4370 824 1463 4371 818 1463 4372 817 1463 4373 825 1464 4374 819 1464 4375 818 1464 4376 827 1465 4377 819 1465 4378 826 1465 4379 822 1466 4380 820 1466 4381 827 1466 4382 823 1467 4383 821 1467 4384 826 1467 4385 828 1468 4386 822 1468 4387 829 1468 4388 828 1469 4389 823 1469 4390 821 1469 4391 830 1470 4392 824 1470 4393 823 1470 4394 831 1471 4395 825 1471 4396 824 1471 4397 832 1472 4398 826 1472 4399 825 1472 4400 834 1473 4401 826 1473 4402 833 1473 4403 829 1474 4404 827 1474 4405 834 1474 4406 828 1475 4407 829 1475 4408 833 1475 4409 835 1476 4410 829 1476 4411 836 1476 4412 835 1477 4413 830 1477 4414 828 1477 4415 837 1478 4416 831 1478 4417 830 1478 4418 838 1479 4419 832 1479 4420 831 1479 4421 839 1480 4422 833 1480 4423 832 1480 4424 841 1481 4425 834 1481 4426 833 1481 4427 836 1482 4428 834 1482 4429 842 1482 4430 835 1483 4431 836 1483 4432 840 1483 4433 843 1484 4434 836 1484 4435 844 1484 4436 845 1485 4437 835 1485 4438 843 1485 4439 845 1486 4440 838 1486 4441 837 1486 4442 846 1487 4443 839 1487 4444 838 1487 4445 847 1488 4446 840 1488 4447 839 1488 4448 849 1489 4449 840 1489 4450 848 1489 4451 844 1490 4452 842 1490 4453 849 1490 4454 848 1491 4455 846 1491 4456 843 1491 4457 850 1492 4458 844 1492 4459 851 1492 4460 852 1493 4461 843 1493 4462 850 1493 4463 852 1494 4464 846 1494 4465 845 1494 4466 853 1495 4467 847 1495 4468 846 1495 4469 854 1496 4470 848 1496 4471 847 1496 4472 856 1497 4473 848 1497 4474 855 1497 4475 851 1498 4476 849 1498 4477 856 1498 4478 853 1499 4479 852 1499 4480 850 1499 4481 857 1500 4482 851 1500 4483 858 1500 4484 859 1501 4485 850 1501 4486 857 1501 4487 859 1502 4488 853 1502 4489 852 1502 4490 860 1503 4491 854 1503 4492 853 1503 4493 861 1504 4494 855 1504 4495 854 1504 4496 863 1505 4497 855 1505 4498 862 1505 4499 858 1506 4500 856 1506 4501 863 1506 4502 860 1507 4503 859 1507 4504 857 1507 4505 865 1508 4506 857 1508 4507 858 1508 4508 864 1509 4509 859 1509 4510 857 1509 4511 866 1510 4512 860 1510 4513 859 1510 4514 867 1511 4515 861 1511 4516 860 1511 4517 869 1512 4518 861 1512 4519 868 1512 4520 870 1513 4521 862 1513 4522 869 1513 4523 865 1514 4524 863 1514 4525 870 1514 4526 867 1515 4527 866 1515 4528 864 1515 4529 871 1516 4530 864 1516 4531 865 1516 4532 872 1517 4533 866 1517 4534 864 1517 4535 872 1518 4536 867 1518 4537 866 1518 4538 874 1519 4539 868 1519 4540 867 1519 4541 875 1520 4542 869 1520 4543 868 1520 4544 876 1521 4545 869 1521 4546 875 1521 4547 877 1522 4548 870 1522 4549 876 1522 4550 865 1523 4551 877 1523 4552 871 1523 4553 864 1524 4554 871 1524 4555 872 1524 4556 867 1525 4557 873 1525 4558 874 1525 4559 868 1526 4560 874 1526 4561 875 1526 4562 878 1527 4563 842 1527 4564 834 1527 4565 879 1528 4566 840 1528 4567 842 1528 4568 841 1529 4569 840 1529 4570 880 1529 4571 841 1530 4572 878 1530 4573 834 1530 4574 878 1531 4575 879 1531 4576 842 1531 4577 879 1532 4578 880 1532 4579 840 1532 4580 460 1533 4581 459 1533 4582 458 1533 4583 459 1534 4584 462 1534 4585 461 1534 4586 464 1535 4587 463 1535 4588 461 1535 4589 466 1536 4590 465 1536 4591 463 1536 4592 468 1537 4593 467 1537 4594 465 1537 4595 468 1538 4596 460 1538 4597 457 1538 4598 467 1539 4599 457 1539 4600 463 1539 4601 457 1540 4602 458 1540 4603 463 1540 4604 458 1541 4605 461 1541 4606 463 1541 4607 460 1542 4608 468 1542 4609 462 1542 4610 468 1543 4611 466 1543 4612 462 1543 4613 466 1544 4614 464 1544 4615 462 1544 4616 469 1545 4617 465 1545 4618 467 1545 4619 471 1546 4620 463 1546 4621 465 1546 4622 471 1547 4623 472 1547 4624 461 1547 4625 472 1548 4626 473 1548 4627 458 1548 4628 473 1549 4629 474 1549 4630 457 1549 4631 470 1550 4632 467 1550 4633 457 1550 4634 470 1551 4635 474 1551 4636 471 1551 4637 474 1552 4638 473 1552 4639 471 1552 4640 473 1553 4641 472 1553 4642 471 1553 4643 475 1554 4644 469 1554 4645 470 1554 4646 477 1555 4647 471 1555 4648 469 1555 4649 478 1556 4650 472 1556 4651 471 1556 4652 478 1557 4653 479 1557 4654 473 1557 4655 479 1558 4656 480 1558 4657 474 1558 4658 480 1559 4659 476 1559 4660 470 1559 4661 476 1560 4662 480 1560 4663 479 1560 4664 479 1561 4665 478 1561 4666 477 1561 4667 477 1562 4668 475 1562 4669 479 1562 4670 481 1563 4671 475 1563 4672 476 1563 4673 483 1564 4674 477 1564 4675 475 1564 4676 484 1565 4677 478 1565 4678 477 1565 4679 484 1566 4680 485 1566 4681 479 1566 4682 485 1567 4683 486 1567 4684 480 1567 4685 486 1568 4686 482 1568 4687 476 1568 4688 482 1569 4689 486 1569 4690 483 1569 4691 486 1570 4692 485 1570 4693 483 1570 4694 485 1571 4695 484 1571 4696 483 1571 4697 487 1572 4698 481 1572 4699 482 1572 4700 489 1573 4701 483 1573 4702 481 1573 4703 489 1574 4704 490 1574 4705 484 1574 4706 490 1575 4707 491 1575 4708 485 1575 4709 491 1576 4710 492 1576 4711 486 1576 4712 488 1577 4713 482 1577 4714 486 1577 4715 488 1578 4716 492 1578 4717 489 1578 4718 492 1579 4719 491 1579 4720 489 1579 4721 491 1580 4722 490 1580 4723 489 1580 4724 493 1581 4725 487 1581 4726 488 1581 4727 495 1582 4728 489 1582 4729 487 1582 4730 495 1583 4731 496 1583 4732 490 1583 4733 496 1584 4734 497 1584 4735 491 1584 4736 497 1585 4737 498 1585 4738 492 1585 4739 494 1586 4740 488 1586 4741 492 1586 4742 494 1587 4743 498 1587 4744 497 1587 4745 497 1588 4746 496 1588 4747 495 1588 4748 495 1589 4749 493 1589 4750 497 1589 4751 499 1590 4752 493 1590 4753 494 1590 4754 501 1591 4755 495 1591 4756 493 1591 4757 502 1592 4758 496 1592 4759 495 1592 4760 502 1593 4761 503 1593 4762 497 1593 4763 503 1594 4764 504 1594 4765 498 1594 4766 504 1595 4767 500 1595 4768 494 1595 4769 500 1596 4770 504 1596 4771 503 1596 4772 503 1597 4773 502 1597 4774 500 1597 4775 502 1598 4776 501 1598 4777 500 1598 4778 505 1599 4779 499 1599 4780 500 1599 4781 507 1600 4782 501 1600 4783 499 1600 4784 507 1601 4785 508 1601 4786 502 1601 4787 508 1602 4788 509 1602 4789 503 1602 4790 509 1603 4791 510 1603 4792 504 1603 4793 506 1604 4794 500 1604 4795 504 1604 4796 506 1605 4797 510 1605 4798 507 1605 4799 510 1606 4800 509 1606 4801 507 1606 4802 509 1607 4803 508 1607 4804 507 1607 4805 511 1608 4806 505 1608 4807 506 1608 4808 513 1609 4809 507 1609 4810 505 1609 4811 513 1610 4812 514 1610 4813 508 1610 4814 514 1611 4815 515 1611 4816 509 1611 4817 515 1612 4818 516 1612 4819 510 1612 4820 512 1613 4821 506 1613 4822 510 1613 4823 512 1614 4824 516 1614 4825 515 1614 4826 515 1615 4827 514 1615 4828 513 1615 4829 513 1616 4830 511 1616 4831 512 1616 4832 518 1617 4833 513 1617 4834 511 1617 4835 518 1618 4836 520 1618 4837 514 1618 4838 520 1619 4839 521 1619 4840 515 1619 4841 521 1620 4842 522 1620 4843 516 1620 4844 523 1621 4845 512 1621 4846 516 1621 4847 523 1622 4848 522 1622 4849 521 1622 4850 521 1623 4851 520 1623 4852 518 1623 4853 518 1624 4854 519 1624 4855 521 1624 4856 524 1625 4857 519 1625 4858 523 1625 4859 526 1626 4860 518 1626 4861 519 1626 4862 526 1627 4863 527 1627 4864 520 1627 4865 527 1628 4866 528 1628 4867 521 1628 4868 528 1629 4869 529 1629 4870 522 1629 4871 525 1630 4872 523 1630 4873 522 1630 4874 525 1631 4875 529 1631 4876 526 1631 4877 529 1632 4878 528 1632 4879 526 1632 4880 528 1633 4881 527 1633 4882 526 1633 4883 530 1634 4884 524 1634 4885 525 1634 4886 530 1635 4887 532 1635 4888 526 1635 4889 532 1636 4890 533 1636 4891 527 1636 4892 533 1637 4893 534 1637 4894 528 1637 4895 535 1638 4896 529 1638 4897 528 1638 4898 531 1639 4899 525 1639 4900 529 1639 4901 517 1640 4902 536 1640 4903 519 1640 4904 795 1641 4905 794 1641 4906 793 1641 4907 798 1642 4908 797 1642 4909 794 1642 4910 798 1643 4911 800 1643 4912 799 1643 4913 800 1644 4914 802 1644 4915 801 1644 4916 802 1645 4917 804 1645 4918 803 1645 4919 806 1646 4920 805 1646 4921 803 1646 4922 796 1647 4923 793 1647 4924 805 1647 4925 805 1648 4926 793 1648 4927 794 1648 4928 794 1649 4929 797 1649 4930 799 1649 4931 799 1650 4932 801 1650 4933 803 1650 4934 803 1651 4935 805 1651 4936 799 1651 4937 796 1652 4938 806 1652 4939 804 1652 4940 804 1653 4941 802 1653 4942 800 1653 4943 800 1654 4944 798 1654 4945 804 1654 4946 798 1655 4947 795 1655 4948 804 1655 4949 807 1656 4950 803 1656 4951 805 1656 4952 807 1657 4953 809 1657 4954 801 1657 4955 809 1658 4956 810 1658 4957 799 1658 4958 810 1659 4959 811 1659 4960 797 1659 4961 812 1660 4962 794 1660 4963 797 1660 4964 813 1661 4965 793 1661 4966 794 1661 4967 808 1662 4968 805 1662 4969 793 1662 4970 808 1663 4971 813 1663 4972 812 1663 4973 812 1664 4974 811 1664 4975 810 1664 4976 810 1665 4977 809 1665 4978 812 1665 4979 809 1666 4980 807 1666 4981 812 1666 4982 814 1667 4983 807 1667 4984 808 1667 4985 816 1668 4986 809 1668 4987 807 1668 4988 816 1669 4989 817 1669 4990 810 1669 4991 817 1670 4992 818 1670 4993 811 1670 4994 818 1671 4995 819 1671 4996 812 1671 4997 820 1672 4998 813 1672 4999 812 1672 5000 815 1673 5001 808 1673 5002 813 1673 5003 815 1674 5004 820 1674 5005 814 1674 5006 820 1675 5007 819 1675 5008 814 1675 5009 819 1676 5010 818 1676 5011 817 1676 5012 817 1677 5013 816 1677 5014 819 1677 5015 821 1678 5016 814 1678 5017 815 1678 5018 823 1679 5019 816 1679 5020 814 1679 5021 823 1680 5022 824 1680 5023 817 1680 5024 824 1681 5025 825 1681 5026 818 1681 5027 825 1682 5028 826 1682 5029 819 1682 5030 827 1683 5031 820 1683 5032 819 1683 5033 822 1684 5034 815 1684 5035 820 1684 5036 822 1685 5037 827 1685 5038 821 1685 5039 827 1686 5040 826 1686 5041 821 1686 5042 826 1687 5043 825 1687 5044 824 1687 5045 824 1688 5046 823 1688 5047 826 1688 5048 828 1689 5049 821 1689 5050 822 1689 5051 828 1690 5052 830 1690 5053 823 1690 5054 830 1691 5055 831 1691 5056 824 1691 5057 831 1692 5058 832 1692 5059 825 1692 5060 832 1693 5061 833 1693 5062 826 1693 5063 834 1694 5064 827 1694 5065 826 1694 5066 829 1695 5067 822 1695 5068 827 1695 5069 829 1696 5070 834 1696 5071 833 1696 5072 833 1697 5073 832 1697 5074 828 1697 5075 832 1698 5076 831 1698 5077 828 1698 5078 831 1699 5079 830 1699 5080 828 1699 5081 835 1700 5082 828 1700 5083 829 1700 5084 835 1701 5085 837 1701 5086 830 1701 5087 837 1702 5088 838 1702 5089 831 1702 5090 838 1703 5091 839 1703 5092 832 1703 5093 839 1704 5094 840 1704 5095 833 1704 5096 836 1705 5097 829 1705 5098 834 1705 5099 836 1706 5100 842 1706 5101 840 1706 5102 840 1707 5103 839 1707 5104 835 1707 5105 839 1708 5106 838 1708 5107 835 1708 5108 838 1709 5109 837 1709 5110 835 1709 5111 843 1710 5112 835 1710 5113 836 1710 5114 845 1711 5115 837 1711 5116 835 1711 5117 845 1712 5118 846 1712 5119 838 1712 5120 846 1713 5121 847 1713 5122 839 1713 5123 847 1714 5124 848 1714 5125 840 1714 5126 849 1715 5127 842 1715 5128 840 1715 5129 844 1716 5130 836 1716 5131 842 1716 5132 844 1717 5133 849 1717 5134 848 1717 5135 848 1718 5136 847 1718 5137 846 1718 5138 846 1719 5139 845 1719 5140 843 1719 5141 843 1720 5142 844 1720 5143 848 1720 5144 850 1721 5145 843 1721 5146 844 1721 5147 852 1722 5148 845 1722 5149 843 1722 5150 852 1723 5151 853 1723 5152 846 1723 5153 853 1724 5154 854 1724 5155 847 1724 5156 854 1725 5157 855 1725 5158 848 1725 5159 856 1726 5160 849 1726 5161 848 1726 5162 851 1727 5163 844 1727 5164 849 1727 5165 851 1728 5166 856 1728 5167 850 1728 5168 856 1729 5169 855 1729 5170 850 1729 5171 855 1730 5172 854 1730 5173 850 1730 5174 854 1731 5175 853 1731 5176 850 1731 5177 857 1732 5178 850 1732 5179 851 1732 5180 859 1733 5181 852 1733 5182 850 1733 5183 859 1734 5184 860 1734 5185 853 1734 5186 860 1735 5187 861 1735 5188 854 1735 5189 861 1736 5190 862 1736 5191 855 1736 5192 863 1737 5193 856 1737 5194 855 1737 5195 858 1738 5196 851 1738 5197 856 1738 5198 858 1739 5199 863 1739 5200 857 1739 5201 863 1740 5202 862 1740 5203 857 1740 5204 862 1741 5205 861 1741 5206 857 1741 5207 861 1742 5208 860 1742 5209 857 1742 5210 865 1743 5211 864 1743 5212 857 1743 5213 864 1744 5214 866 1744 5215 859 1744 5216 866 1745 5217 867 1745 5218 860 1745 5219 867 1746 5220 868 1746 5221 861 1746 5222 869 1747 5223 862 1747 5224 861 1747 5225 870 1748 5226 863 1748 5227 862 1748 5228 865 1749 5229 858 1749 5230 863 1749 5231 865 1750 5232 870 1750 5233 864 1750 5234 870 1751 5235 869 1751 5236 864 1751 5237 869 1752 5238 868 1752 5239 864 1752 5240 868 1753 5241 867 1753 5242 864 1753 5243 872 1754 5244 873 1754 5245 867 1754 5246 876 1755 5247 870 1755 5248 869 1755 5249 877 1756 5250 865 1756 5251 870 1756 5252 841 1757 5253 833 1757 5254 840 1757 5255 532 1758 5256 530 1758 5257 531 1758 5258 538 1759 5259 537 1759 5260 536 1759 5261 877 1760 5262 875 1760 5263 873 1760 5264 880 1761 5265 879 1761 5266 841 1761 5267 879 1762 5268 878 1762 5269 841 1762 5270 531 1763 5271 535 1763 5272 534 1763 5273 534 1764 5274 533 1764 5275 531 1764 5276 533 1765 5277 532 1765 5278 531 1765 5279 877 1766 5280 876 1766 5281 875 1766 5282 875 1767 5283 874 1767 5284 873 1767 5285 873 1768 5286 872 1768 5287 871 1768 5288 871 1769 5289 877 1769 5290 873 1769 5291</p>
        </triangles>
      </mesh>
    </geometry>
    <geometry id="group956064899-mesh" name="group956064899">
      <mesh>
        <source id="group956064899-mesh-positions">
          <float_array id="group956064899-mesh-positions-array" count="2643">-0.07711863 -0.2780429 -0.140689 -0.06942814 -0.2810005 -0.1236443 -0.1017796 -0.2812719 -0.1070859 -0.06631892 -0.2849606 -0.1502917 -0.05721229 -0.2868267 -0.1337768 -0.0679841 -0.303624 -0.1531095 -0.05877608 -0.3055246 -0.1364187 -0.07649409 -0.3128688 -0.1314667 -0.08500653 -0.3110867 -0.1486284 -0.1126753 -0.3119345 -0.1320576 -0.1044045 -0.314361 -0.1146821 -0.1241032 -0.307325 -0.1215782 -0.1159737 -0.3104459 -0.1040342 -0.1240735 -0.2889904 -0.1167951 -0.1160331 -0.2920654 -0.09943103 -0.1092913 -0.2780308 -0.1243557 -0.05699688 0.2251797 -0.0561465 -0.05082887 0.2286057 -0.0467835 -0.06894975 0.2372378 -0.03660219 -0.05173105 0.2173504 -0.05921453 -0.04469096 0.2210158 -0.05056983 -0.05405485 0.2070298 -0.054138 -0.046938 0.2107264 -0.04539626 -0.05766016 0.2103965 -0.03944635 -0.0644055 0.2064121 -0.04842281 -0.07970482 0.2142864 -0.03826963 -0.07312178 0.2180369 -0.02894943 -0.08539676 0.2212917 -0.03392547 -0.07892215 0.2247576 -0.0242725 -0.08389747 0.2322651 -0.03780102 -0.07749193 0.2357032 -0.02825152 -0.07501494 0.2338635 -0.04618716 0.1573002 0.4536105 0.09499663 0.15674 0.3790287 0.03958022 0.1550441 0.3843614 0.09753811 0.1629941 0.4475085 0.03737062 0.1292524 0.3772236 -0.01171875 0.1391099 0.4449502 -0.01567101 0.07994651 0.3794298 -0.0426135 0.09204691 0.4466223 -0.04991585 0.02203387 0.3850561 -0.04482585 0.03441578 0.4520758 -0.05618786 -0.02896779 0.3925951 -0.01776278 -0.01834118 0.45985 -0.03280663 -0.0593928 0.4000264 0.03132396 -0.05208784 0.4678615 0.01396286 -0.0610888 0.4053591 0.08928185 -0.05778193 0.4739639 0.07158905 -0.03360116 0.4071642 0.1405808 -0.03389757 0.4765218 0.1246306 0.01570463 0.404958 0.1714757 0.01316517 0.4748501 0.1588753 0.07361727 0.3993317 0.1736879 0.07079643 0.4693965 0.1651475 0.1246191 0.3917928 0.1466249 0.1235535 0.4616224 0.1417662 0.1597434 0.1060988 -0.04449421 0.102353 0.1168227 0.02211976 0.1503981 0.1285805 -0.03979653 0.09349453 0.1032079 -0.08877021 0.119912 0.06344175 -0.1257228 0.179279 0.08070504 -0.07614707 0.04544931 0.09145021 -0.02685385 0.09398877 0.09106826 -0.09367626 0.2141792 0.04610991 -0.1164587 0.2089475 0.03993225 -0.1090502 0.1797056 0.08011865 -0.07662022 0.1140326 0.05097568 -0.1229191 0.1558566 0.03649449 -0.1667619 0.1809834 0.07753658 -0.07236111 0.1814923 0.07685232 -0.07302874 0.1150884 0.05085289 -0.1227649 0.2380288 0.01574558 -0.170529 0.2333272 0.009073019 -0.1593506 0.1766259 0.006365776 -0.2197419 0.175641 -0.004068017 -0.2123367 0.200949 0.001425445 -0.0767405 0.230161 -0.03317993 -0.1421306 0.2017655 -0.02078586 -0.0780667 0.1379306 -0.01158159 -0.1081414 0.1179292 0.03413921 -0.08696365 0.1829093 0.03239524 -0.05800426 0.1663262 -0.02397567 -0.1722053 0.133702 -7.26223e-4 -0.1097901 0.1640367 0.07683479 -0.02756536 0.1674363 0.07949244 -0.03642433 0.1171235 0.04238069 -0.09650057 0.09926253 0.0726093 -0.05294811 0.1298127 0.1159203 0.001770973 0.1364006 0.1187139 -0.008391797 0.06462132 0.1104124 -0.02622634 0.06960809 0.1179416 -0.03338342 0.1672038 0.5956239 0.05054622 0.16363 0.5870234 -0.001217246 0.1401131 0.3881766 0.03344488 0.1436869 0.3967772 0.08520847 0.1344755 0.5828751 -0.04479491 0.1109585 0.3840283 -0.01013273 0.08755218 0.5842906 -0.06851017 0.06403523 0.3854438 -0.03384792 0.03543317 0.5908905 -0.06600844 0.01191622 0.3920438 -0.03134626 -0.007916271 0.6009067 -0.03796005 -0.03143322 0.4020599 -0.003297865 -0.03088068 0.6116551 0.008119404 -0.0543977 0.4128083 0.04278159 -0.02730691 0.6202556 0.05988293 -0.0508238 0.4214088 0.09454518 0.001847565 0.6244038 0.1034607 -0.02166926 0.425557 0.1381229 0.04877084 0.6229883 0.1271759 0.02525389 0.4241415 0.1618381 0.1008898 0.6163882 0.1246741 0.0773729 0.4175416 0.1593363 0.1442393 0.6063722 0.09662574 0.1207224 0.4075254 0.1312879 -0.354147 -0.4681396 0.136705 -0.2615131 -0.5482318 0.1542678 -0.3880172 -0.5491596 0.1727601 -0.2901142 -0.4660252 0.1368373 -0.1602188 -0.5433462 0.08982902 -0.2167354 -0.4403661 0.05723786 -0.230383 -0.5370719 -0.05288815 -0.2092705 -0.4388928 -0.02466183 -0.3239835 -0.5337533 -0.1180981 -0.3207549 -0.463396 -0.06412023 -0.436339 -0.534947 -0.09811764 -0.4010593 -0.4572165 -0.04406166 -0.5016332 -0.5399538 -0.00465101 -0.4433966 -0.4495002 0.004472315 -0.4816176 -0.545841 0.1075501 -0.4337594 -0.4532772 0.07792758 -0.3177076 -0.4216638 0.01225024 -0.1873598 -0.3413359 0.04114955 -0.2686729 -0.5709828 0.2510229 -0.3191152 -0.5446365 -0.007419288 -0.1585783 -0.3440356 0.2785798 -0.06261128 -0.5823829 0.4662005 -0.03697007 -0.3913871 0.3570391 0.2399362 -0.5828093 0.4313854 0.1663241 -0.334206 0.3239733 0.4016476 -0.5771487 0.1561419 0.2483507 -0.3633971 0.1493608 0.3078808 -0.5471921 -0.1300558 0.2233864 -0.3453503 -0.01987022 0.08856987 -0.5278139 -0.2768826 0.08542913 -0.3314131 -0.1216624 -0.1711403 -0.5267552 -0.226085 -0.08470749 -0.3297505 -0.09638714 0.02561777 -0.1062788 0.09535068 -0.06367045 -0.1224822 0.1189696 -0.06333088 -0.1235043 0.07118016 -0.04006463 -0.1214807 0.1605237 0.001161277 -0.1207677 0.1847082 0.04896116 -0.1205343 0.1850429 0.0905267 -0.1208433 0.161438 0.1147207 -0.1216116 0.1202185 0.1150602 -0.1226336 0.07242906 0.09145438 -0.1236352 0.0308749 0.05022829 -0.1243483 0.006690382 0.002428591 -0.1245815 0.006355762 -0.03913688 -0.1242726 0.02996069 -0.1420353 -0.1692896 0.140437 -0.1413971 -0.1712102 0.05062234 -0.09767085 -0.167407 0.2185333 -0.02019125 -0.166067 0.2639853 0.0696429 -0.1656286 0.2646141 0.1477607 -0.1662091 0.2202514 0.1932305 -0.1676532 0.1427841 0.1938686 -0.1695738 0.05296939 0.1495042 -0.1714562 -0.02512675 0.07202452 -0.1727962 -0.07057875 -0.01780951 -0.1732347 -0.07120764 -0.09592741 -0.1726542 -0.02684491 -0.2000247 -0.241055 0.1571636 -0.1991649 -0.2436426 0.03615665 -0.1402526 -0.2385187 0.2623824 -0.03586459 -0.2367133 0.3236197 0.08516865 -0.2361225 0.3244671 0.1904163 -0.2369047 0.2646974 0.2516777 -0.2388502 0.1603259 0.2525375 -0.2414377 0.03931891 0.1927654 -0.2439741 -0.06589978 0.08837741 -0.2457795 -0.1271371 -0.03265571 -0.2463703 -0.1279844 -0.1379037 -0.2455881 -0.06821471 -0.2306442 -0.3291225 0.167132 -0.2296664 -0.332065 0.02952802 -0.1626739 -0.3262384 0.2867824 -0.04396826 -0.3241854 0.356419 0.09366571 -0.3235135 0.3573825 0.2133491 -0.324403 0.289415 0.2830128 -0.3266153 0.1707281 0.2839905 -0.3295579 0.03312397 0.2160202 -0.332442 -0.08652633 0.09731459 -0.3344951 -0.1561627 -0.04031932 -0.3351668 -0.1571264 -0.1600028 -0.3342774 -0.08915877 -0.2302006 -0.4228699 0.1691399 -0.2292228 -0.4258125 0.0315358 -0.1622304 -0.4199858 0.2887902 -0.04352474 -0.4179327 0.3584267 0.09410923 -0.417261 0.3593904 0.2137926 -0.4181504 0.2914227 0.2834563 -0.4203628 0.1727359 0.284434 -0.4233054 0.03513187 0.2164637 -0.4261895 -0.08451849 0.09775811 -0.4282426 -0.154155 -0.0398758 -0.4289143 -0.1551185 -0.1595592 -0.4280249 -0.08715093 -0.1679698 -0.4490662 0.1686418 -0.1389756 -0.5084537 0.2681637 -0.03458756 -0.5066483 0.329401 0.08644568 -0.5060576 0.3302484 0.1916935 -0.5068398 0.2704787 0.2529547 -0.5087852 0.1661072 0.2538145 -0.5113729 0.04510027 0.1940424 -0.5139092 -0.06011837 0.08965444 -0.5157145 -0.1213558 -0.1269988 -0.4541087 -0.05074828 -0.1738643 -0.4575871 0.04804837 -0.1078955 -0.5197695 0.1550436 -0.1122706 -0.5260941 0.0655359 -0.1143751 -0.5138431 0.2024704 -0.03604322 -0.5051867 0.2455978 0.0652666 -0.4763697 0.2767572 0.1417571 -0.477113 0.2296466 0.1791085 -0.4955746 0.1604813 0.1843816 -0.4997236 0.07089477 0.1445068 -0.5049907 -0.02323812 0.06690931 -0.5057865 -0.06850147 -0.005207479 -0.5235732 -0.04789626 -0.02317303 -0.4583395 -0.1128165 -0.08226978 -0.5204328 -0.001827657 -0.04980361 -0.5365938 0.1142042 -0.05073189 -0.5420617 0.06672555 -0.05310332 -0.5167419 0.1398673 -0.0132972 -0.5571543 0.1709332 0.04393792 -0.5300555 0.2028942 0.08463764 -0.5304508 0.1778271 0.1011675 -0.5421076 0.1369719 0.1039732 -0.5443152 0.08930391 0.08561915 -0.5465689 0.0367313 0.04433035 -0.5469923 0.01264715 -0.001138091 -0.5271097 0.02423226 -0.04256147 -0.5229418 0.0477209 0.03970903 -0.4484242 0.08871376 -0.03549993 0.2377892 -0.02975356 -0.005256474 0.2417743 -0.04534363 -0.06667804 0.237632 -0.09278613 0.002162814 0.2652642 -0.05090516 -0.03506219 0.2633245 -0.1079351 -0.01354253 0.286371 -0.04522371 -0.04511046 0.2830313 -0.1022208 -0.04162758 0.2825304 -0.03219234 -0.07036817 0.277023 -0.09197986 -0.0496661 0.2590084 -0.02420175 -0.07851034 0.2562804 -0.08693772 -0.01650995 0.262792 -0.0223093 -0.09628766 0.2730422 -0.1408619 -0.07984721 0.268888 -0.1490341 -0.07158499 0.2555729 -0.1535901 -0.0781179 0.2407767 -0.1514214 -0.09291315 0.2392955 -0.1446968 -0.1089085 0.2506744 -0.163576 -0.106329 0.2585561 -0.1703768 -0.09634208 0.2595813 -0.1758271 -0.09019464 0.2502722 -0.1782852 -0.09403389 0.2399379 -0.1752927 -0.1040207 0.2389127 -0.1698425 -0.1037994 0.2541164 -0.1330997 -0.1264718 0.2563732 -0.2159447 -0.04414951 0.2462639 -0.1185151 -0.07832205 -0.09988403 -0.1180518 -0.07118952 -0.09984159 -0.1005149 -0.1041315 -0.09955954 -0.08516514 -0.06678724 -0.1074985 -0.1261553 -0.0582779 -0.1063737 -0.1092591 -0.06734478 -0.1264384 -0.1262038 -0.05873966 -0.1253159 -0.1091255 -0.07623147 -0.1328729 -0.1037112 -0.08411711 -0.1341413 -0.1212146 -0.1123569 -0.1341528 -0.1056138 -0.104687 -0.1335031 -0.08781075 -0.1244321 -0.1287246 -0.09631937 -0.1168733 -0.1287442 -0.07825046 -0.1255693 -0.1099153 -0.09433257 -0.1180946 -0.109921 -0.0764513 -0.1110915 -0.09934484 -0.1029609 -0.06593465 0.3151733 -0.05174577 -0.04401129 0.3114194 -0.03258574 -0.07116293 0.3275714 -0.03190386 -0.07110983 0.2898606 -0.05293524 -0.0492419 0.2861207 -0.03382873 -0.08763861 0.2760887 -0.03858047 -0.06657207 0.2725507 -0.02024763 -0.1030746 0.284228 -0.01949095 -0.0829519 0.2809279 -0.002069354 -0.105794 0.3081493 -0.01004141 -0.08604699 0.3049439 0.007017493 -0.09374922 0.3298397 -0.01734763 -0.07352668 0.3265144 1.7041e-4 -0.09747624 0.3060361 -0.0414958 -0.05438458 0.3264251 -0.02102458 0.1749017 0.3587297 0.1475838 0.1037413 0.4243044 0.225798 0.1915743 0.394949 0.1615328 0.08996486 0.3845106 0.2109191 -0.01095175 0.4421762 0.2260326 -0.009191036 0.3977996 0.214784 -0.09502524 0.4424928 0.177241 -0.06934106 0.3901204 0.1637492 -0.1124405 0.4171685 0.1294171 -0.1193194 0.3927423 0.07024359 -0.09889501 0.4138615 -0.04988616 -0.1474182 0.4360589 0.07312053 -0.09060961 0.38029 -0.0388062 -0.01360386 0.3939557 -0.1261677 -0.02425742 0.362799 -0.09235465 0.09832018 0.3745875 -0.1304848 0.08735466 0.34861 -0.09124976 0.1888239 0.3664007 -0.06197738 0.1670104 0.3421806 -0.02913343 0.2340959 0.3768326 0.03813123 0.1990594 0.3422285 0.05075407 0.05337268 0.3044972 -0.09645026 0.06044912 0.3093371 -0.06837302 0.03357136 0.3114436 -0.08485686 0.06089782 0.2797688 -0.0955525 0.06795734 0.284601 -0.06755131 0.04687148 0.2588476 -0.08967995 0.05368489 0.2635667 -0.06277799 0.02185565 0.2574875 -0.08325481 0.02837932 0.2620736 -0.05764746 0.004687786 0.2767128 -0.0811153 0.01109611 0.2812461 -0.05602324 0.008295655 0.3020464 -0.08487254 0.01485002 0.3066466 -0.05912822 0.0287283 0.2813113 -0.1026545 0.04032015 0.3170128 -0.06683963 0.02404594 0.1593651 0.08675646 -0.05204737 0.1535397 0.1281605 -0.06209141 0.148559 0.0853433 -0.02182763 0.1560801 0.1603991 0.02047008 0.1554996 0.1734207 0.06351244 0.1519538 0.1637363 0.09576618 0.1463927 0.1339406 0.1085889 0.1403064 0.09201759 0.09854477 0.1353258 0.04920029 0.0683251 0.1327853 0.01696181 0.02602726 0.1333658 0.003940165 -0.01701498 0.1369116 0.0136246 -0.04926878 0.1424727 0.04342025 -0.1205572 0.1185523 0.1684186 -0.1394339 0.1091918 0.08794856 -0.06376278 0.1233268 0.2290074 0.01573109 0.1222359 0.25348 0.09662425 0.1155719 0.2352792 0.1572414 0.1051204 0.1792817 0.1813403 0.09368193 0.1004922 0.1624635 0.08432137 0.02002209 0.1056691 0.0795468 -0.04056656 0.0261752 0.08063781 -0.06503921 -0.05471783 0.08730173 -0.0468384 -0.1153351 0.09775328 0.009159088 -0.1732202 0.05862289 0.2026751 -0.1986527 0.04601138 0.09425806 -0.09670132 0.0650556 0.284306 0.01040053 0.06358587 0.3172779 0.1193876 0.05460739 0.292756 0.2010568 0.04052627 0.2173109 0.2335252 0.02511513 0.111158 0.2080926 0.01250374 0.002740979 0.1315737 0.006071031 -0.07888996 0.02447181 0.007540822 -0.1118619 -0.08451515 0.01651912 -0.08733993 -0.1661845 0.03060036 -0.01189476 -0.2036844 -0.01902008 0.2267981 -0.2326053 -0.03336125 0.1035107 -0.1166704 -0.01170516 0.3196253 0.00512135 -0.01337647 0.3571196 0.1290569 -0.02358627 0.3292342 0.2219278 -0.03959894 0.2434412 0.2588493 -0.05712366 0.1227286 0.2299284 -0.07146489 -5.58674e-4 0.1429144 -0.07877981 -0.09338593 0.02112263 -0.0771085 -0.1308802 -0.1028128 -0.0668987 -0.1029949 -0.1956838 -0.05088603 -0.01720178 -0.2082754 -0.1050118 0.2378778 -0.2371963 -0.1193531 0.1145906 -0.1212615 -0.0976969 0.3307052 5.30288e-4 -0.09936821 0.3681995 0.1244658 -0.109578 0.3403141 0.2173367 -0.1255907 0.2545211 0.2542582 -0.1431154 0.1338084 0.2253373 -0.1574566 0.01052117 0.1383234 -0.1647716 -0.08230608 0.01653152 -0.1631002 -0.1198003 -0.1074039 -0.1528904 -0.09191501 -0.2002748 -0.1368778 -0.006121933 -0.1864396 -0.1889805 0.2345783 -0.2118722 -0.201592 0.1261612 -0.1099207 -0.1825478 0.3162092 -0.002818882 -0.1840175 0.3491811 0.1061682 -0.1929959 0.3246592 0.1878374 -0.2070771 0.2492141 0.2203057 -0.2224882 0.1430612 0.194873 -0.2350997 0.03464406 0.1183543 -0.2415323 -0.04698675 0.0112524 -0.2400625 -0.07995867 -0.09773463 -0.2310842 -0.05543673 -0.179404 -0.217003 0.02000838 -0.1408105 -0.2607981 0.2172971 -0.1596873 -0.2701586 0.1368271 -0.08401614 -0.2560235 0.2778858 -0.004522264 -0.2571145 0.3023585 0.07637089 -0.2637784 0.2841576 0.1369881 -0.27423 0.2281603 0.1610869 -0.2856685 0.1493707 0.1422101 -0.295029 0.06890058 0.08541578 -0.2998035 0.008311867 0.005921781 -0.2987126 -0.01616078 -0.07497125 -0.2920486 0.002040088 -0.1355885 -0.2815971 0.05803745 -0.07689177 -0.3118025 0.1881188 -0.08693587 -0.3167832 0.1453016 -0.0466721 -0.309262 0.2203574 -0.004374325 -0.3098425 0.233379 0.03866791 -0.3133883 0.2236946 0.07092165 -0.3189495 0.193899 0.0837444 -0.3250357 0.1519759 0.07370024 -0.3300164 0.1091587 0.04348063 -0.3325568 0.07692015 0.001182854 -0.3319764 0.06389856 -0.04185938 -0.3284305 0.073583 -0.07411319 -0.3228694 0.1033786 -0.002392888 -0.3358418 0.1505628 0.2550842 -0.3966322 0.1114303 0.4528705 -0.5797964 0.1862693 0.315853 -0.5847192 0.2182592 0.4545096 -0.4477748 0.08675074 0.5667917 -0.5554909 0.0200138 0.510263 -0.4443245 0.014265 0.5420997 -0.5482283 -0.1184019 0.4983742 -0.4396651 -0.07635223 0.4266305 -0.5441343 -0.1988475 0.4258075 -0.4365259 -0.1320186 0.2880244 -0.5456069 -0.1741987 0.2922998 -0.4324399 -0.1279157 0.207475 -0.5517834 -0.05889481 0.2074199 -0.42634 -0.07548797 0.232167 -0.559046 0.079521 0.24374 -0.3617986 0.01908242 0.3683509 -0.4349619 -0.1288519 0.1997083 -0.3670368 -0.0337494 0.3566213 -0.4059635 -0.009508728 -0.1638135 0.06798422 0.2025225 -0.1584975 0.08274912 0.1857066 -0.1355504 0.07414829 0.1660367 -0.1364697 0.05697858 0.1813138 -0.1651748 0.07847726 0.1641149 -0.1467527 0.07235169 0.1460288 -0.177168 0.05944073 0.1593392 -0.1588743 0.05338531 0.1412979 -0.1824839 0.04467588 0.1761551 -0.1597936 0.03621566 0.1565751 -0.1758067 0.04894769 0.1977468 -0.1485913 0.0380122 0.176583 -0.2021965 0.0594533 0.1938906 -0.1990948 0.06585514 0.2157636 -0.1937113 0.07233011 0.1768252 -0.1821244 0.09160876 0.1816329 -0.1790227 0.09801065 0.2035059 -0.1875079 0.08513379 0.2205713 -0.2278748 0.05336475 0.2049505 -0.2279798 0.0615133 0.2264593 -0.2186748 0.06585204 0.1879664 -0.2095801 0.08648812 0.1924909 -0.2096851 0.09463679 0.2139996 -0.2188851 0.08214938 0.2309837 -0.2592193 0.05522447 0.2094747 -0.2618374 0.06469523 0.230271 -0.2468008 0.06601881 0.1934029 -0.2370006 0.0862838 0.1981274 -0.2396187 0.0957545 0.2189237 -0.2520372 0.08496022 0.2349955 -0.2831308 0.07492661 0.2155407 -0.288042 0.08583617 0.2351849 -0.26776 0.08386814 0.2009523 -0.2573005 0.1037195 0.206008 -0.2622117 0.1146291 0.2256522 -0.2775825 0.1056874 0.2402406 -0.3076725 0.09531998 0.2156891 -0.3142118 0.1067308 0.2319449 -0.2916927 0.1020049 0.2039768 -0.2822522 0.1201004 0.2085202 -0.2887915 0.1315112 0.2247761 -0.3047712 0.1248264 0.2364885 -0.334849 0.1105525 0.211104 -0.3425981 0.1229694 0.2260369 -0.3172165 0.1158632 0.2011988 -0.3073332 0.1335906 0.2062265 -0.3150823 0.1460074 0.2211595 -0.3327148 0.1406968 0.2310647 -0.3537919 0.1328144 0.2060553 -0.3615475 0.1448399 0.2182776 -0.3365256 0.1360734 0.1993172 -0.3270149 0.1513578 0.2048016 -0.3347704 0.1633834 0.217024 -0.3520367 0.1601243 0.223762 -0.3716604 0.1530528 0.1979295 -0.3793405 0.1648699 0.2069401 -0.3556332 0.1549754 0.1935416 -0.3472862 0.168715 0.1981643 -0.3549664 0.180532 0.207175 -0.3709936 0.1786096 0.2115628 -0.3886272 0.1674114 0.193602 -0.363236 0.1787723 0.1891813 -0.377667 0.1778786 0.1914581 -0.3558856 0.1907039 0.1934057 -0.3629662 0.2017418 0.1999068 -0.3773974 0.2008482 0.2021837 -0.3847477 0.1889166 0.1979592 -0.379478 0.2027813 0.1854166 -0.3846526 0.2110516 0.1891758 -0.3690516 0.203029 0.1846857 -0.3637999 0.2115468 0.1877139 -0.3689746 0.2198172 0.1914731 -0.3794009 0.2195694 0.1922039 -0.3769475 0.2219558 0.180711 -0.3821387 0.2305003 0.1837685 -0.3664972 0.2218097 0.1809875 -0.3612384 0.2302083 0.1843218 -0.3664296 0.2387526 0.1873793 -0.3768798 0.2388986 0.1871026 -0.3935446 0.1875654 0.1883333 -0.3996091 0.1912665 0.1989748 -0.3973866 0.1781663 0.2029523 0.189311 0.1217568 0.08789527 0.1490795 0.08589148 -0.01783633 0.1913906 0.09139084 0.06118178 0.1601819 0.1235718 0.002968609 0.07284796 0.08385646 -0.06525939 0.0929358 0.1313782 -0.05603456 -0.01687771 0.08583116 -0.06838053 0.005591392 0.1430848 -0.07330417 -0.09605556 0.09128642 -0.02636343 -0.07224357 0.1636326 -0.04352259 -0.1434699 0.09876048 0.04953342 -0.1231469 0.1696765 0.03091311 -0.1464164 0.1062506 0.1389737 -0.1339418 0.1554681 0.1480656 -0.1041052 0.11175 0.2179918 -0.09495621 0.1722559 0.1915127 -0.02787369 0.1137849 0.2654148 -0.02682077 0.1625688 0.2473801 0.06185185 0.1118103 0.268536 0.04760438 0.1644973 0.2489061 0.1410298 0.1063551 0.226519 0.1288339 0.1602615 0.2191002 0.1884443 0.098881 0.150622 0.160127 0.1452258 0.1553401 -0.04993456 0.06510388 -0.07526808 -0.04439085 0.05787098 -0.05867385 -0.07714766 0.06253159 -0.0436359 -0.04024595 0.05743992 -0.08547067 -0.03304392 0.05101042 -0.06916284 -0.04578691 0.04032421 -0.09141933 -0.0385071 0.03381121 -0.07494002 -0.05773186 0.0300818 -0.07195883 -0.0643264 0.03639286 -0.08889532 -0.09265887 0.03941762 -0.07376295 -0.08645814 0.03251034 -0.05673235 -0.1035353 0.04487407 -0.06310492 -0.0976383 0.03730636 -0.04602926 -0.09980469 0.06174927 -0.05533689 -0.09397071 0.05427396 -0.0384342 -0.08243799 0.07003033 -0.06039786 0.1688221 -0.4295856 -0.04437619 0.2996648 -0.5602164 -0.005672216 0.1466172 -0.5570439 0.02142333 0.2385821 -0.4588137 -0.01172566 0.3889316 -0.5545301 -0.1328213 0.3221147 -0.431825 -0.08804148 0.3621263 -0.5433161 -0.2855416 0.3178931 -0.4225718 -0.2373582 0.2349513 -0.5331434 -0.3743717 0.2379974 -0.4154699 -0.2988164 0.08190375 -0.5299709 -0.3472761 0.1378406 -0.4125025 -0.2857508 -0.05662083 -0.5217861 -0.2212688 0.04521781 -0.4255359 -0.212685 0.0194422 -0.5468712 -0.06740677 0.08892631 -0.4224838 -0.1058344 0.1288742 -0.4260347 -0.0751053 0.2080528 -0.3828532 -0.1674665 -0.06726455 -0.0161665 -0.1101447 -0.06073594 -0.01946115 -0.0926823 -0.09389728 -0.01745605 -0.07794547 -0.05643224 -0.02386718 -0.1190925 -0.04839164 -0.02617049 -0.1020867 -0.05916696 -0.04240715 -0.1218905 -0.05103731 -0.04474967 -0.1047032 -0.06944686 -0.05087018 -0.1007009 -0.07686543 -0.0486958 -0.118319 -0.1054001 -0.04757249 -0.1033064 -0.09827655 -0.050372 -0.08548462 -0.1170588 -0.04212558 -0.0935049 -0.1101311 -0.04560703 -0.07551866 -0.1160833 -0.02378809 -0.08883351 -0.1092315 -0.02721965 -0.0710321 -0.1002167 -0.01389241 -0.09562444 0.04110574 0.2285656 -0.08258664 0.03971791 0.2327888 -0.07173824 0.01835078 0.2258201 -0.07054865 0.05083048 0.2266016 -0.08270454 0.05012297 0.2317066 -0.07216089 0.05423444 0.2162191 -0.07842648 0.05352413 0.2213725 -0.06776487 0.04446053 0.2131637 -0.06679409 0.04569029 0.2080758 -0.07749694 0.02672058 0.2022763 -0.07511514 0.02541404 0.2070091 -0.06415331 0.01680082 0.2030631 -0.07396507 0.01549077 0.2074381 -0.06272864 0.01199567 0.2131553 -0.07753533 0.01069372 0.2174904 -0.06641983 0.01985162 0.2217503 -0.08155894 -0.2469049 -0.4511986 0.3964788 -0.1139893 -0.5814359 0.4289423 -0.2665569 -0.580814 0.4587836 -0.1469696 -0.452636 0.3815867 -0.02706098 -0.5709316 0.3004864 -0.05805462 -0.4709595 0.2967346 -0.05669355 -0.5554543 0.1486638 -0.1013686 -0.4367168 0.201228 -0.1855285 -0.5440704 0.06240981 -0.1824152 -0.4286852 0.1414132 -0.3380961 -0.5434484 0.09225118 -0.2823504 -0.4272478 0.1563051 -0.4250244 -0.5539528 0.2207071 -0.3426335 -0.4332463 0.2371807 -0.3953918 -0.5694301 0.3725297 -0.3279515 -0.4431671 0.336664 -0.2135442 -0.3968669 0.2692393 -0.09402757 -0.4416771 0.2509695 0.04791784 0.4281443 0.04764515 0.01720923 0.4296135 0.09393298 -0.001625061 0.4284333 0.07280761 0.04396468 0.4278668 0.1030711 0.07147204 0.4236611 0.09777337 0.09236079 0.4181234 0.07945936 0.1010338 0.4127375 0.05303627 0.09516704 0.4089466 0.0255841 0.07633268 0.4077663 0.004458725 0.04957717 0.4095131 -0.004679322 0.02206987 0.4137187 6.18339e-4 0.001181066 0.4192563 0.0189324 -0.007491827 0.4246424 0.04535543 -0.01208913 0.4119966 0.1377392 -0.04748612 0.4097785 0.09803646 0.03819453 0.4087138 0.1549132 0.08989155 0.4008098 0.1449568 0.1291496 0.3904023 0.1105376 0.1454493 0.3802801 0.06087839 0.1344236 0.3731554 0.00928533 0.09902656 0.3709372 -0.03041738 0.04874277 0.37422 -0.04759132 -0.002954125 0.3821241 -0.0376349 -0.042212 0.3925315 -0.003215849 -0.05851197 0.4026538 0.0464434 -0.03644353 0.3774184 0.1737801 -0.08413386 0.3744299 0.1202888 0.03130358 0.3729955 0.1969187 0.1009547 0.3623464 0.1835043 0.1538469 0.3483244 0.1371316 0.1758075 0.3346869 0.07022595 0.1609526 0.3250878 7.14719e-4 0.1132623 0.3220993 -0.05277663 0.04551512 0.3265221 -0.07591509 -0.02413588 0.3371713 -0.06250083 -0.07702809 0.3511932 -0.01612806 -0.09898889 0.3648309 0.05077761 -0.05291634 0.3300495 0.1977087 -0.1071479 0.3266512 0.1368806 0.02412277 0.3250201 0.2240208 0.1033271 0.3129103 0.2087666 0.1634738 0.2969651 0.1560335 0.1884467 0.2814571 0.07995128 0.1715542 0.2705414 9.05991e-4 0.1173227 0.267143 -0.05992203 0.0402835 0.2721725 -0.08623421 -0.03892076 0.2842822 -0.07098007 -0.09906744 0.3002274 -0.01824688 -0.1240404 0.3157356 0.0578354 -0.0595209 0.2756035 0.2066388 -0.1137524 0.2722051 0.1458107 0.01751822 0.2705741 0.2329509 0.09672254 0.2584643 0.2176968 0.1568693 0.2425191 0.1649636 0.1818421 0.227011 0.08888137 0.1649497 0.2160953 0.009836077 0.1107182 0.2126969 -0.05099201 0.03367894 0.2177265 -0.07730412 -0.04552525 0.2298362 -0.06204998 -0.105672 0.2457814 -0.009316861 -0.1306449 0.2612895 0.06676548 -0.05546045 0.2206472 0.1994933 -0.1031508 0.2176588 0.1460019 0.01228666 0.2162244 0.2226318 0.08193778 0.2055752 0.2092175 0.1348299 0.1915534 0.1628448 0.1567907 0.1779157 0.09593915 0.1419357 0.1683166 0.02642792 0.09424525 0.1653281 -0.02706336 0.02649813 0.169751 -0.05020189 -0.0431528 0.1804001 -0.03678756 -0.09604501 0.1944221 0.009585082 -0.1180058 0.2080597 0.07649081 -0.04122471 0.1718093 0.177134 -0.07662183 0.1695912 0.1374314 0.009058952 0.1685265 0.1943081 0.06075584 0.1606225 0.1843517 0.1000139 0.150215 0.1499326 0.1163138 0.1400927 0.1002734 0.105288 0.1329681 0.04868018 0.06989091 0.1307499 0.008977472 0.01960706 0.1340327 -0.008196532 -0.03208971 0.1419368 0.001759946 -0.07134771 0.1523442 0.036179 -0.08764761 0.1624664 0.08583825 -0.01853084 0.1349802 0.1422579 -0.03736519 0.1337999 0.1211326 0.008224546 0.1332334 0.151396 0.03573185 0.1290278 0.1460983 0.05662053 0.1234901 0.1277843 0.06529361 0.1181042 0.1013612 0.0594269 0.1143132 0.0739091 0.04059249 0.113133 0.05278366 0.01383703 0.1148797 0.04364562 -0.01367014 0.1190854 0.04894334 -0.03455895 0.1246231 0.06725734 -0.04323196 0.1300089 0.0936805 0.00988394 0.1146021 0.09907156 -0.05486977 -0.2044079 -0.0988574 -0.0481739 -0.2070078 -0.08134108 -0.08092457 -0.2026021 -0.06621319 -0.04457515 -0.2131088 -0.1075186 -0.03633183 -0.2148174 -0.09053969 -0.04821652 -0.2316279 -0.109197 -0.03988265 -0.2333697 -0.09203606 -0.05847722 -0.2383757 -0.08739137 -0.06611669 -0.2368597 -0.104984 -0.09428203 -0.2335364 -0.08960431 -0.08696234 -0.2356502 -0.0717675 -0.1054903 -0.2269955 -0.07994747 -0.09839463 -0.2297708 -0.06190395 -0.1035802 -0.2084885 -0.07635915 -0.09656143 -0.2112209 -0.05850178 -0.08740311 -0.1997561 -0.08396446 -0.01154935 0.2157471 -0.07310122 -0.009267807 0.2189857 -0.06206703 -0.03098726 0.2183567 -0.05620145 -0.003137469 0.2110994 -0.07556718 -1.97589e-5 0.2150153 -0.06495225 -0.002232134 0.1997761 -0.07262659 9.22516e-4 0.2037261 -0.06189441 -0.009790301 0.1984093 -0.05916613 -0.01245111 0.1943771 -0.07005703 -0.03133636 0.1940432 -0.06354606 -0.0288003 0.1977313 -0.05240005 -0.04007011 0.1975142 -0.06007939 -0.03758829 0.2008328 -0.0486803 -0.04221636 0.2088864 -0.06201684 -0.03976452 0.2121781 -0.05073869 -0.0331512 0.2152492 -0.06741321 -0.09223145 0.2457029 -0.02867382 -0.08400672 0.2477376 -0.02057075 -0.09793448 0.2600799 -0.007912874 -0.089329 0.2369196 -0.03226143 -0.08033335 0.2389997 -0.02501696 -0.09290659 0.2273481 -0.02649325 -0.0838142 0.2294422 -0.01916676 -0.09321898 0.2314346 -0.01154726 -0.1020535 0.2289793 -0.0191549 -0.1134292 0.2399749 -0.006954312 -0.1047433 0.2422372 0.001027107 -0.1167041 0.2480469 -0.002008557 -0.1081273 0.2500552 0.006329298 -0.1135822 0.2584352 -0.006483078 -0.1050952 0.2604311 0.001764833 -0.1060862 0.2580732 -0.01625347 0.2176685 0.03538024 0.03650939 0.2292464 0.02360594 0.0342341 0.2052907 0.01017642 0.04748553 0.1931222 0.02119195 0.05039161 0.2296942 0.01155656 0.02272444 0.2071828 -1.70469e-5 0.03443276 0.2186745 0.008305668 0.01064729 0.1973738 -0.001712501 0.02106243 0.2044854 0.01630103 0.007097125 0.1832499 0.00636667 0.01744252 0.1978117 0.02952218 0.0147472 0.1754469 0.01813668 0.02629894 0.2036788 0.03801316 0.02783679 0.1798404 0.02473461 0.04096263 0.2205123 0.03524756 0.002841651 0.2276492 0.0454061 0.01396507 0.2267338 0.02143245 -0.004107952 0.2416286 0.01436388 -0.001650631 0.2539806 0.01936447 0.008363366 0.2544886 0.03266865 0.01839315 0.24277 0.04425829 0.02088618 0.2408122 0.04869323 -0.003732264 0.2486148 0.06013834 0.005540788 0.2472199 0.03523796 -0.01119947 0.2630127 0.02990472 -0.0112378 0.2762984 0.03670924 -0.003818452 0.2770725 0.05052793 0.005471706 0.2647522 0.06095474 0.009636938 0.2619216 0.06663048 -0.01216626 0.2683119 0.07683014 -0.007001936 0.2668706 0.0556603 -0.0173332 0.279432 0.05218017 -0.0186122 0.2901469 0.05881083 -0.01503992 0.2909468 0.07055926 -0.00930643 0.2812293 0.07857847 -0.005729198 0.2834285 0.07540178 -0.02623832 0.289723 0.08634102 -0.02273875 0.2883782 0.06442558 -0.03139185 0.3008449 0.06167769 -0.0343188 0.3114409 0.06922745 -0.03281486 0.3121873 0.08138966 -0.02801275 0.3025219 0.08900594 -0.02352839 0.2986815 0.08102738 -0.04047387 0.3047843 0.09234976 -0.03800469 0.3036795 0.06995463 -0.04536759 0.3160148 0.06746935 -0.04900079 0.3263986 0.07544314 -0.04863762 0.3270117 0.08787143 -0.04455161 0.3201424 0.09406876 -0.01932168 0.3173925 0.09539568 -0.03981947 0.3089721 0.09767901 -0.05041038 0.3148673 0.1092567 -0.04875534 0.314034 0.08652758 -0.05505359 0.3262414 0.08419978 -0.0591886 0.3364017 0.09244835 -0.05970162 0.3368641 0.1050621 -0.05620628 0.3272804 0.1125425 -0.05133479 0.3208115 0.1146811 -0.05999231 0.3259012 0.1254276 -0.05938327 0.3255858 0.1044017 -0.06363981 0.3366292 0.10233 -0.06757909 0.3456256 0.1100261 -0.06884384 0.3458007 0.1216946 -0.06648159 0.3370225 0.1285489 -0.06227117 0.3339913 0.1268445 -0.07421559 0.338135 0.1366968 -0.07498437 0.3386345 0.1174499 -0.07645475 0.3485684 0.1155877 -0.08001577 0.3563123 0.1226598 -0.08221715 0.3560351 0.133341 -0.0814011 0.3479454 0.1395879 -0.07818222 0.3477975 0.1177703 -0.09109872 0.3500004 0.1232585 -0.09178346 0.3503476 0.1125556 -0.09241932 0.3557305 0.1115409 -0.09475088 0.3598928 0.1154906 -0.09633767 0.3597001 0.1214302 -0.09598481 0.3552976 0.1248873 -0.09395802 0.3567968 0.1184844 -0.1105245 0.3595509 0.113313 -0.1115799 0.3648804 0.1123854 -0.114065 0.3687724 0.1164001 -0.1161087 0.3682959 0.1223339 -0.116172 0.3638098 0.1257185 -0.1142071 0.3586923 0.1240053 -0.1116937 0.3184831 0.1027013 -0.02300149 0.3264826 0.1083597 -0.03019535 0.331738 0.1017298 -0.02758806</float_array>
          <technique_common>
            <accessor source="#group956064899-mesh-positions-array" count="881" stride="3">
              <param name="X" type="float"/>
              <param name="Y" type="float"/>
              <param name="Z" type="float"/>
            </accessor>
          </technique_common>
        </source>
        <source id="group956064899-mesh-normals">
          <float_array id="group956064899-mesh-normals-array" count="5310">0.06453251 0.987722 0.1422705 0.3629491 0.9269125 -0.09540033 0.8754439 -0.004931271 -0.4832946 0.3029196 -0.9136285 -0.271151 -0.04091149 -0.9920429 -0.1190682 -0.3320046 -0.9431748 -0.01393902 -0.9093419 -0.1036432 0.4029335 -0.4405841 0.8279273 0.3470188 -0.5031552 0.1727356 -0.8467569 0.4967073 -0.1620184 0.8526617 -0.4526805 -0.004556059 -0.8916612 0.4921372 0.8675757 -0.07150876 -0.488361 0.3482734 -0.8001308 0.3972429 -0.5025494 0.7678818 0.50732 -0.06027817 0.859647 0.3301351 -0.9079791 -0.2580401 -0.4340989 0.5725312 -0.6955331 -0.346756 -0.9373332 0.03415775 -0.4384468 0.5423409 -0.7166804 0.4473175 -0.5646289 0.6936147 0.4350208 -0.5920983 0.6783632 -0.4887669 0.2209643 -0.8439679 -0.4364005 0.8293342 0.3489405 0.5069653 -0.2078597 0.8365289 0.07721251 0.9854581 0.1513624 -0.006884574 -0.9949735 -0.09990179 0.174326 0.8821029 -0.4376128 0.4253031 0.6553336 -0.6242236 0.7852399 -0.406377 -0.467179 0.1736494 -0.9497931 0.2602674 -0.147853 -0.8769296 0.4573117 -0.4133883 -0.7328526 0.5404048 -0.8408781 0.2787403 0.4639266 -0.3049139 0.9422177 -0.1387566 -0.6116197 -0.2340261 -0.7557469 0.6071609 0.2471126 0.7551763 -0.5848864 -0.4128295 -0.6981975 0.5507861 0.5984365 -0.5818149 -0.5740392 -0.06626617 -0.816142 0.4655328 -0.06388306 0.8827221 0.6278203 0.3331717 0.7034475 0.2029922 -0.9424214 0.2657744 -0.4842144 0.166699 -0.8589226 -0.4198656 -0.6996486 0.5781046 -0.4944908 0.1310626 -0.8592447 0.4976144 -0.1633595 0.8518765 0.4806805 -0.1923075 0.8555491 -0.5927047 -0.1950156 -0.7814539 -0.300382 0.9437415 -0.1382851 0.6106206 0.1988761 0.7665448 0.1880099 0.8831046 -0.4298588 -0.1116486 -0.8744719 0.4720523 0.9909542 -0.1254881 -0.04756647 0.8242167 -0.1904383 -0.5332918 0.4366306 -0.2043611 -0.8761223 -0.06794905 -0.163525 -0.9841964 -0.5543243 -0.07887238 -0.8285553 -0.8921665 0.0269137 -0.4509041 -0.9909541 0.1254886 0.047567 -0.8242169 0.1904386 0.5332916 -0.4366311 0.2043609 0.8761221 0.06795006 0.1635249 0.9841963 0.554323 0.07887285 0.828556 0.8921664 -0.02691358 0.4509046 0.1157272 0.9785256 -0.1705727 -0.1157257 -0.9785258 0.1705724 0.006249725 0.9999682 -0.004961788 0.3169369 0.922335 -0.2210182 0.893517 -0.02494293 -0.4483361 0.3617278 -0.9243316 -0.1215077 0.01660454 -0.9994323 0.02931857 -0.2807226 -0.9527042 0.1164025 -0.918299 -0.09608584 0.38405 -0.4976438 0.842857 0.2047994 -0.4765346 0.0162788 -0.879005 0.4692885 -0.005212008 0.8830295 -0.4149433 -0.1624246 -0.895232 0.4480037 0.8748236 -0.1843271 -0.4729794 0.1973396 -0.8586894 0.3915496 -0.3597642 0.8469112 0.4742048 0.09688121 0.8750679 0.3880534 -0.9152277 -0.1085026 -0.4349942 0.4373605 -0.7870806 -0.2977251 -0.9407032 0.1625958 -0.4368677 0.4041659 -0.8036148 0.4478287 -0.4290899 0.7844306 0.4376582 -0.4591516 0.7730688 -0.4648434 0.06516498 -0.8829917 -0.4936378 0.8447663 0.2066195 0.4826138 -0.05225157 0.8742733 0.01864713 0.9998148 0.004769623 0.04991734 -0.9975112 0.04979747 0.4665148 0.8001325 -0.3770303 0.6456069 -0.09626001 -0.7575789 0.2764562 -0.8328914 -0.4794414 -0.2997669 -0.9399735 0.1630635 -0.646391 -0.3427641 0.6816828 -0.5107651 0.515407 0.6880949 0.1265928 0.9910656 0.041992 -0.393184 0.7296285 -0.5595076 0.6892137 -0.177019 0.7026015 -0.3384457 0.6957333 -0.6335691 -0.878776 0.4006457 -0.259299 -0.9668803 -0.009157657 -0.2550662 -0.7993834 -0.3125465 -0.5131286 -0.5094408 -0.2475764 -0.8241213 -0.3364722 0.1127249 -0.9349223 0.04473578 0.9983429 0.03619611 0.4127789 0.7175676 -0.5609905 0.7421241 -0.003373861 0.670254 0.4050339 -0.4849547 0.7750914 -0.05019569 -0.3344861 0.9410629 -0.4888387 -0.2325266 0.8408139 -0.7107564 -0.4808344 0.513443 -0.8231685 -0.5186256 -0.2311305 -0.6647976 -0.3769326 -0.6449543 -0.1485435 -0.70348 -0.6950185 0.2828165 -0.8342568 -0.4733186 0.591513 -0.7846106 -0.1857378 0.794065 -0.4991254 0.3468931 -0.1615427 -0.9787263 0.1264865 0.1491896 0.9605154 -0.2348461 0.6321144 -0.7323569 -0.2531501 0.7234745 -0.6276559 0.2874593 0.2774662 -0.8519845 -0.4439989 -0.09822654 -0.8169156 -0.5683315 -0.6271222 -0.4643002 -0.6254143 -0.9305919 -0.2992501 -0.2108275 -0.68071 -0.645838 0.345727 -0.543933 -0.4493209 0.7086944 0.004878759 -0.2455251 0.9693781 0.4447651 -0.4446702 0.7774655 0.1300031 0.983451 -0.1261876 0.07684093 0.9890514 -0.1259874 0.263306 -0.9500819 -0.1673752 -0.2124003 -0.9756063 0.05548501 0.1675058 0.9834297 -0.06933814 0.1363241 0.9801381 -0.1440317 0.1850342 0.9743596 -0.1280069 0.05295729 0.9904674 -0.1271606 0.1868113 0.9741876 -0.1267287 -0.7877673 -0.5316705 0.3110455 -0.8573684 -0.2548639 0.4471732 -0.1093349 -0.9869955 0.1178383 -0.126379 -0.9848867 0.1184341 -0.1622284 -0.9809894 0.1064983 -0.1977564 -0.9769878 0.07992082 -0.120352 -0.96535 0.231549 0.2077029 0.9538701 -0.2167751 0.9214685 0.2704325 -0.2788589 0.8115967 -0.5746226 -0.1054506 0.0885691 -0.9846658 0.1502958 -0.6962668 -0.6545395 0.2946026 -0.9618675 0.1688916 0.215143 -0.3473627 0.9344365 -0.07853585 -0.2877759 0.5209197 -0.8036341 0.1927174 0.09095209 0.9770301 -0.1934922 0.5218238 -0.8308193 -0.6655259 -0.01588952 -0.7462056 -0.5596104 -0.4202296 -0.7143132 -0.1700853 -0.5922656 -0.7875865 0.1823763 -0.3771516 -0.9080174 0.2168733 0.03057438 -0.975721 -0.4067198 0.9046429 -0.127281 0.3034495 0.8723466 -0.3833141 0.1757732 0.2719408 0.9461247 0.2708193 0.9123058 0.3071726 0.5653176 0.8215268 0.07422739 0.8863366 -0.1325068 -0.443677 0.1125302 -0.9061003 -0.4078226 -0.250553 -0.9254704 -0.2841263 -0.5306345 -0.8275029 -0.1834837 -0.9373117 0.04834407 0.3451227 -0.2710368 0.8438679 0.4630616 -0.3874365 0.4120511 -0.8246861 0.3830954 -0.4011683 0.8320468 -0.374253 0.2369468 -0.8965439 0.6759973 0.7310372 0.09280312 -0.3376751 0.5701416 -0.748942 0.2173288 -0.6924097 0.687995 0.4154235 -0.3069466 0.8562752 0.1392521 -0.9089646 -0.392928 -0.2430956 0.7570339 -0.6064686 -0.5472873 -0.825872 -0.1356921 -0.2524191 0.7322845 -0.6324903 0.2578211 -0.7522184 0.6063793 0.2409523 -0.7734119 0.5863243 -0.3629733 0.4546467 -0.8133553 -0.2668178 0.8439577 0.4653425 0.3841289 -0.445113 0.8089002 0.2819679 0.9058088 0.316235 -0.2195578 -0.9390769 -0.264441 0.121603 0.9826654 0.1399338 0.42799 0.9001967 -0.08043992 0.8984899 -0.06684166 -0.4338757 0.2564764 -0.9340278 -0.2486204 -0.09963226 -0.9883071 -0.1154229 -0.3922097 -0.9194821 -0.02691286 -0.9349997 -0.04002952 0.3523824 -0.4034509 0.8582541 0.3172179 -0.4432855 0.1973468 -0.8743867 0.4372383 -0.1861732 0.8798649 -0.4022122 0.01671135 -0.915394 0.551473 0.8327487 -0.04906505 -0.4195354 0.3719763 -0.8280241 0.3203536 -0.5202459 0.7916552 0.4541407 -0.08530265 0.8868369 0.2832379 -0.9300522 -0.2340498 -0.3564392 0.5931698 -0.7218731 -0.4091677 -0.9122346 0.02025121 -0.361598 0.5631285 -0.7430567 0.3702284 -0.5861713 0.7206484 0.3570168 -0.6129151 0.704893 -0.4259205 0.2445612 -0.8710808 -0.3993044 0.8593987 0.3193587 0.4453271 -0.2327482 0.8645879 0.1335858 0.9796619 0.1497246 -0.06697994 -0.9932801 -0.09438431 -0.3059303 0.8733137 -0.3791174 0.07606512 0.8994358 -0.4303832 0.9561564 0.2835749 -0.07314491 0.6457948 -0.6696781 0.3667157 0.3133952 -0.8576744 0.4076496 0.01199978 -0.9313161 0.3640144 -0.9089257 -0.4133204 0.05495828 -0.7715152 0.5553318 -0.3104367 0.007945954 -0.378732 -0.9254723 -0.01928848 0.3859891 0.9223018 0.1225181 -0.5104364 -0.8511429 0.1825127 0.9238944 -0.3363159 -0.05527734 -0.2151767 -0.9750095 0.04418838 0.03494352 0.998412 -0.04351443 0.4755128 0.878632 0.6587104 -0.6473626 0.3834353 -0.1322565 0.02565985 -0.9908834 -0.02726477 -0.9189211 0.3934979 -0.1157482 -0.007482409 -0.9932505 0.1415351 -0.0132873 0.9898442 0.1478029 -0.04636222 0.9879296 0.004160463 -0.3317458 -0.9433597 -0.7696321 0.5591662 -0.3082205 0.01056176 0.3491138 0.9370209 -0.3001227 0.8807044 -0.3664507 0.3308899 -0.8369624 0.4358966 0.1695312 0.9821922 0.0809794 0.4675771 0.8729286 -0.1391671 0.8861342 -0.1338181 -0.4436877 0.2082933 -0.95774 -0.1983633 -0.147386 -0.9874616 -0.05654066 -0.4347538 -0.8999613 0.03254258 -0.9290706 0.02432352 0.3691018 -0.3573043 0.8930222 0.2735784 -0.4500163 0.1679761 -0.87708 0.4445976 -0.1562345 0.882 -0.4181218 -0.01643204 -0.9082424 0.5883846 0.8016114 -0.1059371 -0.4173507 0.3436338 -0.8412696 0.3107454 -0.4888983 0.8151171 0.4662743 -0.05603557 0.8828638 0.2354751 -0.9542112 -0.1844789 -0.3421116 0.5672795 -0.7491019 -0.4504699 -0.8892471 0.07947719 -0.3490515 0.5363666 -0.7684231 0.3561751 -0.5610387 0.7472449 0.3414566 -0.5879652 0.7332832 -0.4304279 0.2144243 -0.8767862 -0.3530723 0.8940894 0.2755798 0.450235 -0.2039318 0.8693102 0.181545 0.979188 0.09073251 -0.114614 -0.9927656 -0.0357787 -0.09841924 0.9601811 -0.2614691 0.2535915 0.8809706 -0.3994774 0.9591236 0.003410816 -0.2829672 0.4734976 -0.862563 0.1782834 0.1161317 -0.9505339 0.2880949 -0.1954632 -0.9293791 0.3131275 -0.9585499 -0.1384786 0.2490096 -0.6132091 0.7837102 -0.09885919 -0.3028635 -0.2621631 -0.9162665 0.2938652 0.2726699 0.9161302 -0.2208253 -0.4284687 -0.8761569 0.3797698 0.8634689 -0.3319585 -0.3222807 -0.08296054 -0.943002 0.2620809 -0.08791399 0.9610332 0.2893901 0.3695864 0.8829832 0.4958016 -0.8468542 0.1924027 -0.3238781 0.170067 -0.9306881 -0.2219635 -0.9095137 0.3514499 -0.3191174 0.1340374 -0.9381888 0.3360384 -0.1608553 0.9280107 0.3313956 -0.1939079 0.9233509 -0.2958568 -0.2144181 -0.9308565 -0.6098346 0.7865707 -0.09699654 0.31348 0.227402 0.9219645 -0.08811122 0.9641695 -0.2502277 0.1446347 -0.9389135 0.3122857 0.2817723 0.8232982 -0.4927316 0.4443653 0.547581 -0.7090097 0.5923752 -0.5664321 -0.5729278 0.009485065 -0.9645003 0.263912 -0.2519009 -0.823906 0.5076661 -0.4632708 -0.6259811 0.6273181 -0.6735105 0.4537457 0.5835225 -0.117245 0.9855164 -0.1225199 -0.7644251 -0.09826737 -0.6371796 0.762803 0.1120052 0.6368569 -0.7669509 -0.2785456 -0.5780992 0.5602389 0.4650984 -0.6854312 -0.7027644 0.0574029 -0.7091031 0.581793 -0.1610803 0.7972266 0.7923055 0.1915184 0.5792864 0.0402047 -0.9636004 0.2643064 -0.5740583 0.2655379 -0.7745623 -0.4562025 -0.5921072 0.6642954 -0.5915607 0.232937 -0.7718784 0.5864779 -0.2651914 0.7653217 0.564682 -0.2897833 0.7727613 -0.7422259 -0.06427156 -0.6670607 -0.1125022 0.9860289 -0.1228429 0.7578172 0.06417918 0.649303 0.2964513 0.8213469 -0.4873457 -0.2140654 -0.8292667 0.5162294 0.8753361 -0.005101144 -0.4834883 -0.9094185 -0.1037957 0.4027215 0.7850928 -0.4065974 -0.4672344 -0.8409986 0.278513 0.4638448 0.9909543 -0.1254881 -0.04756617 0.8242155 -0.1904388 -0.5332934 0.4366304 -0.204361 -0.8761224 -0.06794905 -0.1635251 -0.9841964 -0.5543243 -0.07887238 -0.8285552 -0.8921664 0.02691382 -0.4509043 -0.9909542 0.1254886 0.04756724 -0.8242163 0.1904385 0.5332924 -0.4366304 0.2043611 0.8761225 0.06795096 0.1635251 0.9841963 0.5543237 0.07887256 0.8285556 0.8921665 -0.0269134 0.4509042 0.1157261 0.9785254 -0.1705741 0.1157268 0.978526 -0.1705701 0.1157252 0.9785259 -0.1705716 0.115724 0.9785248 -0.1705796 0.1157323 0.9785256 -0.1705686 0.1157271 0.9785262 -0.1705692 0.1157278 0.9785254 -0.1705738 0.1157269 0.9785258 -0.170572 0.115727 0.9785256 -0.1705721 -0.1157268 -0.9785261 0.1705699 -0.1157263 -0.9785244 0.1705797 -0.1157246 -0.978527 0.1705666 -0.115729 -0.9785258 0.1705701 -0.1157304 -0.9785252 0.1705726 -0.1157281 -0.9785256 0.1705719 -0.1157262 -0.9785254 0.1705749 -0.1157286 -0.978525 0.1705753 -0.1157263 -0.9785258 0.1705723 0.8934239 -0.02515095 -0.4485101 -0.9183586 -0.09627658 0.3838599 0.6454998 -0.09636962 -0.7576563 0.2773728 -0.8326017 -0.4794149 -0.2952442 -0.9414701 0.1626806 -0.6455336 -0.3416414 0.6830576 -0.5112451 0.5151211 0.6879526 0.6892138 -0.177019 0.7026014 0.6892105 -0.1770192 0.7026045 0.6892146 -0.1770181 0.7026008 0.921479 0.2702913 -0.2789608 0.8121259 -0.5739563 -0.1050043 0.09269028 -0.9839313 0.1526033 -0.6968659 -0.6532706 0.2959992 -0.9620183 0.1684338 0.2148279 0.1927173 0.09095203 0.9770302 0.1927164 0.09095233 0.9770302 0.1927174 0.09095323 0.97703 0.8862075 -0.1326162 -0.4439024 -0.9374045 0.04824525 0.3448843 0.8983819 -0.06700617 -0.4340739 -0.9350746 -0.04017996 0.3521664 0.9562236 0.2833223 -0.07324594 -0.9088258 -0.4135552 0.05484402 0.8860166 -0.1339869 -0.4438718 -0.9291557 0.02416515 0.3688982 0.9590885 0.003165721 -0.2830891 -0.9585526 -0.1387092 0.248871 0.5921716 -0.5666226 -0.57295 -0.6736989 0.4535422 0.5834632 0.9989919 -0.03136765 0.03211736 0.8788145 -0.09534651 -0.4675406 0.5227537 -0.1252925 -0.8432262 0.02698367 -0.1128032 -0.993251 -0.4748854 -0.06110215 -0.877924 -0.8487843 0.01589596 -0.5285004 -0.9945216 0.09735709 -0.03805917 -0.8722696 0.1611202 0.4617209 -0.5151808 0.1899968 0.8357571 -0.02042698 0.1766672 0.9840587 0.4794152 0.1251796 0.8686145 0.8493784 -0.008304655 0.5277193 0.1039819 0.9900729 -0.09456956 -0.0996592 -0.9910982 0.08827447 0.4127404 0.06948995 0.9081941 0.8140709 0.05266565 0.5783727 -0.09654492 0.1166014 0.9884752 -0.5809486 0.1239221 0.8044515 -0.9097813 0.08933228 0.4053613 -0.9946824 0.02199763 -0.1006147 -0.8143261 -0.06005442 -0.5772925 -0.4180232 -0.1348996 -0.8983645 0.08929246 -0.1824945 -0.9791439 0.5732445 -0.189858 -0.7970851 0.9036015 -0.154826 -0.3994162 0.9904373 -0.08699971 0.107075 0.7590556 0.1851075 0.6241552 0.2783814 0.6816765 -0.6766247 -0.7920602 0.2007341 -0.576495 0.1660814 -0.9410824 0.2945859 -0.3418341 0.9356712 -0.08757179 -0.2055054 -0.8213587 0.5321068 -0.1801325 -0.7522741 0.6337475 -9.70438e-6 0.8320594 0.5546866 9.2499e-6 0.8320461 0.5547065 -6.3777e-6 0.8320581 0.5546886 -0.6197887 0.2722254 -0.7360403 0.1429671 -0.9836546 0.1094731 -0.2122448 -0.818477 0.5338987 -0.6908182 0.1676298 -0.7033282 -0.3475563 -0.6597403 0.6662937 0.899907 0.3099871 0.3067172 0.8353838 0.5439441 0.0791127 -0.4330351 -0.4484997 0.7818751 0.3324993 0.6223672 -0.7085925 0.9137032 0.1226623 0.3874281 -0.3317238 -0.6249292 0.7066985 -0.937916 -0.2976957 -0.1780191 0.437543 0.5537143 -0.7084891 -0.6007364 0.7993934 0.009284555 0.7791984 0.2513123 0.5741882 -0.228929 -0.7045909 0.671672 -0.8102243 -0.02019351 -0.5857721 0.2481642 0.6855478 -0.6844258 -0.3116057 0.7549232 0.5770553 -0.9256199 -0.371518 -0.07212752 0.3310762 0.6171196 -0.7138291 -0.9351734 -0.3032313 -0.1830341 0.3927006 0.4055055 -0.8254404 -0.2189214 -0.7037978 0.675827 0.1496155 0.8399506 -0.5216304 -0.2241685 -0.6911117 0.687105 -0.6075377 -0.7471905 0.2694518 0.2586356 0.7098735 -0.6551238 0.8325104 0.3544311 0.4257994 -0.08965855 0.9736828 0.2095313 0.7067177 -0.01625275 0.707309 0.4874361 -0.2262743 0.8433303 0.7758081 0.4458785 -0.4464461 0.4976873 0.3022455 -0.8129913 0.0380727 0.1748897 -0.9838517 -0.4605157 0.1049284 -0.881428 -0.8322909 0.1471796 -0.5344437 -0.9635624 0.2620409 -0.05368679 -0.8771662 0.1373258 0.4601318 -0.4895049 0.4106618 0.7692477 -0.02497273 0.3471152 0.9374901 0.4484636 0.4160122 0.7910844 0.8309748 0.2559766 0.49392 0.9986621 0.04258936 0.02933079 0.1378656 0.9901064 -0.0261265 -0.02479976 -0.9962729 0.08261585 0.8285593 0.4762957 0.2943335 0.8458936 0.4972025 0.1930126 0.3465796 0.2044025 0.9154793 -0.02812606 0.3423051 0.9391678 -0.5809051 0.2932443 0.7593136 -0.7599976 0.3535718 0.5453355 -0.9651165 0.2553243 -0.0579636 -0.8191363 0.0858342 -0.5671405 -0.3773824 -0.09429126 -0.9212447 0.1721796 -0.1512794 -0.9733801 0.6458445 -0.1268608 -0.7528555 0.9407219 -0.09787207 -0.3247511 -0.4555183 0.8877988 0.06569999 0.178347 0.9828402 -0.0470916 -0.02679336 0.9986405 0.04471325 0.04721915 0.9987967 -0.01325619 0.1524733 0.9760249 -0.1553298 0.1908745 0.9497935 -0.2479096 0.1478476 0.988791 0.02082037 0.2126117 0.9704743 -0.1139128 0.1040022 0.9900717 -0.0945605 0.1039989 0.9900701 -0.09458142 0.1039808 0.9900725 -0.09457516 0.1039818 0.9900729 -0.0945698 0.103981 0.9900729 -0.09457093 0.1039782 0.9900736 -0.09456706 0.1039825 0.990073 -0.09456813 0.103982 0.9900729 -0.09457021 0.1039821 0.9900729 -0.09457015 -0.09966033 -0.9910979 0.0882771 -0.09965842 -0.9910983 0.08827453 -0.09965872 -0.9910983 0.08827477 -0.09965622 -0.9910986 0.08827453 -0.0996617 -0.9910979 0.08827447 -0.0996586 -0.9910982 0.08827483 -0.0996595 -0.9910982 0.08827418 -0.0996595 -0.9910982 0.08827447 -0.09965908 -0.9910982 0.08827471 0.2843905 0.7471559 -0.6007331 -0.3418357 0.9356707 -0.08757168 -0.1800575 -0.7522987 0.6337398 -0.1801202 -0.7522828 0.6337408 0.003830254 -0.7693445 -0.6388228 0.8353663 0.5439627 0.07916986 -0.3599507 -0.5171499 0.7765254 0.137869 0.9901057 -0.02613407 -0.02479982 -0.9962729 0.08261561 -0.02479898 -0.9962728 0.08261734 -0.02479898 -0.9962729 0.08261698 -0.02480143 -0.9962727 0.08261775 -0.0247991 -0.996273 0.08261531 -0.02480041 -0.9962729 0.08261597 -0.0248 -0.9962728 0.08261704 -0.0248 -0.9962728 0.08261668 -0.02479875 -0.996273 0.08261549 0.563838 -0.07635468 0.8223483 0.5638383 -0.07631528 0.8223519 0.5638409 -0.07631236 0.8223502 0.2034395 0.8230825 -0.5302336 -0.6860998 0.1641866 -0.7087382 0.9181634 0.01623958 0.395869 0.1953725 0.8893969 -0.4132831 -0.8620179 -0.2367308 -0.4482004 -0.2033557 -0.8754194 0.4385061 0.5853729 -0.505272 -0.6340654 0.2037019 0.8906852 -0.4064301 -0.06347757 -0.9640889 0.2578822 0.2148167 0.8827757 -0.4178049 -0.3234496 0.7624562 -0.5603935 -0.1662019 -0.8867439 0.4313493 0.8580741 -0.1313129 0.4964532 0.4658569 -0.8321652 -0.3007966 0.8353574 0.5439786 0.07915389 -0.1801313 -0.7522748 0.6337471 0.914861 0.009528815 0.4036567 -0.8688461 -0.3856079 -0.3105047 0.2904117 0.8933088 -0.3430166 -0.1900457 -0.976185 0.1046216 0.1140669 0.9490113 -0.2938818 0.1052996 -0.9932025 -0.04960769 0.7848665 -0.3662472 -0.4998476 0.7416884 0.505887 -0.4404278 -0.2244216 0.9743235 0.01813083 -0.8341161 0.4155815 0.3626877 -0.7317876 -0.5777108 0.3615759 -0.4763721 -0.02663797 -0.8788403 -0.02435827 -0.2682339 0.9630459 -0.8164513 0.4174552 0.3989217 -0.2658273 0.9595581 -0.09265112 0.594943 0.5648372 -0.5718408 0.7458381 -0.4066386 -0.5276085 0.06924521 -0.9953546 -0.06689184 -0.7358103 -0.5776857 0.3533589 -0.417488 0.05136275 -0.9072296 -0.9105492 0.3971201 0.1148733 -0.2092105 0.9564746 -0.2034386 0.5998044 0.5657852 -0.5657932 0.7682484 -0.4111213 -0.490687 0.08870983 -0.9957646 -0.02415716 -0.6448057 -0.7048907 0.2955584 -0.4712562 -0.07927215 -0.8784268 -0.7830674 0.5329272 0.3206154 -0.1032108 0.9946575 -0.002023637 0.6396835 0.5611327 -0.5252953 0.6179291 -0.4217105 -0.6635692 -0.07761317 -0.9442881 -0.3198376 -0.8479723 -0.476297 0.2325605 0.7453835 0.4139816 0.5225158 0.8347519 -0.1374158 0.5332038 0.4395554 -0.546162 0.7130906 -0.0930137 0.3486135 0.93264 0.2395851 0.6609547 0.7111526 -0.8636341 -0.4639568 0.1971809 -0.8768154 -0.1157283 -0.4666924 -0.7804996 0.4760015 0.4052692 -0.5951375 -0.7186169 0.3597238 -0.7254626 0.005666434 -0.6882383 -0.9083993 0.4042795 0.1066254 0.163326 0.97254 -0.1658032 0.006682991 0.8967835 -0.4424192 0.1887659 -0.9689354 -0.1597867 0.8659119 -0.1693593 -0.4706529 -0.6858953 0.6107233 -0.3956826 0.6865359 0.08231741 -0.7224212 0.2532725 -0.9621067 -0.1010137 -0.1293128 0.9915117 0.01352351 -0.3887612 0.06819808 -0.9188112 0.6206459 0.4932066 -0.6095458 0.6551232 0.608144 -0.448302 0.7845039 0.07398945 0.6156941 0.8353504 0.5439857 0.07917934 -0.1900454 -0.9761851 0.1046214 -0.8353675 0.4099025 0.366253 -0.7287986 -0.5812515 0.3619385 -0.4183549 -0.02060514 -0.90805 -0.4323475 0.05901592 -0.8997738 -0.4174947 0.05136162 -0.9072266 0.6051473 0.5512802 -0.5743579 0.7600452 -0.4247783 -0.4918279 0.08902829 -0.9957359 -0.02416837 -0.4712563 -0.07927173 -0.8784268 -0.4712877 -0.0792759 -0.8784095 0.1325976 0.3561885 0.9249582 0.492775 0.3411735 0.8004833 0.8500911 0.3389889 -0.4030282 0.5707422 0.1111665 -0.8135695 -0.1454594 0.606415 -0.7817304 -0.6676623 0.6048604 -0.4340174 -0.8356281 0.5202132 0.1763634 -0.477248 0.5160467 0.7112878 -0.06888115 0.9410272 0.3312452 0.001251876 -0.998614 -0.05261939 -0.8610525 0.4893954 0.1381333 -0.462206 0.478003 0.7469128 -0.6281519 0.4671819 -0.622227 -0.1477852 0.6090062 -0.779276 0.1475114 0.597767 -0.7879817 0.968939 -0.2325492 0.08413231 0.5444632 0.5096458 0.666199 -0.008774518 0.2044909 0.9788292 -0.02348852 0.8776825 -0.4786667 -0.1870805 0.9317073 -0.311324 -0.05171501 0.8772227 -0.47729 -0.220208 0.9722581 0.07888382 -0.03172355 0.9393472 0.3414976 0.02782613 0.9436293 0.3298327 0.1677837 0.9852709 0.03301709 0.01541376 -0.9985553 -0.05147767 -0.8422142 0.4945091 0.2147934 -0.6918913 0.2535598 0.6760133 0.1007433 0.4834574 0.8695515 0.7746096 0.4298145 0.4639391 0.7988291 0.5664767 -0.2024263 0.4923491 0.5667331 -0.6606103 -0.1494646 0.6116176 -0.776907 -0.7062121 0.5608983 -0.4320389 0.02492576 0.9944339 0.1023716 -0.0230171 -0.9950238 -0.09694278 -0.1140738 0.5807229 -0.8060696 -0.6699 0.5903376 -0.4502616 0.5381444 0.5278956 -0.6570593 0.9009595 0.4249714 -0.08758705 0.7781652 0.5666706 0.2708199 0.03468298 0.4050227 0.9136486 -0.3223449 0.5019735 0.8025686 -0.8992323 0.4224083 0.1138086 -0.006753444 -0.9988976 -0.04645442 -0.01320135 -0.999512 -0.02831137 -0.3028002 0.9066345 -0.2938126 0.1493842 0.9317964 0.3308171 0.04923224 0.9987729 0.005388498 -0.1842262 0.9826304 -0.02232521 -0.1608041 0.9846674 0.06761729 -0.09554481 0.9863933 0.133789 -0.005930542 0.9873459 0.1584703 0.08403086 0.9872699 0.1350449 0.1502239 0.9861856 0.06979268 0.1749209 0.9843832 -0.01980865 0.1515011 0.9823463 -0.1097422 0.08623731 0.9806202 -0.1759184 -0.003374814 0.9796676 -0.200599 -0.09333539 0.9797437 -0.1771742 -0.1595314 0.9808282 -0.1119191 -0.5170948 0.8556461 -0.02197438 -0.4501839 0.8614646 0.2349752 -0.2637336 0.8663976 0.4240284 -0.007703125 0.8691185 0.494544 0.2493045 0.8688998 0.427622 0.4384183 0.865803 0.241194 0.5089762 0.8606535 -0.01479011 0.4420639 0.8548347 -0.2717297 0.2556126 0.8499034 -0.4607891 -4.15792e-4 0.8471825 -0.5313018 -0.2574224 0.8473989 -0.4643802 -0.4465398 0.8504972 -0.277951 -0.7798205 0.6257172 -0.01892125 -0.6785025 0.6345292 0.3701447 -0.3961789 0.6419949 0.6564182 -0.008497059 0.6461157 0.7631922 0.380664 0.6457882 0.6618553 0.6670283 0.6410957 0.3795652 0.7738642 0.6333006 -0.008044302 0.6725452 0.6244893 -0.3971097 0.3902224 0.6170211 -0.6833824 0.002539813 0.6128999 -0.7901565 -0.3866206 0.6132291 -0.6888213 -0.6729847 0.6179208 -0.4065288 -0.9449306 0.3269839 -0.0137062 -0.8218947 0.3376848 0.4587573 -0.4790531 0.3467524 0.8063938 -0.008269906 0.3517574 0.9360547 0.464309 0.3513568 0.8129979 0.8120557 0.3456616 0.4701955 0.941793 0.336193 -4.96903e-4 0.8187571 0.3254919 -0.4729608 0.4759159 0.3164246 -0.8205972 0.005133628 0.3114192 -0.9502589 -0.4674462 0.3118208 -0.8272013 -0.8151936 0.3175168 -0.4843991 -0.9999636 -0.004881203 -0.007001221 -0.8695455 0.006462037 0.4938105 -0.5061336 0.01607352 0.8623053 -0.007105112 0.0213769 0.9997463 0.4938311 0.0209552 0.8693053 0.8624423 0.0149154 0.5059357 0.9999637 0.004880845 0.007000446 0.8695455 -0.006462097 -0.4938107 0.5061332 -0.01607412 -0.8623057 0.007103085 -0.02137702 -0.9997463 -0.4938299 -0.02095526 -0.8693061 -0.8624423 -0.01491636 -0.5059357 -0.3878087 -0.9215841 0.01695215 -0.8187572 -0.3254919 0.4729607 -0.4759157 -0.3164238 0.8205975 -0.005133628 -0.3114202 0.9502584 0.4674459 -0.31182 0.8272018 0.815194 -0.3175159 0.484399 0.9449303 -0.3269845 0.01370626 0.8218944 -0.3376849 -0.4587576 0.4790537 -0.346753 -0.8063932 0.008269548 -0.3517571 -0.9360549 -0.2412612 -0.8780312 -0.4133452 -0.4298228 -0.8715144 -0.2360405 -0.751506 -0.654487 0.08297955 0.1756841 -0.9736103 0.1456648 0.02779501 -0.9994532 -0.0179134 0.007674574 -0.8730435 -0.487582 -0.2228939 -0.8974125 -0.380748 -0.1695191 -0.9821766 -0.08119404 -0.1582058 -0.9872039 0.01998609 -0.1127458 -0.9897279 0.08790558 -0.06875485 -0.9868487 0.1462958 0.3087891 -0.9018177 0.3022817 -0.3863286 -0.7019107 -0.5983909 -0.6516973 -0.6744895 -0.3469216 -0.2515655 -0.9609139 0.1155826 0.5396854 -0.6308891 0.5574215 -0.1942695 -0.8318905 0.5198246 0.06576526 -0.8160914 0.574169 0.3013869 -0.8105787 0.5021238 0.3811006 -0.8368638 0.3929647 0.495899 -0.8656123 0.069278 0.4798579 -0.8676114 -0.1303336 0.235049 -0.8914946 -0.3872846 -0.4507344 -0.7390267 -0.5006776 -0.1233773 -0.9914854 -0.04165178 -0.1574692 -0.6615087 -0.7332187 0.7097728 -0.7012487 0.06687986 0.6747018 -0.539291 0.5039274 0.006780505 -0.6052371 -0.7960165 0.5808714 -0.6518413 -0.487536 -0.3392999 -0.7711276 -0.5387372 -0.7895953 -0.5950939 -0.1496758 -0.8304136 -0.5566686 -0.02309632 -0.7933703 -0.5298558 0.299694 -0.4098966 -0.5692314 0.7127135 -0.0665363 -0.6115459 0.7884064 0.3015339 -0.6930915 0.6547531 0.7185597 -0.6200802 -0.3149168 -0.4408385 -0.8090515 -0.3887124 -0.3079695 -0.8337188 -0.4583316 -0.4004721 -0.6994196 -0.591975 -0.4330116 -0.8699365 -0.2360328 -0.6499294 -0.6834654 -0.3323657 -0.04795914 -0.9987756 -0.01213926 0.02671307 -0.9970543 -0.07189613 0.2227591 -0.9730086 -0.06027352 -0.5150326 -0.8529019 0.08543902 -0.3584436 -0.8439131 -0.3991606 -0.7675251 -0.6235805 -0.1485012 -0.225252 -0.9710416 0.07962316 -0.2169257 -0.9718615 0.09180653 0.05381304 -0.9933642 0.1016465 0.2796675 -0.9598541 -0.02159821 0.05225539 -0.8121106 0.5811592 -0.250178 -0.8851923 -0.3922314 -0.4912167 -0.8704144 -0.03294056 0.3811414 -0.8210487 0.4249827 -0.1785749 -0.9833025 0.03502988 -0.1252523 -0.9862028 0.1082401 0.4546553 -0.8790468 -0.1434062 -0.4649189 -0.7799744 -0.4189159 -0.1226192 0.9886993 -0.08624643 -0.07884496 0.9968761 -0.004646122 -7.33086e-6 0.9990068 0.04455852 0.09276992 0.994521 0.0481866 0.1746293 0.9846203 0.005265653 0.2236348 0.9719575 -0.07270604 0.2266558 0.9599263 -0.1648296 0.1828814 0.9517492 -0.2464301 0.104045 0.9496187 -0.2956336 0.01126492 0.9541048 -0.2992613 -0.07059317 0.9640052 -0.2563411 -0.1195985 0.9766678 -0.178371 -0.4535434 0.8912302 0.002721011 -0.3284853 0.9145899 0.2358446 -0.1032482 0.920678 0.3764199 0.1618145 0.9078624 0.3867843 0.3956838 0.8795757 0.2641608 0.5356898 0.8433991 0.04140526 0.5443196 0.8090258 -0.2217959 0.4192613 0.7856648 -0.4549186 0.1940256 0.7795772 -0.5954942 -0.0710411 0.7923937 -0.6058594 -0.3049073 0.8206794 -0.4832358 -0.4449133 0.8568564 -0.2604792 -0.7221925 0.6858603 0.08963108 -0.5328272 0.7212338 0.4426253 -0.1917721 0.730451 0.6554882 0.2095904 0.7110453 0.6711829 0.5637151 0.6682139 0.4855054 0.7757135 0.613436 0.1482059 0.7887822 0.5613866 -0.2503356 0.5994175 0.5260143 -0.6033305 0.2583616 0.516797 -0.8161925 -0.1430012 0.5362027 -0.8318879 -0.4971253 0.5790332 -0.6462097 -0.7091242 0.6338119 -0.3089101 -0.8998906 0.404067 0.1640938 -0.669935 0.4470213 0.5927555 -0.2557726 0.4582155 0.8512457 0.2316241 0.4346492 0.8703048 0.6616557 0.3826378 0.6448257 0.9190968 0.3161173 0.2352254 0.9349665 0.2529106 -0.2487449 0.7050113 0.2099556 -0.6774052 0.2908485 0.198762 -0.9358958 -0.1965482 0.222328 -0.9549551 -0.6265799 0.2743404 -0.7294759 -0.8840212 0.3408619 -0.3198747 -0.9724743 0.0801115 0.2188055 -0.7287216 0.1256428 0.6731855 -0.2897094 0.1375106 0.947185 0.2269316 0.1125307 0.9673877 0.6827647 0.05739772 0.7283803 0.9556531 -0.01311498 0.2942026 0.9724742 -0.08011281 -0.2188056 0.7287217 -0.1256453 -0.6731849 0.2897089 -0.1375098 -0.9471853 -0.2269312 -0.1125308 -0.9673877 -0.6827653 -0.05739754 -0.7283798 -0.955653 0.0131132 -0.2942029 -0.9349666 -0.2529101 0.2487448 -0.7050121 -0.2099545 0.6774047 -0.2908491 -0.1987627 0.9358955 0.1965489 -0.2223287 0.9549547 0.6265808 -0.2743393 0.7294756 0.884021 -0.3408617 0.3198754 0.8998906 -0.4040663 -0.1640955 0.6699358 -0.4470213 -0.5927547 0.255772 -0.4582151 -0.8512459 -0.2316234 -0.4346491 -0.870305 -0.6616562 -0.382637 -0.6448256 -0.9190975 -0.3161153 -0.2352253 -0.7887813 -0.5613876 0.2503361 -0.5994169 -0.5260148 0.6033307 -0.2583612 -0.5167972 0.8161926 0.1430028 -0.5362022 0.8318879 0.4971252 -0.5790343 0.6462088 0.7091246 -0.6338108 0.3089112 0.7221919 -0.6858608 -0.08963179 0.5328277 -0.7212334 -0.4426253 0.1917712 -0.7304515 -0.655488 -0.2095918 -0.7110448 -0.671183 -0.5637148 -0.6682148 -0.4855045 -0.7757132 -0.6134366 -0.1482045 -0.5443205 -0.8090252 0.2217965 -0.4192618 -0.7856654 0.454917 -0.1940261 -0.7795773 0.5954941 0.07103902 -0.7923941 0.6058591 0.3049057 -0.8206787 0.4832381 0.444913 -0.8568565 0.2604789 0.453543 -0.8912304 -0.002722799 0.3284852 -0.9145894 -0.2358468 0.1032485 -0.9206777 -0.3764203 -0.1618174 -0.9078614 -0.3867853 -0.3956829 -0.8795761 -0.2641611 -0.5356888 -0.8433997 -0.04140669 -0.2266551 -0.9599262 0.1648311 -0.1828817 -0.9517497 0.2464286 -0.104045 -0.9496186 0.2956337 -0.01126587 -0.9541046 0.2992618 0.07059204 -0.9640051 0.256342 0.1195989 -0.9766684 0.178368 0.1226195 -0.9886991 0.0862466 0.07884526 -0.9968761 0.004646599 9.06372e-6 -0.9990069 -0.04455661 -0.09277224 -0.9945208 -0.04818469 -0.1746295 -0.9846202 -0.005265653 -0.223634 -0.9719578 0.07270509 0.1749792 0.5283929 0.8307727 0.7234125 0.4098419 0.5556113 0.8860386 0.443586 -0.1347858 0.5123708 0.4817274 -0.7109254 -0.1548708 0.5203557 -0.8397888 -0.7994068 0.2530531 -0.5448972 -0.9839904 0.02294647 0.1767381 -0.8546068 0.01863223 0.5189415 0.271996 0.9109335 0.310191 0.001251757 -0.9986138 -0.05261999 -0.9525017 0.1389228 0.271 -0.9811808 0.1068495 0.1608341 -0.5280178 -0.1115908 -0.8418698 -0.03940939 0.4032959 -0.9142207 0.5582578 0.4407902 -0.7028885 0.909273 0.404376 -0.09850287 0.718952 0.3951599 0.5718015 0.2451467 0.5816322 0.7756333 -0.435999 0.4793654 -0.7616521 0.2743065 0.9073398 -0.3185758 0.2395063 0.9707188 0.01849097 0.2071471 0.9566195 0.2048643 0.159652 0.9752249 -0.1531264 0.02936065 0.971965 -0.2332856 0.276139 0.8950668 -0.3501468 0.01351374 0.9719406 -0.234838 0.3701347 0.9285874 0.02694314 -0.006275355 -0.983957 -0.1782953 -0.01728969 -0.9875705 -0.1562236 -0.6426598 -0.4950914 0.5846991 0.001157701 0.3785069 -0.9255978 0.1660651 0.4293574 0.8877357 0.7158163 0.4624262 0.5232294 0.8547567 0.5066174 -0.1128262 0.5292409 0.4745548 -0.7033506 -0.1361565 0.5377537 -0.8320352 -0.5303674 0.5775841 -0.62057 -0.6413772 0.6410194 0.4215799 -0.4809833 0.4668846 0.7420741 0.03811031 0.9971128 0.06567817 -0.03261983 -0.9971862 -0.06749671 -0.7874087 0.5346446 0.3068271 -0.5003763 0.4982621 0.7080667 -0.5378512 0.6200224 -0.5712167 -0.09766602 0.4978544 -0.8617439 0.5737012 0.4319673 -0.695896 0.938305 0.3457714 -0.005100607 0.6570803 0.08443421 0.749077 -0.4939058 -0.2477619 0.8334693 -0.002766132 0.9703738 -0.241593 0.366122 0.929367 0.04724144 0.2276441 0.955917 -0.1854749 0.03457504 0.99693 0.07025092 -0.4433007 0.8955389 0.03866124 0.05748999 0.8845716 0.4628479 0.1460668 0.8715248 0.468091 -0.1224628 0.9922348 0.02175277 -0.1410286 -0.985814 -0.09100443 0.1771443 0.4044387 0.8972454 0.7477898 0.3892359 0.5378715 0.9452092 0.2872123 -0.1552056 0.5115014 0.5013815 -0.6978417 -0.1567214 0.5608485 -0.8129498 -0.7004974 0.5715954 -0.4272963 -0.8201372 0.5305748 0.2141622 -0.4727563 0.4389619 0.7640772 -0.1668642 0.9218177 0.3498693 -0.02301752 -0.9950237 -0.09694349 -0.8469147 0.5020854 0.1750593 -0.4930889 0.4711222 0.7313735 -0.6940572 0.5388934 -0.4773665 -0.1183333 0.5222955 -0.8445144 0.5565444 0.4590986 -0.6924499 0.9167107 0.3876906 -0.09663003 0.6955667 0.241042 0.6768204 0.1419807 0.3734099 0.916737 -0.244078 0.9634426 -0.1104729 -0.3003385 0.9437332 0.1384366 0.02847671 0.9950672 0.09502875 -0.02282953 0.9688187 -0.2467168 0.4104912 0.8796635 0.2401856 0.07388037 0.9100109 0.4079485 0.3263955 0.9328162 -0.1527092 0.3720998 0.9001719 0.2263457 0.7992809 0.5250885 -0.2922881 -0.01549983 0.9989977 -0.04199236 0.06193959 0.9980356 0.009415328 0.1541169 0.987924 0.01593828 0.2363255 0.9713733 -0.02416938 0.28654 0.9528182 -0.1001628 0.2913072 0.9372298 -0.1916784 0.249347 0.9287851 -0.2741977 0.1719082 0.9297474 -0.3256032 0.07972913 0.9398586 -0.3321282 -0.002480685 0.9564098 -0.2920176 -0.05269068 0.9749631 -0.2160338 -0.0574581 0.9905539 -0.1245061 -0.276314 0.9413338 0.1937559 -0.05506342 0.938584 0.3406292 0.2082794 0.9096955 0.3592686 0.4431476 0.8624115 0.244677 0.5866113 0.8093994 0.02756541 0.6002337 0.7648616 -0.2338938 0.480356 0.7407355 -0.4696478 0.2591052 0.7434843 -0.6165189 -0.004239261 0.7723717 -0.6351568 -0.2391097 0.8196579 -0.5205647 -0.3825709 0.8726712 -0.3034545 -0.3961922 0.9172071 -0.04198789 -0.4980407 0.7688262 0.4010756 -0.1630201 0.7646631 0.6234701 0.2357351 0.7209221 0.6516903 0.5913778 0.649321 0.4781783 0.8086144 0.5690479 0.1494229 0.8292356 0.5016126 -0.2464818 0.6477181 0.4650805 -0.6034579 0.3126965 0.469244 -0.8258517 -0.08605581 0.5129842 -0.8540737 -0.4417001 0.584585 -0.6805597 -0.658935 0.6648579 -0.3518075 -0.6795574 0.7322957 0.0440998 -0.6562569 0.5094026 0.5566291 -0.2494248 0.504347 0.826693 0.2348054 0.4512279 0.8609645 0.6666808 0.3642822 0.6502579 0.9304833 0.2668005 0.251035 0.9555254 0.1849112 -0.2297372 0.7350994 0.1405479 -0.663231 0.3282646 0.1456015 -0.9332967 -0.1559629 0.1987204 -0.967567 -0.5878399 0.2856679 -0.7568608 -0.8516415 0.3831474 -0.3576377 -0.876684 0.4650409 0.1231352 -0.7374181 0.1954928 0.6465271 -0.3061763 0.190135 0.9327942 0.2071074 0.1338295 0.9691213 0.6648967 0.04166573 0.7457724 0.9445266 -0.06166344 0.3225948 0.9710713 -0.1484708 -0.1870213 0.7374184 -0.1954925 -0.6465268 0.3061752 -0.1901341 -0.9327947 -0.2071067 -0.1338298 -0.9691215 -0.6648955 -0.04166555 -0.7457734 -0.944526 0.0616644 -0.3225958 -0.9710714 0.1484693 0.1870222 -0.7350978 -0.1405486 0.6632325 -0.3282657 -0.1456022 0.9332961 0.1559622 -0.1987195 0.9675673 0.5878394 -0.2856678 0.756861 0.8516411 -0.3831486 0.3576374 0.876685 -0.4650393 -0.1231338 0.656257 -0.5094029 -0.5566287 0.2494239 -0.5043476 -0.8266931 -0.2348046 -0.4512299 -0.8609637 -0.6666807 -0.3642818 -0.6502581 -0.9304829 -0.2668025 -0.2510339 -0.9555257 -0.1849099 0.2297371 -0.6477189 -0.4650796 0.6034578 -0.3126993 -0.469245 0.8258501 0.08605653 -0.5129843 0.8540735 0.441698 -0.5845856 0.6805607 0.6589364 -0.6648571 0.3518067 0.6795587 -0.7322944 -0.04410189 0.4980396 -0.7688268 -0.401076 0.16302 -0.764663 -0.6234703 -0.2357355 -0.7209208 -0.6516916 -0.5913769 -0.649322 -0.4781783 -0.8086139 -0.5690485 -0.1494243 -0.8292358 -0.5016114 0.2464834 -0.4803553 -0.7407342 0.4696506 -0.2591066 -0.7434849 0.6165177 0.004237651 -0.7723725 0.6351559 0.2391064 -0.8196581 0.5205659 0.3825713 -0.8726708 0.3034548 0.3961903 -0.9172078 0.04199039 0.2763149 -0.9413327 -0.19376 0.05506414 -0.9385842 -0.3406283 -0.2082793 -0.9096961 -0.3592672 -0.4431473 -0.8624114 -0.2446776 -0.5866128 -0.8093984 -0.02756422 -0.6002333 -0.7648608 0.2338976 -0.2493473 -0.9287843 0.2742002 -0.1719094 -0.9297465 0.325605 -0.07972931 -0.9398582 0.3321293 0.002478539 -0.9564087 0.2920212 0.05269467 -0.9749646 0.2160263 0.05746161 -0.990553 0.1245108 0.01550108 -0.9989979 0.04199016 -0.06193989 -0.9980355 -0.009416282 -0.1541175 -0.987924 -0.01593989 -0.2363263 -0.9713732 0.02416813 -0.2865402 -0.9528184 0.1001592 -0.2913077 -0.9372291 0.1916809 0.001254022 -0.9986139 -0.0526188 0.001251518 -0.998614 -0.05261802 0.001253426 -0.9986139 -0.05261898 -5.5212e-4 -0.9985476 -0.05387657 0.0249266 0.9944341 0.1023699 0.02493005 0.9944341 0.1023684 -0.02301776 -0.9950236 -0.09694427 -0.0230171 -0.9950238 -0.09694319 -0.02283638 -0.9950544 -0.09667193 -0.5170965 0.8556451 -0.02197152 -0.4501833 0.8614659 0.2349714 -0.2637333 0.8663972 0.4240292 -0.007706582 0.8691176 0.4945457 0.2493009 0.868901 0.4276217 0.43842 0.8658025 0.2411928 0.5089752 0.8606542 -0.01478773 0.4420638 0.8548349 -0.2717297 0.2556133 0.849904 -0.4607876 -4.13004e-4 0.8471812 -0.531304 -0.2574217 0.847399 -0.4643803 -0.4465397 0.8504971 -0.2779515 -0.7798206 0.625717 -0.01892155 -0.6785039 0.634528 0.3701442 -0.396179 0.6419947 0.6564184 -0.008495032 0.6461176 0.7631906 0.3806639 0.6457872 0.6618564 0.667028 0.6410965 0.3795643 0.7738636 0.6333014 -0.008043348 0.6725474 0.6244875 -0.3971089 0.3902224 0.6170212 -0.6833823 0.002539813 0.6129002 -0.7901563 -0.3866201 0.6132295 -0.6888212 -0.6729841 0.6179215 -0.4065287 -0.9449307 0.3269835 -0.01370668 -0.8218945 0.3376852 0.4587572 -0.4790536 0.3467531 0.8063932 -0.008270502 0.3517564 0.9360551 0.4643079 0.3513581 0.812998 0.8120554 0.3456606 0.4701966 0.9417933 0.3361921 -4.9769e-4 0.8187569 0.3254917 -0.4729611 0.475915 0.3164234 -0.820598 0.005132198 0.3114208 -0.9502583 -0.4674458 0.3118201 -0.8272017 -0.8151934 0.3175159 -0.4844 -0.9999636 -0.004881441 -0.007001221 -0.8695457 0.006462454 0.4938102 -0.5061341 0.01607245 0.8623051 -0.007103025 0.02137911 0.9997462 0.4938293 0.02095311 0.8693065 0.8624423 0.01491522 0.5059358 0.9999636 0.004879772 0.007000505 0.8695455 -0.00646317 -0.4938108 0.5061339 -0.01607269 -0.8623053 0.007104337 -0.02137911 -0.9997462 -0.49383 -0.02095502 -0.869306 -0.8624424 -0.01491653 -0.5059353 -0.4759158 -0.3164242 0.8205974 -0.005133569 -0.3114206 0.9502584 0.4674474 -0.3118194 0.8272011 0.8151931 -0.3175172 0.4843997 0.9449304 -0.3269842 0.01370656 0.8218944 -0.3376855 -0.4587572 0.4790533 -0.3467528 -0.8063936 -0.751505 -0.6544885 0.08297771 -0.07822364 -0.9853684 0.151427 -0.3863264 -0.7019118 -0.5983909 0.3013817 -0.8105804 0.5021241 0.4958983 -0.8656129 0.06927639 0.2350492 -0.8914944 -0.3872852 -0.453544 0.8912298 0.002722024 -0.3284854 0.9145904 0.2358427 -0.1032474 0.9206782 0.3764196 0.161816 0.9078618 0.3867851 0.3956838 0.8795756 0.2641611 0.5356894 0.8433995 0.04140549 0.5443207 0.8090253 -0.2217952 0.4192613 0.7856647 -0.4549188 0.1940253 0.7795771 -0.5954946 -0.07104051 0.7923936 -0.6058594 -0.3049073 0.8206795 -0.4832357 -0.4449129 0.8568565 -0.2604795 -0.7221921 0.6858609 0.08962988 -0.5328282 0.7212331 0.4426252 -0.1917706 0.7304517 0.655488 0.2095921 0.7110444 0.6711832 0.5637155 0.6682148 0.4855037 0.7757143 0.613435 0.1482056 0.7887819 0.5613866 -0.2503362 0.5994165 0.5260153 -0.6033307 0.2583622 0.5167962 -0.8161928 -0.1430015 0.5362026 -0.8318879 -0.4971252 0.579033 -0.64621 -0.7091245 0.6338112 -0.3089107 -0.8998907 0.4040663 0.1640949 -0.6699351 0.4470216 0.5927552 -0.2557728 0.4582154 0.8512456 0.2316235 0.4346492 0.8703049 0.661656 0.3826374 0.6448255 0.9190974 0.3161159 0.2352248 0.9349666 0.2529103 -0.2487451 0.705011 0.2099559 -0.6774054 0.2908486 0.1987616 -0.9358959 -0.1965485 0.2223284 -0.9549549 -0.6265798 0.2743401 -0.729476 -0.8840212 0.3408616 -0.319875 -0.9724743 0.08011186 0.2188053 -0.7287229 0.1256451 0.6731837 -0.2897092 0.1375108 0.947185 0.2269325 0.1125302 0.9673876 0.6827651 0.05739742 0.72838 0.9556531 -0.01311421 0.2942028 0.9724743 -0.08011329 -0.2188052 0.7287222 -0.1256439 -0.6731846 0.2897091 -0.1375109 -0.947185 -0.226931 -0.1125305 -0.9673878 -0.6827651 -0.05739814 -0.7283799 -0.9556531 0.01311361 -0.2942026 -0.9349666 -0.2529095 0.2487453 -0.7050105 -0.2099571 0.6774055 -0.2908483 -0.1987627 0.9358958 0.1965481 -0.2223272 0.9549552 0.6265797 -0.27434 0.7294763 0.8840218 -0.3408603 0.3198745 0.8998906 -0.4040665 -0.1640953 0.6699359 -0.4470213 -0.5927546 0.2557721 -0.4582152 -0.8512459 -0.2316235 -0.4346485 -0.8703054 -0.6616558 -0.382636 -0.6448267 -0.9190976 -0.3161153 -0.2352249 -0.7887815 -0.5613875 0.2503359 -0.5994169 -0.5260152 0.6033303 -0.2583631 -0.5167954 0.816193 0.1430004 -0.5362033 0.8318876 0.4971243 -0.5790314 0.6462121 0.7091245 -0.6338116 0.3089099 0.7221917 -0.6858611 -0.08963102 0.5328279 -0.7212335 -0.4426248 0.1917717 -0.7304509 -0.6554884 -0.2095905 -0.7110454 -0.6711827 -0.5637146 -0.668215 -0.4855045 -0.7757135 -0.6134364 -0.1482043 -0.5443201 -0.8090257 0.2217956 -0.4192615 -0.7856646 0.4549186 -0.1940243 -0.7795777 0.595494 0.07104176 -0.7923933 0.6058598 0.3049073 -0.8206803 0.4832343 0.4449127 -0.8568568 0.2604784 0.4535447 -0.8912295 -0.002720475 0.3284859 -0.9145905 -0.2358416 0.1032496 -0.9206776 -0.3764206 -0.1618161 -0.9078615 -0.3867856 -0.3956834 -0.8795759 -0.2641607 -0.5356905 -0.8433987 -0.04140436 0.001251757 -0.9986139 -0.05261939 0.001252353 -0.998614 -0.05261725 0.001252055 -0.998614 -0.05261808 -0.03262007 -0.9971862 -0.06749516 -0.03261983 -0.9971861 -0.06749677 -0.03262007 -0.9971863 -0.06749433 -0.03261852 -0.9971862 -0.06749647 -0.683942 -0.7295364 -1.54972e-6 -0.6839383 -0.7295399 1.91033e-5 -0.6838734 -0.7296008 1.52513e-5 -0.02301776 -0.9950238 -0.0969429 -0.0230177 -0.9950237 -0.09694409 -0.02301859 -0.9950238 -0.09694319 -0.0230177 -0.9950238 -0.09694308 -0.02301788 -0.9950237 -0.09694367 -0.276314 0.941333 0.1937596 -0.05506604 0.9385839 0.3406289 0.2082765 0.9096971 0.3592664 0.4431476 0.8624115 0.2446765 0.5866144 0.8093972 0.02756202 0.6002331 0.764861 -0.2338977 0.4803562 0.7407358 -0.4696472 0.2591074 0.7434836 -0.6165189 -0.004235446 0.7723725 -0.6351557 -0.2391067 0.8196583 -0.5205655 -0.3825726 0.8726692 -0.3034582 -0.396191 0.9172075 -0.04199039 -0.4980402 0.7688263 0.4010763 -0.1630208 0.7646641 0.6234685 0.2357328 0.7209216 0.6516917 0.5913767 0.6493216 0.4781792 0.8086139 0.5690491 0.1494219 0.829236 0.5016124 -0.2464808 0.6477173 0.4650814 -0.6034581 0.3126976 0.4692437 -0.8258515 -0.08605599 0.5129852 -0.854073 -0.4416999 0.5845849 -0.6805599 -0.6589353 0.6648582 -0.3518067 -0.6795583 0.7322948 0.04410195 -0.6562573 0.5094023 0.556629 -0.2494249 0.5043455 0.826694 0.2348055 0.451229 0.8609639 0.6666816 0.3642802 0.6502582 0.930483 0.2668044 0.2510315 0.9555259 0.1849101 -0.2297356 0.7350989 0.1405457 -0.6632319 0.3282656 0.1456025 -0.9332962 -0.1559634 0.19872 -0.9675669 -0.58784 0.2856682 -0.7568606 -0.8516411 0.383148 -0.3576382 -0.8766841 0.4650408 0.1231339 -0.7374191 0.1954932 0.6465258 -0.3061758 0.1901351 0.9327942 0.2071066 0.1338315 0.9691213 0.6648955 0.04166537 0.7457734 0.9445258 -0.06166422 0.3225965 0.9710718 -0.1484689 -0.1870205 0.7374188 -0.1954925 -0.6465263 0.3061756 -0.1901348 -0.9327944 -0.2071069 -0.1338298 -0.9691215 -0.6648962 -0.0416646 -0.7457729 -0.9445259 0.06166291 -0.3225965 -0.9710714 0.1484693 0.1870219 -0.7350997 -0.1405472 0.6632308 -0.3282647 -0.1456022 0.9332965 0.1559628 -0.1987208 0.9675669 0.5878396 -0.2856675 0.7568611 0.8516425 -0.3831465 0.3576363 0.8766846 -0.4650404 -0.1231329 0.6562566 -0.5094033 -0.5566288 0.2494235 -0.5043471 -0.8266934 -0.2348046 -0.4512296 -0.8609638 -0.6666809 -0.3642821 -0.6502578 -0.930483 -0.2668024 -0.2510337 -0.9555255 -0.1849102 0.2297375 -0.6477169 -0.4650815 0.6034584 -0.3126977 -0.4692426 0.8258521 0.08605647 -0.5129849 0.854073 0.4417007 -0.5845843 0.6805599 0.6589361 -0.6648571 0.3518074 0.6795575 -0.7322956 -0.04409974 0.4980418 -0.7688257 -0.4010756 0.1630196 -0.7646633 -0.6234698 -0.2357339 -0.7209219 -0.6516909 -0.591377 -0.6493218 -0.4781782 -0.8086138 -0.5690485 -0.1494246 -0.829236 -0.5016111 0.2464831 -0.480356 -0.7407356 0.4696475 -0.2591075 -0.7434844 0.6165178 0.004236996 -0.7723727 0.6351556 0.2391059 -0.8196575 0.5205669 0.3825709 -0.8726716 0.303453 0.3961925 -0.9172068 0.04199212 0.2763152 -0.9413331 -0.1937575 0.05506324 -0.9385838 -0.3406298 -0.208279 -0.9096962 -0.3592669 -0.4431474 -0.8624113 -0.244678 -0.5866137 -0.8093977 -0.02756863 -0.6002334 -0.7648607 0.2338973 0.6528756 0.4548056 0.6057272 0.155531 0.9587834 -0.2377914 -0.5149166 0.5023547 -0.6946228 -0.6969797 -0.4554863 -0.5538515 -0.1916189 -0.9621689 0.1936837 0.4216055 -0.4614414 0.7805901 -0.8526147 0.4955992 0.1656188 0.8097135 -0.4136845 -0.4162082 -0.3903985 -0.8671821 0.3091673 -0.7511371 -0.2905943 -0.5927462 -0.4416399 0.4699666 -0.7642551 0.3794997 0.8781995 -0.2911112 0.7496079 0.361539 0.5544165 0.3414782 -0.4154806 0.8430708 -0.853207 0.5206272 -0.03138774 0.2625656 -0.9019055 0.342966 -0.08110457 -0.7815464 -0.6185525 -0.4573447 0.378044 -0.804934 -0.2674144 0.9343481 -0.235549 0.1352682 0.7574132 0.6387707 0.3223356 -0.4068813 0.8547208 -0.8883097 0.4280052 -0.1664853 -0.03947871 -0.911228 0.4100062 -0.1355809 -0.7708153 -0.6224642 -0.1790137 0.3046671 -0.935485 -0.07960921 0.9320421 -0.3534968 0.132575 0.7629253 0.6327471 0.09506005 -0.2529829 0.9627894 -0.8221865 0.4718461 -0.3183877 -0.5685598 -0.771259 0.2861809 -0.5098971 -0.3814474 -0.7710402 -0.109349 0.2755392 -0.9550502 0.5587111 0.7790583 -0.2844471 0.5615682 0.4175441 0.7143515 -8.96505e-4 -0.2463579 0.9691785 -0.73076 0.5026711 -0.4618566 -0.6212446 -0.7366589 0.2671869 -0.3896808 -0.4631547 -0.7960129 0.04635685 0.2235277 -0.9735946 0.4963619 0.8056556 -0.3233326 0.3496773 0.5883781 0.7290658 -0.2225349 -0.126621 0.9666672 -0.6399534 0.4837655 -0.5970181 -0.5180531 -0.7703515 0.3717253 -0.2276106 -0.629666 -0.7427747 0.1950457 0.165438 -0.9667407 0.4654437 0.8015249 -0.375393 0.2570328 0.6455774 0.7191411 -0.2498401 -0.1111741 0.9618837 -0.5342618 0.492671 -0.6869059 -0.7713392 -0.6241062 0.1246083 -0.2604153 -0.4188717 -0.8699026 0.2392677 0.139136 -0.960933 0.6589213 0.7100025 -0.2484337 0.2926729 0.5222551 0.8009945 -0.4127209 -0.06907898 0.9082343 -0.394071 0.5176908 -0.7594106 -0.7782244 -0.6122616 0.1396517 -0.1736665 -0.4951266 -0.851287 0.375033 0.09742718 -0.9218776 0.6756981 0.6925381 -0.2526324 0.1733753 0.6360409 0.7519261 -0.5206308 0.02920001 0.8532825 -0.2854578 0.4568785 -0.8424821 -0.6575548 -0.6779484 0.3286451 -0.1326739 -0.2799479 -0.9508032 0.4889999 -0.003597557 -0.8722764 0.8870445 0.3976648 0.2345528 0.2005814 0.3844422 0.9010945 -0.6456102 0.1313667 0.7522834 -0.1667631 0.4187709 -0.8926483 -0.7829505 -0.2265388 -0.5793693 -0.06222504 -0.2395799 -0.9688806 0.5329784 -0.02894127 -0.8456338 0.8749611 0.4047885 0.2656869 0.1118593 0.4504625 0.8857601 -0.7516325 0.2458319 0.6120582 -0.07369643 0.3740926 -0.9244586 -0.6482127 -0.1250474 -0.7511216 -0.06261354 -0.2300678 -0.9711583 0.734991 -0.2258655 -0.6393536 0.6396342 0.05160856 0.7669451 -0.02286595 0.2141944 0.9765234 -0.7737078 0.2540788 0.5803623 0.041996 -0.2424945 -0.9692434 0.5095354 0.6552947 -0.5576403 0.1215997 0.3711561 0.9205742 -0.8464352 -0.3181478 -0.4270005 -0.6086946 -0.7413927 0.2825381 0.002985 0.290988 0.9567221 0.1338123 0.9571967 -0.2566493 0.3934496 0.19777 0.8978221 0.618594 -0.5732418 0.537341 0.4024206 -0.9071548 -0.1229956 -0.1232514 -0.5771824 -0.8072606 -0.5094373 0.2236489 -0.8309361 -0.5280546 0.8223719 -0.2118086 -0.1628698 0.8259254 0.5397413 0.4976259 0.6087306 -0.6179124 -0.5255007 -0.7058264 0.475035 -0.4759032 0.7797703 -0.4067856 -0.4970964 0.2327479 -0.8358969 -0.2022123 -0.6742483 -0.7102813 0.2643349 -0.9642561 0.01836967 0.5529099 -0.5149551 0.6550664 0.4430522 0.2636726 0.8568439 -0.09815102 0.9247163 0.3677855 0.3824084 0.5468659 -0.7447829 -0.6281937 0.7012981 -0.3369774 -0.449221 0.260367 -0.85464 -0.0421999 -0.4062501 -0.912787 0.5100899 -0.8333156 -0.2130576 0.6736336 -0.4611326 0.5775591 0.4137421 0.1288594 0.9012284 -0.2051281 0.7181161 0.6650051 0.1809487 0.5417172 -0.8208533 -0.7226168 0.6137516 -0.3180156 -0.4924257 0.179028 -0.8517429 -0.07625168 -0.2188022 -0.9727853 0.600642 -0.6127552 -0.513576 0.8515584 -0.3245146 0.4117509 0.5108394 0.2524415 0.8217764 -0.1641972 0.7310006 0.6623273 0.02946645 0.4367712 -0.89909 -0.6405 0.5424522 -0.5436042 -0.5773557 0.1199339 -0.8076363 -0.2454023 -0.6083882 -0.7547461 0.486333 -0.8622148 0.1416541 0.6952877 -0.3529028 0.6261267 0.5638021 0.2524958 0.7863671 -0.1719965 0.9258009 0.3366155 -0.1339516 0.3710442 -0.9189033 -0.7086914 0.4922156 -0.5054506 -0.6879324 0.03024971 -0.7251442 -0.3049042 -0.7230433 -0.6198725 0.5404245 -0.8063482 0.2402998 0.750036 -0.2822094 0.5981671 -0.04263889 -0.5465353 0.8363499 -0.2046585 0.9602513 0.1898222 -0.2092861 0.3147111 -0.9258275 -0.8810118 0.4626982 -0.09863466 -0.6868579 -0.009189486 -0.7267337 -0.3261542 -0.3167665 -0.8906641 0.5207514 -0.6531018 -0.5497964 0.8588263 -0.1977332 0.4725663 0.569336 0.2121767 0.7942528 0.02968811 0.5454131 0.8376414 -0.263226 0.26657 -0.9271745 -0.8684975 0.4257217 -0.2539159 -0.6204381 -0.009903371 -0.784193 -0.3495953 -0.2124014 -0.9125069 0.4270107 -0.5696527 -0.7022519 0.8399453 -0.1732918 0.5142586 0.5490354 0.2054982 0.8101424 0.06903165 0.5338148 0.8427791 -0.297167 0.1937398 -0.9349635 -0.8438907 0.3214109 -0.4295856 -0.6582584 -0.1494842 -0.7378011 -0.3738129 -0.4321684 -0.8206671 0.6174099 -0.7569229 -0.2141796 0.8286881 -0.1229807 0.5460328 0.5856838 0.3932606 0.7087459 -0.07439988 0.8425374 0.5334749 -0.3261763 0.06359058 -0.9431678 -0.6930998 0.2384245 -0.6802694 -0.8114148 -0.2785715 -0.5138133 -0.102041 -0.9696039 0.2223868 0.6620972 -0.5756065 0.4799006 0.9712463 0.01740348 0.2374401 0.3544572 0.7658941 -0.5364386 -0.4563712 0.5348569 -0.7110931 -0.3904381 0.0419768 -0.9196718 -0.8696751 0.3001891 -0.3918568 -0.8521736 -0.3099636 -0.4215719 -0.2481954 -0.9559027 -0.1570001 0.7145694 -0.6358568 0.2916791 0.9199387 0.006566107 0.3920075 0.6553987 0.6887754 0.309905 -0.3660705 0.9233307 -0.1159862 -0.8957398 0.2265208 -0.3825421 -0.8395705 -0.365004 -0.40236 0.7560484 -0.5631489 0.3335483 0.9081567 0.07731574 0.4114289 -0.6201332 0.7334407 -0.2783876 0.04685616 0.5740313 -0.8174917 0.6759017 -0.6517241 0.3441113 -0.3065297 0.3227884 0.8954592 -0.6977063 0.6724994 -0.246882 0.754058 0.38986 -0.5285884 0.6687129 0.4739378 0.5728929 0.1534013 0.9728586 -0.1732463 -0.518257 0.5004819 -0.6934894 -0.6757725 -0.4346888 -0.595296 -0.1899514 -0.9502811 0.2467475 0.4194236 -0.4628486 0.7809323 -0.8526107 0.4956059 0.1656194 -0.8526123 0.4956032 0.1656202 -0.8526118 0.4956042 0.1656186 0.8097155 -0.4136814 -0.4162076 0.8097141 -0.4136835 -0.416208 0.8097167 -0.4136819 -0.4162046 -0.390287 -0.8727081 0.2933545 -0.7940865 -0.3097211 -0.5229719 -0.4421494 0.4580537 -0.771162 0.3801764 0.8717504 -0.3090586 0.7133018 0.3412569 0.6121637 0.3404363 -0.4249051 0.8387841 -0.853208 0.5206255 -0.03138852 -0.8532091 0.5206236 -0.0313881 -0.8532087 0.5206244 -0.03138911 0.3155158 -0.9218441 0.2250629 -0.07715171 -0.7770529 -0.6246892 -0.3999955 0.440797 -0.8035557 -0.2189837 0.9120869 -0.3466175 0.1380801 0.7607799 0.6341513 0.3710952 -0.3519505 0.8593133 -0.8883102 0.4279987 -0.1664999 -0.8883128 0.427999 -0.1664851 -0.8883077 0.4280055 -0.166496 -0.004352867 -0.9351394 0.3542535 -0.1265375 -0.7652461 -0.6311789 -0.1947047 0.2911719 -0.9366477 -0.03483355 0.9078588 -0.4178268 0.1407151 0.7681364 0.6246325 0.08333086 -0.2643039 0.9608327 -0.8221898 0.4718393 -0.3183894 -0.8221862 0.4718449 -0.3183903 -0.8221899 0.4718414 -0.3183859 -0.5667074 -0.7744038 0.2813208 -0.585806 -0.3866035 -0.7122984 -0.1105585 0.2995949 -0.9476391 0.5611625 0.7751643 -0.2902017 0.4907697 0.4103511 0.7686073 -3.95636e-4 -0.2268663 0.9739258 -0.730764 0.502663 -0.4618594 -0.7307654 0.5026611 -0.4618592 -0.7307682 0.5026615 -0.4618542 -0.6163935 -0.7436614 0.2588954 -0.4502797 -0.4672945 -0.7608444 0.0465579 0.2203401 -0.9743115 0.5110273 0.7865976 -0.3465767 0.3069823 0.5834981 0.751859 -0.2225309 -0.1288646 0.9663716 -0.6399563 0.4837718 -0.59701 -0.6399559 0.4837644 -0.5970163 -0.6399558 0.4837664 -0.5970149 -0.5021123 -0.7897529 0.352383 -0.265887 -0.6350798 -0.7252433 0.1720734 0.1545013 -0.9728927 0.4844583 0.7796186 -0.3968564 0.220662 0.6400489 0.7359659 -0.2683556 -0.1214222 0.9556369 -0.5342596 0.4926759 -0.6869041 -0.5342615 0.4926777 -0.6869013 -0.5342611 0.4926726 -0.6869052 -0.769394 -0.6269975 0.1220946 -0.3489135 -0.4117354 -0.841863 0.2414363 0.1911523 -0.9514039 0.6690552 0.6961129 -0.2603692 0.2205204 0.5276768 0.8203219 -0.4089046 -0.03070491 0.9120604 -0.3940641 0.5177028 -0.7594059 -0.3940696 0.517695 -0.7594084 -0.3940612 0.5176994 -0.7594099 -0.7684957 -0.62672 0.1289817 -0.2340744 -0.4927116 -0.8381198 0.3739833 0.08356732 -0.9236629 0.6966997 0.6625381 -0.2750508 0.1316915 0.6365479 0.7599107 -0.5220647 0.01888841 0.8526968 -0.2854494 0.4568653 -0.842492 -0.2854658 0.4568765 -0.8424803 -0.2854588 0.4568755 -0.8424834 -0.2284542 -0.245604 -0.9420655 0.4928476 0.004445314 -0.8701044 0.8751993 0.4151849 0.2482897 0.1167607 0.4143012 0.9026193 -0.6428173 0.1369352 0.7536808 -0.1667694 0.4187839 -0.8926411 -0.166759 0.4187775 -0.8926461 -0.1667667 0.4187753 -0.8926456 -0.8098438 -0.193272 -0.5538944 -0.1394153 -0.2126668 -0.9671279 0.5333966 -0.02832192 -0.845391 0.8662304 0.4166258 0.275804 0.05035299 0.4740055 0.879081 -0.7514212 0.2461546 0.6121881 -0.07369631 0.3740872 -0.9244608 -0.07369053 0.374095 -0.924458 -0.0736925 0.3740928 -0.9244589 -0.675807 -0.09033524 -0.7315221 0.02319598 -0.1961886 -0.9802919 0.7457541 -0.2168645 -0.6299371 0.6095198 0.08840626 0.7878261 0.06190592 0.2471346 0.9670016 -0.7648628 0.262439 0.5883119 0.04248571 -0.2429782 -0.969101 0.3840346 0.2036012 0.900591 0.5900488 -0.5460975 0.5946597 0.3607779 -0.9208491 -0.147906 -0.1232644 -0.5771782 -0.8072616 -0.5408691 0.2465294 -0.8041666 -0.5725531 0.7808555 -0.2498955 -0.1756733 0.8267817 0.5343884 0.4976258 0.6087296 -0.6179134 0.4976259 0.6087278 -0.6179151 0.4976186 0.6087286 -0.6179202 0.4976206 0.6087297 -0.6179175 -0.5254976 -0.7058298 0.4750332 -0.5255035 -0.7058274 0.4750305 -0.5255011 -0.7058273 0.4750331 -0.5255014 -0.7058251 0.4750361 -0.4027851 0.839726 -0.3641762 -0.4782491 0.2131987 -0.8519532 -0.2026826 -0.674036 -0.7103487 0.3353937 -0.9404178 0.05590659 0.5761788 -0.5532502 0.601608 0.4395968 0.2665166 0.8577433 -0.06328946 0.9219898 0.3820068 0.382409 0.5468693 -0.7447801 0.3824078 0.5468748 -0.7447767 0.3824055 0.5468764 -0.7447767 0.3824067 0.5468738 -0.7447779 -0.5924713 0.7468654 -0.3019436 -0.4528639 0.2294563 -0.8615476 -0.1315653 -0.383014 -0.9143254 0.5320349 -0.8233467 -0.1975832 0.6809124 -0.4344958 0.5895521 0.3522673 0.1577525 0.9225085 -0.2434774 0.7188376 0.6511461 0.1809459 0.5417181 -0.8208533 0.180949 0.5417143 -0.8208552 0.1809491 0.5417178 -0.8208528 0.1809483 0.5417172 -0.8208534 -0.6836471 0.6802549 -0.2643485 -0.4976852 0.2274924 -0.8369928 -0.1552945 -0.2054226 -0.9662739 0.5662791 -0.6266528 -0.5353825 0.8575164 -0.2716082 0.436915 0.4976252 0.2570579 0.8284265 -0.2026573 0.7297904 0.6529441 0.02947145 0.4367681 -0.8990912 0.02946585 0.4367738 -0.8990887 0.02946656 0.4367696 -0.8990907 0.02946776 0.4367674 -0.8990918 -0.5891532 0.6271098 -0.5095409 -0.5768402 0.1192941 -0.8080993 -0.3048601 -0.5720017 -0.7614949 0.5525524 -0.8125069 0.1857917 0.7118129 -0.2953106 0.6372708 0.5290416 0.2844382 0.7995061 -0.1590968 0.9257513 0.3430348 -0.133953 0.3710387 -0.9189053 -0.1339516 0.371044 -0.9189034 -0.1339516 0.3710424 -0.918904 -0.1339528 0.371042 -0.918904 -0.6702569 0.5463482 -0.5022542 -0.6779686 0.01875734 -0.7348516 -0.3262501 -0.7144809 -0.6189329 0.5843688 -0.7723349 0.2490223 0.7677671 -0.2339799 0.5964789 -0.1885882 0.9629155 0.1929466 -0.2092878 0.3147024 -0.92583 -0.2092862 0.3147103 -0.9258277 -0.2092865 0.3147097 -0.9258278 -0.2092824 0.3147135 -0.9258275 -0.8693473 0.4869627 -0.08427625 -0.6901561 0.008288979 -0.7236132 -0.357902 -0.3162298 -0.8785812 0.5073134 -0.6593995 -0.5548203 0.8598694 -0.1653594 0.4829916 0.5607556 0.2138219 0.7998959 -0.009512364 0.5405907 0.841232 -0.2632295 0.2665676 -0.9271742 -0.263229 0.26657 -0.9271737 -0.2632312 0.2665644 -0.9271746 -0.2632269 0.2665699 -0.9271743 -0.8545298 0.4674773 -0.226371 -0.6313818 0.0359385 -0.7746391 -0.3633502 -0.2116987 -0.9072818 0.3943747 -0.5783634 -0.7141179 0.8373617 -0.12051 0.5332006 0.5648467 0.2027447 0.7999019 0.03492784 0.5321364 0.8459379 -0.297162 0.1937274 -0.9349676 -0.2971693 0.1937369 -0.9349634 -0.2971695 0.1937371 -0.9349632 -0.2971708 0.1937323 -0.9349638 -0.8166828 0.4098165 -0.4063 -0.6733408 -0.05102068 -0.7375698 -0.375005 -0.4318067 -0.8203136 0.6264564 -0.7509603 -0.2088326 0.8319403 -0.02077156 0.5544762 0.6222819 0.3748015 0.6872329 -0.09838753 0.8417303 0.5308578 -0.326181 0.06359088 -0.943166 -0.3261796 0.06358921 -0.9431667 -0.3261806 0.06359457 -0.9431659 -0.3261831 0.06357955 -0.9431661 -0.7041596 0.1975527 -0.682006 -0.8141541 -0.2676408 -0.515288 -0.08550453 -0.9705998 0.2250005 0.6977122 -0.5516716 0.4570079 0.9711548 0.006996989 0.2383473 0.3740389 0.7589898 -0.5329443 -0.4011434 0.5559221 -0.7280348 -0.3904434 0.04197841 -0.9196695 -0.3904354 0.04196465 -0.9196735 -0.3904368 0.04196673 -0.9196729 -0.390435 0.04197537 -0.9196732 -0.2392033 -0.9584809 -0.1552296 0.6713362 0.6732752 0.309852 -0.3332191 0.93637 -0.1103466 0.6709997 -0.6568138 0.3440279 0.0296778 0.3527005 -0.9352656 -0.8738349 -0.270859 -0.4037923 -0.4284968 -0.04402613 -0.9024701 0.2440916 0.5163011 0.8208852 0.42198 0.4229446 0.8019046 0.02969062 0.3527023 -0.9352645 0.0296874 0.3527121 -0.9352608 0.02968704 0.3527139 -0.9352602 -0.4284987 -0.04402643 -0.9024692 -0.4284738 -0.04402917 -0.9024809 -0.4284744 -0.04400575 -0.9024818 -0.4284788 -0.04401087 -0.9024794</float_array>
          <technique_common>
            <accessor source="#group956064899-mesh-normals-array" count="1770" stride="3">
              <param name="X" type="float"/>
              <param name="Y" type="float"/>
              <param name="Z" type="float"/>
            </accessor>
          </technique_common>
        </source>
        <source id="group956064899-mesh-map-0">
          <float_array id="group956064899-mesh-map-0-array" count="10584">-0.03094619 -0.04973959 -0.03074282 -0.04611092 -0.02884966 -0.04612267 -0.0485394 -0.08946865 -0.04805183 -0.08784985 -0.04617828 -0.08813488 0.003583908 0.1361251 0.001429498 0.1375676 0.003275871 0.1379947 0.03310185 0.01107609 0.03295588 0.009100615 0.03119629 0.01088023 0.03551793 -0.04752826 0.03357994 -0.04760831 0.03313255 -0.0444132 0.03101515 -0.08698898 0.03145456 -0.08854866 0.02949625 -0.08858388 -0.02443879 0.1397955 -0.02254563 0.141613 -0.02248167 0.1397193 -0.03014075 0.03095638 -0.02985018 0.03287953 -0.02793931 0.03290331 -0.1437276 0.01661264 -0.1420367 0.01575744 -0.1463785 0.01047176 0.1443994 0.009549915 0.1418921 0.01564568 0.1435838 0.01649892 -0.1400381 0.00690037 -0.1403172 0.008870184 -0.1387704 0.01212996 -0.02924233 -0.1042489 -0.02957504 -0.1058161 -0.03146821 -0.105798 -0.1475952 0.01255899 -0.1461948 0.01775467 -0.1448816 0.01867258 0.1438076 0.01629734 0.145085 0.0151897 0.1466259 0.01189821 0.1409566 0.01338344 0.143743 0.008964061 0.1434836 0.007036507 0.03600668 0.01215696 0.034087 0.0120297 0.03424566 0.01393502 -0.1383779 0.01444047 -0.1383463 0.01252883 -0.1397426 0.009620487 0.03684484 -0.09118551 0.03636878 -0.08963954 0.03830564 -0.08953714 -0.1396239 0.01520884 -0.1410025 0.01039272 -0.1421892 0.009293437 0.1418848 0.009284436 0.140739 0.01043015 0.1393716 0.01338982 0.1407965 0.00828433 0.1382928 0.0123955 0.13828 0.01437634 -0.1426727 0.01677697 -0.1452476 0.01086574 -0.1470313 0.01150518 -0.02747344 0.03240245 -0.02773785 0.03043067 -0.02967578 0.03045654 0.1445379 0.01727735 0.1471683 0.01097249 0.145385 0.0103321 -0.02666866 -0.04738301 -0.02683043 -0.05098748 -0.02874124 -0.05101364 0.03784126 -0.04072165 0.03976017 -0.04058295 0.04026973 -0.04380309 -0.1422145 -0.05939453 -0.1411301 -0.05742239 -0.1400759 -0.05793541 -0.1837372 -0.02753859 -0.1828569 -0.02697193 -0.1820887 -0.02785921 0.02023273 0.1507704 0.01867336 0.1511526 0.01965695 0.1517928 0.118012 -0.01468789 0.1183575 -0.0158649 0.11695 -0.01521646 0.1458668 -0.05367124 0.1448085 -0.05423927 0.1436962 -0.05257958 0.1686195 -0.05859243 0.1694037 -0.0592184 0.1684313 -0.05994331 -0.02043527 0.1666602 -0.01887542 0.1671167 -0.01938211 0.1660584 -0.1056845 0.005305588 -0.1051229 0.006371021 -0.1040005 0.00599581 -0.1756463 0.005582988 -0.1748487 0.004722416 -0.1785075 0.002587914 0.176518 5.48787e-4 0.1737635 0.00356096 0.1745661 0.004417002 -0.1605176 -0.01912611 -0.1603302 -0.01790851 -0.1588295 -0.01625323 -0.1854717 -0.02618271 -0.1863393 -0.02666383 -0.1870999 -0.02577161 -0.1873839 0.02027457 -0.1853582 0.02292042 -0.1843899 0.02313691 0.1875863 0.0346046 0.1885843 0.03428816 0.1902679 0.03279465 0.1681478 -0.008366763 0.1706658 -0.01039814 0.1709 -0.01157963 0.1203889 -0.01103764 0.1193054 -0.01153326 0.1189785 -0.01039534 -0.1897787 0.03587687 -0.1902512 0.03479129 -0.1917843 0.03351008 0.1764047 -0.04738789 0.1755837 -0.0468139 0.176491 -0.0460267 -0.1891226 0.0347473 -0.1911219 0.03237521 -0.1920711 0.03205484 0.1932522 0.03321045 0.1923124 0.03356236 0.1907824 0.03487962 0.1936123 0.03411859 0.1911401 0.03578376 0.1906204 0.03689491 -0.1768594 0.01010644 -0.1796467 0.007247388 -0.1805395 0.008008837 -0.1036964 0.005213499 -0.1042517 0.004113793 -0.1053801 0.0045228 0.1781809 0.009570717 0.1810939 0.006502687 0.1802033 0.005738735 -0.1384925 -0.06065613 -0.1395447 -0.06262737 -0.1406195 -0.06213212 0.1464692 -0.04634356 0.1475012 -0.04574805 0.1486548 -0.04740494 0.1648243 0.1373591 0.165684 0.1583321 0.1707175 0.1568068 0.00276494 0.1976061 -0.01033318 0.2140087 -0.005532026 0.2161562 -0.1166734 0.1378 -0.1279923 0.1554774 -0.1130959 0.1416555 -0.1672066 0.07390594 -0.1868481 0.08131003 -0.1838189 0.08560961 -0.2000945 0.02932053 -0.2134675 0.04549986 -0.1970095 0.0335803 -0.212225 0.04368746 -0.2226186 0.06192427 -0.2084538 0.0473535 -0.1597908 0.1388844 -0.1707174 0.1568069 -0.1656839 0.1583322 0.002036035 0.1954587 0.005532026 0.2161562 0.01033318 0.2140088 0.1130959 0.1416555 0.1315697 0.1516219 0.1166734 0.1378 0.1672066 0.07390594 0.1868481 0.08131003 0.1702356 0.06960636 0.2000945 0.02932053 0.2134675 0.04549992 0.2165526 0.04124021 0.2084538 0.0473535 0.2263897 0.05825817 0.212225 0.04368746 -0.09564691 -0.05711078 -0.1052187 -0.07187879 -0.1132222 -0.05620545 0.09916967 -0.05320543 0.1093168 -0.05268263 0.1102222 -0.07025796 -0.05794042 -0.04756349 -0.05759835 -0.04394525 -0.05570697 -0.04402941 -0.07922989 -0.08734428 -0.07866156 -0.08575201 -0.07680463 -0.08613079 0.01524204 0.1528891 0.01298797 0.1541703 0.01479822 0.1547312 0.05785548 0.01745593 0.05777782 0.01547658 0.05595785 0.01719427 0.06272584 -0.04467701 0.06079226 -0.04483067 0.06022363 -0.041655 0.06035912 -0.0875352 0.06087142 -0.08907246 0.05891692 -0.0891999 -0.03345155 0.1562215 -0.03138428 0.1578383 -0.03151226 0.1559478 -0.05387264 0.03897953 -0.05351531 0.04089134 -0.05160474 0.04084867 -0.1554369 0.01952385 -0.1537486 0.01866358 -0.1581063 0.01339095 0.1558021 0.01244115 0.1532794 0.0185306 0.154969 0.01938813 -0.1470113 0.008135914 -0.1472974 0.01010459 -0.1457625 0.01336991 -0.06077986 -0.1061132 -0.06120443 -0.1076581 -0.06309318 -0.1075286 -0.163112 0.01828312 -0.1616665 0.0234664 -0.1603454 0.02437293 0.1617807 0.02536618 0.1630721 0.02427506 0.164655 0.02100354 0.150149 0.01439261 0.1529328 0.009971499 0.1526723 0.008044123 0.06091845 0.01886802 0.05900418 0.01867473 0.05909711 0.02058434 -0.1583034 0.02335065 -0.1583024 0.02143871 -0.159745 0.01855301 0.06697249 -0.09076899 0.06642192 -0.08924794 0.06835156 -0.08905166 -0.1589094 0.02382737 -0.1603597 0.01903229 -0.1615627 0.01795089 0.1618476 0.01797163 0.1606838 0.01909893 0.1592693 0.02203649 0.1612675 0.01736319 0.1586949 0.02143162 0.1586488 0.02341187 -0.1552948 0.02071899 -0.1578953 0.01481896 -0.1596761 0.01546615 -0.05112504 0.04030519 -0.05145788 0.03834378 -0.05339366 0.038437 0.1570875 0.02064096 0.1597447 0.01434743 0.1579641 0.01369947 -0.05343574 -0.04562592 -0.05373573 -0.04922157 -0.05564612 -0.0491743 0.0650472 -0.03720915 0.06695961 -0.03699851 0.06758975 -0.04019731 -0.1319206 -0.1100129 -0.1317337 -0.1068584 -0.1297411 -0.1090143 -0.09507906 0.1562341 -0.09884071 0.1567698 -0.09642726 0.1584413 -0.006615102 0.04367113 -0.01009017 0.04501706 -0.007386088 0.04613989 0.08004039 -0.1031183 0.07639652 -0.1024067 0.07875692 -0.1008729 0.1806088 0.09393346 0.1840217 0.09266251 0.1817161 0.09149068 0.04392278 0.1178776 0.04725819 0.1191435 0.04629456 0.1167433 -0.04775393 -0.06887525 -0.04487043 -0.06744688 -0.04535222 -0.07010012 -0.1732951 0.02595674 -0.173614 0.02253144 -0.1756339 0.02543008 0.1983096 0.04072648 0.2003754 0.04228276 0.2027518 0.03697931 -0.1833376 0.02247017 -0.1813593 0.01954305 -0.1847157 0.02015227 -0.1702799 0.08639961 -0.1709147 0.08890682 -0.1675737 0.08821809 -0.1954288 0.05663925 -0.1979023 0.05739504 -0.1956768 0.05977767 -0.1851356 -0.01886713 -0.1867025 -0.0209248 -0.1882231 -0.01816809 -0.1778476 0.01252853 -0.1773598 0.009988605 -0.1804774 0.01053828 -0.1961436 0.04302966 -0.1940258 0.04154509 -0.1967162 0.03963762 -0.05454987 -0.05107897 -0.05292922 -0.05225586 -0.05584055 -0.05362659 -0.1801369 -0.05333298 -0.1782574 -0.05226922 -0.1794255 -0.05520534 0.1994976 0.02976918 0.2015542 0.02910959 0.2029121 0.02659714 0.2106417 0.05825316 0.218347 0.0500257 0.2072749 0.05570209 0.2107256 0.07366973 0.2162172 0.06344324 0.2071987 0.07092964 0.186163 0.121912 0.1900665 0.1130096 0.1821427 0.1197147 0.2182466 0.02178633 0.216125 0.02754616 0.2219374 0.02611029 -0.1719664 -0.09636348 -0.1698372 -0.08312541 -0.16694 -0.09514832 -0.185124 -0.01671969 -0.1797805 -0.00640738 -0.1817157 -0.01797211 -0.1012068 0.01228839 -0.0943337 0.02134197 -0.0978741 0.008946537 -0.009870409 0.06589156 2.10931e-4 0.07117152 -0.006282687 0.06265532 0.0740813 0.1051202 0.08504217 0.1064091 0.07641911 0.1011269 0.1801552 0.09516549 0.1912715 0.0880894 0.1880393 0.0853697 0.1036364 -0.06057864 0.1047289 -0.08053189 0.09504723 -0.05523586 -0.1317646 -0.07534432 -0.1341704 -0.06398862 -0.1296163 -0.05367726 0.07543271 0.1204546 0.07548487 0.1153712 0.06688302 0.1150545 0.175239 0.08468818 0.1661584 0.08914506 0.1669722 0.09416317 0.005661368 0.06703943 0.008167445 0.06314951 -8.36772e-4 0.05852663 -0.0623008 0.009458005 -0.05881798 0.006109118 -0.06531786 -0.003075063 -0.1679237 -0.01856499 -0.1652412 -0.0224483 -0.1691475 -0.0302264 -0.2076156 -0.005637884 -0.2046216 -0.007692337 -0.2097283 -0.0178231 0.1434693 -0.1483795 0.1370609 -0.147756 0.1465857 -0.1430911 0.2180486 0.0572614 0.2121083 0.05800873 0.2123402 0.06593096 0.2115013 0.0672335 0.2071802 0.06571125 0.2022426 0.07442075 0.218683 0.05127573 0.2149285 0.04885685 0.2076002 0.05693137 -0.07909482 -0.07561361 -0.08952718 -0.08403646 -0.1010439 -0.082129 -0.08256024 -0.06529891 -0.1045719 -0.07159948 -0.1116557 -0.06494271 0.07480943 0.01444131 0.06792801 0.01050913 0.05740386 0.009196877 0.06670433 -0.09617137 0.05749624 -0.08954381 0.05480766 -0.08126544 -0.06211602 -0.06060039 -0.05882793 -0.0714814 -0.06321245 -0.08223658 -0.08040255 -0.05530709 -0.08274203 -0.07684433 -0.1118373 -0.07647299 -0.08298856 -0.05804491 -0.07376867 -0.06471616 -0.1047374 -0.08655822 -0.1125804 -0.0386008 -0.1018565 -0.03094309 -0.09091651 -0.0323984 -0.1040852 -0.06516951 -0.08259207 -0.0583989 -0.1043022 -0.08694165 0.1216884 -0.1757928 0.1159 -0.1795333 0.1154054 -0.1743858 0.06704765 0.210774 0.06047928 0.2128603 0.05776834 0.2178571 0.1063331 -0.07042074 0.08925336 -0.07664483 0.07639974 -0.06255578 0.1053216 -0.07375663 0.07541155 -0.06580376 0.078776 -0.05506694 0.1000999 -0.08096814 0.07384872 -0.06186705 0.08220058 -0.0561493 0.09114068 -0.08823722 0.07392513 -0.06293922 0.08252441 -0.06255882 0.1277689 -0.04913747 0.132256 -0.05907577 0.1305026 -0.06893271 -0.0940212 -0.07333248 -0.09625661 -0.07109892 -0.0933215 -0.07103943 0.1126558 0.1640251 0.1101105 0.1668462 0.1130344 0.1665835 0.0995292 0.1223317 0.09688174 0.1249544 0.09980916 0.124903 0.09759902 -0.02132201 0.09496665 -0.01870375 0.09778136 -0.01874208 0.09289842 -0.1500726 0.09024107 -0.152563 0.09021812 -0.1499767 -0.1011089 0.1629475 -0.09868818 0.1655682 -0.0984801 0.1629903 -0.09865891 0.02598077 -0.09676718 0.02858388 -0.09596294 0.02600991 -0.1912429 0.04315567 -0.189511 0.0401833 -0.1928396 0.04136735 0.1710088 0.06007587 0.1735573 0.06051695 0.1732492 0.0547136 -0.1939519 0.03904038 -0.1906343 0.03782582 -0.1937119 0.03635454 -0.1913663 0.03237652 -0.1933982 0.03397685 -0.1903301 0.03546798 -0.1561608 -0.006502032 -0.1586239 -0.00729078 -0.1581532 -0.0040645 -0.1095821 0.02424824 -0.1105078 0.02183324 -0.1127416 0.02405172 -0.1148532 0.09159624 -0.1137797 0.08924311 -0.116939 0.08904153 -0.1653278 0.09601432 -0.1627914 0.09550845 -0.1644856 0.0926789 -0.1099274 0.03789007 -0.1079421 0.03762531 -0.1098515 0.03503519 -0.1316235 -0.07588464 -0.1315207 -0.07372736 -0.1296603 -0.0762816 0.1556514 0.05481499 0.1572655 0.05337995 0.1574909 0.05053281 0.01960611 -0.0690872 0.01901477 -0.06550121 0.02086508 -0.06510061 0.01807427 -0.1240762 0.01807528 -0.1223855 0.01995164 -0.1221192 0.02365744 0.1621363 0.02218592 0.1642709 0.02405977 0.1639879 -7.29553e-4 0.002745926 -0.001239359 8.31904e-4 -0.002638459 0.002906858 -0.01305323 -0.068394 -0.0149641 -0.06806099 -0.01472342 -0.06484377 -0.03641498 -0.1112596 -0.03642803 -0.11288 -0.03831845 -0.1123677 -0.05796289 0.1609486 -0.05696928 0.1633778 -0.05614292 0.1616726 -3.04324e-4 0.02945727 -3.76437e-4 0.03140074 0.001496613 0.03177952 -0.1757681 0.03187811 -0.1741745 0.03085309 -0.1790379 0.02604305 0.1776171 0.0252977 0.1744794 0.03109431 0.1760716 0.03212153 -0.178651 0.0285663 -0.1786569 0.03055578 -0.1766772 0.03357219 0.0550605 -0.1268316 0.05531531 -0.1284134 0.05354315 -0.1290793 -0.1743502 0.01919639 -0.1725881 0.0242806 -0.1712137 0.02510404 0.1656113 0.01216161 0.1669376 0.01111304 0.1686262 0.007894814 0.1762712 0.03339076 0.1795759 0.02934426 0.1795537 0.02739948 0.003271043 0.003896892 0.001360297 0.00412178 0.001863539 0.005966246 -0.1555308 0.006982386 -0.1555399 0.005070567 -0.1569977 0.002192497 -0.03125911 -0.1192198 -0.03127712 -0.1176023 -0.02939081 -0.1180536 -0.158377 0.009614169 -0.1598961 0.004840493 -0.1611145 0.003776431 0.1592648 0.002712905 0.1580943 0.003833413 0.1566627 0.006762444 0.1568343 -2.23626e-4 0.1542677 0.003848493 0.1542245 0.005828917 -0.1735576 0.0293982 -0.1766873 0.02376097 -0.1784014 0.02456831 0.00217849 0.0312516 0.002286255 0.0292651 3.77527e-4 0.02892941 0.1753889 0.03105014 0.1786135 0.02502757 0.1769001 0.02421855 0.02398973 -0.06567138 0.02462625 -0.06922292 0.02276813 -0.06966954 -0.007544696 -0.06225806 -0.005638062 -0.06251597 -0.005799949 -0.06577217 -0.02561253 -0.05915439 -0.02568441 -0.05552071 -0.02379584 -0.05538904 -0.04076129 -0.1093631 -0.04042637 -0.1077061 -0.0385344 -0.1078155 0.02233129 0.158061 0.02042186 0.1598148 0.02231168 0.1599557 0.03348749 0.01156944 0.03321194 0.009607851 0.03157311 0.01149916 0.03136211 -0.05698698 0.02942359 -0.05692505 0.02921104 -0.05370593 0.02038019 -0.1035639 0.0206691 -0.1051583 0.01871633 -0.1050069 -0.0510804 0.1580435 -0.04953819 0.160167 -0.04914069 0.1583143 -0.0315054 0.03598994 -0.03134423 0.03792822 -0.02943933 0.03807991 -0.1673791 0.02906829 -0.1657327 0.02813029 -0.1703311 0.02306634 0.1684141 0.0221703 0.1656021 0.02813172 0.1672487 0.0290693 -0.163998 0.02071416 -0.1641544 0.02269738 -0.1624087 0.02585512 -0.01334422 -0.1247979 -0.0134837 -0.126394 -0.01536494 -0.1266065 -0.1709633 0.022996 -0.1693702 0.02813589 -0.1680239 0.02900427 0.1663011 0.02375555 0.1676089 0.02268403 0.169241 0.01943683 0.1647343 0.02661389 0.1677667 0.02235949 0.1676171 0.02042037 0.03702098 0.01301366 0.035097 0.01301032 0.03537797 0.01490139 -0.1599739 0.02032685 -0.1599785 0.01841497 -0.1614297 0.01553344 0.02704858 -0.1091235 0.02672117 -0.1075394 0.0286591 -0.1076211 -0.161553 0.02179378 -0.163037 0.01700901 -0.1642475 0.01593601 0.1636052 0.01546168 0.1624377 0.01658529 0.1610138 0.01951813 0.1622211 0.01377499 0.1596488 0.0178436 0.1596029 0.0198239 -0.1662784 0.02870184 -0.169127 0.02291744 -0.1708788 0.02363961 -0.0288608 0.03752464 -0.02899223 0.03553944 -0.03092741 0.03543514 0.1681191 0.02939724 0.171043 0.0232231 0.1692917 0.02249956 -0.0210644 -0.05665981 -0.02094841 -0.06026607 -0.02285158 -0.06043916 0.03521645 -0.04973495 0.03714036 -0.04973125 0.03742277 -0.05297923 -0.1400756 0.01488482 -0.1404952 0.01709604 -0.1393557 0.01737165 -0.1395516 -0.03592497 -0.1395834 -0.03487843 -0.1384271 -0.0346778 0.1864927 0.04078549 0.1860985 0.04234188 0.1871254 0.04177361 0.153896 0.06397742 0.1535128 0.06281214 0.1527217 0.06414479 0.14412 0.01663327 0.1429451 0.01688271 0.1431671 0.01886826 0.1293314 -0.02927231 0.1293313 -0.03027582 0.1281581 -0.0299679 -0.1772118 -0.05146259 -0.1776663 -0.0499022 -0.1766086 -0.05041033 -0.1555496 0.07686269 -0.155669 0.07806116 -0.1545259 0.07836747 -0.1252421 0.06576728 -0.1241038 0.06548255 -0.1260012 0.06169533 0.1230712 0.06241339 0.1223806 0.06643629 0.1235184 0.06672304 -0.09709942 0.067348 -0.09748393 0.06851845 -0.09689575 0.07067406 -0.1190508 -0.05854666 -0.1189449 -0.05953311 -0.1200627 -0.05988699 -0.1492745 0.0618723 -0.1492614 0.06520456 -0.1486212 0.06596249 0.1655508 0.06967228 0.1661156 0.06879073 0.1664544 0.06656575 0.1088095 0.06364387 0.1099632 0.06062132 0.1095712 0.05948251 0.1563757 0.06367301 0.1552041 0.06388986 0.1555902 0.06500905 -0.1719658 0.06203311 -0.1715994 0.06090736 -0.1718969 0.05893164 0.1322888 -0.03392469 0.1322848 -0.03292304 0.133451 -0.03321087 -0.1689963 0.0633713 -0.168951 0.06026929 -0.1694576 0.05940514 0.1723816 0.05734616 0.1719107 0.05823218 0.1716372 0.06023252 0.1748373 0.05677908 0.1741111 0.05967015 0.1744672 0.06084412 -0.1303898 0.06759744 -0.1310973 0.06366783 -0.1322634 0.06379848 -0.1540683 0.07833909 -0.1539268 0.07711529 -0.155094 0.07683575 0.1305145 0.06519693 0.1312052 0.06102311 0.1300393 0.06089019 -0.1373544 0.01628607 -0.13692 0.01409435 -0.1380653 0.01379668 0.1475132 0.02196097 0.1486844 0.02174252 0.1484836 0.01973348 -0.03648734 -0.06642609 -0.03647339 -0.06279176 -0.03458213 -0.06270486 -0.05327963 -0.1053509 -0.05287122 -0.1037103 -0.05098605 -0.103904 0.02737903 0.1358526 0.0254116 0.1375412 0.02729564 0.1377456 0.0420686 -0.00384742 0.0418393 -0.005814909 0.04015642 -0.003962755 0.04175865 -0.06410413 0.03981918 -0.06409335 0.03952187 -0.06088078 0.03304827 -0.1037757 0.03338122 -0.1053615 0.03142493 -0.1052643 -0.04858005 0.1381826 -0.04689884 0.1401978 -0.04662638 0.1383227 -0.03986001 0.01741623 -0.03965586 0.01935034 -0.03774797 0.01945984 -0.1501452 0.02093118 -0.1485674 0.01988202 -0.1535035 0.01514673 0.1515213 0.01409864 0.148307 0.01985305 0.1498852 0.02090138 -0.1458489 0.01154124 -0.145877 0.01353055 -0.1439311 0.01656889 -0.02755761 -0.1205492 -0.02774882 -0.12214 -0.0296359 -0.1222913 -0.1558633 0.0164929 -0.1539103 0.02150702 -0.1525058 0.02227789 0.1525532 0.01955765 0.153935 0.01858341 0.1557976 0.01546257 0.1468271 0.01763659 0.1501379 0.01359522 0.1501187 0.01165038 0.04518288 -0.002619743 0.04325962 -0.002671301 0.04349315 -7.7379e-4 -0.1480761 0.0155186 -0.1482173 0.01361197 -0.1498705 0.01084148 0.03974646 -0.1076404 0.03936463 -0.1060685 0.04130423 -0.1060834 -0.1490218 0.01681774 -0.1508443 0.01215153 -0.1521285 0.011168 0.1520284 0.01061797 0.1507838 0.0116555 0.1491546 0.01447951 0.1511849 0.009237587 0.1483294 0.01311278 0.1481426 0.01508486 -0.1494168 0.02092748 -0.15266 0.01535487 -0.1543574 0.01619678 -0.03724271 0.01893866 -0.03741765 0.01695692 -0.03935474 0.01689517 0.1512007 0.02150511 0.154546 0.01554876 0.1528491 0.01470541 -0.03206843 -0.0639888 -0.03203332 -0.06759679 -0.03393971 -0.0677272 0.04495012 -0.05702584 0.04687321 -0.05696666 0.04724919 -0.06020516 -0.1148471 -0.02512705 -0.1147423 -0.02287882 -0.1135699 -0.02287513 -0.1317301 -0.06835269 -0.1314459 -0.06734508 -0.1302828 -0.06750118 0.08607131 0.170059 0.0847429 0.1709608 0.08588796 0.1712179 0.1179437 0.03970628 0.117842 0.03848379 0.1167625 0.03959584 0.1197313 -0.02165073 0.1185307 -0.0216878 0.1182743 -0.0197063 0.114476 -0.06968086 0.114737 -0.07064974 0.1135241 -0.07065767 -0.1118061 0.1582083 -0.1106602 0.1593608 -0.1105933 0.1581892 -0.1146473 0.06270062 -0.1144774 0.06389302 -0.1132943 0.06391769 -0.1575958 0.03314828 -0.1565328 0.03265154 -0.1591182 0.02929615 0.1566241 0.02899175 0.1551893 0.03281313 0.1562529 0.03330874 -0.1364597 0.02493315 -0.1366683 0.02614742 -0.1357702 0.02819335 -0.1130004 -0.09384292 -0.1131924 -0.09481632 -0.1143649 -0.09482192 -0.1744728 0.03719693 -0.1737079 0.0404402 -0.1729131 0.0410341 0.1816515 0.04845458 0.1824204 0.04774385 0.1833094 0.04567635 0.1458089 0.02610373 0.1474504 0.0233156 0.1472535 0.02212738 0.1210628 0.04163759 0.1198732 0.0415706 0.1199831 0.04274946 -0.1848198 0.04492223 -0.1847633 0.04373955 -0.1855713 0.04191237 0.1209153 -0.0714823 0.1206339 -0.07052087 0.121834 -0.07047426 -0.1834502 0.04510891 -0.1842098 0.04210114 -0.1849229 0.04139763 0.1866987 0.040847 0.1860118 0.04157835 0.1852226 0.04343658 0.187676 0.04095166 0.1862054 0.04354453 0.1862356 0.04477077 -0.1605738 0.03633505 -0.1620531 0.03262633 -0.1631695 0.03298753 -0.112796 0.06345719 -0.1129495 0.06223475 -0.1141497 0.06224077 0.1613938 0.03444987 0.1628996 0.03049635 0.1617833 0.03013455 -0.111272 -0.02477741 -0.1113523 -0.02701032 -0.1125354 -0.02703714 0.1231373 -0.01462185 0.1243266 -0.01454961 0.1246192 -0.01654726 -0.1574589 -0.06635016 -0.1558338 -0.0647931 -0.1549816 -0.06559818 -0.1962724 0.01012897 -0.1952342 0.01026433 -0.1949197 0.009133756 -0.01011794 0.1167356 -0.01169991 0.1170105 -0.01076227 0.1177163 0.1146391 -0.04565614 0.1152151 -0.04673916 0.1137056 -0.04638808 0.1597591 -0.06085658 0.1589159 -0.06171196 0.1573628 -0.06045526 0.1915062 -0.02447617 0.1924844 -0.02469909 0.1919237 -0.02577453 0.0121656 0.1380926 0.01375496 0.1384327 0.01317143 0.1374146 -0.09593343 -0.0307756 -0.0951963 -0.02982312 -0.09415566 -0.03038644 -0.1921248 0.0128948 -0.1915535 0.01186978 -0.1956137 0.01066237 0.19445 0.007962644 0.1910642 0.01024234 0.1916429 0.01126313 -0.1859094 -0.01554989 -0.1854588 -0.01440334 -0.1836307 -0.01311862 -0.1939975 0.03670418 -0.1949889 0.03674209 -0.1951774 0.03789913 -0.1983538 0.02544206 -0.1957592 0.02753299 -0.1947672 0.02751404 0.195243 0.03307759 0.196287 0.03300029 0.1982702 0.03193593 0.189151 3.02305e-4 0.1920782 -0.001075506 0.1925853 -0.00216794 0.1164508 -0.04165923 0.1154892 -0.04236268 0.11494 -0.04131376 -0.194717 0.03510439 -0.1954336 0.03416192 -0.1972269 0.03328114 0.1956467 -0.01016581 0.1946577 -0.01000648 0.1951315 -0.008902847 -0.1948429 0.03444451 -0.1973465 0.03261268 -0.1983445 0.03252571 0.1985214 0.03385752 0.1975251 0.03397554 0.1957254 0.03489071 0.1984131 0.03403651 0.1956155 0.03506529 0.1948462 0.03602069 -0.1921071 0.01560139 -0.1954871 0.01347589 -0.1961765 0.01442539 -0.09396332 -0.03124594 -0.09470015 -0.03223323 -0.09574097 -0.03163576 0.1931484 0.0168823 0.1967076 0.01459562 0.1960244 0.01364165 -0.1541424 -0.06800913 -0.1557406 -0.06957054 -0.1566157 -0.06877392 0.1583981 -0.055386 0.1592144 -0.05451828 0.1607969 -0.05577224 0.003583908 0.1361251 0.00171715 0.1356948 0.001429498 0.1375676 -0.02443879 0.1397955 -0.02448219 0.1416898 -0.02254563 0.141613 0.02023273 0.1507704 0.01923805 0.150124 0.01867336 0.1511526 -0.02043527 0.1666602 -0.01991707 0.1677129 -0.01887542 0.1671167 0.1648243 0.1373591 0.1597909 0.1388843 0.165684 0.1583321 0.00276494 0.1976061 -0.002036035 0.1954587 -0.01033318 0.2140087 -0.1166734 0.1378 -0.1315697 0.1516219 -0.1279923 0.1554774 -0.1672066 0.07390594 -0.1702356 0.06960636 -0.1868481 0.08131003 -0.2000945 0.02932053 -0.2165526 0.04124021 -0.2134675 0.04549986 -0.212225 0.04368746 -0.2263897 0.05825817 -0.2226186 0.06192427 -0.1597908 0.1388844 -0.1648243 0.1373591 -0.1707174 0.1568069 0.002036035 0.1954587 -0.00276494 0.1976061 0.005532026 0.2161562 0.1130959 0.1416555 0.1279923 0.1554774 0.1315697 0.1516219 0.1672066 0.07390594 0.1838189 0.08560961 0.1868481 0.08131003 0.2000945 0.02932053 0.1970095 0.0335803 0.2134675 0.04549992 0.2084538 0.0473535 0.2226186 0.06192427 0.2263897 0.05825817 -0.1132222 -0.05620545 -0.1093168 -0.05268263 -0.09564691 -0.05711078 -0.1093168 -0.05268263 -0.1041732 -0.0515846 -0.09564691 -0.05711078 -0.1041732 -0.0515846 -0.09916967 -0.05320543 -0.09564691 -0.05711078 -0.09564691 -0.05711078 -0.09454882 -0.06225436 -0.09616965 -0.06725794 -0.09616965 -0.06725794 -0.1000751 -0.07078069 -0.1052187 -0.07187879 -0.1052187 -0.07187879 -0.1102222 -0.07025796 -0.1137449 -0.06635254 -0.1137449 -0.06635254 -0.114843 -0.06120896 -0.1052187 -0.07187879 -0.114843 -0.06120896 -0.1132222 -0.05620545 -0.1052187 -0.07187879 -0.09564691 -0.05711078 -0.09616965 -0.06725794 -0.1052187 -0.07187879 0.1093168 -0.05268263 0.1132222 -0.05620545 0.1102222 -0.07025796 0.1132222 -0.05620545 0.114843 -0.06120896 0.1102222 -0.07025796 0.114843 -0.06120896 0.1137449 -0.06635254 0.1102222 -0.07025796 0.1102222 -0.07025796 0.1052187 -0.07187879 0.1000751 -0.07078069 0.1000751 -0.07078069 0.09616965 -0.06725794 0.1102222 -0.07025796 0.09616965 -0.06725794 0.09454882 -0.06225436 0.1102222 -0.07025796 0.09454882 -0.06225436 0.09564691 -0.05711078 0.09916967 -0.05320543 0.09916967 -0.05320543 0.1041732 -0.0515846 0.1093168 -0.05268263 0.09454882 -0.06225436 0.09916967 -0.05320543 0.1102222 -0.07025796 0.01524204 0.1528891 0.01341176 0.1523235 0.01298797 0.1541703 -0.03345155 0.1562215 -0.0333032 0.1581104 -0.03138428 0.1578383 -0.09507906 0.1562341 -0.09748584 0.1545668 -0.09884071 0.1567698 -0.006615102 0.04367113 -0.009211957 0.04258435 -0.01009017 0.04501706 0.08004039 -0.1031183 0.07779371 -0.1045831 0.07639652 -0.1024067 0.1806088 0.09393346 0.182938 0.09505784 0.1840217 0.09266251 0.04392278 0.1178776 0.04482364 0.1203019 0.04725819 0.1191435 0.2003754 0.04228276 0.2039377 0.03927779 0.2027518 0.03697931 0.2027518 0.03697931 0.2002153 0.03647351 0.1982384 0.03814113 0.1982384 0.03814113 0.1983096 0.04072648 0.2027518 0.03697931 0.1126558 0.1640251 0.1097396 0.1642866 0.1101105 0.1668462 0.0995292 0.1223317 0.09671449 0.1223735 0.09688174 0.1249544 0.09759902 -0.02132201 0.09491717 -0.0212897 0.09496665 -0.01870375 0.09289842 -0.1500726 0.0928685 -0.1526588 0.09024107 -0.152563 -0.1011089 0.1629475 -0.1013838 0.1655192 -0.09868818 0.1655682 0.1735573 0.06051695 0.1753539 0.05621665 0.1732492 0.0547136 0.1732492 0.0547136 0.1707617 0.05542194 0.1697646 0.05780839 0.1697646 0.05780839 0.1710088 0.06007587 0.1732492 0.0547136 0.02365744 0.1621363 0.02176344 0.1624239 0.02218592 0.1642709 -0.05796289 0.1609486 -0.05877053 0.1626627 -0.05696928 0.1633778 0.02233129 0.158061 0.02042078 0.1579201 0.02042186 0.1598148 -0.0510804 0.1580435 -0.05145782 0.1599003 -0.04953819 0.160167 0.1864927 0.04078549 0.1854551 0.04136061 0.1860985 0.04234188 -0.1772118 -0.05146259 -0.1782639 -0.05094295 -0.1776663 -0.0499022 0.02737903 0.1358526 0.0254743 0.1356475 0.0254116 0.1375412 -0.04858005 0.1381826 -0.04883199 0.1400606 -0.04689884 0.1401978 0.08607131 0.170059 0.08491367 0.1697999 0.0847429 0.1709608 -0.1118061 0.1582083 -0.1118602 0.1593804 -0.1106602 0.1593608 -0.01011794 0.1167356 -0.01106625 0.1160229 -0.01169991 0.1170105 0.0121656 0.1380926 0.01276028 0.1391042 0.01375496 0.1384327 0.1874744 0.1069333 0.1824827 0.1099312 0.1913599 0.1126755 0.0230425 0.2043198 0.01745283 0.2026892 0.02141821 0.2110053 -0.111488 0.1546823 -0.1155614 0.1505216 -0.1161219 0.1597346 -0.1660293 0.08598577 -0.1693021 0.08116984 -0.1713957 0.0902692 -0.194285 0.04030883 -0.1974089 0.03539484 -0.1996824 0.0446226 -0.2076451 0.0406897 -0.2112992 0.03615629 -0.2124162 0.04577505 -0.1770065 0.1176609 -0.1821299 0.1148942 -0.1793159 0.1243116 -0.02408605 0.1974969 -0.02971744 0.1989776 -0.02115726 0.2039566 0.1045626 0.1491548 0.1003366 0.1531603 0.1102191 0.1534739 0.1611768 0.07872444 0.1578352 0.08349293 0.1675014 0.08196491 0.1917428 0.02966326 0.1886688 0.03460842 0.1981074 0.03272789 0.2107948 0.03479123 0.2071589 0.03933924 0.2129016 0.04322391 -0.08693611 -0.07081192 -0.09742325 -0.06674349 -0.09914338 -0.05562704 0.09920722 -0.05966085 0.09276098 -0.06887918 0.07679432 -0.05771392 0.1904315 0.04462915 0.1967335 0.04767793 0.1998754 0.04277557 0.2104369 0.03283673 0.2138718 0.028135 0.2078692 0.02453273 0.1601543 0.09464275 0.1664587 0.09782934 0.1698132 0.09307003 0.09951317 0.1648921 0.1051503 0.1692193 0.1093948 0.1652333 -0.05041533 0.202413 -0.0480194 0.2091145 -0.04229032 0.2080745 -0.1978034 0.09113264 -0.2009732 0.09747761 -0.1962138 0.1008321 -0.210034 0.02335017 -0.2151707 0.02816462 -0.2117542 0.03287965 -0.1905205 0.03451174 -0.196033 0.03878217 -0.192925 0.04370611 -0.1574689 0.08774131 -0.1627497 0.09219717 -0.1593097 0.09689515 -0.09415251 0.1591412 -0.09837275 0.1645575 -0.09397119 0.1683694 0.04746949 0.1958902 0.04670292 0.2027027 0.05244946 0.2036415 0.1863321 0.1030734 0.1903879 0.1086309 0.1953002 0.1055046 0.1690885 0.0106765 0.1710744 0.00300461 0.166609 0.01065444 -0.1649026 -0.003656446 -0.1662379 -0.01251453 -0.1710511 -0.006224811 -0.1743513 0.0499987 -0.1790982 0.04323983 -0.1756117 0.05035644 0.1235546 0.003599286 0.1291171 -0.003293991 0.1227638 -0.008030831 -0.1063542 0.02443104 -0.09533745 0.02648913 -0.09981673 0.01995182 0.1440276 -0.02784425 0.1493226 -0.02194803 0.1532924 -0.02407515 0.1566986 -0.008622169 0.1618885 -0.001621246 0.1659747 -0.003554761 -0.04727089 0.02574008 -0.04090046 0.03299617 -0.04720002 0.02582091 -0.1706833 0.04897224 -0.1752051 0.04692894 -0.1764727 0.04726058 0.09380251 -0.01261276 0.08873146 -0.006093621 0.09539449 -0.001064777 0.1536428 -0.02435553 0.1484985 -0.0309298 0.1443884 -0.02814978 -0.1700324 0.04427647 -0.1753022 0.04334288 -0.1708093 0.04544889 0.1735025 0.003262639 0.1700125 -0.004320383 0.1648527 -0.002898991 0.1632656 -0.01534402 0.1694165 -0.01792097 0.1669372 -0.01795232 0.1149901 -0.09834468 0.1145412 -0.09861153 0.1149335 -0.09827917 0.1680143 0.05204004 0.1635793 0.04532897 0.1620353 0.05227124 -0.1685364 0.01105767 -0.169012 0.01815795 -0.1651565 0.01937907 0.173966 0.01937621 0.1741933 0.01841735 0.1685594 0.01933151 0.1745346 0.01652193 0.1684111 0.01041674 0.1689141 0.01751524 -0.1711276 -0.01240283 -0.166527 -0.009220123 -0.1660484 -0.01038897 -0.17048 0.02314376 -0.1754071 0.03027838 -0.1660987 0.03161436 -0.09366971 0.07058787 -0.1020188 0.07400727 -0.1013084 0.07469016 0.1657719 -0.00395292 0.1659318 -0.005185544 0.1605964 -0.002515435 0.1750584 0.001214802 0.1733554 -0.005694448 0.1699013 0.004214704 -0.1795136 0.0247237 -0.1797469 0.02585226 -0.1693001 0.02907329 -0.1750424 -0.002325594 -0.1760113 0.004740059 -0.1709012 0.007340252 0.01291269 0.06500935 0.01229125 0.06403893 0.007200717 0.06901168 -0.1613731 -0.03281807 -0.1571618 -0.03136271 -0.1560556 -0.03176349 -0.1653407 0.02088522 -0.164416 0.01344645 -0.1687891 0.01259189 -0.1659595 -0.01120406 -0.1611539 -0.01124364 -0.1654659 -0.01236659 -0.1594177 0.06887251 -0.1606765 0.0614829 -0.1654824 0.06151276 0.1700543 0.005326569 0.1686375 -0.001497626 0.1633473 -1.3095e-4 -0.1433261 -0.0239374 -0.1485358 -0.02597564 -0.1512017 -0.01953577 0.1747201 -0.001880586 0.1697736 0.001113176 0.1710759 0.007960319 0.08307093 -0.118255 0.08705204 -0.1221852 0.08903974 -0.1276147 -0.1685905 -4.45757e-5 -0.1621813 -0.005884051 -0.1723649 -0.009859502 0.1549156 -0.02659058 0.154943 -0.02560549 0.160014 -0.02828097 -0.04363608 -0.002440989 -0.04293906 -0.001411855 -0.03801763 -0.006573617 0.1664014 0.03337281 0.160413 0.03332042 0.1624478 0.03422451 0.1684318 0.04893571 0.1644654 0.04972499 0.1738384 0.04896718 -0.1734871 0.05925607 -0.1720113 0.05039811 -0.1770771 0.0611301 -0.1563271 0.09616732 -0.1590168 0.08759939 -0.1594144 0.09936535 -0.1642264 0.06617623 -0.1679528 0.05800575 -0.1678554 0.06995773 -0.1753627 0.03313601 -0.179783 0.02531909 -0.1795653 0.03765362 -0.182259 0.03448146 -0.1880173 0.02759057 -0.1866779 0.04091787 -0.1501676 0.09529978 -0.1583588 0.09161913 -0.1520251 0.102678 -0.03082752 0.1696016 -0.03943359 0.1721664 -0.03105431 0.1747547 0.0468055 0.109857 0.03998684 0.1157008 0.05150091 0.114591 0.1122879 0.05184721 0.1074437 0.05940872 0.1167029 0.0545988 0.130896 -0.01504063 0.1272815 -0.006820142 0.1364362 -0.01332324 0.1713787 -0.02783143 0.1674849 -0.01973932 0.1765879 -0.02584147 0.1796156 0.06823092 0.1722953 0.0734325 0.1763011 0.07402753 -0.07037109 -0.049061 -0.05781412 -0.0610314 -0.07934868 -0.04927569 0.1066147 -0.05584889 0.07666182 -0.05345642 0.09371018 -0.02871274 0.1369197 -0.07685887 0.142276 -0.07787376 0.1444824 -0.08479028 0.1344746 -0.0865423 0.1370344 -0.09381973 0.1317158 -0.09262311 0.1479602 0.02838885 0.1533336 0.0298801 0.1573244 0.0221911 0.1079057 0.06019711 0.1134662 0.06184726 0.1171628 0.05538302 0.04345542 0.1374629 0.04739332 0.1408621 0.05495822 0.1362417 -0.01954215 0.1460111 -0.01586139 0.1515707 -0.01098811 0.1479451 -0.1594474 0.09080308 -0.1626865 0.09481739 -0.1531892 0.1019048 -0.1887589 0.02017527 -0.1933101 0.02627247 -0.1879439 0.03354489 -0.1675277 0.02211439 -0.1729141 0.02776598 -0.1675299 0.0344507 -0.1325541 0.07885837 -0.1363491 0.08372348 -0.1306419 0.09065681 -0.07149863 0.1471004 -0.07300788 0.1521195 -0.06570893 0.1573511 0.07567983 0.1626422 0.07807928 0.1663841 0.08705258 0.1660335 -0.08405655 0.03275656 -0.09475708 0.02766448 -0.1001901 0.03038036 -0.06428879 -0.08432435 -0.08033126 -0.08725279 -0.08793693 -0.08270001 -0.06124299 -0.04595249 -0.08490371 -0.04452252 -0.08764916 -0.03760039 -0.0670951 -0.06085765 -0.09338331 -0.05214184 -0.09332406 -0.04347914 -0.08868402 -0.07969355 -0.1137235 -0.06064099 -0.1083896 -0.05571579 -0.1061272 -0.08276408 -0.1242418 -0.05756282 -0.1180632 -0.05294346 -0.04765576 -0.06990742 -0.05263423 -0.07745051 -0.06977903 -0.0502882 -0.07015889 -0.074795 -0.07059437 -0.08336728 -0.09117454 -0.0621351 -0.09914338 -0.05562704 -0.09570413 -0.05092859 -0.09037643 -0.04857921 -0.09037643 -0.04857921 -0.08458781 -0.04920846 -0.07988929 -0.05264765 -0.07988929 -0.05264765 -0.07753992 -0.05797541 -0.07816916 -0.06376409 -0.07816916 -0.06376409 -0.08160841 -0.06846255 -0.07988929 -0.05264765 -0.08160841 -0.06846255 -0.08693611 -0.07081192 -0.07988929 -0.05264765 -0.08693611 -0.07081192 -0.09272474 -0.07018274 -0.09742325 -0.06674349 -0.09742325 -0.06674349 -0.09977263 -0.06141573 -0.09914338 -0.05562704 -0.09914338 -0.05562704 -0.09037643 -0.04857921 -0.08693611 -0.07081192 -0.09037643 -0.04857921 -0.07988929 -0.05264765 -0.08693611 -0.07081192 0.09444701 -0.04946905 0.09819257 -0.05392718 0.09920722 -0.05966085 0.09920722 -0.05966085 0.0972191 -0.06513369 0.09276098 -0.06887918 0.09276098 -0.06887918 0.08702737 -0.06989389 0.08155453 -0.06790578 0.08155453 -0.06790578 0.07780897 -0.06344765 0.09276098 -0.06887918 0.07780897 -0.06344765 0.07679432 -0.05771392 0.09276098 -0.06887918 0.07679432 -0.05771392 0.07878237 -0.0522412 0.09444701 -0.04946905 0.07878237 -0.0522412 0.0832405 -0.04849565 0.09444701 -0.04946905 0.0832405 -0.04849565 0.08897417 -0.04748094 0.09444701 -0.04946905 0.09444701 -0.04946905 0.09920722 -0.05966085 0.07679432 -0.05771392 -0.1649026 -0.003656446 -0.1606207 -0.01031923 -0.1662379 -0.01251453 -0.1063542 0.02443104 -0.1018749 0.03096848 -0.09533745 0.02648913 0.1659747 -0.003554761 0.1567007 -0.008729577 0.1566986 -0.008622169 0.1566986 -0.008622169 0.1617906 -0.001574993 0.1618885 -0.001621246 -0.04727089 0.02574008 -0.04146277 0.03393852 -0.04090046 0.03299617 0.1149901 -0.09834468 0.1171903 -0.1022745 0.1145412 -0.09861153 0.1680143 0.05204004 0.1689846 0.04499453 0.1635793 0.04532897 -0.07037109 -0.049061 -0.06248885 -0.05336385 -0.05781412 -0.0610314 0.09371018 -0.02871274 0.1021718 -0.03172034 0.1066147 -0.05584889 0.1021718 -0.03172034 0.107996 -0.03855568 0.1066147 -0.05584889 0.107996 -0.03855568 0.1096222 -0.04738742 0.1066147 -0.05584889 0.1066147 -0.05584889 0.0997793 -0.06167316 0.09094756 -0.06329935 0.09094756 -0.06329935 0.08248603 -0.06029176 0.1066147 -0.05584889 0.08248603 -0.06029176 0.07666182 -0.05345642 0.1066147 -0.05584889 0.07666182 -0.05345642 0.07503563 -0.0446248 0.09371018 -0.02871274 0.07503563 -0.0446248 0.07804316 -0.03616321 0.09371018 -0.02871274 0.07804316 -0.03616321 0.0848785 -0.03033906 0.09371018 -0.02871274 0.163565 0.02841401 0.1692128 0.02632689 0.1691316 0.02635693 -0.1438912 -0.01832705 -0.1437191 -0.02795499 -0.1490276 -0.02207094 -0.1656848 0.04848396 -0.1700079 0.04399824 -0.1707872 0.04516911 0.1617967 0.0443024 0.1616731 0.04568094 0.1674924 0.04247474 -0.1202194 -0.02966332 -0.114588 -0.03523916 -0.1260336 -0.03287869 -0.1551427 0.01062846 -0.1544105 0.009574532 -0.163703 0.001709461 0.1189069 -0.03350698 0.1248529 -0.02824169 0.1304203 -0.03136771 -0.01932621 0.1221185 -0.02028113 0.1229757 -0.01390171 0.1276773 -0.1248565 -0.03467398 -0.119118 -0.03990042 -0.1234268 -0.04419672 0.1009642 -0.03454965 0.09738439 -0.02945095 0.1036483 -0.02486747 -0.1152397 -0.03722274 -0.1209964 -0.04010725 -0.1266759 -0.03481698 -0.1499453 0.0286082 -0.1455228 0.03299599 -0.1394537 0.03514683 0.1294164 -0.02771151 0.1275511 -0.03718525 0.1178897 -0.029778 0.1669928 0.05412739 0.1670172 0.05303025 0.1612277 0.05572283 0.04133617 0.07832765 0.04225599 0.07729333 0.03533589 0.07339578 0.1149319 -0.09828084 0.1144761 -0.0985254 0.1110517 -0.09379053 0.1566987 -0.008622109 0.1565089 9.24215e-4 0.1617908 -0.001574873 0.1641854 0.03591179 0.1592396 0.04102838 0.1661131 0.03702592 -0.1480795 -0.03327107 -0.1441507 -0.02698057 -0.146932 -0.03353083 -0.1147743 -0.05304116 -0.1081563 -0.04862874 -0.1044382 -0.0546965 0.07490885 -0.04909384 0.06485164 -0.04946064 0.06969678 -0.04424864 -0.09983593 -0.03347605 -0.1056756 -0.0380479 -0.1102101 -0.03207892 0.05585438 -0.02152496 0.06240439 -0.01734137 0.06284254 -0.02073895 0.004491329 0.1605142 0.01099395 0.1625474 0.01174122 0.1601351 -0.1879178 -0.03430771 -0.189975 -0.03530138 -0.193102 -0.02957558 -0.06892657 0.002203345 -0.06907814 -5.83352e-4 -0.07567548 3.02088e-4 -0.042782 0.1520506 -0.0490188 0.1554517 -0.0424605 0.1543125 0.1370255 -0.1239964 0.1442848 -0.1226526 0.1382115 -0.1259492 -0.1882826 0.03464269 -0.1845615 0.03329634 -0.1868101 0.03289669 0.1886851 0.05541068 0.1904238 0.05812889 0.1912434 0.05488836 -0.03331685 0.1521111 -0.0329234 0.1543617 -0.02749842 0.1532037 -0.09081882 0.002977669 -0.09059441 0.005759537 -0.08500868 0.003573 -0.1886785 -0.02002942 -0.1860636 -0.02531582 -0.1875334 -0.02602487 -0.003115892 0.1539617 -0.008083879 0.1497366 -0.008397936 0.151338 0.05024182 -0.02729249 0.0444566 -0.02791541 0.0443446 -0.02628731 0.1318746 -0.1294045 0.1329879 -0.1313995 0.1268762 -0.1323834 -0.1897268 0.03864514 -0.1870757 0.03766489 -0.1876416 0.03613436 -0.09900146 0.13743 -0.09564626 0.1366809 -0.09604901 0.1356869 -0.1011637 -0.008657872 -0.0980488 -0.009689152 -0.09832513 -0.01079756 -0.1864897 -0.02409678 -0.1859883 -0.02741092 -0.1879658 -0.02479273 0.002223074 0.1499904 -8.6164e-4 0.1502373 0.001963496 0.1516014 0.05366259 -0.0263769 0.05074107 -0.02545893 0.0535227 -0.02475094 0.08440756 -0.1477813 0.08547085 -0.1496776 0.08171957 -0.1483584 -0.1847543 0.03086173 -0.1828911 0.03019583 -0.1832756 0.02912002 -0.04143881 0.1327946 -0.04086232 0.1336989 -0.03590065 0.1331977 -0.05658102 -0.02509373 -0.05638873 -0.02396774 -0.05161434 -0.02554243 -0.1829746 -0.04050874 -0.1820098 -0.03989714 -0.1807152 -0.04499989 -0.0491898 0.1345878 -0.0486893 0.133561 -0.05405312 0.1325722 -0.01843202 -0.03361189 -0.01840204 -0.03475373 -0.02381312 -0.03450196 -0.1063485 -0.1538163 -0.1070896 -0.1550271 -0.1110625 -0.1511476 0.1671312 -0.03092586 0.1696988 -0.03173333 0.1676381 -0.03431236 0.1916791 0.04818588 0.1931288 0.05025362 0.194876 0.0473088 0.187323 0.0358498 0.1861817 0.03907996 0.189407 0.03831338 0.1301154 0.07228296 0.1284088 0.07030689 0.1269316 0.07330524 0.104718 -0.002365291 0.1052934 -0.005431652 0.1021143 -0.004394829 -0.1496077 -0.1168566 -0.1503095 -0.1138276 -0.1492373 -0.1128975 -0.190221 0.02609449 -0.1916335 0.02595418 -0.1919988 0.02696251 -0.02447831 0.1447765 -0.02514249 0.142701 -0.03030699 0.1437399 0.1209613 -0.1254693 0.1161674 -0.1276533 0.1147913 -0.1259702 -0.1906172 0.03053104 -0.192672 0.02982074 -0.1938375 0.03166198 -0.09725964 0.1342466 -0.1003366 0.1337998 -0.1002202 0.1359758 -0.07546645 -0.07461613 -0.07582771 -0.07646352 -0.08126121 -0.07534623 -0.1333585 -0.03900039 -0.1367295 -0.03832662 -0.1359802 -0.03659987 0.04153692 6.8379e-5 0.03992187 0.003203928 0.04817003 0.004118919 0.01539248 0.1808284 0.007234752 0.1793047 0.00814867 0.1813099 -0.1588411 0.06467044 -0.1569958 0.06346607 -0.1586102 0.06033015 -0.1200185 0.1502883 -0.1196472 0.1481162 -0.1223528 0.1441987 0.05028784 0.00944817 0.054533 0.01160371 0.05619323 0.008491814 -0.07060748 -0.01774924 -0.07029378 -0.01464521 -0.06387251 -0.01579892 -0.1912204 0.03942018 -0.1905964 0.04214054 -0.1883197 0.04233098 -0.1929435 0.01246136 -0.195083 0.01806527 -0.1928536 0.01856458 -0.1725741 -0.07722276 -0.1708106 -0.07518929 -0.1662352 -0.08023738 0.163565 0.02841401 0.1637068 0.02950215 0.1692128 0.02632689 0.1149319 -0.09828084 0.1145395 -0.09861314 0.1144761 -0.0985254 0.07490885 -0.04909384 0.07006371 -0.05430585 0.06485164 -0.04946064 -0.042782 0.1520506 -0.04963809 0.1529152 -0.0490188 0.1554517 0.1370255 -0.1239964 0.1430422 -0.1203561 0.1442848 -0.1226526 -0.1882826 0.03464269 -0.1853914 0.03756248 -0.1845615 0.03329634 -0.1876416 0.03613436 -0.1908942 0.03716868 -0.1897268 0.03864514 -0.1897268 0.03864514 -0.1881183 0.0389204 -0.1870757 0.03766489 -0.1864897 -0.02409678 -0.1849914 -0.0268532 -0.1859883 -0.02741092 0.002223074 0.1499904 -5.20501e-4 0.1491472 -8.6164e-4 0.1502373 0.05366259 -0.0263769 0.05092144 -0.02658689 0.05074107 -0.02545893 -0.1832756 0.02912002 -0.1851387 0.02978599 -0.1847543 0.03086173 -0.1847543 0.03086173 -0.1836304 0.03106653 -0.1828911 0.03019583 0.08886075 -0.02796572 0.08303767 -0.01658356 0.09476226 -0.02053028 0.1020843 -0.05038911 0.09830451 -0.03898382 0.1107997 -0.0487039 -0.03421622 0.1325984 -0.04624986 0.1221822 -0.04562699 0.1368884 -0.08851581 0.07161134 -0.09503167 0.06224179 -0.09495705 0.07981663 -0.1294305 -0.02359575 -0.1323825 -0.03461974 -0.1381286 -0.02183961 -0.1169506 -0.01245188 -0.1242627 -0.02121412 -0.1258687 -0.007702708 -0.06925183 0.03865504 -0.08042275 0.03631955 -0.0728622 0.04883003 0.02107697 0.02553832 0.01162242 0.03193014 0.01653289 0.04005432 -0.02688944 -0.0577917 -0.01658451 -0.04864972 -0.0179485 -0.06228601 0.0651533 -0.08144354 0.04450005 -0.08570098 0.04024261 -0.0650478 -0.08729553 0.03696364 -0.08730578 0.0477969 -0.08013838 0.0497092 0.02507215 0.04184406 0.03385299 0.03704452 0.02927559 0.02722579 -0.1366492 -0.02815109 -0.1431352 -0.01951992 -0.1387805 -0.01471251 -0.1322553 -0.03479236 -0.1410177 -0.02976167 -0.1380213 -0.02202117 -0.1309882 -0.02198201 -0.1396152 -0.01990449 -0.1416321 -0.007996737 0.1146315 0.04044502 0.1221974 0.04762661 0.1290997 0.04315292 0.08199054 -0.06053787 0.09416431 -0.05989623 0.0938555 -0.07101804 0.09105622 0.006319463 0.09978115 0.007954478 0.1027477 0.002275884 -0.1220155 -0.05334228 -0.1187517 -0.04222798 -0.1133135 -0.05301153 -0.1061069 -0.0469731 -0.09834396 -0.0542916 -0.1024252 -0.05933338 -0.1221167 -0.0514087 -0.1134146 -0.0510832 -0.1148846 -0.05925226 -0.0594604 -0.04072934 -0.05450004 -0.05263411 -0.06174165 -0.05424249 -0.0126788 -0.05273634 -0.0229215 -0.06194806 -0.02573853 -0.05619382 -0.01025629 -0.06081318 -0.02329891 -0.06433475 -0.01916396 -0.05400562 -0.04497116 -0.08908259 -0.05309712 -0.08135867 -0.04581737 -0.07752996 0.05056023 -0.05707281 0.06640589 -0.05558264 0.06885021 -0.06734669 -0.06953412 0.05214655 -0.09537243 0.04642891 -0.0798586 0.07459425 -0.001080751 0.08547699 -0.0271402 0.09996247 0.002864122 0.1105427 0.04186838 -0.01678699 0.0274567 0.01004153 0.05931162 -0.003139019 0.07812041 -0.08559644 0.07256489 -0.05415523 0.1040844 -0.07494419 -0.04700148 -0.1182941 -0.01882261 -0.1072512 -0.03081089 -0.1390359 -0.1162151 0.03546166 -0.1145981 0.009047746 -0.1404094 0.03160911 -0.1132399 0.01676744 -0.1205663 -0.008661508 -0.1380101 0.02040076 -0.1084968 0.01530832 -0.1251318 -0.005272865 -0.141021 0.01364862 -0.07706183 -0.0235756 -0.0456264 -0.02826762 -0.04146194 -0.04495704 0.04379993 -0.07027518 0.05623203 -0.007608175 0.06975752 -0.07542473 -0.1218257 -0.006915926 -0.1434056 0.005942285 -0.1386921 0.02248507 -0.1408672 0.01082485 -0.1304048 0.02447837 -0.1083422 0.01246702 -0.114557 0.01654684 -0.1385339 0.02374893 -0.1386346 0.04094982 0.09334093 -0.06133931 0.1161869 -0.07018613 0.1151816 -0.08735793 0.04467993 -0.08421719 0.07015597 -0.09080004 0.07205855 -0.1102186 0.03404635 0.02586644 0.06105917 0.03347569 0.06588757 0.01265251 -0.001838386 0.03715503 0.01505261 0.05148059 0.0289359 0.04522591 -0.1116467 0.04297035 -0.1218587 0.066199 -0.09876722 0.07243365 0.1122924 -0.03293478 0.1047623 -0.06244361 0.07728767 -0.07402265 0.09393447 -0.008678913 0.1140628 -0.03346323 0.07934087 -0.07479041 -0.1444846 -0.01677536 -0.1465763 0.004497528 -0.1306915 0.01582765 -0.02669429 -0.07383203 -0.04042851 -0.06725651 -0.03604459 -0.03212821 -0.0632137 -0.06481295 -0.08648556 -0.07033628 -0.08848971 -0.02764403 -0.08648109 -0.02089798 -0.09102165 -0.02239239 -0.09158611 -0.01303231 -0.07655626 -0.02351617 -0.08126592 -0.02269822 -0.07735943 -0.01417362 -0.06732064 -0.03043222 -0.07108926 -0.0274915 -0.06362688 -0.02181339 -0.06129866 -0.04054445 -0.06321674 -0.03616595 -0.05395233 -0.03471702 -0.06060093 -0.05114352 -0.06014287 -0.04638534 -0.05134636 -0.04963356 -0.06619417 -0.05858278 -0.06337797 -0.05472028 -0.05745941 -0.06199342 -0.07691222 -0.05963933 -0.07246732 -0.05788064 -0.07135385 -0.06719136 -0.08892673 -0.05368888 -0.08424603 -0.05465883 -0.08842623 -0.06305253 -0.09778815 -0.04381185 -0.09437561 -0.04715907 -0.1024312 -0.05195868 -0.1014555 -0.03413462 -0.1002637 -0.03876388 -0.1096405 -0.03870987 -0.1001878 -0.02679026 -0.1014317 -0.03140568 -0.1095648 -0.0267387 -0.09486353 -0.02224677 -0.09816157 -0.02570694 -0.103076 -0.01772093 -0.09721714 0.02021849 -0.1065368 0.02685296 -0.1019797 0.02829605 -0.0665667 0.02204775 -0.07183825 0.03220075 -0.06712424 0.03140819 -0.03474652 0.007029116 -0.03494977 0.01846718 -0.0310809 0.01565986 -0.01539498 -0.01513367 -0.004057466 -0.01666092 -0.01099705 -0.02296733 -8.33932e-4 -0.05911791 0.007667303 -0.05146276 0.008085489 -0.05622464 -0.009983301 -0.09157991 0.001092255 -0.08871591 -7.35807e-4 -0.09313267 -0.04883378 -0.105404 -0.03826683 -0.1097869 -0.04238605 -0.1122123 -0.0965659 -0.07929146 -0.1058101 -0.08603066 -0.1051606 -0.07667618 -0.1314667 -0.03404438 -0.1355333 -0.0447371 -0.1380802 -0.04069197 -0.134703 -0.02077978 -0.1441445 -0.01431977 -0.1351109 -0.01180529 -0.1305609 -6.6799e-4 -0.1416195 -0.003597438 -0.1398175 8.30043e-4 -0.1253274 0.003602862 -0.126625 0.01496905 -0.1188103 0.009786427 -0.1187502 0.0460788 -0.1118144 0.05826735 -0.1073134 0.05004119 -0.06857234 0.06822156 -0.05652165 0.07539427 -0.05667078 0.06601846 -0.01206487 0.05457407 0.001928806 0.05549073 -0.002462506 0.04720544 0.02896595 0.01295351 0.04236006 0.008798897 0.03529334 0.002635419 0.05304551 -0.03618741 0.06462943 -0.0440917 0.05606436 -0.04790866 0.06139296 -0.08130753 0.07005965 -0.09233272 0.06074285 -0.0933938 0.02446484 -0.1337797 0.03803026 -0.1302241 0.03299838 -0.1376664 -0.127203 -0.05950456 -0.14117 -0.06076568 -0.136984 -0.05237478 -0.1468265 0.01849484 -0.1541787 0.006552875 -0.1556815 0.01541 -0.1448085 0.02017939 -0.1556745 0.01131385 -0.1541855 0.02017337 -0.1426922 0.01636475 -0.1556421 0.01098257 -0.1516782 0.01904451 -0.1339521 0.02559965 -0.1479552 0.02484112 -0.1415312 0.03112119 -0.1192365 0.06226903 -0.1348327 0.06562811 -0.123748 0.0704894 -0.05775022 0.1063997 -0.04301482 0.1125146 -0.04435533 0.1032339 0.03288263 0.07925349 0.02976602 0.09489989 0.03863257 0.08666062 0.06886261 0.03694188 0.08348703 0.03056627 0.07587105 0.02509588 0.1003942 -0.02628988 0.1043529 -0.01083511 0.1087826 -0.02209907 0.1143919 -0.0456891 0.1270979 -0.05533689 0.1184058 -0.05885463 0.1401998 -0.04903161 0.1440188 -0.03354161 0.14855 -0.04476535 -0.06829333 0.1255584 -0.0689311 0.1414995 -0.06068772 0.1370301 -0.1178228 0.08093613 -0.1304886 0.07123553 -0.1270071 0.0828278 -0.1361483 0.03053641 -0.1405943 0.04585814 -0.1315191 0.04349839 -0.146041 0.006549239 -0.1484033 0.02232724 -0.139724 0.0187779 -0.1504898 0.01072347 -0.1490285 0.02661019 -0.1414436 0.02109706 -0.1459427 0.03728127 -0.1400755 0.05286806 -0.1346827 0.04519701 -0.0212686 0.130841 -0.03073811 0.1445414 -0.01789546 0.1395903 0.06673485 0.1026853 0.08242213 0.09709227 0.07484674 0.09156584 0.1037032 0.04848682 0.1182641 0.04040265 0.1098866 0.03619009 0.1236813 0.006968677 0.1381059 -0.001355946 0.1296597 -0.00542891 0.1451613 -0.01650035 0.1458328 1.40587e-4 0.1531174 -0.01153761 0.1459426 0.03728133 0.1400755 0.05286812 0.1513354 0.04495245 0.02126866 0.1308408 0.03073811 0.1445414 0.0341112 0.135792 -0.06673479 0.1026853 -0.08242207 0.09709227 -0.07431018 0.1082117 -0.1098866 0.03619009 -0.1120807 0.05269938 -0.1037032 0.04848682 -0.1236813 0.006968677 -0.1381059 -0.001355946 -0.1321275 0.0110417 -0.1451613 -0.01650041 -0.1458328 1.40547e-4 -0.1378768 -0.004822134 0.0566172 -0.1068344 0.0537858 -0.1129643 0.04142183 -0.1069165 0.06018835 0.1357032 0.06751435 0.1415562 0.07511997 0.1300845 0.1169608 0.07981055 0.1296265 0.0701099 0.1204423 0.06821829 0.1347867 0.03093147 0.1392326 0.04625326 0.1438619 0.03329122 0.1390837 0.01751285 0.1533182 0.01030856 0.1446388 0.006759226 0.1411228 0.01971596 0.156663 0.01610684 0.1490779 0.01059365 0.1306197 0.05602169 0.1225262 0.06977015 0.1351312 0.06424212 0.0454275 0.1023062 0.05586624 0.1143709 0.05720669 0.1050902 -0.03149211 0.07897651 -0.0283755 0.09462291 -0.02262556 0.08721572 -0.06829601 0.03564214 -0.08292043 0.02926659 -0.07591199 0.04111254 -0.01433467 -0.05921977 -0.01983642 -0.05984306 -0.01876246 -0.04612112 -0.003290653 -0.09853851 -0.008654952 -0.1023717 -0.01403957 -0.08970481 0.004150927 -0.1374547 -0.00984615 -0.1365908 -0.002225697 -0.1311266 0.1030169 -0.03525787 0.1074784 -0.03709053 0.1132209 -0.04115533 0.08995682 -0.04801154 0.09788936 -0.05072218 0.08858597 -0.0584647 0.03050768 -0.02421653 0.03688496 -0.02533096 0.03097581 -0.03589433 0.0273959 -0.0522533 0.034222 -0.05029124 0.03353714 -0.06237566 0.07150238 -0.04874122 0.0751236 -0.04214715 0.08214032 -0.05200958 0.07731074 -0.04303443 0.0773918 -0.03553688 0.0886656 -0.03994172 0.07739776 -0.0373975 0.07541555 -0.0314809 0.08728235 -0.02909779 0.08576732 -0.03179979 0.07476109 -0.03432399 0.08352583 -0.02597647 0.1035892 0.001398265 0.1037723 -0.006307721 0.09870296 0.004594922 -0.048527 -0.05334222 -0.05516153 -0.04098719 -0.04650402 -0.04458916 -0.05517238 -0.08819717 -0.05336511 -0.09536886 -0.06235706 -0.09802812 0.07724571 -0.07196283 0.08178251 -0.07346856 0.0751906 -0.07798033 0.1368404 0.001757979 0.1400945 0.001541495 0.1453641 -0.005461812 0.1343266 -0.028149 0.1433018 -0.03086495 0.1388386 -0.03866159 0.1371774 -0.01400303 0.1413749 -0.008284866 0.1505139 -0.006185889 0.1374251 0.001605927 0.1486042 -8.22674e-4 0.1394245 -0.002735853 0.1327468 0.00302577 0.1287431 0.00520581 0.133635 0.01320564 0.1083486 0.01594227 0.1049136 0.02685421 0.1133815 0.02385407 0.0850656 0.02295905 0.07949292 0.02289879 0.07584965 0.03153908 0.03743124 0.00411272 0.03763133 0.01555091 0.0412994 0.006921052 -0.03339493 -0.05912601 -0.03650689 -0.06316149 -0.03922814 -0.05178421 0.06030476 -0.05413383 0.06089615 -0.05887717 0.05345773 -0.05180233 -0.04041993 -0.02073401 -0.03857535 -0.02286291 -0.04295152 -0.02747625 0.1123211 0.03810304 0.1104763 0.02541613 0.1058446 0.02659803 0.1404381 0.01833379 0.1403915 0.005725026 0.1371377 0.005945444 -0.03699159 0.01198828 -0.02814954 3.37728e-4 -0.03457617 -3.86945e-4 0.04163306 0.06246155 0.05375885 0.05537968 0.04920005 0.04994511 -0.02689397 -0.05184972 -0.01425433 -0.05451816 -0.01495748 -0.0592463 -0.06214076 -0.1071701 -0.04995042 -0.1076411 -0.05023807 -0.1121908 -0.06410998 -0.1152802 -0.05326259 -0.1113319 -0.05192738 -0.1159219 0.0934903 -0.1059297 0.08868551 -0.09491443 0.09423565 -0.0944103 0.1415284 0.02476054 0.1293295 0.02222687 0.1297196 0.026991 0.1427965 0.01596128 0.1335346 0.01009672 0.1304672 0.01416623 0.1413199 0.007674217 0.1338785 -0.001525819 0.1315711 0.002660453 0.07124733 0.06703102 0.06646037 0.05472666 0.06487905 0.05705785 -0.02343589 -0.05652689 -0.03206133 -0.06583017 -0.03729426 -0.06443047 -0.0316078 -0.04828828 -0.02634257 -0.04956084 -0.02779006 -0.06157767 -0.04732578 -0.04607737 -0.05597221 -0.04244863 -0.0464313 -0.034087 -0.01445722 -0.08996248 -0.008970856 -0.08921653 -0.003726184 -0.09881788 -0.05965811 -0.09981328 -0.06197214 -0.08912038 -0.05262535 -0.08987301 0.06846207 -0.05050623 0.06242871 -0.0525012 0.06080842 -0.04366475 0.06377059 -0.04860162 0.0585516 -0.04336118 0.06461179 -0.04144906 0.07335287 -0.01475983 0.06641435 -0.01271712 0.06687003 -0.005022287 0.04163736 -0.1200406 0.04581135 -0.1149371 0.05683267 -0.1199403 -0.01684755 -0.09266978 -0.01231515 -0.08766484 -9.4899e-4 -0.0913434 -0.05027675 -0.1309711 -0.06038707 -0.1246069 -0.05257999 -0.1194128 0.07798802 -0.07183277 0.07987576 -0.07888203 0.07130098 -0.07620233 0.0863341 -0.07983452 0.08206075 -0.07759791 0.08009195 -0.07057082 0.1043369 -0.05460727 0.09871822 -0.05037283 0.1051449 -0.04409545 0.1076195 -0.02126932 0.09962511 -0.01874685 0.1058737 -0.009713232 0.1507758 -0.005942225 0.1465702 -0.01608932 0.1374728 -0.01381629 0.02882391 -0.06509029 0.02246838 -0.06385707 0.02282881 -0.05488049 0.06120443 -0.09509903 0.05467098 -0.09788495 0.05098074 -0.09070301 0.1353521 0.01379472 0.1420192 0.009239614 0.1345201 0.003610134 0.08957576 -0.04212468 0.08642816 -0.04895746 0.07823562 -0.04527103 0.08914023 -0.03001493 0.08953768 -0.03750234 0.07934194 -0.03841644 0.07362592 0.02929913 0.0838344 0.03005772 0.08285403 0.02073222 -0.02259719 -0.09254831 -0.02288264 -0.08378839 -0.01647907 -0.0828818 -0.09747403 -0.02863055 -0.1018931 -0.02888071 -0.100158 -0.0203734 -0.08519637 -0.03499287 -0.08922934 -0.03316932 -0.08375394 -0.02643114 -0.07512563 -0.0458371 -0.07784372 -0.04234397 -0.06985867 -0.03893464 -0.07026207 -0.05886715 -0.07098752 -0.05450093 -0.0623427 -0.0553081 -0.07287788 -0.07017368 -0.07133376 -0.06602567 -0.06423765 -0.07102859 -0.08336853 -0.07525372 -0.07986629 -0.07254737 -0.07648384 -0.08054381 -0.09861546 -0.0712468 -0.09420025 -0.07093685 -0.09581995 -0.07946687 -0.1125074 -0.05997806 -0.1086704 -0.06218427 -0.1147737 -0.06835961 -0.1204684 -0.04705476 -0.1184095 -0.05097281 -0.1268709 -0.05291926 -0.1218168 -0.03670859 -0.1220151 -0.04113018 -0.1303031 -0.03854322 -0.1176145 -0.03006738 -0.1199126 -0.03385013 -0.1259389 -0.02759969 -0.1090223 -0.02720206 -0.1128228 -0.02947068 -0.1152256 -0.02112734 -0.09835535 0.02310794 -0.1051677 0.0312193 -0.1007479 0.0314542 -0.0604034 0.01433241 -0.06302881 0.02459442 -0.05894351 0.02289116 -0.03152698 -0.007008731 -0.02099102 -0.005914807 -0.0258634 -0.01310122 -0.003090918 -0.05255126 0.002756536 -0.04371917 0.004234611 -0.04789108 0.002437829 -0.08539348 0.01028436 -0.09250921 0.00168085 -0.09367722 -0.02369588 -0.1246756 -0.0131033 -0.1246604 -0.01576083 -0.1281999 -0.08491349 -0.1144564 -0.09031611 -0.1235675 -0.09318131 -0.1153715 -0.1488559 -0.0552845 -0.1500829 -0.06580567 -0.1532863 -0.06275147 -0.1588492 -0.02483415 -0.1684306 -0.02031737 -0.1605422 -0.01668995 -0.1583496 -0.002058625 -0.1680981 -0.00620228 -0.1670307 -0.001906812 -0.1538981 3.23299e-4 -0.1567565 0.01052284 -0.1488501 0.006934762 -0.136776 0.01308524 -0.1352175 0.02356255 -0.1294673 0.01705724 -0.09960848 0.0688641 -0.1098407 0.07685852 -0.1015357 0.07732993 -0.04652565 0.0708788 -0.0341503 0.0748105 -0.03625774 0.06638771 0.01157331 0.03583908 0.02451246 0.0347498 0.01934987 0.0277689 0.05678206 -0.02761638 0.06012201 -0.01506829 0.06381338 -0.02252262 0.07597106 -0.07011014 0.08624511 -0.07805073 0.07811933 -0.08110952 0.07953661 -0.1262707 0.08924812 -0.1176511 0.08821129 -0.1259046 -0.04636389 -0.1547316 -0.05269217 -0.16607 -0.05692273 -0.158488 -0.167984 0.02081018 -0.1786054 0.02827966 -0.1706259 0.03170156 -0.1691809 0.02848643 -0.1764205 0.03926587 -0.1677446 0.03960114 -0.1681173 0.02821826 -0.1797794 0.02250832 -0.1765742 0.0301842 -0.1709214 0.01811212 -0.1713325 0.03109049 -0.1638026 0.0267679 -0.1545031 0.03919363 -0.1501997 0.0514447 -0.1447389 0.04469466 -0.1021815 0.1031061 -0.1147288 0.1109022 -0.1035486 0.1116802 -0.008111298 0.11169 -0.01470077 0.1249109 -0.004775524 0.1197061 0.05386525 0.07232367 0.06827533 0.06907349 0.06230235 0.06277203 0.1042641 0.001423299 0.1057958 0.01611578 0.1113797 0.006398618 0.1331204 -0.04439252 0.1360592 -0.02991575 0.1406818 -0.04012525 0.1598623 -0.04982131 0.1622315 -0.03524059 0.1672506 -0.04526096 0.1408255 0.1056015 0.1315932 0.1171332 0.1423936 0.1141412 -0.1042248 0.1280336 -0.1057538 0.1427263 -0.09787303 0.1390824 -0.1396956 0.082286 -0.1524584 0.07484793 -0.1479122 0.08509165 -0.1634496 0.02975541 -0.16544 0.0443927 -0.1574486 0.04099839 -0.1661595 0.02520167 -0.1803522 0.02110517 -0.1734424 0.0299288 -0.1573876 0.04982542 -0.1721489 0.05038762 -0.1628201 0.05659842 -0.1206915 0.1198742 -0.108923 0.1298393 -0.1080169 0.1212043 0.03276479 0.1406746 0.02787405 0.1552993 0.03801935 0.1475863 0.09714776 0.09100371 0.1115814 0.08557474 0.1044797 0.08057963 0.1328881 0.03402829 0.1468297 0.0274375 0.1393435 0.02303969 0.1625117 -0.007533907 0.1627916 0.007884263 0.1697747 -0.002776563 0.1656467 0.02505058 0.1808767 0.02263182 0.1749233 0.01631194 0.1080168 0.1212044 0.1215977 0.1285093 0.1206915 0.1198742 -0.0226193 0.1483875 -0.03801935 0.1475863 -0.02787405 0.1552993 -0.1044797 0.08057963 -0.1042494 0.09599876 -0.0971477 0.09100371 -0.1328881 0.03402829 -0.1468297 0.0274375 -0.1403744 0.0384261 -0.1625117 -0.007534027 -0.1627915 0.007884263 -0.1555285 0.0031268 -0.1656467 0.02505052 -0.1808767 0.02263182 -0.1716001 0.0313704 -0.1398007 0.1047809 -0.1305685 0.1163126 -0.1290003 0.107773 0.102919 0.1281695 0.1044481 0.1428622 0.1107997 0.1318135 0.1390346 0.08115178 0.1517974 0.07371371 0.1435807 0.07090806 0.1621488 0.02993226 0.1641392 0.04456961 0.1701402 0.0333265 0.1657955 0.02394044 0.1799881 0.01984387 0.1727052 0.01511687 0.1574376 0.04851365 0.1721989 0.04907578 0.1667664 0.04230278 0.1028743 0.1019911 0.1154216 0.1097871 0.1140545 0.101213 0.009286165 0.1111044 0.01587563 0.1243253 0.01921147 0.1163092 -0.05357635 0.07104307 -0.06798642 0.06779289 -0.05954933 0.07734453 -0.1029585 0.001559436 -0.10449 0.01625186 -0.09737455 0.01127654 -0.1272112 -0.03392189 -0.1400293 -0.04126435 -0.1347725 -0.02965462 -0.1535474 -0.03959035 -0.1666434 -0.04642468 -0.1609356 -0.03502994 0.0482766 -0.1536639 0.05460488 -0.1650024 0.04404604 -0.1612459 0.1686847 0.03068608 0.1747034 0.01918023 0.1667238 0.0226022 0.1673622 0.02970778 0.1746019 0.04048728 0.1760382 0.02937257 0.1671538 0.02625072 0.178816 0.02054071 0.1703591 0.01857477 0.1687317 0.0181815 0.1691429 0.03115987 0.1762616 0.02250403 0.1524361 0.03846752 0.1481327 0.05071866 0.1578969 0.04521775 0.1009573 0.06713777 0.1111895 0.07513213 0.1092622 0.06666636 0.03824108 0.06545746 0.04375493 0.07721364 0.04586231 0.06879085 -0.01138955 0.033656 -0.02432864 0.03256666 -0.01655215 0.04063677 -0.05466502 -0.02705281 -0.05800491 -0.01450479 -0.05097371 -0.01959854 -0.07622587 -0.08000761 -0.08275711 -0.06878477 -0.07463133 -0.07184356 -0.07911914 -0.1163788 -0.08639693 -0.1271325 -0.08779382 -0.1160127 0.09140825 -0.1137007 0.08414387 -0.1214098 0.08700907 -0.1132138 0.146436 -0.0555666 0.1476629 -0.0660879 0.1432326 -0.05862087 0.1578105 -0.02263051 0.1673917 -0.01811373 0.1656988 -0.02625793 0.1573966 -0.004300713 0.167145 -0.008444368 0.158464 -0.008596181 0.1515522 9.80726e-4 0.1544106 0.01118028 0.1594585 0.004568696 0.1343663 0.01272684 0.1328077 0.02320402 0.1401165 0.01923215 0.1046408 0.02130615 0.09872668 0.03009396 0.1070333 0.02965247 0.06276369 0.01372849 0.06538903 0.02399057 0.06684887 0.01543176 0.03127539 -0.009432017 0.02073955 -0.008338093 0.026403 -0.002245545 0.005122244 -0.05120635 -7.25209e-4 -0.04237419 0.006600499 -0.04703444 -3.98573e-4 -0.09160584 -0.009404838 -0.08603006 -8.0135e-4 -0.08719813 0.02369952 -0.1222394 0.013107 -0.1222242 0.02104192 -0.1187 0.0964486 -0.07050991 0.09806835 -0.07903993 0.09365314 -0.07872998 0.110298 -0.06057554 0.1164013 -0.06675082 0.1125643 -0.06895697 0.1189225 -0.04874253 0.1273839 -0.05068898 0.125325 -0.05460703 0.1213332 -0.03894543 0.1296212 -0.03635859 0.1298195 -0.04078012 0.118265 -0.03226161 0.1242913 -0.0260111 0.1265892 -0.02979385 0.1106237 -0.02883732 0.1130264 -0.02049398 0.116827 -0.02276241 0.09965068 -0.02933806 0.09791558 -0.02083081 0.1023346 -0.02108091 0.08745324 -0.03461271 0.08197784 -0.02787441 0.08601081 -0.02605098 0.07694506 -0.04444879 0.06896001 -0.04103946 0.0716781 -0.03754633 0.07120025 -0.05677968 0.06255543 -0.05758672 0.06328088 -0.05322057 0.07265257 -0.06789612 0.06555646 -0.0728991 0.06401234 -0.06875109 0.08197414 -0.07343894 0.0785917 -0.08143538 0.07508945 -0.07872903 0.02979099 0.01031059 0.02427428 0.02326363 0.05140656 0.01644176 0.06962585 -0.04240787 0.06739151 -0.0222311 0.08176308 -0.03118067 0.07281821 -0.09114146 0.07461225 -0.0771774 0.0852909 -0.09059631 -0.1035693 0.07438254 -0.1044315 0.06033015 -0.1159835 0.07364225 -0.1102998 0.05406278 -0.114463 0.04061353 -0.1226884 0.05670583 -0.1151911 0.03369325 -0.1231031 0.02204787 -0.1267049 0.03782916 -0.1014138 0.07503044 -0.1145217 0.06989282 -0.1038334 0.0874505 -0.03375613 0.124199 -0.04971617 0.127992 -0.03119486 0.1407113 -0.02641117 -0.04693406 -0.03617626 -0.02864211 -0.01727837 -0.04302328 0.07129591 0.01585626 0.08512347 0.01320797 0.06490236 -0.01752614 -0.09575212 0.08982956 -0.09244132 0.1102249 -0.08170586 0.1048367 -0.1212592 0.08559596 -0.1134347 0.09171807 -0.1130177 0.07105994 -0.1005545 0.009670376 -0.1116832 0.01569247 -0.1069959 0.02452045 -0.1103262 0.04874181 -0.1193924 0.05993616 -0.1174451 0.06535333 -0.1000514 0.06815421 -0.1116165 0.07332271 -0.110434 0.08239722 0.09180301 -0.05657136 0.1041111 -0.05835217 0.1050567 -0.06745445 0.06895649 -0.01937854 0.0814405 -0.01925975 0.08340907 -0.02819681 0.02075541 0.009015679 0.03461575 0.01802986 0.04785698 0.002073109 -0.1390401 0.03432422 -0.1266537 0.04230892 -0.1317721 0.03372383 -0.1090294 -0.02615082 -0.1046359 -0.04189699 -0.110639 -0.0385003 -0.07448118 -0.02309912 -0.0656659 -0.02064239 -0.06598061 -0.03666985 -0.05633115 -0.02428734 -0.05253261 -0.0159617 -0.04262501 -0.0285421 -0.08932805 -0.007471144 -0.08196491 -0.01290529 -0.09194022 -0.02328741 -0.1043361 -0.005206406 -0.09264725 -0.001258671 -0.09105533 -0.008700251 -0.1127068 -0.02311229 -0.09968161 -0.02746307 -0.1088524 -0.03899908 -0.1048412 -0.003432214 -0.09410119 0.006156623 -0.09314072 4.80811e-4 -0.06873905 -0.04964548 -0.05532526 -0.0547477 -0.05236411 -0.06684452 0.08316558 -0.003390014 0.08058834 -0.01723092 0.06430053 -0.01918458 0.0741809 0.01209944 0.08505356 -0.005043447 0.06629294 -0.02096188 0.127969 0.04138529 0.1365043 0.04983693 0.1350591 0.0430926 -0.1088164 0.051216 -0.1203015 0.05543088 -0.117677 0.0625739 0.05907076 0.01361829 0.0518161 0.02736771 0.07018345 0.02295595 0.07267028 -0.04048037 0.07039153 -0.02510219 0.08448791 -0.04139941 0.04785394 -0.09391748 0.05510973 -0.0801686 0.05955821 -0.1027648 -0.1026993 0.05105352 -0.1043678 0.03559732 -0.1164304 0.05087053 -0.1056447 0.03509223 -0.1105421 0.02033776 -0.1192623 0.03828763 -0.1047157 0.02737003 -0.1155576 0.01207971 -0.1167463 0.03526914 -0.02314269 0.0583589 -0.04047036 0.05915617 -0.026353 0.07202577 0.01434868 0.06570166 0.001370549 0.07426005 0.01153224 0.08462452 -0.05646097 -0.02858603 -0.03717154 -0.01996845 -0.05211502 -0.03116273 0.0303325 -0.02212703 0.04647493 0.001633465 0.07023543 -0.01450884 -0.06018447 0.06977295 -0.05867695 0.08445274 -0.04715061 0.08373862 0.004174292 0.08394986 0.01287889 0.07881778 0.007440388 0.06509941 -0.1128727 0.01235449 -0.1192269 0.02487289 -0.1140331 0.03554522 -0.111095 0.02242356 -0.1226488 0.03100508 -0.1193948 0.04057163 -0.1019413 0.04416751 -0.1143914 0.05054295 -0.1125569 0.06047981 0.1016698 -0.01735001 0.115399 -0.01763713 0.119388 -0.03206205 0.09831672 0.01956677 0.1128563 0.01760077 0.1152279 0.006213068 0.08474737 0.0929858 0.09654778 0.09186673 0.1022765 0.08594644 -0.08818453 -0.01266503 -0.07564038 -0.006767809 -0.0747447 -0.01683294 -0.03184628 -0.05968415 -0.04468262 -0.05244565 -0.03113222 -0.04609137 -0.07470911 -0.04096591 -0.07067382 -0.02796632 -0.06265747 -0.03411823 -0.05606567 -0.02806699 -0.06041532 -0.02549648 -0.06205725 -0.009640693 -0.07888609 0.02773755 -0.07282274 0.03913408 -0.05923199 0.03548794 -0.01211583 0.005145967 0.001579403 -2.94723e-4 -0.003449738 -0.01218384 -3.30584e-4 -0.02006471 -0.007554352 -0.01610434 -0.004874229 -0.004785299 -0.04920905 -0.002120554 -0.05305194 -0.01335024 -0.06458306 -0.01271593 0.04564368 -0.04982024 0.02831858 -0.05067056 0.0224545 -0.03286737 0.06950426 -0.03696566 0.06253844 -0.02306771 0.08080959 -0.02786231 0.09904509 -0.09138762 0.09627115 -0.07609111 0.1121034 -0.0860325 0.1493627 -0.002655208 0.1399526 0.009719192 0.1563714 0.005127251 -0.1332276 0.03734451 -0.1343294 0.02183765 -0.1469427 0.03665941 -0.1377786 -0.007787764 -0.1424289 -0.02262192 -0.1514478 -0.004820168 -0.1326752 -0.01082742 -0.142476 -0.02289479 -0.1446712 -0.002875924 -0.08669596 0.03702372 -0.1018948 0.03375637 -0.09169238 0.05085605 0.01081413 0.03740406 -0.002000451 0.04620528 0.008354604 0.05637651 -0.05691474 -0.0429517 -0.04599225 -0.03382784 -0.04801899 -0.04774475 0.09206843 -0.06786298 0.08904254 -0.08311164 0.05525487 -0.06055778 -0.1086964 0.03373742 -0.1087878 0.04849416 -0.09903824 0.05115032 -9.04058e-4 0.05534803 0.007707059 0.05006057 0.002023339 0.0364421 -0.1452206 -0.02519065 -0.1538017 -0.01324653 -0.1476854 -0.005203068 -0.1423568 -0.01919895 -0.1540616 -0.01082468 -0.1509786 -0.00120157 -0.1306043 0.0343576 -0.1433066 0.04021441 -0.1418831 0.05021858 0.1247764 -0.06291663 0.138417 -0.06450003 0.1390802 -0.06950873 0.1100165 -0.05293643 0.1202996 -0.05094999 0.1265285 -0.06170243 0.06441271 -0.01592415 0.07791233 -0.01180619 0.08268541 -0.02071267 -0.1117995 -0.03897351 -0.098782 -0.04280185 -0.1048487 -0.05088305 -0.08311831 -0.02596247 -0.07571852 -0.03759843 -0.08557862 -0.03980922 -0.07501941 -0.05978763 -0.07011425 -0.05857664 -0.0614646 -0.06380099 -0.1211006 -0.06078374 -0.1089042 -0.05491375 -0.1082015 -0.06499427 -0.02495622 -0.1148396 -0.02366185 -0.1024808 -0.01716989 -0.1030408 -0.02992731 -0.07305234 -0.03357666 -0.0636295 -0.01937723 -0.06350022 -0.08255255 -0.09608072 -0.09382325 -0.1035761 -0.09567159 -0.09081506 -0.02477085 -0.09936982 -0.01872628 -0.1107594 -0.03292548 -0.1109171 -0.09664183 -0.1219722 -0.1019565 -0.1182021 -0.08751994 -0.1091329 -0.08563387 -0.04028421 -0.08823651 -0.03916603 -0.08481395 -0.03478837 -0.07165712 -0.05332857 -0.07345372 -0.05113852 -0.06840121 -0.04882562 -0.06407576 -0.06960213 -0.06462532 -0.06682324 -0.05907934 -0.06717038 -0.06612831 -0.08466392 -0.06522488 -0.08197915 -0.06058388 -0.08503514 -0.07906621 -0.0929495 -0.07687294 -0.09115689 -0.07456916 -0.09621351 -0.09953826 -0.0899918 -0.09671628 -0.08974617 -0.09766137 -0.09522193 -0.1192318 -0.07684469 -0.11677 -0.07824599 -0.1206589 -0.08221507 -0.13113 -0.0603311 -0.1298217 -0.06284368 -0.1352417 -0.06406897 -0.1338164 -0.04632127 -0.1339594 -0.04915028 -0.1392542 -0.04746448 -0.1286939 -0.03677439 -0.1301714 -0.0391913 -0.1340171 -0.03518033 -0.1174622 -0.03210473 -0.1198899 -0.03356432 -0.1214449 -0.02822971 -0.1021399 -0.03303217 -0.1049662 -0.03322309 -0.1039151 -0.0277667 -0.05827099 0.01990085 -0.06013059 0.02642005 -0.05748713 0.02540206 -0.0188499 -0.007287859 -0.01214331 -0.00629878 -0.01506114 -0.01102781 0.01541423 -0.05544573 0.01883339 -0.04959189 0.01992785 -0.0522046 0.0261445 -0.1031469 0.03164386 -0.09918278 0.03158468 -0.1020148 0.001678526 -0.1444967 0.008434772 -0.1439394 0.006922543 -0.1463346 -0.08265423 -0.1438226 -0.08589249 -0.1497783 -0.08792012 -0.1446047 -0.1680802 -0.06951904 -0.1691386 -0.07621508 -0.1711076 -0.07417863 -0.1834365 -0.02579605 -0.1894189 -0.0226072 -0.1842623 -0.02053678 -0.181529 -0.001184821 -0.187867 -0.003590703 -0.1870768 -8.7049e-4 -0.1688595 0.01119816 -0.175635 0.01142162 -0.1738573 0.01362705 -0.1484818 0.02117592 -0.1474136 0.02787047 -0.1437776 0.0236684 -0.1049502 0.03026759 -0.109354 0.03542155 -0.1065267 0.03559601 -0.03943562 0.08487766 -0.03161489 0.08768832 -0.03276115 0.08225107 0.03439301 0.04006153 0.03354126 0.0483281 0.0374431 0.04470628 0.07831352 -0.01313996 0.0861963 -0.01577121 0.08193141 -0.01933324 0.1124972 -0.07504773 0.1160116 -0.06751704 0.1174997 -0.07262849 0.1269775 -0.1116406 0.132624 -0.117738 0.1271718 -0.1188106 0.02231872 -0.1898805 0.02090167 -0.1980692 0.01673924 -0.1943879 -0.1942776 0.04657095 -0.2001976 0.05240321 -0.1948003 0.05372446 -0.1970319 0.0452364 -0.201048 0.05251199 -0.1954978 0.05224311 -0.1965086 0.03965616 -0.204178 0.03645592 -0.2018358 0.04123669 -0.1892699 0.04046779 -0.1975212 0.03947889 -0.1939647 0.0434404 -0.1694859 0.05806571 -0.1665519 0.06584095 -0.1631574 0.06144154 -0.1077172 0.08646321 -0.1143032 0.09153145 -0.1089904 0.09187209 -0.00398153 0.1358536 -0.008650362 0.1440744 -0.00212723 0.1410919 0.07435768 0.08915907 0.08370071 0.08771413 0.08016258 0.08342939 0.1321942 0.01883411 0.1324808 0.02828389 0.1365018 0.02234435 0.1675446 -0.02511918 0.1686139 -0.01572573 0.1721284 -0.02197819 0.1909913 -0.01015657 0.1998513 -0.01345461 0.1955224 -0.01693844 0.1381605 0.145491 0.1468825 0.1491388 0.1461034 0.1436369 -0.1032485 0.1714923 -0.1123737 0.1690205 -0.107859 0.174594 -0.1647727 0.1035724 -0.1733499 0.0995959 -0.1698406 0.1058514 -0.1877447 0.05833858 -0.1965065 0.05478739 -0.1926948 0.06086331 -0.2010347 0.03860265 -0.2001176 0.04801213 -0.1956406 0.0447207 -0.1864238 0.07014864 -0.1827583 0.07886326 -0.1794584 0.07439243 -0.1115658 0.1288918 -0.1196279 0.1338297 -0.1124759 0.1343735 0.03657066 0.1709239 0.03262871 0.1799718 0.03953117 0.1756263 0.1198077 0.1126018 0.1292996 0.1098986 0.1250328 0.1063387 0.168283 0.04520207 0.1682157 0.05507123 0.1728539 0.04836189 0.1885875 0.02362984 0.197957 0.02052909 0.1935441 0.01715219 0.1925495 0.05463111 0.2023816 0.05377382 0.1988659 0.04947066 0.1266508 0.1513823 0.1191396 0.1577843 0.1272487 0.1569068 -0.02966821 0.1752692 -0.03953111 0.1756263 -0.03262859 0.1799716 -0.1250328 0.1063387 -0.1240745 0.1161615 -0.1198077 0.1126018 -0.1636448 0.05191135 -0.1728538 0.04836189 -0.1682157 0.05507123 -0.1935441 0.01715219 -0.1930004 0.0270065 -0.1885875 0.02362978 -0.1988659 0.04947066 -0.1960652 0.05893427 -0.1925495 0.05463105 -0.1185418 0.1522599 -0.1272487 0.1569068 -0.1191396 0.1577844 0.1075435 0.1651079 0.1070201 0.1745474 0.112154 0.1682096 0.1644192 0.1028101 0.1729965 0.09883368 0.1679286 0.09655463 0.1912409 0.05148398 0.1918564 0.06091809 0.196191 0.05400884 0.195455 0.04390132 0.2046754 0.04181253 0.2001984 0.03852117 0.1795241 0.07355481 0.1889493 0.07429373 0.1856493 0.0698229 0.1120046 0.1281753 0.1200667 0.1331132 0.1191565 0.1276315 0.01123505 0.1384212 0.001963078 0.1402678 0.009380877 0.1436596 -0.07933408 0.0832901 -0.07776743 0.09261351 -0.0742293 0.08832871 -0.1273334 0.0247991 -0.1362135 0.02155518 -0.1316411 0.0283094 -0.1667098 -0.02502411 -0.1677791 -0.01563066 -0.1631951 -0.01877152 -0.1906982 -0.01094383 -0.1995583 -0.01424205 -0.1950271 -0.007459998 -0.1384845 0.144716 -0.1472066 0.1483638 -0.1392637 0.1502178 0.1932935 0.04756981 0.1992136 0.05340194 0.1986909 0.04624843 0.1946657 0.05111455 0.2013546 0.04618299 0.1958044 0.04591411 0.1959687 0.03836208 0.2036381 0.03516203 0.198311 0.03358137 0.189103 0.03907567 0.1973543 0.03808683 0.1926594 0.03511422 0.1681741 0.05757063 0.1652401 0.06534588 0.1715686 0.06197011 0.1085723 0.085352 0.1151583 0.09042024 0.1138851 0.0850113 0.03896135 0.08355814 0.03114074 0.08636879 0.03781509 0.08899539 -0.02909648 0.04353958 -0.03740352 0.04330474 -0.03214663 0.04818439 -0.08055484 -0.01906675 -0.08213442 -0.01090782 -0.07786953 -0.01446986 -0.1097385 -0.06934338 -0.1167459 -0.07381081 -0.114741 -0.06692415 -0.1259487 -0.1125933 -0.1315951 -0.1186907 -0.1314009 -0.1115207 -0.01679575 -0.192987 -0.02509927 -0.1933227 -0.02093696 -0.1896414 0.1665401 -0.06976252 0.1675985 -0.07645857 0.1645711 -0.07179898 0.1827031 -0.02442014 0.1886855 -0.02123135 0.1878597 -0.02649056 0.1809757 -0.002642512 0.1873136 -0.005048394 0.1817657 -0.005362868 0.1706887 0.007434368 0.1723453 0.0140081 0.1756865 0.009863317 0.146942 0.02093029 0.1458739 0.02762478 0.1505781 0.02513217 0.1089629 0.02908039 0.1052258 0.03473651 0.1105394 0.03440874 0.05977028 0.01947325 0.06162995 0.02599239 0.06241375 0.02049124 0.01660645 -0.01082032 0.01570463 -0.004101336 0.01862239 -0.008830428 -0.01406788 -0.0546593 -0.01748704 -0.04880553 -0.01297342 -0.05204659 -0.02529197 -0.09904998 -0.03062093 -0.1032405 -0.03073221 -0.09791797 -0.003062546 -0.1405476 -0.005464494 -0.146887 -0.008306622 -0.1423854 0.08682596 -0.1434939 0.08199644 -0.1482514 0.08402401 -0.1430778 0.1178161 -0.07722091 0.121705 -0.08118999 0.1192432 -0.08259123 0.1301447 -0.06141489 0.1355647 -0.0626403 0.1342564 -0.06515282 0.1335151 -0.04775452 0.1388099 -0.04606872 0.1389529 -0.04889786 0.1291141 -0.0381776 0.1329598 -0.03416669 0.1344373 -0.03658354 0.1184836 -0.03315448 0.1200387 -0.02781987 0.1224663 -0.02927953 0.1035279 -0.03350019 0.1024768 -0.02804368 0.1053031 -0.0282346 0.08708262 -0.04006808 0.08366012 -0.03569042 0.08626276 -0.03457224 0.07284402 -0.05247032 0.06779152 -0.05015742 0.06958812 -0.04796743 0.06471693 -0.0682851 0.05917108 -0.06863218 0.05972051 -0.06585335 0.06603056 -0.08320248 0.06138962 -0.08625847 0.06048613 -0.08357369 0.07820594 -0.09176409 0.0759021 -0.09682071 0.07370883 -0.09502804 0.09815961 -0.08949702 0.09910476 -0.09497284 0.09628272 -0.09472721 0.0651533 -0.08144354 0.05570834 -0.08784967 0.04450005 -0.08570098 0.04450005 -0.08570098 0.03809392 -0.07625615 0.04024261 -0.0650478 0.04024261 -0.0650478 0.0496875 -0.05864161 0.0651533 -0.08144354 0.0496875 -0.05864161 0.06794804 -0.06896758 0.0651533 -0.08144354 -0.04146194 -0.04495704 -0.05031836 -0.05970305 -0.07706183 -0.0235756 -0.07706183 -0.0235756 -0.06037235 -0.01941102 -0.0456264 -0.02826762 0.04379993 -0.07027518 0.02908653 -0.04827916 0.03423607 -0.0223217 0.03423607 -0.0223217 0.05623203 -0.007608175 0.04379993 -0.07027518 0.05623203 -0.007608175 0.08641761 -0.009803473 0.06975752 -0.07542473 -0.09721714 0.02021849 -0.1057818 0.01750642 -0.1065368 0.02685296 -0.0665667 0.02204775 -0.0754261 0.02353721 -0.07183825 0.03220075 -0.03474652 0.007029116 -0.04201775 0.01230514 -0.03494977 0.01846718 -0.01539498 -0.01513367 -0.006397545 -0.01249277 -0.004057466 -0.01666092 -8.33932e-4 -0.05911791 -0.001619935 -0.05016863 0.007667303 -0.05146276 -0.009983301 -0.09157991 -0.00654757 -0.08327907 0.001092255 -0.08871591 -0.04883378 -0.105404 -0.04109233 -0.1008458 -0.03826683 -0.1097869 -0.0965659 -0.07929146 -0.1012369 -0.08742219 -0.1058101 -0.08603066 -0.1314667 -0.03404438 -0.1266801 -0.04164677 -0.1355333 -0.0447371 -0.134703 -0.02077978 -0.1439275 -0.01909506 -0.1441445 -0.01431977 -0.1305609 -6.6799e-4 -0.1339475 -0.008988976 -0.1416195 -0.003597438 -0.1253274 0.003602862 -0.1300926 0.01167887 -0.126625 0.01496905 -0.1187502 0.0460788 -0.1203032 0.05532634 -0.1118144 0.05826735 -0.06857234 0.06822156 -0.06535536 0.07702952 -0.05652165 0.07539427 -0.01206487 0.05457407 -0.00519824 0.06095975 0.001928806 0.05549073 0.02896595 0.01295351 0.03766369 0.01645731 0.04236006 0.008798897 0.05304551 -0.03618741 0.06238865 -0.0353918 0.06462943 -0.0440917 0.06139296 -0.08130753 0.07054215 -0.08336192 0.07005965 -0.09233272 0.02446484 -0.1337797 0.03124427 -0.1237528 0.03803026 -0.1302241 -0.127203 -0.05950456 -0.1339102 -0.06605756 -0.14117 -0.06076568 -0.1468265 0.01849484 -0.1448017 0.006561577 -0.1541787 0.006552875 -0.1448085 0.02017939 -0.1468146 0.008243024 -0.1556745 0.01131385 -0.1426922 0.01636475 -0.1480328 0.00550282 -0.1556421 0.01098257 -0.1339521 0.02559965 -0.1426074 0.01713871 -0.1479552 0.02484112 -0.1192365 0.06226903 -0.1318415 0.05674093 -0.1348327 0.06562811 -0.05775022 0.1063997 -0.05479407 0.1152986 -0.04301482 0.1125146 0.03288263 0.07925349 0.02279984 0.0886228 0.02976602 0.09489989 0.06886261 0.03694188 0.07732397 0.04098337 0.08348703 0.03056627 0.1003942 -0.02628988 0.09535688 -0.01348096 0.1043529 -0.01083511 0.1143919 -0.0456891 0.1235682 -0.04375916 0.1270979 -0.05533689 0.1401998 -0.04903161 0.1350471 -0.03626859 0.1440188 -0.03354161 -0.06829333 0.1255584 -0.07561933 0.1314114 -0.0689311 0.1414995 -0.1178228 0.08093613 -0.1217819 0.06775397 -0.1304886 0.07123553 -0.1361483 0.03053641 -0.1446652 0.03445947 -0.1405943 0.04585814 -0.146041 0.006549239 -0.1539584 0.01157355 -0.1484033 0.02232724 -0.1504898 0.01072347 -0.1569837 0.01748788 -0.1490285 0.02661019 -0.1459427 0.03728127 -0.1513354 0.04495239 -0.1400755 0.05286806 -0.0212686 0.130841 -0.03411114 0.1357921 -0.03073811 0.1445414 0.06673485 0.1026853 0.07431018 0.1082117 0.08242213 0.09709227 0.1037032 0.04848682 0.1120807 0.05269938 0.1182641 0.04040265 0.1236813 0.006968677 0.1321275 0.0110417 0.1381059 -0.001355946 0.1451613 -0.01650035 0.1378768 -0.004822075 0.1458328 1.40587e-4 0.1459426 0.03728133 0.1346827 0.04519701 0.1400755 0.05286812 0.02126866 0.1308408 0.01789551 0.1395902 0.03073811 0.1445414 -0.06673479 0.1026853 -0.07484668 0.09156584 -0.08242207 0.09709227 -0.1098866 0.03619009 -0.1182641 0.04040271 -0.1120807 0.05269938 -0.1236813 0.006968677 -0.1296597 -0.00542891 -0.1381059 -0.001355946 -0.1451613 -0.01650041 -0.1531174 -0.01153767 -0.1458328 1.40547e-4 0.1169608 0.07981055 0.1256675 0.08329212 0.1296265 0.0701099 0.1347867 0.03093147 0.1307158 0.04233008 0.1392326 0.04625326 0.1390837 0.01751285 0.1470011 0.02253717 0.1533182 0.01030856 0.1411228 0.01971596 0.1476167 0.02648031 0.156663 0.01610684 0.1306197 0.05602169 0.119535 0.06088292 0.1225262 0.06977015 0.0454275 0.1023062 0.04247134 0.1112051 0.05586624 0.1143709 -0.03149211 0.07897651 -0.0384581 0.08525359 -0.0283755 0.09462291 0.004150927 -0.1374547 -0.001254737 -0.1451167 -0.00984615 -0.1365908 0.08576732 -0.03179979 0.07928323 -0.03801774 0.07476109 -0.03432399 -0.048527 -0.05334222 -0.05788701 -0.05278009 -0.05516153 -0.04098719 0.1374251 0.001605927 0.1448466 0.007337391 0.1486042 -8.22674e-4 0.1083486 0.01594227 0.1038429 0.01753854 0.1049136 0.02685421 0.03743124 0.00411272 0.03036153 0.01027286 0.03763133 0.01555091 -0.09835535 0.02310794 -0.1066619 0.02266639 -0.1051677 0.0312193 -0.0604034 0.01433241 -0.0680812 0.01753336 -0.06302881 0.02459442 -0.03152698 -0.007008731 -0.02400457 -0.002673089 -0.02099102 -0.005914807 -0.003090918 -0.05255126 -0.005868971 -0.04471057 0.002756536 -0.04371917 0.002437829 -0.08539348 0.01068717 -0.0881015 0.01028436 -0.09250921 -0.02369588 -0.1246756 -0.01870137 -0.1180236 -0.0131033 -0.1246604 -0.08491349 -0.1144564 -0.08591693 -0.1230806 -0.09031611 -0.1235675 -0.1488559 -0.0552845 -0.1428354 -0.06102448 -0.1500829 -0.06580567 -0.1588492 -0.02483415 -0.1675298 -0.02465081 -0.1684306 -0.02031737 -0.1583496 -0.002058625 -0.1603556 -0.01013135 -0.1680981 -0.00620228 -0.1538981 3.23299e-4 -0.1594424 0.007004857 -0.1567565 0.01052284 -0.136776 0.01308524 -0.1391063 0.02144908 -0.1352175 0.02356255 -0.09960848 0.0688641 -0.1107977 0.06822896 -0.1098407 0.07685852 -0.04652565 0.0708788 -0.04177147 0.07814389 -0.0341503 0.0748105 0.01157331 0.03583908 0.01874053 0.04073959 0.02451246 0.0347498 0.05678206 -0.02761638 0.05180877 -0.01757305 0.06012201 -0.01506829 0.07597106 -0.07011014 0.08465057 -0.06988668 0.08624511 -0.07805073 0.07953661 -0.1262707 0.08093345 -0.1151509 0.08924812 -0.1176511 -0.04636389 -0.1547316 -0.04485505 -0.1632819 -0.05269217 -0.16607 -0.167984 0.02081018 -0.1766447 0.02019578 -0.1786054 0.02827966 -0.1691809 0.02848643 -0.1774865 0.03101617 -0.1764205 0.03926587 -0.1681173 0.02821826 -0.1724356 0.01787656 -0.1797794 0.02250832 -0.1709214 0.01811212 -0.1766163 0.02466595 -0.1713325 0.03109049 -0.1545031 0.03919363 -0.157447 0.04736179 -0.1501997 0.0514447 -0.1021815 0.1031061 -0.1148951 0.1022214 -0.1147288 0.1109022 -0.008111298 0.11169 -0.01939791 0.1176087 -0.01470077 0.1249109 0.05386525 0.07232367 0.0608558 0.07747304 0.06827533 0.06907349 0.1042641 0.001423299 0.09791439 0.0124731 0.1057958 0.01611578 0.1331204 -0.04439252 0.1278638 -0.03278285 0.1360592 -0.02991575 0.1598623 -0.04982131 0.1541547 -0.03842657 0.1622315 -0.03524059 0.1408255 0.1056015 0.1285437 0.1090039 0.1315932 0.1171332 -0.1042248 0.1280336 -0.1113394 0.1330102 -0.1057538 0.1427263 -0.1396956 0.082286 -0.1448653 0.07063728 -0.1524584 0.07484793 -0.1634496 0.02975541 -0.1707172 0.03450572 -0.16544 0.0443927 -0.1661595 0.02520167 -0.1740171 0.01516795 -0.1803522 0.02110517 -0.1573876 0.04982542 -0.167996 0.04276281 -0.1721489 0.05038762 -0.1206915 0.1198742 -0.1215978 0.1285092 -0.108923 0.1298393 0.03276479 0.1406746 0.02261942 0.1483875 0.02787405 0.1552993 0.09714776 0.09100371 0.1042494 0.09599876 0.1115814 0.08557474 0.1328881 0.03402829 0.1403744 0.0384261 0.1468297 0.0274375 0.1625117 -0.007533907 0.1555286 0.0031268 0.1627916 0.007884263 0.1656467 0.02505058 0.1716001 0.03137046 0.1808767 0.02263182 0.1080168 0.1212044 0.108923 0.1298394 0.1215977 0.1285093 -0.0226193 0.1483875 -0.03276473 0.1406745 -0.03801935 0.1475863 -0.1044797 0.08057963 -0.1115813 0.08557474 -0.1042494 0.09599876 -0.1328881 0.03402829 -0.1393435 0.02303969 -0.1468297 0.0274375 -0.1625117 -0.007534027 -0.1697747 -0.002776563 -0.1627915 0.007884263 -0.1656467 0.02505052 -0.1749233 0.01631188 -0.1808767 0.02263182 -0.1398007 0.1047809 -0.1428503 0.1129102 -0.1305685 0.1163126 0.102919 0.1281695 0.09733343 0.1378857 0.1044481 0.1428622 0.1390346 0.08115178 0.1466277 0.08536243 0.1517974 0.07371371 0.1621488 0.02993226 0.1568714 0.03981924 0.1641392 0.04456961 0.1657955 0.02394044 0.1721306 0.02987766 0.1799881 0.01984387 0.1574376 0.04851365 0.1615905 0.05613839 0.1721989 0.04907578 0.1028743 0.1019911 0.102708 0.1106719 0.1154216 0.1097871 0.009286165 0.1111044 0.004589021 0.1184066 0.01587563 0.1243253 -0.05357635 0.07104307 -0.06099581 0.06264352 -0.06798642 0.06779289 -0.1029585 0.001559436 -0.1108398 0.005201995 -0.10449 0.01625186 -0.1272112 -0.03392189 -0.1318339 -0.04413133 -0.1400293 -0.04126435 -0.1535474 -0.03959035 -0.1585667 -0.04961079 -0.1666434 -0.04642468 0.0482766 -0.1536639 0.05611366 -0.1564521 0.05460488 -0.1650024 0.1686847 0.03068608 0.1773453 0.03007161 0.1747034 0.01918023 0.1673622 0.02970778 0.1662962 0.03795748 0.1746019 0.04048728 0.1671538 0.02625072 0.1744977 0.03088247 0.178816 0.02054071 0.1687317 0.0181815 0.163448 0.02460604 0.1691429 0.03115987 0.1524361 0.03846752 0.1451889 0.04255056 0.1481327 0.05071866 0.1009573 0.06713777 0.1000003 0.07576727 0.1111895 0.07513213 0.03824108 0.06545746 0.03348696 0.07272255 0.04375493 0.07721364 -0.01138955 0.033656 -0.01716148 0.02766621 -0.02432864 0.03256666 -0.05466502 -0.02705281 -0.06297832 -0.02454805 -0.05800491 -0.01450479 -0.07622587 -0.08000761 -0.08490538 -0.07978415 -0.08275711 -0.06878477 -0.07911914 -0.1163788 -0.07808232 -0.1246322 -0.08639693 -0.1271325 0.09140825 -0.1137007 0.09241169 -0.1223249 0.08414387 -0.1214098 0.146436 -0.0555666 0.1536835 -0.06034785 0.1476629 -0.0660879 0.1578105 -0.02263051 0.1587111 -0.01829707 0.1673917 -0.01811373 0.1573966 -0.004300713 0.1651391 -3.71621e-4 0.167145 -0.008444368 0.1515522 9.80726e-4 0.1488662 0.004498541 0.1544106 0.01118028 0.1343663 0.01272684 0.1304774 0.01484018 0.1328077 0.02320402 0.1046408 0.02130615 0.1002209 0.02154105 0.09872668 0.03009396 0.06276369 0.01372849 0.0577113 0.02078956 0.06538903 0.02399057 0.03127539 -0.009432017 0.02826184 -0.01267367 0.02073955 -0.008338093 0.005122244 -0.05120635 -0.003503203 -0.05021482 -7.25209e-4 -0.04237419 -3.98573e-4 -0.09160584 -0.008647859 -0.09431385 -0.009404838 -0.08603006 0.02369952 -0.1222394 0.01810151 -0.1288762 0.013107 -0.1222242 0.08512347 0.01320797 0.07872986 -0.02017456 0.06490236 -0.01752614 0.06490236 -0.01752614 0.05699741 -0.005876064 0.05964577 0.007951378 0.05964577 0.007951378 0.07129591 0.01585626 0.06490236 -0.01752614 0.0670852 -0.02973228 0.054093 -0.0382694 0.07023543 -0.01450884 0.054093 -0.0382694 0.0303325 -0.02212703 0.07023543 -0.01450884 0.0303325 -0.02212703 0.03348273 -0.006903529 0.04647493 0.001633465 0.04647493 0.001633465 0.06169831 -0.00151664 0.07023543 -0.01450884 0.004174292 0.08394986 0.008526563 0.08138382 0.01287889 0.07881778 0.08904254 -0.08311164 0.07612043 -0.09175443 0.05525487 -0.06055778 0.07612043 -0.09175443 0.06087172 -0.08872848 0.05525487 -0.06055778 0.06087172 -0.08872848 0.05222892 -0.07580643 0.05525487 -0.06055778 0.05525487 -0.06055778 0.06817704 -0.05191493 0.0834257 -0.05494081 0.0834257 -0.05494081 0.09206843 -0.06786298 0.05525487 -0.06055778 -0.05827099 0.01990085 -0.06323903 0.02181404 -0.06013059 0.02642005 -0.0188499 -0.007287859 -0.01415932 -0.00430876 -0.01214331 -0.00629878 0.01541423 -0.05544573 0.0133574 -0.05053544 0.01883339 -0.04959189 0.0261445 -0.1031469 0.02625572 -0.09782439 0.03164386 -0.09918278 0.001678526 -0.1444967 0.004520535 -0.1399952 0.008434772 -0.1439394 -0.08265423 -0.1438226 -0.08309054 -0.1493621 -0.08589249 -0.1497783 -0.1680802 -0.06951904 -0.1643797 -0.07334631 -0.1691386 -0.07621508 -0.1834365 -0.02579605 -0.1889795 -0.0254057 -0.1894189 -0.0226072 -0.181529 -0.001184821 -0.1830139 -0.00629729 -0.187867 -0.003590703 -0.1688595 0.01119816 -0.1722005 0.007053375 -0.175635 0.01142162 -0.1484818 0.02117592 -0.1499167 0.02654421 -0.1474136 0.02787047 -0.1049502 0.03026759 -0.1102638 0.02993983 -0.109354 0.03542155 -0.03943562 0.08487766 -0.03656888 0.08963781 -0.03161489 0.08768832 0.03439301 0.04006153 0.02913606 0.04494112 0.03354126 0.0483281 0.07831352 -0.01313996 0.08351099 -0.01117438 0.0861963 -0.01577121 0.1124972 -0.07504773 0.1104923 -0.06816107 0.1160116 -0.06751704 0.1269775 -0.1116406 0.1324798 -0.1124163 0.132624 -0.117738 0.02231872 -0.1898805 0.02504289 -0.1947237 0.02090167 -0.1980692 -0.1942776 0.04657095 -0.1998096 0.04709362 -0.2001976 0.05240321 -0.1970319 0.0452364 -0.2021867 0.04731148 -0.201048 0.05251199 -0.1965086 0.03965616 -0.1996644 0.0332151 -0.204178 0.03645592 -0.1892699 0.04046779 -0.1940615 0.03513062 -0.1975212 0.03947889 -0.1694859 0.05806571 -0.1712491 0.06333535 -0.1665519 0.06584095 -0.1077172 0.08646321 -0.1148751 0.08600419 -0.1143032 0.09153145 -0.00398153 0.1358536 -0.0113992 0.1392453 -0.008650362 0.1440744 0.07435768 0.08915907 0.07859593 0.09275275 0.08370071 0.08771413 0.1321942 0.01883411 0.1276217 0.02558833 0.1324808 0.02828389 0.1675446 -0.02511918 0.1635479 -0.018009 0.1686139 -0.01572573 0.1909913 -0.01015657 0.1958668 -0.007490634 0.1998513 -0.01345461 0.1381605 0.145491 0.1398977 0.1507692 0.1468825 0.1491388 -0.1032485 0.1714923 -0.1083824 0.1651543 -0.1123737 0.1690205 -0.1647727 0.1035724 -0.1687633 0.09645885 -0.1733499 0.0995959 -0.1877447 0.05833858 -0.1920793 0.05142933 -0.1965065 0.05478739 -0.2010347 0.03860265 -0.2048611 0.04263204 -0.2001176 0.04801213 -0.1864238 0.07014864 -0.1888836 0.07513129 -0.1827583 0.07886326 -0.1115658 0.1288918 -0.1196987 0.1282734 -0.1196279 0.1338297 0.03657066 0.1709239 0.02966827 0.1752693 0.03262871 0.1799718 0.1198077 0.1126018 0.1240745 0.1161615 0.1292996 0.1098986 0.168283 0.04520207 0.1636449 0.05191135 0.1682157 0.05507123 0.1885875 0.02362984 0.1930004 0.02700662 0.197957 0.02052909 0.1925495 0.05463111 0.1960652 0.05893427 0.2023816 0.05377382 0.1266508 0.1513823 0.1185418 0.1522599 0.1191396 0.1577843 -0.02966821 0.1752692 -0.0365706 0.1709238 -0.03953111 0.1756263 -0.1250328 0.1063387 -0.1292996 0.1098985 -0.1240745 0.1161615 -0.1636448 0.05191135 -0.168283 0.04520201 -0.1728538 0.04836189 -0.1935441 0.01715219 -0.197957 0.02052903 -0.1930004 0.0270065 -0.1988659 0.04947066 -0.2023816 0.05377382 -0.1960652 0.05893427 -0.1185418 0.1522599 -0.1266508 0.1513823 -0.1272487 0.1569068 0.1075435 0.1651079 0.1030288 0.1706814 0.1070201 0.1745474 0.1644192 0.1028101 0.1690059 0.1059471 0.1729965 0.09883368 0.1912409 0.05148398 0.1874291 0.05755984 0.1918564 0.06091809 0.195455 0.04390132 0.1992813 0.04793059 0.2046754 0.04181253 0.1795241 0.07355481 0.1819838 0.07853746 0.1889493 0.07429373 0.1120046 0.1281753 0.1119338 0.1337316 0.1200667 0.1331132 0.01123505 0.1384212 0.004712045 0.1354387 0.001963078 0.1402678 -0.07933408 0.0832901 -0.08357232 0.08688378 -0.07776743 0.09261351 -0.1273334 0.0247991 -0.1313544 0.01885962 -0.1362135 0.02155518 -0.1667098 -0.02502411 -0.1717756 -0.02274078 -0.1677791 -0.01563066 -0.1906982 -0.01094383 -0.1946828 -0.01690787 -0.1995583 -0.01424205 -0.1384845 0.144716 -0.1454694 0.1430855 -0.1472066 0.1483638 0.1932935 0.04756981 0.1936815 0.05287933 0.1992136 0.05340194 0.1946657 0.05111455 0.1998205 0.05318951 0.2013546 0.04618299 0.1959687 0.03836208 0.2004824 0.04160302 0.2036381 0.03516203 0.189103 0.03907567 0.1925626 0.04342401 0.1973543 0.03808683 0.1681741 0.05757063 0.1634769 0.06007623 0.1652401 0.06534588 0.1085723 0.085352 0.1080003 0.0908792 0.1151583 0.09042024 0.03896135 0.08355814 0.03400743 0.08160865 0.03114074 0.08636879 -0.02909648 0.04353958 -0.03299832 0.0399177 -0.03740352 0.04330474 -0.08055484 -0.01906675 -0.08575236 -0.0171011 -0.08213442 -0.01090782 -0.1097385 -0.06934338 -0.1112266 -0.07445484 -0.1167459 -0.07381081 -0.1259487 -0.1125933 -0.1260929 -0.117915 -0.1315951 -0.1186907 -0.01679575 -0.192987 -0.01951998 -0.1978301 -0.02509927 -0.1933227 0.1665401 -0.06976252 0.171299 -0.07263129 0.1675985 -0.07645857 0.1827031 -0.02442014 0.1831425 -0.0216217 0.1886855 -0.02123135 0.1809757 -0.002642512 0.1858287 6.39709e-5 0.1873136 -0.005048394 0.1706887 0.007434368 0.1689109 0.009639859 0.1723453 0.0140081 0.146942 0.02093029 0.144439 0.02225655 0.1458739 0.02762478 0.1089629 0.02908039 0.1061356 0.02925473 0.1052258 0.03473651 0.05977028 0.01947325 0.0566619 0.02407926 0.06162995 0.02599239 0.01660645 -0.01082032 0.0119158 -0.007841289 0.01570463 -0.004101336 -0.01406788 -0.0546593 -0.019544 -0.05371582 -0.01748704 -0.04880553 -0.02529197 -0.09904998 -0.02523279 -0.1018821 -0.03062093 -0.1032405 -0.003062546 -0.1405476 -0.001550376 -0.1429429 -0.005464494 -0.146887 0.08682596 -0.1434939 0.08726233 -0.1490335 0.08199644 -0.1482514 0.1419343 -0.06104105 0.1451638 -0.06216233 0.143908 -0.06408894 -0.1103 -0.08097809 -0.1094216 -0.08384668 -0.1117197 -0.08378058 -0.1868643 0.01672202 -0.1903099 0.01655977 -0.1884168 0.0184189 -0.1457669 -0.06034201 -0.1485906 -0.06106001 -0.1473877 -0.05871093 0.1115186 -0.08639848 0.1107259 -0.08976072 0.1092977 -0.08699399 0.189904 0.0144599 0.1940718 0.01364815 0.192514 0.01195591 -0.1048589 0.1026477 -0.1061061 0.1007151 -0.1084034 0.100829 0.04965454 0.132125 0.05188792 0.1326746 0.05348068 0.1310152 0.1223168 -0.1130179 0.1230359 -0.1102431 0.1246046 -0.1132542 -0.1727632 -0.04424643 -0.1697887 -0.04450172 -0.172114 -0.04645127 -0.1933064 0.01199513 -0.1925178 0.01507973 -0.1909584 0.01338905 -0.1223747 -0.1112527 -0.1230894 -0.1087986 -0.1207964 -0.1089779 0.166631 -0.0511443 0.1632642 -0.05108624 0.1643268 -0.04904776 0.195645 0.01160085 0.1943266 0.01513755 0.1972179 0.01327908 -0.1382955 0.07874631 -0.139315 0.07668447 -0.1416103 0.07653647 0.1415417 -0.02263313 0.1434306 -0.01990467 0.1438102 -0.02298927 -0.04939985 -0.0296024 -0.04780948 -0.0286296 -0.04807001 -0.03147912 -0.1963713 0.01147753 -0.1940324 0.01270496 -0.1946418 0.009964048 -0.1411361 -0.02644932 -0.1430431 -0.0235784 -0.1407485 -0.02348059 0.05884313 -0.0355215 0.05672276 -0.03419601 0.05809503 -0.0323503 0.1978888 0.01109641 0.1952935 0.01256358 0.1968555 0.01424998 -0.1629587 0.0630114 -0.1652286 0.06264007 -0.1658717 0.06657165 0.1471852 -0.06355583 0.1494112 -0.06071257 0.1494103 -0.06413382 -0.05756133 -0.0389871 -0.05511987 -0.03824174 -0.05657064 -0.04106289 -0.1935235 0.0186612 -0.1907855 0.01969492 -0.1918832 0.01704895 -0.1499057 -0.05105167 -0.1520333 -0.0485714 -0.1497563 -0.04825741 0.05846351 -0.03938478 0.0558393 -0.03853762 0.05715042 -0.03664785 0.1912893 0.02486592 0.1881127 0.02625262 0.1897666 0.0278511 -0.1740333 0.04299587 -0.1747285 0.04080337 -0.1769748 0.04030907 0.1102536 -0.1463876 0.112051 -0.1442615 0.1121682 -0.1476622 -0.1552325 -0.04375582 -0.1522351 -0.04457765 -0.1550288 -0.04604464 -0.1926756 0.02057439 -0.1917725 0.02353811 -0.1901512 0.02190679 -0.1122447 -0.144304 -0.1137942 -0.1425639 -0.111723 -0.1415637 0.1522743 -0.0458185 0.149087 -0.04656136 0.1496471 -0.0443325 0.1890602 0.0297591 0.1876357 0.03306704 0.1905714 0.03149288 -0.1841514 0.02565878 -0.1847695 0.02344334 -0.1869972 0.02287089 0.0974428 -0.1606042 0.09978616 -0.1588543 0.09890317 -0.1621007 -0.1399637 -0.04104477 -0.1370088 -0.04186373 -0.139935 -0.04313433 -0.1877111 0.03453642 -0.1865805 0.03779536 -0.1850942 0.03603994 -0.1305141 -0.1306388 -0.1323873 -0.1287046 -0.1303445 -0.1276485 0.1160494 -0.04534274 0.1129032 -0.04598909 0.1133428 -0.04373198 0.1736039 0.05823647 0.1719038 0.06158697 0.1748164 0.05994004 -0.1938902 0.01112675 -0.1959012 0.01055389 -0.1968933 0.01403707 0.1385985 -0.1285505 0.1407752 -0.1265479 0.1402523 -0.1298296 -0.1031085 -0.04099321 -0.1004703 -0.04151344 -0.1032006 -0.0430817 -0.1809282 0.05249536 -0.177397 0.05256026 -0.1797169 0.05079114 -0.1464734 -0.1186046 -0.1483818 -0.1167935 -0.1465705 -0.1157494 0.1016055 -0.04135483 0.09884107 -0.04186195 0.09902465 -0.03977942 0.1740587 0.06365817 0.1701918 0.06378239 0.1713746 0.06550657 -0.1976602 0.005034387 -0.1981562 0.00300318 -0.2001634 0.002417147 -0.03150784 -0.1936558 -0.02902901 -0.1939201 -0.03155118 -0.1955372 -0.1454892 -0.02257496 -0.1430037 -0.02389889 -0.1459255 -0.02440345 -0.1800613 0.05645132 -0.178602 0.05908405 -0.1774134 0.05736452 -0.08637094 -0.1740906 -0.08827543 -0.1732195 -0.0870518 -0.1715241 0.1273285 -0.02856206 0.1249587 -0.02980494 0.1248079 -0.02772057 0.1548674 0.08853554 0.1528776 0.09101754 0.155611 0.09026396 -0.2011793 -0.001043975 -0.2016294 -0.002871215 -0.2034368 -0.00339514 -0.0309937 -0.1962189 -0.02861124 -0.1966207 -0.03123652 -0.1978739 -0.1300246 -0.01830869 -0.127761 -0.01948642 -0.13055 -0.01989597 -0.1652302 0.0799126 -0.1634349 0.08243572 -0.1626099 0.08074432 -0.08692651 -0.1779715 -0.0890789 -0.1770913 -0.08809977 -0.1754845 0.1018806 -0.02840632 0.09949338 -0.02954781 0.09914422 -0.02769899 0.1315337 0.1116796 0.1291885 0.1139179 0.1320323 0.1132763 -0.2081848 5.48825e-4 -0.2053855 -1.98173e-4 -0.2074321 -0.002249002 0.1255608 -0.1569068 0.1259621 -0.1546782 0.126951 -0.1560273 -0.1625412 0.00533992 -0.1606013 0.003259778 -0.1631287 0.0040012 -0.141125 0.1060762 -0.1392403 0.1069763 -0.1386809 0.1053999 0.1869695 -0.07695192 0.1860916 -0.07842439 0.1846455 -0.07758384 0.145096 -0.001540601 0.1432925 -0.003565669 0.1427575 -0.001981914 0.08646625 0.1382291 0.08432304 0.138689 0.08661276 0.1396854 -0.2080171 0.002861261 -0.2094389 0.002513587 -0.2100412 0.004976153 -0.2009693 -0.03432726 -0.2001733 -0.03609925 -0.2019886 -0.03455805 -0.1648698 0.0173431 -0.1630172 0.0153197 -0.1653421 0.01641148 -0.1319473 0.1163491 -0.1299985 0.1168126 -0.1295949 0.1154057 0.187539 -0.07738238 0.1866699 -0.07868611 0.1853428 -0.07806891 0.1322544 0.00378412 0.130831 0.001932442 0.1302362 0.003269374 0.02709281 0.1525441 0.02531367 0.1522374 0.02696681 0.153582 -0.2085489 0.01128882 -0.2088701 0.0102939 -0.2098924 0.01007473 -0.2026309 -0.019692 -0.2021123 -0.02118533 -0.2036614 -0.01986718 -0.1626946 0.02902454 -0.1606219 0.02876532 -0.1610987 0.02783596 -0.03737276 0.15461 -0.03627038 0.1540074 -0.03636008 0.1529658 0.2036396 -0.01399582 0.2031472 -0.01539129 0.2021264 -0.01516747 0.1618249 0.02907431 0.159732 0.02879738 0.1612923 0.02997285 0.01747518 0.1553995 0.01625877 0.1546912 0.01728206 0.156427 -0.1502854 0.03247195 -0.1506609 0.03395581 -0.1481388 0.03319293 -0.1958979 -0.06448405 -0.1966183 -0.06338876 -0.1953355 -0.06268388 0.1473208 0.002571403 0.1439177 0.002931535 0.1464038 0.003768622 -0.1947837 -0.05504333 -0.1928297 -0.05591672 -0.1942799 -0.05675041 0.1051755 -0.1648446 0.1044986 -0.1670184 0.103691 -0.1655534 0.1496568 0.02409899 0.1483617 0.02360248 0.1462542 0.02446401 -0.1194044 -0.1026191 -0.1203577 -0.1034726 -0.1205471 -0.1019765 0.1392946 0.03295326 0.1409974 0.03544116 0.1408235 0.03228908 0.1661673 0.05271667 0.1675783 0.05562496 0.1678283 0.05258631 0.07942616 0.04491263 0.07757258 0.0469706 0.07908064 0.04767978 -0.07706636 0.03151321 -0.07862555 0.03332144 -0.07714432 0.03408598 -0.1700223 0.04435378 -0.1714954 0.04667431 -0.1698457 0.04690992 -0.1352639 0.05324393 -0.1332905 0.05578094 -0.1336107 0.05303746 -0.001962721 0.03979498 -3.40978e-5 0.04209965 -4.47709e-4 0.03910005 -0.1738097 0.009524464 -0.1727018 0.01231628 -0.1702265 0.01061505 0.1566654 -0.0448088 0.1574746 -0.04626601 0.1552392 -0.04827219 -0.1453953 0.0436908 -0.1475887 0.04160583 -0.1469069 0.04438894 -0.1699371 0.04989981 -0.1689283 0.04759299 -0.1705776 0.04735279 -0.06679773 0.01219773 -0.06557458 0.0104503 -0.06704568 0.009666502 0.0972827 0.02981358 0.09923803 0.02791064 0.09774112 0.02718049 0.1694249 0.05625766 0.1684918 0.05310767 0.1677877 0.05594885 0.136988 0.02782744 0.1357213 0.02532321 0.1354318 0.02842462 -0.02169322 0.01516461 -0.02343964 0.01315611 -0.022991 0.01621025 -0.1722679 0.04184859 -0.173489 0.04298335 -0.1719852 0.04558342 -0.145105 0.06490856 -0.1464048 0.06309658 -0.1465181 0.06579101 -0.1686716 0.05408942 -0.1700129 0.05138665 -0.1703262 0.05388903 -0.1021817 0.05952203 -0.1004979 0.05786478 -0.1019012 0.05696839 0.0740028 0.07873749 0.07555037 0.07690072 0.07419395 0.07593214 0.1685568 0.06211197 0.1700387 0.05934464 0.1684005 0.05903816 0.1460689 0.04579758 0.1440073 0.0434373 0.1445778 0.04654061 0.01993238 0.06991297 0.01835 0.06826555 0.01887345 0.07119989 -0.1710418 0.04906868 -0.1726885 0.04880994 -0.172432 0.05254667 -0.1466188 0.07729136 -0.1477642 0.07528746 -0.1476032 0.07815253 -0.169157 0.05469322 -0.1698524 0.05175346 -0.1704617 0.05458402 -0.1257865 0.0699796 -0.1236591 0.06835848 -0.1248806 0.06722563 0.02319103 0.1207778 0.02475196 0.1192799 0.02372807 0.1179649 0.1682499 0.06967467 0.1692418 0.06730425 0.1676239 0.06690549 0.1422919 0.02784752 0.1399672 0.02587497 0.1411406 0.02847188 0.02285957 0.06621539 0.02106994 0.06472784 0.02220875 0.06735163 -0.1699753 0.06384152 -0.1712788 0.06371402 -0.1709066 0.06663328 -0.1638033 0.06593221 -0.1654396 0.06410771 -0.1647431 0.0668419 -0.1686992 0.05125826 -0.1677957 0.0486862 -0.1691004 0.04857242 -0.08682054 0.02027577 -0.08585071 0.01854592 -0.08671563 0.01756328 0.1221097 0.0652706 0.1236311 0.06364929 0.1229003 0.06256401 0.1712263 0.06301283 0.1730995 0.06051576 0.1718525 0.06011706 0.1430241 0.0248748 0.1418954 0.02253144 0.1419095 0.02556169 -0.03202503 0.03445607 -0.03332477 0.03286606 -0.03244411 0.03569692 -0.1702793 0.06668984 -0.1711843 0.0676366 -0.169884 0.06960606 -0.1641814 0.07169973 -0.1659179 0.07059788 -0.165073 0.072658 -0.1672344 0.04334515 -0.1664001 0.04135853 -0.1677041 0.04123592 -0.06522983 -0.003981471 -0.06424564 -0.00499022 -0.06493216 -0.006105422 0.1324722 0.07025039 0.1339571 0.06944119 0.1333878 0.06826227 0.1707311 0.06300151 0.172668 0.06130588 0.1714401 0.06085121 0.174089 0.05705147 0.1738453 0.05518639 0.1727687 0.05593234 -0.05707234 0.03164219 -0.05835127 0.03085309 -0.05735349 0.03292137 -0.1687611 0.06851381 -0.169658 0.06946825 -0.1683409 0.07142651 -0.1361994 0.1096642 -0.1370594 0.1085423 -0.1368873 0.1107785 -0.1658765 0.04314494 -0.1663563 0.04101061 -0.1671823 0.0430445 -0.1278481 0.04507303 -0.1260217 0.04423522 -0.126783 0.04316979 0.01263797 0.1171049 0.01380479 0.1163847 0.01356208 0.1150977 0.1708531 0.06452715 0.1715764 0.06283497 0.1703737 0.06231659 0.1497161 0.03323376 0.1475463 0.03187763 0.1486008 0.03392022 0.07901984 0.06713998 0.07748216 0.06649267 0.07872503 0.06841582 -0.1681285 0.07243871 -0.1665218 0.07071006 -0.1685647 0.06952828 -0.1518512 0.09767526 -0.152495 0.09645217 -0.1524901 0.09867954 -0.1656166 0.04903972 -0.1659707 0.04684036 -0.1668046 0.04896503 -0.1399029 0.05364656 -0.1380625 0.05269986 -0.1388134 0.0516268 -0.02513343 0.1180387 -0.02409332 0.1173204 -0.0241521 0.1160122 0.1721799 0.06146669 0.1726615 0.05992412 0.1714603 0.0594033 0.151067 0.03680539 0.1489964 0.03554165 0.1500459 0.03741765 0.08485907 0.06460529 0.08349174 0.0639289 0.08463287 0.06577408 -0.1650559 0.07188779 -0.1657336 0.0709089 -0.1669216 0.07082855 -0.1659113 0.08311355 -0.1669684 0.081788 -0.1664863 0.08401632 -0.1615925 0.03933149 -0.1623657 0.03701514 -0.1626618 0.03928434 -0.1180822 0.03384208 -0.1167199 0.03272038 -0.1173581 0.03171533 0.07476526 0.1084668 0.07571607 0.1076066 0.07552945 0.1064307 0.1720626 0.055247 0.1730039 0.05360251 0.1719146 0.05312538 0.1366972 0.0113362 0.1351312 0.009865105 0.1357938 0.01191198 0.01063024 0.04684662 0.009367287 0.04601156 0.01052039 0.04791247 -0.1593627 0.07112485 -0.1599799 0.0702489 -0.1610496 0.07018536 -0.1719831 0.06565922 -0.1735475 0.06383419 -0.1742282 0.06466162 -0.1561041 0.005833089 -0.1566578 0.004196465 -0.1577263 0.004116058 0.1038182 -0.01939219 0.1050132 -0.01987606 0.1051475 -0.02093923 0.15845 0.08054351 0.1601203 0.08068799 0.159878 0.07964432 0.1700533 0.06230878 0.1710585 0.06130141 0.1695732 0.06195694 -0.1545518 -0.01806426 -0.1560659 -0.01799619 -0.1541908 -0.01759088 -0.1696274 0.06661099 -0.1717598 0.06671816 -0.1695328 0.06719827 -0.1590428 0.06749659 -0.1593859 0.06700998 -0.1599801 0.06697463 -0.1638855 0.08457708 -0.1653137 0.08298051 -0.165623 0.08348923 -0.1546915 -0.003079116 -0.155269 -0.005126178 -0.155862 -0.005177855 0.02481055 -0.03735488 0.02614432 -0.03846424 0.02608639 -0.03905671 0.1418222 0.0926662 0.1434424 0.09122377 0.1433612 0.09063404 0.1702522 0.05332684 0.1714199 0.05146706 0.1709076 0.05116379 0.08057749 -0.06811827 0.07964819 -0.06979453 0.08018994 -0.06766641 -0.1039132 0.05234789 -0.1055353 0.05154955 -0.1038308 0.05293744 -0.1677383 0.07911503 -0.1663238 0.0807656 -0.1660299 0.08024793 -0.1497371 -0.01691097 -0.1492815 -0.01481789 -0.1486903 -0.01474779 0.1501793 0.09105181 0.1486279 0.09252423 0.1486845 0.09311681 0.1699277 0.03892087 0.1688971 0.04082971 0.1694155 0.04112225 -0.142599 0.07666748 -0.1407654 0.07677608 -0.141795 0.07472342 -0.1745893 0.05391412 -0.1721299 0.05345213 -0.1731966 0.05269193 0.1518917 0.0786916 0.1494441 0.07980084 0.1516314 0.08028751 0.07941663 0.1198403 0.0802955 0.1202087 0.08015382 0.1181097 -0.1432304 0.08551168 -0.1429145 0.08668547 -0.1413969 0.08562231 -0.1477501 0.1061783 -0.1469372 0.1065286 -0.1458198 0.1045862 0.1419343 -0.06104105 0.1435886 -0.05944365 0.1451638 -0.06216233 -0.1103 -0.08097809 -0.108076 -0.0815609 -0.1094216 -0.08384668 -0.1868643 0.01672202 -0.1887473 0.01487213 -0.1903099 0.01655977 -0.1457669 -0.06034201 -0.1473721 -0.06301009 -0.1485906 -0.06106001 0.1115186 -0.08639848 0.1130242 -0.08968657 0.1107259 -0.08976072 0.189904 0.0144599 0.1914512 0.01616185 0.1940718 0.01364815 -0.1084034 0.100829 -0.1094534 0.1028754 -0.1048589 0.1026477 -0.1094534 0.1028754 -0.1082062 0.104808 -0.1048589 0.1026477 -0.1082062 0.104808 -0.1059089 0.1046941 -0.1048589 0.1026477 0.05348068 0.1310152 0.05283993 0.1288061 0.04965454 0.132125 0.05283993 0.1288061 0.05060642 0.1282564 0.04965454 0.132125 0.05060642 0.1282564 0.04901379 0.1299158 0.04965454 0.132125 0.1223168 -0.1130179 0.1207429 -0.1104223 0.1230359 -0.1102431 -0.1727632 -0.04424643 -0.1707435 -0.04241091 -0.1697887 -0.04450172 -0.1933064 0.01199513 -0.1948943 0.01365906 -0.1925178 0.01507973 -0.1223747 -0.1112527 -0.1246626 -0.1114883 -0.1230894 -0.1087986 0.166631 -0.0511443 0.1658782 -0.05331647 0.1632642 -0.05108624 0.195645 0.01160085 0.192785 0.01343065 0.1943266 0.01513755 -0.1416103 0.07653647 -0.1428861 0.0784502 -0.1382955 0.07874631 -0.1428861 0.0784502 -0.1418667 0.08051204 -0.1382955 0.07874631 -0.1418667 0.08051204 -0.1395714 0.0806601 -0.1382955 0.07874631 0.1415417 -0.02263313 0.1411365 -0.01980364 0.1434306 -0.01990467 -0.04939985 -0.0296024 -0.04920321 -0.02679991 -0.04780948 -0.0286296 -0.1963713 0.01147753 -0.1956115 0.01437479 -0.1940324 0.01270496 -0.1411361 -0.02644932 -0.1434036 -0.02681434 -0.1430431 -0.0235784 0.05884313 -0.0355215 0.05753624 -0.03741425 0.05672276 -0.03419601 0.1978888 0.01109641 0.1961629 0.009578108 0.1952935 0.01256358 -0.1652286 0.06264007 -0.1666852 0.06442022 -0.1658717 0.06657165 -0.1658717 0.06657165 -0.1636019 0.06694298 -0.1621453 0.06516289 -0.1621453 0.06516289 -0.1629587 0.0630114 -0.1658717 0.06657165 0.1471852 -0.06355583 0.1471357 -0.06038469 0.1494112 -0.06071257 -0.05756133 -0.0389871 -0.05643349 -0.03635376 -0.05511987 -0.03824174 -0.1935235 0.0186612 -0.1924741 0.02125638 -0.1907855 0.01969492 -0.1499057 -0.05105167 -0.152137 -0.05160427 -0.1520333 -0.0485714 0.05846351 -0.03938478 0.05747586 -0.041462 0.0558393 -0.03853762 0.1912893 0.02486592 0.189688 0.02321493 0.1881127 0.02625262 -0.1769748 0.04030907 -0.178526 0.04200732 -0.1740333 0.04299587 -0.178526 0.04200732 -0.1778309 0.04419988 -0.1740333 0.04299587 -0.1778309 0.04419988 -0.1755844 0.04469406 -0.1740333 0.04299587 0.1102536 -0.1463876 0.1099895 -0.1432416 0.112051 -0.1442615 -0.1552325 -0.04375582 -0.152756 -0.04233968 -0.1522351 -0.04457765 -0.1926756 0.02057439 -0.1942481 0.02225267 -0.1917725 0.02353811 -0.1122447 -0.144304 -0.1141715 -0.1455602 -0.1137942 -0.1425639 0.1522743 -0.0458185 0.1520377 -0.04810452 0.149087 -0.04656136 0.1890602 0.0297591 0.1860698 0.03138244 0.1876357 0.03306704 -0.1869972 0.02287089 -0.1886067 0.02451401 -0.1841514 0.02565878 -0.1886067 0.02451401 -0.1879886 0.02672952 -0.1841514 0.02565878 -0.1879886 0.02672952 -0.1857609 0.02730184 -0.1841514 0.02565878 0.0974428 -0.1606042 0.09796023 -0.1574556 0.09978616 -0.1588543 -0.1399637 -0.04104477 -0.1373224 -0.03958636 -0.1370088 -0.04186373 -0.1877111 0.03453642 -0.1890684 0.03612697 -0.1865805 0.03779536 -0.1305141 -0.1306388 -0.1322183 -0.1318499 -0.1323873 -0.1287046 0.1160494 -0.04534274 0.115923 -0.04742932 0.1129032 -0.04598909 0.1736039 0.05823647 0.170578 0.05970752 0.1719038 0.06158697 -0.1959012 0.01055389 -0.1974028 0.01200914 -0.1968933 0.01403707 -0.1968933 0.01403707 -0.1948823 0.01460993 -0.1933808 0.0131548 -0.1933808 0.0131548 -0.1938902 0.01112675 -0.1968933 0.01403707 0.1385985 -0.1285505 0.1390094 -0.1254286 0.1407752 -0.1265479 -0.1031085 -0.04099321 -0.1006452 -0.03943026 -0.1004703 -0.04151344 -0.1809282 0.05249536 -0.1786571 0.05422884 -0.177397 0.05256026 -0.1464734 -0.1186046 -0.1481812 -0.1198105 -0.1483818 -0.1167935 0.1016055 -0.04135483 0.1016902 -0.04344362 0.09884107 -0.04186195 0.1740587 0.06365817 0.1729294 0.06189846 0.1701918 0.06378239 -0.2001634 0.002417147 -0.2016746 0.003862321 -0.2011785 0.005893588 -0.2011785 0.005893588 -0.1991713 0.00647968 -0.2001634 0.002417147 -0.1991713 0.00647968 -0.1976602 0.005034387 -0.2001634 0.002417147 -0.03150784 -0.1936558 -0.02916711 -0.1918337 -0.02902901 -0.1939201 -0.1454892 -0.02257496 -0.1427926 -0.02182048 -0.1430037 -0.02389889 -0.1800613 0.05645132 -0.1810486 0.05805277 -0.178602 0.05908405 -0.08637094 -0.1740906 -0.08733582 -0.1757061 -0.08827543 -0.1732195 0.1273285 -0.02856206 0.1277305 -0.03039926 0.1249587 -0.02980494 0.1548674 0.08853554 0.1519355 0.08915108 0.1528776 0.09101754 -0.2034368 -0.00339514 -0.2047943 -0.002091825 -0.2011793 -0.001043975 -0.2047943 -0.002091825 -0.2043443 -2.64607e-4 -0.2011793 -0.001043975 -0.2043443 -2.64607e-4 -0.2025368 2.59319e-4 -0.2011793 -0.001043975 -0.0309937 -0.1962189 -0.02859395 -0.194739 -0.02861124 -0.1966207 -0.1300246 -0.01830869 -0.1273563 -0.01764941 -0.127761 -0.01948642 -0.1652302 0.0799126 -0.1659847 0.08140558 -0.1634349 0.08243572 -0.08692651 -0.1779715 -0.08760225 -0.1795012 -0.0890789 -0.1770913 0.1018806 -0.02840632 0.1023724 -0.03000468 0.09949338 -0.02954781 0.1315337 0.1116796 0.128657 0.1121127 0.1291885 0.1139179 -0.2074321 -0.002249002 -0.2086161 -0.00106734 -0.2081848 5.48825e-4 -0.2081848 5.48825e-4 -0.2065694 9.83439e-4 -0.2053855 -1.98173e-4 -0.2053855 -1.98173e-4 -0.2058167 -0.001814365 -0.2074321 -0.002249002 -0.1625412 0.00533992 -0.1600561 0.004839599 -0.1606013 0.003259778 -0.141125 0.1060762 -0.1415995 0.1074607 -0.1392403 0.1069763 0.1869695 -0.07695192 0.1883054 -0.07754963 0.1860916 -0.07842439 0.145096 -0.001540601 0.1456916 -0.002876222 0.1432925 -0.003565669 0.08646625 0.1382291 0.08413469 0.1370269 0.08432304 0.138689 -0.2094389 0.002513587 -0.2104509 0.003570914 -0.2100412 0.004976153 -0.2100412 0.004976153 -0.2086195 0.005323827 -0.2076074 0.0042665 -0.2076074 0.0042665 -0.2080171 0.002861261 -0.2100412 0.004976153 -0.2009693 -0.03432726 -0.198776 -0.03566437 -0.2001733 -0.03609925 -0.1648698 0.0173431 -0.1624296 0.01665937 -0.1630172 0.0153197 -0.1319473 0.1163491 -0.1322349 0.1173542 -0.1299985 0.1168126 0.187539 -0.07738238 0.1885232 -0.07773494 0.1866699 -0.07868611 0.1322544 0.00378412 0.1327477 0.00286293 0.130831 0.001932442 0.02709281 0.1525441 0.02548855 0.1507841 0.02531367 0.1522374 -0.2098924 0.01007473 -0.2105934 0.01085031 -0.2085489 0.01128882 -0.2105934 0.01085031 -0.2102721 0.01184529 -0.2085489 0.01128882 -0.2102721 0.01184529 -0.2092499 0.01206445 -0.2085489 0.01128882 -0.2026309 -0.019692 -0.2010928 -0.02095508 -0.2021123 -0.02118533 -0.1626946 0.02902454 -0.1621654 0.02992492 -0.1606219 0.02876532 -0.03737276 0.15461 -0.03725475 0.1556488 -0.03627038 0.1540074 0.2036396 -0.01399582 0.2046705 -0.0141679 0.2031472 -0.01539129 0.1618249 0.02907431 0.1602108 0.0278691 0.159732 0.02879738 0.01747518 0.1553995 0.01642268 0.1536587 0.01625877 0.1546912 -0.1502854 0.03247195 -0.1523353 0.03308779 -0.1506609 0.03395581 0.1392946 0.03295326 0.1394268 0.03599971 0.1409974 0.03544116 0.1661673 0.05271667 0.1659173 0.05549383 0.1675783 0.05562496 0.07942616 0.04491263 0.07783716 0.04441046 0.07757258 0.0469706 -0.07706636 0.03151321 -0.07855343 0.03075999 -0.07862555 0.03332144 -0.1700223 0.04435378 -0.1716301 0.04391509 -0.1714954 0.04667431 -0.1352639 0.05324393 -0.1348897 0.05624812 -0.1332905 0.05578094 -0.001962721 0.03979498 -0.001487374 0.04291582 -3.40978e-5 0.04209965 -0.1738097 0.009524464 -0.1739281 0.01118707 -0.1727018 0.01231628 -0.1727018 0.01231628 -0.1710545 0.01206177 -0.1702265 0.01061505 -0.1702265 0.01061505 -0.1708413 0.009065628 -0.1724359 0.008580267 -0.1724359 0.008580267 -0.1738097 0.009524464 -0.1702265 0.01061505 0.1574746 -0.04626601 0.15684 -0.04780733 0.1552392 -0.04827219 0.1552392 -0.04827219 0.1538777 -0.04731041 0.1537808 -0.04564625 0.1537808 -0.04564625 0.1550214 -0.04453301 0.1552392 -0.04827219 0.1550214 -0.04453301 0.1566654 -0.0448088 0.1552392 -0.04827219 -0.1453953 0.0436908 -0.1459918 0.04113405 -0.1475887 0.04160583 -0.1699371 0.04989981 -0.1682774 0.05005156 -0.1689283 0.04759299 -0.06679773 0.01219773 -0.06540834 0.01311874 -0.06557458 0.0104503 0.0972827 0.02981358 0.09864205 0.03077614 0.09923803 0.02791064 0.1694249 0.05625766 0.1701534 0.05322957 0.1684918 0.05310767 0.136988 0.02782744 0.1372883 0.024755 0.1357213 0.02532321 -0.02169322 0.01516461 -0.0220009 0.01231485 -0.02343964 0.01315611 -0.173489 0.04298335 -0.1733632 0.04464542 -0.1719852 0.04558342 -0.1719852 0.04558342 -0.1703927 0.04509097 -0.1697849 0.04353874 -0.1697849 0.04353874 -0.1706194 0.04209578 -0.1719852 0.04558342 -0.1706194 0.04209578 -0.1722679 0.04184859 -0.1719852 0.04558342 -0.145105 0.06490856 -0.1448932 0.06239598 -0.1464048 0.06309658 -0.1686716 0.05408942 -0.1683531 0.0515393 -0.1700129 0.05138665 -0.1021817 0.05952203 -0.1009472 0.06063956 -0.1004979 0.05786478 0.0740028 0.07873749 0.0751447 0.07995158 0.07555037 0.07690072 0.1685568 0.06211197 0.1701784 0.06249737 0.1700387 0.05934464 0.1460689 0.04579758 0.1455699 0.04285943 0.1440073 0.0434373 0.01993238 0.06991297 0.01965582 0.0672301 0.01835 0.06826555 -0.1739175 0.04993605 -0.1738034 0.05159902 -0.1726885 0.04880994 -0.1738034 0.05159902 -0.172432 0.05254667 -0.1726885 0.04880994 -0.172432 0.05254667 -0.1708361 0.05206537 -0.1702173 0.05051749 -0.1702173 0.05051749 -0.1710418 0.04906868 -0.172432 0.05254667 -0.1466188 0.07729136 -0.1463492 0.07440906 -0.1477642 0.07528746 -0.169157 0.05469322 -0.1681983 0.05195677 -0.1698524 0.05175346 -0.1257865 0.0699796 -0.1248978 0.07093989 -0.1236591 0.06835848 0.02319103 0.1207778 0.02377963 0.1219474 0.02475196 0.1192799 0.1682499 0.06967467 0.1694717 0.07014441 0.1692418 0.06730425 0.1422919 0.02784752 0.1414502 0.02511388 0.1399672 0.02587497 0.02285957 0.06621539 0.0221278 0.06344002 0.02106994 0.06472784 -0.1721914 0.06465363 -0.1720256 0.06595283 -0.1712788 0.06371402 -0.1720256 0.06595283 -0.1709066 0.06663328 -0.1712788 0.06371402 -0.1709066 0.06663328 -0.1696768 0.06618261 -0.1692624 0.06494015 -0.1692624 0.06494015 -0.1699753 0.06384152 -0.1709066 0.06663328 -0.1638033 0.06593221 -0.1644201 0.06328839 -0.1654396 0.06410771 -0.1686992 0.05125826 -0.1673943 0.05137127 -0.1677957 0.0486862 -0.08682054 0.02027577 -0.08608168 0.0213564 -0.08585071 0.01854592 0.1221097 0.0652706 0.1226719 0.06645202 0.1236311 0.06364929 0.1712263 0.06301283 0.1724509 0.06347578 0.1730995 0.06051576 0.1430241 0.0248748 0.143048 0.02191036 0.1418954 0.02253144 -0.03202503 0.03445607 -0.03269916 0.03171545 -0.03332477 0.03286606 -0.1711843 0.0676366 -0.1710084 0.06893444 -0.169884 0.06960606 -0.169884 0.06960606 -0.1686578 0.06914573 -0.1702793 0.06668984 -0.1686578 0.06914573 -0.1682532 0.06790006 -0.1702793 0.06668984 -0.1682532 0.06790006 -0.1689749 0.06680709 -0.1702793 0.06668984 -0.1641814 0.07169973 -0.1649748 0.06969022 -0.1659179 0.07059788 -0.1672344 0.04334515 -0.165929 0.04345095 -0.1664001 0.04135853 -0.06522983 -0.003981471 -0.06460458 -0.002830684 -0.06424564 -0.00499022 0.1324722 0.07025039 0.1329505 0.07146912 0.1339571 0.06944119 0.1707311 0.06300151 0.171941 0.06350213 0.172668 0.06130588 -0.05707234 0.03164219 -0.05796468 0.02960175 -0.05835127 0.03085309 -0.169658 0.06946825 -0.169471 0.07076454 -0.1683409 0.07142651 -0.1683409 0.07142651 -0.1671187 0.07095569 -0.1687611 0.06851381 -0.1671187 0.07095569 -0.1667248 0.06970661 -0.1687611 0.06851381 -0.1667248 0.06970661 -0.1674558 0.06861984 -0.1687611 0.06851381 -0.1361994 0.1096642 -0.1363054 0.1074716 -0.1370594 0.1085423 -0.1658765 0.04314494 -0.1650516 0.04112589 -0.1663563 0.04101061 -0.1278481 0.04507303 -0.1271129 0.04615664 -0.1260217 0.04423522 0.01263797 0.1171049 0.01278913 0.1184058 0.01380479 0.1163847 0.1708531 0.06452715 0.1720369 0.06508702 0.1715764 0.06283497 0.1497161 0.03323376 0.1486663 0.03119874 0.1475463 0.03187763 0.07901984 0.06713998 0.07783955 0.06523287 0.07748216 0.06649267 -0.1694563 0.07048761 -0.1692622 0.07178288 -0.1681285 0.07243871 -0.1681285 0.07243871 -0.1669089 0.07196122 -0.1665218 0.07071006 -0.1665218 0.07071006 -0.1672587 0.06962728 -0.1685647 0.06952828 -0.1685647 0.06952828 -0.1694563 0.07048761 -0.1681285 0.07243871 -0.1518512 0.09767526 -0.1517203 0.09539651 -0.152495 0.09645217 -0.1656166 0.04903972 -0.1646659 0.04695117 -0.1659707 0.04684036 -0.1399029 0.05364656 -0.1392272 0.05462688 -0.1380625 0.05269986 -0.02513343 0.1180387 -0.02515798 0.119229 -0.02409332 0.1173204 0.1721799 0.06146669 0.1732479 0.06199193 0.1726615 0.05992412 0.151067 0.03680539 0.1501128 0.03485685 0.1489964 0.03554165 0.08485907 0.06460529 0.08378666 0.062653 0.08349174 0.0639289 -0.1677252 0.07170718 -0.1675392 0.07288324 -0.1669216 0.07082855 -0.1675392 0.07288324 -0.1665038 0.07347106 -0.1669216 0.07082855 -0.1665038 0.07347106 -0.1653985 0.07302808 -0.1669216 0.07082855 -0.1653985 0.07302808 -0.1650559 0.07188779 -0.1669216 0.07082855 -0.1659113 0.08311355 -0.1662387 0.08084863 -0.1669684 0.081788 -0.1615925 0.03933149 -0.1611812 0.0371235 -0.1623657 0.03701514 -0.1180822 0.03384208 -0.1175086 0.03474724 -0.1167199 0.03272038 0.07476526 0.1084668 0.07482135 0.1095369 0.07571607 0.1076066 0.1720626 0.055247 0.1730052 0.0557534 0.1730039 0.05360251 0.1366972 0.0113362 0.1361125 0.009191334 0.1351312 0.009865105 0.01063024 0.04684662 0.009554624 0.0448358 0.009367287 0.04601156 -0.1617663 0.07098203 -0.1615902 0.07203906 -0.1610496 0.07018536 -0.1615902 0.07203906 -0.1606541 0.07256042 -0.1610496 0.07018536 -0.1606541 0.07256042 -0.1596627 0.07215362 -0.1610496 0.07018536 -0.1596627 0.07215362 -0.1593627 0.07112485 -0.1610496 0.07018536 -0.1719831 0.06565922 -0.1716146 0.06519198 -0.1735475 0.06383419 -0.1561041 0.005833089 -0.1555109 0.005883157 -0.1566578 0.004196465 0.1038182 -0.01939219 0.1037072 -0.01880735 0.1050132 -0.01987606 0.15845 0.08054351 0.1585577 0.08112877 0.1601203 0.08068799 0.1700533 0.06230878 0.1719322 0.06192195 0.1710585 0.06130141 -0.1545518 -0.01806426 -0.1566817 -0.01887309 -0.1560659 -0.01799619 -0.1696274 0.06661099 -0.1718904 0.06565481 -0.1717598 0.06671816 -0.1603783 0.06741726 -0.1602805 0.06800448 -0.1599801 0.06697463 -0.1602805 0.06800448 -0.1597604 0.06829416 -0.1599801 0.06697463 -0.1597604 0.06829416 -0.1592096 0.06806814 -0.1599801 0.06697463 -0.1592096 0.06806814 -0.1590428 0.06749659 -0.1599801 0.06697463 0.02481055 -0.03735488 0.02485072 -0.03676092 0.02614432 -0.03846424 0.08057749 -0.06811827 0.08003377 -0.07024806 0.07964819 -0.06979453 -0.1039132 0.05234789 -0.105583 0.05095613 -0.1055353 0.05154955 0.1518917 0.0786916 0.1504583 0.07772135 0.1494441 0.07980084 -0.2083061 0.01951372 -0.2086527 0.01852726 -0.2096803 0.01833432 -0.2001129 -0.04527366 -0.2012956 -0.04454898 -0.2005105 -0.04353863 -0.1557797 0.06292569 -0.1551787 0.06381428 -0.1544461 0.06303066 0.09706628 0.03841769 0.09794723 0.03833031 0.09677898 0.03682643 0.1205774 0.0248667 0.1203545 0.0236718 0.1194698 0.02331757 -0.2096803 0.01833432 -0.2103612 0.01912766 -0.2100146 0.02011406 -0.2100146 0.02011406 -0.2089871 0.02030706 -0.2096803 0.01833432 -0.2089871 0.02030706 -0.2083061 0.01951372 -0.2096803 0.01833432 -0.1557797 0.06292569 -0.1556932 0.06351464 -0.1551787 0.06381428 -0.1551787 0.06381428 -0.1546237 0.06359893 -0.1544461 0.06303066 -0.1544461 0.06303066 -0.1547796 0.06253755 -0.155373 0.06249082 -0.155373 0.06249082 -0.1557797 0.06292569 -0.1544461 0.06303066</float_array>
          <technique_common>
            <accessor source="#group956064899-mesh-map-0-array" count="5292" stride="2">
              <param name="S" type="float"/>
              <param name="T" type="float"/>
            </accessor>
          </technique_common>
        </source>
        <vertices id="group956064899-mesh-vertices">
          <input semantic="POSITION" source="#group956064899-mesh-positions"/>
        </vertices>
        <triangles material="christmasSnowman_002-material" count="386">
          <input semantic="VERTEX" source="#group956064899-mesh-vertices" offset="0"/>
          <input semantic="NORMAL" source="#group956064899-mesh-normals" offset="1"/>
          <input semantic="TEXCOORD" source="#group956064899-mesh-map-0" offset="2" set="0"/>
          <p>2 0 0 1 0 1 0 0 2 1 1 3 4 1 4 3 1 5 6 2 6 3 2 7 4 2 8 6 3 9 7 3 10 5 3 11 10 4 12 9 4 13 8 4 14 10 5 15 12 5 16 11 5 17 12 6 18 13 6 19 11 6 20 14 7 21 2 7 22 15 7 23 3 8 24 5 8 25 13 8 26 12 9 27 6 9 28 4 9 29 13 10 30 15 10 31 0 10 32 3 11 33 0 11 34 1 11 35 13 12 36 0 12 37 3 12 38 4 13 39 1 13 40 2 13 41 4 14 42 2 14 43 14 14 44 7 15 45 8 15 46 5 15 47 5 16 48 8 16 49 9 16 50 11 17 51 9 17 52 10 17 53 5 18 54 9 18 55 11 18 56 12 19 57 10 19 58 7 19 59 12 20 60 7 20 61 6 20 62 5 21 63 11 21 64 13 21 65 15 22 66 13 22 67 14 22 68 4 23 69 14 23 70 12 23 71 0 24 72 15 24 73 2 24 74 8 25 75 7 25 76 10 25 77 18 26 78 17 26 79 16 26 80 17 27 81 20 27 82 19 27 83 22 28 84 19 28 85 20 28 86 22 29 87 23 29 88 21 29 89 26 30 90 25 30 91 24 30 92 26 31 93 28 31 94 27 31 95 28 32 96 29 32 97 27 32 98 30 33 99 18 33 100 31 33 101 19 34 102 21 34 103 29 34 104 28 35 105 22 35 106 20 35 107 29 36 108 31 36 109 16 36 110 19 37 111 16 37 112 17 37 113 29 38 114 16 38 115 19 38 116 20 39 117 17 39 118 18 39 119 20 40 120 18 40 121 30 40 122 23 41 123 24 41 124 21 41 125 21 42 126 24 42 127 25 42 128 27 43 129 25 43 130 26 43 131 21 44 132 25 44 133 27 44 134 28 45 135 26 45 136 23 45 137 28 46 138 23 46 139 22 46 140 21 47 141 27 47 142 29 47 143 31 48 144 29 48 145 30 48 146 20 49 147 30 49 148 28 49 149 16 50 150 31 50 151 18 50 152 24 51 153 23 51 154 26 51 155 95 52 156 93 52 157 92 52 158 94 53 159 96 53 160 93 53 161 99 54 162 96 54 163 97 54 164 99 55 165 100 55 166 98 55 167 103 56 168 100 56 169 101 56 170 105 57 171 102 57 172 103 57 173 105 58 174 106 58 175 104 58 176 107 59 177 108 59 178 106 59 179 111 60 180 108 60 181 109 60 182 113 61 183 110 61 184 111 61 185 113 62 186 114 62 187 112 62 188 95 63 189 114 63 190 115 63 191 98 64 192 106 64 193 114 64 194 97 65 195 95 65 196 109 65 197 275 66 198 274 66 199 273 66 200 274 67 201 277 67 202 276 67 203 279 68 204 276 68 205 277 68 206 279 69 207 280 69 208 278 69 209 283 70 210 282 70 211 281 70 212 283 71 213 285 71 214 284 71 215 285 72 216 286 72 217 284 72 218 287 73 219 275 73 220 288 73 221 276 74 222 278 74 223 286 74 224 285 75 225 279 75 226 277 75 227 286 76 228 288 76 229 273 76 230 276 77 231 273 77 232 274 77 233 286 78 234 273 78 235 276 78 236 277 79 237 274 79 238 275 79 239 277 80 240 275 80 241 287 80 242 280 81 243 281 81 244 278 81 245 278 82 246 281 82 247 282 82 248 284 83 249 282 83 250 283 83 251 278 84 252 282 84 253 284 84 254 285 85 255 283 85 256 280 85 257 285 86 258 280 86 259 279 86 260 278 87 261 284 87 262 286 87 263 288 88 264 286 88 265 287 88 266 277 89 267 287 89 268 285 89 269 273 90 270 288 90 271 275 90 272 281 91 273 280 91 274 283 91 275 291 92 276 290 92 277 289 92 278 293 93 279 289 93 280 290 93 281 295 94 282 292 94 283 293 94 284 297 95 285 294 95 286 295 95 287 297 96 288 298 96 289 296 96 290 299 97 291 300 97 292 298 97 293 301 98 294 291 98 295 300 98 296 289 99 297 302 99 298 291 99 299 293 100 300 290 100 301 299 100 302 291 101 303 302 101 304 300 101 305 298 102 306 300 102 307 302 102 308 296 103 309 298 103 310 302 103 311 294 104 312 296 104 313 302 104 314 292 105 315 294 105 316 302 105 317 289 106 318 292 106 319 302 106 320 303 107 321 291 107 322 301 107 323 303 108 324 290 108 325 291 108 326 290 109 327 303 109 328 301 109 329 306 110 330 305 110 331 304 110 332 305 111 333 308 111 334 307 111 335 308 112 336 310 112 337 309 112 338 312 113 339 311 113 340 310 113 341 315 114 342 314 114 343 313 114 344 314 115 345 317 115 346 316 115 347 317 116 348 319 116 349 318 116 350 319 117 351 321 117 352 320 117 353 321 118 354 323 118 355 322 118 356 323 119 357 306 119 358 304 119 359 304 120 360 309 120 361 324 120 362 308 121 363 305 121 364 306 121 365 323 122 366 324 122 367 322 122 368 304 123 369 324 123 370 323 123 371 321 124 372 322 124 373 320 124 374 319 125 375 320 125 376 318 125 377 317 126 378 318 126 379 316 126 380 314 127 381 316 127 382 313 127 383 312 128 384 313 128 385 311 128 386 310 129 387 311 129 388 309 129 389 308 130 390 309 130 391 307 130 392 305 131 393 307 131 394 304 131 395 314 132 396 315 132 397 310 132 398 314 133 399 310 133 400 308 133 401 309 134 402 311 134 403 313 134 404 313 135 405 316 135 406 318 135 407 319 136 408 317 136 409 314 136 410 319 137 411 314 137 412 308 137 413 321 138 414 319 138 415 308 138 416 306 139 417 323 139 418 321 139 419 306 140 420 321 140 421 308 140 422 312 141 423 315 141 424 313 141 425 315 142 426 312 142 427 310 142 428 309 143 429 313 143 430 318 143 431 309 144 432 318 144 433 320 144 434 309 145 435 320 145 436 322 145 437 309 146 438 322 146 439 324 146 440 304 147 441 307 147 442 309 147 443 327 148 444 326 148 445 325 148 446 329 149 447 325 149 448 326 149 449 331 150 450 328 150 451 329 150 452 333 151 453 330 151 454 331 151 455 333 152 456 334 152 457 332 152 458 335 153 459 336 153 460 334 153 461 337 154 462 327 154 463 336 154 464 325 155 465 338 155 466 327 155 467 329 156 468 326 156 469 335 156 470 327 157 471 338 157 472 336 157 473 334 158 474 336 158 475 338 158 476 332 159 477 334 159 478 338 159 479 330 160 480 332 160 481 338 160 482 328 161 483 330 161 484 338 161 485 325 162 486 328 162 487 338 162 488 339 163 489 327 163 490 337 163 491 339 164 492 326 164 493 327 164 494 326 165 495 339 165 496 337 165 497 565 166 498 564 166 499 563 166 500 564 167 501 567 167 502 566 167 503 569 168 504 566 168 505 567 168 506 569 169 507 570 169 508 568 169 509 573 170 510 572 170 511 571 170 512 573 171 513 575 171 514 574 171 515 575 172 516 576 172 517 574 172 518 577 173 519 565 173 520 578 173 521 566 174 522 568 174 523 576 174 524 575 175 525 569 175 526 567 175 527 576 176 528 578 176 529 563 176 530 566 177 531 563 177 532 564 177 533 576 178 534 563 178 535 566 178 536 567 179 537 564 179 538 565 179 539 567 180 540 565 180 541 577 180 542 570 181 543 571 181 544 568 181 545 568 182 546 571 182 547 572 182 548 574 183 549 572 183 550 573 183 551 568 184 552 572 184 553 574 184 554 575 185 555 573 185 556 570 185 557 575 186 558 570 186 559 569 186 560 568 187 561 574 187 562 576 187 563 578 188 564 576 188 565 577 188 566 567 189 567 577 189 568 575 189 569 563 190 570 578 190 571 565 190 572 571 191 573 570 191 574 573 191 575 599 192 576 598 192 577 597 192 578 598 193 579 601 193 580 600 193 581 603 194 582 600 194 583 601 194 584 603 195 585 604 195 586 602 195 587 607 196 588 606 196 589 605 196 590 607 197 591 609 197 592 608 197 593 609 198 594 610 198 595 608 198 596 611 199 597 599 199 598 612 199 599 600 200 600 602 200 601 610 200 602 609 201 603 603 201 604 601 201 605 610 202 606 612 202 607 597 202 608 600 203 609 597 203 610 598 203 611 610 204 612 597 204 613 600 204 614 601 205 615 598 205 616 599 205 617 601 206 618 599 206 619 611 206 620 604 207 621 605 207 622 602 207 623 602 208 624 605 208 625 606 208 626 608 209 627 606 209 628 607 209 629 602 210 630 606 210 631 608 210 632 609 211 633 607 211 634 604 211 635 609 212 636 604 212 637 603 212 638 602 213 639 608 213 640 610 213 641 612 214 642 610 214 643 611 214 644 601 215 645 611 215 646 609 215 647 597 216 648 612 216 649 599 216 650 605 217 651 604 217 652 607 217 653 615 218 654 614 218 655 613 218 656 614 219 657 617 219 658 616 219 659 619 220 660 616 220 661 617 220 662 619 221 663 620 221 664 618 221 665 623 222 666 622 222 667 621 222 668 623 223 669 625 223 670 624 223 671 625 224 672 626 224 673 624 224 674 627 225 675 615 225 676 628 225 677 616 226 678 618 226 679 626 226 680 625 227 681 619 227 682 617 227 683 626 228 684 628 228 685 613 228 686 616 229 687 613 229 688 614 229 689 626 230 690 613 230 691 616 230 692 617 231 693 614 231 694 615 231 695 617 232 696 615 232 697 627 232 698 620 233 699 621 233 700 618 233 701 618 234 702 621 234 703 622 234 704 624 235 705 622 235 706 623 235 707 618 236 708 622 236 709 624 236 710 625 237 711 623 237 712 620 237 713 625 238 714 620 238 715 619 238 716 618 239 717 624 239 718 626 239 719 628 240 720 626 240 721 627 240 722 617 241 723 627 241 724 625 241 725 613 242 726 628 242 727 615 242 728 621 243 729 620 243 730 623 243 731 747 244 732 746 244 733 745 244 734 746 245 735 749 245 736 748 245 737 751 246 738 748 246 739 749 246 740 751 247 741 752 247 742 750 247 743 755 248 744 754 248 745 753 248 746 755 249 747 757 249 748 756 249 749 757 250 750 758 250 751 756 250 752 759 251 753 747 251 754 760 251 755 748 252 756 750 252 757 758 252 758 757 253 759 751 253 760 749 253 761 758 254 762 760 254 763 745 254 764 748 255 765 745 255 766 746 255 767 758 256 768 745 256 769 748 256 770 749 257 771 746 257 772 747 257 773 749 258 774 747 258 775 759 258 776 752 259 777 753 259 778 750 259 779 750 260 780 753 260 781 754 260 782 756 261 783 754 261 784 755 261 785 750 262 786 754 262 787 756 262 788 757 263 789 755 263 790 752 263 791 757 264 792 752 264 793 751 264 794 750 265 795 756 265 796 758 265 797 760 266 798 758 266 799 759 266 800 749 267 801 759 267 802 757 267 803 745 268 804 760 268 805 747 268 806 753 269 807 752 269 808 755 269 809 763 270 810 762 270 811 761 270 812 762 271 813 765 271 814 764 271 815 767 272 816 764 272 817 765 272 818 767 273 819 768 273 820 766 273 821 771 274 822 770 274 823 769 274 824 771 275 825 773 275 826 772 275 827 773 276 828 774 276 829 772 276 830 775 277 831 763 277 832 776 277 833 764 278 834 766 278 835 774 278 836 773 279 837 767 279 838 765 279 839 774 280 840 776 280 841 761 280 842 764 281 843 761 281 844 762 281 845 774 282 846 761 282 847 764 282 848 765 283 849 762 283 850 763 283 851 765 284 852 763 284 853 775 284 854 768 285 855 769 285 856 766 285 857 766 286 858 769 286 859 770 286 860 772 287 861 770 287 862 771 287 863 766 288 864 770 288 865 772 288 866 773 289 867 771 289 868 768 289 869 773 290 870 768 290 871 767 290 872 766 291 873 772 291 874 774 291 875 776 292 876 774 292 877 775 292 878 765 293 879 775 293 880 773 293 881 761 294 882 776 294 883 763 294 884 769 295 885 768 295 886 771 295 887 779 296 888 778 296 889 777 296 890 778 297 891 781 297 892 780 297 893 783 298 894 780 298 895 781 298 896 783 299 897 784 299 898 782 299 899 787 300 900 786 300 901 785 300 902 787 301 903 789 301 904 788 301 905 789 302 906 790 302 907 788 302 908 791 303 909 779 303 910 792 303 911 780 304 912 782 304 913 790 304 914 789 305 915 783 305 916 781 305 917 790 306 918 792 306 919 777 306 920 780 307 921 777 307 922 778 307 923 790 308 924 777 308 925 780 308 926 781 309 927 778 309 928 779 309 929 781 310 930 779 310 931 791 310 932 784 311 933 785 311 934 782 311 935 782 312 936 785 312 937 786 312 938 788 313 939 786 313 940 787 313 941 782 314 942 786 314 943 788 314 944 789 315 945 787 315 946 784 315 947 789 316 948 784 316 949 783 316 950 782 317 951 788 317 952 790 317 953 792 318 954 790 318 955 791 318 956 781 319 957 791 319 958 789 319 959 777 320 960 792 320 961 779 320 962 785 321 963 784 321 964 787 321 965 6 322 966 5 322 967 3 322 968 12 323 969 14 323 970 13 323 971 22 324 972 21 324 973 19 324 974 28 325 975 30 325 976 29 325 977 95 326 978 94 326 979 93 326 980 94 327 981 97 327 982 96 327 983 99 328 984 98 328 985 96 328 986 99 329 987 101 329 988 100 329 989 103 330 990 102 330 991 100 330 992 105 331 993 104 331 994 102 331 995 105 332 996 107 332 997 106 332 998 107 333 999 109 333 1000 108 333 1001 111 334 1002 110 334 1003 108 334 1004 113 335 1005 112 335 1006 110 335 1007 113 336 1008 115 336 1009 114 336 1010 95 337 1011 92 337 1012 114 337 1013 114 338 1014 92 338 1015 98 338 1016 92 339 1017 93 339 1018 98 339 1019 93 340 1020 96 340 1021 98 340 1022 98 341 1023 100 341 1024 102 341 1025 102 342 1026 104 342 1027 106 342 1028 106 343 1029 108 343 1030 110 343 1031 110 344 1032 112 344 1033 106 344 1034 112 345 1035 114 345 1036 106 345 1037 98 346 1038 102 346 1039 106 346 1040 95 347 1041 115 347 1042 109 347 1043 115 348 1044 113 348 1045 109 348 1046 113 349 1047 111 349 1048 109 349 1049 109 350 1050 107 350 1051 105 350 1052 105 351 1053 103 351 1054 109 351 1055 103 352 1056 101 352 1057 109 352 1058 101 353 1059 99 353 1060 97 353 1061 97 354 1062 94 354 1063 95 354 1064 101 355 1065 97 355 1066 109 355 1067 279 356 1068 278 356 1069 276 356 1070 285 357 1071 287 357 1072 286 357 1073 293 358 1074 292 358 1075 289 358 1076 295 359 1077 294 359 1078 292 359 1079 297 360 1080 296 360 1081 294 360 1082 297 361 1083 299 361 1084 298 361 1085 299 362 1086 301 362 1087 300 362 1088 290 363 1089 301 363 1090 299 363 1091 299 364 1092 297 364 1093 295 364 1094 295 365 1095 293 365 1096 299 365 1097 329 366 1098 328 366 1099 325 366 1100 331 367 1101 330 367 1102 328 367 1103 333 368 1104 332 368 1105 330 368 1106 333 369 1107 335 369 1108 334 369 1109 335 370 1110 337 370 1111 336 370 1112 326 371 1113 337 371 1114 335 371 1115 335 372 1116 333 372 1117 331 372 1118 331 373 1119 329 373 1120 335 373 1121 569 374 1122 568 374 1123 566 374 1124 575 375 1125 577 375 1126 576 375 1127 603 376 1128 602 376 1129 600 376 1130 609 377 1131 611 377 1132 610 377 1133 619 378 1134 618 378 1135 616 378 1136 625 379 1137 627 379 1138 626 379 1139 751 380 1140 750 380 1141 748 380 1142 757 381 1143 759 381 1144 758 381 1145 767 382 1146 766 382 1147 764 382 1148 773 383 1149 775 383 1150 774 383 1151 783 384 1152 782 384 1153 780 384 1154 789 385 1155 791 385 1156 790 385 1157</p>
        </triangles>
        <triangles material="christmasSnowman_004-material" count="135">
          <input semantic="VERTEX" source="#group956064899-mesh-vertices" offset="0"/>
          <input semantic="NORMAL" source="#group956064899-mesh-normals" offset="1"/>
          <input semantic="TEXCOORD" source="#group956064899-mesh-map-0" offset="2" set="0"/>
          <p>34 386 1158 33 386 1159 32 386 1160 33 387 1161 36 387 1162 35 387 1163 36 388 1164 38 388 1165 37 388 1166 38 389 1167 40 389 1168 39 389 1169 40 390 1170 42 390 1171 41 390 1172 42 391 1173 44 391 1174 43 391 1175 44 392 1176 46 392 1177 45 392 1178 46 393 1179 48 393 1180 47 393 1181 48 394 1182 50 394 1183 49 394 1184 50 395 1185 52 395 1186 51 395 1187 52 396 1188 54 396 1189 53 396 1190 54 397 1191 34 397 1192 32 397 1193 47 398 1194 51 398 1195 55 398 1196 52 399 1197 48 399 1198 40 399 1199 54 400 1200 55 400 1201 53 400 1202 32 401 1203 55 401 1204 54 401 1205 52 402 1206 53 402 1207 51 402 1208 50 403 1209 51 403 1210 49 403 1211 48 404 1212 49 404 1213 47 404 1214 46 405 1215 47 405 1216 45 405 1217 44 406 1218 45 406 1219 43 406 1220 42 407 1221 43 407 1222 41 407 1223 40 408 1224 41 408 1225 39 408 1226 38 409 1227 39 409 1228 37 409 1229 36 410 1230 37 410 1231 35 410 1232 33 411 1233 35 411 1234 32 411 1235 58 412 1236 57 412 1237 56 412 1238 61 413 1239 59 413 1240 58 413 1241 63 414 1242 62 414 1243 59 414 1244 56 415 1245 57 415 1246 62 415 1247 57 416 1248 59 416 1249 62 416 1250 60 417 1251 61 417 1252 56 417 1253 71 418 1254 69 418 1255 56 418 1256 67 419 1257 65 420 1258 71 421 1259 60 422 1260 63 422 1261 59 422 1262 62 423 1263 63 423 1264 56 423 1265 56 424 1266 63 424 1267 60 424 1268 67 425 1269 63 425 1270 60 425 1271 56 426 1272 63 426 1273 67 426 1274 61 427 1275 58 427 1276 56 427 1277 61 428 1278 69 428 1279 66 428 1280 81 429 1281 79 429 1282 78 429 1283 80 430 1284 81 430 1285 76 430 1286 85 431 1287 84 431 1288 81 431 1289 84 432 1290 80 432 1291 81 432 1292 87 433 1293 86 433 1294 80 433 1295 86 434 1296 85 434 1297 76 434 1298 86 435 1299 84 435 1300 85 435 1301 89 436 1302 88 436 1303 84 436 1304 88 437 1305 90 437 1306 84 437 1307 90 438 1308 91 438 1309 86 438 1310 91 439 1311 89 439 1312 85 439 1313 91 440 1314 90 440 1315 88 440 1316 80 441 1317 83 441 1318 79 441 1319 76 442 1320 83 442 1321 80 442 1322 86 443 1323 83 443 1324 80 443 1325 76 444 1326 83 444 1327 86 444 1328 84 445 1329 87 445 1330 80 445 1331 86 446 1332 87 446 1333 84 446 1334 90 447 1335 87 447 1336 84 447 1337 86 448 1338 87 448 1339 90 448 1340 85 449 1341 86 449 1342 91 449 1343 84 450 1344 85 450 1345 89 450 1346 88 451 1347 89 451 1348 91 451 1349 81 452 1350 78 452 1351 76 452 1352 81 453 1353 76 453 1354 85 453 1355 541 454 1356 540 454 1357 539 454 1358 540 455 1359 543 455 1360 542 455 1361 543 456 1362 545 456 1363 544 456 1364 545 457 1365 547 457 1366 546 457 1367 547 458 1368 549 458 1369 548 458 1370 549 459 1371 551 459 1372 550 459 1373 551 460 1374 553 460 1375 552 460 1376 553 461 1377 555 461 1378 554 461 1379 555 462 1380 557 462 1381 556 462 1382 557 463 1383 559 463 1384 558 463 1385 559 464 1386 561 464 1387 560 464 1388 561 465 1389 541 465 1390 539 465 1391 542 466 1392 546 466 1393 539 466 1394 555 467 1395 547 467 1396 541 467 1397 561 468 1398 562 468 1399 560 468 1400 539 469 1401 562 469 1402 561 469 1403 559 470 1404 560 470 1405 558 470 1406 557 471 1407 558 471 1408 556 471 1409 555 472 1410 556 472 1411 554 472 1412 553 473 1413 554 473 1414 552 473 1415 551 474 1416 552 474 1417 550 474 1418 549 475 1419 550 475 1420 548 475 1421 547 476 1422 548 476 1423 546 476 1424 545 477 1425 546 477 1426 544 477 1427 543 478 1428 544 478 1429 542 478 1430 540 479 1431 542 479 1432 539 479 1433 550 480 1434 552 480 1435 554 480 1436 550 481 1437 554 481 1438 556 481 1439 550 482 1440 556 482 1441 558 482 1442 550 483 1443 558 483 1444 560 483 1445 550 484 1446 560 484 1447 562 484 1448 550 485 1449 562 485 1450 539 485 1451 548 486 1452 550 486 1453 539 486 1454 546 487 1455 548 487 1456 539 487 1457 55 488 1458 32 488 1459 35 488 1460 35 489 1461 37 489 1462 39 489 1463 39 490 1464 41 490 1465 43 490 1466 43 491 1467 45 491 1468 39 491 1469 45 492 1470 47 492 1471 39 492 1472 47 493 1473 49 493 1474 51 493 1475 51 494 1476 53 494 1477 55 494 1478 55 495 1479 35 495 1480 47 495 1481 35 496 1482 39 496 1483 47 496 1484 34 497 1485 54 497 1486 52 497 1487 52 498 1488 50 498 1489 48 498 1490 48 499 1491 46 499 1492 44 499 1493 44 500 1494 42 500 1495 48 500 1496 42 501 1497 40 501 1498 48 501 1499 40 502 1500 38 502 1501 34 502 1502 38 503 1503 36 503 1504 34 503 1505 36 504 1506 33 504 1507 34 504 1508 34 505 1509 52 505 1510 40 505 1511 61 506 1512 60 506 1513 59 506 1514 57 507 1515 58 507 1516 59 507 1517 56 508 1518 67 508 1519 71 508 1520 71 509 1521 70 509 1522 69 509 1523 67 510 1524 64 510 1525 65 510 1526 61 511 1527 56 511 1528 69 511 1529 81 512 1530 80 512 1531 79 512 1532 542 513 1533 544 513 1534 546 513 1535 541 514 1536 561 514 1537 555 514 1538 561 515 1539 559 515 1540 555 515 1541 559 516 1542 557 516 1543 555 516 1544 555 517 1545 553 517 1546 551 517 1547 551 518 1548 549 518 1549 555 518 1550 549 519 1551 547 519 1552 555 519 1553 547 520 1554 545 520 1555 541 520 1556 545 521 1557 543 521 1558 541 521 1559 543 522 1560 540 522 1561 541 522 1562</p>
        </triangles>
        <triangles material="christmasSnowman_003-material" count="85">
          <input semantic="VERTEX" source="#group956064899-mesh-vertices" offset="0"/>
          <input semantic="NORMAL" source="#group956064899-mesh-normals" offset="1"/>
          <input semantic="TEXCOORD" source="#group956064899-mesh-map-0" offset="2" set="0"/>
          <p>65 523 1563 61 524 1564 66 525 1565 64 526 1566 60 526 1567 61 526 1568 68 527 1569 67 527 1570 60 527 1571 73 528 1572 72 528 1573 64 528 1574 72 529 1575 74 529 1576 64 529 1577 74 530 1578 75 530 1579 67 530 1580 75 531 1581 73 531 1582 65 531 1583 75 532 1584 74 532 1585 72 532 1586 64 533 1587 68 533 1588 60 533 1589 67 534 1590 68 534 1591 64 534 1592 74 535 1593 68 535 1594 64 535 1595 67 536 1596 68 536 1597 74 536 1598 65 537 1599 67 537 1600 75 537 1601 64 538 1602 65 538 1603 73 538 1604 72 539 1605 73 539 1606 75 539 1607 66 540 1608 70 540 1609 65 540 1610 71 541 1611 65 541 1612 70 541 1613 78 542 1614 77 542 1615 76 542 1616 83 543 1617 82 543 1618 79 543 1619 76 544 1620 77 544 1621 82 544 1622 78 545 1623 82 545 1624 77 545 1625 82 546 1626 83 546 1627 76 546 1628 249 547 1629 248 547 1630 247 547 1631 251 548 1632 250 548 1633 248 548 1634 251 549 1635 253 549 1636 252 549 1637 253 550 1638 255 550 1639 254 550 1640 257 551 1641 254 551 1642 255 551 1643 249 552 1644 256 552 1645 257 552 1646 255 553 1647 249 553 1648 257 553 1649 247 554 1650 258 554 1651 256 554 1652 257 555 1653 255 555 1654 259 555 1655 255 556 1656 253 556 1657 260 556 1658 251 557 1659 261 557 1660 260 557 1661 251 558 1662 262 558 1663 261 558 1664 249 559 1665 263 559 1666 262 559 1667 249 560 1668 257 560 1669 263 560 1670 260 561 1671 262 561 1672 263 561 1673 259 562 1674 265 562 1675 264 562 1676 260 563 1677 266 563 1678 265 563 1679 261 564 1680 266 564 1681 260 564 1682 262 565 1683 267 565 1684 261 565 1685 263 566 1686 268 566 1687 262 566 1688 263 567 1689 270 567 1690 269 567 1691 266 568 1692 268 568 1693 269 568 1694 264 569 1695 265 569 1696 271 569 1697 265 570 1698 266 570 1699 271 570 1700 266 571 1701 267 571 1702 271 571 1703 267 572 1704 268 572 1705 271 572 1706 268 573 1707 269 573 1708 271 573 1709 269 574 1710 264 574 1711 271 574 1712 250 575 1713 252 575 1714 258 575 1715 248 576 1716 250 576 1717 258 576 1718 247 577 1719 248 577 1720 258 577 1721 254 578 1722 256 578 1723 258 578 1724 252 579 1725 254 579 1726 258 579 1727 270 580 1728 264 580 1729 269 580 1730 269 581 1731 264 581 1732 265 581 1733 259 582 1734 270 582 1735 257 582 1736 257 583 1737 270 583 1738 263 583 1739 263 584 1740 270 584 1741 259 584 1742 264 585 1743 270 585 1744 259 585 1745 260 586 1746 259 586 1747 255 586 1748 265 587 1749 259 587 1750 260 587 1751 249 588 1752 272 588 1753 248 588 1754 248 589 1755 272 589 1756 251 589 1757 251 590 1758 272 590 1759 249 590 1760 251 591 1761 272 591 1762 262 591 1763 262 592 1764 272 592 1765 249 592 1766 254 593 1767 252 593 1768 253 593 1769 255 594 1770 253 594 1771 251 594 1772 260 595 1773 253 595 1774 251 595 1775 252 596 1776 250 596 1777 251 596 1778 65 597 1779 64 597 1780 61 597 1781 66 598 1782 69 598 1783 70 598 1784 78 599 1785 79 599 1786 82 599 1787 257 600 1788 256 600 1789 254 600 1790 249 601 1791 247 601 1792 256 601 1793 255 602 1794 251 602 1795 249 602 1796 263 603 1797 259 603 1798 260 603 1799 260 604 1800 261 604 1801 262 604 1802 261 605 1803 267 605 1804 266 605 1805 262 606 1806 268 606 1807 267 606 1808 263 607 1809 269 607 1810 268 607 1811 269 608 1812 265 608 1813 266 608 1814 266 609 1815 267 609 1816 268 609 1817</p>
        </triangles>
        <triangles material="christmasSnowman_001-material" count="732">
          <input semantic="VERTEX" source="#group956064899-mesh-vertices" offset="0"/>
          <input semantic="NORMAL" source="#group956064899-mesh-normals" offset="1"/>
          <input semantic="TEXCOORD" source="#group956064899-mesh-map-0" offset="2" set="0"/>
          <p>118 610 1818 117 610 1819 116 610 1820 117 611 1821 120 611 1822 119 611 1823 120 612 1824 122 612 1825 121 612 1826 122 613 1827 124 613 1828 123 613 1829 124 614 1830 126 614 1831 125 614 1832 126 615 1833 128 615 1834 127 615 1835 128 616 1836 130 616 1837 129 616 1838 130 617 1839 118 617 1840 116 617 1841 116 618 1842 132 618 1843 131 618 1844 118 619 1845 128 619 1846 124 619 1847 130 620 1848 131 620 1849 129 620 1850 116 621 1851 131 621 1852 130 621 1853 128 622 1854 129 622 1855 127 622 1856 126 623 1857 127 623 1858 125 623 1859 124 624 1860 125 624 1861 123 624 1862 122 625 1863 123 625 1864 121 625 1865 120 626 1866 121 626 1867 119 626 1868 117 627 1869 119 627 1870 116 627 1871 132 628 1872 123 628 1873 125 628 1874 132 629 1875 127 629 1876 129 629 1877 132 630 1878 125 630 1879 127 630 1880 132 631 1881 129 631 1882 131 631 1883 132 632 1884 116 632 1885 119 632 1886 132 633 1887 119 633 1888 121 633 1889 132 634 1890 121 634 1891 123 634 1892 122 635 1893 120 635 1894 117 635 1895 135 636 1896 134 636 1897 133 636 1898 134 637 1899 137 637 1900 136 637 1901 137 638 1902 139 638 1903 138 638 1904 139 639 1905 141 639 1906 140 639 1907 141 640 1908 143 640 1909 142 640 1910 143 641 1911 145 641 1912 144 641 1913 145 642 1914 147 642 1915 146 642 1916 147 643 1917 135 643 1918 133 643 1919 142 644 1920 146 644 1921 148 644 1922 135 645 1923 143 645 1924 134 645 1925 147 646 1926 148 646 1927 146 646 1928 133 647 1929 148 647 1930 147 647 1931 145 648 1932 146 648 1933 144 648 1934 143 649 1935 144 649 1936 142 649 1937 141 650 1938 142 650 1939 140 650 1940 139 651 1941 140 651 1942 138 651 1943 137 652 1944 138 652 1945 136 652 1946 134 653 1947 136 653 1948 133 653 1949 139 654 1950 137 654 1951 134 654 1952 141 655 1953 139 655 1954 134 655 1955 138 656 1956 140 656 1957 142 656 1958 136 657 1959 138 657 1960 142 657 1961 133 658 1962 136 658 1963 142 658 1964 151 659 1965 150 659 1966 149 659 1967 150 660 1968 152 660 1969 149 660 1970 152 661 1971 153 661 1972 149 661 1973 153 662 1974 154 662 1975 149 662 1976 154 663 1977 155 663 1978 149 663 1979 155 664 1980 156 664 1981 149 664 1982 156 665 1983 157 665 1984 149 665 1985 157 666 1986 158 666 1987 149 666 1988 158 667 1989 159 667 1990 149 667 1991 159 668 1992 160 668 1993 149 668 1994 160 669 1995 161 669 1996 149 669 1997 161 670 1998 151 670 1999 149 670 2000 163 671 2001 150 671 2002 151 671 2003 162 672 2004 152 672 2005 150 672 2006 164 673 2007 153 673 2008 152 673 2009 166 674 2010 153 674 2011 165 674 2012 166 675 2013 155 675 2014 154 675 2015 167 676 2016 156 676 2017 155 676 2018 168 677 2019 157 677 2020 156 677 2021 170 678 2022 157 678 2023 169 678 2024 170 679 2025 159 679 2026 158 679 2027 172 680 2028 159 680 2029 171 680 2030 172 681 2031 161 681 2032 160 681 2033 163 682 2034 161 682 2035 173 682 2036 174 683 2037 163 683 2038 175 683 2039 176 684 2040 162 684 2041 174 684 2042 177 685 2043 164 685 2044 176 685 2045 178 686 2046 165 686 2047 177 686 2048 179 687 2049 166 687 2050 178 687 2051 180 688 2052 167 688 2053 179 688 2054 180 689 2055 169 689 2056 168 689 2057 182 690 2058 169 690 2059 181 690 2060 182 691 2061 171 691 2062 170 691 2063 183 692 2064 172 692 2065 171 692 2066 184 693 2067 173 693 2068 172 693 2069 185 694 2070 163 694 2071 173 694 2072 187 695 2073 174 695 2074 175 695 2075 188 696 2076 174 696 2077 186 696 2078 188 697 2079 177 697 2080 176 697 2081 190 698 2082 177 698 2083 189 698 2084 190 699 2085 179 699 2086 178 699 2087 192 700 2088 179 700 2089 191 700 2090 192 701 2091 181 701 2092 180 701 2093 194 702 2094 181 702 2095 193 702 2096 194 703 2097 183 703 2098 182 703 2099 196 704 2100 183 704 2101 195 704 2102 197 705 2103 184 705 2104 196 705 2105 187 706 2106 185 706 2107 197 706 2108 198 707 2109 187 707 2110 199 707 2111 198 708 2112 188 708 2113 186 708 2114 201 709 2115 188 709 2116 200 709 2117 202 710 2118 189 710 2119 201 710 2120 203 711 2121 190 711 2122 202 711 2123 203 712 2124 192 712 2125 191 712 2126 204 713 2127 193 713 2128 192 713 2129 206 714 2130 193 714 2131 205 714 2132 206 715 2133 195 715 2134 194 715 2135 208 716 2136 195 716 2137 207 716 2138 208 717 2139 197 717 2140 196 717 2141 199 718 2142 197 718 2143 209 718 2144 210 719 2145 198 719 2146 199 719 2147 211 720 2148 200 720 2149 198 720 2150 212 721 2151 200 721 2152 211 721 2153 212 722 2154 202 722 2155 201 722 2156 214 723 2157 202 723 2158 213 723 2159 215 724 2160 203 724 2161 214 724 2162 215 725 2163 205 725 2164 204 725 2165 217 726 2166 205 726 2167 216 726 2168 218 727 2169 206 727 2170 217 727 2171 218 728 2172 208 728 2173 207 728 2174 219 729 2175 209 729 2176 208 729 2177 220 730 2178 199 730 2179 209 730 2180 221 731 2181 220 731 2182 222 731 2183 221 732 2184 223 732 2185 211 732 2186 224 733 2187 212 733 2188 211 733 2189 225 734 2190 213 734 2191 212 734 2192 226 735 2193 214 735 2194 213 735 2195 227 736 2196 215 736 2197 214 736 2198 228 737 2199 216 737 2200 215 737 2201 229 738 2202 217 738 2203 216 738 2204 229 739 2205 218 739 2206 217 739 2207 230 740 2208 231 740 2209 218 740 2210 233 741 2211 232 741 2212 231 741 2213 233 742 2214 222 742 2215 220 742 2216 235 743 2217 234 743 2218 222 743 2219 234 744 2220 236 744 2221 223 744 2222 237 745 2223 224 745 2224 223 745 2225 237 746 2226 238 746 2227 225 746 2228 239 747 2229 225 747 2230 238 747 2231 239 748 2232 240 748 2233 227 748 2234 240 749 2235 228 749 2236 227 749 2237 241 750 2238 242 750 2239 229 750 2240 243 751 2241 229 751 2242 242 751 2243 243 752 2244 244 752 2245 230 752 2246 244 753 2247 245 753 2248 231 753 2249 245 754 2250 235 754 2251 222 754 2252 246 755 2253 234 755 2254 235 755 2255 246 756 2256 236 756 2257 234 756 2258 246 757 2259 237 757 2260 236 757 2261 246 758 2262 238 758 2263 237 758 2264 246 759 2265 239 759 2266 238 759 2267 246 760 2268 240 760 2269 239 760 2270 246 761 2271 241 761 2272 240 761 2273 246 762 2274 242 762 2275 241 762 2276 246 763 2277 243 763 2278 242 763 2279 246 764 2280 244 764 2281 243 764 2282 246 765 2283 245 765 2284 244 765 2285 246 766 2286 235 766 2287 245 766 2288 218 767 2289 232 767 2290 208 767 2291 208 768 2292 232 768 2293 219 768 2294 231 769 2295 232 769 2296 218 769 2297 209 770 2298 219 770 2299 220 770 2300 220 771 2301 219 771 2302 233 771 2303 245 772 2304 233 772 2305 231 772 2306 222 773 2307 233 773 2308 245 773 2309 244 774 2310 231 774 2311 230 774 2312 199 775 2313 220 775 2314 210 775 2315 198 776 2316 210 776 2317 211 776 2318 211 777 2319 210 777 2320 221 777 2321 234 778 2322 221 778 2323 222 778 2324 223 779 2325 221 779 2326 234 779 2327 211 780 2328 223 780 2329 224 780 2330 212 781 2331 224 781 2332 225 781 2333 225 782 2334 224 782 2335 237 782 2336 213 783 2337 225 783 2338 226 783 2339 214 784 2340 226 784 2341 227 784 2342 227 785 2343 226 785 2344 239 785 2345 215 786 2346 227 786 2347 228 786 2348 216 787 2349 228 787 2350 229 787 2351 229 788 2352 228 788 2353 241 788 2354 223 789 2355 236 789 2356 237 789 2357 342 790 2358 341 790 2359 340 790 2360 341 791 2361 343 791 2362 340 791 2363 343 792 2364 344 792 2365 340 792 2366 344 793 2367 345 793 2368 340 793 2369 345 794 2370 346 794 2371 340 794 2372 346 795 2373 347 795 2374 340 795 2375 347 796 2376 348 796 2377 340 796 2378 348 797 2379 349 797 2380 340 797 2381 349 798 2382 350 798 2383 340 798 2384 350 799 2385 351 799 2386 340 799 2387 351 800 2388 352 800 2389 340 800 2390 352 801 2391 342 801 2392 340 801 2393 354 802 2394 341 802 2395 342 802 2396 353 803 2397 343 803 2398 341 803 2399 356 804 2400 343 804 2401 355 804 2402 356 805 2403 345 805 2404 344 805 2405 358 806 2406 345 806 2407 357 806 2408 358 807 2409 347 807 2410 346 807 2411 360 808 2412 347 808 2413 359 808 2414 360 809 2415 349 809 2416 348 809 2417 362 810 2418 349 810 2419 361 810 2420 362 811 2421 351 811 2422 350 811 2423 364 812 2424 351 812 2425 363 812 2426 354 813 2427 352 813 2428 364 813 2429 366 814 2430 353 814 2431 354 814 2432 367 815 2433 353 815 2434 365 815 2435 368 816 2436 355 816 2437 367 816 2438 368 817 2439 357 817 2440 356 817 2441 370 818 2442 357 818 2443 369 818 2444 370 819 2445 359 819 2446 358 819 2447 372 820 2448 359 820 2449 371 820 2450 373 821 2451 360 821 2452 372 821 2453 374 822 2454 361 822 2455 373 822 2456 374 823 2457 363 823 2458 362 823 2459 376 824 2460 363 824 2461 375 824 2462 366 825 2463 364 825 2464 376 825 2465 378 826 2466 365 826 2467 366 826 2468 377 827 2469 367 827 2470 365 827 2471 380 828 2472 367 828 2473 379 828 2474 380 829 2475 369 829 2476 368 829 2477 381 830 2478 370 830 2479 369 830 2480 382 831 2481 371 831 2482 370 831 2483 383 832 2484 372 832 2485 371 832 2486 385 833 2487 372 833 2488 384 833 2489 385 834 2490 374 834 2491 373 834 2492 387 835 2493 374 835 2494 386 835 2495 387 836 2496 376 836 2497 375 836 2498 388 837 2499 366 837 2500 376 837 2501 389 838 2502 378 838 2503 390 838 2504 389 839 2505 379 839 2506 377 839 2507 392 840 2508 379 840 2509 391 840 2510 393 841 2511 380 841 2512 392 841 2513 393 842 2514 382 842 2515 381 842 2516 395 843 2517 382 843 2518 394 843 2519 396 844 2520 383 844 2521 395 844 2522 396 845 2523 385 845 2524 384 845 2525 398 846 2526 385 846 2527 397 846 2528 398 847 2529 387 847 2530 386 847 2531 400 848 2532 387 848 2533 399 848 2534 400 849 2535 378 849 2536 388 849 2537 401 850 2538 390 850 2539 402 850 2540 401 851 2541 391 851 2542 389 851 2543 404 852 2544 391 852 2545 403 852 2546 404 853 2547 393 853 2548 392 853 2549 406 854 2550 393 854 2551 405 854 2552 407 855 2553 394 855 2554 406 855 2555 408 856 2556 395 856 2557 407 856 2558 409 857 2559 396 857 2560 408 857 2561 409 858 2562 398 858 2563 397 858 2564 411 859 2565 398 859 2566 410 859 2567 411 860 2568 400 860 2569 399 860 2570 412 861 2571 390 861 2572 400 861 2573 414 862 2574 401 862 2575 402 862 2576 415 863 2577 401 863 2578 413 863 2579 415 864 2580 404 864 2581 403 864 2582 417 865 2583 404 865 2584 416 865 2585 417 866 2586 406 866 2587 405 866 2588 418 867 2589 407 867 2590 406 867 2591 420 868 2592 407 868 2593 419 868 2594 421 869 2595 408 869 2596 420 869 2597 421 870 2598 410 870 2599 409 870 2600 423 871 2601 410 871 2602 422 871 2603 424 872 2604 411 872 2605 423 872 2606 424 873 2607 402 873 2608 412 873 2609 425 874 2610 414 874 2611 426 874 2612 427 875 2613 413 875 2614 425 875 2615 427 876 2616 416 876 2617 415 876 2618 429 877 2619 416 877 2620 428 877 2621 429 878 2622 418 878 2623 417 878 2624 430 879 2625 419 879 2626 418 879 2627 431 880 2628 420 880 2629 419 880 2630 433 881 2631 420 881 2632 432 881 2633 433 882 2634 422 882 2635 421 882 2636 435 883 2637 422 883 2638 434 883 2639 436 884 2640 423 884 2641 435 884 2642 426 885 2643 424 885 2644 436 885 2645 437 886 2646 425 886 2647 426 886 2648 437 887 2649 427 887 2650 425 887 2651 437 888 2652 428 888 2653 427 888 2654 437 889 2655 429 889 2656 428 889 2657 437 890 2658 430 890 2659 429 890 2660 437 891 2661 431 891 2662 430 891 2663 437 892 2664 432 892 2665 431 892 2666 437 893 2667 433 893 2668 432 893 2669 437 894 2670 434 894 2671 433 894 2672 437 895 2673 435 895 2674 434 895 2675 437 896 2676 436 896 2677 435 896 2678 437 897 2679 426 897 2680 436 897 2681 440 898 2682 439 898 2683 438 898 2684 439 899 2685 442 899 2686 441 899 2687 442 900 2688 444 900 2689 443 900 2690 444 901 2691 446 901 2692 445 901 2693 446 902 2694 448 902 2695 447 902 2696 448 903 2697 450 903 2698 449 903 2699 450 904 2700 452 904 2701 451 904 2702 452 905 2703 440 905 2704 438 905 2705 438 906 2706 441 906 2707 453 906 2708 444 907 2709 442 907 2710 450 907 2711 452 908 2712 453 908 2713 451 908 2714 438 909 2715 453 909 2716 452 909 2717 450 910 2718 451 910 2719 449 910 2720 448 911 2721 454 911 2722 447 911 2723 446 912 2724 447 912 2725 445 912 2726 444 913 2727 445 913 2728 443 913 2729 442 914 2730 443 914 2731 441 914 2732 439 915 2733 441 915 2734 438 915 2735 455 916 2736 449 916 2737 451 916 2738 456 917 2739 455 917 2740 453 917 2741 443 918 2742 445 918 2743 456 918 2744 441 919 2745 443 919 2746 456 919 2747 445 920 2748 447 920 2749 456 920 2750 456 921 2751 454 921 2752 449 921 2753 456 922 2754 449 922 2755 455 922 2756 456 923 2757 447 923 2758 454 923 2759 441 924 2760 456 924 2761 453 924 2762 439 925 2763 440 925 2764 452 925 2765 442 926 2766 439 926 2767 452 926 2768 451 927 2769 453 927 2770 455 927 2771 448 928 2772 449 928 2773 454 928 2774 581 929 2775 580 929 2776 579 929 2777 580 930 2778 583 930 2779 582 930 2780 583 931 2781 585 931 2782 584 931 2783 585 932 2784 587 932 2785 586 932 2786 587 933 2787 589 933 2788 588 933 2789 589 934 2790 591 934 2791 590 934 2792 591 935 2793 593 935 2794 592 935 2795 593 936 2796 581 936 2797 579 936 2798 595 937 2799 590 937 2800 594 937 2801 589 938 2802 585 938 2803 580 938 2804 593 939 2805 594 939 2806 592 939 2807 579 940 2808 594 940 2809 593 940 2810 591 941 2811 592 941 2812 590 941 2813 589 942 2814 590 942 2815 588 942 2816 587 943 2817 588 943 2818 586 943 2819 585 944 2820 586 944 2821 584 944 2822 583 945 2823 584 945 2824 582 945 2825 580 946 2826 582 946 2827 579 946 2828 596 947 2829 588 947 2830 590 947 2831 596 948 2832 584 948 2833 586 948 2834 596 949 2835 586 949 2836 588 949 2837 595 950 2838 579 950 2839 584 950 2840 595 951 2841 596 951 2842 590 951 2843 584 952 2844 596 952 2845 595 952 2846 579 953 2847 582 953 2848 584 953 2849 590 954 2850 592 954 2851 594 954 2852 593 955 2853 591 955 2854 589 955 2855 631 956 2856 630 956 2857 629 956 2858 630 957 2859 633 957 2860 632 957 2861 633 958 2862 635 958 2863 634 958 2864 635 959 2865 637 959 2866 636 959 2867 637 960 2868 639 960 2869 638 960 2870 639 961 2871 641 961 2872 640 961 2873 641 962 2874 643 962 2875 642 962 2876 643 963 2877 631 963 2878 629 963 2879 629 964 2880 645 964 2881 644 964 2882 630 965 2883 631 965 2884 637 965 2885 643 966 2886 644 966 2887 642 966 2888 629 967 2889 644 967 2890 643 967 2891 641 968 2892 642 968 2893 640 968 2894 639 969 2895 640 969 2896 638 969 2897 637 970 2898 638 970 2899 636 970 2900 635 971 2901 636 971 2902 646 971 2903 633 972 2904 634 972 2905 632 972 2906 630 973 2907 632 973 2908 629 973 2909 645 974 2910 640 974 2911 642 974 2912 645 975 2913 642 975 2914 644 975 2915 646 976 2916 636 976 2917 638 976 2918 645 977 2919 638 977 2920 640 977 2921 632 978 2922 634 978 2923 646 978 2924 629 979 2925 632 979 2926 645 979 2927 638 980 2928 645 980 2929 646 980 2930 646 981 2931 645 981 2932 632 981 2933 646 982 2934 634 982 2935 635 982 2936 649 983 2937 648 983 2938 647 983 2939 648 984 2940 650 984 2941 647 984 2942 650 985 2943 651 985 2944 647 985 2945 651 986 2946 652 986 2947 647 986 2948 652 987 2949 653 987 2950 647 987 2951 653 988 2952 654 988 2953 647 988 2954 654 989 2955 655 989 2956 647 989 2957 655 990 2958 656 990 2959 647 990 2960 656 991 2961 657 991 2962 647 991 2963 657 992 2964 658 992 2965 647 992 2966 658 993 2967 659 993 2968 647 993 2969 659 994 2970 649 994 2971 647 994 2972 661 995 2973 648 995 2974 649 995 2975 662 996 2976 648 996 2977 660 996 2978 662 997 2979 651 997 2980 650 997 2981 663 998 2982 652 998 2983 651 998 2984 664 999 2985 653 999 2986 652 999 2987 666 1000 2988 653 1000 2989 665 1000 2990 666 1001 2991 655 1001 2992 654 1001 2993 668 1002 2994 655 1002 2995 667 1002 2996 668 1003 2997 657 1003 2998 656 1003 2999 669 1004 3000 658 1004 3001 657 1004 3002 671 1005 3003 658 1005 3004 670 1005 3005 671 1006 3006 649 1006 3007 659 1006 3008 672 1007 3009 661 1007 3010 673 1007 3011 672 1008 3012 662 1008 3013 660 1008 3014 675 1009 3015 662 1009 3016 674 1009 3017 675 1010 3018 664 1010 3019 663 1010 3020 677 1011 3021 664 1011 3022 676 1011 3023 678 1012 3024 665 1012 3025 677 1012 3026 679 1013 3027 666 1013 3028 678 1013 3029 680 1014 3030 667 1014 3031 679 1014 3032 680 1015 3033 669 1015 3034 668 1015 3035 681 1016 3036 670 1016 3037 669 1016 3038 683 1017 3039 670 1017 3040 682 1017 3041 683 1018 3042 661 1018 3043 671 1018 3044 685 1019 3045 672 1019 3046 673 1019 3047 686 1020 3048 672 1020 3049 684 1020 3050 686 1021 3051 675 1021 3052 674 1021 3053 687 1022 3054 676 1022 3055 675 1022 3056 689 1023 3057 676 1023 3058 688 1023 3059 690 1024 3060 677 1024 3061 689 1024 3062 690 1025 3063 679 1025 3064 678 1025 3065 691 1026 3066 680 1026 3067 679 1026 3068 692 1027 3069 681 1027 3070 680 1027 3071 694 1028 3072 681 1028 3073 693 1028 3074 695 1029 3075 682 1029 3076 694 1029 3077 695 1030 3078 673 1030 3079 683 1030 3080 697 1031 3081 684 1031 3082 685 1031 3083 698 1032 3084 684 1032 3085 696 1032 3086 698 1033 3087 687 1033 3088 686 1033 3089 700 1034 3090 687 1034 3091 699 1034 3092 701 1035 3093 688 1035 3094 700 1035 3095 701 1036 3096 690 1036 3097 689 1036 3098 702 1037 3099 691 1037 3100 690 1037 3101 704 1038 3102 691 1038 3103 703 1038 3104 704 1039 3105 693 1039 3106 692 1039 3107 706 1040 3108 693 1040 3109 705 1040 3110 707 1041 3111 694 1041 3112 706 1041 3113 707 1042 3114 685 1042 3115 695 1042 3116 709 1043 3117 696 1043 3118 697 1043 3119 710 1044 3120 696 1044 3121 708 1044 3122 710 1045 3123 699 1045 3124 698 1045 3125 712 1046 3126 699 1046 3127 711 1046 3128 713 1047 3129 700 1047 3130 712 1047 3131 714 1048 3132 701 1048 3133 713 1048 3134 714 1049 3135 703 1049 3136 702 1049 3137 716 1050 3138 703 1050 3139 715 1050 3140 716 1051 3141 705 1051 3142 704 1051 3143 718 1052 3144 705 1052 3145 717 1052 3146 718 1053 3147 707 1053 3148 706 1053 3149 719 1054 3150 697 1054 3151 707 1054 3152 721 1055 3153 708 1055 3154 709 1055 3155 722 1056 3156 708 1056 3157 720 1056 3158 723 1057 3159 710 1057 3160 722 1057 3161 724 1058 3162 711 1058 3163 723 1058 3164 724 1059 3165 713 1059 3166 712 1059 3167 726 1060 3168 713 1060 3169 725 1060 3170 726 1061 3171 715 1061 3172 714 1061 3173 727 1062 3174 716 1062 3175 715 1062 3176 729 1063 3177 716 1063 3178 728 1063 3179 729 1064 3180 718 1064 3181 717 1064 3182 730 1065 3183 719 1065 3184 718 1065 3185 721 1066 3186 719 1066 3187 731 1066 3188 732 1067 3189 721 1067 3190 733 1067 3191 732 1068 3192 722 1068 3193 720 1068 3194 735 1069 3195 722 1069 3196 734 1069 3197 735 1070 3198 724 1070 3199 723 1070 3200 736 1071 3201 725 1071 3202 724 1071 3203 737 1072 3204 726 1072 3205 725 1072 3206 739 1073 3207 726 1073 3208 738 1073 3209 740 1074 3210 727 1074 3211 739 1074 3212 741 1075 3213 728 1075 3214 740 1075 3215 741 1076 3216 730 1076 3217 729 1076 3218 742 1077 3219 731 1077 3220 730 1077 3221 733 1078 3222 731 1078 3223 743 1078 3224 744 1079 3225 732 1079 3226 733 1079 3227 744 1080 3228 734 1080 3229 732 1080 3230 744 1081 3231 735 1081 3232 734 1081 3233 744 1082 3234 736 1082 3235 735 1082 3236 744 1083 3237 737 1083 3238 736 1083 3239 744 1084 3240 738 1084 3241 737 1084 3242 744 1085 3243 739 1085 3244 738 1085 3245 744 1086 3246 740 1086 3247 739 1086 3248 744 1087 3249 741 1087 3250 740 1087 3251 744 1088 3252 742 1088 3253 741 1088 3254 744 1089 3255 743 1089 3256 742 1089 3257 744 1090 3258 733 1090 3259 743 1090 3260 118 1091 3261 130 1091 3262 128 1091 3263 128 1092 3264 126 1092 3265 124 1092 3266 124 1093 3267 122 1093 3268 118 1093 3269 122 1094 3270 117 1094 3271 118 1094 3272 148 1095 3273 133 1095 3274 142 1095 3275 142 1096 3276 144 1096 3277 146 1096 3278 135 1097 3279 147 1097 3280 145 1097 3281 145 1098 3282 143 1098 3283 135 1098 3284 143 1099 3285 141 1099 3286 134 1099 3287 163 1100 3288 162 1100 3289 150 1100 3290 162 1101 3291 164 1101 3292 152 1101 3293 164 1102 3294 165 1102 3295 153 1102 3296 166 1103 3297 154 1103 3298 153 1103 3299 166 1104 3300 167 1104 3301 155 1104 3302 167 1105 3303 168 1105 3304 156 1105 3305 168 1106 3306 169 1106 3307 157 1106 3308 170 1107 3309 158 1107 3310 157 1107 3311 170 1108 3312 171 1108 3313 159 1108 3314 172 1109 3315 160 1109 3316 159 1109 3317 172 1110 3318 173 1110 3319 161 1110 3320 163 1111 3321 151 1111 3322 161 1111 3323 174 1112 3324 162 1112 3325 163 1112 3326 176 1113 3327 164 1113 3328 162 1113 3329 177 1114 3330 165 1114 3331 164 1114 3332 178 1115 3333 166 1115 3334 165 1115 3335 179 1116 3336 167 1116 3337 166 1116 3338 180 1117 3339 168 1117 3340 167 1117 3341 180 1118 3342 181 1118 3343 169 1118 3344 182 1119 3345 170 1119 3346 169 1119 3347 182 1120 3348 183 1120 3349 171 1120 3350 183 1121 3351 184 1121 3352 172 1121 3353 184 1122 3354 185 1122 3355 173 1122 3356 185 1123 3357 175 1123 3358 163 1123 3359 187 1124 3360 186 1124 3361 174 1124 3362 188 1125 3363 176 1125 3364 174 1125 3365 188 1126 3366 189 1126 3367 177 1126 3368 190 1127 3369 178 1127 3370 177 1127 3371 190 1128 3372 191 1128 3373 179 1128 3374 192 1129 3375 180 1129 3376 179 1129 3377 192 1130 3378 193 1130 3379 181 1130 3380 194 1131 3381 182 1131 3382 181 1131 3383 194 1132 3384 195 1132 3385 183 1132 3386 196 1133 3387 184 1133 3388 183 1133 3389 197 1134 3390 185 1134 3391 184 1134 3392 187 1135 3393 175 1135 3394 185 1135 3395 198 1136 3396 186 1136 3397 187 1136 3398 198 1137 3399 200 1137 3400 188 1137 3401 201 1138 3402 189 1138 3403 188 1138 3404 202 1139 3405 190 1139 3406 189 1139 3407 203 1140 3408 191 1140 3409 190 1140 3410 203 1141 3411 204 1141 3412 192 1141 3413 204 1142 3414 205 1142 3415 193 1142 3416 206 1143 3417 194 1143 3418 193 1143 3419 206 1144 3420 207 1144 3421 195 1144 3422 208 1145 3423 196 1145 3424 195 1145 3425 208 1146 3426 209 1146 3427 197 1146 3428 199 1147 3429 187 1147 3430 197 1147 3431 212 1148 3432 201 1148 3433 200 1148 3434 212 1149 3435 213 1149 3436 202 1149 3437 214 1150 3438 203 1150 3439 202 1150 3440 215 1151 3441 204 1151 3442 203 1151 3443 215 1152 3444 216 1152 3445 205 1152 3446 217 1153 3447 206 1153 3448 205 1153 3449 218 1154 3450 207 1154 3451 206 1154 3452 221 1155 3453 210 1155 3454 220 1155 3455 229 1156 3456 230 1156 3457 218 1156 3458 233 1157 3459 219 1157 3460 232 1157 3461 239 1158 3462 226 1158 3463 225 1158 3464 240 1159 3465 241 1159 3466 228 1159 3467 243 1160 3468 230 1160 3469 229 1160 3470 354 1161 3471 353 1161 3472 341 1161 3473 353 1162 3474 355 1162 3475 343 1162 3476 356 1163 3477 344 1163 3478 343 1163 3479 356 1164 3480 357 1164 3481 345 1164 3482 358 1165 3483 346 1165 3484 345 1165 3485 358 1166 3486 359 1166 3487 347 1166 3488 360 1167 3489 348 1167 3490 347 1167 3491 360 1168 3492 361 1168 3493 349 1168 3494 362 1169 3495 350 1169 3496 349 1169 3497 362 1170 3498 363 1170 3499 351 1170 3500 364 1171 3501 352 1171 3502 351 1171 3503 354 1172 3504 342 1172 3505 352 1172 3506 366 1173 3507 365 1173 3508 353 1173 3509 367 1174 3510 355 1174 3511 353 1174 3512 368 1175 3513 356 1175 3514 355 1175 3515 368 1176 3516 369 1176 3517 357 1176 3518 370 1177 3519 358 1177 3520 357 1177 3521 370 1178 3522 371 1178 3523 359 1178 3524 372 1179 3525 360 1179 3526 359 1179 3527 373 1180 3528 361 1180 3529 360 1180 3530 374 1181 3531 362 1181 3532 361 1181 3533 374 1182 3534 375 1182 3535 363 1182 3536 376 1183 3537 364 1183 3538 363 1183 3539 366 1184 3540 354 1184 3541 364 1184 3542 378 1185 3543 377 1185 3544 365 1185 3545 377 1186 3546 379 1186 3547 367 1186 3548 380 1187 3549 368 1187 3550 367 1187 3551 380 1188 3552 381 1188 3553 369 1188 3554 381 1189 3555 382 1189 3556 370 1189 3557 382 1190 3558 383 1190 3559 371 1190 3560 383 1191 3561 384 1191 3562 372 1191 3563 385 1192 3564 373 1192 3565 372 1192 3566 385 1193 3567 386 1193 3568 374 1193 3569 387 1194 3570 375 1194 3571 374 1194 3572 387 1195 3573 388 1195 3574 376 1195 3575 388 1196 3576 378 1196 3577 366 1196 3578 389 1197 3579 377 1197 3580 378 1197 3581 389 1198 3582 391 1198 3583 379 1198 3584 392 1199 3585 380 1199 3586 379 1199 3587 393 1200 3588 381 1200 3589 380 1200 3590 393 1201 3591 394 1201 3592 382 1201 3593 395 1202 3594 383 1202 3595 382 1202 3596 396 1203 3597 384 1203 3598 383 1203 3599 396 1204 3600 397 1204 3601 385 1204 3602 398 1205 3603 386 1205 3604 385 1205 3605 398 1206 3606 399 1206 3607 387 1206 3608 400 1207 3609 388 1207 3610 387 1207 3611 400 1208 3612 390 1208 3613 378 1208 3614 401 1209 3615 389 1209 3616 390 1209 3617 401 1210 3618 403 1210 3619 391 1210 3620 404 1211 3621 392 1211 3622 391 1211 3623 404 1212 3624 405 1212 3625 393 1212 3626 406 1213 3627 394 1213 3628 393 1213 3629 407 1214 3630 395 1214 3631 394 1214 3632 408 1215 3633 396 1215 3634 395 1215 3635 409 1216 3636 397 1216 3637 396 1216 3638 409 1217 3639 410 1217 3640 398 1217 3641 411 1218 3642 399 1218 3643 398 1218 3644 411 1219 3645 412 1219 3646 400 1219 3647 412 1220 3648 402 1220 3649 390 1220 3650 414 1221 3651 413 1221 3652 401 1221 3653 415 1222 3654 403 1222 3655 401 1222 3656 415 1223 3657 416 1223 3658 404 1223 3659 417 1224 3660 405 1224 3661 404 1224 3662 417 1225 3663 418 1225 3664 406 1225 3665 418 1226 3666 419 1226 3667 407 1226 3668 420 1227 3669 408 1227 3670 407 1227 3671 421 1228 3672 409 1228 3673 408 1228 3674 421 1229 3675 422 1229 3676 410 1229 3677 423 1230 3678 411 1230 3679 410 1230 3680 424 1231 3681 412 1231 3682 411 1231 3683 424 1232 3684 414 1232 3685 402 1232 3686 425 1233 3687 413 1233 3688 414 1233 3689 427 1234 3690 415 1234 3691 413 1234 3692 427 1235 3693 428 1235 3694 416 1235 3695 429 1236 3696 417 1236 3697 416 1236 3698 429 1237 3699 430 1237 3700 418 1237 3701 430 1238 3702 431 1238 3703 419 1238 3704 431 1239 3705 432 1239 3706 420 1239 3707 433 1240 3708 421 1240 3709 420 1240 3710 433 1241 3711 434 1241 3712 422 1241 3713 435 1242 3714 423 1242 3715 422 1242 3716 436 1243 3717 424 1243 3718 423 1243 3719 426 1244 3720 414 1244 3721 424 1244 3722 442 1245 3723 452 1245 3724 450 1245 3725 450 1246 3726 448 1246 3727 446 1246 3728 446 1247 3729 444 1247 3730 450 1247 3731 581 1248 3732 593 1248 3733 580 1248 3734 593 1249 3735 589 1249 3736 580 1249 3737 589 1250 3738 587 1250 3739 585 1250 3740 585 1251 3741 583 1251 3742 580 1251 3743 579 1252 3744 595 1253 3745 594 1254 3746 631 1255 3747 643 1255 3748 637 1255 3749 643 1256 3750 641 1256 3751 637 1256 3752 641 1257 3753 639 1257 3754 637 1257 3755 637 1258 3756 635 1258 3757 633 1258 3758 633 1259 3759 630 1259 3760 637 1259 3761 661 1260 3762 660 1260 3763 648 1260 3764 662 1261 3765 650 1261 3766 648 1261 3767 662 1262 3768 663 1262 3769 651 1262 3770 663 1263 3771 664 1263 3772 652 1263 3773 664 1264 3774 665 1264 3775 653 1264 3776 666 1265 3777 654 1265 3778 653 1265 3779 666 1266 3780 667 1266 3781 655 1266 3782 668 1267 3783 656 1267 3784 655 1267 3785 668 1268 3786 669 1268 3787 657 1268 3788 669 1269 3789 670 1269 3790 658 1269 3791 671 1270 3792 659 1270 3793 658 1270 3794 671 1271 3795 661 1271 3796 649 1271 3797 672 1272 3798 660 1272 3799 661 1272 3800 672 1273 3801 674 1273 3802 662 1273 3803 675 1274 3804 663 1274 3805 662 1274 3806 675 1275 3807 676 1275 3808 664 1275 3809 677 1276 3810 665 1276 3811 664 1276 3812 678 1277 3813 666 1277 3814 665 1277 3815 679 1278 3816 667 1278 3817 666 1278 3818 680 1279 3819 668 1279 3820 667 1279 3821 680 1280 3822 681 1280 3823 669 1280 3824 681 1281 3825 682 1281 3826 670 1281 3827 683 1282 3828 671 1282 3829 670 1282 3830 683 1283 3831 673 1283 3832 661 1283 3833 685 1284 3834 684 1284 3835 672 1284 3836 686 1285 3837 674 1285 3838 672 1285 3839 686 1286 3840 687 1286 3841 675 1286 3842 687 1287 3843 688 1287 3844 676 1287 3845 689 1288 3846 677 1288 3847 676 1288 3848 690 1289 3849 678 1289 3850 677 1289 3851 690 1290 3852 691 1290 3853 679 1290 3854 691 1291 3855 692 1291 3856 680 1291 3857 692 1292 3858 693 1292 3859 681 1292 3860 694 1293 3861 682 1293 3862 681 1293 3863 695 1294 3864 683 1294 3865 682 1294 3866 695 1295 3867 685 1295 3868 673 1295 3869 697 1296 3870 696 1296 3871 684 1296 3872 698 1297 3873 686 1297 3874 684 1297 3875 698 1298 3876 699 1298 3877 687 1298 3878 700 1299 3879 688 1299 3880 687 1299 3881 701 1300 3882 689 1300 3883 688 1300 3884 701 1301 3885 702 1301 3886 690 1301 3887 702 1302 3888 703 1302 3889 691 1302 3890 704 1303 3891 692 1303 3892 691 1303 3893 704 1304 3894 705 1304 3895 693 1304 3896 706 1305 3897 694 1305 3898 693 1305 3899 707 1306 3900 695 1306 3901 694 1306 3902 707 1307 3903 697 1307 3904 685 1307 3905 709 1308 3906 708 1308 3907 696 1308 3908 710 1309 3909 698 1309 3910 696 1309 3911 710 1310 3912 711 1310 3913 699 1310 3914 712 1311 3915 700 1311 3916 699 1311 3917 713 1312 3918 701 1312 3919 700 1312 3920 714 1313 3921 702 1313 3922 701 1313 3923 714 1314 3924 715 1314 3925 703 1314 3926 716 1315 3927 704 1315 3928 703 1315 3929 716 1316 3930 717 1316 3931 705 1316 3932 718 1317 3933 706 1317 3934 705 1317 3935 718 1318 3936 719 1318 3937 707 1318 3938 719 1319 3939 709 1319 3940 697 1319 3941 721 1320 3942 720 1320 3943 708 1320 3944 722 1321 3945 710 1321 3946 708 1321 3947 723 1322 3948 711 1322 3949 710 1322 3950 724 1323 3951 712 1323 3952 711 1323 3953 724 1324 3954 725 1324 3955 713 1324 3956 726 1325 3957 714 1325 3958 713 1325 3959 726 1326 3960 727 1326 3961 715 1326 3962 727 1327 3963 728 1327 3964 716 1327 3965 729 1328 3966 717 1328 3967 716 1328 3968 729 1329 3969 730 1329 3970 718 1329 3971 730 1330 3972 731 1330 3973 719 1330 3974 721 1331 3975 709 1331 3976 719 1331 3977 732 1332 3978 720 1332 3979 721 1332 3980 732 1333 3981 734 1333 3982 722 1333 3983 735 1334 3984 723 1334 3985 722 1334 3986 735 1335 3987 736 1335 3988 724 1335 3989 736 1336 3990 737 1336 3991 725 1336 3992 737 1337 3993 738 1337 3994 726 1337 3995 739 1338 3996 727 1338 3997 726 1338 3998 740 1339 3999 728 1339 4000 727 1339 4001 741 1340 4002 729 1340 4003 728 1340 4004 741 1341 4005 742 1341 4006 730 1341 4007 742 1342 4008 743 1342 4009 731 1342 4010 733 1343 4011 721 1343 4012 731 1343 4013</p>
        </triangles>
        <triangles material="christmasSnowman_005-material" count="414">
          <input semantic="VERTEX" source="#group956064899-mesh-vertices" offset="0"/>
          <input semantic="NORMAL" source="#group956064899-mesh-normals" offset="1"/>
          <input semantic="TEXCOORD" source="#group956064899-mesh-map-0" offset="2" set="0"/>
          <p>460 1344 4014 458 1344 4015 457 1344 4016 459 1345 4017 461 1345 4018 458 1345 4019 464 1346 4020 461 1346 4021 462 1346 4022 466 1347 4023 463 1347 4024 464 1347 4025 468 1348 4026 465 1348 4027 466 1348 4028 468 1349 4029 457 1349 4030 467 1349 4031 463 1350 4032 465 1350 4033 467 1350 4034 462 1351 4035 459 1351 4036 460 1351 4037 469 1352 4038 467 1352 4039 470 1352 4040 471 1353 4041 465 1353 4042 469 1353 4043 471 1354 4044 461 1354 4045 463 1354 4046 472 1355 4047 458 1355 4048 461 1355 4049 473 1356 4050 457 1356 4051 458 1356 4052 470 1357 4053 457 1357 4054 474 1357 4055 471 1358 4056 469 1358 4057 470 1358 4058 475 1359 4059 470 1359 4060 476 1359 4061 477 1360 4062 469 1360 4063 475 1360 4064 478 1361 4065 471 1361 4066 477 1361 4067 478 1362 4068 473 1362 4069 472 1362 4070 479 1363 4071 474 1363 4072 473 1363 4073 480 1364 4074 470 1364 4075 474 1364 4076 475 1365 4077 476 1365 4078 479 1365 4079 481 1366 4080 476 1366 4081 482 1366 4082 483 1367 4083 475 1367 4084 481 1367 4085 484 1368 4086 477 1368 4087 483 1368 4088 484 1369 4089 479 1369 4090 478 1369 4091 485 1370 4092 480 1370 4093 479 1370 4094 486 1371 4095 476 1371 4096 480 1371 4097 483 1372 4098 481 1372 4099 482 1372 4100 487 1373 4101 482 1373 4102 488 1373 4103 489 1374 4104 481 1374 4105 487 1374 4106 489 1375 4107 484 1375 4108 483 1375 4109 490 1376 4110 485 1376 4111 484 1376 4112 491 1377 4113 486 1377 4114 485 1377 4115 488 1378 4116 486 1378 4117 492 1378 4118 489 1379 4119 487 1379 4120 488 1379 4121 493 1380 4122 488 1380 4123 494 1380 4124 495 1381 4125 487 1381 4126 493 1381 4127 495 1382 4128 490 1382 4129 489 1382 4130 496 1383 4131 491 1383 4132 490 1383 4133 497 1384 4134 492 1384 4135 491 1384 4136 494 1385 4137 492 1385 4138 498 1385 4139 493 1386 4140 494 1386 4141 497 1386 4142 499 1387 4143 494 1387 4144 500 1387 4145 501 1388 4146 493 1388 4147 499 1388 4148 502 1389 4149 495 1389 4150 501 1389 4151 502 1390 4152 497 1390 4153 496 1390 4154 503 1391 4155 498 1391 4156 497 1391 4157 504 1392 4158 494 1392 4159 498 1392 4160 501 1393 4161 499 1393 4162 500 1393 4163 505 1394 4164 500 1394 4165 506 1394 4166 507 1395 4167 499 1395 4168 505 1395 4169 507 1396 4170 502 1396 4171 501 1396 4172 508 1397 4173 503 1397 4174 502 1397 4175 509 1398 4176 504 1398 4177 503 1398 4178 506 1399 4179 504 1399 4180 510 1399 4181 507 1400 4182 505 1400 4183 506 1400 4184 511 1401 4185 506 1401 4186 512 1401 4187 513 1402 4188 505 1402 4189 511 1402 4190 513 1403 4191 508 1403 4192 507 1403 4193 514 1404 4194 509 1404 4195 508 1404 4196 515 1405 4197 510 1405 4198 509 1405 4199 512 1406 4200 510 1406 4201 516 1406 4202 515 1407 4203 513 1407 4204 512 1407 4205 517 1408 4206 511 1408 4207 512 1408 4208 518 1409 4209 511 1409 4210 519 1409 4211 518 1410 4212 514 1410 4213 513 1410 4214 520 1411 4215 515 1411 4216 514 1411 4217 521 1412 4218 516 1412 4219 515 1412 4220 523 1413 4221 516 1413 4222 522 1413 4223 519 1414 4224 523 1414 4225 521 1414 4226 524 1415 4227 523 1415 4228 525 1415 4229 526 1416 4230 519 1416 4231 524 1416 4232 526 1417 4233 520 1417 4234 518 1417 4235 527 1418 4236 521 1418 4237 520 1418 4238 528 1419 4239 522 1419 4240 521 1419 4241 525 1420 4242 522 1420 4243 529 1420 4244 526 1421 4245 524 1421 4246 525 1421 4247 530 1422 4248 525 1422 4249 531 1422 4250 530 1423 4251 526 1423 4252 524 1423 4253 532 1424 4254 527 1424 4255 526 1424 4256 533 1425 4257 528 1425 4258 527 1425 4259 535 1426 4260 528 1426 4261 534 1426 4262 531 1427 4263 529 1427 4264 535 1427 4265 517 1428 4266 519 1428 4267 511 1428 4268 536 1429 4269 523 1429 4270 519 1429 4271 537 1430 4272 512 1430 4273 523 1430 4274 536 1431 4275 517 1431 4276 538 1431 4277 512 1432 4278 538 1432 4279 517 1432 4280 537 1433 4281 538 1433 4282 512 1433 4283 536 1434 4284 537 1434 4285 523 1434 4286 795 1435 4287 793 1435 4288 796 1435 4289 798 1436 4290 794 1436 4291 795 1436 4292 798 1437 4293 799 1437 4294 797 1437 4295 800 1438 4296 801 1438 4297 799 1438 4298 802 1439 4299 803 1439 4300 801 1439 4301 806 1440 4302 803 1440 4303 804 1440 4304 796 1441 4305 805 1441 4306 806 1441 4307 805 1442 4308 794 1442 4309 799 1442 4310 795 1443 4311 796 1443 4312 804 1443 4313 807 1444 4314 805 1444 4315 808 1444 4316 807 1445 4317 801 1445 4318 803 1445 4319 809 1446 4320 799 1446 4321 801 1446 4322 810 1447 4323 797 1447 4324 799 1447 4325 812 1448 4326 797 1448 4327 811 1448 4328 813 1449 4329 794 1449 4330 812 1449 4331 808 1450 4332 793 1450 4333 813 1450 4334 807 1451 4335 808 1451 4336 812 1451 4337 814 1452 4338 808 1452 4339 815 1452 4340 816 1453 4341 807 1453 4342 814 1453 4343 816 1454 4344 810 1454 4345 809 1454 4346 817 1455 4347 811 1455 4348 810 1455 4349 818 1456 4350 812 1456 4351 811 1456 4352 820 1457 4353 812 1457 4354 819 1457 4355 815 1458 4356 813 1458 4357 820 1458 4358 816 1459 4359 814 1459 4360 819 1459 4361 821 1460 4362 815 1460 4363 822 1460 4364 823 1461 4365 814 1461 4366 821 1461 4367 823 1462 4368 817 1462 4369 816 1462 4370 824 1463 4371 818 1463 4372 817 1463 4373 825 1464 4374 819 1464 4375 818 1464 4376 827 1465 4377 819 1465 4378 826 1465 4379 822 1466 4380 820 1466 4381 827 1466 4382 823 1467 4383 821 1467 4384 826 1467 4385 828 1468 4386 822 1468 4387 829 1468 4388 828 1469 4389 823 1469 4390 821 1469 4391 830 1470 4392 824 1470 4393 823 1470 4394 831 1471 4395 825 1471 4396 824 1471 4397 832 1472 4398 826 1472 4399 825 1472 4400 834 1473 4401 826 1473 4402 833 1473 4403 829 1474 4404 827 1474 4405 834 1474 4406 828 1475 4407 829 1475 4408 833 1475 4409 835 1476 4410 829 1476 4411 836 1476 4412 835 1477 4413 830 1477 4414 828 1477 4415 837 1478 4416 831 1478 4417 830 1478 4418 838 1479 4419 832 1479 4420 831 1479 4421 839 1480 4422 833 1480 4423 832 1480 4424 841 1481 4425 834 1481 4426 833 1481 4427 836 1482 4428 834 1482 4429 842 1482 4430 835 1483 4431 836 1483 4432 840 1483 4433 843 1484 4434 836 1484 4435 844 1484 4436 845 1485 4437 835 1485 4438 843 1485 4439 845 1486 4440 838 1486 4441 837 1486 4442 846 1487 4443 839 1487 4444 838 1487 4445 847 1488 4446 840 1488 4447 839 1488 4448 849 1489 4449 840 1489 4450 848 1489 4451 844 1490 4452 842 1490 4453 849 1490 4454 848 1491 4455 846 1491 4456 843 1491 4457 850 1492 4458 844 1492 4459 851 1492 4460 852 1493 4461 843 1493 4462 850 1493 4463 852 1494 4464 846 1494 4465 845 1494 4466 853 1495 4467 847 1495 4468 846 1495 4469 854 1496 4470 848 1496 4471 847 1496 4472 856 1497 4473 848 1497 4474 855 1497 4475 851 1498 4476 849 1498 4477 856 1498 4478 853 1499 4479 852 1499 4480 850 1499 4481 857 1500 4482 851 1500 4483 858 1500 4484 859 1501 4485 850 1501 4486 857 1501 4487 859 1502 4488 853 1502 4489 852 1502 4490 860 1503 4491 854 1503 4492 853 1503 4493 861 1504 4494 855 1504 4495 854 1504 4496 863 1505 4497 855 1505 4498 862 1505 4499 858 1506 4500 856 1506 4501 863 1506 4502 860 1507 4503 859 1507 4504 857 1507 4505 865 1508 4506 857 1508 4507 858 1508 4508 864 1509 4509 859 1509 4510 857 1509 4511 866 1510 4512 860 1510 4513 859 1510 4514 867 1511 4515 861 1511 4516 860 1511 4517 869 1512 4518 861 1512 4519 868 1512 4520 870 1513 4521 862 1513 4522 869 1513 4523 865 1514 4524 863 1514 4525 870 1514 4526 867 1515 4527 866 1515 4528 864 1515 4529 871 1516 4530 864 1516 4531 865 1516 4532 872 1517 4533 866 1517 4534 864 1517 4535 872 1518 4536 867 1518 4537 866 1518 4538 874 1519 4539 868 1519 4540 867 1519 4541 875 1520 4542 869 1520 4543 868 1520 4544 876 1521 4545 869 1521 4546 875 1521 4547 877 1522 4548 870 1522 4549 876 1522 4550 865 1523 4551 877 1523 4552 871 1523 4553 864 1524 4554 871 1524 4555 872 1524 4556 867 1525 4557 873 1525 4558 874 1525 4559 868 1526 4560 874 1526 4561 875 1526 4562 878 1527 4563 842 1527 4564 834 1527 4565 879 1528 4566 840 1528 4567 842 1528 4568 841 1529 4569 840 1529 4570 880 1529 4571 841 1530 4572 878 1530 4573 834 1530 4574 878 1531 4575 879 1531 4576 842 1531 4577 879 1532 4578 880 1532 4579 840 1532 4580 460 1533 4581 459 1533 4582 458 1533 4583 459 1534 4584 462 1534 4585 461 1534 4586 464 1535 4587 463 1535 4588 461 1535 4589 466 1536 4590 465 1536 4591 463 1536 4592 468 1537 4593 467 1537 4594 465 1537 4595 468 1538 4596 460 1538 4597 457 1538 4598 467 1539 4599 457 1539 4600 463 1539 4601 457 1540 4602 458 1540 4603 463 1540 4604 458 1541 4605 461 1541 4606 463 1541 4607 460 1542 4608 468 1542 4609 462 1542 4610 468 1543 4611 466 1543 4612 462 1543 4613 466 1544 4614 464 1544 4615 462 1544 4616 469 1545 4617 465 1545 4618 467 1545 4619 471 1546 4620 463 1546 4621 465 1546 4622 471 1547 4623 472 1547 4624 461 1547 4625 472 1548 4626 473 1548 4627 458 1548 4628 473 1549 4629 474 1549 4630 457 1549 4631 470 1550 4632 467 1550 4633 457 1550 4634 470 1551 4635 474 1551 4636 471 1551 4637 474 1552 4638 473 1552 4639 471 1552 4640 473 1553 4641 472 1553 4642 471 1553 4643 475 1554 4644 469 1554 4645 470 1554 4646 477 1555 4647 471 1555 4648 469 1555 4649 478 1556 4650 472 1556 4651 471 1556 4652 478 1557 4653 479 1557 4654 473 1557 4655 479 1558 4656 480 1558 4657 474 1558 4658 480 1559 4659 476 1559 4660 470 1559 4661 476 1560 4662 480 1560 4663 479 1560 4664 479 1561 4665 478 1561 4666 477 1561 4667 477 1562 4668 475 1562 4669 479 1562 4670 481 1563 4671 475 1563 4672 476 1563 4673 483 1564 4674 477 1564 4675 475 1564 4676 484 1565 4677 478 1565 4678 477 1565 4679 484 1566 4680 485 1566 4681 479 1566 4682 485 1567 4683 486 1567 4684 480 1567 4685 486 1568 4686 482 1568 4687 476 1568 4688 482 1569 4689 486 1569 4690 483 1569 4691 486 1570 4692 485 1570 4693 483 1570 4694 485 1571 4695 484 1571 4696 483 1571 4697 487 1572 4698 481 1572 4699 482 1572 4700 489 1573 4701 483 1573 4702 481 1573 4703 489 1574 4704 490 1574 4705 484 1574 4706 490 1575 4707 491 1575 4708 485 1575 4709 491 1576 4710 492 1576 4711 486 1576 4712 488 1577 4713 482 1577 4714 486 1577 4715 488 1578 4716 492 1578 4717 489 1578 4718 492 1579 4719 491 1579 4720 489 1579 4721 491 1580 4722 490 1580 4723 489 1580 4724 493 1581 4725 487 1581 4726 488 1581 4727 495 1582 4728 489 1582 4729 487 1582 4730 495 1583 4731 496 1583 4732 490 1583 4733 496 1584 4734 497 1584 4735 491 1584 4736 497 1585 4737 498 1585 4738 492 1585 4739 494 1586 4740 488 1586 4741 492 1586 4742 494 1587 4743 498 1587 4744 497 1587 4745 497 1588 4746 496 1588 4747 495 1588 4748 495 1589 4749 493 1589 4750 497 1589 4751 499 1590 4752 493 1590 4753 494 1590 4754 501 1591 4755 495 1591 4756 493 1591 4757 502 1592 4758 496 1592 4759 495 1592 4760 502 1593 4761 503 1593 4762 497 1593 4763 503 1594 4764 504 1594 4765 498 1594 4766 504 1595 4767 500 1595 4768 494 1595 4769 500 1596 4770 504 1596 4771 503 1596 4772 503 1597 4773 502 1597 4774 500 1597 4775 502 1598 4776 501 1598 4777 500 1598 4778 505 1599 4779 499 1599 4780 500 1599 4781 507 1600 4782 501 1600 4783 499 1600 4784 507 1601 4785 508 1601 4786 502 1601 4787 508 1602 4788 509 1602 4789 503 1602 4790 509 1603 4791 510 1603 4792 504 1603 4793 506 1604 4794 500 1604 4795 504 1604 4796 506 1605 4797 510 1605 4798 507 1605 4799 510 1606 4800 509 1606 4801 507 1606 4802 509 1607 4803 508 1607 4804 507 1607 4805 511 1608 4806 505 1608 4807 506 1608 4808 513 1609 4809 507 1609 4810 505 1609 4811 513 1610 4812 514 1610 4813 508 1610 4814 514 1611 4815 515 1611 4816 509 1611 4817 515 1612 4818 516 1612 4819 510 1612 4820 512 1613 4821 506 1613 4822 510 1613 4823 512 1614 4824 516 1614 4825 515 1614 4826 515 1615 4827 514 1615 4828 513 1615 4829 513 1616 4830 511 1616 4831 512 1616 4832 518 1617 4833 513 1617 4834 511 1617 4835 518 1618 4836 520 1618 4837 514 1618 4838 520 1619 4839 521 1619 4840 515 1619 4841 521 1620 4842 522 1620 4843 516 1620 4844 523 1621 4845 512 1621 4846 516 1621 4847 523 1622 4848 522 1622 4849 521 1622 4850 521 1623 4851 520 1623 4852 518 1623 4853 518 1624 4854 519 1624 4855 521 1624 4856 524 1625 4857 519 1625 4858 523 1625 4859 526 1626 4860 518 1626 4861 519 1626 4862 526 1627 4863 527 1627 4864 520 1627 4865 527 1628 4866 528 1628 4867 521 1628 4868 528 1629 4869 529 1629 4870 522 1629 4871 525 1630 4872 523 1630 4873 522 1630 4874 525 1631 4875 529 1631 4876 526 1631 4877 529 1632 4878 528 1632 4879 526 1632 4880 528 1633 4881 527 1633 4882 526 1633 4883 530 1634 4884 524 1634 4885 525 1634 4886 530 1635 4887 532 1635 4888 526 1635 4889 532 1636 4890 533 1636 4891 527 1636 4892 533 1637 4893 534 1637 4894 528 1637 4895 535 1638 4896 529 1638 4897 528 1638 4898 531 1639 4899 525 1639 4900 529 1639 4901 517 1640 4902 536 1640 4903 519 1640 4904 795 1641 4905 794 1641 4906 793 1641 4907 798 1642 4908 797 1642 4909 794 1642 4910 798 1643 4911 800 1643 4912 799 1643 4913 800 1644 4914 802 1644 4915 801 1644 4916 802 1645 4917 804 1645 4918 803 1645 4919 806 1646 4920 805 1646 4921 803 1646 4922 796 1647 4923 793 1647 4924 805 1647 4925 805 1648 4926 793 1648 4927 794 1648 4928 794 1649 4929 797 1649 4930 799 1649 4931 799 1650 4932 801 1650 4933 803 1650 4934 803 1651 4935 805 1651 4936 799 1651 4937 796 1652 4938 806 1652 4939 804 1652 4940 804 1653 4941 802 1653 4942 800 1653 4943 800 1654 4944 798 1654 4945 804 1654 4946 798 1655 4947 795 1655 4948 804 1655 4949 807 1656 4950 803 1656 4951 805 1656 4952 807 1657 4953 809 1657 4954 801 1657 4955 809 1658 4956 810 1658 4957 799 1658 4958 810 1659 4959 811 1659 4960 797 1659 4961 812 1660 4962 794 1660 4963 797 1660 4964 813 1661 4965 793 1661 4966 794 1661 4967 808 1662 4968 805 1662 4969 793 1662 4970 808 1663 4971 813 1663 4972 812 1663 4973 812 1664 4974 811 1664 4975 810 1664 4976 810 1665 4977 809 1665 4978 812 1665 4979 809 1666 4980 807 1666 4981 812 1666 4982 814 1667 4983 807 1667 4984 808 1667 4985 816 1668 4986 809 1668 4987 807 1668 4988 816 1669 4989 817 1669 4990 810 1669 4991 817 1670 4992 818 1670 4993 811 1670 4994 818 1671 4995 819 1671 4996 812 1671 4997 820 1672 4998 813 1672 4999 812 1672 5000 815 1673 5001 808 1673 5002 813 1673 5003 815 1674 5004 820 1674 5005 814 1674 5006 820 1675 5007 819 1675 5008 814 1675 5009 819 1676 5010 818 1676 5011 817 1676 5012 817 1677 5013 816 1677 5014 819 1677 5015 821 1678 5016 814 1678 5017 815 1678 5018 823 1679 5019 816 1679 5020 814 1679 5021 823 1680 5022 824 1680 5023 817 1680 5024 824 1681 5025 825 1681 5026 818 1681 5027 825 1682 5028 826 1682 5029 819 1682 5030 827 1683 5031 820 1683 5032 819 1683 5033 822 1684 5034 815 1684 5035 820 1684 5036 822 1685 5037 827 1685 5038 821 1685 5039 827 1686 5040 826 1686 5041 821 1686 5042 826 1687 5043 825 1687 5044 824 1687 5045 824 1688 5046 823 1688 5047 826 1688 5048 828 1689 5049 821 1689 5050 822 1689 5051 828 1690 5052 830 1690 5053 823 1690 5054 830 1691 5055 831 1691 5056 824 1691 5057 831 1692 5058 832 1692 5059 825 1692 5060 832 1693 5061 833 1693 5062 826 1693 5063 834 1694 5064 827 1694 5065 826 1694 5066 829 1695 5067 822 1695 5068 827 1695 5069 829 1696 5070 834 1696 5071 833 1696 5072 833 1697 5073 832 1697 5074 828 1697 5075 832 1698 5076 831 1698 5077 828 1698 5078 831 1699 5079 830 1699 5080 828 1699 5081 835 1700 5082 828 1700 5083 829 1700 5084 835 1701 5085 837 1701 5086 830 1701 5087 837 1702 5088 838 1702 5089 831 1702 5090 838 1703 5091 839 1703 5092 832 1703 5093 839 1704 5094 840 1704 5095 833 1704 5096 836 1705 5097 829 1705 5098 834 1705 5099 836 1706 5100 842 1706 5101 840 1706 5102 840 1707 5103 839 1707 5104 835 1707 5105 839 1708 5106 838 1708 5107 835 1708 5108 838 1709 5109 837 1709 5110 835 1709 5111 843 1710 5112 835 1710 5113 836 1710 5114 845 1711 5115 837 1711 5116 835 1711 5117 845 1712 5118 846 1712 5119 838 1712 5120 846 1713 5121 847 1713 5122 839 1713 5123 847 1714 5124 848 1714 5125 840 1714 5126 849 1715 5127 842 1715 5128 840 1715 5129 844 1716 5130 836 1716 5131 842 1716 5132 844 1717 5133 849 1717 5134 848 1717 5135 848 1718 5136 847 1718 5137 846 1718 5138 846 1719 5139 845 1719 5140 843 1719 5141 843 1720 5142 844 1720 5143 848 1720 5144 850 1721 5145 843 1721 5146 844 1721 5147 852 1722 5148 845 1722 5149 843 1722 5150 852 1723 5151 853 1723 5152 846 1723 5153 853 1724 5154 854 1724 5155 847 1724 5156 854 1725 5157 855 1725 5158 848 1725 5159 856 1726 5160 849 1726 5161 848 1726 5162 851 1727 5163 844 1727 5164 849 1727 5165 851 1728 5166 856 1728 5167 850 1728 5168 856 1729 5169 855 1729 5170 850 1729 5171 855 1730 5172 854 1730 5173 850 1730 5174 854 1731 5175 853 1731 5176 850 1731 5177 857 1732 5178 850 1732 5179 851 1732 5180 859 1733 5181 852 1733 5182 850 1733 5183 859 1734 5184 860 1734 5185 853 1734 5186 860 1735 5187 861 1735 5188 854 1735 5189 861 1736 5190 862 1736 5191 855 1736 5192 863 1737 5193 856 1737 5194 855 1737 5195 858 1738 5196 851 1738 5197 856 1738 5198 858 1739 5199 863 1739 5200 857 1739 5201 863 1740 5202 862 1740 5203 857 1740 5204 862 1741 5205 861 1741 5206 857 1741 5207 861 1742 5208 860 1742 5209 857 1742 5210 865 1743 5211 864 1743 5212 857 1743 5213 864 1744 5214 866 1744 5215 859 1744 5216 866 1745 5217 867 1745 5218 860 1745 5219 867 1746 5220 868 1746 5221 861 1746 5222 869 1747 5223 862 1747 5224 861 1747 5225 870 1748 5226 863 1748 5227 862 1748 5228 865 1749 5229 858 1749 5230 863 1749 5231 865 1750 5232 870 1750 5233 864 1750 5234 870 1751 5235 869 1751 5236 864 1751 5237 869 1752 5238 868 1752 5239 864 1752 5240 868 1753 5241 867 1753 5242 864 1753 5243 872 1754 5244 873 1754 5245 867 1754 5246 876 1755 5247 870 1755 5248 869 1755 5249 877 1756 5250 865 1756 5251 870 1756 5252 841 1757 5253 833 1757 5254 840 1757 5255</p>
        </triangles>
        <triangles material="christmasSnowman_006-material" count="12">
          <input semantic="VERTEX" source="#group956064899-mesh-vertices" offset="0"/>
          <input semantic="NORMAL" source="#group956064899-mesh-normals" offset="1"/>
          <input semantic="TEXCOORD" source="#group956064899-mesh-map-0" offset="2" set="0"/>
          <p>532 1758 5256 530 1758 5257 531 1758 5258 538 1759 5259 537 1759 5260 536 1759 5261 877 1760 5262 875 1760 5263 873 1760 5264 880 1761 5265 879 1761 5266 841 1761 5267 879 1762 5268 878 1762 5269 841 1762 5270 531 1763 5271 535 1763 5272 534 1763 5273 534 1764 5274 533 1764 5275 531 1764 5276 533 1765 5277 532 1765 5278 531 1765 5279 877 1766 5280 876 1766 5281 875 1766 5282 875 1767 5283 874 1767 5284 873 1767 5285 873 1768 5286 872 1768 5287 871 1768 5288 871 1769 5289 877 1769 5290 873 1769 5291</p>
        </triangles>
      </mesh>
    </geometry>
  </library_geometries>
  <library_visual_scenes>
    <visual_scene id="Scene" name="Scene">
      <node id="base00" name="base00" type="NODE">
        <matrix sid="transform">1 0 0 0 0 1 0 0 0 0 1 0 0 0 0 1</matrix>
        <node id="start01" name="start01" type="NODE">
          <matrix sid="transform">1 0 0 0 0 1 0 0 0 0 1 0 0 0 0 1</matrix>
          <node id="snowman" name="snowman" type="NODE">
            <matrix sid="transform">1 0 0 0 0 -2.8213e-7 -1 0 0 1 -2.8213e-7 0 0 0 0 1</matrix>
            <instance_geometry url="#group956064899-mesh" name="snowman">
              <bind_material>
                <technique_common>
                  <instance_material symbol="christmasSnowman_002-material" target="#christmasSnowman_002-material">
                    <bind_vertex_input semantic="group956064899-mesh-map-0" input_semantic="TEXCOORD" input_set="0"/>
                  </instance_material>
                  <instance_material symbol="christmasSnowman_004-material" target="#christmasSnowman_004-material">
                    <bind_vertex_input semantic="group956064899-mesh-map-0" input_semantic="TEXCOORD" input_set="0"/>
                  </instance_material>
                  <instance_material symbol="christmasSnowman_003-material" target="#christmasSnowman_003-material">
                    <bind_vertex_input semantic="group956064899-mesh-map-0" input_semantic="TEXCOORD" input_set="0"/>
                  </instance_material>
                  <instance_material symbol="christmasSnowman_001-material" target="#christmasSnowman_001-material">
                    <bind_vertex_input semantic="group956064899-mesh-map-0" input_semantic="TEXCOORD" input_set="0"/>
                  </instance_material>
                  <instance_material symbol="christmasSnowman_005-material" target="#christmasSnowman_005-material">
                    <bind_vertex_input semantic="group956064899-mesh-map-0" input_semantic="TEXCOORD" input_set="0"/>
                  </instance_material>
                  <instance_material symbol="christmasSnowman_006-material" target="#christmasSnowman_006-material">
                    <bind_vertex_input semantic="group956064899-mesh-map-0" input_semantic="TEXCOORD" input_set="0"/>
                  </instance_material>
                </technique_common>
              </bind_material>
            </instance_geometry>
          </node>
          <node id="Colmesh-1" name="Colmesh-1" type="NODE">
            <matrix sid="transform">1 0 0 0 0 -2.8213e-7 -1 0 0 1 -2.8213e-7 0 0 0 0 1</matrix>
            <instance_geometry url="#group956064899_001-mesh" name="Colmesh-1"/>
          </node>
        </node>
      </node>
    </visual_scene>
  </library_visual_scenes>
  <scene>
    <instance_visual_scene url="#Scene"/>
  </scene>
</COLLADA>