<?xml version="1.0" encoding="utf-8"?>
<COLLADA xmlns="http://www.collada.org/2005/11/COLLADASchema" version="1.4.1" xmlns:xsi="http://www.w3.org/2001/XMLSchema-instance">
  <asset>
    <contributor>
      <author>Blender User</author>
      <authoring_tool>Blender 3.4.1 commit date:2022-12-19, commit time:17:00, hash:55485cb379f7</authoring_tool>
    </contributor>
    <created>2025-12-20T16:10:06</created>
    <modified>2025-12-20T16:10:06</modified>
    <unit name="meter" meter="1"/>
    <up_axis>Z_UP</up_axis>
  </asset>
  <library_effects>
    <effect id="christmasIslandDual_001-effect">
      <profile_COMMON>
        <newparam sid="christmasIslandDual_001_Base_Color-surface">
          <surface type="2D">
            <init_from>christmasIslandDual_001_Base_Color</init_from>
          </surface>
        </newparam>
        <newparam sid="christmasIslandDual_001_Base_Color-sampler">
          <sampler2D>
            <source>christmasIslandDual_001_Base_Color-surface</source>
          </sampler2D>
        </newparam>
        <technique sid="common">
          <lambert>
            <emission>
              <color sid="emission">0 0 0 1</color>
            </emission>
            <diffuse>
              <texture texture="christmasIslandDual_001_Base_Color-sampler" texcoord="UVMap"/>
            </diffuse>
            <index_of_refraction>
              <float sid="ior">1.45</float>
            </index_of_refraction>
          </lambert>
        </technique>
      </profile_COMMON>
    </effect>
    <effect id="christmasIslandDual_002-effect">
      <profile_COMMON>
        <technique sid="common">
          <lambert>
            <emission>
              <color sid="emission">0 0 0 1</color>
            </emission>
            <diffuse>
              <color sid="diffuse">0.8 0.8 0.8 1</color>
            </diffuse>
            <index_of_refraction>
              <float sid="ior">1.45</float>
            </index_of_refraction>
          </lambert>
        </technique>
      </profile_COMMON>
    </effect>
  </library_effects>
  <library_images>
    <image id="christmasIslandDual_001_Base_Color" name="christmasIslandDual_001_Base_Color">
      <init_from>christmasIslandDual.001%20Base%20Color.png</init_from>
    </image>
  </library_images>
  <library_materials>
    <material id="christmasIslandDual_001-material" name="christmasIslandDual.001">
      <instance_effect url="#christmasIslandDual_001-effect"/>
    </material>
    <material id="christmasIslandDual_002-material" name="christmasIslandDual.002">
      <instance_effect url="#christmasIslandDual_002-effect"/>
    </material>
  </library_materials>
  <library_geometries>
    <geometry id="Plane_006-mesh" name="Plane.006">
      <mesh>
        <source id="Plane_006-mesh-positions">
          <float_array id="Plane_006-mesh-positions-array" count="624">-95.09316 -73.92459 115.2566 46.78229 -94.72435 119.4407 -98.91529 111.9298 -66.74517 110.2928 180.6016 -78.73479 -71.62595 -84.91893 119.5041 -42.23622 -98.39691 121.075 -4.673702 -96.74782 121.0997 23.87941 -100.5573 121.9683 31.61561 122.8666 -80.74683 -6.080555 123.6255 -77.83177 -39.91756 125.9705 -73.85253 -73.65422 117.3561 -71.36881 -94.59464 115.0584 -44.41622 -91.33669 120.1407 -23.10181 -98.25309 105.2566 1.04505 -106.008 70.88466 25.03247 -110.2816 19.56293 49.29134 -107.1438 -31.99068 73.77169 -98.48031 -60.98596 94.16844 60.01942 -72.15354 95.72254 68.17065 -31.38445 71.56499 72.7671 18.16811 47.38088 76.73229 60.57422 23.59109 83.19726 105.3518 -2.480169 112.5707 162.416 -29.50629 124.818 166.7266 -57.64102 -76.57892 -72.63666 97.37094 -79.19706 -29.73621 73.84455 -77.46503 21.07349 49.75597 -74.7467 71.43204 25.0536 -73.48653 106.7104 -0.2840729 -67.3583 127.7808 -25.30423 -75.65998 121.321 -48.08749 -38.98748 -77.57555 98.75231 -38.11968 -38.48329 75.67243 -41.29872 4.251923 48.72815 -39.83573 60.58972 24.77871 -37.9281 109.985 -2.107441 -30.49339 150.9969 -27.31303 -26.22544 160.3846 -47.64125 1.614494 -73.83284 98.33916 -3.169855 -51.57358 73.56768 -1.376049 1.13694 48.92685 -2.371799 52.84213 23.56293 4.179377 114.0673 -1.980034 8.187865 148.7374 -26.61286 7.064421 156.2073 -45.76618 33.76166 -78.64705 98.40404 40.09901 -33.75909 73.03713 37.33901 4.942543 48.7358 35.80138 51.48644 23.80034 45.0553 112.4844 -1.462873 64.15588 176.769 -25.37235 60.69308 188.5272 -53.29249 -98.56505 -83.53635 94.17511 -95.26945 -96.48859 115.2624 22.60564 -123.2256 122.0638 46.39955 -116.9058 119.483 112.7563 106.4235 -59.05924 95.64985 111.5405 -81.23397 -70.75847 94.79048 -71.42836 -92.66736 93.26439 -66.69138 -74.01789 -112.7232 119.7085 -43.79454 -123.2903 121.4179 -8.747063 -127.3968 121.2124 29.50202 95.84319 -82.37558 -7.56566 96.62262 -79.44754 -43.26324 95.62893 -74.14208 71.01777 -65.29802 21.62175 63.72519 -144.4979 45.79722 59.40859 -144.4979 68.07437 52.23833 -144.4979 90.45067 -89.7771 95.5688 -44.37403 -90.754 98.48168 -23.06591 -98.31428 82.66335 1.047642 -105.9399 48.51346 25.04029 -110.3428 -3.029213 49.29394 -107.1952 -54.30878 73.77348 58.60388 -97.90055 95.99904 67.61003 -55.46866 71.41722 73.09049 -6.484207 47.69032 77.05487 40.23434 23.42892 82.82504 82.11118 -2.690979 101.3362 105.8354 -31.39747 -101.4971 -144.4979 69.31292 -106.4214 -144.4979 46.0062 -102.3666 -55.5724 22.98933 -95.0087 -22.86792 0.2300243 -88.13465 -8.585267 -22.6905 -83.6098 -8.72226 -42.83937 32.18243 -73.91053 21.82028 32.12823 -123.7161 45.52935 -5.769649 -77.02472 21.82028 -5.769649 -128.198 45.54033 -42.77618 -10.56615 -71.11013 -8.906239 -9.623322 -76.14398 26.26477 -10.35808 -78.92664 -11.67591 -144.4979 113.5072 -41.65061 -144.4979 114.2969 -66.30942 -144.4979 113.688 -86.47711 -10.98073 -64.01514 -67.10164 -10.34628 -68.52104 85.30974 -7.574127 -78.6516 104.5142 -2.692276 -56.95006 40.08058 -144.4979 112.0333 17.79487 -144.4979 114.3442 -85.85087 -144.4979 109.7302 -90.7735 -144.4979 89.55641 -94.73383 -108.5067 89.9709 -91.36321 -119.2494 110.0618 20.74468 -136.3544 116.2826 43.13888 -133.6263 113.8742 105.0644 69.45294 -55.56973 85.85993 64.57109 -77.27126 -66.55146 61.79892 -67.14072 -85.92693 61.16448 -62.63481 -69.95078 -127.8988 114.5614 -41.39549 -137.643 116.0855 -9.138905 -139.9875 115.5745 26.81495 61.78713 -77.5463 -8.356055 62.52188 -74.76364 -42.22599 61.57907 -69.72978 -83.05962 63.42296 -41.45904 -87.58447 63.55994 -21.31017 -94.45852 49.2773 1.610353 -101.8164 16.5728 24.36966 -105.8712 -32.02795 47.38653 -102.894 -80.73426 70.61353 54.39697 -121.4723 91.69747 61.78467 -84.83704 68.61635 67.31523 -38.37384 46.01862 72.10829 10.07234 22.7701 77.40682 48.7534 -1.936855 94.21492 69.07028 -29.38522 76.85664 -23.3918 -3.317186 93.66473 -3.074928 -30.76555 -71.19878 -155.7308 92.435 -77.19089 -141.0466 70.39543 -80.79187 -115.9979 45.56688 -77.98776 -67.70803 22.06222 -106.4214 -144.4979 46.0062 -102.3666 -144.4979 22.98933 -41.46041 -166.3676 92.77902 -41.96815 -150.5695 69.6769 -43.72173 -125.5035 45.54033 -43.72173 -75.14655 21.82028 71.01776 -144.4979 21.62175 63.72519 -144.4979 45.79722 -8.439744 -173.0605 92.37357 -5.797586 -155.7664 70.20154 -5.769649 -128.198 45.54033 -5.769649 -77.02472 21.82028 -77.98776 -67.70803 22.06222 -80.79187 -115.9979 45.56688 24.67538 -166.3882 92.91255 30.98385 -144.7664 70.34585 32.12823 -123.7161 45.52935 32.18243 -73.91053 21.82028 -43.72173 -75.14655 21.82028 -43.72173 -125.5035 45.54033 -77.98776 -67.70803 22.06222 93.66473 -3.074928 -30.76555 104.5142 -2.692276 -56.95006 76.85664 -23.3918 -3.317186 71.01777 -65.29802 21.62175 -95.0087 -22.86792 0.2300243 -102.3666 -55.5724 22.98933 -88.13465 -8.585267 -22.6905 -83.6098 -8.72226 -42.83937 -86.47711 -10.98073 -64.01514 26.26477 -10.35808 -78.92664 -8.906239 -9.623322 -76.14398 -42.77618 -10.56615 -71.11013 -67.10164 -10.34628 -68.52104 85.30974 -7.574127 -78.6516 -43.72173 -75.14655 21.82028 -5.769649 -77.02472 21.82028 32.18243 -73.91053 21.82028 -69.1527 -10.30125 -24.73222 -69.59065 -9.432663 -46.54611 -74.98471 -29.93977 -1.394665 -77.98776 -67.70803 22.06222 93.66471 -144.4979 -30.76555 104.5142 -144.4979 -56.95006 76.85664 -144.4979 -3.317186 71.01776 -144.4979 21.62175 -95.00869 -144.4979 0.2300243 -102.3666 -144.4979 22.98933 -88.13465 -144.4979 -22.6905 -83.6098 -144.4979 -42.83937 -86.47711 -144.4979 -64.01514 33.13667 -7.960052 -53.01982 26.26476 -144.4979 -78.92664 -7.395246 -9.413849 -50.8142 -8.906239 -144.4979 -76.14398 -43.04029 -10.13805 -47.9347 -42.77617 -144.4979 -71.11013 -67.10164 -144.4979 -68.52104 85.30972 -144.4979 -78.6516 -43.72173 -75.14655 21.82028 -43.72173 -33.5255 -1.899767 -43.5732 -11.87616 -25.31353 -5.769649 -77.02472 21.82028 -5.769649 -34.57941 -1.899767 -5.761915 -11.77011 -25.60386 32.18243 -73.91053 21.82028 34.68702 -31.59873 -2.145615 40.26639 -7.722038 -26.59427</float_array>
          <technique_common>
            <accessor source="#Plane_006-mesh-positions-array" count="208" stride="3">
              <param name="X" type="float"/>
              <param name="Y" type="float"/>
              <param name="Z" type="float"/>
            </accessor>
          </technique_common>
        </source>
        <source id="Plane_006-mesh-normals">
          <float_array id="Plane_006-mesh-normals-array" count="2235">-0.2390441 0.6916879 -0.681488 0.1303398 0.9899815 -0.05429708 -0.3361024 0.4861291 -0.8066684 -0.2792534 0.9512735 -0.1307524 -0.278965 0.9513065 -0.1311285 -0.3253317 0.9430655 -0.06918752 -0.3872674 0.8372015 -0.3861577 -0.4505708 0.7459589 -0.49044 -0.2558665 0.9491018 -0.1836798 0.05755126 0.6522775 -0.7557923 0.01992142 0.6410548 -0.7672366 -0.04951435 0.617561 -0.7849629 -0.2873659 0.5845093 -0.758795 -0.2215831 0.6234875 -0.7497761 -0.04016554 0.7090572 -0.7040063 0.08718663 0.6996486 0.7091476 0.08904933 0.7003676 0.7082058 0.07065314 0.6931239 0.7173475 -0.06899583 0.6216552 0.7802464 -0.08447355 0.6085663 0.7889939 0.1109677 0.7497838 0.6523116 -0.1189398 0.4648299 0.8773749 -0.1036061 0.4790864 0.8716318 -0.1629639 0.422371 0.8916532 -0.02024048 0.4519091 0.8918343 -0.009010791 0.4593217 0.8882243 -0.03877151 0.4394795 0.8974156 0.006256401 0.3835923 0.9234815 0.004687607 0.3829186 0.9237703 0.007906794 0.3842998 0.9231746 -0.1145016 0.4850122 0.866979 -0.1312734 0.4714765 0.8720535 0.01206928 0.5782185 0.8157928 -0.4315456 0.8152985 0.3860787 -0.4276767 0.8281567 0.3622835 -0.4256346 0.8343186 0.3503535 -0.04785138 0.7206031 0.6916947 -0.04415875 0.7237098 0.6886903 -0.03263682 0.7332459 0.67918 0.09553718 0.621513 0.7775567 0.097355 0.6199773 0.7785565 0.2342283 0.4903978 0.8394327 0.1439578 0.4584872 0.8769639 0.1048204 0.4878098 0.8666339 0.03753942 0.5349573 0.8440448 0.0593909 0.4211495 0.9050447 0.08090835 0.4065077 0.9100579 0.1096372 0.3864508 0.9157705 0.05784642 0.4388243 0.896709 0.01393514 0.4169442 0.9088253 0.1256511 0.470538 0.8733875 -0.02248543 0.5510934 0.8341407 -0.01661974 0.5549421 0.8317231 -0.05393731 0.5299243 0.846328 0.07686328 0.9201785 0.3838797 0.06081444 0.9120157 0.4056216 0.04504245 0.9033128 0.4266113 0.1763128 0.8074152 0.5630227 0.2043567 0.7764205 0.5961624 0.09840697 0.8793272 0.4659395 0.04847443 0.4961625 0.8668755 0.05174928 0.4933673 0.8682804 0.06395596 0.4828513 0.8733638 0.13479 0.4872775 0.8627818 0.1615856 0.4636069 0.8711825 0.2168473 0.4121502 0.8849349 0.1814257 0.3961567 0.9000804 0.1632049 0.4113892 0.8967291 0.1405377 0.429903 0.8918703 0.09458452 0.5114073 0.8541174 0.06092542 0.5353283 0.842444 -0.01210659 0.5835949 0.8119548 -0.1784482 0.6582228 0.731368 -0.1847026 0.6525131 0.7349229 -0.03808242 0.7689217 0.6382077 -0.601835 0.7967452 0.0546965 -0.5484701 0.8162489 0.1814341 -0.6200149 0.7845824 0.00346589 0.3492153 0.8367682 0.4217438 0.3488721 0.837079 0.4214108 0.3700762 0.8171567 0.4419261 0.0748865 0.5107908 0.8564373 0.01329815 0.5393785 0.8419585 -0.04773569 0.5651187 0.8236275 -0.03540158 0.4275594 0.9032938 -0.033791 0.4284059 0.9029543 -0.0367881 0.4268294 0.9035836 -0.02489274 0.4329737 0.9010629 -0.01633638 0.4370065 0.89931 -0.03254133 0.4293338 0.9025595 -0.003863573 0.5770209 0.8167203 0.001753866 0.5796213 0.8148841 -0.01060181 0.5738698 0.818878 -0.09522706 0.8235343 0.5592164 -0.1231901 0.8101096 0.5731901 -0.02222114 0.8538936 0.5199733 -0.3244199 0.9323683 -0.1595034 -0.3250972 0.932057 -0.159943 -0.3388705 0.9255496 -0.1688923 -0.1197748 0.751656 0.6485888 -0.1197287 0.7516753 0.6485748 -0.1198449 0.7516266 0.6486099 -0.02326029 0.4995821 0.8659542 -0.008834481 0.5052711 0.8629154 -0.03384679 0.4953263 0.8680474 -0.05404633 0.498026 0.8654763 -0.09210187 0.4726181 0.8764414 -5.68284e-4 0.5317437 0.8469053 -0.125468 0.4766085 0.8701162 -0.1195132 0.481788 0.8680996 -0.1397659 0.4640128 0.8747329 -0.01714682 0.4260929 0.9045169 0.03333216 0.4508454 0.8919795 -0.08234685 0.3919832 0.9162795 0.1215986 0.3322317 0.9353266 0.1498172 0.3377976 0.9292189 0.08585995 0.3248024 0.9418766 0.3180409 0.9009072 0.2953242 0.3048794 0.8970824 0.319831 0.2938736 0.8934061 0.3397998 -0.1323449 -0.8002924 -0.5848221 -0.1400357 -0.7926471 -0.5933809 -0.1633399 -0.7683806 -0.6187983 -0.05290669 -0.6480479 0.7597597 -0.04929995 -0.6508868 0.7575724 0.01877945 -0.7011436 0.7127728 -0.02655988 -0.4224913 -0.9059779 -0.02440887 -0.423886 -0.9053867 -0.02984446 -0.4203557 -0.9068685 0.04065155 -0.4259545 -0.9038309 0.04411447 -0.4236184 -0.9047659 0.04941135 -0.4200293 -0.9061645 6.08712e-6 0.9703456 -0.2417218 -8.35024e-5 0.9666069 0.2562637 6.49691e-6 0.9768981 0.2137062 0.5296232 0 0.8482331 0.95739 0 0.2887984 0.95739 0 0.2887984 0.1499654 -0.7050468 -0.693123 0.1428443 -0.7121645 -0.6873263 0.1983295 -0.6535828 -0.7304074 0.1931326 -0.7635167 -0.6162322 0.200211 -0.7565866 -0.6224887 0.1682118 -0.7868896 -0.5937252 0.05369406 -0.6393392 0.7670479 0.04803162 -0.6363409 0.7699112 -0.02279162 -0.5963067 0.8024333 -3.34233e-5 0.9978145 -0.06607764 -2.90498e-5 0.9999831 -0.005825936 -3.38852e-5 0.9914047 0.1308313 -4.17828e-5 1 0 0 0 1 0 0 -1 -4.85182e-5 0.9729644 0.2309553 -4.17232e-6 0.9420219 -0.3355516 -4.91738e-5 0.9898071 -0.1424146 -7.27251e-5 0.9999998 5.73647e-4 -2.72896e-5 0.9999203 0.01263535 -1.42623e-5 0.9996799 -0.02530395 -0.9832291 -0.1719171 0.06086945 -0.983321 -0.1714671 0.06065362 -0.985474 -0.1605324 0.05541169 -0.9716123 -0.1765122 0.157522 -0.9716772 -0.1760995 0.157583 -0.9715411 -0.1769628 0.1574553 0.02844315 -0.4084563 0.9123346 0.02897769 -0.4070361 0.9129524 0.02925282 -0.4063045 0.9132694 0.9139028 -0.1554817 0.3749761 0.9137235 -0.1557237 0.3753126 0.9143236 -0.1549128 0.3741849 -0.9760926 -0.1394492 -0.1667252 -0.9761938 -0.1390932 -0.1664296 -0.9760673 -0.1395378 -0.1667987 -0.03121441 -0.3659396 0.9301151 -0.02082073 -0.3935328 0.9190748 -0.0359162 -0.3533106 0.9348164 0.8843212 -0.1396002 0.4455199 0.8838871 -0.1409026 0.4459711 0.8820543 -0.1463389 0.4478452 -0.9106894 -0.1101194 -0.398144 -0.9095292 -0.1129734 -0.3999921 -0.9110345 -0.1092644 -0.3975896 -0.1764585 -0.3609219 0.9157499 -0.1751776 -0.3657221 0.9140898 -0.1771383 -0.3583632 0.9166232 0.9861432 -0.1609129 -0.04035925 0.9861236 -0.1610232 -0.04039657 0.9861125 -0.1610855 -0.04041761 -0.8912568 -0.1086752 -0.4402852 -0.8913833 -0.1075318 -0.4403099 -0.8910716 -0.1103301 -0.4402484 -0.3701422 -0.3104543 0.8755644 -0.3590257 -0.3340125 0.8715137 -0.3892191 -0.2681549 0.88125 0.9747725 -0.1662806 -0.1488938 0.9765744 -0.1594877 -0.1444516 0.9771816 -0.1571367 -0.1429135 -0.0982902 -0.1363506 -0.9857726 -0.1005154 -0.134816 -0.9857593 -0.09302514 -0.1399756 -0.9857755 -0.9292199 -0.1084967 -0.3532409 -0.928934 -0.1068833 -0.3544822 -0.9280892 -0.1022352 -0.3580483 -0.2050038 -0.160036 -0.9655889 -0.2111796 -0.1570308 -0.964751 -0.1975798 -0.1636321 -0.9665334 0.9751167 -0.1785071 -0.131464 0.9767378 -0.1724731 -0.1274216 0.9772865 -0.1703819 -0.1260204 -0.1421508 -0.131461 -0.9810766 -0.1421508 -0.131461 -0.9810766 -0.1421504 -0.1314606 -0.9810767 -0.9863697 -0.1351728 -0.09382563 -0.9738696 -0.1728537 -0.1473085 -0.9952115 -0.09198772 -0.03305166 0.7530039 -0.2115132 -0.623095 0.7513729 -0.2128084 -0.624621 0.7486544 -0.2149555 -0.6271451 0.9824934 -0.1844565 0.02612793 0.980987 -0.1928274 0.0219593 0.9803208 -0.1963764 0.02018874 -0.08088374 -0.1337345 -0.987711 -0.08088725 -0.1337379 -0.9877102 -0.08083283 -0.133685 -0.9877219 -0.9708379 -0.1877627 0.1490604 -0.9712475 -0.1869379 0.1474201 -0.9718357 -0.1857397 0.1450387 0.1647758 -0.3885438 0.9065775 0.1766132 -0.3696323 0.9122389 0.1914131 -0.3454954 0.9186915 0.9168683 -0.2563223 0.3060255 0.9215311 -0.2405984 0.3047832 0.9270328 -0.2207635 0.3031069 0.0305379 -0.1071714 -0.9937715 0.02223342 -0.1218966 -0.9922938 0.03902274 -0.09207856 -0.9949868 0.9724323 0.009241104 0.2330024 0.9764693 -0.01359343 0.2152275 0.977088 -0.01757347 0.2121096 -0.04913932 0.01374655 0.9986974 -0.04948955 0.01452612 0.998669 -0.04812097 0.01148015 0.9987756 -0.9838215 -0.00251168 -0.1791347 -0.9847791 0.002101957 -0.1737987 -0.9837042 -0.003060102 -0.1797683 0.8449484 -0.08117395 0.5286521 0.8398346 -0.1400709 0.5244597 0.8341989 -0.1830236 0.5202065 0.003698527 0.009006321 0.9999527 0.002281129 0.007369697 0.9999703 -8.22091e-4 0.003786325 0.9999926 -0.9911547 0.002661347 0.1326845 -0.9912065 0.002332985 0.1323041 -0.9911487 0.00270015 0.1327295 0.9098637 -0.1913047 0.3681721 0.9090359 -0.1921518 0.3697721 0.9104195 -0.1907334 0.367093 -0.0287382 0.006789922 0.999564 -0.02885895 0.006665527 0.9995614 -0.0296247 0.005876481 0.9995439 -0.9192661 0.002509474 0.393629 -0.9191809 0.003212988 0.3938226 -0.9193093 0.002150893 0.3935302 -0.9870983 0.005586087 0.1600179 -0.9871209 0.005925416 0.1598668 -0.9869748 0.003756821 0.1608315 -3.15981e-4 0.04118746 -0.9991514 0.001529335 0.0515989 -0.9986668 -0.001162409 0.03641027 -0.9993363 0.8912342 -0.02509766 0.4528486 0.8904944 -0.03419107 0.4537077 0.8896098 -0.0440278 0.4545944 0.1089673 -0.001013875 0.9940448 0.1090436 -9.07479e-4 0.9940366 0.1096953 1.22007e-6 0.9939653 -0.9433236 -0.2770514 0.1827109 -0.9442802 -0.2699768 0.1882757 -0.947933 -0.2338474 0.2161911 -0.07626008 0.06505548 -0.9949635 -0.07659733 0.06462395 -0.9949657 -0.07561409 0.06588208 -0.9949584 0.9620425 -0.045758 0.2690365 0.9595411 -0.02846556 0.2801263 0.9588377 -0.02405554 0.2829341 0.7694495 -0.1402975 -0.6231085 0.768712 -0.1394367 -0.6242109 0.769781 -0.1406851 -0.6226114 -0.9881501 -0.1350911 0.07286816 -0.9886415 -0.128355 0.07818651 -0.9872215 -0.02629858 0.1571694 -0.1285023 0.04719454 -0.9905857 -0.133067 0.04209142 -0.9902129 -0.1120671 0.06549412 -0.99154 0.9830378 -0.01936423 0.182378 0.9770494 0.0109238 0.2127333 0.9759775 0.01553082 0.2173174 -0.1904106 -0.04016751 -0.9808825 -0.186575 -0.04331171 -0.9814856 -0.1674758 -0.0588957 -0.9841155 -0.9559664 -0.01509207 -0.2930881 -0.9555091 -0.00833708 -0.2948439 -0.9566176 -0.02621752 -0.2901645 -0.08557838 0.0074656 -0.9963035 -0.08772015 0.004448354 -0.9961353 -0.07800966 0.01811426 -0.9967881 0.9817313 0.01511693 0.1896717 0.9818972 0.01422506 0.1888802 0.9819263 0.01406729 0.1887401 -0.1824398 0.01238417 0.9831391 -0.1829146 0.01339185 0.9830376 -0.1773615 0.001637935 0.9841444 -0.9524142 0.001441359 -0.3048035 -0.9519361 -0.001898944 -0.3062907 -0.9525692 0.002544164 -0.3043116 -0.02175211 -0.3819177 0.9239404 0.002379775 -0.2499043 0.9682676 0.005334794 -0.2333776 0.9723715 0.9238148 -0.01436471 0.38257 0.9238148 -0.01436454 0.38257 0.9238148 -0.01436448 0.38257 -0.9816052 -0.01901125 0.1899734 -0.9896528 -6.24423e-4 0.1434817 -0.99101 0.003206253 0.1337498 0.02103132 -0.2708026 0.9624053 -0.01064878 -0.3921426 0.9198429 -0.0153138 -0.409488 0.912187 0.8580451 -0.01636445 0.5133137 0.8580451 -0.01636463 0.5133137 0.8580451 -0.01636439 0.5133137 -0.9887372 0.007703602 -0.1494645 -0.9884914 0.009320855 -0.1509901 -0.9883175 0.01044571 -0.1520507 -0.06870049 -0.09755957 0.9928557 -0.04110717 -0.1934376 0.9802511 -0.07668757 -0.06915974 0.9946538 0.9807505 -0.01273447 0.1948496 0.9799746 -0.01569277 0.1985032 0.9811509 -0.01117336 0.1929199 -0.9593929 0.01270705 -0.2817867 -0.9566937 0.01285958 -0.2908126 -0.9573489 0.01282304 -0.2886496 -0.215406 -0.07699739 0.9734843 -0.2149577 -0.07744532 0.9735479 -0.2294973 -0.06285738 0.9712775 0.9845539 -0.02902203 0.17266 0.9829587 -0.02927279 0.1814816 0.9856187 -0.01682257 0.1681454 -0.1056392 0.01982736 -0.9942069 -0.1056393 0.01982754 -0.9942069 -0.1056392 0.01982736 -0.9942069 -0.9599199 0.01267707 -0.2799879 -0.9599198 0.01267737 -0.2799882 -0.2270979 0.02036052 -0.9736591 -0.2270978 0.02036046 -0.9736592 -0.2270978 0.02036041 -0.9736591 0.9840952 -0.03463256 0.1742338 0.9819885 -0.03252935 0.1861193 -0.1475246 0.02004462 -0.9888553 -0.1475247 0.02004456 -0.9888553 -0.1475247 0.02004456 -0.9888553 -0.9756165 0.01163363 -0.2191741 -0.9756163 0.01163345 -0.2191744 -0.9756165 0.01163363 -0.219174 0.7480781 0.006991147 -0.6635739 0.7480782 0.006990969 -0.6635738 0.7480782 0.006990849 -0.6635738 0.9627609 -0.06073153 0.2634447 0.9590572 -0.072214 0.273851 0.9685985 -0.04080361 0.2452592 -0.07844793 0.01966834 -0.9967243 -0.07844793 0.01966834 -0.9967243 -0.07844787 0.01966834 -0.9967243 -0.9910154 0.005000233 0.1336554 -0.9910153 0.005000412 0.1336556 -0.9910153 0.005000233 0.1336554 0.1072004 -0.2478758 0.9628425 0.1224028 -0.2149521 0.9689238 0.1288892 -0.2007051 0.971136 0.8687158 -0.2243359 0.4415949 0.8915134 -0.1637864 0.4223484 0.9090076 -0.1070301 0.4028024 0.003756582 0.01910048 -0.9998105 0.003756582 0.01910048 -0.9998105 0.003756523 0.01910048 -0.9998106 -0.9692527 -0.1683719 0.1794441 -0.9783169 -0.1438584 0.1489998 -0.9881611 -0.1099651 0.1069834 -0.9000496 -0.07705736 0.4289208 -0.9237566 -0.04472947 0.3803591 -0.9347254 -0.02770495 0.3542892 -0.06665825 -0.6799641 -0.7302092 -0.06754612 -0.6792032 -0.7308355 -0.0846706 -0.6642729 -0.7426793 -0.2265124 0 -0.9740083 -0.2265123 0 -0.9740083 -0.2265123 0 -0.9740084 4.22001e-5 0.9999975 0.002271652 -8.45343e-5 0.9734479 -0.2289087 -6.17504e-5 0.9992453 0.03884524 -6.17206e-5 0.9963765 -0.08505308 -0.1502695 -0.7819946 0.6048998 -0.153079 -0.7794969 0.6074137 -0.0115894 -0.8829452 0.469333 -0.2538924 -0.8204924 -0.5121825 -0.260194 -0.814293 -0.5188701 -0.2783681 -0.7956635 -0.5379877 -0.1901382 -0.6966936 -0.691712 -0.1909479 -0.6958886 -0.6922991 -0.1999497 -0.6868411 -0.6987628 0.8528103 0 0.5222208 0.8528105 0 0.5222206 0.8528103 0 0.5222208 -3.91342e-6 0.9434115 0.3316246 3.27975e-5 0.9603798 -0.2786948 -2.22921e-5 1 -4.16084e-4 2.83122e-5 0.999174 0.04063659 -1.44187e-5 0.9995188 0.03102135 3.0769e-5 0.9994518 -0.03310686 -0.3037192 -0.8957983 0.3245002 -0.3226137 -0.8950215 0.3079888 -0.09772616 -0.8704133 0.4825252 -0.1535779 -0.9477602 -0.2795794 -0.1261479 -0.9568501 -0.2617723 -0.4009758 -0.8089286 -0.4299454 0.4413728 -0.7947997 -0.4165136 0.4583106 -0.7722341 -0.4400068 0.1418285 -0.9894376 -0.02996629 0.004658102 0 -0.9999892 0.004658043 0 -0.9999892 0.004657983 0 -0.9999892 -4.3761e-5 0.9989184 0.04650008 -4.30802e-5 0.9993389 -0.03635984 3.31998e-5 0.9682073 0.2501493 -6.49691e-6 0.9809752 -0.1941336 3.36161e-5 0.9995586 0.02970921 0.3647472 -0.7447858 0.5587967 0.374641 -0.7453416 0.5514617 0.07510036 -0.6854535 0.724233 0.3273718 -0.8837866 -0.3342887 0.2646541 -0.9265248 -0.2674139 0.5017338 -0.690369 -0.5212044 -0.3071286 -0.8544785 -0.4189733 -0.2523704 -0.903473 -0.3464763 0.009593844 -0.9999523 0.001859068 0.9238359 0 0.3827887 0.9238359 0 0.3827887 0.923836 -1.21486e-7 0.3827887 -5.58794e-6 0.9861213 0.166027 2.8342e-5 0.9967842 -0.08013337 3.79235e-5 0.9891659 0.146803 3.75211e-5 0.9857743 -0.1680751 -0.07887125 0 -0.9968849 -0.07887148 0 -0.9968849 -0.07887119 0 -0.9968848 -0.394378 0 -0.9189484 -0.03800207 0 -0.9992777 2.07871e-6 1 0 2.94298e-6 1 0 -0.1470084 0 -0.9891353 -0.1470086 0 -0.9891353 -0.1470086 0 -0.9891353 1.52886e-5 0.9999983 -0.001908421 8.19564e-6 0.9999981 0.001957416 2.53618e-5 1 -1.13952e-4 -3.22536e-5 1 2.37981e-5 2.55108e-5 1 5.96166e-5 0.03800207 0 0.9992777 0.01989233 0 0.9998021 -0.1058374 0 -0.9943835 -0.1058371 0 -0.9943836 -0.1058374 0 -0.9943835 -0.9848349 0 -0.1734946 -0.6938478 0 0.7201217 5.55366e-5 0.9999994 -0.001138091 -0.00511378 0 -0.999987 -0.02308052 0 0.9997336 -0.9909569 0 0.1341811 -0.990957 0 0.1341807 -0.9909569 0 0.1341812 -7.01845e-6 0.9999994 0.00114727 -1.29342e-5 0.9999994 0.00116682 1.49012e-6 0.9999994 -0.00116384 -1.30311e-5 0.9999999 -5.30708e-4 5.40316e-5 1 0 -0.9756993 0 -0.2191139 -0.9756994 0 -0.2191137 -0.9756993 0 -0.219114 7.86781e-6 0.9999994 -0.001078546 -3.23132e-5 1 -4.80851e-5 -0.9578506 0 -0.2872669 -0.9578506 0 -0.2872669 -0.9578506 0 -0.2872669 -0.1059312 -0.4261298 -0.8984388 -0.1034282 -0.428042 -0.8978211 -0.1092586 -0.4235795 -0.8992459 0.828489 -0.5518816 -0.09504073 0.8595108 -0.3789204 -0.3430167 0.7382409 -0.6618811 0.1300534 -0.6308004 -0.4713162 -0.6164025 -0.620769 -0.6388248 -0.4544763 -0.5411753 -0.8249121 -0.1632463 0.05142247 -0.9965249 -0.06552952 0.06951797 -0.9967829 -0.039891 0.08728867 -0.9960764 -0.01457917 0.04865002 -0.7198852 -0.6923862 0.04858618 -0.7199459 -0.6923274 0.04881799 -0.7197253 -0.6925405 0.03486442 -0.4912397 -0.8703264 0.03610402 -0.4903243 -0.8707919 0.03999739 -0.4874405 -0.8722396 0.06283497 -0.1883116 0.9800972 0.07438313 -0.1853821 0.9798473 0.06011527 -0.1889974 0.9801359 0.1346399 -0.181621 0.9741078 0.09252619 -0.171598 0.9808124 0.08277398 -0.1692363 0.9820935 0.09746593 -0.1677607 0.9809979 0.05365306 -0.1606134 0.9855581 0.04733198 -0.1595573 0.9860534 0.7380561 -0.4797886 0.4744219 0.7166025 -0.5237362 0.4606314 0.8390003 -0.07228344 0.5393087 -0.254859 -0.3340467 0.9074468 -0.2226322 -0.5675042 0.7927005 -0.2666079 -0.1666988 0.9492797 -0.01976233 -0.4908172 -0.8710384 -0.01817405 -0.4919497 -0.870434 -0.02413475 -0.4876888 -0.8726839 -0.01083153 -0.7279974 -0.6854944 -0.01250886 -0.7266247 -0.6869208 -0.02000594 -0.720429 -0.6932401 0.00608617 -0.9965317 -0.08299225 0.008862435 -0.9961167 -0.08759653 0.00220853 -0.9970627 -0.07655787 -0.09839242 -0.5032085 -0.8585454 -0.08999383 -0.5096194 -0.8556806 -0.1128938 -0.4919756 -0.8632585 -0.07829594 -0.7411956 -0.6667074 -0.0806083 -0.7422748 -0.6652296 -0.09655016 -0.7495478 -0.6548711 -0.04768341 -0.9972724 -0.05633938 -0.04442739 -0.99719 -0.06031966 -0.06227785 -0.9973175 -0.03846114 0.9370404 -0.270498 0.2208761 0.9768955 -0.1872403 -0.1030362 0.9117908 -0.2859115 0.294775 0.9511142 -0.158456 0.2650914 0.9797363 -0.1392287 0.1439872 0.9453213 -0.1612149 0.2835094 0.9722676 -0.130894 0.1938107 0.9942682 -0.1069037 -0.001552224 0.9669693 -0.1334728 0.2171531 -0.786627 -0.3070996 -0.5356377 -0.851696 -0.4349336 -0.2923129 -0.8585092 -0.4717637 -0.201 -0.8189007 -0.3044524 -0.4865291 -0.8147863 -0.2998521 -0.4961978 -0.813847 -0.298813 -0.4983613 -0.9100997 -0.3745598 0.1772667 -0.8564586 -0.426963 -0.2901403 -0.900301 -0.3589907 0.246138 0.002301216 0 0.9999974 0.005110085 0 0.999987 0.9736701 0 0.227962 0.97367 0 0.2279622 0.9736701 0 0.227962 0.7488775 -1.22496e-7 -0.6627085 0.7488775 -1.1933e-7 -0.6627084 0.7488776 0 -0.6627084 -0.9515106 0 -0.3076161 -0.9515106 0 -0.3076162 -0.9515106 0 -0.3076162 -7.75605e-6 0.9999999 -5.76484e-4 0.3223926 0.8774515 0.3551647 -0.2383733 0.9537822 -0.1829694 -0.5017241 0.6415544 -0.5802422 0.1252713 0.6697803 -0.7319164 -0.408578 0.5001655 -0.7634779 0.1043356 0.706146 0.700337 -0.1968924 0.503282 0.8413922 -0.04778981 0.5287187 0.8474508 0.01129996 0.4724994 0.8812586 0.003110527 0.3822401 0.9240579 -0.2183631 0.3965239 0.8916762 -0.432916 0.8103101 0.3949449 -0.05846458 0.7115365 0.7002126 -0.06104004 0.7365407 0.6736334 0.2065696 0.4085747 0.8890421 0.0299189 0.4406797 0.8971657 -0.04044121 0.3884003 0.920603 0.01896864 0.5776255 0.8160815 0.09650617 0.9292072 0.356736 0.2767277 0.6822949 0.6766797 0.0350421 0.5075121 0.8609318 0.07668757 0.5358417 0.8408287 0.2018222 0.3787279 0.9032348 0.1521908 0.4679652 0.8705438 -0.296149 0.5385128 0.7888599 -0.501846 0.8205536 0.2735738 0.328064 0.8552368 0.4011784 0.1302275 0.4828416 0.8659705 -0.03253054 0.4290673 0.9026865 -0.008324027 0.4407457 0.8975935 0.009365022 0.5831062 0.8123419 -0.19089 0.7733731 0.6045289 -0.3127033 0.9376257 -0.1519036 -0.119663 0.7517029 0.648555 0.002028405 0.5094713 0.8604854 -0.132101 0.4446271 0.8859211 -0.1052733 0.494017 0.8630555 0.1142509 0.4875 0.8656157 0.1805427 0.3435527 0.921616 0.3259611 0.9028951 0.280232 -0.1099296 -0.8215718 -0.5594062 -0.1117205 -0.5992189 0.7927518 -0.02108365 -0.426036 -0.9044606 0.03524976 -0.4295818 -0.9023398 0.08987784 -0.7615551 -0.641838 0.2221187 -0.7342974 -0.6414597 0.1239538 -0.6740201 0.7282394 -0.9807732 -0.1834983 0.06642502 -0.9717494 -0.17564 0.157651 0.02814632 -0.4092445 0.9119906 0.9132853 -0.1563137 0.3761329 -0.9762194 -0.1390028 -0.1663545 -0.01521348 -0.4082347 0.9127503 0.8861931 -0.1339149 0.4435411 -0.9091718 -0.1138466 -0.4005565 -0.1744555 -0.368416 0.9131457 0.9861545 -0.1608487 -0.04033756 -0.8915668 -0.1058531 -0.440345 -0.3352662 -0.3819533 0.8612249 0.974158 -0.1685386 -0.1503698 -0.1060953 -0.1309613 -0.9856941 -0.9300484 -0.1133026 -0.3495323 -0.2190789 -0.1531688 -0.9636098 0.9745329 -0.18063 -0.132886 -0.1421512 -0.1314614 -0.9810765 -0.952483 -0.2183018 -0.2124158 0.7551547 -0.2097967 -0.621069 0.9831591 -0.1805864 0.02805167 -0.08093994 -0.1337891 -0.9876989 -0.9702145 -0.1890039 0.1515302 0.1471851 -0.4160181 0.8973659 0.9091566 -0.2805392 0.3077859 0.01127171 -0.1412622 -0.989908 0.9715821 0.0135259 0.2363163 -0.05056375 0.01691782 0.9985776 -0.9848889 0.002647578 -0.1731671 0.8471287 -0.01838529 0.5310696 0.007422268 0.0133059 0.999884 -0.9912126 0.002293884 0.1322588 0.9084264 -0.1927729 0.3709452 -0.02813208 0.00741446 0.9995768 -0.9191375 0.00356996 0.3939208 -0.9872397 0.007754385 0.1590525 0.003006279 0.05992823 -0.9981982 0.8919997 -0.01453006 0.4518027 0.1083329 -0.001898348 0.9941129 -0.9371477 -0.3132519 0.1537129 -0.07725304 0.06378459 -0.9949691 0.9626014 -0.05006301 0.2662558 0.7683243 -0.1389849 -0.6247887 -0.9707099 -0.23997 -0.01169884 -0.1476595 0.02571725 -0.9887039 0.9837908 -0.02399039 0.1777082 -0.2096479 -0.02432352 -0.9774743 -0.9546737 0.002551198 -0.2976436 -0.09791541 -0.009938657 -0.9951452 0.9817044 0.01526063 0.1897991 -0.1875985 0.0233556 0.9819682 -0.9517748 -0.003006815 -0.306783 -0.02596563 -0.4044227 0.9142036 0.9238148 -0.01436477 0.38257 -0.9780784 -0.02564293 0.2066522 0.02547878 -0.2532713 0.9670598 0.8580451 -0.01636469 0.5133137 -0.9888932 0.006659626 -0.1484794 -0.02389222 -0.2515611 0.9675465 0.9795637 -0.01722627 0.2003955 -0.9566936 0.01285952 -0.2908126 -0.197609 -0.09468871 0.9756971 -0.1056394 0.01982754 -0.9942069 -0.227098 0.02036052 -0.973659 0.9809225 -0.04079324 0.1900713 -0.1475245 0.02004462 -0.9888553 -0.9756164 0.01163339 -0.2191745 0.7480782 0.006991207 -0.6635739 0.9470167 -0.1052145 0.3034624 -0.07844799 0.01966834 -0.9967242 -0.9910153 0.005000412 0.1336557 0.09947413 -0.264362 0.9592797 0.8278262 -0.3118422 0.4663243 0.003756642 0.01910048 -0.9998105 -0.9497504 -0.2103958 0.2317495 -0.8790551 -0.1020901 0.4656605 -0.049313 -0.6945697 -0.7177333 -0.2265124 0 -0.9740083 -0.2511816 -0.6799744 0.6888706 -0.2363715 -0.8370493 -0.4934339 -0.181353 -0.7053337 -0.685285 0.8528106 0 0.5222206 -0.5075265 -0.85269 0.1238417 0.1434946 -0.9867277 -0.07601267 0.5791693 -0.5303788 -0.619081 0.004658162 0 -0.9999892 0.6033272 -0.7214502 0.3398617 0.009693443 -0.9999482 0.003106772 -0.4389989 -0.6750999 -0.5928913 0.923836 0 0.3827887 -0.07887154 0 -0.9968849 -0.03800207 0 -0.9992777 -0.1470084 0 -0.9891353 0.03800207 0 0.9992777 -0.1058371 0 -0.9943835 -0.005111932 0 -0.999987 -0.990957 0 0.1341807 -0.9756994 0 -0.2191136 -0.09984499 -0.4307706 -0.8969213 0.8440437 -0.2735317 -0.4612708 -0.6172752 -0.33761 -0.7106271 0.03052073 -0.9950118 -0.09497523 0.04843598 -0.7200888 -0.6921893 0.03111571 -0.4939998 -0.8689051 0.07751619 -0.1845822 0.9797554 0.1445005 -0.1839261 0.9722607 0.1043174 -0.168851 0.9801058 0 -1 0 -0.01374846 -0.4950941 -0.8687307 -0.003153741 -0.734217 -0.6789076 0.01264303 -0.9955049 -0.09386307 -0.07359385 -0.5219388 -0.8498023 -0.06051617 -0.7326936 -0.6778628 -0.03051811 -0.9965416 -0.07728886 0.973131 -0.1722633 -0.1527795 0.9819909 -0.1369206 0.130179 0.9942995 -0.103865 -0.02409756 -0.7677412 -0.2807865 -0.5759624 -0.8195232 -0.3051556 -0.4850381 -0.835471 -0.4267921 -0.3461747 0.005111932 0 0.999987 0.9736701 -1.20351e-7 0.2279623 0.7488775 -1.23058e-7 -0.6627086 -0.9515107 0 -0.3076161</float_array>
          <technique_common>
            <accessor source="#Plane_006-mesh-normals-array" count="745" stride="3">
              <param name="X" type="float"/>
              <param name="Y" type="float"/>
              <param name="Z" type="float"/>
            </accessor>
          </technique_common>
        </source>
        <source id="Plane_006-mesh-map-0">
          <float_array id="Plane_006-mesh-map-0-array" count="2472">0.4636275 0.5357401 0.4656274 0.5369901 0.4636275 0.5369901 0.4576275 0.5357401 0.4556275 0.5369901 0.4556275 0.5357401 0.4576275 0.5357401 0.4596275 0.5369901 0.4576274 0.5369901 0.4596275 0.5357401 0.4616274 0.5369901 0.4596275 0.5369901 0.4616274 0.5357401 0.4636275 0.5369901 0.4616274 0.5369901 0.4636275 0.5269901 0.4616274 0.5282402 0.4616274 0.5269901 0.4636275 0.5282402 0.4616274 0.5294901 0.4616274 0.5282402 0.4636275 0.5294901 0.4616274 0.5307402 0.4616274 0.5294901 0.4636275 0.5307402 0.4616274 0.5319901 0.4616274 0.5307402 0.4636275 0.5319901 0.4616274 0.5332401 0.4616274 0.5319901 0.4636275 0.5332401 0.4616274 0.5344901 0.4616274 0.5332401 0.4636275 0.5344901 0.4616274 0.5357401 0.4616274 0.5344901 0.4616274 0.5269901 0.4596275 0.5282402 0.4596275 0.5269901 0.6171176 0.5257794 0.6191176 0.5270293 0.6171176 0.5270293 0.4596275 0.5294901 0.4616274 0.5307402 0.4596275 0.5307402 0.4596275 0.5307402 0.4616274 0.5319901 0.4596275 0.5319901 0.4616274 0.5319901 0.4596275 0.5332401 0.4596275 0.5319901 0.4616274 0.5332401 0.4596275 0.5344901 0.4596275 0.5332401 0.4616274 0.5344901 0.4596275 0.5357401 0.4596275 0.5344901 0.4576274 0.5269901 0.4596275 0.5282402 0.4576274 0.5282402 0.6151176 0.5257794 0.6171176 0.5270293 0.6151176 0.5270293 0.4576274 0.5294901 0.4596275 0.5307402 0.4576274 0.5307402 0.4576274 0.5307402 0.4596275 0.5319901 0.4576275 0.5319901 0.4576275 0.5319901 0.4596275 0.5332401 0.4576274 0.5332401 0.4596275 0.5332401 0.4576275 0.5344901 0.4576274 0.5332401 0.4576275 0.5344901 0.4596275 0.5357401 0.4576275 0.5357401 0.4556275 0.5269901 0.4576274 0.5282402 0.4556275 0.5282402 0.4556275 0.5282402 0.4576274 0.5294901 0.4556275 0.5294901 0.4576274 0.5294901 0.4556275 0.5307402 0.4556275 0.5294901 0.4576274 0.5307402 0.4556275 0.5319901 0.4556275 0.5307402 0.4576275 0.5319901 0.4556275 0.5332401 0.4556275 0.5319901 0.4576274 0.5332401 0.4556275 0.5344901 0.4556275 0.5332401 0.4556275 0.5344901 0.4576275 0.5357401 0.4556275 0.5357401 0.4656274 0.5269901 0.4636275 0.5282402 0.4636275 0.5269901 0.4656274 0.5282402 0.4636275 0.5294901 0.4636275 0.5282402 0.4656274 0.5294901 0.4636275 0.5307402 0.4636275 0.5294901 0.4656274 0.5307402 0.4636275 0.5319901 0.4636275 0.5307402 0.4656274 0.5319901 0.4636275 0.5332401 0.4636275 0.5319901 0.4656274 0.5332401 0.4636275 0.5344901 0.4636275 0.5332401 0.4656274 0.5344901 0.4636275 0.5357401 0.4636275 0.5344901 0.7746077 0.8592155 0.7766077 0.8604654 0.7766077 0.8592155 0.7746077 0.8592155 0.7766077 0.8579655 0.7746077 0.8579655 0.5777451 0.8567939 0.5797451 0.8580439 0.5797451 0.8567939 0.5797451 0.8580439 0.5817451 0.8567939 0.5797451 0.8567939 0.5837451 0.8605439 0.5837451 0.8617939 0.5837451 0.8605439 0.5837451 0.8567939 0.5837451 0.8580439 0.5837451 0.8580439 0.7766077 0.8617154 0.7786077 0.8604654 0.7766077 0.8604654 0.7766077 0.8604654 0.7786077 0.8592155 0.7766077 0.8592155 0.7766077 0.8592155 0.7786077 0.8579655 0.7766077 0.8579655 0.5837451 0.8630439 0.5817451 0.8630439 0.5837451 0.8630439 0.5797451 0.8580439 0.5817451 0.8580439 0.5797451 0.8580439 0.5737451 0.8630439 0.5737451 0.8617939 0.5737451 0.8630439 0.5777451 0.8580439 0.5797451 0.8580439 0.5777451 0.8580439 0.5817451 0.8630439 0.5797451 0.8630439 0.5817451 0.8630439 0.6131176 0.5257794 0.6131176 0.5245293 0.6131176 0.5257794 0.6131176 0.5270293 0.6131176 0.5257794 0.6131176 0.5270293 0.6191176 0.5245293 0.6211176 0.5245293 0.6211176 0.5245293 0.6231176 0.5320293 0.6231176 0.5332794 0.6231176 0.5332794 0.6131176 0.5282794 0.6131176 0.5270293 0.6131176 0.5282794 0.6171176 0.5245293 0.6191176 0.5245293 0.6171176 0.5245293 0.6231176 0.5307794 0.6231176 0.5320293 0.6231176 0.5320293 0.6131176 0.5295293 0.6131176 0.5282794 0.6131176 0.5295293 0.6151176 0.5245293 0.6171176 0.5245293 0.6151176 0.5245293 0.6231176 0.5295293 0.6231176 0.5307794 0.6231176 0.5307794 0.6131176 0.5307794 0.6131176 0.5295293 0.6131176 0.5307794 0.6131176 0.5245293 0.6151176 0.5245293 0.6131176 0.5245293 0.6231176 0.5282794 0.6231176 0.5295293 0.6231176 0.5295293 0.6171176 0.5345293 0.6151176 0.5345293 0.6151176 0.5345293 0.6131176 0.5320293 0.6131176 0.5307794 0.6131176 0.5320293 0.6151176 0.5345293 0.6131176 0.5345293 0.6131176 0.5345293 0.6231176 0.5270293 0.6231176 0.5282794 0.6231176 0.5282794 0.6191176 0.5345293 0.6171176 0.5345293 0.6191176 0.5345293 0.6131176 0.5332794 0.6131176 0.5320293 0.6131176 0.5320293 0.6231176 0.5332794 0.6231176 0.5345293 0.6231176 0.5332794 0.6231176 0.5257794 0.6231176 0.5270293 0.6231176 0.5270293 0.6211176 0.5345293 0.6191176 0.5345293 0.6211176 0.5345293 0.6131176 0.5345293 0.6131176 0.5332794 0.6131176 0.5345293 0.6211176 0.5245293 0.6231176 0.5245293 0.6231176 0.5245293 0.6231176 0.5245293 0.6231176 0.5257794 0.6231176 0.5257794 0.6231176 0.5345293 0.6211176 0.5345293 0.6231176 0.5345293 0.6231176 0.5295293 0.6231176 0.5307794 0.6231176 0.5307794 0.6151176 0.5245293 0.6171176 0.5245293 0.6151176 0.5245293 0.6131176 0.5295293 0.6131176 0.5282794 0.6131176 0.5295293 0.6231176 0.5307794 0.6231176 0.5320293 0.6231176 0.5320293 0.6171176 0.5245293 0.6191176 0.5245293 0.6191176 0.5245293 0.6131176 0.5282794 0.6131176 0.5270293 0.6131176 0.5282794 0.6231176 0.5320293 0.6231176 0.5332794 0.6231176 0.5332794 0.6191176 0.5245293 0.6211176 0.5245293 0.6211176 0.5245293 0.6131176 0.5270293 0.6131176 0.5257794 0.6131176 0.5270293 0.6131176 0.5257794 0.6131176 0.5245293 0.6131176 0.5257794 0.6231176 0.5345293 0.6211176 0.5345293 0.6231176 0.5345293 0.6231176 0.5245293 0.6231176 0.5257794 0.6231176 0.5257794 0.6211176 0.5245293 0.6231176 0.5245293 0.6231176 0.5245293 0.6131176 0.5345293 0.6131176 0.5332794 0.6131176 0.5332794 0.6211176 0.5345293 0.6191176 0.5345293 0.6211176 0.5345293 0.6231176 0.5257794 0.6231176 0.5270293 0.6231176 0.5270293 0.6231176 0.5332794 0.6231176 0.5345293 0.6231176 0.5345293 0.6131176 0.5332794 0.6131176 0.5320293 0.6131176 0.5320293 0.6191176 0.5345293 0.6171176 0.5345293 0.6191176 0.5345293 0.6231176 0.5270293 0.6231176 0.5282794 0.6231176 0.5282794 0.6151176 0.5345293 0.6131176 0.5345293 0.6131176 0.5345293 0.6131176 0.5320293 0.6131176 0.5307794 0.6131176 0.5320293 0.6171176 0.5345293 0.6151176 0.5345293 0.6171176 0.5345293 0.6231176 0.5282794 0.6231176 0.5295293 0.6231176 0.5295293 0.6131176 0.5245293 0.6151176 0.5245293 0.6131176 0.5245293 0.6131176 0.5307794 0.6131176 0.5295293 0.6131176 0.5307794 0.7766077 0.8579655 0.7786077 0.8579655 0.7786077 0.8579655 0.5837451 0.8605439 0.5837451 0.8617939 0.5837451 0.8605439 0.7706077 0.8617154 0.7706077 0.8604654 0.7706077 0.8617154 0.7746077 0.8579655 0.7766077 0.8579655 0.7766077 0.8579655 0.5837451 0.8592939 0.5837451 0.8605439 0.5837451 0.8605439 0.5737451 0.8580439 0.5737451 0.8567939 0.5737451 0.8580439 0.7726077 0.8579655 0.7746077 0.8579655 0.7726077 0.8579655 0.5837451 0.8580439 0.5837451 0.8592939 0.5837451 0.8592939 0.5737451 0.8592939 0.5737451 0.8580439 0.5737451 0.8592939 0.7706077 0.8579655 0.7726077 0.8579655 0.7706077 0.8579655 0.5837451 0.8567939 0.5837451 0.8580439 0.5837451 0.8580439 0.5777451 0.8630439 0.5757451 0.8630439 0.5757451 0.8630439 0.5737451 0.8605439 0.5737451 0.8592939 0.5737451 0.8605439 0.5757451 0.8630439 0.5737451 0.8630439 0.5757451 0.8630439 0.7806077 0.8604654 0.7806077 0.8617154 0.7806077 0.8617154 0.5797451 0.8630439 0.5777451 0.8630439 0.5797451 0.8630439 0.5737451 0.8617939 0.5737451 0.8605439 0.5737451 0.8605439 0.5837451 0.8617939 0.5837451 0.8630439 0.5837451 0.8617939 0.7806077 0.8592155 0.7806077 0.8604654 0.7806077 0.8604654 0.5817451 0.8630439 0.5797451 0.8630439 0.5797451 0.8630439 0.5737451 0.8630439 0.5737451 0.8617939 0.5737451 0.8617939 0.7786077 0.8579655 0.7806077 0.8579655 0.7806077 0.8579655 0.7806077 0.8579655 0.7806077 0.8592155 0.7806077 0.8592155 0.5837451 0.8630439 0.5817451 0.8630439 0.5837451 0.8630439 0.7706077 0.8592155 0.7706077 0.8579655 0.7706077 0.8592155 0.7706077 0.8604654 0.7706077 0.8592155 0.7706077 0.8604654 0.7746077 0.8604654 0.7766077 0.8617154 0.7766077 0.8604654 0.5757451 0.8630439 0.5737451 0.8630439 0.5757451 0.8630439 0.5757451 0.8580439 0.5777451 0.8580439 0.5757451 0.8580439 0.5837451 0.8617939 0.5837451 0.8630439 0.5837451 0.8617939 0.5737451 0.8580439 0.5757451 0.8580439 0.5737451 0.8580439 0.7726077 0.8592155 0.7746077 0.8579655 0.7726077 0.8579655 0.7726077 0.8592155 0.7746077 0.8604654 0.7746077 0.8592155 0.7726077 0.8604654 0.7746077 0.8617154 0.7746077 0.8604654 0.5837451 0.8592939 0.5837451 0.8605439 0.5837451 0.8605439 0.5737451 0.8617939 0.5737451 0.8605439 0.5737451 0.8617939 0.5817451 0.8580439 0.5837451 0.8580439 0.5817451 0.8580439 0.5797451 0.8630439 0.5777451 0.8630439 0.5797451 0.8630439 0.7706077 0.8579655 0.7726077 0.8592155 0.7726077 0.8579655 0.7706077 0.8592155 0.7726077 0.8604654 0.7726077 0.8592155 0.7706077 0.8617154 0.7726077 0.8604654 0.7706077 0.8604654 0.5837451 0.8630439 0.5817451 0.8630439 0.5837451 0.8630439 0.5757451 0.8630439 0.5737451 0.8630439 0.5757451 0.8630439 0.5737451 0.8605439 0.5737451 0.8592939 0.5737451 0.8605439 0.5777451 0.8630439 0.5757451 0.8630439 0.5777451 0.8630439 0.7786077 0.8592155 0.7806077 0.8579655 0.7786077 0.8579655 0.7786077 0.8604654 0.7806077 0.8592155 0.7786077 0.8592155 0.7786077 0.8604654 0.7806077 0.8617154 0.7806077 0.8604654 0.5837451 0.8605439 0.5837451 0.8617939 0.5837451 0.8617939 0.5737451 0.8592939 0.5737451 0.8580439 0.5737451 0.8592939 0.5837451 0.8580439 0.5837451 0.8592939 0.5837451 0.8580439 0.5837451 0.8592939 0.5837451 0.8605439 0.5837451 0.8592939 0.5817451 0.8630439 0.5797451 0.8630439 0.5797451 0.8630439 0.5757451 0.8580439 0.5737451 0.8580439 0.5757451 0.8580439 0.5797451 0.8580439 0.5817451 0.8580439 0.5797451 0.8580439 0.5797451 0.8580439 0.5777451 0.8580439 0.5797451 0.8580439 0.5797451 0.8630439 0.5777451 0.8630439 0.5797451 0.8630439 0.6131176 0.5282794 0.6151176 0.5282794 0.6131176 0.5282794 0.6171176 0.5282794 0.6191176 0.5282794 0.6171176 0.5282794 0.5737451 0.8580439 0.5757451 0.8580439 0.5757451 0.8580439 0.5777451 0.8630439 0.5757451 0.8630439 0.5757451 0.8630439 0.5737451 0.8580439 0.5737451 0.8567939 0.5737451 0.8580439 0.5757451 0.8580439 0.5777451 0.8580439 0.5757451 0.8580439 0.5837451 0.8580439 0.5817451 0.8580439 0.5817451 0.8580439 0.5737451 0.8630439 0.5737451 0.8617939 0.5737451 0.8617939 0.5777451 0.8580439 0.5757451 0.8580439 0.5777451 0.8580439 0.6211176 0.5282794 0.6231176 0.5282794 0.6211176 0.5282794 0.5817451 0.8580439 0.5797451 0.8580439 0.5817451 0.8580439 0.5737451 0.8617939 0.5737451 0.8605439 0.5737451 0.8605439 0.6151176 0.5282794 0.6171176 0.5282794 0.6151176 0.5282794 0.6191176 0.5282794 0.6211176 0.5282794 0.6191176 0.5282794 0.5737451 0.8605439 0.5737451 0.8592939 0.5737451 0.8605439 0.5757451 0.8567939 0.5777451 0.8580439 0.5777451 0.8567939 0.5737451 0.8580439 0.5757451 0.8567939 0.5737451 0.8567939 0.5817451 0.8567939 0.5837451 0.8580439 0.5837451 0.8567939 0.5797451 0.8605439 0.5817451 0.8617939 0.5817451 0.8605439 0.5797451 0.8605439 0.5817451 0.8592939 0.5797451 0.8592939 0.5797451 0.8592939 0.5817451 0.8580439 0.5797451 0.8580439 0.5797451 0.8617939 0.5817451 0.8630439 0.5817451 0.8617939 0.5777451 0.8630439 0.5797451 0.8617939 0.5777451 0.8617939 0.5757451 0.8630439 0.5777451 0.8617939 0.5757451 0.8617939 0.5737451 0.8617939 0.5757451 0.8630439 0.5757451 0.8617939 0.5817451 0.8630439 0.5837451 0.8617939 0.5817451 0.8617939 0.5777451 0.8580439 0.5797451 0.8592939 0.5797451 0.8580439 0.5777451 0.8592939 0.5797451 0.8605439 0.5797451 0.8592939 0.5777451 0.8617939 0.5797451 0.8605439 0.5777451 0.8605439 0.5757451 0.8580439 0.5777451 0.8592939 0.5777451 0.8580439 0.5757451 0.8605439 0.5777451 0.8592939 0.5757451 0.8592939 0.5757451 0.8617939 0.5777451 0.8605439 0.5757451 0.8605439 0.5737451 0.8592939 0.5757451 0.8580439 0.5737451 0.8580439 0.5737451 0.8605439 0.5757451 0.8592939 0.5737451 0.8592939 0.5737451 0.8617939 0.5757451 0.8605439 0.5737451 0.8605439 0.5817451 0.8580439 0.5837451 0.8592939 0.5837451 0.8580439 0.5817451 0.8592939 0.5837451 0.8605439 0.5837451 0.8592939 0.5817451 0.8617939 0.5837451 0.8605439 0.5817451 0.8605439 0.5817451 0.8580439 0.5837451 0.8580439 0.5817451 0.8580439 0.5837451 0.8580439 0.5837451 0.8592939 0.5837451 0.8592939 0.5837451 0.8617939 0.5837451 0.8630439 0.5837451 0.8617939 0.5737451 0.8592939 0.5737451 0.8580439 0.5737451 0.8592939 0.5777451 0.8580439 0.5797451 0.8580439 0.5777451 0.8580439 0.4636275 0.5357401 0.4656274 0.5357401 0.4656274 0.5369901 0.4576275 0.5357401 0.4576274 0.5369901 0.4556275 0.5369901 0.4576275 0.5357401 0.4596275 0.5357401 0.4596275 0.5369901 0.4596275 0.5357401 0.4616274 0.5357401 0.4616274 0.5369901 0.4616274 0.5357401 0.4636275 0.5357401 0.4636275 0.5369901 0.4636275 0.5269901 0.4636275 0.5282402 0.4616274 0.5282402 0.4636275 0.5282402 0.4636275 0.5294901 0.4616274 0.5294901 0.4636275 0.5294901 0.4636275 0.5307402 0.4616274 0.5307402 0.4636275 0.5307402 0.4636275 0.5319901 0.4616274 0.5319901 0.4636275 0.5319901 0.4636275 0.5332401 0.4616274 0.5332401 0.4636275 0.5332401 0.4636275 0.5344901 0.4616274 0.5344901 0.4636275 0.5344901 0.4636275 0.5357401 0.4616274 0.5357401 0.4616274 0.5269901 0.4616274 0.5282402 0.4596275 0.5282402 0.6171176 0.5257794 0.6191176 0.5257794 0.6191176 0.5270293 0.4596275 0.5294901 0.4616274 0.5294901 0.4616274 0.5307402 0.4596275 0.5307402 0.4616274 0.5307402 0.4616274 0.5319901 0.4616274 0.5319901 0.4616274 0.5332401 0.4596275 0.5332401 0.4616274 0.5332401 0.4616274 0.5344901 0.4596275 0.5344901 0.4616274 0.5344901 0.4616274 0.5357401 0.4596275 0.5357401 0.4576274 0.5269901 0.4596275 0.5269901 0.4596275 0.5282402 0.6151176 0.5257794 0.6171176 0.5257794 0.6171176 0.5270293 0.4576274 0.5294901 0.4596275 0.5294901 0.4596275 0.5307402 0.4576274 0.5307402 0.4596275 0.5307402 0.4596275 0.5319901 0.4576275 0.5319901 0.4596275 0.5319901 0.4596275 0.5332401 0.4596275 0.5332401 0.4596275 0.5344901 0.4576275 0.5344901 0.4576275 0.5344901 0.4596275 0.5344901 0.4596275 0.5357401 0.4556275 0.5269901 0.4576274 0.5269901 0.4576274 0.5282402 0.4556275 0.5282402 0.4576274 0.5282402 0.4576274 0.5294901 0.4576274 0.5294901 0.4576274 0.5307402 0.4556275 0.5307402 0.4576274 0.5307402 0.4576275 0.5319901 0.4556275 0.5319901 0.4576275 0.5319901 0.4576274 0.5332401 0.4556275 0.5332401 0.4576274 0.5332401 0.4576275 0.5344901 0.4556275 0.5344901 0.4556275 0.5344901 0.4576275 0.5344901 0.4576275 0.5357401 0.4656274 0.5269901 0.4656274 0.5282402 0.4636275 0.5282402 0.4656274 0.5282402 0.4656274 0.5294901 0.4636275 0.5294901 0.4656274 0.5294901 0.4656274 0.5307402 0.4636275 0.5307402 0.4656274 0.5307402 0.4656274 0.5319901 0.4636275 0.5319901 0.4656274 0.5319901 0.4656274 0.5332401 0.4636275 0.5332401 0.4656274 0.5332401 0.4656274 0.5344901 0.4636275 0.5344901 0.4656274 0.5344901 0.4656274 0.5357401 0.4636275 0.5357401 0.7746077 0.8592155 0.7746077 0.8604654 0.7766077 0.8604654 0.7746077 0.8592155 0.7766077 0.8592155 0.7766077 0.8579655 0.5777451 0.8567939 0.5777451 0.8580439 0.5797451 0.8580439 0.5797451 0.8580439 0.5817451 0.8580439 0.5817451 0.8567939 0.5837451 0.8605439 0.5837451 0.8617939 0.5837451 0.8617939 0.5837451 0.8567939 0.5837451 0.8567939 0.5837451 0.8580439 0.7766077 0.8617154 0.7786077 0.8617154 0.7786077 0.8604654 0.7766077 0.8604654 0.7786077 0.8604654 0.7786077 0.8592155 0.7766077 0.8592155 0.7786077 0.8592155 0.7786077 0.8579655 0.5837451 0.8630439 0.5817451 0.8630439 0.5817451 0.8630439 0.5797451 0.8580439 0.5817451 0.8580439 0.5817451 0.8580439 0.5737451 0.8630439 0.5737451 0.8617939 0.5737451 0.8617939 0.5777451 0.8580439 0.5797451 0.8580439 0.5797451 0.8580439 0.5817451 0.8630439 0.5797451 0.8630439 0.5797451 0.8630439 0.6131176 0.5257794 0.6131176 0.5245293 0.6131176 0.5245293 0.6131176 0.5270293 0.6131176 0.5257794 0.6131176 0.5257794 0.6191176 0.5245293 0.6191176 0.5245293 0.6211176 0.5245293 0.6231176 0.5320293 0.6231176 0.5320293 0.6231176 0.5332794 0.6131176 0.5282794 0.6131176 0.5270293 0.6131176 0.5270293 0.6171176 0.5245293 0.6191176 0.5245293 0.6191176 0.5245293 0.6231176 0.5307794 0.6231176 0.5307794 0.6231176 0.5320293 0.6131176 0.5295293 0.6131176 0.5282794 0.6131176 0.5282794 0.6151176 0.5245293 0.6171176 0.5245293 0.6171176 0.5245293 0.6231176 0.5295293 0.6231176 0.5295293 0.6231176 0.5307794 0.6131176 0.5307794 0.6131176 0.5295293 0.6131176 0.5295293 0.6131176 0.5245293 0.6151176 0.5245293 0.6151176 0.5245293 0.6231176 0.5282794 0.6231176 0.5282794 0.6231176 0.5295293 0.6171176 0.5345293 0.6171176 0.5345293 0.6151176 0.5345293 0.6131176 0.5320293 0.6131176 0.5307794 0.6131176 0.5307794 0.6151176 0.5345293 0.6151176 0.5345293 0.6131176 0.5345293 0.6231176 0.5270293 0.6231176 0.5270293 0.6231176 0.5282794 0.6191176 0.5345293 0.6171176 0.5345293 0.6171176 0.5345293 0.6131176 0.5332794 0.6131176 0.5332794 0.6131176 0.5320293 0.6231176 0.5332794 0.6231176 0.5345293 0.6231176 0.5345293 0.6231176 0.5257794 0.6231176 0.5257794 0.6231176 0.5270293 0.6211176 0.5345293 0.6191176 0.5345293 0.6191176 0.5345293 0.6131176 0.5345293 0.6131176 0.5332794 0.6131176 0.5332794 0.6211176 0.5245293 0.6211176 0.5245293 0.6231176 0.5245293 0.6231176 0.5245293 0.6231176 0.5245293 0.6231176 0.5257794 0.6231176 0.5345293 0.6211176 0.5345293 0.6211176 0.5345293 0.6231176 0.5295293 0.6231176 0.5295293 0.6231176 0.5307794 0.6151176 0.5245293 0.6171176 0.5245293 0.6171176 0.5245293 0.6131176 0.5295293 0.6131176 0.5282794 0.6131176 0.5282794 0.6231176 0.5307794 0.6231176 0.5307794 0.6231176 0.5320293 0.6171176 0.5245293 0.6171176 0.5245293 0.6191176 0.5245293 0.6131176 0.5282794 0.6131176 0.5270293 0.6131176 0.5270293 0.6231176 0.5320293 0.6231176 0.5320293 0.6231176 0.5332794 0.6191176 0.5245293 0.6191176 0.5245293 0.6211176 0.5245293 0.6131176 0.5270293 0.6131176 0.5257794 0.6131176 0.5257794 0.6131176 0.5257794 0.6131176 0.5245293 0.6131176 0.5245293 0.6231176 0.5345293 0.6211176 0.5345293 0.6211176 0.5345293 0.6231176 0.5245293 0.6231176 0.5245293 0.6231176 0.5257794 0.6211176 0.5245293 0.6211176 0.5245293 0.6231176 0.5245293 0.6131176 0.5345293 0.6131176 0.5345293 0.6131176 0.5332794 0.6211176 0.5345293 0.6191176 0.5345293 0.6191176 0.5345293 0.6231176 0.5257794 0.6231176 0.5257794 0.6231176 0.5270293 0.6231176 0.5332794 0.6231176 0.5332794 0.6231176 0.5345293 0.6131176 0.5332794 0.6131176 0.5332794 0.6131176 0.5320293 0.6191176 0.5345293 0.6171176 0.5345293 0.6171176 0.5345293 0.6231176 0.5270293 0.6231176 0.5270293 0.6231176 0.5282794 0.6151176 0.5345293 0.6151176 0.5345293 0.6131176 0.5345293 0.6131176 0.5320293 0.6131176 0.5307794 0.6131176 0.5307794 0.6171176 0.5345293 0.6151176 0.5345293 0.6151176 0.5345293 0.6231176 0.5282794 0.6231176 0.5282794 0.6231176 0.5295293 0.6131176 0.5245293 0.6151176 0.5245293 0.6151176 0.5245293 0.6131176 0.5307794 0.6131176 0.5295293 0.6131176 0.5295293 0.7766077 0.8579655 0.7766077 0.8579655 0.7786077 0.8579655 0.5837451 0.8605439 0.5837451 0.8617939 0.5837451 0.8617939 0.7706077 0.8617154 0.7706077 0.8604654 0.7706077 0.8604654 0.7746077 0.8579655 0.7746077 0.8579655 0.7766077 0.8579655 0.5837451 0.8592939 0.5837451 0.8592939 0.5837451 0.8605439 0.5737451 0.8580439 0.5737451 0.8567939 0.5737451 0.8567939 0.7726077 0.8579655 0.7746077 0.8579655 0.7746077 0.8579655 0.5837451 0.8580439 0.5837451 0.8580439 0.5837451 0.8592939 0.5737451 0.8592939 0.5737451 0.8580439 0.5737451 0.8580439 0.7706077 0.8579655 0.7726077 0.8579655 0.7726077 0.8579655 0.5837451 0.8567939 0.5837451 0.8567939 0.5837451 0.8580439 0.5777451 0.8630439 0.5777451 0.8630439 0.5757451 0.8630439 0.5737451 0.8605439 0.5737451 0.8592939 0.5737451 0.8592939 0.5757451 0.8630439 0.5737451 0.8630439 0.5737451 0.8630439 0.7806077 0.8604654 0.7806077 0.8604654 0.7806077 0.8617154 0.5797451 0.8630439 0.5777451 0.8630439 0.5777451 0.8630439 0.5737451 0.8617939 0.5737451 0.8617939 0.5737451 0.8605439 0.5837451 0.8617939 0.5837451 0.8630439 0.5837451 0.8630439 0.7806077 0.8592155 0.7806077 0.8592155 0.7806077 0.8604654 0.5817451 0.8630439 0.5817451 0.8630439 0.5797451 0.8630439 0.5737451 0.8630439 0.5737451 0.8630439 0.5737451 0.8617939 0.7786077 0.8579655 0.7786077 0.8579655 0.7806077 0.8579655 0.7806077 0.8579655 0.7806077 0.8579655 0.7806077 0.8592155 0.5837451 0.8630439 0.5817451 0.8630439 0.5817451 0.8630439 0.7706077 0.8592155 0.7706077 0.8579655 0.7706077 0.8579655 0.7706077 0.8604654 0.7706077 0.8592155 0.7706077 0.8592155 0.7746077 0.8604654 0.7746077 0.8617154 0.7766077 0.8617154 0.5757451 0.8630439 0.5737451 0.8630439 0.5737451 0.8630439 0.5757451 0.8580439 0.5777451 0.8580439 0.5777451 0.8580439 0.5837451 0.8617939 0.5837451 0.8630439 0.5837451 0.8630439 0.5737451 0.8580439 0.5757451 0.8580439 0.5757451 0.8580439 0.7726077 0.8592155 0.7746077 0.8592155 0.7746077 0.8579655 0.7726077 0.8592155 0.7726077 0.8604654 0.7746077 0.8604654 0.7726077 0.8604654 0.7726077 0.8617154 0.7746077 0.8617154 0.5837451 0.8592939 0.5837451 0.8592939 0.5837451 0.8605439 0.5737451 0.8617939 0.5737451 0.8605439 0.5737451 0.8605439 0.5817451 0.8580439 0.5837451 0.8580439 0.5837451 0.8580439 0.5797451 0.8630439 0.5777451 0.8630439 0.5777451 0.8630439 0.7706077 0.8579655 0.7706077 0.8592155 0.7726077 0.8592155 0.7706077 0.8592155 0.7706077 0.8604654 0.7726077 0.8604654 0.7706077 0.8617154 0.7726077 0.8617154 0.7726077 0.8604654 0.5837451 0.8630439 0.5817451 0.8630439 0.5817451 0.8630439 0.5757451 0.8630439 0.5737451 0.8630439 0.5737451 0.8630439 0.5737451 0.8605439 0.5737451 0.8592939 0.5737451 0.8592939 0.5777451 0.8630439 0.5757451 0.8630439 0.5757451 0.8630439 0.7786077 0.8592155 0.7806077 0.8592155 0.7806077 0.8579655 0.7786077 0.8604654 0.7806077 0.8604654 0.7806077 0.8592155 0.7786077 0.8604654 0.7786077 0.8617154 0.7806077 0.8617154 0.5837451 0.8605439 0.5837451 0.8605439 0.5837451 0.8617939 0.5737451 0.8592939 0.5737451 0.8580439 0.5737451 0.8580439 0.5837451 0.8580439 0.5837451 0.8592939 0.5837451 0.8592939 0.5837451 0.8592939 0.5837451 0.8605439 0.5837451 0.8605439 0.5817451 0.8630439 0.5817451 0.8630439 0.5797451 0.8630439 0.5757451 0.8580439 0.5737451 0.8580439 0.5737451 0.8580439 0.5797451 0.8580439 0.5817451 0.8580439 0.5817451 0.8580439 0.5797451 0.8580439 0.5777451 0.8580439 0.5777451 0.8580439 0.5797451 0.8630439 0.5777451 0.8630439 0.5777451 0.8630439 0.6131176 0.5282794 0.6151176 0.5282794 0.6151176 0.5282794 0.6171176 0.5282794 0.6191176 0.5282794 0.6191176 0.5282794 0.5737451 0.8580439 0.5737451 0.8580439 0.5757451 0.8580439 0.5777451 0.8630439 0.5777451 0.8630439 0.5757451 0.8630439 0.5737451 0.8580439 0.5737451 0.8567939 0.5737451 0.8567939 0.5757451 0.8580439 0.5777451 0.8580439 0.5777451 0.8580439 0.5837451 0.8580439 0.5837451 0.8580439 0.5817451 0.8580439 0.5737451 0.8630439 0.5737451 0.8630439 0.5737451 0.8617939 0.5777451 0.8580439 0.5757451 0.8580439 0.5757451 0.8580439 0.6211176 0.5282794 0.6231176 0.5282794 0.6231176 0.5282794 0.5817451 0.8580439 0.5797451 0.8580439 0.5797451 0.8580439 0.5737451 0.8617939 0.5737451 0.8617939 0.5737451 0.8605439 0.6151176 0.5282794 0.6171176 0.5282794 0.6171176 0.5282794 0.6191176 0.5282794 0.6211176 0.5282794 0.6211176 0.5282794 0.5737451 0.8605439 0.5737451 0.8592939 0.5737451 0.8592939 0.5757451 0.8567939 0.5757451 0.8580439 0.5777451 0.8580439 0.5737451 0.8580439 0.5757451 0.8580439 0.5757451 0.8567939 0.5817451 0.8567939 0.5817451 0.8580439 0.5837451 0.8580439 0.5797451 0.8605439 0.5797451 0.8617939 0.5817451 0.8617939 0.5797451 0.8605439 0.5817451 0.8605439 0.5817451 0.8592939 0.5797451 0.8592939 0.5817451 0.8592939 0.5817451 0.8580439 0.5797451 0.8617939 0.5797451 0.8630439 0.5817451 0.8630439 0.5777451 0.8630439 0.5797451 0.8630439 0.5797451 0.8617939 0.5757451 0.8630439 0.5777451 0.8630439 0.5777451 0.8617939 0.5737451 0.8617939 0.5737451 0.8630439 0.5757451 0.8630439 0.5817451 0.8630439 0.5837451 0.8630439 0.5837451 0.8617939 0.5777451 0.8580439 0.5777451 0.8592939 0.5797451 0.8592939 0.5777451 0.8592939 0.5777451 0.8605439 0.5797451 0.8605439 0.5777451 0.8617939 0.5797451 0.8617939 0.5797451 0.8605439 0.5757451 0.8580439 0.5757451 0.8592939 0.5777451 0.8592939 0.5757451 0.8605439 0.5777451 0.8605439 0.5777451 0.8592939 0.5757451 0.8617939 0.5777451 0.8617939 0.5777451 0.8605439 0.5737451 0.8592939 0.5757451 0.8592939 0.5757451 0.8580439 0.5737451 0.8605439 0.5757451 0.8605439 0.5757451 0.8592939 0.5737451 0.8617939 0.5757451 0.8617939 0.5757451 0.8605439 0.5817451 0.8580439 0.5817451 0.8592939 0.5837451 0.8592939 0.5817451 0.8592939 0.5817451 0.8605439 0.5837451 0.8605439 0.5817451 0.8617939 0.5837451 0.8617939 0.5837451 0.8605439 0.5817451 0.8580439 0.5837451 0.8580439 0.5837451 0.8580439 0.5837451 0.8580439 0.5837451 0.8580439 0.5837451 0.8592939 0.5837451 0.8617939 0.5837451 0.8630439 0.5837451 0.8630439 0.5737451 0.8592939 0.5737451 0.8580439 0.5737451 0.8580439 0.5777451 0.8580439 0.5797451 0.8580439 0.5797451 0.8580439</float_array>
          <technique_common>
            <accessor source="#Plane_006-mesh-map-0-array" count="1236" stride="2">
              <param name="S" type="float"/>
              <param name="T" type="float"/>
            </accessor>
          </technique_common>
        </source>
        <vertices id="Plane_006-mesh-vertices">
          <input semantic="POSITION" source="#Plane_006-mesh-positions"/>
        </vertices>
        <triangles count="412">
          <input semantic="VERTEX" source="#Plane_006-mesh-vertices" offset="0"/>
          <input semantic="NORMAL" source="#Plane_006-mesh-normals" offset="1"/>
          <input semantic="TEXCOORD" source="#Plane_006-mesh-map-0" offset="2" set="0"/>
          <p>53 0 0 3 1 1 8 2 2 32 3 3 2 4 4 12 5 5 32 6 6 10 7 7 11 8 8 39 9 9 9 10 10 10 11 11 46 12 12 8 13 13 9 14 14 7 15 15 40 16 16 6 17 17 47 18 18 41 19 19 40 20 20 48 21 21 42 22 22 41 23 23 49 24 24 43 25 25 42 26 26 50 27 27 44 28 28 43 29 29 51 30 30 45 31 31 44 32 32 52 33 33 46 34 34 45 35 35 6 36 36 33 37 37 5 38 38 33 39 39 41 40 40 34 41 41 34 42 42 42 43 43 35 44 44 35 45 45 43 46 46 36 47 47 43 48 48 37 49 49 36 50 50 44 51 51 38 52 52 37 53 53 45 54 54 39 55 55 38 56 56 4 57 57 33 58 58 26 59 59 26 60 60 34 61 61 27 62 62 27 63 63 35 64 64 28 65 65 28 66 66 36 67 67 29 68 68 29 69 69 37 70 70 30 71 71 37 72 72 31 73 73 30 74 74 31 75 75 39 76 76 32 77 77 0 78 78 26 79 79 18 80 80 18 81 81 27 82 82 17 83 83 27 84 84 16 85 85 17 86 86 28 87 87 15 88 88 16 89 89 29 90 90 14 91 91 15 92 92 30 93 93 13 94 94 14 95 95 13 96 96 32 97 97 12 98 98 1 99 99 47 100 100 7 101 101 19 102 102 48 103 103 47 104 104 20 105 105 49 106 106 48 107 107 21 108 108 50 109 109 49 110 110 22 111 111 51 112 112 50 113 113 23 114 114 52 115 115 51 116 116 24 117 117 53 118 118 52 119 119 142 120 120 149 121 121 148 122 122 142 123 123 97 124 124 98 125 125 159 126 126 92 127 127 93 128 128 92 129 129 91 130 130 93 131 131 161 132 132 103 133 133 135 134 134 69 135 135 146 136 136 68 137 137 150 138 138 155 139 139 149 140 140 149 141 141 154 142 142 148 143 143 148 144 144 105 145 145 97 146 146 174 147 147 96 148 148 102 149 149 176 150 150 157 151 151 151 152 152 169 153 153 89 154 154 100 155 155 175 156 156 151 152 157 145 151 158 170 157 159 95 158 160 96 148 161 108 159 162 55 160 163 54 161 164 127 162 165 54 163 166 77 164 167 64 165 168 110 166 169 56 167 170 83 168 171 112 169 172 58 170 173 126 171 174 77 172 175 76 173 176 117 174 177 64 175 178 63 176 179 82 177 180 133 178 181 83 179 182 125 180 183 76 181 184 75 182 185 116 183 186 63 184 187 62 185 188 81 186 189 132 187 190 82 188 191 124 189 192 75 190 193 74 191 194 109 192 195 62 193 196 55 194 197 80 195 198 131 196 199 81 197 200 67 198 201 114 199 202 60 200 203 123 201 204 74 202 205 73 203 206 60 204 207 115 205 208 61 206 209 79 207 210 130 208 211 80 209 212 120 210 213 67 211 214 66 212 215 72 213 216 123 214 217 73 215 218 112 216 219 59 217 220 58 218 221 78 219 222 129 220 223 79 221 224 119 222 225 66 223 226 65 224 227 115 225 228 72 226 229 61 227 230 56 228 231 111 229 232 57 230 233 57 231 234 128 232 235 78 233 236 113 234 237 65 235 238 59 236 239 22 237 240 82 238 241 23 239 242 62 240 243 5 241 244 4 242 245 75 243 246 16 244 247 15 245 248 23 246 249 83 247 250 24 248 251 5 249 252 64 250 253 6 251 254 76 252 255 17 253 256 16 254 257 24 255 258 58 256 259 25 257 260 6 258 261 56 259 262 7 260 263 77 261 264 18 262 265 17 263 266 54 264 267 0 265 268 18 266 269 59 267 270 8 268 271 3 269 272 1 270 273 78 271 274 19 272 275 7 273 276 57 274 277 1 275 278 2 276 279 72 277 280 12 278 281 65 279 282 9 280 283 8 281 284 19 282 285 79 283 286 20 284 287 25 285 288 59 286 289 3 287 290 12 288 291 73 289 292 13 290 293 66 291 294 10 292 295 9 293 296 20 294 297 80 295 298 21 296 299 11 297 300 61 298 301 2 299 302 73 300 303 14 301 304 13 302 305 67 303 306 11 304 307 10 305 308 21 306 309 81 307 310 22 308 311 55 309 312 4 310 313 0 311 314 74 312 315 15 313 316 14 314 317 118 315 318 105 316 319 110 317 320 135 318 321 112 319 322 133 320 323 85 321 324 127 322 325 126 323 326 117 324 327 97 325 328 118 326 329 132 327 330 135 328 331 133 329 332 86 330 333 126 331 334 125 332 335 99 333 336 117 334 337 116 335 338 131 336 339 134 337 340 132 338 341 87 339 342 125 340 343 124 341 344 106 342 345 116 343 346 109 344 347 130 345 348 68 346 349 131 347 350 121 348 351 101 349 352 114 350 353 88 351 354 124 341 355 123 352 356 101 353 357 115 354 358 114 355 359 129 356 360 69 357 361 130 345 362 95 358 363 121 359 364 120 360 365 122 361 366 88 362 367 123 363 368 103 364 369 113 365 370 112 366 371 128 367 372 70 368 373 129 369 374 119 370 375 95 371 376 120 372 377 115 373 378 89 374 379 122 375 380 110 376 381 104 377 382 111 378 383 111 379 384 71 380 385 128 381 386 102 382 387 119 383 388 113 384 389 107 385 390 109 386 391 108 387 392 84 388 393 108 389 394 127 390 395 143 391 396 150 392 397 149 393 398 197 394 399 169 395 400 173 396 401 160 152 402 145 151 403 139 397 404 162 398 405 102 149 406 103 133 407 166 399 408 139 397 409 86 400 410 136 401 411 98 402 412 99 403 413 136 404 414 143 405 415 142 406 416 137 407 417 144 408 418 143 409 419 163 410 420 182 411 421 161 412 422 168 413 423 88 414 424 89 154 425 177 415 426 68 416 427 157 151 428 171 417 429 94 418 430 95 158 431 106 419 432 136 420 433 99 421 434 107 422 435 137 423 436 136 424 437 85 425 438 137 426 439 84 427 440 198 428 441 170 429 442 174 430 443 173 431 444 100 155 445 101 432 446 167 433 447 87 434 448 88 414 449 172 435 450 101 432 451 94 418 452 154 436 453 104 437 454 105 438 455 155 439 456 71 440 457 154 441 458 155 442 459 69 443 460 70 444 461 161 445 462 183 446 463 162 447 464 165 448 465 86 400 466 87 434 467 164 449 468 134 450 469 68 416 470 163 451 471 135 134 472 134 450 473 170 452 474 194 453 475 171 454 476 152 455 477 86 456 478 139 151 479 202 457 480 177 415 481 176 150 482 92 458 483 145 151 484 151 152 485 194 459 486 172 460 487 171 461 488 140 462 489 138 463 490 85 152 491 159 464 492 150 465 493 144 466 494 166 467 495 181 468 496 160 151 497 172 469 498 197 470 499 173 471 500 141 472 501 85 473 502 86 472 503 181 474 504 175 156 505 160 152 506 68 475 507 90 476 508 157 151 509 169 477 510 189 478 511 168 479 512 158 480 513 139 397 514 145 151 515 91 481 516 69 482 517 156 483 518 90 484 519 151 152 520 157 151 521 168 485 522 188 486 523 167 487 524 153 488 525 144 466 526 138 463 527 93 489 528 156 483 529 150 465 530 188 490 531 165 491 532 167 492 533 153 493 534 158 494 535 159 495 536 141 496 537 153 497 538 140 498 539 91 499 540 146 500 541 147 501 542 204 502 543 191 503 544 207 504 545 204 505 546 206 506 547 203 507 548 203 508 549 205 509 550 202 510 551 193 511 552 192 512 553 191 513 554 196 514 555 193 515 556 195 516 557 197 517 558 195 518 559 179 519 560 189 520 561 197 521 562 179 522 563 192 523 564 183 524 565 191 525 566 199 526 567 203 527 568 202 528 569 200 529 570 204 530 571 203 531 572 195 532 573 204 533 574 201 534 575 181 535 576 200 536 577 199 537 578 178 538 579 200 539 580 180 540 581 179 541 582 201 542 583 178 543 584 186 544 585 181 545 586 187 546 587 188 547 588 180 548 589 186 549 590 189 550 591 178 551 592 188 552 593 205 553 594 184 554 595 185 555 596 206 556 597 182 557 598 184 558 599 191 559 600 182 560 601 207 561 602 205 562 603 164 563 604 177 151 605 164 564 606 184 565 607 163 566 608 183 567 609 174 568 610 162 569 611 186 570 612 166 571 613 165 572 614 199 573 615 176 150 616 175 156 617 53 0 618 25 574 619 3 1 620 32 3 621 11 575 622 2 4 623 32 6 624 39 576 625 10 7 626 39 9 627 46 577 628 9 10 629 46 12 630 53 578 631 8 13 632 7 15 633 47 579 634 40 16 635 47 18 636 48 580 637 41 19 638 48 21 639 49 581 640 42 22 641 49 24 642 50 582 643 43 25 644 50 27 645 51 583 646 44 28 647 51 30 648 52 584 649 45 31 650 52 33 651 53 585 652 46 34 653 6 36 654 40 586 655 33 37 656 33 39 657 40 587 658 41 40 659 34 42 660 41 588 661 42 43 662 35 45 663 42 589 664 43 46 665 43 48 666 44 590 667 37 49 668 44 51 669 45 591 670 38 52 671 45 54 672 46 592 673 39 55 674 4 57 675 5 593 676 33 58 677 26 60 678 33 594 679 34 61 680 27 63 681 34 595 682 35 64 683 28 66 684 35 596 685 36 67 686 29 69 687 36 597 688 37 70 689 37 72 690 38 598 691 31 73 692 31 75 693 38 599 694 39 76 695 0 78 696 4 600 697 26 79 698 18 81 699 26 601 700 27 82 701 27 84 702 28 602 703 16 85 704 28 87 705 29 603 706 15 88 707 29 90 708 30 604 709 14 91 710 30 93 711 31 605 712 13 94 713 13 96 714 31 606 715 32 97 716 1 99 717 19 607 718 47 100 719 19 102 720 20 608 721 48 103 722 20 105 723 21 609 724 49 106 725 21 108 726 22 610 727 50 109 728 22 111 729 23 611 730 51 112 731 23 114 732 24 612 733 52 115 734 24 117 735 25 613 736 53 118 737 142 120 738 143 614 739 149 121 740 142 123 741 148 615 742 97 124 743 159 126 744 158 616 745 92 127 746 92 129 747 90 617 748 91 130 749 161 132 750 162 398 751 103 133 752 69 135 753 147 151 754 146 136 755 150 138 756 156 618 757 155 139 758 149 141 759 155 619 760 154 142 761 148 144 762 154 620 763 105 145 764 174 147 765 170 157 766 96 148 767 176 150 768 177 415 769 157 151 770 169 153 771 168 413 772 89 154 773 175 156 774 176 150 775 151 152 776 170 157 777 171 417 778 95 158 779 108 159 780 109 621 781 55 160 782 127 162 783 108 622 784 54 163 785 64 165 786 118 623 787 110 166 788 83 168 789 133 624 790 112 169 791 126 171 792 127 625 793 77 172 794 117 174 795 118 626 796 64 175 797 82 177 798 132 627 799 133 178 800 125 180 801 126 628 802 76 181 803 116 183 804 117 629 805 63 184 806 81 186 807 131 630 808 132 187 809 124 189 810 125 631 811 75 190 812 109 192 813 116 632 814 62 193 815 80 195 816 130 633 817 131 196 818 67 198 819 121 634 820 114 199 821 123 201 822 124 635 823 74 202 824 60 204 825 114 636 826 115 205 827 79 207 828 129 637 829 130 208 830 120 210 831 121 638 832 67 211 833 72 213 834 122 639 835 123 214 836 112 216 837 113 640 838 59 217 839 78 219 840 128 641 841 129 220 842 119 222 843 120 642 844 66 223 845 115 225 846 122 643 847 72 226 848 56 228 849 110 644 850 111 229 851 57 231 852 111 645 853 128 232 854 113 234 855 119 646 856 65 235 857 22 237 858 81 647 859 82 238 860 62 240 861 63 648 862 5 241 863 75 243 864 76 649 865 16 244 866 23 246 867 82 650 868 83 247 869 5 249 870 63 651 871 64 250 872 76 252 873 77 652 874 17 253 875 24 255 876 83 653 877 58 256 878 6 258 879 64 654 880 56 259 881 77 261 882 54 655 883 18 262 884 54 264 885 55 656 886 0 265 887 59 267 888 65 657 889 8 268 890 1 270 891 57 658 892 78 271 893 7 273 894 56 659 895 57 274 896 2 276 897 61 660 898 72 277 899 65 279 900 66 661 901 9 280 902 19 282 903 78 662 904 79 283 905 25 285 906 58 663 907 59 286 908 12 288 909 72 664 910 73 289 911 66 291 912 67 665 913 10 292 914 20 294 915 79 666 916 80 295 917 11 297 918 60 667 919 61 298 920 73 300 921 74 668 922 14 301 923 67 303 924 60 669 925 11 304 926 21 306 927 80 670 928 81 307 929 55 309 930 62 671 931 4 310 932 74 312 933 75 672 934 15 313 935 118 315 936 97 673 937 105 316 938 135 318 939 103 674 940 112 319 941 85 321 942 84 675 943 127 322 944 117 324 945 98 676 946 97 325 947 132 327 948 134 677 949 135 328 950 86 330 951 85 678 952 126 331 953 99 333 954 98 679 955 117 334 956 131 336 957 68 680 958 134 337 959 87 339 960 86 681 961 125 340 962 106 342 963 99 682 964 116 343 965 130 345 966 69 357 967 68 346 968 121 348 969 94 683 970 101 349 971 88 351 972 87 339 973 124 341 974 101 353 975 100 684 976 115 354 977 129 356 978 70 685 979 69 357 980 95 358 981 94 686 982 121 359 983 122 361 984 89 687 985 88 362 986 103 364 987 102 688 988 113 365 989 128 367 990 71 689 991 70 368 992 119 370 993 96 690 994 95 371 995 115 373 996 100 691 997 89 374 998 110 376 999 105 692 1000 104 377 1001 111 379 1002 104 693 1003 71 380 1004 102 382 1005 96 694 1006 119 383 1007 107 385 1008 106 695 1009 109 386 1010 84 388 1011 107 696 1012 108 389 1013 143 391 1014 144 697 1015 150 392 1016 197 394 1017 190 698 1018 169 395 1019 160 152 1020 175 156 1021 145 151 1022 162 398 1023 174 147 1024 102 149 1025 166 399 1026 160 152 1027 139 397 1028 136 401 1029 142 699 1030 98 402 1031 136 404 1032 137 700 1033 143 405 1034 137 407 1035 138 701 1036 144 408 1037 163 410 1038 184 702 1039 182 411 1040 168 413 1041 167 433 1042 88 414 1043 177 415 1044 164 449 1045 68 416 1046 171 417 1047 172 435 1048 94 418 1049 106 419 1050 107 703 1051 136 420 1052 107 422 1053 84 704 1054 137 423 1055 85 425 1056 138 705 1057 137 426 1058 198 428 1059 192 706 1060 170 429 1061 173 431 1062 169 153 1063 100 155 1064 167 433 1065 165 448 1066 87 434 1067 172 435 1068 173 431 1069 101 432 1070 154 436 1071 71 707 1072 104 437 1073 155 439 1074 70 708 1075 71 440 1076 155 442 1077 156 709 1078 69 443 1079 161 445 1080 182 710 1081 183 446 1082 165 448 1083 166 399 1084 86 400 1085 164 449 1086 163 451 1087 134 450 1088 163 451 1089 161 132 1090 135 134 1091 170 452 1092 192 711 1093 194 453 1094 152 455 1095 141 712 1096 86 456 1097 202 457 1098 205 152 1099 177 415 1100 92 458 1101 158 480 1102 145 151 1103 194 459 1104 196 713 1105 172 460 1106 140 462 1107 153 488 1108 138 463 1109 159 464 1110 93 489 1111 150 465 1112 166 467 1113 187 714 1114 181 468 1115 172 469 1116 196 715 1117 197 470 1118 141 472 1119 140 151 1120 85 473 1121 181 474 1122 199 573 1123 175 156 1124 68 475 1125 146 716 1126 90 476 1127 169 477 1128 190 717 1129 189 478 1130 158 480 1131 152 151 1132 139 397 1133 91 481 1134 147 151 1135 69 482 1136 90 484 1137 92 458 1138 151 152 1139 168 485 1140 189 718 1141 188 486 1142 153 488 1143 159 464 1144 144 466 1145 93 489 1146 91 481 1147 156 483 1148 188 490 1149 186 490 1150 165 491 1151 153 493 1152 152 719 1153 158 494 1154 141 496 1155 152 720 1156 153 497 1157 91 499 1158 90 721 1159 146 500 1160 204 502 1161 193 722 1162 191 503 1163 204 505 1164 207 723 1165 206 506 1166 203 508 1167 206 724 1168 205 509 1169 193 511 1170 194 725 1171 192 512 1172 196 514 1173 194 726 1174 193 515 1175 197 517 1176 196 727 1177 195 518 1178 189 520 1179 190 728 1180 197 521 1181 192 523 1182 198 728 1183 183 524 1184 199 526 1185 200 729 1186 203 527 1187 200 529 1188 201 730 1189 204 530 1190 195 532 1191 193 731 1192 204 533 1193 181 535 1194 180 732 1195 200 536 1196 178 538 1197 201 733 1198 200 539 1199 179 541 1200 195 734 1201 201 542 1202 186 544 1203 180 735 1204 181 545 1205 188 547 1206 178 736 1207 180 548 1208 189 550 1209 179 737 1210 178 551 1211 205 553 1212 206 738 1213 184 554 1214 206 556 1215 207 739 1216 182 557 1217 191 559 1218 183 740 1219 182 560 1220 205 562 1221 185 741 1222 164 563 1223 164 564 1224 185 742 1225 184 565 1226 183 567 1227 198 743 1228 174 568 1229 186 570 1230 187 744 1231 166 571 1232 199 573 1233 202 457 1234 176 150 1235</p>
        </triangles>
      </mesh>
    </geometry>
    <geometry id="Plane_005-mesh" name="Plane.005">
      <mesh>
        <source id="Plane_005-mesh-positions">
          <float_array id="Plane_005-mesh-positions-array" count="624">-95.09316 -73.92459 115.2566 46.78229 -94.72435 119.4407 -98.91529 111.9298 -66.74517 110.2928 180.6016 -78.73479 -71.62595 -84.91893 119.5041 -42.23622 -98.39691 121.075 -4.673702 -96.74782 121.0997 23.87941 -100.5573 121.9683 31.61561 122.8666 -80.74683 -6.080555 123.6255 -77.83177 -39.91756 125.9705 -73.85253 -73.65422 117.3561 -71.36881 -94.59464 115.0584 -44.41622 -91.33669 120.1407 -23.10181 -98.25309 105.2566 1.04505 -106.008 70.88466 25.03247 -110.2816 19.56293 49.29134 -107.1438 -31.99068 73.77169 -98.48031 -60.98596 94.16844 60.01942 -72.15354 95.72254 68.17065 -31.38445 71.56499 72.7671 18.16811 47.38088 76.73229 60.57422 23.59109 83.19726 105.3518 -2.480169 112.5707 162.416 -29.50629 124.818 166.7266 -57.64102 -76.57892 -72.63666 97.37094 -79.19706 -29.73621 73.84455 -77.46503 21.07349 49.75597 -74.7467 71.43204 25.0536 -73.48653 106.7104 -0.2840729 -67.3583 127.7808 -25.30423 -75.65998 121.321 -48.08749 -38.98748 -77.57555 98.75231 -38.11968 -38.48329 75.67243 -41.29872 4.251923 48.72815 -39.83573 60.58972 24.77871 -37.9281 109.985 -2.107441 -30.49339 150.9969 -27.31303 -26.22544 160.3846 -47.64125 1.614494 -73.83284 98.33916 -3.169855 -51.57358 73.56768 -1.376049 1.13694 48.92685 -2.371799 52.84213 23.56293 4.179377 114.0673 -1.980034 8.187865 148.7374 -26.61286 7.064421 156.2073 -45.76618 33.76166 -78.64705 98.40404 40.09901 -33.75909 73.03713 37.33901 4.942543 48.7358 35.80138 51.48644 23.80034 45.0553 112.4844 -1.462873 64.15588 176.769 -25.37235 60.69308 188.5272 -53.29249 -98.56505 -83.53635 94.17511 -95.26945 -96.48859 115.2624 22.60564 -123.2256 122.0638 46.39955 -116.9058 119.483 112.7563 106.4235 -59.05924 95.64985 111.5405 -81.23397 -70.75847 94.79048 -71.42836 -92.66736 93.26439 -66.69138 -74.01789 -112.7232 119.7085 -43.79454 -123.2903 121.4179 -8.747063 -127.3968 121.2124 29.50202 95.84319 -82.37558 -7.56566 96.62262 -79.44754 -43.26324 95.62893 -74.14208 71.01777 -65.29802 21.62175 63.72519 -144.4979 45.79722 59.40859 -144.4979 68.07437 52.23833 -144.4979 90.45067 -89.7771 95.5688 -44.37403 -90.754 98.48168 -23.06591 -98.31428 82.66335 1.047642 -105.9399 48.51346 25.04029 -110.3428 -3.029213 49.29394 -107.1952 -54.30878 73.77348 58.60388 -97.90055 95.99904 67.61003 -55.46866 71.41722 73.09049 -6.484207 47.69032 77.05487 40.23434 23.42892 82.82504 82.11118 -2.690979 101.3362 105.8354 -31.39747 -101.4971 -144.4979 69.31292 -106.4214 -144.4979 46.0062 -102.3666 -55.5724 22.98933 -95.0087 -22.86792 0.2300243 -88.13465 -8.585267 -22.6905 -83.6098 -8.72226 -42.83937 32.18243 -73.91053 21.82028 32.12823 -123.7161 45.52935 -5.769649 -77.02472 21.82028 -5.769649 -128.198 45.54033 -42.77618 -10.56615 -71.11013 -8.906239 -9.623322 -76.14398 26.26477 -10.35808 -78.92664 -11.67591 -144.4979 113.5072 -41.65061 -144.4979 114.2969 -66.30942 -144.4979 113.688 -86.47711 -10.98073 -64.01514 -67.10164 -10.34628 -68.52104 85.30974 -7.574127 -78.6516 104.5142 -2.692276 -56.95006 40.08058 -144.4979 112.0333 17.79487 -144.4979 114.3442 -85.85087 -144.4979 109.7302 -90.7735 -144.4979 89.55641 -94.73383 -108.5067 89.9709 -91.36321 -119.2494 110.0618 20.74468 -136.3544 116.2826 43.13888 -133.6263 113.8742 105.0644 69.45294 -55.56973 85.85993 64.57109 -77.27126 -66.55146 61.79892 -67.14072 -85.92693 61.16448 -62.63481 -69.95078 -127.8988 114.5614 -41.39549 -137.643 116.0855 -9.138905 -139.9875 115.5745 26.81495 61.78713 -77.5463 -8.356055 62.52188 -74.76364 -42.22599 61.57907 -69.72978 -83.05962 63.42296 -41.45904 -87.58447 63.55994 -21.31017 -94.45852 49.2773 1.610353 -101.8164 16.5728 24.36966 -105.8712 -32.02795 47.38653 -102.894 -80.73426 70.61353 54.39697 -121.4723 91.69747 61.78467 -84.83704 68.61635 67.31523 -38.37384 46.01862 72.10829 10.07234 22.7701 77.40682 48.7534 -1.936855 94.21492 69.07028 -29.38522 76.85664 -23.3918 -3.317186 93.66473 -3.074928 -30.76555 -71.19878 -155.7308 92.435 -77.19089 -141.0466 70.39543 -80.79187 -115.9979 45.56688 -77.98776 -67.70803 22.06222 -106.4214 -144.4979 46.0062 -102.3666 -144.4979 22.98933 -41.46041 -166.3676 92.77902 -41.96815 -150.5695 69.6769 -43.72173 -125.5035 45.54033 -43.72173 -75.14655 21.82028 71.01776 -144.4979 21.62175 63.72519 -144.4979 45.79722 -8.439744 -173.0605 92.37357 -5.797586 -155.7664 70.20154 -5.769649 -128.198 45.54033 -5.769649 -77.02472 21.82028 -77.98776 -67.70803 22.06222 -80.79187 -115.9979 45.56688 24.67538 -166.3882 92.91255 30.98385 -144.7664 70.34585 32.12823 -123.7161 45.52935 32.18243 -73.91053 21.82028 -43.72173 -75.14655 21.82028 -43.72173 -125.5035 45.54033 -77.98776 -67.70803 22.06222 93.66473 -3.074928 -30.76555 104.5142 -2.692276 -56.95006 76.85664 -23.3918 -3.317186 71.01777 -65.29802 21.62175 -95.0087 -22.86792 0.2300243 -102.3666 -55.5724 22.98933 -88.13465 -8.585267 -22.6905 -83.6098 -8.72226 -42.83937 -86.47711 -10.98073 -64.01514 26.26477 -10.35808 -78.92664 -8.906239 -9.623322 -76.14398 -42.77618 -10.56615 -71.11013 -67.10164 -10.34628 -68.52104 85.30974 -7.574127 -78.6516 -43.72173 -75.14655 21.82028 -5.769649 -77.02472 21.82028 32.18243 -73.91053 21.82028 -69.1527 -10.30125 -24.73222 -69.59065 -9.432663 -46.54611 -74.98471 -29.93977 -1.394665 -77.98776 -67.70803 22.06222 93.66471 -144.4979 -30.76555 104.5142 -144.4979 -56.95006 76.85664 -144.4979 -3.317186 71.01776 -144.4979 21.62175 -95.00869 -144.4979 0.2300243 -102.3666 -144.4979 22.98933 -88.13465 -144.4979 -22.6905 -83.6098 -144.4979 -42.83937 -86.47711 -144.4979 -64.01514 33.13667 -7.960052 -53.01982 26.26476 -144.4979 -78.92664 -7.395246 -9.413849 -50.8142 -8.906239 -144.4979 -76.14398 -43.04029 -10.13805 -47.9347 -42.77617 -144.4979 -71.11013 -67.10164 -144.4979 -68.52104 85.30972 -144.4979 -78.6516 -43.72173 -75.14655 21.82028 -43.72173 -33.5255 -1.899767 -43.5732 -11.87616 -25.31353 -5.769649 -77.02472 21.82028 -5.769649 -34.57941 -1.899767 -5.761915 -11.77011 -25.60386 32.18243 -73.91053 21.82028 34.68702 -31.59873 -2.145615 40.26639 -7.722038 -26.59427</float_array>
          <technique_common>
            <accessor source="#Plane_005-mesh-positions-array" count="208" stride="3">
              <param name="X" type="float"/>
              <param name="Y" type="float"/>
              <param name="Z" type="float"/>
            </accessor>
          </technique_common>
        </source>
        <source id="Plane_005-mesh-normals">
          <float_array id="Plane_005-mesh-normals-array" count="2235">-0.2390441 0.6916879 -0.681488 0.1303398 0.9899815 -0.05429708 -0.3361024 0.4861291 -0.8066684 -0.2792534 0.9512735 -0.1307524 -0.278965 0.9513065 -0.1311285 -0.3253317 0.9430655 -0.06918752 -0.3872674 0.8372015 -0.3861577 -0.4505708 0.7459589 -0.49044 -0.2558665 0.9491018 -0.1836798 0.05755126 0.6522775 -0.7557923 0.01992142 0.6410548 -0.7672366 -0.04951435 0.617561 -0.7849629 -0.2873659 0.5845093 -0.758795 -0.2215831 0.6234875 -0.7497761 -0.04016554 0.7090572 -0.7040063 0.08718663 0.6996486 0.7091476 0.08904933 0.7003676 0.7082058 0.07065314 0.6931239 0.7173475 -0.06899583 0.6216552 0.7802464 -0.08447355 0.6085663 0.7889939 0.1109677 0.7497838 0.6523116 -0.1189398 0.4648299 0.8773749 -0.1036061 0.4790864 0.8716318 -0.1629639 0.422371 0.8916532 -0.02024048 0.4519091 0.8918343 -0.009010791 0.4593217 0.8882243 -0.03877151 0.4394795 0.8974156 0.006256401 0.3835923 0.9234815 0.004687607 0.3829186 0.9237703 0.007906794 0.3842998 0.9231746 -0.1145016 0.4850122 0.866979 -0.1312734 0.4714765 0.8720535 0.01206928 0.5782185 0.8157928 -0.4315456 0.8152985 0.3860787 -0.4276767 0.8281567 0.3622835 -0.4256346 0.8343186 0.3503535 -0.04785138 0.7206031 0.6916947 -0.04415875 0.7237098 0.6886903 -0.03263682 0.7332459 0.67918 0.09553718 0.621513 0.7775567 0.097355 0.6199773 0.7785565 0.2342283 0.4903978 0.8394327 0.1439578 0.4584872 0.8769639 0.1048204 0.4878098 0.8666339 0.03753942 0.5349573 0.8440448 0.0593909 0.4211495 0.9050447 0.08090835 0.4065077 0.9100579 0.1096372 0.3864508 0.9157705 0.05784642 0.4388243 0.896709 0.01393514 0.4169442 0.9088253 0.1256511 0.470538 0.8733875 -0.02248543 0.5510934 0.8341407 -0.01661974 0.5549421 0.8317231 -0.05393731 0.5299243 0.846328 0.07686328 0.9201785 0.3838797 0.06081444 0.9120157 0.4056216 0.04504245 0.9033128 0.4266113 0.1763128 0.8074152 0.5630227 0.2043567 0.7764205 0.5961624 0.09840697 0.8793272 0.4659395 0.04847443 0.4961625 0.8668755 0.05174928 0.4933673 0.8682804 0.06395596 0.4828513 0.8733638 0.13479 0.4872775 0.8627818 0.1615856 0.4636069 0.8711825 0.2168473 0.4121502 0.8849349 0.1814257 0.3961567 0.9000804 0.1632049 0.4113892 0.8967291 0.1405377 0.429903 0.8918703 0.09458452 0.5114073 0.8541174 0.06092542 0.5353283 0.842444 -0.01210659 0.5835949 0.8119548 -0.1784482 0.6582228 0.731368 -0.1847026 0.6525131 0.7349229 -0.03808242 0.7689217 0.6382077 -0.601835 0.7967452 0.0546965 -0.5484701 0.8162489 0.1814341 -0.6200149 0.7845824 0.00346589 0.3492153 0.8367682 0.4217438 0.3488721 0.837079 0.4214108 0.3700762 0.8171567 0.4419261 0.0748865 0.5107908 0.8564373 0.01329815 0.5393785 0.8419585 -0.04773569 0.5651187 0.8236275 -0.03540158 0.4275594 0.9032938 -0.033791 0.4284059 0.9029543 -0.0367881 0.4268294 0.9035836 -0.02489274 0.4329737 0.9010629 -0.01633638 0.4370065 0.89931 -0.03254133 0.4293338 0.9025595 -0.003863573 0.5770209 0.8167203 0.001753866 0.5796213 0.8148841 -0.01060181 0.5738698 0.818878 -0.09522706 0.8235343 0.5592164 -0.1231901 0.8101096 0.5731901 -0.02222114 0.8538936 0.5199733 -0.3244199 0.9323683 -0.1595034 -0.3250972 0.932057 -0.159943 -0.3388705 0.9255496 -0.1688923 -0.1197748 0.751656 0.6485888 -0.1197287 0.7516753 0.6485748 -0.1198449 0.7516266 0.6486099 -0.02326029 0.4995821 0.8659542 -0.008834481 0.5052711 0.8629154 -0.03384679 0.4953263 0.8680474 -0.05404633 0.498026 0.8654763 -0.09210187 0.4726181 0.8764414 -5.68284e-4 0.5317437 0.8469053 -0.125468 0.4766085 0.8701162 -0.1195132 0.481788 0.8680996 -0.1397659 0.4640128 0.8747329 -0.01714682 0.4260929 0.9045169 0.03333216 0.4508454 0.8919795 -0.08234685 0.3919832 0.9162795 0.1215986 0.3322317 0.9353266 0.1498172 0.3377976 0.9292189 0.08585995 0.3248024 0.9418766 0.3180409 0.9009072 0.2953242 0.3048794 0.8970824 0.319831 0.2938736 0.8934061 0.3397998 -0.1323449 -0.8002924 -0.5848221 -0.1400357 -0.7926471 -0.5933809 -0.1633399 -0.7683806 -0.6187983 -0.05290669 -0.6480479 0.7597597 -0.04929995 -0.6508868 0.7575724 0.01877945 -0.7011436 0.7127728 -0.02655988 -0.4224913 -0.9059779 -0.02440887 -0.423886 -0.9053867 -0.02984446 -0.4203557 -0.9068685 0.04065155 -0.4259545 -0.9038309 0.04411447 -0.4236184 -0.9047659 0.04941135 -0.4200293 -0.9061645 6.08712e-6 0.9703456 -0.2417218 -8.35024e-5 0.9666069 0.2562637 6.49691e-6 0.9768981 0.2137062 0.5296232 0 0.8482331 0.95739 0 0.2887984 0.95739 0 0.2887984 0.1499654 -0.7050468 -0.693123 0.1428443 -0.7121645 -0.6873263 0.1983295 -0.6535828 -0.7304074 0.1931326 -0.7635167 -0.6162322 0.200211 -0.7565866 -0.6224887 0.1682118 -0.7868896 -0.5937252 0.05369406 -0.6393392 0.7670479 0.04803162 -0.6363409 0.7699112 -0.02279162 -0.5963067 0.8024333 -3.34233e-5 0.9978145 -0.06607764 -2.90498e-5 0.9999831 -0.005825936 -3.38852e-5 0.9914047 0.1308313 -4.17828e-5 1 0 0 0 1 0 0 -1 -4.85182e-5 0.9729644 0.2309553 -4.17232e-6 0.9420219 -0.3355516 -4.91738e-5 0.9898071 -0.1424146 -7.27251e-5 0.9999998 5.73647e-4 -2.72896e-5 0.9999203 0.01263535 -1.42623e-5 0.9996799 -0.02530395 -0.9832291 -0.1719171 0.06086945 -0.983321 -0.1714671 0.06065362 -0.985474 -0.1605324 0.05541169 -0.9716123 -0.1765122 0.157522 -0.9716772 -0.1760995 0.157583 -0.9715411 -0.1769628 0.1574553 0.02844315 -0.4084563 0.9123346 0.02897769 -0.4070361 0.9129524 0.02925282 -0.4063045 0.9132694 0.9139028 -0.1554817 0.3749761 0.9137235 -0.1557237 0.3753126 0.9143236 -0.1549128 0.3741849 -0.9760926 -0.1394492 -0.1667252 -0.9761938 -0.1390932 -0.1664296 -0.9760673 -0.1395378 -0.1667987 -0.03121441 -0.3659396 0.9301151 -0.02082073 -0.3935328 0.9190748 -0.0359162 -0.3533106 0.9348164 0.8843212 -0.1396002 0.4455199 0.8838871 -0.1409026 0.4459711 0.8820543 -0.1463389 0.4478452 -0.9106894 -0.1101194 -0.398144 -0.9095292 -0.1129734 -0.3999921 -0.9110345 -0.1092644 -0.3975896 -0.1764585 -0.3609219 0.9157499 -0.1751776 -0.3657221 0.9140898 -0.1771383 -0.3583632 0.9166232 0.9861432 -0.1609129 -0.04035925 0.9861236 -0.1610232 -0.04039657 0.9861125 -0.1610855 -0.04041761 -0.8912568 -0.1086752 -0.4402852 -0.8913833 -0.1075318 -0.4403099 -0.8910716 -0.1103301 -0.4402484 -0.3701422 -0.3104543 0.8755644 -0.3590257 -0.3340125 0.8715137 -0.3892191 -0.2681549 0.88125 0.9747725 -0.1662806 -0.1488938 0.9765744 -0.1594877 -0.1444516 0.9771816 -0.1571367 -0.1429135 -0.0982902 -0.1363506 -0.9857726 -0.1005154 -0.134816 -0.9857593 -0.09302514 -0.1399756 -0.9857755 -0.9292199 -0.1084967 -0.3532409 -0.928934 -0.1068833 -0.3544822 -0.9280892 -0.1022352 -0.3580483 -0.2050038 -0.160036 -0.9655889 -0.2111796 -0.1570308 -0.964751 -0.1975798 -0.1636321 -0.9665334 0.9751167 -0.1785071 -0.131464 0.9767378 -0.1724731 -0.1274216 0.9772865 -0.1703819 -0.1260204 -0.1421508 -0.131461 -0.9810766 -0.1421508 -0.131461 -0.9810766 -0.1421504 -0.1314606 -0.9810767 -0.9863697 -0.1351728 -0.09382563 -0.9738696 -0.1728537 -0.1473085 -0.9952115 -0.09198772 -0.03305166 0.7530039 -0.2115132 -0.623095 0.7513729 -0.2128084 -0.624621 0.7486544 -0.2149555 -0.6271451 0.9824934 -0.1844565 0.02612793 0.980987 -0.1928274 0.0219593 0.9803208 -0.1963764 0.02018874 -0.08088374 -0.1337345 -0.987711 -0.08088725 -0.1337379 -0.9877102 -0.08083283 -0.133685 -0.9877219 -0.9708379 -0.1877627 0.1490604 -0.9712475 -0.1869379 0.1474201 -0.9718357 -0.1857397 0.1450387 0.1647758 -0.3885438 0.9065775 0.1766132 -0.3696323 0.9122389 0.1914131 -0.3454954 0.9186915 0.9168683 -0.2563223 0.3060255 0.9215311 -0.2405984 0.3047832 0.9270328 -0.2207635 0.3031069 0.0305379 -0.1071714 -0.9937715 0.02223342 -0.1218966 -0.9922938 0.03902274 -0.09207856 -0.9949868 0.9724323 0.009241104 0.2330024 0.9764693 -0.01359343 0.2152275 0.977088 -0.01757347 0.2121096 -0.04913932 0.01374655 0.9986974 -0.04948955 0.01452612 0.998669 -0.04812097 0.01148015 0.9987756 -0.9838215 -0.00251168 -0.1791347 -0.9847791 0.002101957 -0.1737987 -0.9837042 -0.003060102 -0.1797683 0.8449484 -0.08117395 0.5286521 0.8398346 -0.1400709 0.5244597 0.8341989 -0.1830236 0.5202065 0.003698527 0.009006321 0.9999527 0.002281129 0.007369697 0.9999703 -8.22091e-4 0.003786325 0.9999926 -0.9911547 0.002661347 0.1326845 -0.9912065 0.002332985 0.1323041 -0.9911487 0.00270015 0.1327295 0.9098637 -0.1913047 0.3681721 0.9090359 -0.1921518 0.3697721 0.9104195 -0.1907334 0.367093 -0.0287382 0.006789922 0.999564 -0.02885895 0.006665527 0.9995614 -0.0296247 0.005876481 0.9995439 -0.9192661 0.002509474 0.393629 -0.9191809 0.003212988 0.3938226 -0.9193093 0.002150893 0.3935302 -0.9870983 0.005586087 0.1600179 -0.9871209 0.005925416 0.1598668 -0.9869748 0.003756821 0.1608315 -3.15981e-4 0.04118746 -0.9991514 0.001529335 0.0515989 -0.9986668 -0.001162409 0.03641027 -0.9993363 0.8912342 -0.02509766 0.4528486 0.8904944 -0.03419107 0.4537077 0.8896098 -0.0440278 0.4545944 0.1089673 -0.001013875 0.9940448 0.1090436 -9.07479e-4 0.9940366 0.1096953 1.22007e-6 0.9939653 -0.9433236 -0.2770514 0.1827109 -0.9442802 -0.2699768 0.1882757 -0.947933 -0.2338474 0.2161911 -0.07626008 0.06505548 -0.9949635 -0.07659733 0.06462395 -0.9949657 -0.07561409 0.06588208 -0.9949584 0.9620425 -0.045758 0.2690365 0.9595411 -0.02846556 0.2801263 0.9588377 -0.02405554 0.2829341 0.7694495 -0.1402975 -0.6231085 0.768712 -0.1394367 -0.6242109 0.769781 -0.1406851 -0.6226114 -0.9881501 -0.1350911 0.07286816 -0.9886415 -0.128355 0.07818651 -0.9872215 -0.02629858 0.1571694 -0.1285023 0.04719454 -0.9905857 -0.133067 0.04209142 -0.9902129 -0.1120671 0.06549412 -0.99154 0.9830378 -0.01936423 0.182378 0.9770494 0.0109238 0.2127333 0.9759775 0.01553082 0.2173174 -0.1904106 -0.04016751 -0.9808825 -0.186575 -0.04331171 -0.9814856 -0.1674758 -0.0588957 -0.9841155 -0.9559664 -0.01509207 -0.2930881 -0.9555091 -0.00833708 -0.2948439 -0.9566176 -0.02621752 -0.2901645 -0.08557838 0.0074656 -0.9963035 -0.08772015 0.004448354 -0.9961353 -0.07800966 0.01811426 -0.9967881 0.9817313 0.01511693 0.1896717 0.9818972 0.01422506 0.1888802 0.9819263 0.01406729 0.1887401 -0.1824398 0.01238417 0.9831391 -0.1829146 0.01339185 0.9830376 -0.1773615 0.001637935 0.9841444 -0.9524142 0.001441359 -0.3048035 -0.9519361 -0.001898944 -0.3062907 -0.9525692 0.002544164 -0.3043116 -0.02175211 -0.3819177 0.9239404 0.002379775 -0.2499043 0.9682676 0.005334794 -0.2333776 0.9723715 0.9238148 -0.01436471 0.38257 0.9238148 -0.01436454 0.38257 0.9238148 -0.01436448 0.38257 -0.9816052 -0.01901125 0.1899734 -0.9896528 -6.24423e-4 0.1434817 -0.99101 0.003206253 0.1337498 0.02103132 -0.2708026 0.9624053 -0.01064878 -0.3921426 0.9198429 -0.0153138 -0.409488 0.912187 0.8580451 -0.01636445 0.5133137 0.8580451 -0.01636463 0.5133137 0.8580451 -0.01636439 0.5133137 -0.9887372 0.007703602 -0.1494645 -0.9884914 0.009320855 -0.1509901 -0.9883175 0.01044571 -0.1520507 -0.06870049 -0.09755957 0.9928557 -0.04110717 -0.1934376 0.9802511 -0.07668757 -0.06915974 0.9946538 0.9807505 -0.01273447 0.1948496 0.9799746 -0.01569277 0.1985032 0.9811509 -0.01117336 0.1929199 -0.9593929 0.01270705 -0.2817867 -0.9566937 0.01285958 -0.2908126 -0.9573489 0.01282304 -0.2886496 -0.215406 -0.07699739 0.9734843 -0.2149577 -0.07744532 0.9735479 -0.2294973 -0.06285738 0.9712775 0.9845539 -0.02902203 0.17266 0.9829587 -0.02927279 0.1814816 0.9856187 -0.01682257 0.1681454 -0.1056392 0.01982736 -0.9942069 -0.1056393 0.01982754 -0.9942069 -0.1056392 0.01982736 -0.9942069 -0.9599199 0.01267707 -0.2799879 -0.9599198 0.01267737 -0.2799882 -0.2270979 0.02036052 -0.9736591 -0.2270978 0.02036046 -0.9736592 -0.2270978 0.02036041 -0.9736591 0.9840952 -0.03463256 0.1742338 0.9819885 -0.03252935 0.1861193 -0.1475246 0.02004462 -0.9888553 -0.1475247 0.02004456 -0.9888553 -0.1475247 0.02004456 -0.9888553 -0.9756165 0.01163363 -0.2191741 -0.9756163 0.01163345 -0.2191744 -0.9756165 0.01163363 -0.219174 0.7480781 0.006991147 -0.6635739 0.7480782 0.006990969 -0.6635738 0.7480782 0.006990849 -0.6635738 0.9627609 -0.06073153 0.2634447 0.9590572 -0.072214 0.273851 0.9685985 -0.04080361 0.2452592 -0.07844793 0.01966834 -0.9967243 -0.07844793 0.01966834 -0.9967243 -0.07844787 0.01966834 -0.9967243 -0.9910154 0.005000233 0.1336554 -0.9910153 0.005000412 0.1336556 -0.9910153 0.005000233 0.1336554 0.1072004 -0.2478758 0.9628425 0.1224028 -0.2149521 0.9689238 0.1288892 -0.2007051 0.971136 0.8687158 -0.2243359 0.4415949 0.8915134 -0.1637864 0.4223484 0.9090076 -0.1070301 0.4028024 0.003756582 0.01910048 -0.9998105 0.003756582 0.01910048 -0.9998105 0.003756523 0.01910048 -0.9998106 -0.9692527 -0.1683719 0.1794441 -0.9783169 -0.1438584 0.1489998 -0.9881611 -0.1099651 0.1069834 -0.9000496 -0.07705736 0.4289208 -0.9237566 -0.04472947 0.3803591 -0.9347254 -0.02770495 0.3542892 -0.06665825 -0.6799641 -0.7302092 -0.06754612 -0.6792032 -0.7308355 -0.0846706 -0.6642729 -0.7426793 -0.2265124 0 -0.9740083 -0.2265123 0 -0.9740083 -0.2265123 0 -0.9740084 4.22001e-5 0.9999975 0.002271652 -8.45343e-5 0.9734479 -0.2289087 -6.17504e-5 0.9992453 0.03884524 -6.17206e-5 0.9963765 -0.08505308 -0.1502695 -0.7819946 0.6048998 -0.153079 -0.7794969 0.6074137 -0.0115894 -0.8829452 0.469333 -0.2538924 -0.8204924 -0.5121825 -0.260194 -0.814293 -0.5188701 -0.2783681 -0.7956635 -0.5379877 -0.1901382 -0.6966936 -0.691712 -0.1909479 -0.6958886 -0.6922991 -0.1999497 -0.6868411 -0.6987628 0.8528103 0 0.5222208 0.8528105 0 0.5222206 0.8528103 0 0.5222208 -3.91342e-6 0.9434115 0.3316246 3.27975e-5 0.9603798 -0.2786948 -2.22921e-5 1 -4.16084e-4 2.83122e-5 0.999174 0.04063659 -1.44187e-5 0.9995188 0.03102135 3.0769e-5 0.9994518 -0.03310686 -0.3037192 -0.8957983 0.3245002 -0.3226137 -0.8950215 0.3079888 -0.09772616 -0.8704133 0.4825252 -0.1535779 -0.9477602 -0.2795794 -0.1261479 -0.9568501 -0.2617723 -0.4009758 -0.8089286 -0.4299454 0.4413728 -0.7947997 -0.4165136 0.4583106 -0.7722341 -0.4400068 0.1418285 -0.9894376 -0.02996629 0.004658102 0 -0.9999892 0.004658043 0 -0.9999892 0.004657983 0 -0.9999892 -4.3761e-5 0.9989184 0.04650008 -4.30802e-5 0.9993389 -0.03635984 3.31998e-5 0.9682073 0.2501493 -6.49691e-6 0.9809752 -0.1941336 3.36161e-5 0.9995586 0.02970921 0.3647472 -0.7447858 0.5587967 0.374641 -0.7453416 0.5514617 0.07510036 -0.6854535 0.724233 0.3273718 -0.8837866 -0.3342887 0.2646541 -0.9265248 -0.2674139 0.5017338 -0.690369 -0.5212044 -0.3071286 -0.8544785 -0.4189733 -0.2523704 -0.903473 -0.3464763 0.009593844 -0.9999523 0.001859068 0.9238359 0 0.3827887 0.9238359 0 0.3827887 0.923836 -1.21486e-7 0.3827887 -5.58794e-6 0.9861213 0.166027 2.8342e-5 0.9967842 -0.08013337 3.79235e-5 0.9891659 0.146803 3.75211e-5 0.9857743 -0.1680751 -0.07887125 0 -0.9968849 -0.07887148 0 -0.9968849 -0.07887119 0 -0.9968848 -0.394378 0 -0.9189484 -0.03800207 0 -0.9992777 2.07871e-6 1 0 2.94298e-6 1 0 -0.1470084 0 -0.9891353 -0.1470086 0 -0.9891353 -0.1470086 0 -0.9891353 1.52886e-5 0.9999983 -0.001908421 8.19564e-6 0.9999981 0.001957416 2.53618e-5 1 -1.13952e-4 -3.22536e-5 1 2.37981e-5 2.55108e-5 1 5.96166e-5 0.03800207 0 0.9992777 0.01989233 0 0.9998021 -0.1058374 0 -0.9943835 -0.1058371 0 -0.9943836 -0.1058374 0 -0.9943835 -0.9848349 0 -0.1734946 -0.6938478 0 0.7201217 5.55366e-5 0.9999994 -0.001138091 -0.00511378 0 -0.999987 -0.02308052 0 0.9997336 -0.9909569 0 0.1341811 -0.990957 0 0.1341807 -0.9909569 0 0.1341812 -7.01845e-6 0.9999994 0.00114727 -1.29342e-5 0.9999994 0.00116682 1.49012e-6 0.9999994 -0.00116384 -1.30311e-5 0.9999999 -5.30708e-4 5.40316e-5 1 0 -0.9756993 0 -0.2191139 -0.9756994 0 -0.2191137 -0.9756993 0 -0.219114 7.86781e-6 0.9999994 -0.001078546 -3.23132e-5 1 -4.80851e-5 -0.9578506 0 -0.2872669 -0.9578506 0 -0.2872669 -0.9578506 0 -0.2872669 -0.1059312 -0.4261298 -0.8984388 -0.1034282 -0.428042 -0.8978211 -0.1092586 -0.4235795 -0.8992459 0.828489 -0.5518816 -0.09504073 0.8595108 -0.3789204 -0.3430167 0.7382409 -0.6618811 0.1300534 -0.6308004 -0.4713162 -0.6164025 -0.620769 -0.6388248 -0.4544763 -0.5411753 -0.8249121 -0.1632463 0.05142247 -0.9965249 -0.06552952 0.06951797 -0.9967829 -0.039891 0.08728867 -0.9960764 -0.01457917 0.04865002 -0.7198852 -0.6923862 0.04858618 -0.7199459 -0.6923274 0.04881799 -0.7197253 -0.6925405 0.03486442 -0.4912397 -0.8703264 0.03610402 -0.4903243 -0.8707919 0.03999739 -0.4874405 -0.8722396 0.06283497 -0.1883116 0.9800972 0.07438313 -0.1853821 0.9798473 0.06011527 -0.1889974 0.9801359 0.1346399 -0.181621 0.9741078 0.09252619 -0.171598 0.9808124 0.08277398 -0.1692363 0.9820935 0.09746593 -0.1677607 0.9809979 0.05365306 -0.1606134 0.9855581 0.04733198 -0.1595573 0.9860534 0.7380561 -0.4797886 0.4744219 0.7166025 -0.5237362 0.4606314 0.8390003 -0.07228344 0.5393087 -0.254859 -0.3340467 0.9074468 -0.2226322 -0.5675042 0.7927005 -0.2666079 -0.1666988 0.9492797 -0.01976233 -0.4908172 -0.8710384 -0.01817405 -0.4919497 -0.870434 -0.02413475 -0.4876888 -0.8726839 -0.01083153 -0.7279974 -0.6854944 -0.01250886 -0.7266247 -0.6869208 -0.02000594 -0.720429 -0.6932401 0.00608617 -0.9965317 -0.08299225 0.008862435 -0.9961167 -0.08759653 0.00220853 -0.9970627 -0.07655787 -0.09839242 -0.5032085 -0.8585454 -0.08999383 -0.5096194 -0.8556806 -0.1128938 -0.4919756 -0.8632585 -0.07829594 -0.7411956 -0.6667074 -0.0806083 -0.7422748 -0.6652296 -0.09655016 -0.7495478 -0.6548711 -0.04768341 -0.9972724 -0.05633938 -0.04442739 -0.99719 -0.06031966 -0.06227785 -0.9973175 -0.03846114 0.9370404 -0.270498 0.2208761 0.9768955 -0.1872403 -0.1030362 0.9117908 -0.2859115 0.294775 0.9511142 -0.158456 0.2650914 0.9797363 -0.1392287 0.1439872 0.9453213 -0.1612149 0.2835094 0.9722676 -0.130894 0.1938107 0.9942682 -0.1069037 -0.001552224 0.9669693 -0.1334728 0.2171531 -0.786627 -0.3070996 -0.5356377 -0.851696 -0.4349336 -0.2923129 -0.8585092 -0.4717637 -0.201 -0.8189007 -0.3044524 -0.4865291 -0.8147863 -0.2998521 -0.4961978 -0.813847 -0.298813 -0.4983613 -0.9100997 -0.3745598 0.1772667 -0.8564586 -0.426963 -0.2901403 -0.900301 -0.3589907 0.246138 0.002301216 0 0.9999974 0.005110085 0 0.999987 0.9736701 0 0.227962 0.97367 0 0.2279622 0.9736701 0 0.227962 0.7488775 -1.22496e-7 -0.6627085 0.7488775 -1.1933e-7 -0.6627084 0.7488776 0 -0.6627084 -0.9515106 0 -0.3076161 -0.9515106 0 -0.3076162 -0.9515106 0 -0.3076162 -7.75605e-6 0.9999999 -5.76484e-4 0.3223926 0.8774515 0.3551647 -0.2383733 0.9537822 -0.1829694 -0.5017241 0.6415544 -0.5802422 0.1252713 0.6697803 -0.7319164 -0.408578 0.5001655 -0.7634779 0.1043356 0.706146 0.700337 -0.1968924 0.503282 0.8413922 -0.04778981 0.5287187 0.8474508 0.01129996 0.4724994 0.8812586 0.003110527 0.3822401 0.9240579 -0.2183631 0.3965239 0.8916762 -0.432916 0.8103101 0.3949449 -0.05846458 0.7115365 0.7002126 -0.06104004 0.7365407 0.6736334 0.2065696 0.4085747 0.8890421 0.0299189 0.4406797 0.8971657 -0.04044121 0.3884003 0.920603 0.01896864 0.5776255 0.8160815 0.09650617 0.9292072 0.356736 0.2767277 0.6822949 0.6766797 0.0350421 0.5075121 0.8609318 0.07668757 0.5358417 0.8408287 0.2018222 0.3787279 0.9032348 0.1521908 0.4679652 0.8705438 -0.296149 0.5385128 0.7888599 -0.501846 0.8205536 0.2735738 0.328064 0.8552368 0.4011784 0.1302275 0.4828416 0.8659705 -0.03253054 0.4290673 0.9026865 -0.008324027 0.4407457 0.8975935 0.009365022 0.5831062 0.8123419 -0.19089 0.7733731 0.6045289 -0.3127033 0.9376257 -0.1519036 -0.119663 0.7517029 0.648555 0.002028405 0.5094713 0.8604854 -0.132101 0.4446271 0.8859211 -0.1052733 0.494017 0.8630555 0.1142509 0.4875 0.8656157 0.1805427 0.3435527 0.921616 0.3259611 0.9028951 0.280232 -0.1099296 -0.8215718 -0.5594062 -0.1117205 -0.5992189 0.7927518 -0.02108365 -0.426036 -0.9044606 0.03524976 -0.4295818 -0.9023398 0.08987784 -0.7615551 -0.641838 0.2221187 -0.7342974 -0.6414597 0.1239538 -0.6740201 0.7282394 -0.9807732 -0.1834983 0.06642502 -0.9717494 -0.17564 0.157651 0.02814632 -0.4092445 0.9119906 0.9132853 -0.1563137 0.3761329 -0.9762194 -0.1390028 -0.1663545 -0.01521348 -0.4082347 0.9127503 0.8861931 -0.1339149 0.4435411 -0.9091718 -0.1138466 -0.4005565 -0.1744555 -0.368416 0.9131457 0.9861545 -0.1608487 -0.04033756 -0.8915668 -0.1058531 -0.440345 -0.3352662 -0.3819533 0.8612249 0.974158 -0.1685386 -0.1503698 -0.1060953 -0.1309613 -0.9856941 -0.9300484 -0.1133026 -0.3495323 -0.2190789 -0.1531688 -0.9636098 0.9745329 -0.18063 -0.132886 -0.1421512 -0.1314614 -0.9810765 -0.952483 -0.2183018 -0.2124158 0.7551547 -0.2097967 -0.621069 0.9831591 -0.1805864 0.02805167 -0.08093994 -0.1337891 -0.9876989 -0.9702145 -0.1890039 0.1515302 0.1471851 -0.4160181 0.8973659 0.9091566 -0.2805392 0.3077859 0.01127171 -0.1412622 -0.989908 0.9715821 0.0135259 0.2363163 -0.05056375 0.01691782 0.9985776 -0.9848889 0.002647578 -0.1731671 0.8471287 -0.01838529 0.5310696 0.007422268 0.0133059 0.999884 -0.9912126 0.002293884 0.1322588 0.9084264 -0.1927729 0.3709452 -0.02813208 0.00741446 0.9995768 -0.9191375 0.00356996 0.3939208 -0.9872397 0.007754385 0.1590525 0.003006279 0.05992823 -0.9981982 0.8919997 -0.01453006 0.4518027 0.1083329 -0.001898348 0.9941129 -0.9371477 -0.3132519 0.1537129 -0.07725304 0.06378459 -0.9949691 0.9626014 -0.05006301 0.2662558 0.7683243 -0.1389849 -0.6247887 -0.9707099 -0.23997 -0.01169884 -0.1476595 0.02571725 -0.9887039 0.9837908 -0.02399039 0.1777082 -0.2096479 -0.02432352 -0.9774743 -0.9546737 0.002551198 -0.2976436 -0.09791541 -0.009938657 -0.9951452 0.9817044 0.01526063 0.1897991 -0.1875985 0.0233556 0.9819682 -0.9517748 -0.003006815 -0.306783 -0.02596563 -0.4044227 0.9142036 0.9238148 -0.01436477 0.38257 -0.9780784 -0.02564293 0.2066522 0.02547878 -0.2532713 0.9670598 0.8580451 -0.01636469 0.5133137 -0.9888932 0.006659626 -0.1484794 -0.02389222 -0.2515611 0.9675465 0.9795637 -0.01722627 0.2003955 -0.9566936 0.01285952 -0.2908126 -0.197609 -0.09468871 0.9756971 -0.1056394 0.01982754 -0.9942069 -0.227098 0.02036052 -0.973659 0.9809225 -0.04079324 0.1900713 -0.1475245 0.02004462 -0.9888553 -0.9756164 0.01163339 -0.2191745 0.7480782 0.006991207 -0.6635739 0.9470167 -0.1052145 0.3034624 -0.07844799 0.01966834 -0.9967242 -0.9910153 0.005000412 0.1336557 0.09947413 -0.264362 0.9592797 0.8278262 -0.3118422 0.4663243 0.003756642 0.01910048 -0.9998105 -0.9497504 -0.2103958 0.2317495 -0.8790551 -0.1020901 0.4656605 -0.049313 -0.6945697 -0.7177333 -0.2265124 0 -0.9740083 -0.2511816 -0.6799744 0.6888706 -0.2363715 -0.8370493 -0.4934339 -0.181353 -0.7053337 -0.685285 0.8528106 0 0.5222206 -0.5075265 -0.85269 0.1238417 0.1434946 -0.9867277 -0.07601267 0.5791693 -0.5303788 -0.619081 0.004658162 0 -0.9999892 0.6033272 -0.7214502 0.3398617 0.009693443 -0.9999482 0.003106772 -0.4389989 -0.6750999 -0.5928913 0.923836 0 0.3827887 -0.07887154 0 -0.9968849 -0.03800207 0 -0.9992777 -0.1470084 0 -0.9891353 0.03800207 0 0.9992777 -0.1058371 0 -0.9943835 -0.005111932 0 -0.999987 -0.990957 0 0.1341807 -0.9756994 0 -0.2191136 -0.09984499 -0.4307706 -0.8969213 0.8440437 -0.2735317 -0.4612708 -0.6172752 -0.33761 -0.7106271 0.03052073 -0.9950118 -0.09497523 0.04843598 -0.7200888 -0.6921893 0.03111571 -0.4939998 -0.8689051 0.07751619 -0.1845822 0.9797554 0.1445005 -0.1839261 0.9722607 0.1043174 -0.168851 0.9801058 0 -1 0 -0.01374846 -0.4950941 -0.8687307 -0.003153741 -0.734217 -0.6789076 0.01264303 -0.9955049 -0.09386307 -0.07359385 -0.5219388 -0.8498023 -0.06051617 -0.7326936 -0.6778628 -0.03051811 -0.9965416 -0.07728886 0.973131 -0.1722633 -0.1527795 0.9819909 -0.1369206 0.130179 0.9942995 -0.103865 -0.02409756 -0.7677412 -0.2807865 -0.5759624 -0.8195232 -0.3051556 -0.4850381 -0.835471 -0.4267921 -0.3461747 0.005111932 0 0.999987 0.9736701 -1.20351e-7 0.2279623 0.7488775 -1.23058e-7 -0.6627086 -0.9515107 0 -0.3076161</float_array>
          <technique_common>
            <accessor source="#Plane_005-mesh-normals-array" count="745" stride="3">
              <param name="X" type="float"/>
              <param name="Y" type="float"/>
              <param name="Z" type="float"/>
            </accessor>
          </technique_common>
        </source>
        <source id="Plane_005-mesh-map-0">
          <float_array id="Plane_005-mesh-map-0-array" count="2472">0.4636275 0.5357401 0.4656274 0.5369901 0.4636275 0.5369901 0.4576275 0.5357401 0.4556275 0.5369901 0.4556275 0.5357401 0.4576275 0.5357401 0.4596275 0.5369901 0.4576274 0.5369901 0.4596275 0.5357401 0.4616274 0.5369901 0.4596275 0.5369901 0.4616274 0.5357401 0.4636275 0.5369901 0.4616274 0.5369901 0.4636275 0.5269901 0.4616274 0.5282402 0.4616274 0.5269901 0.4636275 0.5282402 0.4616274 0.5294901 0.4616274 0.5282402 0.4636275 0.5294901 0.4616274 0.5307402 0.4616274 0.5294901 0.4636275 0.5307402 0.4616274 0.5319901 0.4616274 0.5307402 0.4636275 0.5319901 0.4616274 0.5332401 0.4616274 0.5319901 0.4636275 0.5332401 0.4616274 0.5344901 0.4616274 0.5332401 0.4636275 0.5344901 0.4616274 0.5357401 0.4616274 0.5344901 0.4616274 0.5269901 0.4596275 0.5282402 0.4596275 0.5269901 0.6171176 0.5257794 0.6191176 0.5270293 0.6171176 0.5270293 0.4596275 0.5294901 0.4616274 0.5307402 0.4596275 0.5307402 0.4596275 0.5307402 0.4616274 0.5319901 0.4596275 0.5319901 0.4616274 0.5319901 0.4596275 0.5332401 0.4596275 0.5319901 0.4616274 0.5332401 0.4596275 0.5344901 0.4596275 0.5332401 0.4616274 0.5344901 0.4596275 0.5357401 0.4596275 0.5344901 0.4576274 0.5269901 0.4596275 0.5282402 0.4576274 0.5282402 0.6151176 0.5257794 0.6171176 0.5270293 0.6151176 0.5270293 0.4576274 0.5294901 0.4596275 0.5307402 0.4576274 0.5307402 0.4576274 0.5307402 0.4596275 0.5319901 0.4576275 0.5319901 0.4576275 0.5319901 0.4596275 0.5332401 0.4576274 0.5332401 0.4596275 0.5332401 0.4576275 0.5344901 0.4576274 0.5332401 0.4576275 0.5344901 0.4596275 0.5357401 0.4576275 0.5357401 0.4556275 0.5269901 0.4576274 0.5282402 0.4556275 0.5282402 0.4556275 0.5282402 0.4576274 0.5294901 0.4556275 0.5294901 0.4576274 0.5294901 0.4556275 0.5307402 0.4556275 0.5294901 0.4576274 0.5307402 0.4556275 0.5319901 0.4556275 0.5307402 0.4576275 0.5319901 0.4556275 0.5332401 0.4556275 0.5319901 0.4576274 0.5332401 0.4556275 0.5344901 0.4556275 0.5332401 0.4556275 0.5344901 0.4576275 0.5357401 0.4556275 0.5357401 0.4656274 0.5269901 0.4636275 0.5282402 0.4636275 0.5269901 0.4656274 0.5282402 0.4636275 0.5294901 0.4636275 0.5282402 0.4656274 0.5294901 0.4636275 0.5307402 0.4636275 0.5294901 0.4656274 0.5307402 0.4636275 0.5319901 0.4636275 0.5307402 0.4656274 0.5319901 0.4636275 0.5332401 0.4636275 0.5319901 0.4656274 0.5332401 0.4636275 0.5344901 0.4636275 0.5332401 0.4656274 0.5344901 0.4636275 0.5357401 0.4636275 0.5344901 0.7746077 0.8592155 0.7766077 0.8604654 0.7766077 0.8592155 0.7746077 0.8592155 0.7766077 0.8579655 0.7746077 0.8579655 0.5777451 0.8567939 0.5797451 0.8580439 0.5797451 0.8567939 0.5797451 0.8580439 0.5817451 0.8567939 0.5797451 0.8567939 0.5837451 0.8605439 0.5837451 0.8617939 0.5837451 0.8605439 0.5837451 0.8567939 0.5837451 0.8580439 0.5837451 0.8580439 0.7766077 0.8617154 0.7786077 0.8604654 0.7766077 0.8604654 0.7766077 0.8604654 0.7786077 0.8592155 0.7766077 0.8592155 0.7766077 0.8592155 0.7786077 0.8579655 0.7766077 0.8579655 0.5837451 0.8630439 0.5817451 0.8630439 0.5837451 0.8630439 0.5797451 0.8580439 0.5817451 0.8580439 0.5797451 0.8580439 0.5737451 0.8630439 0.5737451 0.8617939 0.5737451 0.8630439 0.5777451 0.8580439 0.5797451 0.8580439 0.5777451 0.8580439 0.5817451 0.8630439 0.5797451 0.8630439 0.5817451 0.8630439 0.6131176 0.5257794 0.6131176 0.5245293 0.6131176 0.5257794 0.6131176 0.5270293 0.6131176 0.5257794 0.6131176 0.5270293 0.6191176 0.5245293 0.6211176 0.5245293 0.6211176 0.5245293 0.6231176 0.5320293 0.6231176 0.5332794 0.6231176 0.5332794 0.6131176 0.5282794 0.6131176 0.5270293 0.6131176 0.5282794 0.6171176 0.5245293 0.6191176 0.5245293 0.6171176 0.5245293 0.6231176 0.5307794 0.6231176 0.5320293 0.6231176 0.5320293 0.6131176 0.5295293 0.6131176 0.5282794 0.6131176 0.5295293 0.6151176 0.5245293 0.6171176 0.5245293 0.6151176 0.5245293 0.6231176 0.5295293 0.6231176 0.5307794 0.6231176 0.5307794 0.6131176 0.5307794 0.6131176 0.5295293 0.6131176 0.5307794 0.6131176 0.5245293 0.6151176 0.5245293 0.6131176 0.5245293 0.6231176 0.5282794 0.6231176 0.5295293 0.6231176 0.5295293 0.6171176 0.5345293 0.6151176 0.5345293 0.6151176 0.5345293 0.6131176 0.5320293 0.6131176 0.5307794 0.6131176 0.5320293 0.6151176 0.5345293 0.6131176 0.5345293 0.6131176 0.5345293 0.6231176 0.5270293 0.6231176 0.5282794 0.6231176 0.5282794 0.6191176 0.5345293 0.6171176 0.5345293 0.6191176 0.5345293 0.6131176 0.5332794 0.6131176 0.5320293 0.6131176 0.5320293 0.6231176 0.5332794 0.6231176 0.5345293 0.6231176 0.5332794 0.6231176 0.5257794 0.6231176 0.5270293 0.6231176 0.5270293 0.6211176 0.5345293 0.6191176 0.5345293 0.6211176 0.5345293 0.6131176 0.5345293 0.6131176 0.5332794 0.6131176 0.5345293 0.6211176 0.5245293 0.6231176 0.5245293 0.6231176 0.5245293 0.6231176 0.5245293 0.6231176 0.5257794 0.6231176 0.5257794 0.6231176 0.5345293 0.6211176 0.5345293 0.6231176 0.5345293 0.6231176 0.5295293 0.6231176 0.5307794 0.6231176 0.5307794 0.6151176 0.5245293 0.6171176 0.5245293 0.6151176 0.5245293 0.6131176 0.5295293 0.6131176 0.5282794 0.6131176 0.5295293 0.6231176 0.5307794 0.6231176 0.5320293 0.6231176 0.5320293 0.6171176 0.5245293 0.6191176 0.5245293 0.6191176 0.5245293 0.6131176 0.5282794 0.6131176 0.5270293 0.6131176 0.5282794 0.6231176 0.5320293 0.6231176 0.5332794 0.6231176 0.5332794 0.6191176 0.5245293 0.6211176 0.5245293 0.6211176 0.5245293 0.6131176 0.5270293 0.6131176 0.5257794 0.6131176 0.5270293 0.6131176 0.5257794 0.6131176 0.5245293 0.6131176 0.5257794 0.6231176 0.5345293 0.6211176 0.5345293 0.6231176 0.5345293 0.6231176 0.5245293 0.6231176 0.5257794 0.6231176 0.5257794 0.6211176 0.5245293 0.6231176 0.5245293 0.6231176 0.5245293 0.6131176 0.5345293 0.6131176 0.5332794 0.6131176 0.5332794 0.6211176 0.5345293 0.6191176 0.5345293 0.6211176 0.5345293 0.6231176 0.5257794 0.6231176 0.5270293 0.6231176 0.5270293 0.6231176 0.5332794 0.6231176 0.5345293 0.6231176 0.5345293 0.6131176 0.5332794 0.6131176 0.5320293 0.6131176 0.5320293 0.6191176 0.5345293 0.6171176 0.5345293 0.6191176 0.5345293 0.6231176 0.5270293 0.6231176 0.5282794 0.6231176 0.5282794 0.6151176 0.5345293 0.6131176 0.5345293 0.6131176 0.5345293 0.6131176 0.5320293 0.6131176 0.5307794 0.6131176 0.5320293 0.6171176 0.5345293 0.6151176 0.5345293 0.6171176 0.5345293 0.6231176 0.5282794 0.6231176 0.5295293 0.6231176 0.5295293 0.6131176 0.5245293 0.6151176 0.5245293 0.6131176 0.5245293 0.6131176 0.5307794 0.6131176 0.5295293 0.6131176 0.5307794 0.7766077 0.8579655 0.7786077 0.8579655 0.7786077 0.8579655 0.5837451 0.8605439 0.5837451 0.8617939 0.5837451 0.8605439 0.7706077 0.8617154 0.7706077 0.8604654 0.7706077 0.8617154 0.7746077 0.8579655 0.7766077 0.8579655 0.7766077 0.8579655 0.5837451 0.8592939 0.5837451 0.8605439 0.5837451 0.8605439 0.5737451 0.8580439 0.5737451 0.8567939 0.5737451 0.8580439 0.7726077 0.8579655 0.7746077 0.8579655 0.7726077 0.8579655 0.5837451 0.8580439 0.5837451 0.8592939 0.5837451 0.8592939 0.5737451 0.8592939 0.5737451 0.8580439 0.5737451 0.8592939 0.7706077 0.8579655 0.7726077 0.8579655 0.7706077 0.8579655 0.5837451 0.8567939 0.5837451 0.8580439 0.5837451 0.8580439 0.5777451 0.8630439 0.5757451 0.8630439 0.5757451 0.8630439 0.5737451 0.8605439 0.5737451 0.8592939 0.5737451 0.8605439 0.5757451 0.8630439 0.5737451 0.8630439 0.5757451 0.8630439 0.7806077 0.8604654 0.7806077 0.8617154 0.7806077 0.8617154 0.5797451 0.8630439 0.5777451 0.8630439 0.5797451 0.8630439 0.5737451 0.8617939 0.5737451 0.8605439 0.5737451 0.8605439 0.5837451 0.8617939 0.5837451 0.8630439 0.5837451 0.8617939 0.7806077 0.8592155 0.7806077 0.8604654 0.7806077 0.8604654 0.5817451 0.8630439 0.5797451 0.8630439 0.5797451 0.8630439 0.5737451 0.8630439 0.5737451 0.8617939 0.5737451 0.8617939 0.7786077 0.8579655 0.7806077 0.8579655 0.7806077 0.8579655 0.7806077 0.8579655 0.7806077 0.8592155 0.7806077 0.8592155 0.5837451 0.8630439 0.5817451 0.8630439 0.5837451 0.8630439 0.7706077 0.8592155 0.7706077 0.8579655 0.7706077 0.8592155 0.7706077 0.8604654 0.7706077 0.8592155 0.7706077 0.8604654 0.7746077 0.8604654 0.7766077 0.8617154 0.7766077 0.8604654 0.5757451 0.8630439 0.5737451 0.8630439 0.5757451 0.8630439 0.5757451 0.8580439 0.5777451 0.8580439 0.5757451 0.8580439 0.5837451 0.8617939 0.5837451 0.8630439 0.5837451 0.8617939 0.5737451 0.8580439 0.5757451 0.8580439 0.5737451 0.8580439 0.7726077 0.8592155 0.7746077 0.8579655 0.7726077 0.8579655 0.7726077 0.8592155 0.7746077 0.8604654 0.7746077 0.8592155 0.7726077 0.8604654 0.7746077 0.8617154 0.7746077 0.8604654 0.5837451 0.8592939 0.5837451 0.8605439 0.5837451 0.8605439 0.5737451 0.8617939 0.5737451 0.8605439 0.5737451 0.8617939 0.5817451 0.8580439 0.5837451 0.8580439 0.5817451 0.8580439 0.5797451 0.8630439 0.5777451 0.8630439 0.5797451 0.8630439 0.7706077 0.8579655 0.7726077 0.8592155 0.7726077 0.8579655 0.7706077 0.8592155 0.7726077 0.8604654 0.7726077 0.8592155 0.7706077 0.8617154 0.7726077 0.8604654 0.7706077 0.8604654 0.5837451 0.8630439 0.5817451 0.8630439 0.5837451 0.8630439 0.5757451 0.8630439 0.5737451 0.8630439 0.5757451 0.8630439 0.5737451 0.8605439 0.5737451 0.8592939 0.5737451 0.8605439 0.5777451 0.8630439 0.5757451 0.8630439 0.5777451 0.8630439 0.7786077 0.8592155 0.7806077 0.8579655 0.7786077 0.8579655 0.7786077 0.8604654 0.7806077 0.8592155 0.7786077 0.8592155 0.7786077 0.8604654 0.7806077 0.8617154 0.7806077 0.8604654 0.5837451 0.8605439 0.5837451 0.8617939 0.5837451 0.8617939 0.5737451 0.8592939 0.5737451 0.8580439 0.5737451 0.8592939 0.5837451 0.8580439 0.5837451 0.8592939 0.5837451 0.8580439 0.5837451 0.8592939 0.5837451 0.8605439 0.5837451 0.8592939 0.5817451 0.8630439 0.5797451 0.8630439 0.5797451 0.8630439 0.5757451 0.8580439 0.5737451 0.8580439 0.5757451 0.8580439 0.5797451 0.8580439 0.5817451 0.8580439 0.5797451 0.8580439 0.5797451 0.8580439 0.5777451 0.8580439 0.5797451 0.8580439 0.5797451 0.8630439 0.5777451 0.8630439 0.5797451 0.8630439 0.6131176 0.5282794 0.6151176 0.5282794 0.6131176 0.5282794 0.6171176 0.5282794 0.6191176 0.5282794 0.6171176 0.5282794 0.5737451 0.8580439 0.5757451 0.8580439 0.5757451 0.8580439 0.5777451 0.8630439 0.5757451 0.8630439 0.5757451 0.8630439 0.5737451 0.8580439 0.5737451 0.8567939 0.5737451 0.8580439 0.5757451 0.8580439 0.5777451 0.8580439 0.5757451 0.8580439 0.5837451 0.8580439 0.5817451 0.8580439 0.5817451 0.8580439 0.5737451 0.8630439 0.5737451 0.8617939 0.5737451 0.8617939 0.5777451 0.8580439 0.5757451 0.8580439 0.5777451 0.8580439 0.6211176 0.5282794 0.6231176 0.5282794 0.6211176 0.5282794 0.5817451 0.8580439 0.5797451 0.8580439 0.5817451 0.8580439 0.5737451 0.8617939 0.5737451 0.8605439 0.5737451 0.8605439 0.6151176 0.5282794 0.6171176 0.5282794 0.6151176 0.5282794 0.6191176 0.5282794 0.6211176 0.5282794 0.6191176 0.5282794 0.5737451 0.8605439 0.5737451 0.8592939 0.5737451 0.8605439 0.5757451 0.8567939 0.5777451 0.8580439 0.5777451 0.8567939 0.5737451 0.8580439 0.5757451 0.8567939 0.5737451 0.8567939 0.5817451 0.8567939 0.5837451 0.8580439 0.5837451 0.8567939 0.5797451 0.8605439 0.5817451 0.8617939 0.5817451 0.8605439 0.5797451 0.8605439 0.5817451 0.8592939 0.5797451 0.8592939 0.5797451 0.8592939 0.5817451 0.8580439 0.5797451 0.8580439 0.5797451 0.8617939 0.5817451 0.8630439 0.5817451 0.8617939 0.5777451 0.8630439 0.5797451 0.8617939 0.5777451 0.8617939 0.5757451 0.8630439 0.5777451 0.8617939 0.5757451 0.8617939 0.5737451 0.8617939 0.5757451 0.8630439 0.5757451 0.8617939 0.5817451 0.8630439 0.5837451 0.8617939 0.5817451 0.8617939 0.5777451 0.8580439 0.5797451 0.8592939 0.5797451 0.8580439 0.5777451 0.8592939 0.5797451 0.8605439 0.5797451 0.8592939 0.5777451 0.8617939 0.5797451 0.8605439 0.5777451 0.8605439 0.5757451 0.8580439 0.5777451 0.8592939 0.5777451 0.8580439 0.5757451 0.8605439 0.5777451 0.8592939 0.5757451 0.8592939 0.5757451 0.8617939 0.5777451 0.8605439 0.5757451 0.8605439 0.5737451 0.8592939 0.5757451 0.8580439 0.5737451 0.8580439 0.5737451 0.8605439 0.5757451 0.8592939 0.5737451 0.8592939 0.5737451 0.8617939 0.5757451 0.8605439 0.5737451 0.8605439 0.5817451 0.8580439 0.5837451 0.8592939 0.5837451 0.8580439 0.5817451 0.8592939 0.5837451 0.8605439 0.5837451 0.8592939 0.5817451 0.8617939 0.5837451 0.8605439 0.5817451 0.8605439 0.5817451 0.8580439 0.5837451 0.8580439 0.5817451 0.8580439 0.5837451 0.8580439 0.5837451 0.8592939 0.5837451 0.8592939 0.5837451 0.8617939 0.5837451 0.8630439 0.5837451 0.8617939 0.5737451 0.8592939 0.5737451 0.8580439 0.5737451 0.8592939 0.5777451 0.8580439 0.5797451 0.8580439 0.5777451 0.8580439 0.4636275 0.5357401 0.4656274 0.5357401 0.4656274 0.5369901 0.4576275 0.5357401 0.4576274 0.5369901 0.4556275 0.5369901 0.4576275 0.5357401 0.4596275 0.5357401 0.4596275 0.5369901 0.4596275 0.5357401 0.4616274 0.5357401 0.4616274 0.5369901 0.4616274 0.5357401 0.4636275 0.5357401 0.4636275 0.5369901 0.4636275 0.5269901 0.4636275 0.5282402 0.4616274 0.5282402 0.4636275 0.5282402 0.4636275 0.5294901 0.4616274 0.5294901 0.4636275 0.5294901 0.4636275 0.5307402 0.4616274 0.5307402 0.4636275 0.5307402 0.4636275 0.5319901 0.4616274 0.5319901 0.4636275 0.5319901 0.4636275 0.5332401 0.4616274 0.5332401 0.4636275 0.5332401 0.4636275 0.5344901 0.4616274 0.5344901 0.4636275 0.5344901 0.4636275 0.5357401 0.4616274 0.5357401 0.4616274 0.5269901 0.4616274 0.5282402 0.4596275 0.5282402 0.6171176 0.5257794 0.6191176 0.5257794 0.6191176 0.5270293 0.4596275 0.5294901 0.4616274 0.5294901 0.4616274 0.5307402 0.4596275 0.5307402 0.4616274 0.5307402 0.4616274 0.5319901 0.4616274 0.5319901 0.4616274 0.5332401 0.4596275 0.5332401 0.4616274 0.5332401 0.4616274 0.5344901 0.4596275 0.5344901 0.4616274 0.5344901 0.4616274 0.5357401 0.4596275 0.5357401 0.4576274 0.5269901 0.4596275 0.5269901 0.4596275 0.5282402 0.6151176 0.5257794 0.6171176 0.5257794 0.6171176 0.5270293 0.4576274 0.5294901 0.4596275 0.5294901 0.4596275 0.5307402 0.4576274 0.5307402 0.4596275 0.5307402 0.4596275 0.5319901 0.4576275 0.5319901 0.4596275 0.5319901 0.4596275 0.5332401 0.4596275 0.5332401 0.4596275 0.5344901 0.4576275 0.5344901 0.4576275 0.5344901 0.4596275 0.5344901 0.4596275 0.5357401 0.4556275 0.5269901 0.4576274 0.5269901 0.4576274 0.5282402 0.4556275 0.5282402 0.4576274 0.5282402 0.4576274 0.5294901 0.4576274 0.5294901 0.4576274 0.5307402 0.4556275 0.5307402 0.4576274 0.5307402 0.4576275 0.5319901 0.4556275 0.5319901 0.4576275 0.5319901 0.4576274 0.5332401 0.4556275 0.5332401 0.4576274 0.5332401 0.4576275 0.5344901 0.4556275 0.5344901 0.4556275 0.5344901 0.4576275 0.5344901 0.4576275 0.5357401 0.4656274 0.5269901 0.4656274 0.5282402 0.4636275 0.5282402 0.4656274 0.5282402 0.4656274 0.5294901 0.4636275 0.5294901 0.4656274 0.5294901 0.4656274 0.5307402 0.4636275 0.5307402 0.4656274 0.5307402 0.4656274 0.5319901 0.4636275 0.5319901 0.4656274 0.5319901 0.4656274 0.5332401 0.4636275 0.5332401 0.4656274 0.5332401 0.4656274 0.5344901 0.4636275 0.5344901 0.4656274 0.5344901 0.4656274 0.5357401 0.4636275 0.5357401 0.7746077 0.8592155 0.7746077 0.8604654 0.7766077 0.8604654 0.7746077 0.8592155 0.7766077 0.8592155 0.7766077 0.8579655 0.5777451 0.8567939 0.5777451 0.8580439 0.5797451 0.8580439 0.5797451 0.8580439 0.5817451 0.8580439 0.5817451 0.8567939 0.5837451 0.8605439 0.5837451 0.8617939 0.5837451 0.8617939 0.5837451 0.8567939 0.5837451 0.8567939 0.5837451 0.8580439 0.7766077 0.8617154 0.7786077 0.8617154 0.7786077 0.8604654 0.7766077 0.8604654 0.7786077 0.8604654 0.7786077 0.8592155 0.7766077 0.8592155 0.7786077 0.8592155 0.7786077 0.8579655 0.5837451 0.8630439 0.5817451 0.8630439 0.5817451 0.8630439 0.5797451 0.8580439 0.5817451 0.8580439 0.5817451 0.8580439 0.5737451 0.8630439 0.5737451 0.8617939 0.5737451 0.8617939 0.5777451 0.8580439 0.5797451 0.8580439 0.5797451 0.8580439 0.5817451 0.8630439 0.5797451 0.8630439 0.5797451 0.8630439 0.6131176 0.5257794 0.6131176 0.5245293 0.6131176 0.5245293 0.6131176 0.5270293 0.6131176 0.5257794 0.6131176 0.5257794 0.6191176 0.5245293 0.6191176 0.5245293 0.6211176 0.5245293 0.6231176 0.5320293 0.6231176 0.5320293 0.6231176 0.5332794 0.6131176 0.5282794 0.6131176 0.5270293 0.6131176 0.5270293 0.6171176 0.5245293 0.6191176 0.5245293 0.6191176 0.5245293 0.6231176 0.5307794 0.6231176 0.5307794 0.6231176 0.5320293 0.6131176 0.5295293 0.6131176 0.5282794 0.6131176 0.5282794 0.6151176 0.5245293 0.6171176 0.5245293 0.6171176 0.5245293 0.6231176 0.5295293 0.6231176 0.5295293 0.6231176 0.5307794 0.6131176 0.5307794 0.6131176 0.5295293 0.6131176 0.5295293 0.6131176 0.5245293 0.6151176 0.5245293 0.6151176 0.5245293 0.6231176 0.5282794 0.6231176 0.5282794 0.6231176 0.5295293 0.6171176 0.5345293 0.6171176 0.5345293 0.6151176 0.5345293 0.6131176 0.5320293 0.6131176 0.5307794 0.6131176 0.5307794 0.6151176 0.5345293 0.6151176 0.5345293 0.6131176 0.5345293 0.6231176 0.5270293 0.6231176 0.5270293 0.6231176 0.5282794 0.6191176 0.5345293 0.6171176 0.5345293 0.6171176 0.5345293 0.6131176 0.5332794 0.6131176 0.5332794 0.6131176 0.5320293 0.6231176 0.5332794 0.6231176 0.5345293 0.6231176 0.5345293 0.6231176 0.5257794 0.6231176 0.5257794 0.6231176 0.5270293 0.6211176 0.5345293 0.6191176 0.5345293 0.6191176 0.5345293 0.6131176 0.5345293 0.6131176 0.5332794 0.6131176 0.5332794 0.6211176 0.5245293 0.6211176 0.5245293 0.6231176 0.5245293 0.6231176 0.5245293 0.6231176 0.5245293 0.6231176 0.5257794 0.6231176 0.5345293 0.6211176 0.5345293 0.6211176 0.5345293 0.6231176 0.5295293 0.6231176 0.5295293 0.6231176 0.5307794 0.6151176 0.5245293 0.6171176 0.5245293 0.6171176 0.5245293 0.6131176 0.5295293 0.6131176 0.5282794 0.6131176 0.5282794 0.6231176 0.5307794 0.6231176 0.5307794 0.6231176 0.5320293 0.6171176 0.5245293 0.6171176 0.5245293 0.6191176 0.5245293 0.6131176 0.5282794 0.6131176 0.5270293 0.6131176 0.5270293 0.6231176 0.5320293 0.6231176 0.5320293 0.6231176 0.5332794 0.6191176 0.5245293 0.6191176 0.5245293 0.6211176 0.5245293 0.6131176 0.5270293 0.6131176 0.5257794 0.6131176 0.5257794 0.6131176 0.5257794 0.6131176 0.5245293 0.6131176 0.5245293 0.6231176 0.5345293 0.6211176 0.5345293 0.6211176 0.5345293 0.6231176 0.5245293 0.6231176 0.5245293 0.6231176 0.5257794 0.6211176 0.5245293 0.6211176 0.5245293 0.6231176 0.5245293 0.6131176 0.5345293 0.6131176 0.5345293 0.6131176 0.5332794 0.6211176 0.5345293 0.6191176 0.5345293 0.6191176 0.5345293 0.6231176 0.5257794 0.6231176 0.5257794 0.6231176 0.5270293 0.6231176 0.5332794 0.6231176 0.5332794 0.6231176 0.5345293 0.6131176 0.5332794 0.6131176 0.5332794 0.6131176 0.5320293 0.6191176 0.5345293 0.6171176 0.5345293 0.6171176 0.5345293 0.6231176 0.5270293 0.6231176 0.5270293 0.6231176 0.5282794 0.6151176 0.5345293 0.6151176 0.5345293 0.6131176 0.5345293 0.6131176 0.5320293 0.6131176 0.5307794 0.6131176 0.5307794 0.6171176 0.5345293 0.6151176 0.5345293 0.6151176 0.5345293 0.6231176 0.5282794 0.6231176 0.5282794 0.6231176 0.5295293 0.6131176 0.5245293 0.6151176 0.5245293 0.6151176 0.5245293 0.6131176 0.5307794 0.6131176 0.5295293 0.6131176 0.5295293 0.7766077 0.8579655 0.7766077 0.8579655 0.7786077 0.8579655 0.5837451 0.8605439 0.5837451 0.8617939 0.5837451 0.8617939 0.7706077 0.8617154 0.7706077 0.8604654 0.7706077 0.8604654 0.7746077 0.8579655 0.7746077 0.8579655 0.7766077 0.8579655 0.5837451 0.8592939 0.5837451 0.8592939 0.5837451 0.8605439 0.5737451 0.8580439 0.5737451 0.8567939 0.5737451 0.8567939 0.7726077 0.8579655 0.7746077 0.8579655 0.7746077 0.8579655 0.5837451 0.8580439 0.5837451 0.8580439 0.5837451 0.8592939 0.5737451 0.8592939 0.5737451 0.8580439 0.5737451 0.8580439 0.7706077 0.8579655 0.7726077 0.8579655 0.7726077 0.8579655 0.5837451 0.8567939 0.5837451 0.8567939 0.5837451 0.8580439 0.5777451 0.8630439 0.5777451 0.8630439 0.5757451 0.8630439 0.5737451 0.8605439 0.5737451 0.8592939 0.5737451 0.8592939 0.5757451 0.8630439 0.5737451 0.8630439 0.5737451 0.8630439 0.7806077 0.8604654 0.7806077 0.8604654 0.7806077 0.8617154 0.5797451 0.8630439 0.5777451 0.8630439 0.5777451 0.8630439 0.5737451 0.8617939 0.5737451 0.8617939 0.5737451 0.8605439 0.5837451 0.8617939 0.5837451 0.8630439 0.5837451 0.8630439 0.7806077 0.8592155 0.7806077 0.8592155 0.7806077 0.8604654 0.5817451 0.8630439 0.5817451 0.8630439 0.5797451 0.8630439 0.5737451 0.8630439 0.5737451 0.8630439 0.5737451 0.8617939 0.7786077 0.8579655 0.7786077 0.8579655 0.7806077 0.8579655 0.7806077 0.8579655 0.7806077 0.8579655 0.7806077 0.8592155 0.5837451 0.8630439 0.5817451 0.8630439 0.5817451 0.8630439 0.7706077 0.8592155 0.7706077 0.8579655 0.7706077 0.8579655 0.7706077 0.8604654 0.7706077 0.8592155 0.7706077 0.8592155 0.7746077 0.8604654 0.7746077 0.8617154 0.7766077 0.8617154 0.5757451 0.8630439 0.5737451 0.8630439 0.5737451 0.8630439 0.5757451 0.8580439 0.5777451 0.8580439 0.5777451 0.8580439 0.5837451 0.8617939 0.5837451 0.8630439 0.5837451 0.8630439 0.5737451 0.8580439 0.5757451 0.8580439 0.5757451 0.8580439 0.7726077 0.8592155 0.7746077 0.8592155 0.7746077 0.8579655 0.7726077 0.8592155 0.7726077 0.8604654 0.7746077 0.8604654 0.7726077 0.8604654 0.7726077 0.8617154 0.7746077 0.8617154 0.5837451 0.8592939 0.5837451 0.8592939 0.5837451 0.8605439 0.5737451 0.8617939 0.5737451 0.8605439 0.5737451 0.8605439 0.5817451 0.8580439 0.5837451 0.8580439 0.5837451 0.8580439 0.5797451 0.8630439 0.5777451 0.8630439 0.5777451 0.8630439 0.7706077 0.8579655 0.7706077 0.8592155 0.7726077 0.8592155 0.7706077 0.8592155 0.7706077 0.8604654 0.7726077 0.8604654 0.7706077 0.8617154 0.7726077 0.8617154 0.7726077 0.8604654 0.5837451 0.8630439 0.5817451 0.8630439 0.5817451 0.8630439 0.5757451 0.8630439 0.5737451 0.8630439 0.5737451 0.8630439 0.5737451 0.8605439 0.5737451 0.8592939 0.5737451 0.8592939 0.5777451 0.8630439 0.5757451 0.8630439 0.5757451 0.8630439 0.7786077 0.8592155 0.7806077 0.8592155 0.7806077 0.8579655 0.7786077 0.8604654 0.7806077 0.8604654 0.7806077 0.8592155 0.7786077 0.8604654 0.7786077 0.8617154 0.7806077 0.8617154 0.5837451 0.8605439 0.5837451 0.8605439 0.5837451 0.8617939 0.5737451 0.8592939 0.5737451 0.8580439 0.5737451 0.8580439 0.5837451 0.8580439 0.5837451 0.8592939 0.5837451 0.8592939 0.5837451 0.8592939 0.5837451 0.8605439 0.5837451 0.8605439 0.5817451 0.8630439 0.5817451 0.8630439 0.5797451 0.8630439 0.5757451 0.8580439 0.5737451 0.8580439 0.5737451 0.8580439 0.5797451 0.8580439 0.5817451 0.8580439 0.5817451 0.8580439 0.5797451 0.8580439 0.5777451 0.8580439 0.5777451 0.8580439 0.5797451 0.8630439 0.5777451 0.8630439 0.5777451 0.8630439 0.6131176 0.5282794 0.6151176 0.5282794 0.6151176 0.5282794 0.6171176 0.5282794 0.6191176 0.5282794 0.6191176 0.5282794 0.5737451 0.8580439 0.5737451 0.8580439 0.5757451 0.8580439 0.5777451 0.8630439 0.5777451 0.8630439 0.5757451 0.8630439 0.5737451 0.8580439 0.5737451 0.8567939 0.5737451 0.8567939 0.5757451 0.8580439 0.5777451 0.8580439 0.5777451 0.8580439 0.5837451 0.8580439 0.5837451 0.8580439 0.5817451 0.8580439 0.5737451 0.8630439 0.5737451 0.8630439 0.5737451 0.8617939 0.5777451 0.8580439 0.5757451 0.8580439 0.5757451 0.8580439 0.6211176 0.5282794 0.6231176 0.5282794 0.6231176 0.5282794 0.5817451 0.8580439 0.5797451 0.8580439 0.5797451 0.8580439 0.5737451 0.8617939 0.5737451 0.8617939 0.5737451 0.8605439 0.6151176 0.5282794 0.6171176 0.5282794 0.6171176 0.5282794 0.6191176 0.5282794 0.6211176 0.5282794 0.6211176 0.5282794 0.5737451 0.8605439 0.5737451 0.8592939 0.5737451 0.8592939 0.5757451 0.8567939 0.5757451 0.8580439 0.5777451 0.8580439 0.5737451 0.8580439 0.5757451 0.8580439 0.5757451 0.8567939 0.5817451 0.8567939 0.5817451 0.8580439 0.5837451 0.8580439 0.5797451 0.8605439 0.5797451 0.8617939 0.5817451 0.8617939 0.5797451 0.8605439 0.5817451 0.8605439 0.5817451 0.8592939 0.5797451 0.8592939 0.5817451 0.8592939 0.5817451 0.8580439 0.5797451 0.8617939 0.5797451 0.8630439 0.5817451 0.8630439 0.5777451 0.8630439 0.5797451 0.8630439 0.5797451 0.8617939 0.5757451 0.8630439 0.5777451 0.8630439 0.5777451 0.8617939 0.5737451 0.8617939 0.5737451 0.8630439 0.5757451 0.8630439 0.5817451 0.8630439 0.5837451 0.8630439 0.5837451 0.8617939 0.5777451 0.8580439 0.5777451 0.8592939 0.5797451 0.8592939 0.5777451 0.8592939 0.5777451 0.8605439 0.5797451 0.8605439 0.5777451 0.8617939 0.5797451 0.8617939 0.5797451 0.8605439 0.5757451 0.8580439 0.5757451 0.8592939 0.5777451 0.8592939 0.5757451 0.8605439 0.5777451 0.8605439 0.5777451 0.8592939 0.5757451 0.8617939 0.5777451 0.8617939 0.5777451 0.8605439 0.5737451 0.8592939 0.5757451 0.8592939 0.5757451 0.8580439 0.5737451 0.8605439 0.5757451 0.8605439 0.5757451 0.8592939 0.5737451 0.8617939 0.5757451 0.8617939 0.5757451 0.8605439 0.5817451 0.8580439 0.5817451 0.8592939 0.5837451 0.8592939 0.5817451 0.8592939 0.5817451 0.8605439 0.5837451 0.8605439 0.5817451 0.8617939 0.5837451 0.8617939 0.5837451 0.8605439 0.5817451 0.8580439 0.5837451 0.8580439 0.5837451 0.8580439 0.5837451 0.8580439 0.5837451 0.8580439 0.5837451 0.8592939 0.5837451 0.8617939 0.5837451 0.8630439 0.5837451 0.8630439 0.5737451 0.8592939 0.5737451 0.8580439 0.5737451 0.8580439 0.5777451 0.8580439 0.5797451 0.8580439 0.5797451 0.8580439</float_array>
          <technique_common>
            <accessor source="#Plane_005-mesh-map-0-array" count="1236" stride="2">
              <param name="S" type="float"/>
              <param name="T" type="float"/>
            </accessor>
          </technique_common>
        </source>
        <vertices id="Plane_005-mesh-vertices">
          <input semantic="POSITION" source="#Plane_005-mesh-positions"/>
        </vertices>
        <triangles material="christmasIslandDual_001-material" count="184">
          <input semantic="VERTEX" source="#Plane_005-mesh-vertices" offset="0"/>
          <input semantic="NORMAL" source="#Plane_005-mesh-normals" offset="1"/>
          <input semantic="TEXCOORD" source="#Plane_005-mesh-map-0" offset="2" set="0"/>
          <p>53 0 0 3 1 1 8 2 2 32 3 3 2 4 4 12 5 5 32 6 6 10 7 7 11 8 8 39 9 9 9 10 10 10 11 11 46 12 12 8 13 13 9 14 14 7 15 15 40 16 16 6 17 17 47 18 18 41 19 19 40 20 20 48 21 21 42 22 22 41 23 23 49 24 24 43 25 25 42 26 26 50 27 27 44 28 28 43 29 29 51 30 30 45 31 31 44 32 32 52 33 33 46 34 34 45 35 35 6 36 36 33 37 37 5 38 38 33 39 39 41 40 40 34 41 41 34 42 42 42 43 43 35 44 44 35 45 45 43 46 46 36 47 47 43 48 48 37 49 49 36 50 50 44 51 51 38 52 52 37 53 53 45 54 54 39 55 55 38 56 56 4 57 57 33 58 58 26 59 59 26 60 60 34 61 61 27 62 62 27 63 63 35 64 64 28 65 65 28 66 66 36 67 67 29 68 68 29 69 69 37 70 70 30 71 71 37 72 72 31 73 73 30 74 74 31 75 75 39 76 76 32 77 77 0 78 78 26 79 79 18 80 80 18 81 81 27 82 82 17 83 83 27 84 84 16 85 85 17 86 86 28 87 87 15 88 88 16 89 89 29 90 90 14 91 91 15 92 92 30 93 93 13 94 94 14 95 95 13 96 96 32 97 97 12 98 98 1 99 99 47 100 100 7 101 101 19 102 102 48 103 103 47 104 104 20 105 105 49 106 106 48 107 107 21 108 108 50 109 109 49 110 110 22 111 111 51 112 112 50 113 113 23 114 114 52 115 115 51 116 116 24 117 117 53 118 118 52 119 119 108 159 162 55 160 163 54 161 164 127 162 165 54 163 166 77 164 167 64 165 168 110 166 169 56 167 170 83 168 171 112 169 172 58 170 173 126 171 174 77 172 175 76 173 176 117 174 177 64 175 178 63 176 179 82 177 180 133 178 181 83 179 182 125 180 183 76 181 184 75 182 185 116 183 186 63 184 187 62 185 188 81 186 189 132 187 190 82 188 191 124 189 192 75 190 193 74 191 194 109 192 195 62 193 196 55 194 197 80 195 198 131 196 199 81 197 200 67 198 201 114 199 202 60 200 203 123 201 204 74 202 205 73 203 206 60 204 207 115 205 208 61 206 209 79 207 210 130 208 211 80 209 212 120 210 213 67 211 214 66 212 215 72 213 216 123 214 217 73 215 218 112 216 219 59 217 220 58 218 221 78 219 222 129 220 223 79 221 224 119 222 225 66 223 226 65 224 227 115 225 228 72 226 229 61 227 230 56 228 231 111 229 232 57 230 233 57 231 234 128 232 235 78 233 236 113 234 237 65 235 238 59 236 239 22 237 240 82 238 241 23 239 242 62 240 243 5 241 244 4 242 245 75 243 246 16 244 247 15 245 248 23 246 249 83 247 250 24 248 251 5 249 252 64 250 253 6 251 254 76 252 255 17 253 256 16 254 257 24 255 258 58 256 259 25 257 260 6 258 261 56 259 262 7 260 263 77 261 264 18 262 265 17 263 266 54 264 267 0 265 268 18 266 269 59 267 270 8 268 271 3 269 272 1 270 273 78 271 274 19 272 275 7 273 276 57 274 277 1 275 278 2 276 279 72 277 280 12 278 281 65 279 282 9 280 283 8 281 284 19 282 285 79 283 286 20 284 287 25 285 288 59 286 289 3 287 290 12 288 291 73 289 292 13 290 293 66 291 294 10 292 295 9 293 296 20 294 297 80 295 298 21 296 299 11 297 300 61 298 301 2 299 302 73 300 303 14 301 304 13 302 305 67 303 306 11 304 307 10 305 308 21 306 309 81 307 310 22 308 311 55 309 312 4 310 313 0 311 314 74 312 315 15 313 316 14 314 317 53 0 618 25 574 619 3 1 620 32 3 621 11 575 622 2 4 623 32 6 624 39 576 625 10 7 626 39 9 627 46 577 628 9 10 629 46 12 630 53 578 631 8 13 632 7 15 633 47 579 634 40 16 635 47 18 636 48 580 637 41 19 638 48 21 639 49 581 640 42 22 641 49 24 642 50 582 643 43 25 644 50 27 645 51 583 646 44 28 647 51 30 648 52 584 649 45 31 650 52 33 651 53 585 652 46 34 653 6 36 654 40 586 655 33 37 656 33 39 657 40 587 658 41 40 659 34 42 660 41 588 661 42 43 662 35 45 663 42 589 664 43 46 665 43 48 666 44 590 667 37 49 668 44 51 669 45 591 670 38 52 671 45 54 672 46 592 673 39 55 674 4 57 675 5 593 676 33 58 677 26 60 678 33 594 679 34 61 680 27 63 681 34 595 682 35 64 683 28 66 684 35 596 685 36 67 686 29 69 687 36 597 688 37 70 689 37 72 690 38 598 691 31 73 692 31 75 693 38 599 694 39 76 695 0 78 696 4 600 697 26 79 698 18 81 699 26 601 700 27 82 701 27 84 702 28 602 703 16 85 704 28 87 705 29 603 706 15 88 707 29 90 708 30 604 709 14 91 710 30 93 711 31 605 712 13 94 713 13 96 714 31 606 715 32 97 716 1 99 717 19 607 718 47 100 719 19 102 720 20 608 721 48 103 722 20 105 723 21 609 724 49 106 725 21 108 726 22 610 727 50 109 728 22 111 729 23 611 730 51 112 731 23 114 732 24 612 733 52 115 734 24 117 735 25 613 736 53 118 737 108 159 780 109 621 781 55 160 782 127 162 783 108 622 784 54 163 785 64 165 786 118 623 787 110 166 788 83 168 789 133 624 790 112 169 791 126 171 792 127 625 793 77 172 794 117 174 795 118 626 796 64 175 797 82 177 798 132 627 799 133 178 800 125 180 801 126 628 802 76 181 803 116 183 804 117 629 805 63 184 806 81 186 807 131 630 808 132 187 809 124 189 810 125 631 811 75 190 812 109 192 813 116 632 814 62 193 815 80 195 816 130 633 817 131 196 818 67 198 819 121 634 820 114 199 821 123 201 822 124 635 823 74 202 824 60 204 825 114 636 826 115 205 827 79 207 828 129 637 829 130 208 830 120 210 831 121 638 832 67 211 833 72 213 834 122 639 835 123 214 836 112 216 837 113 640 838 59 217 839 78 219 840 128 641 841 129 220 842 119 222 843 120 642 844 66 223 845 115 225 846 122 643 847 72 226 848 56 228 849 110 644 850 111 229 851 57 231 852 111 645 853 128 232 854 113 234 855 119 646 856 65 235 857 22 237 858 81 647 859 82 238 860 62 240 861 63 648 862 5 241 863 75 243 864 76 649 865 16 244 866 23 246 867 82 650 868 83 247 869 5 249 870 63 651 871 64 250 872 76 252 873 77 652 874 17 253 875 24 255 876 83 653 877 58 256 878 6 258 879 64 654 880 56 259 881 77 261 882 54 655 883 18 262 884 54 264 885 55 656 886 0 265 887 59 267 888 65 657 889 8 268 890 1 270 891 57 658 892 78 271 893 7 273 894 56 659 895 57 274 896 2 276 897 61 660 898 72 277 899 65 279 900 66 661 901 9 280 902 19 282 903 78 662 904 79 283 905 25 285 906 58 663 907 59 286 908 12 288 909 72 664 910 73 289 911 66 291 912 67 665 913 10 292 914 20 294 915 79 666 916 80 295 917 11 297 918 60 667 919 61 298 920 73 300 921 74 668 922 14 301 923 67 303 924 60 669 925 11 304 926 21 306 927 80 670 928 81 307 929 55 309 930 62 671 931 4 310 932 74 312 933 75 672 934 15 313 935</p>
        </triangles>
        <triangles material="christmasIslandDual_002-material" count="228">
          <input semantic="VERTEX" source="#Plane_005-mesh-vertices" offset="0"/>
          <input semantic="NORMAL" source="#Plane_005-mesh-normals" offset="1"/>
          <input semantic="TEXCOORD" source="#Plane_005-mesh-map-0" offset="2" set="0"/>
          <p>142 120 120 149 121 121 148 122 122 142 123 123 97 124 124 98 125 125 159 126 126 92 127 127 93 128 128 92 129 129 91 130 130 93 131 131 161 132 132 103 133 133 135 134 134 69 135 135 146 136 136 68 137 137 150 138 138 155 139 139 149 140 140 149 141 141 154 142 142 148 143 143 148 144 144 105 145 145 97 146 146 174 147 147 96 148 148 102 149 149 176 150 150 157 151 151 151 152 152 169 153 153 89 154 154 100 155 155 175 156 156 151 152 157 145 151 158 170 157 159 95 158 160 96 148 161 118 315 318 105 316 319 110 317 320 135 318 321 112 319 322 133 320 323 85 321 324 127 322 325 126 323 326 117 324 327 97 325 328 118 326 329 132 327 330 135 328 331 133 329 332 86 330 333 126 331 334 125 332 335 99 333 336 117 334 337 116 335 338 131 336 339 134 337 340 132 338 341 87 339 342 125 340 343 124 341 344 106 342 345 116 343 346 109 344 347 130 345 348 68 346 349 131 347 350 121 348 351 101 349 352 114 350 353 88 351 354 124 341 355 123 352 356 101 353 357 115 354 358 114 355 359 129 356 360 69 357 361 130 345 362 95 358 363 121 359 364 120 360 365 122 361 366 88 362 367 123 363 368 103 364 369 113 365 370 112 366 371 128 367 372 70 368 373 129 369 374 119 370 375 95 371 376 120 372 377 115 373 378 89 374 379 122 375 380 110 376 381 104 377 382 111 378 383 111 379 384 71 380 385 128 381 386 102 382 387 119 383 388 113 384 389 107 385 390 109 386 391 108 387 392 84 388 393 108 389 394 127 390 395 143 391 396 150 392 397 149 393 398 197 394 399 169 395 400 173 396 401 160 152 402 145 151 403 139 397 404 162 398 405 102 149 406 103 133 407 166 399 408 139 397 409 86 400 410 136 401 411 98 402 412 99 403 413 136 404 414 143 405 415 142 406 416 137 407 417 144 408 418 143 409 419 163 410 420 182 411 421 161 412 422 168 413 423 88 414 424 89 154 425 177 415 426 68 416 427 157 151 428 171 417 429 94 418 430 95 158 431 106 419 432 136 420 433 99 421 434 107 422 435 137 423 436 136 424 437 85 425 438 137 426 439 84 427 440 198 428 441 170 429 442 174 430 443 173 431 444 100 155 445 101 432 446 167 433 447 87 434 448 88 414 449 172 435 450 101 432 451 94 418 452 154 436 453 104 437 454 105 438 455 155 439 456 71 440 457 154 441 458 155 442 459 69 443 460 70 444 461 161 445 462 183 446 463 162 447 464 165 448 465 86 400 466 87 434 467 164 449 468 134 450 469 68 416 470 163 451 471 135 134 472 134 450 473 170 452 474 194 453 475 171 454 476 152 455 477 86 456 478 139 151 479 202 457 480 177 415 481 176 150 482 92 458 483 145 151 484 151 152 485 194 459 486 172 460 487 171 461 488 140 462 489 138 463 490 85 152 491 159 464 492 150 465 493 144 466 494 166 467 495 181 468 496 160 151 497 172 469 498 197 470 499 173 471 500 141 472 501 85 473 502 86 472 503 181 474 504 175 156 505 160 152 506 68 475 507 90 476 508 157 151 509 169 477 510 189 478 511 168 479 512 158 480 513 139 397 514 145 151 515 91 481 516 69 482 517 156 483 518 90 484 519 151 152 520 157 151 521 168 485 522 188 486 523 167 487 524 153 488 525 144 466 526 138 463 527 93 489 528 156 483 529 150 465 530 188 490 531 165 491 532 167 492 533 153 493 534 158 494 535 159 495 536 141 496 537 153 497 538 140 498 539 91 499 540 146 500 541 147 501 542 204 502 543 191 503 544 207 504 545 204 505 546 206 506 547 203 507 548 203 508 549 205 509 550 202 510 551 193 511 552 192 512 553 191 513 554 196 514 555 193 515 556 195 516 557 197 517 558 195 518 559 179 519 560 189 520 561 197 521 562 179 522 563 192 523 564 183 524 565 191 525 566 199 526 567 203 527 568 202 528 569 200 529 570 204 530 571 203 531 572 195 532 573 204 533 574 201 534 575 181 535 576 200 536 577 199 537 578 178 538 579 200 539 580 180 540 581 179 541 582 201 542 583 178 543 584 186 544 585 181 545 586 187 546 587 188 547 588 180 548 589 186 549 590 189 550 591 178 551 592 188 552 593 205 553 594 184 554 595 185 555 596 206 556 597 182 557 598 184 558 599 191 559 600 182 560 601 207 561 602 205 562 603 164 563 604 177 151 605 164 564 606 184 565 607 163 566 608 183 567 609 174 568 610 162 569 611 186 570 612 166 571 613 165 572 614 199 573 615 176 150 616 175 156 617 142 120 738 143 614 739 149 121 740 142 123 741 148 615 742 97 124 743 159 126 744 158 616 745 92 127 746 92 129 747 90 617 748 91 130 749 161 132 750 162 398 751 103 133 752 69 135 753 147 151 754 146 136 755 150 138 756 156 618 757 155 139 758 149 141 759 155 619 760 154 142 761 148 144 762 154 620 763 105 145 764 174 147 765 170 157 766 96 148 767 176 150 768 177 415 769 157 151 770 169 153 771 168 413 772 89 154 773 175 156 774 176 150 775 151 152 776 170 157 777 171 417 778 95 158 779 118 315 936 97 673 937 105 316 938 135 318 939 103 674 940 112 319 941 85 321 942 84 675 943 127 322 944 117 324 945 98 676 946 97 325 947 132 327 948 134 677 949 135 328 950 86 330 951 85 678 952 126 331 953 99 333 954 98 679 955 117 334 956 131 336 957 68 680 958 134 337 959 87 339 960 86 681 961 125 340 962 106 342 963 99 682 964 116 343 965 130 345 966 69 357 967 68 346 968 121 348 969 94 683 970 101 349 971 88 351 972 87 339 973 124 341 974 101 353 975 100 684 976 115 354 977 129 356 978 70 685 979 69 357 980 95 358 981 94 686 982 121 359 983 122 361 984 89 687 985 88 362 986 103 364 987 102 688 988 113 365 989 128 367 990 71 689 991 70 368 992 119 370 993 96 690 994 95 371 995 115 373 996 100 691 997 89 374 998 110 376 999 105 692 1000 104 377 1001 111 379 1002 104 693 1003 71 380 1004 102 382 1005 96 694 1006 119 383 1007 107 385 1008 106 695 1009 109 386 1010 84 388 1011 107 696 1012 108 389 1013 143 391 1014 144 697 1015 150 392 1016 197 394 1017 190 698 1018 169 395 1019 160 152 1020 175 156 1021 145 151 1022 162 398 1023 174 147 1024 102 149 1025 166 399 1026 160 152 1027 139 397 1028 136 401 1029 142 699 1030 98 402 1031 136 404 1032 137 700 1033 143 405 1034 137 407 1035 138 701 1036 144 408 1037 163 410 1038 184 702 1039 182 411 1040 168 413 1041 167 433 1042 88 414 1043 177 415 1044 164 449 1045 68 416 1046 171 417 1047 172 435 1048 94 418 1049 106 419 1050 107 703 1051 136 420 1052 107 422 1053 84 704 1054 137 423 1055 85 425 1056 138 705 1057 137 426 1058 198 428 1059 192 706 1060 170 429 1061 173 431 1062 169 153 1063 100 155 1064 167 433 1065 165 448 1066 87 434 1067 172 435 1068 173 431 1069 101 432 1070 154 436 1071 71 707 1072 104 437 1073 155 439 1074 70 708 1075 71 440 1076 155 442 1077 156 709 1078 69 443 1079 161 445 1080 182 710 1081 183 446 1082 165 448 1083 166 399 1084 86 400 1085 164 449 1086 163 451 1087 134 450 1088 163 451 1089 161 132 1090 135 134 1091 170 452 1092 192 711 1093 194 453 1094 152 455 1095 141 712 1096 86 456 1097 202 457 1098 205 152 1099 177 415 1100 92 458 1101 158 480 1102 145 151 1103 194 459 1104 196 713 1105 172 460 1106 140 462 1107 153 488 1108 138 463 1109 159 464 1110 93 489 1111 150 465 1112 166 467 1113 187 714 1114 181 468 1115 172 469 1116 196 715 1117 197 470 1118 141 472 1119 140 151 1120 85 473 1121 181 474 1122 199 573 1123 175 156 1124 68 475 1125 146 716 1126 90 476 1127 169 477 1128 190 717 1129 189 478 1130 158 480 1131 152 151 1132 139 397 1133 91 481 1134 147 151 1135 69 482 1136 90 484 1137 92 458 1138 151 152 1139 168 485 1140 189 718 1141 188 486 1142 153 488 1143 159 464 1144 144 466 1145 93 489 1146 91 481 1147 156 483 1148 188 490 1149 186 490 1150 165 491 1151 153 493 1152 152 719 1153 158 494 1154 141 496 1155 152 720 1156 153 497 1157 91 499 1158 90 721 1159 146 500 1160 204 502 1161 193 722 1162 191 503 1163 204 505 1164 207 723 1165 206 506 1166 203 508 1167 206 724 1168 205 509 1169 193 511 1170 194 725 1171 192 512 1172 196 514 1173 194 726 1174 193 515 1175 197 517 1176 196 727 1177 195 518 1178 189 520 1179 190 728 1180 197 521 1181 192 523 1182 198 728 1183 183 524 1184 199 526 1185 200 729 1186 203 527 1187 200 529 1188 201 730 1189 204 530 1190 195 532 1191 193 731 1192 204 533 1193 181 535 1194 180 732 1195 200 536 1196 178 538 1197 201 733 1198 200 539 1199 179 541 1200 195 734 1201 201 542 1202 186 544 1203 180 735 1204 181 545 1205 188 547 1206 178 736 1207 180 548 1208 189 550 1209 179 737 1210 178 551 1211 205 553 1212 206 738 1213 184 554 1214 206 556 1215 207 739 1216 182 557 1217 191 559 1218 183 740 1219 182 560 1220 205 562 1221 185 741 1222 164 563 1223 164 564 1224 185 742 1225 184 565 1226 183 567 1227 198 743 1228 174 568 1229 186 570 1230 187 744 1231 166 571 1232 199 573 1233 202 457 1234 176 150 1235</p>
        </triangles>
      </mesh>
    </geometry>
  </library_geometries>
  <library_visual_scenes>
    <visual_scene id="Scene" name="Scene">
      <node id="base00" name="base00" type="NODE">
        <matrix sid="transform">1 0 0 0 0 1 0 0 0 0 1 0 0 0 0 1</matrix>
        <node id="start01" name="start01" type="NODE">
          <matrix sid="transform">1 0 0 0 0 1 0 0 0 0 1 0 0 0 0 1</matrix>
          <node id="christmasIslandSlope" name="christmasIslandSlope" type="NODE">
            <matrix sid="transform">0.02617891 0 0 0 0 -1.62921e-9 -0.06583164 0 0 0.01 -1.07253e-8 0 0 0 0 1</matrix>
            <instance_geometry url="#Plane_005-mesh" name="christmasIslandSlope">
              <bind_material>
                <technique_common>
                  <instance_material symbol="christmasIslandDual_001-material" target="#christmasIslandDual_001-material">
                    <bind_vertex_input semantic="UVMap" input_semantic="TEXCOORD" input_set="0"/>
                  </instance_material>
                  <instance_material symbol="christmasIslandDual_002-material" target="#christmasIslandDual_002-material">
                    <bind_vertex_input semantic="UVMap" input_semantic="TEXCOORD" input_set="0"/>
                  </instance_material>
                </technique_common>
              </bind_material>
            </instance_geometry>
          </node>
          <node id="Colmesh-1" name="Colmesh-1" type="NODE">
            <matrix sid="transform">0.02617891 0 0 0 0 -1.62921e-9 -0.06583164 0 0 0.01 -1.07253e-8 0 0 0 0 1</matrix>
            <instance_geometry url="#Plane_006-mesh" name="Colmesh-1"/>
          </node>
        </node>
      </node>
    </visual_scene>
  </library_visual_scenes>
  <scene>
    <instance_visual_scene url="#Scene"/>
  </scene>
</COLLADA>