<?xml version="1.0" encoding="utf-8"?>
<COLLADA xmlns="http://www.collada.org/2005/11/COLLADASchema" version="1.4.1" xmlns:xsi="http://www.w3.org/2001/XMLSchema-instance">
  <asset>
    <contributor>
      <author>Blender User</author>
      <authoring_tool>Blender 3.4.1 commit date:2022-12-19, commit time:17:00, hash:55485cb379f7</authoring_tool>
    </contributor>
    <created>2025-12-20T16:40:06</created>
    <modified>2025-12-20T16:40:06</modified>
    <unit name="meter" meter="1"/>
    <up_axis>Z_UP</up_axis>
  </asset>
  <library_effects>
    <effect id="deadTree_002-effect">
      <profile_COMMON>
        <technique sid="common">
          <lambert>
            <emission>
              <color sid="emission">0 0 0 1</color>
            </emission>
            <diffuse>
              <color sid="diffuse">0.0684 0.0206 0 1</color>
            </diffuse>
            <index_of_refraction>
              <float sid="ior">1.45</float>
            </index_of_refraction>
          </lambert>
        </technique>
      </profile_COMMON>
    </effect>
    <effect id="deadTree_001-effect">
      <profile_COMMON>
        <technique sid="common">
          <lambert>
            <emission>
              <color sid="emission">0 0 0 1</color>
            </emission>
            <diffuse>
              <color sid="diffuse">1 1 1 1</color>
            </diffuse>
            <index_of_refraction>
              <float sid="ior">1.45</float>
            </index_of_refraction>
          </lambert>
        </technique>
      </profile_COMMON>
    </effect>
  </library_effects>
  <library_images/>
  <library_materials>
    <material id="deadTree_002-material" name="deadTree.002">
      <instance_effect url="#deadTree_002-effect"/>
    </material>
    <material id="deadTree_001-material" name="deadTree.001">
      <instance_effect url="#deadTree_001-effect"/>
    </material>
  </library_materials>
  <library_geometries>
    <geometry id="Mesh_007-mesh" name="Mesh.007">
      <mesh>
        <source id="Mesh_007-mesh-positions">
          <float_array id="Mesh_007-mesh-positions-array" count="3000">0.2060127 -2.697607 -0.4743863 -0.07039737 -2.750249 -0.4518315 -0.276722 -2.66351 -0.2798182 -0.2921 -2.488202 -0.05910819 -0.1075229 -2.327017 0.08100897 0.3752117 -2.361114 -0.113559 0.3905907 -2.536422 -0.334269 0.04513168 -2.116303 -0.9008324 -0.2017927 -2.16333 -0.8806836 -0.3861084 -2.085844 -0.727019 -0.399847 -1.929237 -0.5298523 -0.2349576 -1.785245 -0.4046809 0.1962833 -1.815704 -0.5784943 0.210021 -1.972313 -0.7756617 -0.5388146 -0.7103205 -2.373456 -0.6994457 -0.7323852 -2.366149 -0.8163738 -0.690716 -2.261585 -0.821106 -0.6097183 -2.121017 -0.7108688 -0.5368428 -2.026787 -0.4333105 -0.5564473 -2.138658 -0.4285784 -0.6374431 -2.279227 -0.7444363 0.3544736 -2.88552 -0.8291588 0.3343196 -2.874907 -0.8944683 0.3650708 -2.825049 -0.9021053 0.4287148 -2.765148 -0.8475971 0.4879699 -2.730296 -0.6975651 0.4773727 -2.790767 -0.6899281 0.4137282 -2.850667 -1.077751 1.193966 -3.721092 -1.108463 1.186659 -3.717246 -1.132138 1.197807 -3.699172 -1.134907 1.220878 -3.677458 -1.115148 1.242358 -3.664823 -1.084435 1.249663 -3.66867 -1.06076 1.238516 -3.686744 -1.057992 1.215445 -3.708458 -0.1788196 -1.442859 -1.654733 -0.1874504 -1.329117 -1.489653 -0.5315666 -1.304811 -1.350956 -0.665472 -1.408486 -1.458586 -0.6568394 -1.522229 -1.623666 -0.5107269 -1.579409 -1.749494 -0.3127241 -1.546534 -1.762363 0.5182591 -4.037529 -0.5139744 0.08100509 -4.037529 -0.6950912 -0.3562498 -4.037529 -0.5139744 -0.5373669 -4.037529 -0.07671964 -0.3562498 -4.037529 0.360535 0.08100509 -4.037529 0.5416519 0.5182595 -4.037529 0.360535 0.6993761 -4.037529 -0.07671964 0.2505608 6.224997 -0.1664016 0.06492805 6.238152 -0.2273837 -0.1112861 6.237991 -0.1398932 -0.1748609 6.224606 0.04481816 -0.08855056 6.205841 0.2185485 0.09708118 6.192684 0.2795318 0.2732964 6.192846 0.1920403 0.3368702 6.20623 0.007329285 0.2955761 8.114926 0.6175111 0.2241439 8.122984 0.5967634 0.2303295 8.101424 0.688012 0.1563348 8.118415 0.6294674 0.1318693 8.103894 0.6964696 0.1650829 8.087922 0.7585141 0.2365169 8.079863 0.7792598 0.3043232 8.084433 0.7465567 0.3287869 8.098947 0.6795551 0.4384465 -0.5827346 0.3043723 0.2652426 -0.5687404 0.6389815 -0.09655952 -0.5559998 0.7543069 -0.4350224 -0.5519753 0.5827922 -0.551878 -0.5590253 0.2249079 -0.3786736 -0.573019 -0.1097012 -0.01687049 -0.5857601 -0.2250275 0.3215914 -0.5897846 -0.05351275 0.5781655 2.813905 -0.4195623 0.450881 2.808662 -0.1655663 0.1783351 2.813661 -0.07299733 -0.07981681 2.825973 -0.1960837 -0.1723556 2.838386 -0.4627215 -0.0450716 2.843629 -0.7167178 0.2274742 2.83863 -0.8092856 0.4856262 2.826318 -0.6861991 0.002496719 6.902388 0.1797817 -0.06475448 6.917007 0.04441809 -0.01521873 6.927437 -0.09950155 0.1220817 6.927562 -0.1676701 0.2667198 6.917313 -0.1201555 0.3339691 6.902689 0.01520919 0.2844343 6.892263 0.1591276 0.1471347 6.892138 0.2272957 0.1899509 1.960216 -0.4604498 -0.06566905 1.893271 -0.4124245 -0.07840347 1.795088 -0.3060094 0.0147438 1.724635 -0.2194862 0.1592082 1.723181 -0.2035403 0.2703648 1.791579 -0.2675114 0.2830982 1.889763 -0.3739273 0.2070713 2.511838 -0.1130498 -0.2230548 2.399191 -0.03223842 -0.2444829 2.233981 0.1468235 -0.08774566 2.115429 0.2924135 0.1553421 2.112983 0.3192462 0.3423815 2.228076 0.2116021 0.3638086 2.393288 0.03253918 -0.08846664 4.346374 1.561017 -0.2837753 4.295225 1.597712 -0.2977753 4.250371 1.698336 -0.230875 4.226702 1.783761 -0.1222648 4.238087 1.803946 -0.03556632 4.277852 1.747067 -0.02156639 4.322708 1.646442 -0.5536862 6.499062 2.493616 -0.6101017 6.484286 2.504215 -0.6141453 6.471331 2.533281 -0.594821 6.464493 2.557956 -0.5634489 6.467782 2.563787 -0.5384064 6.479267 2.547357 -0.5343628 6.492225 2.518292 -0.3145208 5.434515 1.90222 -0.3239441 5.404322 1.969951 -0.3823023 5.377556 2.008237 -0.4554091 5.369892 1.99465 -0.5004406 5.385824 1.93715 -0.4910164 5.416016 1.869418 -0.3595524 5.450445 1.844718 0.2572613 3.161663 0.9750794 0.2391738 3.050557 1.11888 0.0972414 2.969327 1.203704 -0.08539199 2.965556 1.179859 -0.201744 3.041453 1.061316 -0.1836547 3.152558 0.9175158 0.1409111 3.237559 0.8565371 -0.3303661 -2.792573 -0.233044 -0.4888058 -3.037637 -0.09655374 -0.4340935 -3.233178 0.1535666 -0.1982784 -3.264649 0.3708001 0.08050346 -3.113615 0.4278938 0.238943 -2.86855 0.2914034 -0.631567 -2.382658 0.1533071 -0.7900076 -2.627724 0.2897976 -0.7352944 -2.823264 0.5399178 -0.4994793 -2.854735 0.7571511 -0.2206983 -2.703701 0.814245 -0.06225776 -2.458636 0.6777548 -1.593243 -1.19851 1.654634 -1.6814 -1.381395 1.720605 -1.626854 -1.531123 1.86265 -1.461557 -1.559988 1.997563 -1.282337 -1.451077 2.046309 -1.19418 -1.268193 1.980338 -2.326957 -0.5848332 2.865779 -2.408105 -0.7098751 2.935754 -2.380301 -0.8096008 3.063809 -2.259834 -0.8255949 3.174933 -2.11727 -0.7484875 3.204029 -2.036122 -0.6234474 3.134055 -2.768368 0.1702632 3.776588 -2.833508 0.1551284 3.741863 -2.853604 0.1241621 3.759192 -2.846719 0.09946489 3.790904 -2.816885 0.0955038 3.818424 -2.781579 0.1145997 3.82563 -2.761483 0.1455659 3.808301 -0.7098141 -2.019151 1.539834 -0.8307505 -2.231035 1.638694 -1.056404 -2.359591 1.586055 -1.254589 -2.329511 1.41275 -1.309213 -2.158416 1.2203 -1.188276 -1.946532 1.12144 -1.587652 -0.7576945 2.423038 -1.672276 -0.9114235 2.491026 -1.833021 -1.004305 2.452184 -1.975722 -0.9819269 2.329262 -2.016789 -0.8574014 2.194268 -1.932164 -0.703671 2.126278 -2.424533 -0.2342836 3.427878 -2.511641 -0.2813974 3.4101 -2.585247 -0.2716246 3.342203 -2.602235 -0.2106912 3.26396 -2.552653 -0.1342897 3.221205 -2.37495 -0.1578834 3.385124 0.3209648 -0.1129074 -0.1406267 0.08600234 -0.1881265 -0.2170603 -0.1558809 -0.1185832 -0.1590608 -0.2629919 0.05498075 -6.01962e-4 -0.1725873 0.2308983 0.1654954 0.06237506 0.3061171 0.2419301 0.3042584 0.2365741 0.1839296 0.4113693 0.06300783 0.02546781 0.3345966 0.3466196 -0.6347484 0.09963417 0.2714005 -0.7111829 -0.1422481 0.3409438 -0.6531826 -0.2493591 0.5145078 -0.4947237 -0.1589546 0.6904254 -0.3286272 0.07600784 0.7656455 -0.252193 0.3178902 0.6961012 -0.310193 0.4250012 0.5225349 -0.4686539 0.2943182 1.737579 -1.806859 0.126791 1.672918 -1.845183 -0.04468441 1.733544 -1.819965 -0.1196603 1.883942 -1.745974 -0.05421447 2.036008 -1.666556 0.2847872 2.040044 -1.65345 0.3597641 1.889648 -1.72744 0.2601986 2.84108 -3.75938 0.1881322 2.820541 -3.785286 0.1138134 2.839337 -3.765039 0.08077716 2.886459 -3.7105 0.1083755 2.934305 -3.653617 0.2547608 2.936048 -3.647958 0.287796 2.888924 -3.702496 0.226984 3.483414 -4.24996 0.1986951 3.475351 -4.260129 0.1695222 3.48273 -4.252182 0.1565542 3.501226 -4.230772 0.167387 3.520008 -4.208444 0.1956768 3.528071 -4.198275 0.2248497 3.520692 -4.206222 0.2378168 3.502194 -4.227631 0.3907147 1.107024 -1.159614 0.2999821 1.207441 -0.9928761 -0.100562 1.202673 -1.008361 -0.1757411 1.100282 -1.181512 -0.08500862 0.9998655 -1.348249 0.1184844 0.9602451 -1.4109 0.3155365 1.004633 -1.332764 0.262847 2.197844 -2.45665 0.02590274 2.195024 -2.465811 -0.02051067 2.083541 -2.502348 0.03122138 1.973227 -2.535092 0.1507949 1.928701 -2.544861 0.2681656 1.976047 -2.525932 0.314579 2.087529 -2.489394 0.3037357 2.383241 -3.177949 0.2614679 2.454252 -3.120765 0.07244682 2.452003 -3.128072 0.03641891 2.380059 -3.188283 0.07868671 2.309049 -3.245468 0.1744899 2.280566 -3.266127 0.2677078 2.311298 -3.238161 -0.03782463 0.7575398 -0.1287777 -0.01837253 0.719491 -0.2914443 -0.07007408 0.7872462 -0.4364361 -0.1626453 0.9211154 -0.478819 -0.2418575 1.04268 -0.3937654 -0.2613106 1.080729 -0.2310988 -0.209608 1.012974 -0.08610695 -0.1170368 0.8791041 -0.04372423 0.4870281 0.9693298 -0.05619508 0.5197601 0.9053063 -0.3299114 0.4327622 1.019317 -0.5738868 0.2769957 1.244575 -0.6452039 0.1437063 1.449129 -0.5020859 0.1109733 1.513154 -0.2283694 0.1979722 1.399143 0.0156058 0.3537388 1.173883 0.08692264 2.275413 2.155139 -0.2733432 2.278118 2.121451 -0.3968019 2.250771 2.177836 -0.5084133 2.209392 2.291265 -0.5427968 2.178216 2.395291 -0.479811 2.202857 2.372594 -0.2447409 2.244239 2.259165 -0.2103575 4.390934 2.468288 -0.5501452 4.391716 2.458559 -0.5858061 4.383817 2.474844 -0.6180454 4.371864 2.507609 -0.6279768 4.362858 2.537657 -0.6097835 4.362078 2.547388 -0.5741224 4.369976 2.531101 -0.5418833 4.381929 2.498338 -0.5319516 3.34391 2.180891 -0.3886257 3.316055 2.257241 -0.4117696 3.299469 2.272519 -0.5699975 3.320454 2.202497 -0.6123939 3.348308 2.126148 -0.58925 3.366714 2.088195 -0.5141232 3.364893 2.11087 -0.4310221 1.100116 1.921263 -0.0108143 0.9957705 2.096249 -0.06552785 0.9548225 2.133968 -0.4561681 1.042207 1.974605 -0.5632631 1.146551 1.79962 -0.5085494 1.206733 1.711514 -0.3240777 1.1875 1.761901 -0.117909 0.3875446 2.818277 -0.250087 0.3964548 2.712071 -0.4502952 0.2637348 2.704891 -0.6340783 0.06713294 2.80094 -0.6937791 -0.07818603 2.943955 -0.5944254 -0.0870943 3.05016 -0.3942173 0.04562377 3.057342 -0.210434 0.2422256 2.961293 -0.1507332 0.682148 3.277898 -0.4807935 0.6910586 3.171693 -0.6810022 0.5583382 3.164512 -0.8647849 0.3617363 3.260561 -0.9244856 0.2164182 3.403577 -0.8251323 0.2075099 3.509782 -0.6249244 0.3402271 3.516963 -0.4411411 0.5368295 3.420914 -0.3814399 1.520683 4.125999 -1.078433 1.514132 4.042294 -1.203457 1.438474 4.050711 -1.333402 1.33803 4.146316 -1.392147 1.271638 4.273109 -1.345281 1.454292 4.252789 -1.031565 2.69735 5.278965 -1.893145 2.699737 5.252768 -1.943162 2.666501 5.250713 -1.988822 2.617108 5.273996 -2.003374 2.580491 5.308983 -1.978296 2.578105 5.335179 -1.928279 2.61134 5.337234 -1.882619 2.660735 5.31395 -1.868067 0.9713116 3.792338 -0.6871342 0.7217999 3.794383 -1.063932 0.8264976 3.659716 -1.136272 0.9736099 3.563895 -1.077063 1.076961 3.563049 -0.9209887 1.076009 3.657673 -0.7594748 2.408566 4.619178 -1.496331 2.243012 4.605053 -1.721924 2.318774 4.536945 -1.77482 2.420833 4.492924 -1.746148 2.489407 4.498772 -1.652704 2.484326 4.551072 -1.549227 2.068271 4.259004 -1.25445 1.921783 4.283472 -1.541641 1.964507 4.163976 -1.576269 2.037622 4.072315 -1.516639 2.098298 4.062179 -1.39768 2.110993 4.139509 -1.289079 0.08769607 -1.079056 -0.03819102 -0.09386825 -1.228291 0.04864883 -0.1801872 -1.2884 0.2760559 -0.1206941 -1.224172 0.5108185 0.04975891 -1.073231 0.6154156 0.2313232 -0.9239974 0.5285758 0.2581501 -0.9281151 0.06640619 -0.3378868 -0.5803182 -0.03235763 -0.500083 -0.713634 0.04521924 -0.5771942 -0.7673314 0.2483685 -0.5240479 -0.7099552 0.4580885 -0.3717766 -0.5751145 0.5515291 -0.2095794 -0.4417987 0.4739523 -0.1856155 -0.4454784 0.0610817 -1.716231 0.6777182 -0.2606973 -1.82605 0.599061 -0.2106277 -1.870257 0.5573511 -0.0800144 -1.822958 0.5770245 0.05463242 -1.71186 0.6465535 0.1144374 -1.602041 0.7252112 0.06436818 -1.605134 0.7472487 -0.2008917 -2.304677 1.548607 -0.09206449 -2.357846 1.49879 -0.06458538 -2.387934 1.483543 0.005602121 -2.377311 1.511801 0.07738518 -2.332202 1.567008 0.1087129 -2.279031 1.616824 0.08123362 -2.259567 1.603814 -0.06073635 -3.095977 2.29316 -0.203044 -3.115252 2.275101 -0.193083 -3.126158 2.269575 -0.1676396 -3.122308 2.279818 -0.1416181 -3.105955 2.29983 -0.1302618 -3.08668 2.317889 -0.1402231 -3.075774 2.323416 -0.1656664 -3.079625 2.313173 -0.1916876 -0.9800987 0.05676317 -0.1945557 -0.9887238 0.04586315 0.1346313 -1.121226 -0.05646586 0.1966135 -1.250156 -0.1542801 0.1222416 -1.299988 -0.1902816 -0.04491782 -1.241529 -0.1433801 -0.206945 -1.109028 -0.04105186 -0.2689274 -0.1066589 0.3341928 -0.2270618 -0.0459156 0.2699394 -0.02493041 0.1125545 0.3293443 0.1166093 0.2759247 0.4776054 0.1146444 0.3484936 0.6278768 -0.02967494 0.12928 0.6327252 -0.373346 -0.03409099 0.4844623 -0.37138 -0.4601183 0.726728 0.003933548 -0.3993759 0.6624746 0.2060654 -0.2409038 0.7218795 0.3476048 -0.07753562 0.8701406 0.34564 -0.004966735 1.020412 0.2013209 -0.2241802 1.02526 -0.1423503 -0.3875504 0.8769975 -0.1403846 -1.26321 1.914907 0.602849 -1.208549 1.859673 0.7390943 -1.107365 1.91146 0.8471743 -1.018929 2.039932 0.8637776 -0.9950476 2.16983 0.7791766 -1.150892 2.173277 0.5348514 -1.239328 2.044806 0.5182474 -2.617068 2.857534 1.577385 -2.600165 2.83999 1.640581 -2.549772 2.856046 1.682887 -2.495407 2.896298 1.679523 -2.468917 2.937169 1.632458 -2.536213 2.938657 1.526956 -2.590577 2.898403 1.53032 -2.945233 3.406226 1.839538 -2.938599 3.399339 1.864344 -2.918817 3.405642 1.880952 -2.897477 3.421442 1.879631 -2.887079 3.437486 1.861156 -2.913495 3.438069 1.819743 -2.934835 3.422268 1.821063 -0.8558407 1.376277 0.2200763 -0.6946354 1.462055 0.2025844 -0.5104981 1.457982 0.4912642 -0.5954323 1.370518 0.6283312 -0.7566376 1.28474 0.6458224 -0.899683 1.250896 0.5334928 -0.940774 1.288813 0.3571426 -1.703975 2.308072 0.9412904 -1.595047 2.305663 1.11206 -1.598097 2.210433 1.162426 -1.646265 2.116201 1.142057 -1.711336 2.078166 1.062885 -1.755193 2.11861 0.9712871 -1.752143 2.21384 0.920921 -2.230159 2.466441 1.263756 -2.169443 2.527101 1.265583 -2.082547 2.525178 1.401814 -2.107269 2.463723 1.456416 -2.167985 2.403065 1.454589 -2.229128 2.378736 1.397403 -2.254881 2.404987 1.318358 -0.07493877 3.954273 -0.2413219 -0.05677604 4.031585 -0.06518059 0.04785346 4.175096 0.01090896 0.1776561 4.300742 -0.05762386 0.2565975 4.33492 -0.2306342 0.2384338 4.257608 -0.4067745 0.1338052 4.114097 -0.482865 0.004002571 3.988451 -0.4143322 -0.4459076 4.280324 -0.3461772 -0.4277449 4.357635 -0.1700361 -0.3231163 4.501147 -0.09394627 -0.1933126 4.626793 -0.1624792 -0.1325359 4.58366 -0.51163 -0.2371635 4.440148 -0.5877206 -0.3669663 4.314502 -0.5191876 -1.371403 4.938557 -0.3869992 -1.345442 4.980459 -0.2685511 -1.289869 5.085183 -0.2195182 -1.237238 5.191381 -0.2686221 -1.244339 5.194944 -0.5055477 -1.299912 5.090221 -0.5545817 -1.352543 4.98402 -0.5054761 -2.659146 5.827787 -0.4337861 -2.654833 5.847238 -0.3899595 -2.628551 5.882809 -0.3709392 -2.595694 5.913654 -0.3878638 -2.575506 5.921711 -0.4308214 -2.579821 5.902259 -0.4746468 -2.606101 5.86669 -0.4936683 -2.638961 5.835843 -0.4767423 -0.8273373 4.618822 -0.4997032 -0.7372532 4.73446 -0.5582376 -0.6578713 4.858008 -0.4960722 -0.6837139 4.877109 -0.2046802 -0.773799 4.761472 -0.1461467 -0.8531799 4.637923 -0.2083112 -0.8753567 4.578835 -0.3547595 -2.232997 5.290435 -0.2910938 -2.163923 5.351197 -0.324246 -2.109231 5.423275 -0.2843989 -2.143943 5.450586 -0.1081641 -2.213016 5.389824 -0.07501357 -2.267709 5.317745 -0.1148594 -2.275987 5.27658 -0.2043646 -1.852938 5.015717 -0.2641169 -1.821195 5.11524 -0.3046785 -1.777904 5.210669 -0.2595635 -1.750028 5.200787 -0.05272519 -1.781772 5.101266 -0.01216512 -1.825061 5.005836 -0.05727905 -1.85454 4.970402 -0.1616418 0.05790424 5.638774 -0.2114834 -0.0488224 5.600708 -0.1961864 -0.113758 5.576463 -0.1052513 -0.09886646 5.580244 0.008050382 -0.01286983 5.609835 0.07735019 0.09385585 5.647902 0.06205219 0.1587924 5.672146 -0.0288819 0.1438999 5.668365 -0.1421846 -0.04198837 5.920339 -0.2077503 -0.1487159 5.882273 -0.1924532 -0.2136516 5.858028 -0.101518 -0.19876 5.86181 0.01178354 -0.1127624 5.891399 0.08108437 -0.006036758 5.929469 0.06578731 0.05890083 5.953711 -0.02514779 0.0440073 5.94993 -0.1384514 -0.2874241 6.398803 -0.2619342 -0.3631392 6.373013 -0.2510997 -0.4086094 6.354815 -0.1869387 -0.3971977 6.354874 -0.1070303 -0.3355885 6.373154 -0.05818593 -0.2598715 6.398945 -0.06901746 -0.2258148 6.417083 -0.2130898 -0.6825895 7.510029 -0.1718763 -0.7204685 7.505022 -0.1645344 -0.741003 7.488825 -0.135727 -0.7321644 7.47093 -0.1023292 -0.6991291 7.461816 -0.08390492 -0.6612501 7.466825 -0.09124583 -0.6407156 7.483019 -0.1200543 -0.6495552 7.500916 -0.153452 -0.6993122 7.926097 0.08927398 -0.71381 7.92418 0.09208446 -0.7216702 7.917981 0.1031101 -0.7182865 7.911132 0.1158933 -0.7056427 7.907642 0.1229448 -0.691144 7.90956 0.1201351 -0.6832848 7.915758 0.1091088 -0.6866675 7.922609 0.09632623 -0.4879131 6.892967 -0.3083568 -0.477665 6.884907 -0.2494823 -0.511858 6.867615 -0.2013074 -0.5704632 6.851222 -0.1920545 -0.6191502 6.845331 -0.2271417 -0.6293984 6.853392 -0.2860163 -0.5952053 6.870685 -0.3341891 -0.5366001 6.887075 -0.3434441 -0.2089633 -2.546011 -0.2368627 -0.2681971 -2.382262 -0.02485418 0.08524894 -2.39936 0.3381498 0.2908859 -2.570192 0.2765023 0.3501196 -2.733942 0.06449365 0.2282524 -2.794686 -0.1736844 -0.003326416 -2.716843 -0.2985103 0.03877544 -2.167192 -0.4602352 -0.02045822 -2.003443 -0.2482266 0.3329878 -2.020541 0.1147775 0.5386243 -2.191373 0.05313003 0.5978584 -2.355122 -0.1588786 0.4759917 -2.415867 -0.3970566 0.2444114 -2.338024 -0.5218826 1.067391 -0.9831591 -1.099447 1.035232 -0.8656998 -0.9624576 1.246259 -0.9038837 -0.7025361 1.365827 -1.037159 -0.7318623 1.397986 -1.154619 -0.868851 1.323895 -1.187455 -1.033257 1.186959 -1.116435 -1.128773 1.981399 -0.2844644 -1.52983 1.951067 -0.2008507 -1.421413 2.131917 -0.2093007 -1.236038 2.23716 -0.2964144 -1.26767 2.267492 -0.380028 -1.376086 2.205145 -0.4111626 -1.497779 2.086642 -0.3715792 -1.561461 2.556227 0.4504576 -1.866524 2.548716 0.4711647 -1.839675 2.564156 0.4788747 -1.809538 2.593503 0.4690719 -1.793767 2.619566 0.4474983 -1.8016 2.627078 0.4267912 -1.82845 2.611638 0.4190807 -1.858587 2.582291 0.4288836 -1.874358 0.937438 -1.797589 -0.8166083 1.118514 -1.871791 -0.7074227 1.214887 -1.825939 -0.5086108 1.170101 -1.68689 -0.3366341 1.010392 -1.536099 -0.2922339 0.7329435 -1.507749 -0.6002311 0.7777295 -1.646797 -0.7722079 1.477366 -0.6315541 -1.378755 1.605012 -0.6867294 -1.299284 1.673183 -0.6547513 -1.156406 1.641945 -0.5543504 -1.033819 1.529598 -0.4443417 -1.003331 1.33378 -0.4211445 -1.225679 1.365018 -0.5215449 -1.348267 2.314622 0.04896354 -1.685709 2.352717 0.06798648 -1.611354 2.334183 0.1190757 -1.545111 2.269879 0.1723027 -1.525784 2.159379 0.1774654 -1.63905 2.177912 0.1263771 -1.705293 2.242216 0.0731492 -1.72462 -0.1684913 -1.69077 0.4038639 0.1029644 -1.713801 0.3428134 0.267766 -1.620589 0.1376351 0.2293758 -1.465739 -0.09147828 0.01028156 -1.339957 -0.2103162 -0.4259758 -1.410138 0.05591249 -0.3875856 -1.564989 0.285026 -0.03061866 -1.086712 0.7890267 0.240838 -1.109742 0.727977 0.4056397 -1.016531 0.522798 0.3672485 -0.8616805 0.2936846 0.1481552 -0.7358983 0.1748474 -0.2881031 -0.8060792 0.4410762 -0.2497119 -0.9609313 0.6701889 0.5045838 0.08530282 1.807062 0.6782045 0.05241012 1.751027 0.7942581 0.1319026 1.630286 0.7847629 0.2772117 1.515567 0.6552792 0.4032221 1.47407 0.3656044 0.3566218 1.650846 0.3751011 0.2113094 1.765565 1.246 1.676437 3.234093 1.313714 1.671046 3.219101 1.354699 1.693924 3.167758 1.344945 1.731655 3.110138 1.290165 1.762144 3.079993 1.222451 1.767533 3.094986 1.181465 1.744657 3.146327 1.191221 1.706925 3.203949 -0.02569007 -0.2863793 1.092873 -0.04920959 -0.1364367 0.9226351 0.3116064 -0.07839202 0.702445 0.4845805 -0.2042918 0.7814775 0.5080996 -0.3542318 0.9517158 0.3683872 -0.4403823 1.113437 0.1472835 -0.4122763 1.171906 1.017215 0.7653976 2.856981 0.9973641 0.8380737 2.737443 1.221089 0.8740645 2.600913 1.33361 0.8162961 2.6639 1.353458 0.7436218 2.783435 1.269011 0.6986065 2.8895 1.129734 0.7076311 2.919965 0.8079658 0.2720571 2.440441 0.8096819 0.4109178 2.357172 1.068216 0.4525085 2.1994 1.173588 0.3308749 2.217318 1.171871 0.192018 2.300587 1.064072 0.1172714 2.400429 0.9133372 0.1504273 2.458359 0.2226657 4.362481 -0.02489018 0.3070231 4.392816 -0.2290087 -0.06803512 4.729951 -0.3373799 -0.1540956 4.692699 -0.1312668 0.2942753 4.311661 -0.4362573 -0.08739566 4.644705 -0.5429089 -0.5974169 4.990872 -0.3505409 -0.6493006 4.946362 -0.1742406 -0.6214028 4.925144 -0.5287336 -1.21194 5.26314 -0.2368996 -1.196802 5.317055 -0.3903163 -1.723635 5.325218 -0.1492503 -1.723242 5.271983 -0.02154934 -1.229779 5.267421 -0.5341666 -1.761175 5.281528 -0.2886772 -2.057268 5.479235 -0.3150223 -2.050734 5.530624 -0.1922631 -2.518734 5.951177 -0.5026564 -2.522823 5.977456 -0.4287555 -2.102614 5.515527 -0.07704603 -2.551414 5.976227 -0.3557224 0.1644582 3.452979 -0.8539764 0.1639442 3.566871 -0.6277348 0.6724506 3.949216 -0.9045921 0.6683412 3.842385 -1.092318 0.3247194 3.572299 -0.39851 0.8067799 3.946714 -0.6990101 0.5409856 3.466807 -0.319401 0.9751382 3.837148 -0.6243023 1.23718 4.32797 -1.380422 1.246962 4.426707 -1.230826 1.902714 4.43049 -1.443375 1.885652 4.337122 -1.575275 1.347351 4.415456 -1.052453 1.991909 4.413326 -1.268963 1.465502 4.30054 -0.9726711 2.07805 4.306254 -1.195172 2.407492 4.65914 -1.430294 2.282055 4.71247 -1.470716 2.65795 5.351147 -1.800385 2.583503 5.3774 -1.83065 2.177317 4.704975 -1.612965 2.516571 5.370397 -1.918838 2.17877 4.640795 -1.743067 2.510311 5.336283 -1.99567 0.03313636 5.961116 0.1023312 0.1054697 5.984503 -0.01084703 -0.1641054 6.450065 -0.1171261 -0.220911 6.430385 -0.03207343 0.09797191 5.979868 -0.1463937 -0.1714954 6.446501 -0.2204945 -0.430954 6.914972 -0.2342436 -0.4731102 6.898848 -0.1639632 -0.433239 6.921865 -0.3152238 0.05871486 1.552255 -0.5358762 0.03139209 1.611297 -0.2105512 0.877728 2.30816 -0.2319802 0.8980308 2.250627 -0.4906184 0.1238012 1.492302 0.08503258 0.949595 2.203128 0.001299917 2.169733 2.526672 -0.5153257 2.170263 2.566029 -0.3425692 3.292813 2.432263 -0.4731543 3.288552 2.403211 -0.6058977 2.204461 2.494683 -0.1840308 3.315343 2.378533 -0.3503193 4.347165 2.650105 -0.4761742 4.333942 2.671297 -0.5592085 4.329399 2.666471 -0.6456648 -0.193119 0.7551618 -0.2832351 0.07343101 0.8307581 -0.2055799 0.09347915 1.310305 -0.8718334 -0.134881 1.260159 -0.9552243 0.3469009 0.76159 -0.2623587 0.3287211 1.265677 -0.9373022 -0.08811283 2.100357 -1.629957 0.1107606 2.175239 -1.585202 0.1414241 2.325564 -2.424661 -0.007565498 2.271626 -2.446404 0.3142195 2.105146 -1.614404 0.2928867 2.275202 -2.434789 0.07291603 2.991729 -3.600156 0.177411 3.017403 -3.568585 0.19283 3.584234 -4.141925 0.1316909 3.575779 -4.153364 0.2846136 2.994249 -3.591972 0.2548523 3.577247 -4.148603 0.2911606 2.521925 -3.079117 0.1630878 2.556818 -3.056247 0.03802871 2.518913 -3.088903 0.2743635 -0.9280572 0.5438395 0.3839445 -0.8606157 0.304988 -0.09119701 -0.3361073 0.2746224 -0.1756868 -0.3922763 0.5001194 0.3026629 -0.932401 0.05629873 -0.1434307 -0.3997855 0.03814744 0.1307125 -1.129675 -0.03524309 0.09277534 -1.123851 0.6183635 -0.07767772 -1.274791 0.5137664 -0.1371707 -1.339019 0.2790038 -0.05085182 -1.278911 0.05159676 -0.8884173 0.1444349 -0.02733129 -0.9546909 0.09512996 0.1609684 -0.937706 0.1023635 -0.21724 -1.556234 0.7642474 0.09237515 -1.507515 0.8103395 -0.06424212 -2.20146 1.678454 0.01494604 -2.236977 1.659637 0.108343 -1.558021 0.7882958 -0.2236 -2.21431 1.646403 -0.08412027 -3.036498 2.37066 -0.1646112 -3.050841 2.367431 -0.1140986 -3.036912 2.358119 -0.2157017 0.4273157 0.6273608 -0.05352562 0.385088 0.7083683 -0.2936645 -0.002911567 1.174758 -0.03959566 0.07653522 1.103314 0.2022908 0.1841354 0.6327391 -0.4347707 -0.1896314 1.109201 -0.2149913 0.0373125 0.4051633 -0.4180445 -0.03525543 0.2548938 -0.2737264 0.3473282 0.3983064 0.06797981 0.183958 0.2500453 0.06994467 0.02548789 0.1906404 -0.07159501 -3.008321 3.494898 1.88103 -3.001686 3.48801 1.905837 -2.981905 3.494313 1.922444 -2.960565 3.510114 1.921123 -2.874269 3.519529 1.880508 -2.878727 3.559598 1.828415 -2.92459 3.520641 1.801618 -2.997923 3.51094 1.862555 -0.4843912 1.581418 0.2732578 -0.4250107 1.535715 0.4884446 -0.655036 1.540803 0.1278235 -0.9282589 2.256843 0.7886348 -0.9999342 2.325898 0.6126049 -1.61279 2.458603 1.005393 -1.547691 2.409246 1.134289 -1.130191 2.26131 0.4720564 -1.702835 2.412677 0.8910654 -2.382189 3.014819 1.630656 -2.41779 3.039306 1.527062 -2.497015 3.017357 1.450639 -2.146051 2.618608 1.200495 -2.057585 2.651607 1.291832 -2.012501 2.615655 1.409869 -0.07818603 2.943955 -0.5944254 -0.0870943 3.05016 -0.3942173 0.2075099 3.509782 -0.6249244 0.2164182 3.403577 -0.8251323 0.1899509 1.960216 -0.4604498 0.2070713 2.511838 -0.1130498 -0.06566905 1.893271 -0.4124245 -0.2230548 2.399191 -0.03223842 0.2830982 1.889763 -0.3739273 0.2703648 1.791579 -0.2675114 0.1592082 1.723181 -0.2035403 0.0147438 1.724635 -0.2194862 -0.07840347 1.795088 -0.3060094 -0.5536862 6.499062 2.493616 -0.5850582 6.495772 2.487786 -0.6101017 6.484286 2.504215 -0.6141453 6.471331 2.533281 -0.594821 6.464493 2.557956 -0.5634489 6.467782 2.563787 -0.5384064 6.479267 2.547357 -0.5343628 6.492225 2.518292 0.1409111 3.237559 0.8565371 -0.1836547 3.152558 0.9175158 -0.08846664 4.346374 1.561017 -0.3595524 5.450445 1.844718 -0.2837753 4.295225 1.597712 -0.4910164 5.416016 1.869418 0.195631 1.953024 -0.5125671 0.03409004 1.956665 -0.5440297 -0.05661296 2.557542 -0.1892148 0.2128 2.55756 -0.1624749 -0.08460807 1.879631 -0.4599164 -0.2662249 2.432107 -0.07247656 0.2876911 1.839059 -0.4201586 0.2749577 1.740875 -0.3137427 0.1638011 1.672477 -0.2497717 0.0193367 1.673931 -0.2657176 -0.07381057 1.744384 -0.3522406 -0.06239795 3.277929 0.7841812 0.146595 3.283964 0.8075452 -0.2269639 3.186131 0.8777285 -0.08007335 4.37484 1.499827 -0.2150106 4.359087 1.478969 -0.4505005 5.466365 1.769044 -0.351079 5.478528 1.783289 -0.3249235 4.310716 1.545829 -0.5321303 5.431112 1.817304 -0.6527824 6.508237 2.455903 -0.6029797 6.526207 2.434823 -0.5468483 6.53598 2.436 7.17163e-4 -1.347964 -0.2498208 -0.2908545 -1.322757 -0.1994385 -0.1518688 -0.6782999 0.1981989 0.1406717 -0.7009182 0.1285538 -0.4545002 -1.421195 0.02797824 -0.3333397 -0.7771723 0.4178214 -0.3986578 -1.613498 0.2540955 -0.1795635 -1.739279 0.3729333 0.2183036 -1.514248 -0.1224088 0.2566938 -1.669099 0.1067045 0.09189224 -1.76231 0.3118829 0.06560611 -0.00595951 0.7318019 0.3075438 -0.03473091 0.664819 -0.09035015 -0.0987401 0.907636 0.6589418 0.4567885 1.454255 0.4659934 0.4914675 1.519026 0.8990598 0.5388775 2.241172 1.069242 0.5018168 2.174455 0.3344069 0.4045801 1.652304 0.7761207 0.4546619 2.353334 0.9527607 0.8668347 2.714068 1.053293 0.9178295 2.593803 1.13477 1.766634 3.118594 1.194519 1.792528 3.055804 1.213262 0.908741 2.555096 1.280995 1.790156 3.029361 -0.3133373 -2.386915 -5.70849e-4 -0.1983718 -2.31865 0.2641312 0.06801509 -1.887054 0.02291643 -0.06699275 -1.949971 -0.2379478 0.0595293 -2.404953 0.3823789 0.3209276 -1.972343 0.1675143 -0.03905105 -2.771471 -0.266299 -0.244688 -2.600639 -0.2046514 0.1925277 -2.849314 -0.1414731 0.314395 -2.788569 0.09670495 0.2551613 -2.62482 0.3087136 0.7978764 -1.408104 -0.3637907 0.6843104 -1.457734 -0.5885038 0.9978399 -1.488172 -0.2394309 0.978652 -0.8235993 -0.9450665 1.069294 -0.7862306 -0.75905 1.372057 -0.3290277 -1.054735 1.293792 -0.364223 -1.219724 1.230472 -0.8598361 -0.6468045 1.519918 -0.393348 -0.9531369 1.909931 -0.1459329 -1.414043 1.988525 -0.1109583 -1.264705 2.162563 0.251082 -1.531544 2.110209 0.2280502 -1.626801 2.122784 -0.1577472 -1.186169 2.258768 0.2221126 -1.474147 2.585063 0.5223775 -1.744928 2.539117 0.5352206 -1.78205 2.507079 0.530551 -1.833538 -0.1010875 -2.332087 0.1480408 0.205739 -2.26981 0.1490861 0.0385065 -1.659626 -0.3727546 -0.2440071 -1.710428 -0.3445181 0.4162941 -2.36863 -0.0604918 0.2533312 -1.745555 -0.5449725 0.4097328 -2.610983 -0.2737121 0.2251548 -2.772168 -0.4138294 -0.2729578 -2.562763 0.001448631 -0.2575798 -2.738071 -0.2192614 -0.05125522 -2.82481 -0.3912746 -0.3075533 -1.192185 -1.313266 -0.5402908 -1.230265 -1.290531 -0.1304855 -1.259211 -1.455705 -0.7154665 -0.4773505 -1.949325 -0.5181522 -0.4528432 -1.965337 -0.7325678 0.5765305 -2.677704 -0.8542976 0.5527377 -2.658401 -0.3693457 -0.5017977 -2.088831 -0.6353064 0.5372706 -2.746666 -1.059627 1.32165 -3.619733 -1.124974 1.31679 -3.601926 -1.001316 1.308056 -3.651767 0.1842308 -2.67301 0.04128313 -0.116971 -2.263096 0.4276343 -0.3303661 -2.792573 -0.233044 -0.631567 -2.382658 0.1533071 0.238943 -2.86855 0.2914034 -0.06225776 -2.458636 0.6777548 0.08050346 -3.113615 0.4278938 -0.1982784 -3.264649 0.3708001 -0.4340935 -3.233178 0.1535666 -0.4888058 -3.037637 -0.09655374 -0.7644386 -1.848056 1.347385 -1.188276 -1.946532 1.12144 -0.7098141 -2.019151 1.539834 -1.248726 -1.118464 1.838293 -1.628718 -0.6331675 2.288043 -1.593243 -1.19851 1.654634 -1.932164 -0.703671 2.126278 -1.19418 -1.268193 1.980338 -1.587652 -0.7576945 2.423038 -2.063926 -0.5237198 3.005999 -2.391938 -0.09694886 3.306881 -2.326957 -0.5848332 2.865779 -2.552653 -0.1342897 3.221205 -2.036122 -0.6234474 3.134055 -2.37495 -0.1578834 3.385124 -2.833508 0.1551284 3.741863 -2.768368 0.1702632 3.776588 -2.761483 0.1455659 3.808301 0.225584 -2.667904 -0.002867102 -0.01445579 -2.626928 -0.2519674 -0.3449917 -2.159573 0.1643747 -0.08246707 -2.190576 0.4008475 -0.3174143 -2.794065 -0.2923349 -0.6524725 -2.323012 0.09698176 0.2794266 -2.923645 0.2394759 0.1209869 -3.168709 0.3759663 -0.1577949 -3.319743 0.3188726 -0.39361 -3.288272 0.1016392 -0.4483223 -3.092732 -0.1484812 -2.788592 0.1978826 3.845415 -2.838651 0.2294626 3.800869 -2.853732 0.1827478 3.810689 -2.894053 0.1794009 3.810992 -2.887168 0.1547036 3.842705 -2.857334 0.1507425 3.870224 -2.822028 0.1698384 3.87743 -2.801932 0.2008047 3.860101 -0.9527702 -1.748123 1.125151 -0.7282391 -1.77868 1.317531 -1.206486 -1.889798 1.062581 -1.205249 -1.055995 1.798898 -1.397071 -1.028869 1.645113 -1.768542 -0.5342412 2.126358 -1.600381 -0.5580058 2.268199 -1.605051 -1.148886 1.585768 -1.956469 -0.6407402 2.078372 -2.033996 -0.4505353 2.984621 -2.181401 -0.431268 2.855941 -2.455256 -0.0178132 3.18945 -2.354945 -0.02700042 3.276844 -2.35014 -0.5239892 2.816087 -2.571307 -0.07727098 3.161502 -2.846068 0.1877527 3.759878 -2.795868 0.2512083 3.711138 -2.753637 0.2092289 3.809154 -0.4351368 6.908705 -0.3148468 -0.4292679 6.89518 -0.2360352 -0.5967789 7.516653 -0.1599421 -0.5923185 7.493292 -0.1066071 -0.4678402 6.872423 -0.1679231 -0.6172323 7.471634 -0.0578615 -0.0516529 6.976547 -0.1713013 0.1179914 6.975478 -0.2420187 0.1199007 8.167526 0.5576677 0.2200536 8.170901 0.5224148 0.2949734 6.964035 -0.197053 0.3238297 8.161648 0.5406137 0.5182591 -4.90482 -0.6331098 0.08100509 -4.90482 -0.8142266 0.08100509 -4.90482 -0.1958551 -0.3562498 -4.90482 -0.6331098 -0.5373669 -4.90482 -0.195855 -0.3562498 -4.90482 0.2413995 0.08100509 -4.90482 0.4225165 0.5182595 -4.90482 0.2413996 0.6993761 -4.90482 -0.195855</float_array>
          <technique_common>
            <accessor source="#Mesh_007-mesh-positions-array" count="1000" stride="3">
              <param name="X" type="float"/>
              <param name="Y" type="float"/>
              <param name="Z" type="float"/>
            </accessor>
          </technique_common>
        </source>
        <source id="Mesh_007-mesh-normals">
          <float_array id="Mesh_007-mesh-normals-array" count="6981">0.04600387 -0.5876632 -0.8077968 0.08017396 -0.7204618 -0.6888447 0.07803314 -0.7106454 -0.6992096 -0.6616973 -0.5376599 -0.5225691 -0.6199078 -0.6710429 -0.4067133 -0.6616908 -0.5376952 -0.5225412 -0.9867138 -0.1535159 0.05318683 -0.9762052 -0.1977893 0.08889776 -0.9729244 -0.209393 0.09784096 -0.791345 0.4231114 0.441305 -0.7504268 0.4122031 0.5166705 -0.7021631 0.2920002 0.6493866 -0.1085579 0.6226763 0.7749125 -0.08345878 0.7656102 0.6378681 -0.07335263 0.7749091 0.6278019 0.6878336 0.5664262 0.4539234 0.5926009 0.7178592 0.3653798 0.6998951 0.5652394 0.4366363 0.9202585 0.3022257 -0.2485637 0.9417997 0.2926785 -0.1653866 0.9475364 0.2792997 -0.1554558 0.7218154 -0.2741677 -0.6354641 0.7336309 -0.3185555 -0.6002568 0.7218252 -0.274203 -0.6354377 0.1954327 -0.7612678 0.618286 0.2228755 -0.7023447 0.6760463 0.2228749 -0.7023439 0.6760473 -0.2445924 0.6488293 -0.7205519 -0.253673 0.6235305 -0.7394997 -0.2445958 0.648824 -0.7205556 0.07737445 -0.7267183 -0.6825642 -0.6144188 -0.6778556 -0.4037342 -0.6198527 -0.6645774 -0.4172764 -0.9712225 -0.2165049 0.09925913 -0.9756692 -0.200927 0.08773887 -0.7447718 0.4212132 0.5175851 -0.7425568 0.4037038 0.5344462 -0.07386344 0.7981333 0.5979362 -0.06941962 0.7888121 0.6107017 0.5795681 0.7287926 0.3646399 0.5622926 0.753164 0.3414252 0.9394831 0.302304 -0.1611955 0.7360408 -0.3301175 -0.5909878 0.7349693 -0.3370124 -0.588424 0.03263479 -0.519729 -0.8537077 0.02050906 -0.5179347 -0.8551743 0.02231806 -0.5272922 -0.849391 -0.6756405 -0.4697019 -0.5682342 -0.6677919 -0.4693171 -0.5777503 -0.6765924 -0.4666879 -0.5695835 -0.9925691 -0.1168978 0.03378772 -0.9927806 -0.1195954 0.009148776 -0.9930876 -0.1127843 0.03250825 -0.7306409 0.3341238 0.5954202 -0.7388057 0.3371255 0.5835347 -0.7302516 0.3331776 0.5964272 -0.01299291 0.6151494 0.7883036 -0.01502156 0.6430997 0.7656353 -0.01248234 0.613878 0.7893023 0.6280208 0.5698398 0.5299741 0.6171936 0.5984454 0.510818 0.6126497 0.6062616 0.5070576 0.9726283 0.2137812 -0.09105902 0.9705963 0.2163892 -0.1054449 0.9686364 0.2219403 -0.1117411 0.7170841 -0.237605 -0.6552361 0.6998462 -0.2391475 -0.6730705 0.7032954 -0.2483409 -0.6661099 0.07351565 -0.6887288 -0.7212823 0.07351678 -0.6887285 -0.7212824 -0.6662208 -0.4786579 -0.5718711 -0.6337878 -0.6387771 -0.4362074 -0.9776782 -0.193772 0.08122664 -0.9776782 -0.193772 0.08122646 -0.7410842 0.3426988 0.5773662 -0.7567235 0.3855912 0.5279102 -0.0134285 0.6504832 0.759402 0.09334284 0.79606 0.5979763 0.4426533 0.7713887 0.4571847 0.4338921 0.773831 0.461436 0.9508314 0.2649868 -0.160318 0.9508313 0.2649868 -0.1603178 0.7298741 -0.3143774 -0.6070014 0.9474332 0.2843332 -0.1467142 0.5666394 0.7438858 0.3543357 0.07349646 -0.7135156 -0.6967739 0.7320709 -0.321544 -0.6005679 0.3904902 0.1347087 -0.9106981 0.4466506 -8.71498e-4 -0.8947081 0.4502725 0.002597928 -0.8928874 -0.3673241 0.115818 -0.9228539 -0.309925 0.001674532 -0.9507595 -0.3697595 0.1162951 -0.9218208 -0.917905 0.0410037 -0.3946761 -0.8904259 0.02328079 -0.4545324 -0.9187548 0.04176265 -0.392614 -0.9276207 -0.04074752 0.3712944 -0.9478517 0.05109661 0.314589 -0.9268053 -0.04131448 0.373263 -0.3926609 -0.08559191 0.9156919 -0.4457821 0.06729799 0.8926082 -0.4478218 0.07231146 0.891194 0.3695298 -0.06212234 0.9271401 0.3111897 0.06395894 0.9481932 0.3075263 0.06490367 0.9493235 0.9188122 0.01199865 0.3945128 0.890887 0.04188007 0.4522902 0.8892938 0.04162788 0.455438 0.9241789 0.09363424 -0.3703055 0.9486947 0.01393419 -0.3158864 0.9497099 0.01721638 -0.3126578 0 -1 0 0 -1 0 0 -1 8.81771e-7 0 -1 0 0 -1 -8.81772e-7 -0.0107969 0.9120082 0.41003 0.06381392 0.8828958 0.4652129 0.04389727 0.972924 0.2269184 0.12687 0.9074528 0.4005414 0.04389965 0.9729199 0.2269357 0.04387998 0.9729185 0.2269455 0.04386234 0.9729263 0.2269152 0.04391396 0.9729357 0.2268647 0.0439648 0.972921 0.226918 0.345705 0.1580083 -0.9249441 0.3151845 0.05592763 -0.947381 0.315184 0.05592751 -0.9473812 -0.4112051 0.1395405 -0.900799 -0.4418979 0.1137072 -0.8898298 -0.4418967 0.1137074 -0.8898303 -0.9340298 0.06327396 -0.3515464 -0.922989 0.241726 -0.2994328 -0.9260257 0.2265266 -0.3019308 -0.9093937 -0.02937924 0.4148977 -0.8950215 0.007090568 0.4459667 -0.8935527 0.03291314 0.4477505 -0.3451758 -0.08881288 0.9343265 -0.3179308 -0.1532226 0.9356511 -0.3417938 -0.08630865 0.9358034 0.4139031 -0.06853717 0.9077373 0.4347822 -0.216135 0.874214 0.4175632 -0.06737571 0.9061466 0.9341329 0.01131522 0.3567463 0.9433091 -0.09658282 0.317553 0.9356229 0.0115354 0.3528125 0.9077832 0.1031721 -0.4065528 0.8926311 0.1408573 -0.428216 0.9060357 0.1037541 -0.4102861 0.8917654 0.03822427 0.4508808 0.3185518 0.08755707 0.943853 -0.4298802 0.1077396 0.8964347 -0.427478 0.1005093 0.8984211 -0.9416061 0.0834912 0.3262012 -0.9427503 0.0755611 0.324827 -0.8924604 0.02815359 -0.4502466 -0.891576 0.02995121 -0.4518798 -0.3184183 -0.02113693 -0.9477146 -0.3167346 -0.01993429 -0.9483047 0.434255 -0.04442358 -0.899694 0.9455298 -0.01928412 -0.3249638 0.4318831 -0.03420394 -0.9012809 -0.8881263 -0.09751403 0.4491356 -0.91479 0.3000391 -0.2704368 -0.3224487 0.5292097 -0.7848336 -0.2995808 0.5292325 -0.793829 -0.3236284 0.5291998 -0.7843548 0.2405726 0.5079962 -0.827082 0.1963992 0.5110533 -0.8368107 0.1924695 0.5112733 -0.837589 0.8811086 0.2325133 -0.4118074 0.8811297 0.2324963 -0.4117718 0.9372197 -0.1665857 0.3063798 0.9373064 -0.1664956 0.3061634 0.4178537 -0.4085055 0.8114934 0.4187139 -0.4084401 0.8110828 -0.3179514 -0.1802761 0.9308101 -0.2982459 -0.3837656 0.8739413 0.1545702 0.5153658 -0.8429152 0.06955337 0.7122206 -0.6985015 0.06146925 0.7142835 -0.6971518 -0.6569381 0.302838 -0.6904501 -0.6321702 0.5284444 -0.5666634 -0.6730777 0.2980718 -0.6768454 -0.9646024 -0.1259831 -0.2316691 -0.9945251 0.01940065 -0.1026822 -0.9646024 -0.1259832 -0.2316688 -0.7393637 -0.598341 0.3087547 -0.75943 -0.512189 0.4011589 -0.7393637 -0.598341 0.3087548 -0.07380777 -0.7997553 0.5957716 -0.07978808 -0.7467519 0.6602997 -0.07380694 -0.7997553 0.5957719 0.6421881 -0.6122415 0.4612537 0.6438613 -0.5572329 0.5243417 0.6435629 -0.5561832 0.5258204 0.9892083 -0.1456399 -0.01600605 0.9960731 -0.05243396 0.07133823 0.9959639 -0.04765415 0.07605952 0.7639681 0.3267148 -0.5564264 0.7631811 0.4797289 -0.4329145 0.7618572 0.4879058 -0.4260535 0.03997772 -0.6787161 -0.7333119 0.06678777 -0.7372932 -0.6722635 0.03997761 -0.6787165 -0.7333115 -0.1663004 0.9090417 0.3820832 -0.1662772 0.9090353 0.3821084 -0.1662729 0.9090439 0.3820898 0.06052106 0.7025405 -0.7090657 0.05998444 0.701651 -0.7099914 -0.6261269 0.5342074 -0.567968 -0.6238449 0.5233418 -0.5804577 -0.9949948 0.02780139 -0.09598195 -0.9952184 0.0556215 -0.08029109 -0.7600044 -0.507529 0.4059652 -0.7680536 -0.4164604 0.4864712 -0.07960325 -0.7455574 0.6616702 -0.0911656 -0.6083432 0.7884208 0.6310328 -0.4192053 0.6527363 0.6300956 -0.4168738 0.6551304 0.9866914 0.04309827 0.1567882 0.9861827 0.04521417 0.1593722 0.7541826 0.5137721 -0.4089584 0.7542204 0.5118543 -0.4112868 0.0866003 0.4471341 -0.8902648 0.08797252 0.3843338 -0.9189932 0.08701533 0.4499725 -0.8887932 -0.5855035 0.2711148 -0.7639911 -0.5666004 0.2129055 -0.7960121 -0.5681377 0.2150077 -0.7943497 -0.9860289 -0.05047154 -0.1587442 -0.9797937 -0.09226697 -0.1774573 -0.9801201 -0.09034103 -0.1766441 -0.7871559 -0.3100027 0.5331829 -0.7900703 -0.2963122 0.5366452 -0.7898657 -0.2979814 0.5360216 -0.1321116 -0.3634657 0.9221927 -0.1427614 -0.3065647 0.9410831 -0.1425471 -0.3078927 0.9406818 0.5936163 -0.1734027 0.7858443 0.5816898 -0.1168352 0.8049761 0.5935932 -0.1753698 0.785425 0.9675842 0.149549 0.2035092 0.9646331 0.1632338 0.2069727 0.9678717 0.1474872 0.203647 0.7703503 0.4095141 -0.4887319 0.7787556 0.3682824 -0.5078462 0.7699798 0.4120193 -0.4872077 0.9787046 0.09852826 0.1800826 0.9787045 0.09852826 0.1800824 0.6124981 -0.2757329 0.7408223 0.6124984 -0.2757327 0.740822 -0.1142017 -0.4660521 0.8773561 -0.7799445 -0.3620495 0.5104965 -0.988792 -0.02251946 -0.1475918 -0.4824346 0.4063548 -0.7759721 -0.06531351 0.5155958 -0.8543391 -0.07161051 0.5142663 -0.8546357 0.7631412 0.4362915 -0.4767237 0.7631419 0.4362912 -0.4767226 -0.1313024 -0.3652144 0.9216171 -0.7863646 -0.3119326 0.533225 -0.9863983 -0.04796618 -0.1572185 -0.5866862 0.2735343 -0.7622194 0.5317429 0.7351773 -0.4204329 0.3938816 0.8640832 -0.3133971 0.3825509 0.868259 -0.3158817 -0.1833038 0.5690404 -0.8016188 -0.2451644 0.7156051 -0.6540672 -0.2057496 0.5657938 -0.7984638 -0.7319738 0.09768569 -0.6742937 -0.7761024 0.1616775 -0.609529 -0.7319742 0.09768557 -0.6742933 -0.8653381 -0.4688102 -0.1772204 -0.8495802 -0.4893888 -0.1967536 -0.865338 -0.46881 -0.1772214 -0.4918003 -0.7606835 0.4236665 -0.4248449 -0.8391466 0.3396173 -0.4918003 -0.7606835 0.4236664 0.1698286 -0.6069588 0.7763757 0.2310371 -0.6867232 0.6892264 0.2346999 -0.6912065 0.6834834 0.7319741 -0.09768581 0.6742933 0.7468848 -0.1184681 0.6543152 0.7491504 -0.1217165 0.6511212 0.7790449 0.542421 0.314434 0.8048222 0.5396175 0.247132 0.8988247 0.4253225 0.1059005 0.4819431 -0.5918473 -0.646102 0.4715377 -0.6417309 -0.6048418 0.4819431 -0.5918469 -0.6461023 -0.4010556 0.7123212 0.57598 -0.2136777 0.8345245 0.5078491 -0.4209239 0.8093398 0.4096246 0.4020129 0.8516701 -0.3362199 0.4011839 0.8537499 -0.3319076 -0.2390307 0.7238385 -0.647242 -0.2266902 0.7055953 -0.6713768 -0.7823135 0.1708204 -0.5990043 -0.7765623 0.1604884 -0.6092573 -0.8470246 -0.4925828 -0.199779 -0.8746356 -0.4581195 -0.1585538 -0.4207094 -0.8434519 0.3340548 -0.4726213 -0.7822684 0.4058142 0.1820628 -0.6301578 0.7548207 0.1839201 -0.63058 0.7540175 0.7179876 -0.08808434 0.69046 0.7198547 -0.08869099 0.6884354 0.81379 0.5299641 0.2385039 0.8123455 0.5309398 0.2412422 0.4905863 0.7264554 -0.4812357 0.3335898 0.9100711 -0.2459439 0.4940252 0.7211727 -0.485643 -0.1114768 0.5865704 -0.8021895 -0.2850593 0.7663318 -0.5757403 -0.2781592 0.7572151 -0.5909762 -0.7313759 0.109169 -0.6731801 -0.796126 0.184508 -0.5763162 -0.7874128 0.1712589 -0.5921585 -0.9013693 -0.4213601 -0.09994477 -0.8325358 -0.5102316 -0.21575 -0.8440874 -0.4968637 -0.2016014 -0.5462614 -0.6496389 0.5287417 -0.3892294 -0.8726674 0.2948767 -0.4011124 -0.8624925 0.3085705 0.0744841 -0.5054129 0.8596569 0.2605798 -0.7216643 0.6413258 0.06853991 -0.4966189 0.8652583 0.6717481 -0.05585795 0.7386707 0.7608322 -0.1400233 0.6336624 0.6630392 -0.04762893 0.7470681 0.8601678 0.4789528 0.1752586 0.7888557 0.5527629 0.2686265 0.8631758 0.4751856 0.1706646 0.3006246 0.9317342 -0.2037068 0.4304143 0.8156346 -0.3866315 0.3076097 0.927871 -0.2107883 -0.309928 0.7898762 -0.5291882 -0.172807 0.6671956 -0.7245604 -0.1445625 0.6807761 -0.7180848 -0.810419 0.2186502 -0.5435193 -0.7736104 0.1587466 -0.6134546 -0.7736697 0.1588396 -0.6133558 -0.8368245 -0.5043683 -0.2129257 -0.9252062 -0.3694033 -0.08680254 -0.9253318 -0.3691429 -0.08657103 -0.3795871 -0.881121 0.2820277 -0.5693495 -0.631527 0.5263221 -0.5698249 -0.6305519 0.5269762 0.2690031 -0.7304252 0.6277869 0.08154332 -0.4802961 0.8733078 0.2545318 -0.7146026 0.6515802 0.758669 -0.1336645 0.6376168 0.6550226 -0.002253055 0.7556059 0.741199 -0.1093685 0.6623161 0.7579361 0.5830461 0.2925577 0.8162552 0.5281391 0.2340866 0.7705935 0.5724302 0.2801957 -0.5508384 -0.640527 0.5350723 -0.9066268 -0.4122961 -0.08966583 -0.7278954 0.1055111 -0.6775218 -0.1078054 0.5813035 -0.8065136 0.1947596 -0.6404131 0.7429265 0.1945686 -0.6401733 0.7431831 -0.4658593 -0.7939048 0.3907561 -0.8836404 -0.4425359 -0.1527797 -0.8983796 0.1184983 -0.4229332 -0.7901673 0.327091 -0.5183117 0.5693172 0.8204446 0.0524286 0.5920954 0.8010513 0.08797746 0.7649065 0.5780834 0.2841438 0.7649065 0.578083 0.2841446 0.7124329 -0.07168984 0.6980689 0.7127296 -0.0720843 0.6977252 0.4147138 -0.6720139 -0.6135225 0.413508 -0.6633725 -0.6236571 0.414488 -0.6632636 -0.6231222 -0.3500284 -0.6811171 -0.6430861 -0.348264 -0.672468 -0.653069 -0.3500276 -0.6811175 -0.6430861 -0.909727 -0.2912315 -0.2959409 -0.9090304 -0.2772395 -0.3111304 -0.9087585 -0.2772459 -0.3119178 -0.9365221 0.2692536 0.2245635 -0.9345613 0.2985977 0.1934803 -0.9334948 0.3010153 0.1948775 -0.4147152 0.6720138 0.6135216 -0.4147164 0.6720131 0.6135216 -0.4147147 0.6720142 0.6135216 0.3500299 0.6811166 0.6430858 0.3500317 0.6811155 0.643086 0.3500325 0.6811149 0.6430861 0.9097294 0.2912287 0.2959362 0.9094821 0.3205078 0.2647961 0.9097295 0.2912287 0.295936 0.9365206 -0.2692558 -0.2245678 0.9366663 -0.2552697 -0.2397785 0.9365206 -0.2692559 -0.2245678 -0.02019822 -0.6808721 0.7321238 -0.02019602 -0.6808719 0.7321242 -0.02019774 -0.6808711 0.7321248 0.01599103 0.7613598 -0.6481326 0.0188964 0.7342683 -0.6785964 0.01599174 0.7613542 -0.648139 0.4094463 -0.5905034 -0.6954564 -0.3403198 -0.5994508 -0.7244592 -0.3424588 -0.5903059 -0.7309316 -0.9056663 -0.240954 -0.3488692 -0.9069693 -0.2299764 -0.3528706 -0.9271665 0.3041678 0.2187333 -0.9280716 0.2938194 0.2288084 -0.369742 0.7590397 0.5358636 -0.3790375 0.6788572 0.6288747 -0.3796064 0.671368 0.6365252 0.3091294 0.7671205 0.5621078 0.3131207 0.6870962 0.6556326 0.3105703 0.7670342 0.5614309 0.9082432 0.3229761 0.2660469 0.9000254 0.3258841 0.289403 0.936458 -0.2553116 -0.2405464 0.9353652 -0.2190375 -0.2776951 0.407129 -0.6671221 -0.6238543 0.3990949 -0.8510616 -0.3412002 0.4053613 -0.6796563 -0.6113507 -0.3417859 -0.6760374 -0.6528062 -0.3512415 -0.8599864 -0.3702065 -0.350695 -0.8604043 -0.3697531 -0.9003233 -0.2742592 -0.337935 -0.9070166 -0.3579158 -0.2218492 -0.9066855 -0.3586755 -0.2219764 -0.9348543 0.3123994 0.1686836 -0.9250577 0.3793375 0.01927345 -0.9248019 0.3800256 0.01794546 -0.4012436 0.745437 0.5322852 -0.3639523 0.906216 0.2152006 -0.3613116 0.9073532 0.2148587 0.3411269 0.754274 0.5609841 0.3246171 0.9144111 0.2418186 0.343548 0.7651051 0.5446 0.9113541 0.3343754 0.2400558 0.9115312 0.4012003 0.09027349 0.9119633 0.3458876 0.2206464 0.9299855 -0.2524738 -0.2671778 0.9296848 -0.3360538 -0.1508447 0.9306167 -0.2633123 -0.2542034 0.4160743 -0.5984237 -0.6846687 0.4167194 -0.5380477 -0.7327002 0.4156785 -0.5996363 -0.6838478 -0.3476447 -0.6075139 -0.7141919 -0.3460059 -0.5471274 -0.7621887 -0.3460044 -0.5471278 -0.7621892 -0.9074831 -0.2369071 -0.3469143 -0.9054133 -0.2036406 -0.3725013 -0.9054132 -0.2036408 -0.3725016 -0.9336016 0.292545 0.2068955 -0.9337604 0.2911928 0.2080828 -0.9335256 0.2929059 0.2067273 -0.3593068 0.6823472 0.6366326 -0.2358702 0.6935622 0.6806885 -0.3634229 0.6808668 0.6358808 0.2927302 0.6900959 0.6618736 0.1660652 0.6983468 0.6962286 0.1539447 0.7005823 0.6967679 0.9076321 0.3144547 0.2780688 0.9077315 0.3131044 0.2792658 0.9077321 0.3131034 0.2792649 0.9369327 -0.2149053 -0.2756319 0.9360593 -0.1817068 -0.3012903 0.9371621 -0.2159546 -0.2740269 0.3219833 0.9154859 0.2412726 0.310347 0.8184534 0.4835481 -0.3661073 0.8104032 0.4573972 -0.3660346 0.8083016 0.4611585 -0.9279211 0.3466214 0.1371722 -0.928282 0.3426203 0.1445822 -0.9071549 -0.3209322 -0.2721627 -0.9069032 -0.3161329 -0.2785438 -0.3449354 -0.7710193 -0.5353025 -0.3449934 -0.7666987 -0.5414359 0.3985426 -0.8514853 -0.3407881 0.4034525 -0.7621116 -0.5063714 0.9294105 -0.3368067 -0.1508553 0.9328269 -0.2990316 -0.2010328 0.9113624 0.4018836 0.08892899 0.9060626 0.3684523 0.2080716 0.9075605 0.3148145 0.2778955 0.2969264 0.6887146 0.6614431 -0.3472862 -0.608717 -0.7133415 0.4038808 -0.7577853 -0.5124859 0.3318926 -0.9089516 0.2522981 0.6224647 -0.7425796 0.2472109 0.6302248 -0.7364593 0.2458547 0.2548704 -0.8380036 -0.4824844 0.5435717 -0.6698367 -0.5058148 0.2548704 -0.8380036 -0.4824845 -0.08969926 -0.356463 -0.9299936 0.1445655 -0.2088906 -0.9671947 0.1274807 -0.2194873 -0.9672507 -0.4999694 0.2535911 -0.8280834 -0.3613542 0.3656359 -0.8577491 -0.3712254 0.3580465 -0.8567348 -0.7356112 0.6347959 -0.2364538 -0.735611 0.634796 -0.2364543 -0.7356109 0.634796 -0.2364545 -0.6585889 0.563848 0.4983333 -0.6585878 0.563848 0.4983348 -0.6585894 0.5638482 0.4983326 -0.3140203 0.08230525 0.945842 -0.1799246 0.1821039 0.9666775 -0.170215 0.1893377 0.9670461 0.0962491 -0.5277465 0.8439312 0.3360393 -0.3852638 0.8594472 0.09624892 -0.5277463 0.8439314 -0.8268471 -0.5614894 0.03245896 -0.8268473 -0.5614892 0.03245776 -0.8268472 -0.5614894 0.03245598 0.960852 0.2667288 -0.07496184 0.9535488 0.2883998 -0.08700734 0.9437098 0.3237809 -0.06766021 0.5952668 -0.7655182 0.244212 0.5966977 -0.7647486 0.2431281 0.5515231 -0.6639637 -0.5049499 0.5170785 -0.6934964 -0.5016897 0.1781899 -0.1933277 -0.9648176 -0.2250936 0.4547183 -0.8617216 -0.6222038 0.7584341 -0.1940113 -0.4451792 0.8668738 -0.2243779 -0.6218712 0.7596957 -0.1901023 -0.5538911 0.6955088 0.4576812 -0.3722884 0.7997312 0.4709898 -0.3708045 0.7988766 0.4736034 -0.03416299 0.2788459 0.9597281 -0.03503751 0.2794801 0.9595121 0.3687606 -0.3688692 0.8532006 0.3699451 -0.3690195 0.8526225 0.2232819 -0.9391152 0.2611663 0.1166824 -0.9574888 0.2638191 0.2422107 -0.9346349 0.2603684 0.1461781 -0.8680931 -0.4743905 0.04096561 -0.8877425 -0.4585142 0.05790925 -0.8852889 -0.461422 0.0179274 -0.2831632 -0.9589042 -0.03741753 -0.3023682 -0.9524565 -0.01890641 -0.2963532 -0.9548913 -0.07617235 0.501452 -0.8618259 -0.05680298 0.5045881 -0.8614896 -0.0737403 0.5002632 -0.8627278 -0.09533363 0.9704248 -0.221782 -0.04221165 0.9757665 -0.2147046 -0.0484007 0.9746814 -0.2182971 -0.02845937 0.9088273 0.416201 0.02217322 0.9164589 0.3995141 -0.03889191 0.9072307 0.4188314 0.1124992 0.3276606 0.9380738 0.1314445 0.3311874 0.9343647 0.09979081 0.3249476 0.9404525 0.2089526 -0.4591236 0.8634491 0.1530939 -0.4778569 0.8649944 0.2305508 -0.4512346 0.8621101 0.1150408 0.3263711 0.9382151 0.03886914 0.3028399 0.9522485 -0.1932497 0.939257 0.2836389 -0.1939939 0.9426901 0.2714806 -0.2287327 0.9719417 -0.05486977 -0.1516204 0.4783026 -0.8650075 -0.1516204 0.4783025 -0.8650075 0.06357562 -0.2681788 -0.9612692 0.06357538 -0.2681782 -0.9612694 0.2667782 -0.8323519 -0.4858186 0.2667787 -0.8323527 -0.4858172 0.1339089 -0.9552927 0.2635989 0.3443409 -0.9037929 0.2541411 0.1718251 -0.4720456 0.8646671 0.2544018 -0.4439586 0.8591744 -0.1061133 0.9691517 -0.2224521 -0.08914977 0.4989867 -0.862012 0.03949177 -0.2752435 -0.9605631 0.1649525 -0.86347 -0.4766659 0.8668202 -0.4234806 0.2632243 0.8235419 -0.4851269 0.293991 0.8668201 -0.4234806 0.2632244 0.6407085 -0.6305562 -0.4380543 0.5981832 -0.691513 -0.4049528 0.5947889 -0.695892 -0.4024432 0.03928226 -0.4682589 -0.8827177 0.03190171 -0.4804967 -0.8764162 0.03928226 -0.4682591 -0.8827177 -0.5851581 -0.03166151 -0.8103009 -0.5354853 0.03999435 -0.8435971 -0.5851581 -0.0316618 -0.810301 -0.8668203 0.4234852 -0.2632164 -0.8668202 0.4234856 -0.2632159 -0.8668203 0.4234851 -0.2632166 -0.6407133 0.6305558 0.4380478 -0.6407141 0.6305564 0.4380459 -0.6407144 0.6305566 0.4380451 -0.03928333 0.4682594 0.8827174 -0.03928303 0.468259 0.8827177 -0.03928285 0.4682589 0.8827177 0.5851579 0.03166127 0.8103011 0.5785197 0.02138096 0.8153883 0.5851578 0.03166133 0.8103011 -0.497071 -0.7754974 0.3892611 -0.4970707 -0.7754973 0.3892616 -0.4970703 -0.7754981 0.3892606 0.8200817 -0.4895665 0.2962953 0.7755107 -0.5428232 0.3223757 0.552392 -0.7471573 -0.3696202 0.5528125 -0.7465994 -0.3701186 0.03025603 -0.4912936 -0.8704684 0.03063708 -0.4909481 -0.8706499 -0.4903045 0.08580505 -0.8673172 -0.4908109 0.08442127 -0.8671665 -0.6748684 0.6564773 -0.3370314 -0.6881102 0.6375854 -0.3463947 -0.6878311 0.6372402 -0.3475822 -0.4602452 0.8338353 0.3047838 -0.4720063 0.8225483 0.3172135 -0.4613393 0.8335757 0.3038386 0.01781934 0.6141967 0.7889519 0.0288642 0.5976832 0.8012126 0.01242887 0.6160934 0.7875751 0.5778285 0.0196616 0.8159214 0.5747582 0.007369697 0.8182902 0.5656397 -0.6982761 0.4387053 0.5098019 -0.7282371 0.4580096 0.5983281 -0.6802443 0.4234043 0.3410284 -0.9039782 -0.2579208 0.2892756 -0.9301982 -0.2259448 0.2978222 -0.9264307 -0.2302782 -0.06883901 -0.5726019 -0.8169385 -0.08984935 -0.592624 -0.8004524 -0.08101463 -0.5889751 -0.8040803 -0.4069448 0.1234648 -0.9050704 -0.3896714 0.1277965 -0.9120441 -0.394552 0.1236754 -0.9105126 -0.5009253 0.7381018 -0.4519731 -0.4167957 0.7687609 -0.485065 -0.4138488 0.7680011 -0.4887775 -0.2793025 0.9350483 0.2183457 -0.1983938 0.9613943 0.1906852 -0.3019261 0.9259208 0.2269613 0.1137982 0.6423915 0.7578808 0.1412478 0.6408739 0.7545395 0.09049606 0.6307902 0.7706583 0.4769797 -0.07273381 0.8758997 0.4539127 -0.09464025 0.886006 0.5090712 -0.05137717 0.8591898 -0.05332732 0.530593 0.8459476 -0.1472831 0.5207421 0.8409135 -0.1556903 0.5238941 0.837434 -0.6257505 0.6529893 0.4266629 -0.6793602 0.5628081 0.4708682 -0.6793398 0.5628058 0.4709004 -0.8543617 0.4650846 -0.2318677 -0.9060206 0.4065322 -0.1177218 -0.854893 0.46223 -0.2355875 -0.5593413 0.02123415 -0.8286656 -0.5782656 -0.01977068 -0.815609 -0.56027 0.01908147 -0.8280904 0.07322776 -0.4193895 -0.9048482 0.1165269 -0.3368879 -0.9343063 0.07718706 -0.4169134 -0.905663 0.6676386 -0.5909928 -0.4527542 0.746237 -0.4099051 -0.5245075 0.6703615 -0.5874676 -0.4533181 0.8906595 -0.386767 0.2390338 0.9654592 -0.2091354 0.155406 0.9654533 -0.2090427 0.1555677 0.6173853 0.079005 0.7826836 0.6558382 0.1570296 0.7383888 0.6558054 0.1570576 0.738412 -0.05034267 0.5273621 0.848148 -0.6262494 0.6528845 0.4260909 0.8926719 -0.3838725 0.2361756 0.6206614 0.08080661 0.7799037 0.4840567 0.7844597 -0.3877012 0.4840459 0.7844606 -0.3877127 0.4731015 0.7889081 -0.3921722 -0.265932 -0.222303 -0.9380095 -0.1463264 -0.3595955 -0.9215638 -0.1556478 -0.3488274 -0.9241716 -0.7083638 -0.5680168 -0.4190199 -0.5840255 -0.7016476 -0.4081726 -0.7083284 -0.5680575 -0.4190245 -0.7526676 -0.561215 0.3442807 -0.7150608 -0.6068183 0.347073 -0.7052055 -0.6181425 0.3472537 -0.3728854 -0.2058753 0.9047495 -0.4315059 -0.1294741 0.8927705 -0.3728899 -0.2058684 0.9047494 0.0551877 0.3880996 0.9199636 0.07048618 0.4376405 0.8963831 0.2859553 0.2343519 0.9291441 0.6509667 0.6084449 0.4539132 0.5192782 0.7600301 0.3907743 0.5376672 0.7494571 0.3863008 0.6998218 0.6026496 -0.3834878 0.6569039 0.6747025 -0.3365321 0.690742 0.602589 -0.3997024 0.3918328 0.2180606 -0.8938214 0.3539162 0.2285602 -0.90692 0.1629596 0.3710511 -0.914202 0.6974633 -0.7150871 0.04685491 0.6469196 -0.7612684 0.04433387 0.6974636 -0.7150868 0.04685652 -0.7268922 0.6659663 -0.16768 -0.7366815 0.6567502 -0.1611821 -0.7287698 0.6672031 -0.1540609 -0.1440034 -0.3680856 -0.9185728 -0.5765051 -0.7060751 -0.4112175 -0.590948 -0.6927377 -0.4133946 -0.701564 -0.6239217 0.3442816 -0.7145732 -0.6088916 0.3444362 -0.428259 -0.1197293 0.8956893 -0.4138627 -0.1390366 0.8996591 0.07040464 0.4464557 0.8920317 0.08541077 0.432377 0.8976387 0.5015822 0.7772037 0.3799603 0.6472595 0.6889897 -0.3261111 0.6274287 0.7091574 -0.321604 0.3632178 0.216802 -0.906129 0.3651332 0.2096756 -0.9070358 -0.3145865 -0.1566002 -0.936222 -0.3257179 -0.159709 -0.9318803 -0.3192121 -0.16874 -0.9325398 -0.7573948 -0.5026434 -0.4167768 -0.7560341 -0.495991 -0.4270895 -0.7595503 -0.5000123 -0.416018 -0.7745901 -0.527442 0.3490201 -0.7872487 -0.521922 0.3283854 -0.7765269 -0.5237972 0.3502035 -0.3573029 -0.2124977 0.909494 -0.3708937 -0.2096363 0.9047048 -0.3561977 -0.2135356 0.9096845 0.2469045 0.250619 0.9360707 0.2352377 0.2628715 0.9357147 0.2482534 0.248872 0.93618 0.6967208 0.599621 0.3937448 0.6782349 0.6233044 0.3892162 0.6732718 0.627704 0.3907593 0.715916 0.6236808 -0.3138258 0.704514 0.640502 -0.3056425 0.6984811 0.6460788 -0.3077439 0.2942588 0.3079051 -0.9047687 0.2710141 0.3049761 -0.9129846 0.2794552 0.2964016 -0.9132639 -0.1755945 -0.3251257 -0.9292254 -0.175594 -0.3251252 -0.9292257 -0.7496775 -0.5051372 -0.4275746 -0.6177971 -0.6706928 -0.410485 -0.7800985 -0.5317139 0.3297373 -0.7211666 -0.6016004 0.343505 -0.3771945 -0.2038986 0.90341 -0.4251603 -0.1582954 0.8911686 0.09681951 0.3995051 0.911604 0.09681928 0.399505 0.911604 0.592557 0.7729732 0.2266908 0.6592368 0.72706 -0.1918089 0.346387 0.2326775 -0.9087779 0.6439917 0.6944949 -0.3208609 0.51714 0.7657798 0.3822926 -0.1574307 -0.3540179 -0.9218931 0.3530916 0.2254615 -0.9080163 -0.7404879 -0.6720107 0.008908629 -0.7481256 -0.6633722 0.0156728 -0.7482446 -0.6632632 0.01456278 -0.3289233 -0.6811144 0.6541351 -0.3381667 -0.6724398 0.658383 -0.3289235 -0.6811147 0.6541346 0.2753179 -0.2912329 0.9161788 0.2624741 -0.2772697 0.9242451 0.2616723 -0.2772763 0.9244704 0.7722036 0.2456019 0.5859875 0.6916518 0.2985597 0.657632 0.6921917 0.3009769 0.6559601 0.7861801 0.6170095 0.03493303 0.7205416 0.6932564 -0.01467669 0.7191721 0.6939553 -0.03489392 0.3077404 0.6275921 -0.7151392 0.3260152 0.7019832 -0.6331934 0.2759538 0.6266117 -0.7288398 -0.2025185 0.2671755 -0.9421271 -0.3007696 0.3205083 -0.8982272 -0.4008477 0.3294658 -0.8548529 -0.7182862 -0.2692537 -0.6415352 -0.7308664 -0.2552701 -0.6329863 -0.718286 -0.269254 -0.6415352 0.6130884 -0.6808718 -0.4006699 0.6771168 -0.5896728 -0.440226 0.6771185 -0.5896724 -0.440224 -0.2805297 0.9404038 0.1922079 -0.5416678 0.7613642 0.3562589 -0.280535 0.9404008 0.1922149 -0.8048079 -0.5905025 0.05992853 -0.4013172 -0.5994511 0.6925337 -0.4054164 -0.5903065 0.6979798 0.2294799 -0.2409229 0.9430245 0.2270043 -0.2300062 0.9463437 0.7081582 0.3041658 0.6371775 0.7169234 0.2938488 0.6321975 0.729707 0.6816506 -0.05366742 0.7351296 0.6752697 -0.05996084 0.3437915 0.7022228 -0.6234506 0.3650829 0.6897157 -0.6253052 -0.298995 0.3228983 -0.8979637 -0.2751905 0.325915 -0.904461 -0.7313786 -0.2553121 -0.6323773 -0.7612806 -0.2190384 -0.6103067 -0.7446508 -0.667123 0.02102857 -0.5078194 -0.8510619 -0.1334654 -0.7333688 -0.6796576 0.01535499 -0.3416048 -0.6760368 0.6529017 -0.1040078 -0.8599869 0.499605 -0.1039468 -0.8604049 0.4988972 0.2354528 -0.2742603 0.9323858 0.334838 -0.3578944 0.8716623 0.3343636 -0.3586713 0.8715251 0.6714161 0.3123994 0.6720172 0.5430623 0.3793346 0.7491252 0.5418257 0.3800225 0.7496719 0.6616073 0.7494717 0.02383738 0.3807137 0.9101507 0.1633487 0.3786861 0.9115401 0.1602858 0.2669645 0.7582007 -0.5948628 0.02407884 0.9180373 -0.3957623 0.2511873 0.7684363 -0.5885666 -0.3221664 0.3343755 -0.8856646 -0.4453417 0.4011988 -0.8004438 -0.3384622 0.3458879 -0.8751028 -0.7495718 -0.2524737 -0.6118817 -0.653712 -0.336037 -0.6780412 -0.7392717 -0.2633138 -0.6197928 -0.7988024 -0.5996603 0.04818999 -0.8365517 -0.5430058 0.07297921 -0.8365504 -0.5430067 0.07298767 -0.388706 -0.6075142 0.6927006 -0.4258617 -0.5521193 0.7168027 -0.4259045 -0.5520487 0.7168318 0.2321332 -0.2368648 0.9434031 0.5409252 0.001546323 0.8410694 0.2134189 -0.2084549 0.9544627 0.7017962 0.2930153 0.649326 0.7019162 0.2928996 0.6492484 0.7053167 0.7057955 -0.06618946 0.7915763 0.5346465 0.295906 0.7013236 0.7088083 -0.07573676 0.366447 0.7132889 -0.5974408 0.07233542 0.5505468 -0.8316645 0.04460233 0.5299951 -0.8468269 -0.2888049 0.3144599 -0.9042714 -0.5344325 0.02531379 -0.8448321 -0.4901819 -0.1329476 -0.8614214 -0.7604791 -0.2149075 -0.6127694 -0.7593142 -0.2159166 -0.6138584 0.02601838 0.9193388 -0.3926058 0.232523 0.8205279 -0.5221754 0.581978 0.812799 0.02567821 0.584185 0.8112502 0.02451556 0.6415699 0.3466177 0.6842837 0.647864 0.3426166 0.6803573 0.2933925 -0.3209288 0.9005141 0.2880356 -0.3161621 0.9039232 -0.2432249 -0.7710505 0.5884922 -0.2482669 -0.7666995 0.5920603 -0.5071659 -0.8514858 -0.1332466 -0.6460222 -0.7621116 -0.04291194 -0.653764 -0.3368178 -0.6776034 -0.6968393 -0.2990304 -0.651917 -0.4463504 0.4018818 -0.7995388 -0.3454343 0.3684493 -0.8630877 -0.2888532 0.3146995 -0.9041727 0.3734586 0.7160584 -0.5897365 -0.388212 -0.6087172 0.6919212 -0.6512914 -0.7577846 -0.03977817 -0.6718034 -0.6502866 0.354694 -0.6098473 -0.7006284 0.3704135 -0.6718035 -0.6502868 0.354693 -0.4085621 -0.1768859 0.8954263 -0.3474493 -0.2288344 0.9093481 -0.3427734 -0.2325604 0.910177 0.09400492 0.4001269 0.9116258 0.1034094 0.3918663 0.9141922 0.104842 0.3900412 0.9148094 0.5616881 0.7494615 0.3504482 0.4832101 0.8046284 0.3450815 0.5620694 0.7521284 0.3440651 0.6806901 0.6631664 -0.3112419 0.5473407 0.7562636 -0.3584462 0.6840757 0.6639283 -0.3020591 0.4085659 0.17689 -0.8954239 0.2915085 0.2734216 -0.9166589 0.4085655 0.1768898 -0.8954241 -0.09400469 -0.4001269 -0.9116258 -0.1629132 -0.3389825 -0.9265798 -0.1519571 -0.3476704 -0.9252213 -0.5415082 -0.7427545 -0.3938079 -0.5317236 -0.751247 -0.3910216 -0.5415083 -0.7427548 -0.3938074 0.734739 -0.6457784 0.2076752 0.734739 -0.6457778 0.207677 0.7347393 -0.6457772 0.2076778 -0.6050589 -0.7042447 0.3714071 -0.5444899 -0.7459076 0.3836048 -0.2850136 -0.278586 0.9171462 -0.2853305 -0.2781586 0.9171774 0.1104308 0.3791108 0.9187383 0.1099526 0.3793685 0.9186893 0.4195032 0.8436586 0.3350483 0.420118 0.8428053 0.3364226 0.4406542 0.8197717 -0.3657845 0.4419196 0.8206799 -0.3622043 0.2831318 0.279071 -0.9175815 0.1801871 0.3478307 -0.9200797 -0.2183436 -0.2991889 -0.9288768 -0.5303889 -0.7526082 -0.3902161 -0.5234831 -0.7608945 -0.3834123 -0.292441 -0.8798632 0.3745921 -0.2294191 -0.899788 0.3711448 -0.3296328 -0.8647954 0.3787758 -0.03094923 -0.4096058 0.9117376 0.02737116 -0.4380975 0.8985107 0.01795059 -0.4344571 0.9005137 0.2321398 0.3122007 0.9212176 0.2589499 0.2924133 0.9205647 0.2493611 0.2953482 0.9222736 0.3216019 0.8825927 0.3429319 0.2982128 0.883458 0.3613461 0.3023832 0.8806076 0.3648217 0.2176472 0.9077174 -0.3587186 0.1346521 0.9335516 -0.3321902 0.1360726 0.9328801 -0.333495 -0.03447657 0.439309 -0.8976742 -0.1203573 0.4707386 -0.8740248 -0.00783509 0.4285705 -0.9034745 -0.3104241 -0.2660869 -0.9125978 -0.3284186 -0.2621938 -0.9074116 -0.282333 -0.2818237 -0.9169861 -0.4033052 -0.8305602 -0.3840768 -0.3741031 -0.8460422 -0.3798152 -0.4410656 -0.8123043 -0.3816058 -0.132762 -0.3542764 -0.9256687 -0.1042994 -0.3900908 -0.9148502 -0.1046648 -0.3903946 -0.9146789 0.3801473 0.2092043 -0.9009559 0.473013 0.1179665 -0.8731223 0.4728099 0.1176678 -0.8732727 0.6551586 0.6874805 -0.3132696 0.738175 0.6436794 -0.2019274 0.6541775 0.684919 -0.3208395 0.5230018 0.7856023 0.3306026 0.5939625 0.7620102 0.2579713 0.5222991 0.7837504 0.3360641 0.04522627 0.4384331 0.8976253 -0.02350515 0.4999738 0.8657215 0.04071509 0.4395535 0.8972932 -0.4473942 -0.1482973 0.881956 -0.5830913 -0.003840982 0.8123977 -0.4511399 -0.1464031 0.8803631 -0.707027 -0.6153142 0.3485705 -0.8383156 -0.4628332 0.288119 -0.8383364 -0.4629032 0.2879456 -0.5882403 -0.7007674 -0.4036067 -0.6513925 -0.6291906 -0.4240367 -0.6513704 -0.6291844 -0.4240798 -0.1313883 -0.3561874 -0.9251312 0.3819505 0.2084035 -0.9003787 -0.7099545 -0.6118495 0.348719 -0.5919343 -0.6983656 -0.4023671 -0.7253568 0.652785 -0.2184701 -0.7253372 0.6528291 -0.2184038 -0.7253675 0.6527977 -0.2183967 -0.1302351 -0.03306621 -0.9909316 -0.1042913 -0.1050235 -0.9889861 -0.1302353 -0.03306615 -0.9909316 -0.7521228 -0.2588016 -0.6060802 -0.7243042 -0.3300771 -0.6053367 -0.7229509 -0.3332402 -0.6052215 -0.9334123 -0.3329289 0.1337907 -0.9313786 -0.3386251 0.1336673 -0.9334124 -0.3329289 0.1337898 -0.5679284 -0.2120348 0.7952978 -0.5959947 -0.1247024 0.7932463 -0.5987014 -0.1146363 0.7927264 0.1302436 0.0330646 0.9909306 0.07096332 0.1952547 0.978182 0.1302453 0.03306609 0.9909303 0.7521185 0.2587931 0.6060891 0.7521211 0.2587928 0.6060859 0.7521222 0.2587928 0.6060846 0.9334123 0.3329247 -0.1338007 0.9334118 0.3329253 -0.133803 0.9334126 0.3329244 -0.1337997 0.5679274 0.2120319 -0.7952994 0.569917 0.2062691 -0.7953916 0.5697199 0.2068917 -0.7953712 0.3343384 -0.9423702 -0.01250076 0.3343328 -0.9423723 -0.01249742 0.334334 -0.9423719 -0.01249581 -0.02370446 0.8785693 0.4770262 -0.0236957 0.8785572 0.4770492 -0.02366274 0.8785476 0.4770684 -0.1032883 -0.1083124 -0.9887366 -0.08056181 -0.1726979 -0.9816748 -0.6935268 -0.3952414 -0.6023328 -0.6916528 -0.3975898 -0.6029418 -0.9251264 -0.3555152 0.1332291 -0.9229035 -0.3616521 0.1321252 -0.6101087 -0.06259113 0.7898417 -0.6083014 -0.06522017 0.7910221 0.03580391 0.2916645 0.9558504 0.03716081 0.2918658 0.9557371 0.6682467 0.5147197 0.5371313 0.6578741 0.5093898 0.5547286 0.6696435 0.5156181 0.5345237 0.8697876 0.4889351 -0.06642383 0.8702876 0.4860045 -0.07999634 0.8699212 0.4889107 -0.06483578 0.5756329 0.1892837 -0.795499 -0.08052629 -0.1758098 -0.9811252 -0.1473847 -0.02471727 -0.9887703 -0.7488675 -0.2430444 -0.6165444 -0.7549314 -0.225138 -0.6159476 -0.9422968 -0.3114507 0.122781 -0.9482235 -0.2916812 0.1256754 -0.5694426 -0.1427566 0.8095403 -0.5642551 -0.1636266 0.8092235 0.1196277 0.118956 0.9856666 0.1267445 0.1005303 0.986828 0.65776 0.5093502 0.5549003 0.6729214 0.5184037 0.5276691 0.8709208 0.4853774 -0.07684934 0.8746866 0.4846398 0.006903529 0.5769653 0.1827748 -0.7960556 0.5514792 0.2307644 -0.8016349 -0.2194914 0.3039593 -0.9270557 -0.2282165 0.510997 -0.8287336 -0.2187743 0.294169 -0.9303776 -0.832863 0.08131438 -0.5474733 -0.8489518 0.2856788 -0.4445994 -0.8489503 0.28568 -0.4446014 -0.9713172 -0.1725655 0.1635975 -0.9732599 -0.07666158 0.2165373 -0.9720984 -0.1621587 0.1694973 -0.5287618 -0.2933444 0.7964673 -0.5282644 -0.3636948 0.7672436 -0.5282651 -0.3636947 0.7672432 0.2253892 -0.4073328 0.885031 0.2253907 -0.4073344 0.8850298 0.2253891 -0.4073327 0.8850309 0.8461818 -0.1819937 0.500854 0.8461893 -0.181991 0.5008421 0.8461898 -0.1819909 0.5008415 0.9704694 0.1803192 -0.1602317 0.9704807 0.1802961 -0.1601895 0.9704692 0.1803197 -0.1602326 0.5275744 0.371501 -0.7639715 0.5254315 0.4673663 -0.7109785 0.52543 0.4673666 -0.7109794 0.9634206 0.2670495 -0.02248364 0.9675825 0.2513389 0.02475845 0.9630485 0.2680984 -0.02570897 0.8479189 0.1166421 0.5171347 0.8583245 0.1261478 0.4973587 0.847172 0.1159743 0.5185072 0.2042105 -0.1287961 0.9704173 0.2050501 -0.1286466 0.9702601 -0.528663 -0.2845115 0.7997304 -0.8311144 0.07189589 -0.5514345 -0.1535383 -0.00684154 -0.9881191 0.5462676 0.2507941 -0.7991834 -0.7352749 0.3805661 -0.5608389 -0.7083001 0.4484042 -0.5452015 -0.8876629 0.2320849 -0.3977325 -0.7818497 0.5865564 0.2113358 -0.6293426 0.7651827 0.1357324 -0.6387545 0.7538521 0.1539468 -0.2079296 0.5600281 0.8019563 -0.1820397 0.660488 0.7284349 -0.1814601 0.5627321 0.8064768 0.3833938 0.1705992 0.9076923 0.4268957 0.1952348 0.8829742 0.5564959 0.3171175 0.7679511 0.8440911 -0.2837318 0.4549796 0.7597873 -0.3941242 0.5170972 0.7654984 -0.3878269 0.5134225 0.7495294 -0.6226674 -0.2247024 0.6719041 -0.7232657 -0.1594735 0.6662592 -0.7294152 -0.1550877 0.2159041 -0.596852 -0.772757 0.1957998 -0.6268517 -0.754135 0.2159051 -0.5968546 -0.7727545 -0.4441937 -0.2214109 -0.8681412 -0.388208 -0.1393087 -0.9109818 -0.378277 -0.1261099 -0.9170621 -0.5346906 -0.6898149 0.4881202 -0.450837 -0.7972528 0.4014149 -0.5346906 -0.6898136 0.4881221 0.4889962 0.7515367 -0.4428039 0.4889977 0.7515361 -0.4428033 0.4921977 0.7232538 -0.484402 -0.7498641 0.4061649 -0.5222396 -0.7476695 0.4075192 -0.5243268 -0.6499125 0.7423862 0.1627161 -0.1847571 0.6738018 0.7154411 -0.1740125 0.6792923 0.7129388 0.4239051 0.1907217 0.885398 0.4605248 0.2350894 0.8559498 0.8261446 -0.3139315 0.4679018 0.7325999 -0.6492223 -0.2044695 0.7317376 -0.6499096 -0.2053717 0.2329134 -0.5807384 -0.7800606 0.2310494 -0.5815554 -0.7800062 -0.3868358 -0.139393 -0.9115524 -0.3847125 -0.138528 -0.9125822 -0.8763409 0.2435658 -0.4155747 -0.6585593 0.4922467 -0.5692037 -0.8799074 0.2372418 -0.4116789 -0.7742729 0.5766179 0.2607938 -0.5613034 0.8224208 0.09253478 -0.5775641 0.8100444 0.1012319 -0.2434213 0.6124597 0.75209 -0.1541313 0.717589 0.6791978 -0.1691291 0.7025589 0.6912354 0.5103864 0.2808636 0.8127863 0.4083892 0.1665164 0.8974913 0.4236917 0.1871221 0.886268 0.9203706 -0.1616854 0.3560558 0.7193467 -0.4372912 0.5397377 0.7357414 -0.4198688 0.5314083 0.8318327 -0.4790305 -0.2803287 0.6267988 -0.769012 -0.1254754 0.8362244 -0.4682919 -0.285362 0.2857151 -0.5244247 -0.8020883 0.1807817 -0.6493526 -0.7386875 0.2940942 -0.5123376 -0.8068574 -0.4465241 -0.2098714 -0.8698105 -0.3560487 -0.1048309 -0.9285687 -0.4504994 -0.2146636 -0.8665853 -0.6052137 0.5375961 -0.5871175 -0.8118767 0.3299797 -0.4816325 -0.6212939 0.5256746 -0.5810853 -0.5134869 0.8551955 0.07051265 -0.7010843 0.6786523 0.2188882 -0.7034333 0.6770043 0.2164413 -0.1231049 0.74546 0.6550837 -0.2002155 0.6916225 0.693954 -0.1987239 0.6926352 0.6933724 0.4112907 0.1743431 0.8946757 0.5159143 0.3373596 0.7874141 0.516113 0.3376991 0.7871383 0.706087 -0.4498705 0.5468616 0.9236741 -0.1315519 0.3598895 0.9241685 -0.1303096 0.3590713 0.6137559 -0.7808105 -0.1167851 0.8309006 -0.4640908 -0.3069593 0.6372553 -0.7590411 -0.1332748 0.183332 -0.6427303 -0.7438328 0.2904605 -0.4707349 -0.8330916 0.2059673 -0.6107399 -0.7645745 -0.3305811 -0.0612992 -0.9417849 -0.3915348 -0.1429588 -0.9089903 -0.3446158 -0.0788244 -0.9354286 0.9245575 -0.1516795 0.3495525 0.5182334 0.2910442 0.8041937 -0.2457163 0.6067796 0.7559379 -0.777199 0.5705096 0.2654817 0.7177342 -0.6679162 -0.1968393 0.717734 -0.6679164 -0.1968393 0.8121024 -0.3296668 0.481466 0.4663928 0.2560006 0.8467239 -0.2324476 0.7797736 0.58131 -0.4965541 0.8416237 0.2123759 -0.6623436 0.4921572 -0.5648737 -0.6623434 0.4921571 -0.5648741 -0.3397965 -0.06994724 -0.9378943 -0.3397971 -0.069947 -0.9378942 0.2383406 -0.5614181 -0.7924667 0.2383407 -0.5614181 -0.7924667 0.1375052 -0.5546484 0.8206446 0.1427355 -0.5356273 0.8323041 0.1375051 -0.5546481 0.8206447 0.784758 -0.4505263 0.4256534 0.7883433 -0.4315041 0.4385421 0.7890238 -0.4307392 0.4380699 0.9723047 -0.08249312 -0.2186743 0.977662 -0.05877602 -0.2017984 0.9776429 -0.05705934 -0.2023823 0.6443205 0.4558483 -0.6140469 0.5978946 0.369232 -0.7114701 0.5532335 0.2616176 -0.7908787 -0.112525 0.5346841 -0.8375268 -0.1381129 0.586843 -0.7978347 -0.145081 0.5854942 -0.797589 -0.8056495 0.4231805 -0.4145445 -0.7719947 0.4848703 -0.4110051 -0.8123625 0.4229258 -0.4014984 -0.9181248 0.2045025 0.3394491 -0.963223 0.1182124 0.2413033 -0.9634664 0.1171323 0.2408581 -0.5902899 -0.3338648 0.7349097 -0.5833218 -0.3098921 0.7508014 -0.5902895 -0.3338649 0.7349099 -0.1889831 -0.8279855 -0.5279445 -0.2150138 -0.7981793 -0.5627422 -0.2150137 -0.7981792 -0.5627425 0.1086164 -0.6650605 0.7388484 0.1130002 -0.6586231 0.7439399 0.7511864 -0.5617202 0.3466835 0.968285 -0.1031256 -0.2275724 0.5979118 0.3684657 -0.7118529 0.6214908 0.4488531 -0.6420905 -0.0883845 0.7555049 -0.6491538 -0.7024245 0.6567243 -0.2744322 -0.7036501 0.6532295 -0.2795851 -0.9311541 0.199108 0.3054637 -0.9338027 0.1948006 0.3001093 -0.5915681 -0.3540257 0.7243708 -0.5875757 -0.3485826 0.7302362 -0.03613901 -0.9068464 0.4199091 -0.01484435 -0.884854 0.4656319 -0.0200358 -0.8914008 0.452773 0.5907342 -0.8060011 0.03735607 0.6164219 -0.7833009 0.0803973 0.6210675 -0.7787576 0.0883851 0.9033175 -0.228111 -0.3632947 0.91183 -0.2195109 -0.3469599 0.9159392 -0.2154039 -0.3386098 0.6758725 0.5269767 -0.5152591 0.6720318 0.5059399 -0.5407385 0.670946 0.5019144 -0.5458145 0.04512012 0.9306883 -0.3630198 0.04937851 0.9252652 -0.3760933 0.05253183 0.9253882 -0.3753625 -0.5504284 0.8348824 4.16918e-4 -0.5624254 0.8268436 -0.002736747 -0.5639907 0.8254336 -0.02395838 -0.8618432 0.2796022 0.4231418 -0.8775899 0.2566536 0.4049261 -0.8778547 0.2643495 0.3993626 -0.6533308 -0.4785293 0.5866588 -0.6447144 -0.4699129 0.6029306 -0.6387563 -0.4544571 0.6208537 0.03146761 0.9213639 -0.3874254 0.6655163 0.5126342 -0.5424891 0.921354 -0.203482 -0.3312126 0.6089386 -0.7902162 0.06893688 -0.9601339 0.1377062 0.2432695 -0.9695219 0.09508115 0.2258026 -0.9694454 0.09483152 0.2262359 -0.7585932 0.487696 -0.4320755 -0.7444877 0.4013369 -0.5335418 -0.7401521 0.4035891 -0.5378577 -0.1631494 0.5835158 -0.7955449 -0.2376792 0.4828671 -0.8428214 -0.1608303 0.5823808 -0.7968477 0.5938173 0.3876897 -0.7050375 0.5924127 0.3463522 -0.727384 0.5938645 0.3855971 -0.7061444 0.9827457 -0.03127419 -0.1822988 0.989714 0.05259793 -0.1330406 0.9835301 -0.0292418 -0.1783635 0.7901754 -0.4104375 0.4551527 0.807747 -0.2219452 0.5461549 0.7900706 -0.4071848 0.4582456 0.1516888 -0.5131943 0.8447617 0.1801976 -0.3228991 0.9291206 0.1800168 -0.3228777 0.929163 -0.5748273 -0.2819312 0.7681721 -0.5541228 -0.1957576 0.8090901 -0.5541622 -0.1957385 0.8090679 -0.9606388 0.1355248 0.2424994 -0.7603353 0.4859047 -0.4310302 0.1536926 -0.5095587 0.8465982 -0.5721575 -0.2792847 0.7711264 0.1810345 0.836517 0.5171711 0.1810301 0.8365214 0.5171656 0.181281 0.8401395 0.5111781 0.7347425 -0.6457732 0.207679 0.7347465 -0.6457672 0.2076832 0.7347439 -0.6457712 0.2076803 -0.3194594 -0.2430033 0.9159122 -0.4087056 -0.1771712 0.8953045 -0.3197121 -0.2433751 0.9157252 0.7347391 -0.645777 0.2076793 0.7347432 -0.6457719 0.2076804 -0.1496069 -0.3618814 -0.9201411 -0.09390211 -0.3999848 -0.9116988 -0.09400612 -0.4001276 -0.9116253 -0.24854 -0.2859792 0.9254426 -0.2478256 -0.2844737 0.9260978 -0.1929184 -0.3411917 -0.9199842 -0.1493352 -0.3614237 -0.9203652 0.3339902 -0.4774228 0.8127226 0.332918 -0.4802123 0.8115181 0.3328046 -0.4805066 0.8113905 -0.283707 -0.3034695 -0.9096245 -0.3090156 -0.2982572 -0.9030792 -0.2835841 -0.302901 -0.9098522 -0.1938767 -0.342009 -0.9194791 -0.2732164 -0.3040499 0.9126372 -0.2740272 -0.3063911 0.9116106 -0.07082879 -0.4275553 -0.9012101 -0.1003445 -0.4056955 -0.9084835 -0.1002691 -0.4045755 -0.9089912 -0.716235 0.6553229 -0.2399156 -0.6857706 0.678357 -0.2637243 -0.7113214 0.6671499 -0.221208 -0.7117248 0.6569971 -0.2486013 -0.6951534 0.6669098 -0.2683154 -0.5537276 -0.03631806 0.8319055 -0.461023 -0.1248899 0.8785559 -0.5534419 -0.03579795 0.8321183 -0.3101353 -0.2970142 -0.903105 -0.4612997 -0.1267631 0.8781422 -0.3059689 -0.2793329 0.9101408 -0.7341113 -0.5451853 0.4047884 -0.744703 -0.6015102 0.289142 -0.7390497 -0.6081632 0.2897294 -0.01008301 -0.5124469 -0.8586598 -0.002026915 -0.5119414 -0.8590181 -0.00234431 -0.5114356 -0.8593185 -0.5964249 -0.5910226 0.5431112 -0.7348585 -0.5487701 0.3985404 -0.5005649 -0.6684843 0.5500578 -0.5940693 -0.5891515 0.5477064 0.739382 -0.5643661 0.3671583 0.7529151 -0.5574597 0.3497964 0.7393662 -0.5640272 0.3677105 -0.08701729 -0.5739208 -0.8142744 -0.1133378 -0.5814154 -0.805674 -0.1125555 -0.5823979 -0.805074 0.2209767 -0.7778815 0.5882769 0.2204768 -0.7799705 0.5856929 0.2210168 -0.7777129 0.5884848 0.7607597 -0.5662925 0.3171083 0.753075 -0.5568901 0.350359 -0.08589655 -0.5742785 -0.8141413 0.9519805 -0.2503725 0.1762011 0.9013834 -0.362439 0.2369516 0.9011741 -0.3640693 0.2352424 0.4784131 0.7927759 -0.3776603 0.4614188 0.7939726 -0.3958538 0.489374 0.7784085 -0.3931837 0.4601916 0.8032532 -0.3781644 0.4389493 0.8130125 -0.3825364 0.4124302 0.8177339 -0.4015129 0.4119985 0.8238369 -0.3892945 0.08332228 -0.3751066 -0.9232293 0.06155478 -0.4179257 -0.9063935 0.08277934 -0.3748359 -0.9233883 0.7861492 -0.5385622 0.3031833 0.7858028 -0.5402783 0.3010205 0.06286436 -0.4195424 -0.9055563 0.5270855 -0.8467636 0.07191884 0.524158 -0.8374743 0.1545805 0.529022 -0.834263 0.1553746 -0.6254392 -0.1175943 0.7713609 -0.6294215 -0.1213817 0.7675254 -0.6297854 -0.1216035 0.7671917 0.5018595 -0.8645935 -0.02480453 0.5337662 -0.8422639 0.07540082 -0.04347527 -0.1811932 -0.9824861 -0.02918833 -0.1930014 -0.9807643 -0.04395896 -0.1813936 -0.9824277 -0.5258252 0.8505495 0.008567154 -0.5386025 0.8356686 -0.1075423 -0.5387577 0.8423708 -0.01231169 -0.6337509 -0.1253585 0.7633118 -0.6341141 -0.1255776 0.7629743 -0.01577216 -0.2038176 -0.9788818 -0.02916443 -0.19301 -0.9807633 -0.4978963 0.8551494 0.1442869 -0.4387944 0.8768565 0.1964241 -0.7766187 -0.6296339 0.02061355 -0.777039 -0.6272767 0.05229175 -0.7790579 -0.6247111 0.05296117 0.1155654 -0.22826 -0.9667171 0.1914832 -0.1623375 -0.9679777 0.116312 -0.229242 -0.9663953 -0.7834949 -0.6213291 -0.009270131 -0.7747761 -0.631913 0.02020037 0.3071818 -0.4047644 0.8612812 0.3830318 -0.3387799 0.8593689 0.3820491 -0.3370862 0.8604717 -0.03131806 -0.262932 -0.964306 -0.03981876 -0.2674945 -0.9627364 -0.03971451 -0.2677414 -0.962672 0.1622338 -0.4412646 0.8825904 0.1536464 -0.445609 0.8819442 0.1622924 -0.4413108 0.8825565 0.2216417 -0.438542 0.8709512 0.153486 -0.4458515 0.8818495 0.9672052 0.2341902 -0.09833145 0.9712248 0.2304862 -0.05998671 0.9699833 0.2298145 -0.07948333 0.02920871 -0.2612798 -0.9648211 0.0291956 -0.2611761 -0.9648497 0.3078264 -0.4056521 0.8606332 -0.0313006 -0.2629849 -0.9642922 -0.02437758 -0.5849506 0.8107026 -0.06927245 -0.5942728 0.8012747 -0.06894969 -0.596885 0.7993586 -0.9152992 -0.2798799 -0.289646 -0.9129709 -0.2503517 -0.3221927 -0.9134196 -0.2497241 -0.3214073 0.02131986 -0.5931925 0.8047783 -0.02447211 -0.5825645 0.8124161 0.9413179 -0.2577816 -0.2178744 0.9408143 -0.2283097 -0.2504858 0.9412996 -0.2578193 -0.217909 -0.9060204 -0.3108394 -0.2872388 -0.9168545 -0.3559473 -0.1807746 -0.9170818 -0.3554444 -0.1806105 0.9326249 -0.2889707 -0.2161176 0.9362717 -0.3339082 -0.1090906 0.9320136 -0.2901874 -0.217122 0.03688365 0.7107536 -0.7024734 0.01882022 0.7086261 -0.7053332 -0.9071652 -0.2376224 -0.3472562 -0.9090843 -0.2528584 -0.3311019 -0.9071508 -0.2376483 -0.3472764 0.9366543 -0.2156749 -0.2759765 0.9376817 -0.2308047 -0.2597735 0.9375415 -0.2311418 -0.2599797 5.52803e-4 0.7103155 -0.7038832 0.006791353 0.7460935 -0.6658067 0.9411749 -0.2276253 -0.2497532 -0.9053074 -0.312066 -0.2881553 0.9364773 -0.3333765 -0.1089517 0.9369035 -0.2940546 -0.1890602 -0.9122876 -0.3163302 -0.2601279 -0.9120609 -0.3165832 -0.2606148 0.9367183 -0.2947729 -0.1888591 -0.908918 -0.2530798 -0.331389 -0.3451175 -0.2152799 0.9135363 -0.4345095 -0.1712797 0.8842312 -0.434029 -0.17228 0.8842728 -0.237074 -0.230675 -0.9437081 -0.08311808 -0.3851791 -0.9190911 -0.2365126 -0.2302613 -0.9439501 0.2968845 0.2736677 -0.9148582 0.1893366 0.2901808 0.9380548 -0.2383909 0.5306783 0.8133574 -0.344506 -0.2399067 0.9076126 -0.3445059 -0.2399065 0.9076126 -0.7526348 -0.5612576 0.3442829 -0.7246434 -0.5956223 0.346592 -0.7246436 -0.5956224 0.3465916 -0.6802959 -0.6024311 -0.4174618 -0.2374398 -0.2563444 -0.9369686 -0.2659308 -0.2222912 -0.9380125 -0.4176393 -0.1867022 0.8892243 -0.4178228 -0.1867264 0.889133 -0.08568257 -0.3834142 -0.9195935 -0.1220174 -0.3488736 -0.9291927 -0.360894 -0.2198145 0.9063317 -0.3409968 -0.249252 0.9064187 -0.3607786 -0.2195839 0.9064335 -0.2584594 -0.2388716 -0.9360231 -0.3043279 -0.1702109 -0.9372368 -0.3041169 -0.1700409 -0.9373362 -0.7533429 0.6335058 -0.1764799 -0.7570602 0.6329935 -0.1617994 -0.4031372 -0.1810848 0.8970444 -0.4032734 -0.1812493 0.89695 -0.1534585 -0.3481379 -0.9247975 -0.258859 -0.2388185 -0.9359262 -0.7573853 0.6362078 -0.1469945 -0.1215237 -0.3492525 -0.9291151 -0.3411843 -0.2494375 0.906297 0.2758889 -0.2893911 0.9165905 0.2793906 -0.285067 0.9168847 0.2799794 -0.2845712 0.9168592 -0.718398 -0.2674064 -0.6421823 -0.717113 -0.2626833 -0.6455591 -0.7186191 -0.2676735 -0.6418235 -0.7182878 -0.2692519 -0.6415341 -0.7182881 -0.2692515 -0.641534 -0.3742839 0.3220715 -0.8695871 0.6102417 0.307103 0.7302691 0.6347091 0.2997529 0.7122447 0.2706591 0.3756634 0.8863525 0.2753176 -0.2912329 0.9161789 0.2753177 -0.291233 0.9161788 -0.328926 -0.6811119 0.6541364 -0.7404878 -0.6720108 0.008908867 -0.740491 -0.6720072 0.008910953 -0.740491 -0.6720072 0.008910894 -0.8026872 -0.5943281 0.04967266 -0.8026881 -0.5943268 0.04967397 -0.3911246 -0.6034365 0.6948999 0.363106 -0.1872326 0.9127421 0.2495565 -0.2590588 0.933065 0.2537823 -0.234599 0.9383805 -0.7467761 -0.2124699 -0.6302238 -0.7780497 -0.1865398 -0.5998682 -0.676835 -0.1642321 -0.7175809 0.2550362 -0.2509307 0.9338042 0.2565434 -0.2495793 0.9337536 -0.7168477 -0.2624413 -0.645952 -0.7423027 -0.2288725 -0.6297652 0.2814705 -0.3104367 0.9079667 0.3739789 -0.3563892 0.8562282 0.374394 -0.3555946 0.8563771 -0.7084906 -0.2885392 -0.6440391 -0.623124 -0.3343577 -0.7070513 -0.7091041 -0.2905827 -0.6424431 0.5726163 -0.1564756 0.8047521 0.247057 -0.2552887 0.9347677 -0.7465994 -0.2333193 -0.623018 -0.7468425 -0.2329478 -0.6228658 -0.7415727 -0.2275286 -0.6311107 0.2797394 -0.3124541 0.9078097 -0.6230375 -0.3335797 -0.7074949 -0.6892808 -0.2937778 -0.6622588 0.3063793 -0.3160617 0.8979069 0.3059225 -0.3167723 0.8978123 -0.6893945 -0.2944974 -0.6618206 0.2466897 -0.2547923 0.935 -0.4387599 -0.168585 0.8826488 -0.3716525 0.1815498 0.9104473 -0.5742584 -0.5157104 0.6358224 -0.5246398 -0.1651621 0.8351495 -0.4317524 0.2109537 0.8769769 -0.8537065 -0.5141097 0.08292484 -0.4828066 0.2358392 0.8433728 -0.4449824 0.2173858 0.8687543 0.4666131 0.1995662 0.8616529 0.7742008 -0.04166764 0.6315671 0.6356057 0.3677295 0.6788081 -0.7849624 -0.01358485 0.6193946 -0.6290984 -0.1736205 0.757688 -0.4621931 -0.06036436 0.8847224 0.8523976 0.08806526 0.5154249 0.7632836 0.1895981 0.617617 0.5981559 -0.277846 0.7516723 0.6068214 0.1860455 0.772758 0.1765211 -0.4384824 0.8812341 0.4715381 -0.142688 0.8702253 -0.2413071 -0.4149021 0.8772839 0.1534634 -0.3217954 0.9342894 -0.5717492 -0.2430303 0.7836066 -0.2601061 -0.3497436 0.9000136 -0.6218312 -0.1345826 0.7715008 -0.6629678 -0.154258 0.7325833 -0.2237039 0.3707172 0.9014019 -0.5618299 -0.01278847 0.8271539 -0.2574309 -0.2492915 0.9335861 -0.07377189 0.4031755 0.9121443 0.1313802 -0.1955878 0.9718461 -0.08080512 0.4417389 0.8934974 0.4220652 -0.05260318 0.9050381 -0.08853042 0.4840267 0.8705633 0.5966258 0.173596 0.7835191 -0.09548753 0.5220262 0.8475677 0.4121147 0.2356264 0.8801373 -0.0977723 0.5343412 0.8395953 0.6764286 0.0198931 0.7362396 0.6858641 0.4587372 0.5649342 -0.8326053 0.03959453 0.55245 -0.4146146 -0.2814955 0.8653641 0.7784746 0.3915241 0.4905977 0.6872732 0.09129124 0.7206397 0.6977557 0.344684 0.6279569 -0.7559611 -0.05940985 0.6519151 -0.4054873 -0.168654 0.8984074 -0.8266997 -0.05935233 0.5595042 -0.4375381 -0.1845307 0.8800619 0.1542918 0.6196431 0.7695691 -0.384837 -0.2156569 0.8974367 0.6284968 0.08644181 0.7729939 0.9882465 -0.0968151 0.1183043 0.996451 -0.03780275 0.07521021 0.9966011 -0.0373345 0.07343381 -0.7160268 -0.5431565 0.4385052 -0.7653359 -0.4992548 0.4062088 -0.7139578 -0.5439163 0.4409301 0.7900855 0.6054155 -0.09610939 0.7821958 0.5138465 -0.3523235 0.7785939 0.6275256 -0.001746177 0.993914 -0.00999695 0.1097055 0.9939138 -0.009996831 0.1097058 0.9939138 -0.009996771 0.1097061 0.6408498 -0.4847202 0.5952796 0.6408497 -0.4847196 0.5952804 0.6408495 -0.4847191 0.5952809 -0.08760917 -0.6754946 0.7321419 -0.08760923 -0.6754943 0.7321422 -0.08760911 -0.6754947 0.7321418 -0.7647539 -0.470575 0.440126 -0.7647541 -0.4705747 0.4401259 -0.7647536 -0.470575 0.440126 -0.9613543 0.1467346 0.2329527 -0.9987165 0.04744696 -0.017726 -0.9939133 0.01000171 -0.1097108 0.9894096 0.02949696 0.1421223 0.9893857 0.02935713 0.1423171 -0.7663062 -0.4990323 0.40465 -0.7688053 -0.4309276 0.4724828 0.9731451 0.126828 0.1921024 0.9716056 0.1332402 0.1955239 0.9731615 0.1266997 0.1921037 -0.7847652 -0.3335989 0.5223558 -0.7854033 -0.3269051 0.5256185 -0.7852026 -0.3270658 0.5258184 -0.7781903 -0.382659 0.497988 -0.784729 -0.333634 0.5223876 -0.1258885 0.8818185 0.4544758 -0.08303862 0.8556222 0.5108965 -0.1396346 0.9002772 0.4123146 -0.1646851 0.8342535 0.526213 -0.1218937 0.8422006 0.5252048 0.9828021 0.07853585 0.1671291 0.9828172 0.07860434 0.1670081 -0.7686505 -0.4310601 0.4726135 0.9715778 0.1330674 0.1957802 0.9723027 -0.08240902 -0.2187151 0.9737809 -0.07681488 -0.2141268 0.9737084 -0.07667815 -0.2145051 -0.5903313 -0.3337988 0.7349064 -0.5882305 -0.3280836 0.7391523 -0.5903146 -0.3338068 0.7349161 -0.5902898 -0.3338636 0.7349103 -0.9613057 0.1148784 0.2503885 -0.9885883 0.01358824 0.1500286 0.6057868 0.3669701 -0.7059429 0.6839506 0.6648356 -0.300342 0.9723044 -0.08249539 -0.2186751 0.9723048 -0.08249354 -0.2186739 0.784758 -0.4505265 0.4256535 0.784758 -0.4505261 0.4256541 0.1375055 -0.5546481 0.8206447 0.9572202 -0.1324942 -0.2572448 0.9572983 -0.1325913 -0.2569038 -0.6059716 -0.3839987 0.696666 -0.5885028 -0.3279477 0.7389959 0.9018478 -0.2026374 -0.3815873 0.9063414 -0.2049975 -0.3694878 0.9064048 -0.2059911 -0.3687791 -0.6745221 -0.456236 0.580404 -0.6653457 -0.4578485 0.5896524 -0.6744922 -0.4557693 0.5808051 -0.6056704 -0.3840308 0.6969102 0.9020975 -0.202123 -0.3812696 -0.5755192 -0.2356686 0.7830953 -0.5845968 -0.2817543 0.7608293 -0.583912 -0.2826555 0.7610209 0.1519376 0.8471422 0.5091808 0.1200096 0.8696572 0.4788467 0.174827 0.8391157 0.5150927 0.1662173 0.8770949 0.45064 0.1395817 0.8769356 0.4598924 0.9854131 0.01543974 -0.1694779 0.9804631 -0.02989625 -0.1944179 0.9853547 0.01564222 -0.1697986 -0.6645256 -0.4587203 0.5898996 0.9805904 -0.03104048 -0.193595 -0.444292 -0.2211591 -0.8681551 -0.3785352 -0.1535688 -0.9127584 -0.3795276 -0.1544266 -0.9122013 0.844056 -0.2841079 0.4548101 0.7307696 -0.4122365 0.5440929 0.8440276 -0.284059 0.4548933 -0.4441947 -0.221412 -0.8681405 -0.4441945 -0.2214115 -0.8681406 0.2159048 -0.5968502 -0.7727582 0.7495304 -0.6226647 -0.2247062 0.7495288 -0.6226674 -0.2247041 0.8440914 -0.2837319 0.454979 0.8440921 -0.2837301 0.4549788 0.8440927 -0.2837297 0.4549779 0.4825383 0.2542216 0.8381696 -0.8115599 0.3168185 -0.4909141 -0.4408299 0.5417654 -0.7156531 -0.4063346 -0.1855159 -0.8946934 -0.4065206 -0.185148 -0.8946851 0.7325623 -0.4105343 0.5429679 0.8172866 -0.3164468 0.4815642 -0.3553525 -0.1528732 -0.9221467 -0.4484512 -0.2470428 -0.8589886 -0.3555182 -0.1530926 -0.9220464 0.8664478 -0.2559423 0.4286744 0.9034484 -0.1734561 0.3920381 0.9034346 -0.1735703 0.3920197 -0.4127216 -0.186923 -0.8914711 -0.3585609 -0.1459066 -0.9220333 -0.4128056 -0.1862288 -0.8915775 0.8721797 -0.2447576 0.4235521 0.9477698 -0.1171321 0.2966691 0.9479306 -0.1181488 0.2957507 0.8176822 -0.3164306 0.4809029 -0.4484928 -0.2470063 -0.8589773 0.4802494 -0.5671322 0.6691201 0.479822 -0.5647918 0.6714023 0.4802798 -0.5672997 0.6689562 -0.3582214 -0.1447811 -0.9223426 0.7687876 -0.3622653 0.5270006 0.8721916 -0.2444662 0.4236961 0.5510674 0.6492305 -0.524237 0.5847421 0.5725292 -0.574706 0.6906275 0.5386995 -0.4825315 0.6532669 0.5460516 -0.5244713 -0.3585991 -0.1540105 -0.9206995 -0.3573578 -0.155372 -0.9209533 -0.9835059 -0.1615244 0.0814017 -0.964697 -0.2259919 0.135231 -0.9650349 -0.2254012 0.1337984 0.7380442 -0.2831223 -0.6124807 0.7540053 -0.3473836 -0.5574951 0.7387189 -0.2825904 -0.6119126 0.7309199 -0.3072718 -0.6093769 0.9636184 0.2253004 -0.1438031 0.9844743 0.172873 -0.03042364 -0.7592372 0.3469747 0.5506065 -0.8312755 0.5425673 0.1208382 -0.9792013 -0.1864942 0.07990479 -0.9867143 -0.1535136 0.05318439 -0.6538798 -0.5710137 -0.4963715 0.05447632 -0.621042 -0.7818818 0.04600435 -0.5876596 -0.8077993 -0.9697585 -0.2117961 0.1212881 -0.9697203 -0.2119213 0.1213753 0.7533284 -0.3467689 -0.5587912 0.7496839 -0.3332193 -0.5717858 -0.9837371 -0.1689585 0.06094658 -0.9893426 -0.1379787 0.04650974 -0.983723 -0.1691342 0.06068539 0.7230876 -0.2891671 -0.6273171 0.7209468 -0.25875 -0.6428719 0.7210984 -0.2586584 -0.6427387 -0.248582 0.6033297 -0.7577602 -0.2613453 0.6026475 -0.7539992 -0.9709042 -0.215832 0.1037385 -0.9709035 -0.2158378 0.1037328 0.7379129 -0.3365293 -0.5850066 0.7229789 -0.2896808 -0.6272053 -0.2729647 0.6050504 -0.7479334 -0.2577623 0.6344512 -0.7287184 0.7497158 -0.333374 -0.5716539 -0.9893542 -0.1378401 0.04667395 -0.8937793 0.1711334 0.4145744 -0.8732724 -0.1624318 0.4593597 -0.4755083 0.06346881 0.8774188 0.2484945 -0.03315615 0.9680658 0.5894776 0.3800753 0.7127826 0.3401023 -0.05225354 0.9389356 0.2558643 -0.1999036 0.9458182 0.5684456 0.2255348 0.791204 -0.08757519 -0.3720791 0.9240605 0.2471131 -0.1931107 0.9495491 -0.4188424 -0.379426 0.8249891 -0.09887796 -0.4201008 0.9020746 -0.7221048 -0.1677793 0.6711295 -0.5172434 -0.4685663 0.7161738 -0.8380476 -0.1367202 0.5281893 -0.9670057 0.1919732 0.16747 -0.6293196 -0.3670484 0.6850053 0.5244061 0.3342372 0.7831244 0.3743211 -0.04275 0.9263132 -0.8413516 0.1919141 0.5052686 -0.6396595 -0.3053211 0.7054182 -0.9258807 0.1383807 0.3515619 0.3255188 -0.02662819 0.9451606 0.5796698 0.4146227 0.7014778 0.3218819 -0.05797928 0.9450029 -0.8750984 0.1910817 0.4446241 -0.5396676 -0.3030899 0.7854269 -0.9593079 0.2383149 0.1514409 0.4032778 -0.05572277 0.9133794 0.5746347 0.3845081 0.72246 0.3024988 -0.007737815 0.9531184 -0.5720589 -0.3034818 0.7620023 0.6140094 0.3389976 0.7127925 -0.6381186 -0.3869153 0.6656586 0.470723 0.3310232 0.8178285 0 0 -1 -0.6496081 -0.2931683 0.7014711 -0.9027734 0.3722705 -0.215441 -0.8964528 0.381308 -0.2257806 -0.9520999 0.283044 -0.1157235 0.1832932 0.9161206 0.3565484 0.1794875 0.9085802 0.3771822 0.1904128 0.9294438 0.3160339 0.5704938 0.02614092 0.8208858 0 0 1 0.6159942 -0.1915203 0.7641147 0.2960158 0.2237008 0.9286187 0.7319322 -0.09794181 0.6743018 0.7646193 -0.1305946 0.6311121 0.7642421 -0.130222 0.6316459 -0.8652374 -0.4690229 -0.1771492 -0.8356511 -0.5024077 -0.2219768 -0.8652444 -0.4689896 -0.1772032 0.8395612 0.495327 0.2231326 0.5208742 0.642382 0.5621703 0.7319733 -0.09768205 0.6742947 0.7319712 -0.09768193 0.674297 0.7319738 -0.09768211 0.6742941 0.1698285 -0.6069592 0.7763755 0.1698284 -0.6069582 0.7763764 0.1698285 -0.6069594 0.7763752 -0.4917991 -0.7606854 0.4236643 -0.4917989 -0.7606849 0.4236655 -0.4917992 -0.7606856 0.423664 -0.8653358 -0.4688133 -0.1772238 -0.8653358 -0.4688128 -0.1772249 -0.8653358 -0.4688134 -0.1772236 -0.9193554 0.2848254 -0.2714043 -0.765009 0.1225076 -0.6322603 -0.7319725 0.09768247 -0.6742956 -0.8662292 0.1613244 -0.4728863 -0.2931855 0.6308348 -0.718394 -0.8657463 -0.4682538 -0.1766967 -0.8657471 -0.4682524 -0.1766965 -0.4927924 -0.7593337 0.4249333 -0.4927921 -0.7593337 0.4249333 0.168835 -0.6056061 0.7776478 0.731566 -0.09711867 0.6748179 0.9188808 0.3570269 0.1678982 0.7979487 -0.0139752 0.6025635 0.7253478 -0.1065832 0.6800813 0.7365568 -0.09623855 0.669494 0.7362905 -0.09654837 0.6697424 -0.8360424 -0.5020086 -0.2214058 -0.8642811 -0.4681891 -0.1838942 0.778824 -0.1315385 0.6132951 0.7050194 -0.04532003 0.7077385 0.778582 -0.1317151 0.6135644 -0.8281995 -0.504863 -0.2433086 -0.8968189 -0.4175351 -0.1462204 -0.896869 -0.4174023 -0.1462922 0.7002893 -0.05363887 0.7118411 0.7606198 -0.1242436 0.6371979 0.6957765 -0.06516712 0.715296 -0.8913734 -0.4355499 -0.1254983 -0.8407284 -0.4963015 -0.2164736 -0.8402701 -0.4972667 -0.2160376 -0.8642396 -0.468428 -0.183481 0.7050791 -0.04519885 0.7076869 -0.8282109 -0.5050115 -0.2429614 0.7603813 -0.1253715 0.6372615 -0.9478213 -0.1811038 0.262367 -0.8939166 -0.4299335 -0.1267693 0.2637256 -0.2545177 0.9304137 0.5848239 -0.4881652 0.6478239 -0.600854 0.08594077 0.7947255 -0.902035 -0.3466497 -0.2572293 0.2397208 -0.224927 0.9444267 0.6551526 -0.6147214 0.4391954 0.2507669 -0.9516362 -0.1774948 0.2574486 -0.9497074 -0.178259 0.2516016 -0.9511528 -0.1788998 -0.1776819 0.1983562 -0.96389 -0.1776801 0.1983569 -0.9638903 -0.17768 0.1983569 -0.9638903 -0.2701151 0.890358 0.3664702 -0.2514656 0.8585067 0.4469133 -0.1897906 0.8436157 0.502287 0.2430083 -0.9540514 -0.1753079 0.2369835 -0.9556539 -0.1748273 -0.290023 0.9159986 0.277188 -0.2845811 0.8966175 0.3392503 -0.5598562 -0.282645 0.778892 -0.5598567 -0.2826452 0.7788918 -0.06893265 -0.8497183 -0.5227113 -0.2280576 -0.8447325 -0.4841661 -0.07021898 -0.8402358 -0.5376551 -0.9143072 -0.1073386 0.3905392 -0.9143077 -0.1073387 0.3905382 -0.9143072 -0.1073386 0.3905392 0.1680504 0.8425177 0.5117841 0.09447181 -0.8565442 -0.5073531 0.09950065 -0.8661815 -0.4897236 -0.0336588 0.8500725 0.5255892 0.06863951 0.8402919 0.5377714 0.9538528 -0.1738045 0.2448608 0.953853 -0.1738042 0.2448607 0.9538529 -0.1738045 0.2448608 0.3882544 0.1343188 -0.9117111 0.3796389 0.1258987 -0.9165281 0.3796388 0.1258987 -0.9165282 -0.3796382 0.1258987 -0.9165285 -0.9226055 0.05249482 -0.3821563 -0.9226055 -0.05249476 0.3821563 -0.3796383 -0.1258988 0.9165284 -0.3901968 -0.08534771 0.9167673 0.3716584 -0.06445205 0.9261296 0.3796387 -0.1258988 0.9165282 0.3796386 -0.1258988 0.9165282 0.9196087 0.007902503 0.3927565 0.9226059 -0.05249464 0.3821552 0.922606 -0.05249464 0.3821552 0.9236894 0.09129118 -0.3721073 0.9226055 0.05249476 -0.3821563 0.9226055 0.05249476 -0.3821564 -0.6244509 -0.6609975 -0.416105 -0.7492834 0.3991854 0.5284179 -0.1292395 0.6238022 0.770823 0.1954346 -0.7612705 0.618282 0.2311322 -0.6827777 0.6931036 0.1642153 -0.818304 0.5508285 0.231132 -0.6827778 0.6931035 0.1954308 -0.7612673 0.6182872 -0.2446104 0.6488377 -0.7205383 -0.2445902 0.6488146 -0.720566 -0.2445856 0.6488237 -0.7205594 -0.2426015 0.633321 -0.7348804 0.03274643 -0.51679 -0.8554857 -0.9915467 -0.1286322 0.01700192 0.628176 0.5686964 0.5310174 0.9729205 0.2128798 -0.09004306 0.7170317 -0.2336093 -0.6567285 -0.6337879 -0.6387771 -0.4362073 -0.7567237 0.385591 0.5279102 0.1028217 0.797214 0.5948761 0.7298741 -0.3143774 -0.6070014 -0.3060878 0.002289235 -0.9520006 -0.8886856 0.02357244 -0.4579108 -0.9492288 0.04682761 0.311082 0.3440576 0.1579961 -0.9255602 -0.4133469 0.1395316 -0.8998196 -0.9351365 0.06243759 -0.3487425 -0.9079898 -0.03107178 0.4178386 0.4357802 -0.2033338 0.8767844 0.9443238 -0.07985645 0.3191794 0.8944205 0.116732 -0.431724 0.8910043 0.03602337 0.4525634 0.3168185 0.08463525 0.9447026 0.946209 -0.008874952 -0.3234347 -0.887658 -0.09792387 0.4499713 -0.9152835 0.2995692 -0.2692853 -0.2975293 0.529219 -0.7946091 0.2428311 0.5078107 -0.8265358 -0.2972009 -0.3839111 0.8742334 0.1745638 0.5200628 -0.8360995 0.6421864 -0.6122421 0.4612551 0.9892083 -0.1456396 -0.01600676 0.7639684 0.3267146 -0.5564259 0.09763485 -0.7987308 -0.5937142 0.03263175 -0.6618617 -0.7489154 0.03263193 -0.6618615 -0.7489156 0.06678748 -0.737293 -0.6722637 0.06678611 -0.7372965 -0.67226 -0.1734992 0.8913916 0.4187113 -0.1663367 0.9089961 0.3821758 -0.1661905 0.9090354 0.382146 -0.6233001 0.5227035 -0.5816167 -0.9951316 0.05371695 -0.0826292 -0.7677645 -0.4141359 0.4889059 -0.09069854 -0.6056433 0.7905504 0.08878844 0.3870528 -0.9177728 0.5820094 -0.1181353 0.8045553 0.9650468 0.1616191 0.2063109 0.7783827 0.370197 -0.5070253 -0.1142019 -0.466052 0.877356 -0.7799447 -0.3620495 0.5104964 -0.9887921 -0.02251982 -0.1475909 -0.4767928 0.408152 -0.7785118 0.5414577 0.7394031 -0.4001334 0.1698286 -0.6069587 0.7763758 0.7319746 -0.09768545 0.6742929 0.813337 0.5309777 0.2377932 0.4573069 -0.6948866 -0.5549802 0.4850307 -0.574177 -0.6595953 0.4850304 -0.5741765 -0.6595961 0.4715367 -0.6417307 -0.6048428 0.4715382 -0.6417304 -0.604842 -0.382561 0.9216948 0.06423234 -0.2824031 0.9524212 0.1146408 -0.5026413 0.3302274 0.7989378 -0.0601654 0.7811596 0.6214256 -0.5719535 0.7109284 0.4092068 -0.2304383 0.7069974 -0.6686202 -0.7783499 0.1613518 -0.606743 -0.8737356 -0.4589493 -0.1610955 -0.4727535 -0.7831528 0.4039505 0.3454821 0.9021143 -0.2585187 0.2520312 -0.7107397 0.6567568 0.7506306 -0.126342 0.6485303 0.8017696 0.5404893 0.2550238 0.4128957 0.816208 -0.4041306 -0.3063991 0.7852105 -0.5381116 -0.8031432 0.2067834 -0.55875 -0.8563012 -0.480535 -0.1892996 -0.3968821 -0.8659539 0.3043166 0.08091408 -0.4793585 0.8738813 0.6548096 -0.002013921 0.7557913 0.8161739 0.5282267 0.2341727 -0.4660578 -0.7936649 0.3910068 -0.8833982 -0.4429022 -0.153119 -0.8242508 0.2696385 -0.4979013 0.4147133 -0.6720142 -0.6135226 -0.3492847 -0.6723827 -0.6526116 -0.909727 -0.2912315 -0.2959409 -0.9365223 0.2692536 0.2245634 -0.4147169 0.6720128 0.6135217 0.3500291 0.6811171 0.6430857 -0.02019011 -0.6808744 0.732122 -0.02020239 -0.6808751 0.7321208 -0.02019929 -0.680871 0.7321249 -0.02020364 -0.6808726 0.7321231 -0.02020716 -0.6808753 0.7321206 0.01597857 0.7613626 -0.6481295 0.01600736 0.7613611 -0.6481305 0.01599663 0.7613754 -0.648114 0.02689468 0.7463325 -0.6650298 0.4117879 -0.5813291 -0.7017744 -0.3711239 0.7589197 0.5350776 0.3132759 0.6796154 0.6633108 0.9003954 0.3156466 0.2994253 0.9367167 -0.2080585 -0.2815557 -0.3406906 -0.6885371 -0.6401926 -0.9016966 -0.285121 -0.3250377 -0.934237 0.3239114 0.1492745 -0.4026498 0.7562226 0.5157525 0.4167189 -0.5380479 -0.7327004 -0.9078106 -0.2379231 -0.3453584 -0.9337608 0.291192 0.2080819 -0.2238841 0.6960846 0.68216 0.9360594 -0.1817064 -0.3012897 0.3100363 0.816347 0.4872936 0.9329547 -0.2942332 -0.2074184 0.9059452 0.3644544 0.2154909 0.3318927 -0.9089515 0.2522986 -0.08969962 -0.3564627 -0.9299937 -0.4999695 0.2535912 -0.8280834 -0.7356112 0.6347959 -0.2364535 -0.6585875 0.5638479 0.4983354 -0.31402 0.08230441 0.9458422 0.3191239 -0.3960161 0.8610059 -0.8268471 -0.5614896 0.03245717 -0.8268468 -0.5614898 0.03245949 -0.8268476 -0.5614885 0.03246146 -0.8268502 -0.5614851 0.03245282 -0.8268446 -0.5614938 0.03245007 0.9437066 0.3237784 -0.06771582 0.9437048 0.3237932 -0.06767129 0.9437124 0.3237745 -0.06765329 0.9565976 0.2856222 -0.05780118 0.9437189 0.3237642 -0.06761395 0.5187168 -0.6929177 -0.5007974 0.1794645 -0.193561 -0.9645344 -0.225892 0.4552828 -0.8612146 -0.4442816 0.8665589 -0.2273539 -0.5543439 0.6974938 0.4540983 0.01683324 0.9145894 0.4040334 0.03886908 0.30284 0.9522485 -0.2268945 0.9729962 -0.04239344 0.344341 -0.9037932 0.2541402 0.2544017 -0.4439581 0.8591747 0.6407085 -0.6305561 -0.4380544 0.03269141 -0.478495 -0.8774815 -0.5439096 0.02991849 -0.8386104 -0.8668202 0.4234858 -0.2632158 -0.640713 0.6305555 0.4380486 -0.03928351 0.4682596 0.8827174 -0.4970708 -0.7754977 0.3892609 -0.4970709 -0.7754991 0.3892579 -0.49707 -0.7755 0.3892572 -0.4970679 -0.7754983 0.3892633 -0.4970706 -0.7754971 0.3892623 0.7760385 -0.5421675 0.3222094 -0.6757327 0.6578059 -0.3326811 -0.4718459 0.8222151 0.318314 0.03133302 0.595498 0.8027456 0.5751157 0.007693648 0.8180359 0.5186023 -0.7242394 0.4544547 0.3734121 -0.8862256 -0.2741671 -0.03671675 -0.5512173 -0.8335536 -0.432817 0.1064721 -0.8951722 -0.5244418 0.7269594 -0.4432729 -0.1964839 0.9615016 0.1921168 0.1394413 0.6365954 0.7584869 0.4625847 -0.09113979 0.8818781 -0.904962 0.4113197 -0.1089031 -0.5779243 -0.02006012 -0.8158438 0.1164838 -0.3368701 -0.934318 0.7461299 -0.4099054 -0.5246598 0.4841909 0.7843637 -0.3877279 0.4840146 0.7844783 -0.3877159 -0.5947966 -0.6920665 -0.4089755 -0.4216051 -0.1438301 0.8953 0.08083492 0.4264302 0.9009012 0.6419895 0.608565 0.466367 0.6469225 -0.7612656 0.04433959 0.7140954 -0.6984233 0.04767245 0.7140957 -0.6984231 0.04767221 0.5874337 -0.8082178 0.04129844 0.6469203 -0.761268 0.04433053 -0.7177569 0.6775407 -0.160511 -0.7177565 0.6775434 -0.1605014 -0.7177556 0.6775456 -0.160496 -0.717756 0.6775456 -0.1604942 -0.7177532 0.6775488 -0.1604933 -0.3160485 -0.1534898 -0.9362447 0.2288308 0.2700028 0.9352727 0.6981478 0.598223 0.3933435 0.7168541 0.6226077 -0.3138151 0.2925909 0.311754 -0.9039911 -0.6177979 -0.670693 -0.4104837 -0.7211667 -0.601601 0.3435037 -0.42516 -0.1582951 0.8911688 0.5945507 0.7738586 0.2182947 0.659788 0.7285353 -0.1841638 0.3463872 0.2326778 -0.9087777 -0.3372467 -0.6723263 0.6589705 0.7851854 0.6153479 0.06950604 0.6130812 -0.680875 -0.4006754 0.6918364 -0.5652619 -0.4492678 0.6918367 -0.5652604 -0.4492691 0.5363596 -0.7666515 -0.3529364 0.6130895 -0.6808784 -0.400657 -0.5416582 0.7613739 0.356253 -0.5416729 0.7613623 0.3562555 -0.3331845 0.9155148 0.2254344 -0.7151814 0.5230954 0.4635587 -0.3331827 0.9155168 0.225429 -0.811334 -0.5813279 0.06160461 0.3729939 0.6832798 -0.6276978 -0.2671111 0.3156135 -0.9105163 -0.765223 -0.2080596 -0.6092168 -0.3318642 -0.6885367 0.6448127 0.2468329 -0.2851226 0.9261635 0.6551153 0.3239086 0.682574 0.6493771 0.7596285 0.0356943 -0.7997425 -0.5983927 0.04835599 0.2336208 -0.2379213 0.9427698 0.7933663 0.5134422 0.3270279 0.234488 0.8189849 -0.5237167 -0.7021594 -0.2942326 -0.6483821 -0.339271 0.3644519 -0.8672198 -0.4085615 -0.1768854 0.8954268 0.09400492 0.4001268 0.9116259 0.4937081 0.7960565 0.3500664 0.5529587 0.7498499 -0.3632656 -0.09400492 -0.4001275 -0.9116255 0.7347403 -0.6457757 0.2076787 0.7347403 -0.6457771 0.2076748 0.7347406 -0.6457769 0.2076742 -0.5454878 -0.7453246 0.3833203 0.1806893 0.3471047 -0.9202553 -0.2179087 -0.3000775 -0.9286922 -0.523934 -0.7605876 -0.3834053 -0.2390808 -0.8966916 0.3725383 -0.06778615 -0.3938999 0.9166505 0.1943441 0.3303904 0.9236193 0.3482379 0.8737213 0.3396197 0.2415996 0.8987133 -0.3659837 -0.1199347 0.4699006 -0.8745336 -0.3232081 -0.2661253 -0.9081376 -0.3835018 -0.8427663 -0.3777189 0.7386329 0.6470126 -0.1891993 0.5980036 0.7625042 0.2469398 -0.02346944 0.5000041 0.865705 -0.5829938 -0.003698229 0.8124682 -0.7254738 0.652719 -0.2182791 -0.7253634 0.6527993 -0.2184058 -0.7318575 0.6461145 -0.2166116 -0.752123 -0.2588015 -0.6060799 -0.931581 -0.338055 0.1337004 -0.5679276 -0.2120349 0.7952984 0.07345926 0.1881584 0.9793877 0.7521175 0.2587932 0.6060904 0.9334116 0.3329256 -0.133804 0.5679282 0.2120323 -0.7952986 0.3343274 -0.9423742 -0.01249426 0.3343355 -0.9423714 -0.01249623 0.334339 -0.9423701 -0.01249539 0.3343332 -0.9423722 -0.01248908 0.3343317 -0.9423727 -0.01249736 -0.02367156 0.8785599 0.4770455 -0.02369958 0.8785824 0.4770025 -0.02374505 0.8785624 0.477037 -0.02371591 0.8784767 0.4771963 -0.02347826 0.8785373 0.4770964 0.674966 0.5194321 0.5240336 0.8744665 0.4848023 0.01659303 -0.2282187 0.5109968 -0.8287331 -0.9732594 -0.07666236 0.2165389 0.2253908 -0.4073345 0.8850297 0.8461816 -0.1819937 0.5008543 0.9704813 0.1802948 -0.1601872 0.5276619 0.3822232 -0.758603 0.9678136 0.2500406 0.02857726 0.8592308 0.1269946 0.4955754 -0.717442 0.439586 -0.5404083 -0.7850057 0.5900239 0.1887803 0.1987479 -0.6225426 -0.756928 -0.5238687 -0.705829 0.4768301 -0.5238688 -0.7058294 0.4768295 -0.4908132 -0.7505087 0.4425373 -0.4908133 -0.7505074 0.4425392 -0.4908136 -0.7505069 0.4425398 0.4889987 0.7515358 -0.4428027 0.5481606 0.6981832 -0.4605 0.4890075 0.7515343 -0.4427955 0.4889975 0.7515357 -0.4428043 -0.6481516 0.7438977 0.1628367 -0.1705164 0.6804054 0.712722 0.4587951 0.2347541 0.85697 0.8255819 -0.3135452 0.4691523 -0.6759127 0.4763138 -0.5623764 0.6426146 -0.7536655 -0.137968 0.1957992 -0.6297063 -0.751753 -0.37204 -0.1254048 -0.9197064 -0.8113473 0.3306944 -0.4820342 -0.5282115 0.8453887 0.0794391 -0.1325054 0.7328907 0.6673182 0.4342861 0.2076242 0.8765203 0.7301048 -0.4262422 0.5341017 0.8314238 -0.462746 -0.3075724 0.2906764 -0.4703333 -0.833243 -0.3914394 -0.1428204 -0.9090532 0.8121023 -0.329667 0.481466 0.4663931 0.2560011 0.8467237 -0.2443194 0.7822656 0.5730347 -0.4864054 0.8439663 0.2261211 0.1419529 -0.5348331 0.8329484 -0.09819006 0.5378155 -0.8373251 -0.7684713 0.4852094 -0.4171618 -0.584218 -0.3083168 0.7507531 -0.1889833 -0.8279861 -0.5279437 -0.2243564 -0.7867602 -0.5750415 -0.1582804 -0.8595348 -0.4859499 -0.2243562 -0.7867601 -0.5750417 -0.1889833 -0.8279854 -0.5279446 0.7522751 -0.5557826 0.3538194 0.9704346 -0.09797918 -0.2205828 0.6189618 0.4445944 -0.6474738 -0.09153556 0.751731 -0.6530863 -0.01091837 -0.8804258 0.4740583 -0.5631732 0.8263388 3.75313e-4 -0.880627 0.2523143 0.4010407 -0.6401402 -0.46573 0.610996 -0.2438302 0.4834322 -0.8407378 0.592815 0.3461552 -0.72715 0.9897071 0.05262213 -0.1330823 0.807857 -0.221877 0.5460199 0.1811228 0.8364278 0.5172843 0.1810024 0.8365382 0.5171481 0.1810287 0.8365431 0.517131 -0.4085672 -0.1768914 0.8954231 0.3341041 -0.4771258 0.8128502 -0.0708341 -0.4275606 -0.9012073 -0.3070214 -0.2824512 0.908823 -0.01032096 -0.512266 -0.858765 -0.4962869 -0.6817164 0.5375519 0.2204367 -0.7801372 0.5854859 0.7604789 -0.5675947 0.3154494 0.9519768 -0.2500948 0.1766146 -0.6250734 -0.1173729 0.7716909 0.4810042 -0.8760589 -0.03399777 -0.5615422 0.8208978 -0.1039108 -0.01536816 -0.2035439 -0.9789453 0.1903287 -0.1604854 -0.968514 -0.7855579 -0.6187226 -0.009012281 0.2216369 -0.4384462 0.8710007 -0.9152774 -0.2799171 -0.2896789 0.02120816 -0.5958096 0.8028457 0.9366423 -0.2157006 -0.2759974 -0.3443773 -0.2146909 0.9139541 -0.1421486 0.5159029 -0.844771 -0.6802955 -0.6024311 -0.4174622 -0.2374396 -0.2563441 -0.9369686 -0.1535195 -0.3481943 -0.9247663 0.2754674 -0.2896537 0.9166344 -0.6846799 0.3967949 -0.6113651 0.2753175 -0.2912329 0.9161789 -0.328926 -0.6811119 0.6541364 -0.3911257 -0.603436 0.6948998 -0.7440576 -0.2370887 -0.6246337 0.9877529 -0.09824609 0.1212108 0.7647526 0.4705753 -0.4401279 0.9939139 -0.00999701 0.1097052 0.6408499 -0.4847207 0.5952792 -0.08760923 -0.6754941 0.7321423 -0.7647542 -0.4705745 0.4401258 -0.9303952 0.179962 0.3193409 -0.778276 -0.3826171 0.4978863 0.9723058 -0.08241891 -0.2186976 -0.5902895 -0.3338639 0.7349104 -0.7094392 0.4406884 0.5499907 0.9723045 -0.08249479 -0.2186751 0.7847583 -0.450527 0.4256523 0.1375054 -0.5546475 0.8206452 -0.5758203 -0.2355052 0.7829229 -0.4442383 -0.2211934 -0.868174 -0.4441926 -0.2214109 -0.8681418 0.2159066 -0.596855 -0.772754 0.7495312 -0.6226648 -0.2247032 0.7278214 0.4852383 0.4845823 0.8665991 -0.2567058 0.4279114 0.479791 -0.5646232 0.6715663 0.7686164 -0.3617207 0.5276241 -0.9835304 -0.1609429 0.08225226 0.7309199 -0.3072717 -0.6093769 0.7419067 0.4314603 -0.5132413 -0.9792013 -0.1864942 0.07990479 -0.6538801 -0.5710141 -0.4963706 0.0544762 -0.6210429 -0.7818811 0.7379077 -0.3365346 -0.5850099 -0.9156759 -0.3646343 0.1690552 -0.8465926 0.4419795 -0.2965389 0.1675482 0.8832765 0.4378929 0.7319667 -0.09789943 0.6742704 0.7319707 -0.09768193 0.6742976 0.1698284 -0.6069579 0.7763765 -0.4917988 -0.7606849 0.4236658 -0.8653358 -0.4688126 -0.1772252 -0.9285907 0.3056018 -0.2105398 -0.06033265 0.6589314 -0.7497795 0.1688337 -0.6056068 0.7776475 0.7315648 -0.09712004 0.6748189 0.9121552 0.3949326 0.1095499 -0.9474827 -0.271123 -0.1696143 0.2614505 -0.9491389 -0.1754398 -0.1776821 0.1983562 -0.9638901 -0.3147734 0.9054921 0.2846084 -0.5598562 -0.282645 0.7788922 -0.2309522 -0.8537064 -0.4667406 -0.9143077 -0.1073387 0.3905381 0.9538529 -0.1738042 0.2448607 -0.379638 0.1258987 -0.9165286 -0.9226055 0.05249488 -0.3821564 -0.9226055 -0.05249476 0.3821564 -0.3796383 -0.1258988 0.9165284</float_array>
          <technique_common>
            <accessor source="#Mesh_007-mesh-normals-array" count="2327" stride="3">
              <param name="X" type="float"/>
              <param name="Y" type="float"/>
              <param name="Z" type="float"/>
            </accessor>
          </technique_common>
        </source>
        <source id="Mesh_007-mesh-map-0">
          <float_array id="Mesh_007-mesh-map-0-array" count="11688">0.375 0.3125 0.40625 0.6884399 0.375 0.6884399 0.4375 0.3125 0.40625 0.6884399 0.40625 0.3125 0.4375 0.3125 0.46875 0.6884399 0.4375 0.6884399 0.5 0.3125 0.46875 0.6884399 0.46875 0.3125 0.5 0.3125 0.53125 0.6884399 0.5 0.6884399 0.5625 0.3125 0.53125 0.6884399 0.53125 0.3125 0.5625 0.3125 0.59375 0.6884399 0.5625 0.6884399 0.625 0.3125 0.59375 0.6884399 0.59375 0.3125 0.5 0 0.65625 0.15625 0.34375 0.15625 0.34375 0.84375 0.5 0.6875 0.65625 0.84375 0.5 1 0.6104854 0.9542354 0.6104854 0.9542354 0.5 1 0.3895146 0.9542354 0.5 1 0.3895146 0.9542354 0.34375 0.84375 0.3895146 0.9542354 0.34375 0.84375 0.3895146 0.7332646 0.34375 0.84375 0.3895146 0.7332646 0.5 0.6875 0.3895146 0.7332646 0.6104854 0.7332646 0.5 0.6875 0.5 0.6875 0.65625 0.84375 0.6104854 0.7332646 0.6104854 0.7332646 0.6104854 0.9542354 0.65625 0.84375 0.65625 0.84375 0.6104854 0.9542354 0.5 1 0.6104854 0.9542354 0.3895146 0.9542354 0.5 1 0.5 1 0.34375 0.84375 0.3895146 0.9542354 0.3895146 0.9542354 0.3895146 0.7332646 0.34375 0.84375 0.34375 0.84375 0.5 0.6875 0.3895146 0.7332646 0.3895146 0.7332646 0.5 0.6875 0.6104854 0.7332646 0.5 0.6875 0.6104854 0.7332646 0.65625 0.84375 0.6104854 0.7332646 0.65625 0.84375 0.6104854 0.9542354 0.65625 0.84375 0.6104854 0.9542354 0.5 1 0.6104854 0.9542354 0.3895146 0.9542354 0.5 1 0.5 1 0.3895146 0.9542354 0.34375 0.84375 0.3895146 0.9542354 0.3895146 0.7332646 0.34375 0.84375 0.34375 0.84375 0.5 0.6875 0.3895146 0.7332646 0.3895146 0.7332646 0.5 0.6875 0.6104854 0.7332646 0.5 0.6875 0.6104854 0.7332646 0.65625 0.84375 0.6104854 0.7332646 0.6104854 0.9542354 0.65625 0.84375 0.65625 0.84375 0.65625 0.84375 0.6104854 0.7332646 0.6104854 0.7332646 0.6104854 0.7332646 0.5 0.6875 0.5 0.6875 0.3895146 0.7332646 0.5 0.6875 0.3895146 0.7332646 0.34375 0.84375 0.3895146 0.7332646 0.34375 0.84375 0.3895146 0.9542354 0.34375 0.84375 0.3895146 0.9542354 0.5 1 0.3895146 0.9542354 0.5 1 0.5 1 0.6104854 0.9542354 0.6104854 0.9542354 0.6104854 0.9542354 0.65625 0.84375 0.65625 0.84375 0.375 0.3125 0.40625 0.4382487 0.375 0.4382487 0.4375 0.3125 0.40625 0.4382487 0.40625 0.3125 0.46875 0.3125 0.4375 0.4382487 0.4375 0.3125 0.5 0.3125 0.46875 0.4382487 0.46875 0.3125 0.5 0.3125 0.53125 0.4382487 0.5 0.4382487 0.53125 0.3125 0.5625 0.4382487 0.53125 0.4382487 0.5625 0.3125 0.59375 0.4382487 0.5625 0.4382487 0.59375 0.3125 0.625 0.4382487 0.59375 0.4382487 0.5 0 0.6104854 0.04576456 0.5 0.15 0.3895146 0.04576456 0.5 0 0.5 0.15 0.34375 0.15625 0.3895146 0.04576456 0.5 0.15 0.3895146 0.2667354 0.34375 0.15625 0.5 0.15 0.5 0.3125 0.3895146 0.2667354 0.5 0.15 0.6104854 0.2667354 0.5 0.3125 0.5 0.15 0.65625 0.15625 0.6104854 0.2667354 0.5 0.15 0.6104854 0.04576456 0.65625 0.15625 0.5 0.15 0.6104854 0.9542354 0.5 1 0.5 0.8375 0.5 1 0.3895146 0.9542354 0.5 0.8375 0.3895146 0.9542354 0.34375 0.84375 0.5 0.8375 0.34375 0.84375 0.3895146 0.7332646 0.5 0.8375 0.3895146 0.7332646 0.5 0.6875 0.5 0.8375 0.5 0.6875 0.6104854 0.7332646 0.5 0.8375 0.6104854 0.7332646 0.65625 0.84375 0.5 0.8375 0.65625 0.84375 0.6104854 0.9542354 0.5 0.8375 0.6104854 0.9542354 0.5 1 0.6104854 0.9542354 0.5 1 0.3895146 0.9542354 0.5 1 0.3895146 0.9542354 0.34375 0.84375 0.3895146 0.9542354 0.34375 0.84375 0.3895146 0.7332646 0.34375 0.84375 0.5 0.6875 0.3895146 0.7332646 0.3895146 0.7332646 0.6104854 0.7332646 0.5 0.6875 0.5 0.6875 0.65625 0.84375 0.6104854 0.7332646 0.6104854 0.7332646 0.6104854 0.9542354 0.65625 0.84375 0.65625 0.84375 0.59375 0.4382487 0.5625 0.5637217 0.5625 0.4382487 0.5625 0.4382487 0.53125 0.5637217 0.53125 0.4382487 0.5 0.4382487 0.53125 0.5637217 0.5 0.5637217 0.46875 0.4382487 0.5 0.5637217 0.46875 0.5637217 0.4375 0.4382487 0.46875 0.5637217 0.4375 0.5637217 0.40625 0.4382487 0.4375 0.5637217 0.40625 0.5637217 0.40625 0.4382487 0.375 0.5637217 0.375 0.4382487 0.625 0.4382487 0.59375 0.5637217 0.59375 0.4382487 0.5625 0.5637217 0.59375 0.6884399 0.5625 0.6884399 0.53125 0.5637217 0.5625 0.6884399 0.53125 0.6884399 0.5 0.5637217 0.53125 0.6884399 0.5 0.6884399 0.5 0.5637217 0.46875 0.6884399 0.46875 0.5637217 0.46875 0.5637217 0.4375 0.6884399 0.4375 0.5637217 0.4375 0.5637217 0.40625 0.6884399 0.40625 0.5637217 0.40625 0.5637217 0.375 0.6884399 0.375 0.5637217 0.59375 0.5637217 0.625 0.6884399 0.59375 0.6884399 0.3895146 0.7332646 0.34375 0.84375 0.34375 0.84375 0.34375 0.84375 0.3895146 0.9542354 0.3895146 0.9542354 0.3895146 0.9542354 0.5 1 0.5 1 0.6104854 0.9542354 0.5 1 0.6104854 0.9542354 0.65625 0.84375 0.6104854 0.9542354 0.65625 0.84375 0.6104854 0.7332646 0.65625 0.84375 0.6104854 0.7332646 0.5 0.6875 0.6104854 0.7332646 0.5 0.6875 0.5 0.6875 0.3895146 0.7332646 0.3895146 0.7332646 0.375 0.3125 0.40625 0.6884399 0.375 0.6884399 0.4375 0.3125 0.40625 0.6884399 0.40625 0.3125 0.46875 0.3125 0.4375 0.6884399 0.4375 0.3125 0.5 0.3125 0.46875 0.6884399 0.46875 0.3125 0.53125 0.3125 0.5 0.6884399 0.5 0.3125 0.53125 0.3125 0.5625 0.6884399 0.53125 0.6884399 0.5625 0.3125 0.59375 0.6884399 0.5625 0.6884399 0.59375 0.3125 0.625 0.6884399 0.59375 0.6884399 0.65625 0.15625 0.5 0.3125 0.34375 0.15625 0.34375 0.84375 0.5 0.6875 0.65625 0.84375 0.6104854 0.9542354 0.5 1 0.6104854 0.9542354 0.3895146 0.9542354 0.5 1 0.5 1 0.34375 0.84375 0.3895146 0.9542354 0.3895146 0.9542354 0.3895146 0.7332646 0.34375 0.84375 0.34375 0.84375 0.5 0.6875 0.3895146 0.7332646 0.3895146 0.7332646 0.5 0.6875 0.6104854 0.7332646 0.5 0.6875 0.6104854 0.7332646 0.65625 0.84375 0.6104854 0.7332646 0.65625 0.84375 0.6104854 0.9542354 0.65625 0.84375 0.5 1 0.6104854 0.9542354 0.6104854 0.9542354 0.5 1 0.3895146 0.9542354 0.5 1 0.3895146 0.9542354 0.34375 0.84375 0.3895146 0.9542354 0.34375 0.84375 0.3895146 0.7332646 0.34375 0.84375 0.3895146 0.7332646 0.5 0.6875 0.3895146 0.7332646 0.6104854 0.7332646 0.5 0.6875 0.5 0.6875 0.65625 0.84375 0.6104854 0.7332646 0.6104854 0.7332646 0.6104854 0.9542354 0.65625 0.84375 0.65625 0.84375 0.6104854 0.7332646 0.65625 0.84375 0.6104854 0.7332646 0.5 0.6875 0.6104854 0.7332646 0.5 0.6875 0.5 0.6875 0.3895146 0.7332646 0.3895146 0.7332646 0.3895146 0.7332646 0.34375 0.84375 0.34375 0.84375 0.34375 0.84375 0.3895146 0.9542354 0.3895146 0.9542354 0.3895146 0.9542354 0.5 1 0.5 1 0.6104854 0.9542354 0.5 1 0.6104854 0.9542354 0.65625 0.84375 0.6104854 0.9542354 0.65625 0.84375 0.65625 0.84375 0.6104854 0.7332646 0.6104854 0.7332646 0.6104854 0.7332646 0.5 0.6875 0.5 0.6875 0.3895146 0.7332646 0.5 0.6875 0.3895146 0.7332646 0.34375 0.84375 0.3895146 0.7332646 0.34375 0.84375 0.3895146 0.9542354 0.34375 0.84375 0.3895146 0.9542354 0.5 1 0.3895146 0.9542354 0.5 1 0.5 1 0.6104854 0.9542354 0.6104854 0.9542354 0.6104854 0.9542354 0.65625 0.84375 0.65625 0.84375 0.375 0.3125 0.40625 0.6884399 0.375 0.6884399 0.4375 0.3125 0.40625 0.6884399 0.40625 0.3125 0.46875 0.3125 0.4375 0.6884399 0.4375 0.3125 0.5 0.3125 0.46875 0.6884399 0.46875 0.3125 0.53125 0.3125 0.5 0.6884399 0.5 0.3125 0.53125 0.3125 0.5625 0.6884399 0.53125 0.6884399 0.5625 0.3125 0.59375 0.6884399 0.5625 0.6884399 0.625 0.3125 0.59375 0.6884399 0.59375 0.3125 0.65625 0.15625 0.5 0.3125 0.34375 0.15625 0.3895146 0.9542354 0.3895146 0.7332646 0.5 0.6875 0.6104854 0.9542354 0.5 1 0.6104854 0.9542354 0.3895146 0.9542354 0.5 1 0.5 1 0.34375 0.84375 0.3895146 0.9542354 0.3895146 0.9542354 0.3895146 0.7332646 0.34375 0.84375 0.34375 0.84375 0.5 0.6875 0.3895146 0.7332646 0.3895146 0.7332646 0.5 0.6875 0.6104854 0.7332646 0.5 0.6875 0.6104854 0.7332646 0.65625 0.84375 0.6104854 0.7332646 0.65625 0.84375 0.6104854 0.9542354 0.65625 0.84375 0.5 1 0.6104854 0.9542354 0.6104854 0.9542354 0.5 1 0.3895146 0.9542354 0.5 1 0.3895146 0.9542354 0.34375 0.84375 0.3895146 0.9542354 0.34375 0.84375 0.3895146 0.7332646 0.34375 0.84375 0.3895146 0.7332646 0.5 0.6875 0.3895146 0.7332646 0.6104854 0.7332646 0.5 0.6875 0.5 0.6875 0.65625 0.84375 0.6104854 0.7332646 0.6104854 0.7332646 0.6104854 0.9542354 0.65625 0.84375 0.65625 0.84375 0.5 1 0.6104854 0.9542354 0.6104854 0.9542354 0.5 1 0.3895146 0.9542354 0.5 1 0.3895146 0.9542354 0.34375 0.84375 0.3895146 0.9542354 0.34375 0.84375 0.3895146 0.7332646 0.34375 0.84375 0.3895146 0.7332646 0.5 0.6875 0.3895146 0.7332646 0.6104854 0.7332646 0.5 0.6875 0.5 0.6875 0.65625 0.84375 0.6104854 0.7332646 0.6104854 0.7332646 0.6104854 0.9542354 0.65625 0.84375 0.65625 0.84375 0.65625 0.84375 0.6104854 0.7332646 0.6104854 0.7332646 0.6104854 0.7332646 0.5 0.6875 0.5 0.6875 0.3895146 0.7332646 0.5 0.6875 0.3895146 0.7332646 0.34375 0.84375 0.3895146 0.7332646 0.34375 0.84375 0.3895146 0.9542354 0.34375 0.84375 0.3895146 0.9542354 0.5 1 0.3895146 0.9542354 0.5 1 0.5 1 0.6104854 0.9542354 0.6104854 0.9542354 0.6104854 0.9542354 0.65625 0.84375 0.65625 0.84375 0.6104854 0.7332646 0.65625 0.84375 0.6104854 0.7332646 0.5 0.6875 0.6104854 0.7332646 0.5 0.6875 0.5 0.6875 0.3895146 0.7332646 0.3895146 0.7332646 0.3895146 0.7332646 0.34375 0.84375 0.34375 0.84375 0.34375 0.84375 0.3895146 0.9542354 0.3895146 0.9542354 0.3895146 0.9542354 0.5 1 0.5 1 0.6104854 0.9542354 0.5 1 0.6104854 0.9542354 0.65625 0.84375 0.6104854 0.9542354 0.65625 0.84375 0.5 0.6875 0.6104854 0.7332646 0.5 0.6875 0.5 0.6875 0.3895146 0.7332646 0.3895146 0.7332646 0.3895146 0.7332646 0.34375 0.84375 0.34375 0.84375 0.34375 0.84375 0.3895146 0.9542354 0.3895146 0.9542354 0.3895146 0.9542354 0.5 1 0.5 1 0.6104854 0.9542354 0.5 1 0.6104854 0.9542354 0.65625 0.84375 0.6104854 0.9542354 0.65625 0.84375 0.6104854 0.7332646 0.65625 0.84375 0.6104854 0.7332646 0.375 0.3125 0.40625 0.6884399 0.375 0.6884399 0.4375 0.3125 0.40625 0.6884399 0.40625 0.3125 0.4375 0.3125 0.46875 0.6884399 0.4375 0.6884399 0.46875 0.3125 0.5 0.6884399 0.46875 0.6884399 0.53125 0.3125 0.5 0.6884399 0.5 0.3125 0.53125 0.3125 0.5625 0.6884399 0.53125 0.6884399 0.59375 0.3125 0.5625 0.6884399 0.5625 0.3125 0.625 0.3125 0.59375 0.6884399 0.59375 0.3125 0.5 0 0.65625 0.15625 0.5 0.3125 0.34375 0.84375 0.5 0.6875 0.65625 0.84375 0.5 1 0.6104854 0.9542354 0.6104854 0.9542354 0.5 1 0.3895146 0.9542354 0.5 1 0.3895146 0.9542354 0.34375 0.84375 0.3895146 0.9542354 0.34375 0.84375 0.3895146 0.7332646 0.34375 0.84375 0.3895146 0.7332646 0.5 0.6875 0.3895146 0.7332646 0.6104854 0.7332646 0.5 0.6875 0.5 0.6875 0.65625 0.84375 0.6104854 0.7332646 0.6104854 0.7332646 0.6104854 0.9542354 0.65625 0.84375 0.65625 0.84375 0.5 1 0.6104854 0.9542354 0.6104854 0.9542354 0.5 1 0.3895146 0.9542354 0.5 1 0.3895146 0.9542354 0.34375 0.84375 0.3895146 0.9542354 0.34375 0.84375 0.3895146 0.7332646 0.34375 0.84375 0.3895146 0.7332646 0.5 0.6875 0.3895146 0.7332646 0.6104854 0.7332646 0.5 0.6875 0.5 0.6875 0.65625 0.84375 0.6104854 0.7332646 0.6104854 0.7332646 0.6104854 0.9542354 0.65625 0.84375 0.65625 0.84375 0.5 1 0.6104854 0.9542354 0.6104854 0.9542354 0.5 1 0.3895146 0.9542354 0.5 1 0.3895146 0.9542354 0.34375 0.84375 0.3895146 0.9542354 0.3895146 0.7332646 0.34375 0.84375 0.34375 0.84375 0.5 0.6875 0.3895146 0.7332646 0.3895146 0.7332646 0.5 0.6875 0.6104854 0.7332646 0.5 0.6875 0.6104854 0.7332646 0.65625 0.84375 0.6104854 0.7332646 0.6104854 0.9542354 0.65625 0.84375 0.65625 0.84375 0.6104854 0.7332646 0.65625 0.84375 0.6104854 0.7332646 0.5 0.6875 0.6104854 0.7332646 0.5 0.6875 0.5 0.6875 0.3895146 0.7332646 0.3895146 0.7332646 0.3895146 0.7332646 0.34375 0.84375 0.34375 0.84375 0.34375 0.84375 0.3895146 0.9542354 0.3895146 0.9542354 0.3895146 0.9542354 0.5 1 0.5 1 0.6104854 0.9542354 0.5 1 0.6104854 0.9542354 0.65625 0.84375 0.6104854 0.9542354 0.65625 0.84375 0.6104854 0.7332646 0.5 0.6875 0.5 0.6875 0.3895146 0.7332646 0.5 0.6875 0.3895146 0.7332646 0.34375 0.84375 0.3895146 0.7332646 0.34375 0.84375 0.3895146 0.9542354 0.34375 0.84375 0.3895146 0.9542354 0.5 1 0.3895146 0.9542354 0.5 1 0.5 1 0.6104854 0.9542354 0.6104854 0.9542354 0.6104854 0.9542354 0.65625 0.84375 0.65625 0.84375 0.65625 0.84375 0.6104854 0.7332646 0.6104854 0.7332646 0.6104854 0.7332646 0.65625 0.84375 0.6104854 0.7332646 0.5 0.6875 0.6104854 0.7332646 0.5 0.6875 0.5 0.6875 0.3895146 0.7332646 0.3895146 0.7332646 0.3895146 0.7332646 0.34375 0.84375 0.34375 0.84375 0.34375 0.84375 0.3895146 0.9542354 0.3895146 0.9542354 0.5 1 0.3895146 0.9542354 0.5 1 0.5 1 0.6104854 0.9542354 0.6104854 0.9542354 0.65625 0.84375 0.6104854 0.9542354 0.65625 0.84375 0.375 0.3125 0.40625 0.6884399 0.375 0.6884399 0.4375 0.3125 0.40625 0.6884399 0.40625 0.3125 0.4375 0.3125 0.46875 0.6884399 0.4375 0.6884399 0.46875 0.3125 0.5 0.6884399 0.46875 0.6884399 0.5 0.3125 0.53125 0.6884399 0.5 0.6884399 0.5625 0.3125 0.53125 0.6884399 0.53125 0.3125 0.5625 0.3125 0.59375 0.6884399 0.5625 0.6884399 0.625 0.3125 0.59375 0.6884399 0.59375 0.3125 0.65625 0.15625 0.5 0.3125 0.34375 0.15625 0.5 0.6875 0.6104854 0.7332646 0.5 1 0.6104854 0.9542354 0.5 1 0.6104854 0.9542354 0.3895146 0.9542354 0.5 1 0.5 1 0.34375 0.84375 0.3895146 0.9542354 0.3895146 0.9542354 0.3895146 0.7332646 0.34375 0.84375 0.34375 0.84375 0.5 0.6875 0.3895146 0.7332646 0.3895146 0.7332646 0.5 0.6875 0.6104854 0.7332646 0.5 0.6875 0.6104854 0.7332646 0.65625 0.84375 0.6104854 0.7332646 0.65625 0.84375 0.6104854 0.9542354 0.65625 0.84375 0.5 1 0.6104854 0.9542354 0.6104854 0.9542354 0.5 1 0.3895146 0.9542354 0.5 1 0.3895146 0.9542354 0.34375 0.84375 0.3895146 0.9542354 0.34375 0.84375 0.3895146 0.7332646 0.34375 0.84375 0.3895146 0.7332646 0.5 0.6875 0.3895146 0.7332646 0.6104854 0.7332646 0.5 0.6875 0.5 0.6875 0.65625 0.84375 0.6104854 0.7332646 0.6104854 0.7332646 0.6104854 0.9542354 0.65625 0.84375 0.65625 0.84375 0.65625 0.84375 0.6104854 0.7332646 0.6104854 0.7332646 0.5 0.6875 0.6104854 0.7332646 0.5 0.6875 0.5 0.6875 0.3895146 0.7332646 0.3895146 0.7332646 0.34375 0.84375 0.3895146 0.7332646 0.34375 0.84375 0.3895146 0.9542354 0.34375 0.84375 0.3895146 0.9542354 0.5 1 0.3895146 0.9542354 0.5 1 0.5 1 0.6104854 0.9542354 0.6104854 0.9542354 0.6104854 0.9542354 0.65625 0.84375 0.65625 0.84375 0.65625 0.84375 0.6104854 0.7332646 0.6104854 0.7332646 0.6104854 0.7332646 0.5 0.6875 0.5 0.6875 0.3895146 0.7332646 0.5 0.6875 0.3895146 0.7332646 0.34375 0.84375 0.3895146 0.7332646 0.34375 0.84375 0.3895146 0.9542354 0.34375 0.84375 0.3895146 0.9542354 0.5 1 0.3895146 0.9542354 0.5 1 0.5 1 0.6104854 0.9542354 0.6104854 0.9542354 0.6104854 0.9542354 0.65625 0.84375 0.65625 0.84375 0.40625 0.3125 0.375 0.6884399 0.375 0.3125 0.40625 0.3125 0.4375 0.6884399 0.40625 0.6884399 0.46875 0.3125 0.4375 0.6884399 0.4375 0.3125 0.5 0.3125 0.46875 0.6884399 0.46875 0.3125 0.53125 0.3125 0.5 0.6884399 0.5 0.3125 0.53125 0.3125 0.5625 0.6884399 0.53125 0.6884399 0.5625 0.3125 0.59375 0.6884399 0.5625 0.6884399 0.625 0.3125 0.59375 0.6884399 0.59375 0.3125 0.3895146 0.04576456 0.5 0 0.5 0.3125 0.5 1 0.6104854 0.9542354 0.6104854 0.9542354 0.5 1 0.3895146 0.9542354 0.5 1 0.3895146 0.9542354 0.34375 0.84375 0.3895146 0.9542354 0.34375 0.84375 0.3895146 0.7332646 0.34375 0.84375 0.3895146 0.7332646 0.5 0.6875 0.3895146 0.7332646 0.6104854 0.7332646 0.5 0.6875 0.5 0.6875 0.65625 0.84375 0.6104854 0.7332646 0.6104854 0.7332646 0.6104854 0.9542354 0.65625 0.84375 0.65625 0.84375 0.5 1 0.6104854 0.9542354 0.6104854 0.9542354 0.5 1 0.3895146 0.9542354 0.5 1 0.3895146 0.9542354 0.34375 0.84375 0.3895146 0.9542354 0.34375 0.84375 0.3895146 0.7332646 0.34375 0.84375 0.3895146 0.7332646 0.5 0.6875 0.3895146 0.7332646 0.6104854 0.7332646 0.5 0.6875 0.5 0.6875 0.65625 0.84375 0.6104854 0.7332646 0.6104854 0.7332646 0.6104854 0.9542354 0.65625 0.84375 0.65625 0.84375 0.6104854 0.7332646 0.65625 0.84375 0.6104854 0.7332646 0.5 0.6875 0.6104854 0.7332646 0.5 0.6875 0.5 0.6875 0.3895146 0.7332646 0.3895146 0.7332646 0.3895146 0.7332646 0.34375 0.84375 0.34375 0.84375 0.34375 0.84375 0.3895146 0.9542354 0.3895146 0.9542354 0.3895146 0.9542354 0.5 1 0.5 1 0.6104854 0.9542354 0.5 1 0.6104854 0.9542354 0.65625 0.84375 0.6104854 0.9542354 0.65625 0.84375 0.6104854 0.7332646 0.65625 0.84375 0.6104854 0.7332646 0.5 0.6875 0.6104854 0.7332646 0.5 0.6875 0.5 0.6875 0.3895146 0.7332646 0.3895146 0.7332646 0.3895146 0.7332646 0.34375 0.84375 0.34375 0.84375 0.34375 0.84375 0.3895146 0.9542354 0.3895146 0.9542354 0.3895146 0.9542354 0.5 1 0.5 1 0.6104854 0.9542354 0.5 1 0.6104854 0.9542354 0.65625 0.84375 0.6104854 0.9542354 0.65625 0.84375 0.6104854 0.7332646 0.65625 0.84375 0.6104854 0.7332646 0.5 0.6875 0.6104854 0.7332646 0.5 0.6875 0.5 0.6875 0.3895146 0.7332646 0.3895146 0.7332646 0.3895146 0.7332646 0.34375 0.84375 0.34375 0.84375 0.34375 0.84375 0.3895146 0.9542354 0.3895146 0.9542354 0.3895146 0.9542354 0.5 1 0.5 1 0.6104854 0.9542354 0.5 1 0.6104854 0.9542354 0.65625 0.84375 0.6104854 0.9542354 0.65625 0.84375 0.6104854 0.9542354 0.3895146 0.9542354 0.3895146 0.7332646 0.375 0.3125 0.40625 0.6884399 0.375 0.6884399 0.4375 0.3125 0.40625 0.6884399 0.40625 0.3125 0.4375 0.3125 0.46875 0.6884399 0.4375 0.6884399 0.5 0.3125 0.46875 0.6884399 0.46875 0.3125 0.53125 0.3125 0.5 0.6884399 0.5 0.3125 0.53125 0.3125 0.5625 0.6884399 0.53125 0.6884399 0.59375 0.3125 0.5625 0.6884399 0.5625 0.3125 0.625 0.3125 0.59375 0.6884399 0.59375 0.3125 0.3895146 0.2667354 0.3895146 0.04576456 0.6104854 0.04576456 0.5 0.6875 0.6104854 0.7332646 0.65625 0.84375 0.5 1 0.6104854 0.9542354 0.6104854 0.9542354 0.5 1 0.3895146 0.9542354 0.5 1 0.3895146 0.9542354 0.34375 0.84375 0.3895146 0.9542354 0.34375 0.84375 0.3895146 0.7332646 0.34375 0.84375 0.3895146 0.7332646 0.5 0.6875 0.3895146 0.7332646 0.6104854 0.7332646 0.5 0.6875 0.5 0.6875 0.65625 0.84375 0.6104854 0.7332646 0.6104854 0.7332646 0.6104854 0.9542354 0.65625 0.84375 0.65625 0.84375 0.6104854 0.9542354 0.5 1 0.6104854 0.9542354 0.3895146 0.9542354 0.5 1 0.5 1 0.34375 0.84375 0.3895146 0.9542354 0.3895146 0.9542354 0.3895146 0.7332646 0.34375 0.84375 0.34375 0.84375 0.5 0.6875 0.3895146 0.7332646 0.3895146 0.7332646 0.5 0.6875 0.6104854 0.7332646 0.5 0.6875 0.6104854 0.7332646 0.65625 0.84375 0.6104854 0.7332646 0.65625 0.84375 0.6104854 0.9542354 0.65625 0.84375 0.6104854 0.9542354 0.5 1 0.6104854 0.9542354 0.3895146 0.9542354 0.5 1 0.5 1 0.34375 0.84375 0.3895146 0.9542354 0.3895146 0.9542354 0.3895146 0.7332646 0.34375 0.84375 0.34375 0.84375 0.3895146 0.7332646 0.5 0.6875 0.3895146 0.7332646 0.6104854 0.7332646 0.5 0.6875 0.5 0.6875 0.65625 0.84375 0.6104854 0.7332646 0.6104854 0.7332646 0.6104854 0.9542354 0.65625 0.84375 0.65625 0.84375 0.65625 0.84375 0.6104854 0.7332646 0.6104854 0.7332646 0.6104854 0.7332646 0.5 0.6875 0.5 0.6875 0.3895146 0.7332646 0.5 0.6875 0.3895146 0.7332646 0.34375 0.84375 0.3895146 0.7332646 0.34375 0.84375 0.3895146 0.9542354 0.34375 0.84375 0.3895146 0.9542354 0.5 1 0.3895146 0.9542354 0.5 1 0.5 1 0.6104854 0.9542354 0.6104854 0.9542354 0.6104854 0.9542354 0.65625 0.84375 0.65625 0.84375 0.375 0.3125 0.40625 0.6884399 0.375 0.6884399 0.4375 0.3125 0.40625 0.6884399 0.40625 0.3125 0.4375 0.3125 0.46875 0.6884399 0.4375 0.6884399 0.46875 0.3125 0.5 0.6884399 0.46875 0.6884399 0.5 0.3125 0.53125 0.6884399 0.5 0.6884399 0.5625 0.3125 0.53125 0.6884399 0.53125 0.3125 0.59375 0.3125 0.5625 0.6884399 0.5625 0.3125 0.625 0.3125 0.59375 0.6884399 0.59375 0.3125 0.5 0 0.65625 0.15625 0.34375 0.15625 0.65625 0.84375 0.5 1 0.34375 0.84375 0.5 1 0.6104854 0.9542354 0.6104854 0.9542354 0.5 1 0.3895146 0.9542354 0.5 1 0.3895146 0.9542354 0.34375 0.84375 0.3895146 0.9542354 0.34375 0.84375 0.3895146 0.7332646 0.34375 0.84375 0.3895146 0.7332646 0.5 0.6875 0.3895146 0.7332646 0.6104854 0.7332646 0.5 0.6875 0.5 0.6875 0.65625 0.84375 0.6104854 0.7332646 0.6104854 0.7332646 0.6104854 0.9542354 0.65625 0.84375 0.65625 0.84375 0.5 1 0.6104854 0.9542354 0.6104854 0.9542354 0.5 1 0.3895146 0.9542354 0.5 1 0.3895146 0.9542354 0.34375 0.84375 0.3895146 0.9542354 0.34375 0.84375 0.3895146 0.7332646 0.34375 0.84375 0.3895146 0.7332646 0.5 0.6875 0.3895146 0.7332646 0.6104854 0.7332646 0.5 0.6875 0.5 0.6875 0.65625 0.84375 0.6104854 0.7332646 0.6104854 0.7332646 0.6104854 0.9542354 0.65625 0.84375 0.65625 0.84375 0.6104854 0.9542354 0.5 1 0.6104854 0.9542354 0.5 1 0.3895146 0.9542354 0.5 1 0.3895146 0.9542354 0.34375 0.84375 0.3895146 0.9542354 0.3895146 0.7332646 0.34375 0.84375 0.34375 0.84375 0.5 0.6875 0.3895146 0.7332646 0.3895146 0.7332646 0.5 0.6875 0.6104854 0.7332646 0.5 0.6875 0.6104854 0.7332646 0.65625 0.84375 0.6104854 0.7332646 0.6104854 0.9542354 0.65625 0.84375 0.65625 0.84375 0.6104854 0.7332646 0.65625 0.84375 0.6104854 0.7332646 0.5 0.6875 0.6104854 0.7332646 0.5 0.6875 0.5 0.6875 0.3895146 0.7332646 0.3895146 0.7332646 0.3895146 0.7332646 0.34375 0.84375 0.34375 0.84375 0.34375 0.84375 0.3895146 0.9542354 0.3895146 0.9542354 0.3895146 0.9542354 0.5 1 0.5 1 0.6104854 0.9542354 0.5 1 0.6104854 0.9542354 0.65625 0.84375 0.6104854 0.9542354 0.65625 0.84375 0.6104854 0.7332646 0.5 0.6875 0.5 0.6875 0.3895146 0.7332646 0.5 0.6875 0.3895146 0.7332646 0.34375 0.84375 0.3895146 0.7332646 0.34375 0.84375 0.3895146 0.9542354 0.34375 0.84375 0.3895146 0.9542354 0.5 1 0.3895146 0.9542354 0.5 1 0.5 1 0.6104854 0.9542354 0.6104854 0.9542354 0.6104854 0.9542354 0.65625 0.84375 0.65625 0.84375 0.65625 0.84375 0.6104854 0.7332646 0.6104854 0.7332646 0.6104854 0.7332646 0.65625 0.84375 0.6104854 0.7332646 0.5 0.6875 0.6104854 0.7332646 0.5 0.6875 0.5 0.6875 0.3895146 0.7332646 0.3895146 0.7332646 0.3895146 0.7332646 0.34375 0.84375 0.34375 0.84375 0.34375 0.84375 0.3895146 0.9542354 0.3895146 0.9542354 0.5 1 0.3895146 0.9542354 0.5 1 0.5 1 0.6104854 0.9542354 0.6104854 0.9542354 0.65625 0.84375 0.6104854 0.9542354 0.65625 0.84375 0.40625 0.3125 0.375 0.6884399 0.375 0.3125 0.40625 0.3125 0.4375 0.6884399 0.40625 0.6884399 0.4375 0.3125 0.46875 0.6884399 0.4375 0.6884399 0.5 0.3125 0.46875 0.6884399 0.46875 0.3125 0.53125 0.3125 0.5 0.6884399 0.5 0.3125 0.5625 0.3125 0.53125 0.6884399 0.53125 0.3125 0.5625 0.3125 0.59375 0.6884399 0.5625 0.6884399 0.625 0.3125 0.59375 0.6884399 0.59375 0.3125 0.3895146 0.04576456 0.5 0 0.5 0.3125 0.5 1 0.6104854 0.9542354 0.6104854 0.9542354 0.5 1 0.3895146 0.9542354 0.5 1 0.3895146 0.9542354 0.34375 0.84375 0.3895146 0.9542354 0.34375 0.84375 0.3895146 0.7332646 0.34375 0.84375 0.3895146 0.7332646 0.5 0.6875 0.3895146 0.7332646 0.6104854 0.7332646 0.5 0.6875 0.5 0.6875 0.65625 0.84375 0.6104854 0.7332646 0.6104854 0.7332646 0.6104854 0.9542354 0.65625 0.84375 0.65625 0.84375 0.5 1 0.6104854 0.9542354 0.6104854 0.9542354 0.5 1 0.3895146 0.9542354 0.5 1 0.3895146 0.9542354 0.34375 0.84375 0.3895146 0.9542354 0.34375 0.84375 0.3895146 0.7332646 0.34375 0.84375 0.3895146 0.7332646 0.5 0.6875 0.3895146 0.7332646 0.6104854 0.7332646 0.5 0.6875 0.5 0.6875 0.65625 0.84375 0.6104854 0.7332646 0.6104854 0.7332646 0.6104854 0.9542354 0.65625 0.84375 0.65625 0.84375 0.6104854 0.7332646 0.65625 0.84375 0.6104854 0.7332646 0.5 0.6875 0.6104854 0.7332646 0.5 0.6875 0.5 0.6875 0.3895146 0.7332646 0.3895146 0.7332646 0.3895146 0.7332646 0.34375 0.84375 0.34375 0.84375 0.34375 0.84375 0.3895146 0.9542354 0.3895146 0.9542354 0.3895146 0.9542354 0.5 1 0.5 1 0.6104854 0.9542354 0.5 1 0.6104854 0.9542354 0.65625 0.84375 0.6104854 0.9542354 0.65625 0.84375 0.6104854 0.7332646 0.65625 0.84375 0.6104854 0.7332646 0.5 0.6875 0.6104854 0.7332646 0.5 0.6875 0.5 0.6875 0.3895146 0.7332646 0.3895146 0.7332646 0.3895146 0.7332646 0.34375 0.84375 0.34375 0.84375 0.34375 0.84375 0.3895146 0.9542354 0.3895146 0.9542354 0.3895146 0.9542354 0.5 1 0.5 1 0.6104854 0.9542354 0.5 1 0.6104854 0.9542354 0.65625 0.84375 0.6104854 0.9542354 0.65625 0.84375 0.6104854 0.7332646 0.65625 0.84375 0.6104854 0.7332646 0.5 0.6875 0.6104854 0.7332646 0.5 0.6875 0.5 0.6875 0.3895146 0.7332646 0.3895146 0.7332646 0.3895146 0.7332646 0.34375 0.84375 0.34375 0.84375 0.34375 0.84375 0.3895146 0.9542354 0.3895146 0.9542354 0.3895146 0.9542354 0.5 1 0.5 1 0.6104854 0.9542354 0.5 1 0.6104854 0.9542354 0.65625 0.84375 0.6104854 0.9542354 0.65625 0.84375 0.6104854 0.7332646 0.65625 0.84375 0.6104854 0.9542354 0.40625 0.3125 0.375 0.6884399 0.375 0.3125 0.40625 0.3125 0.4375 0.6884399 0.40625 0.6884399 0.46875 0.3125 0.4375 0.6884399 0.4375 0.3125 0.46875 0.3125 0.5 0.6884399 0.46875 0.6884399 0.53125 0.3125 0.5 0.6884399 0.5 0.3125 0.53125 0.3125 0.5625 0.6884399 0.53125 0.6884399 0.59375 0.3125 0.5625 0.6884399 0.5625 0.3125 0.59375 0.3125 0.625 0.6884399 0.59375 0.6884399 0.3895146 0.04576456 0.5 0 0.5 0.3125 0.5 1 0.34375 0.84375 0.5 0.6875 0.5 1 0.6104854 0.9542354 0.6104854 0.9542354 0.5 1 0.3895146 0.9542354 0.5 1 0.3895146 0.9542354 0.34375 0.84375 0.3895146 0.9542354 0.34375 0.84375 0.3895146 0.7332646 0.34375 0.84375 0.3895146 0.7332646 0.5 0.6875 0.3895146 0.7332646 0.6104854 0.7332646 0.5 0.6875 0.5 0.6875 0.65625 0.84375 0.6104854 0.7332646 0.6104854 0.7332646 0.6104854 0.9542354 0.65625 0.84375 0.65625 0.84375 0.5 1 0.6104854 0.9542354 0.6104854 0.9542354 0.5 1 0.3895146 0.9542354 0.5 1 0.3895146 0.9542354 0.34375 0.84375 0.3895146 0.9542354 0.34375 0.84375 0.3895146 0.7332646 0.34375 0.84375 0.3895146 0.7332646 0.5 0.6875 0.3895146 0.7332646 0.6104854 0.7332646 0.5 0.6875 0.5 0.6875 0.65625 0.84375 0.6104854 0.7332646 0.6104854 0.7332646 0.6104854 0.9542354 0.65625 0.84375 0.65625 0.84375 0.5 1 0.6104854 0.9542354 0.6104854 0.9542354 0.5 1 0.3895146 0.9542354 0.5 1 0.34375 0.84375 0.3895146 0.9542354 0.3895146 0.9542354 0.34375 0.84375 0.3895146 0.7332646 0.34375 0.84375 0.5 0.6875 0.3895146 0.7332646 0.3895146 0.7332646 0.5 0.6875 0.6104854 0.7332646 0.5 0.6875 0.65625 0.84375 0.6104854 0.7332646 0.6104854 0.7332646 0.65625 0.84375 0.6104854 0.9542354 0.65625 0.84375 0.65625 0.84375 0.6104854 0.7332646 0.6104854 0.7332646 0.6104854 0.7332646 0.5 0.6875 0.5 0.6875 0.3895146 0.7332646 0.5 0.6875 0.3895146 0.7332646 0.34375 0.84375 0.3895146 0.7332646 0.34375 0.84375 0.3895146 0.9542354 0.34375 0.84375 0.3895146 0.9542354 0.5 1 0.3895146 0.9542354 0.5 1 0.5 1 0.6104854 0.9542354 0.6104854 0.9542354 0.6104854 0.9542354 0.65625 0.84375 0.65625 0.84375 0.40625 0.3125 0.375 0.6884399 0.375 0.3125 0.40625 0.3125 0.4375 0.6884399 0.40625 0.6884399 0.46875 0.3125 0.4375 0.6884399 0.4375 0.3125 0.5 0.3125 0.46875 0.6884399 0.46875 0.3125 0.5 0.3125 0.53125 0.6884399 0.5 0.6884399 0.53125 0.3125 0.5625 0.6884399 0.53125 0.6884399 0.59375 0.3125 0.5625 0.6884399 0.5625 0.3125 0.59375 0.3125 0.625 0.6884399 0.59375 0.6884399 0.34375 0.15625 0.3895146 0.04576456 0.5 0 0.6104854 0.7332646 0.65625 0.84375 0.34375 0.84375 0.6104854 0.9542354 0.5 1 0.6104854 0.9542354 0.3895146 0.9542354 0.5 1 0.5 1 0.34375 0.84375 0.3895146 0.9542354 0.3895146 0.9542354 0.3895146 0.7332646 0.34375 0.84375 0.34375 0.84375 0.5 0.6875 0.3895146 0.7332646 0.3895146 0.7332646 0.5 0.6875 0.6104854 0.7332646 0.5 0.6875 0.6104854 0.7332646 0.65625 0.84375 0.6104854 0.7332646 0.65625 0.84375 0.6104854 0.9542354 0.65625 0.84375 0.5 1 0.6104854 0.9542354 0.6104854 0.9542354 0.5 1 0.3895146 0.9542354 0.5 1 0.3895146 0.9542354 0.34375 0.84375 0.3895146 0.9542354 0.34375 0.84375 0.3895146 0.7332646 0.34375 0.84375 0.3895146 0.7332646 0.5 0.6875 0.3895146 0.7332646 0.6104854 0.7332646 0.5 0.6875 0.5 0.6875 0.65625 0.84375 0.6104854 0.7332646 0.6104854 0.7332646 0.6104854 0.9542354 0.65625 0.84375 0.65625 0.84375 0.5 1 0.6104854 0.9542354 0.6104854 0.9542354 0.5 1 0.3895146 0.9542354 0.5 1 0.3895146 0.9542354 0.34375 0.84375 0.3895146 0.9542354 0.34375 0.84375 0.3895146 0.7332646 0.34375 0.84375 0.3895146 0.7332646 0.5 0.6875 0.3895146 0.7332646 0.6104854 0.7332646 0.5 0.6875 0.5 0.6875 0.65625 0.84375 0.6104854 0.7332646 0.6104854 0.7332646 0.6104854 0.9542354 0.65625 0.84375 0.65625 0.84375 0.65625 0.84375 0.6104854 0.7332646 0.6104854 0.7332646 0.6104854 0.7332646 0.5 0.6875 0.5 0.6875 0.3895146 0.7332646 0.5 0.6875 0.3895146 0.7332646 0.34375 0.84375 0.3895146 0.7332646 0.34375 0.84375 0.3895146 0.9542354 0.34375 0.84375 0.3895146 0.9542354 0.5 1 0.3895146 0.9542354 0.5 1 0.5 1 0.6104854 0.9542354 0.6104854 0.9542354 0.6104854 0.9542354 0.65625 0.84375 0.65625 0.84375 0.6104854 0.7332646 0.65625 0.84375 0.6104854 0.7332646 0.5 0.6875 0.6104854 0.7332646 0.5 0.6875 0.5 0.6875 0.3895146 0.7332646 0.3895146 0.7332646 0.3895146 0.7332646 0.34375 0.84375 0.34375 0.84375 0.34375 0.84375 0.3895146 0.9542354 0.3895146 0.9542354 0.3895146 0.9542354 0.5 1 0.5 1 0.6104854 0.9542354 0.5 1 0.6104854 0.9542354 0.65625 0.84375 0.6104854 0.9542354 0.65625 0.84375 0.5 0.6875 0.6104854 0.7332646 0.5 0.6875 0.5 0.6875 0.3895146 0.7332646 0.3895146 0.7332646 0.3895146 0.7332646 0.34375 0.84375 0.34375 0.84375 0.34375 0.84375 0.3895146 0.9542354 0.3895146 0.9542354 0.3895146 0.9542354 0.5 1 0.5 1 0.6104854 0.9542354 0.5 1 0.6104854 0.9542354 0.65625 0.84375 0.6104854 0.9542354 0.65625 0.84375 0.6104854 0.7332646 0.65625 0.84375 0.6104854 0.7332646 0.40625 0.3125 0.375 0.6884399 0.375 0.3125 0.40625 0.3125 0.4375 0.6884399 0.40625 0.6884399 0.4375 0.3125 0.46875 0.6884399 0.4375 0.6884399 0.5 0.3125 0.46875 0.6884399 0.46875 0.3125 0.5 0.3125 0.53125 0.6884399 0.5 0.6884399 0.5625 0.3125 0.53125 0.6884399 0.53125 0.3125 0.5625 0.3125 0.59375 0.6884399 0.5625 0.6884399 0.625 0.3125 0.59375 0.6884399 0.59375 0.3125 0.5 0 0.65625 0.15625 0.34375 0.15625 0.6104854 0.9542354 0.5 1 0.6104854 0.9542354 0.3895146 0.9542354 0.5 1 0.5 1 0.34375 0.84375 0.3895146 0.9542354 0.3895146 0.9542354 0.3895146 0.7332646 0.34375 0.84375 0.34375 0.84375 0.5 0.6875 0.3895146 0.7332646 0.3895146 0.7332646 0.5 0.6875 0.6104854 0.7332646 0.5 0.6875 0.6104854 0.7332646 0.65625 0.84375 0.6104854 0.7332646 0.65625 0.84375 0.6104854 0.9542354 0.65625 0.84375 0.5 1 0.6104854 0.9542354 0.6104854 0.9542354 0.5 1 0.3895146 0.9542354 0.5 1 0.3895146 0.9542354 0.34375 0.84375 0.3895146 0.9542354 0.34375 0.84375 0.3895146 0.7332646 0.34375 0.84375 0.3895146 0.7332646 0.5 0.6875 0.3895146 0.7332646 0.6104854 0.7332646 0.5 0.6875 0.5 0.6875 0.65625 0.84375 0.6104854 0.7332646 0.6104854 0.7332646 0.6104854 0.9542354 0.65625 0.84375 0.65625 0.84375 0.65625 0.84375 0.6104854 0.7332646 0.6104854 0.7332646 0.6104854 0.7332646 0.5 0.6875 0.5 0.6875 0.3895146 0.7332646 0.5 0.6875 0.3895146 0.7332646 0.34375 0.84375 0.3895146 0.7332646 0.34375 0.84375 0.3895146 0.9542354 0.34375 0.84375 0.3895146 0.9542354 0.5 1 0.3895146 0.9542354 0.5 1 0.5 1 0.6104854 0.9542354 0.6104854 0.9542354 0.6104854 0.9542354 0.65625 0.84375 0.65625 0.84375 0.6104854 0.7332646 0.65625 0.84375 0.6104854 0.7332646 0.5 0.6875 0.6104854 0.7332646 0.5 0.6875 0.5 0.6875 0.3895146 0.7332646 0.3895146 0.7332646 0.3895146 0.7332646 0.34375 0.84375 0.34375 0.84375 0.34375 0.84375 0.3895146 0.9542354 0.3895146 0.9542354 0.3895146 0.9542354 0.5 1 0.5 1 0.6104854 0.9542354 0.5 1 0.6104854 0.9542354 0.65625 0.84375 0.6104854 0.9542354 0.65625 0.84375 0.6104854 0.7332646 0.65625 0.84375 0.6104854 0.7332646 0.5 0.6875 0.6104854 0.7332646 0.5 0.6875 0.5 0.6875 0.3895146 0.7332646 0.3895146 0.7332646 0.3895146 0.7332646 0.34375 0.84375 0.34375 0.84375 0.34375 0.84375 0.3895146 0.9542354 0.3895146 0.9542354 0.3895146 0.9542354 0.5 1 0.5 1 0.6104854 0.9542354 0.5 1 0.6104854 0.9542354 0.65625 0.84375 0.6104854 0.9542354 0.65625 0.84375 0.6104854 0.9542354 0.3895146 0.9542354 0.3895146 0.7332646 0.5 0.3125 0.46875 0.3125 0.46875 0.3125 0.46875 0.6884399 0.46875 0.3125 0.46875 0.6884399 0.5 0.3125 0.53125 0.3125 0.5 0.3125 0.53125 0.6884399 0.53125 0.3125 0.53125 0.3125 0.34375 0.84375 0.34375 0.84375 0.34375 0.84375 0.5 0.6875 0.5 0.6875 0.5 0.6875 0.34375 0.84375 0.34375 0.84375 0.34375 0.84375 0.5 0.6875 0.5 0.6875 0.5 0.6875 0.5 0.6875 0.5 0.6875 0.5 0.6875 0.34375 0.84375 0.34375 0.84375 0.34375 0.84375 0.5 0.6875 0.5 0.6875 0.5 0.6875 0.3895146 0.7332646 0.5 0.6875 0.5 0.6875 0.3895146 0.7332646 0.34375 0.84375 0.3895146 0.7332646 0.34375 0.84375 0.34375 0.84375 0.34375 0.84375 0.5 0.6875 0.5 0.6875 0.5 0.6875 0.34375 0.84375 0.34375 0.84375 0.34375 0.84375 0.5 0.6875 0.3895146 0.7332646 0.3895146 0.7332646 0.3895146 0.7332646 0.3895146 0.7332646 0.3895146 0.7332646 0.6104854 0.7332646 0.5 0.6875 0.5 0.6875 0.6104854 0.7332646 0.65625 0.84375 0.6104854 0.7332646 0.65625 0.84375 0.65625 0.84375 0.65625 0.84375 0.3895146 0.7332646 0.3895146 0.7332646 0.3895146 0.7332646 0.65625 0.84375 0.65625 0.84375 0.65625 0.84375 0.65625 0.84375 0.65625 0.84375 0.65625 0.84375 0.3895146 0.7332646 0.3895146 0.7332646 0.3895146 0.7332646 0.65625 0.84375 0.65625 0.84375 0.65625 0.84375 0.6104854 0.7332646 0.65625 0.84375 0.65625 0.84375 0.5 0.6875 0.6104854 0.7332646 0.6104854 0.7332646 0.5 0.6875 0.3895146 0.7332646 0.5 0.6875 0.3895146 0.7332646 0.3895146 0.7332646 0.3895146 0.7332646 0.65625 0.84375 0.65625 0.84375 0.65625 0.84375 0.3895146 0.7332646 0.3895146 0.7332646 0.3895146 0.7332646 0.6104854 0.7332646 0.5 0.6875 0.5 0.6875 0.5 0.6875 0.5 0.6875 0.5 0.6875 0.6104854 0.7332646 0.65625 0.84375 0.6104854 0.7332646 0.65625 0.84375 0.65625 0.84375 0.65625 0.84375 0.6104854 0.7332646 0.5 0.6875 0.6104854 0.7332646 0.5 0.6875 0.5 0.6875 0.5 0.6875 0.65625 0.84375 0.65625 0.84375 0.65625 0.84375 0.6104854 0.7332646 0.65625 0.84375 0.65625 0.84375 0.5 0.6875 0.3895146 0.7332646 0.3895146 0.7332646 0.3895146 0.7332646 0.3895146 0.7332646 0.3895146 0.7332646 0.5 0.6875 0.6104854 0.7332646 0.5 0.6875 0.6104854 0.7332646 0.6104854 0.7332646 0.6104854 0.7332646 0.3895146 0.7332646 0.3895146 0.7332646 0.3895146 0.7332646 0.6104854 0.7332646 0.6104854 0.7332646 0.6104854 0.7332646 0.6104854 0.7332646 0.6104854 0.7332646 0.6104854 0.7332646 0.5 0.6875 0.6104854 0.7332646 0.6104854 0.7332646 0.5 0.6875 0.3895146 0.7332646 0.5 0.6875 0.3895146 0.7332646 0.3895146 0.7332646 0.3895146 0.7332646 0.6104854 0.7332646 0.6104854 0.7332646 0.6104854 0.7332646 0.3895146 0.7332646 0.3895146 0.7332646 0.3895146 0.7332646 0.5 0.6875 0.3895146 0.7332646 0.3895146 0.7332646 0.3895146 0.7332646 0.3895146 0.7332646 0.3895146 0.7332646 0.5 0.6875 0.6104854 0.7332646 0.5 0.6875 0.6104854 0.7332646 0.6104854 0.7332646 0.6104854 0.7332646 0.3895146 0.7332646 0.3895146 0.7332646 0.3895146 0.7332646 0.6104854 0.7332646 0.6104854 0.7332646 0.6104854 0.7332646 0.5 0.6875 0.3895146 0.7332646 0.5 0.6875 0.3895146 0.7332646 0.3895146 0.7332646 0.3895146 0.7332646 0.6104854 0.7332646 0.6104854 0.7332646 0.6104854 0.7332646 0.5 0.6875 0.6104854 0.7332646 0.6104854 0.7332646 0.6104854 0.7332646 0.6104854 0.7332646 0.6104854 0.7332646 0.3895146 0.7332646 0.3895146 0.7332646 0.3895146 0.7332646 0.6104854 0.7332646 0.6104854 0.7332646 0.6104854 0.7332646 0.3895146 0.7332646 0.3895146 0.7332646 0.3895146 0.7332646 0.6104854 0.7332646 0.6104854 0.7332646 0.6104854 0.7332646 0.3895146 0.7332646 0.3895146 0.7332646 0.3895146 0.7332646 0.53125 0.3125 0.53125 0.6884399 0.53125 0.6884399 0.59375 0.3125 0.59375 0.6884399 0.59375 0.3125 0.65625 0.15625 0.6104854 0.04576456 0.6104854 0.04576456 0.5 0.3125 0.3895146 0.2667354 0.5 0.3125 0.3895146 0.2667354 0.34375 0.15625 0.3895146 0.2667354 0.34375 0.15625 0.3895146 0.04576456 0.34375 0.15625 0.5 0 0.3895146 0.04576456 0.3895146 0.04576456 0.6104854 0.04576456 0.5 0 0.5 0 0.5 0.6875 0.5 0.6875 0.5 0.6875 0.65625 0.84375 0.65625 0.84375 0.65625 0.84375 0.5 0.6875 0.5 0.6875 0.5 0.6875 0.65625 0.84375 0.65625 0.84375 0.65625 0.84375 0.6104854 0.7332646 0.5 0.6875 0.6104854 0.7332646 0.5 0.6875 0.5 0.6875 0.5 0.6875 0.65625 0.84375 0.65625 0.84375 0.65625 0.84375 0.6104854 0.7332646 0.65625 0.84375 0.65625 0.84375 0.65625 0.84375 0.65625 0.84375 0.65625 0.84375 0.5 0.6875 0.5 0.6875 0.5 0.6875 0.5 0.3125 0.5 0.6884399 0.5 0.6884399 0.5625 0.3125 0.5625 0.6884399 0.5625 0.3125 0.6104854 0.04576456 0.65625 0.15625 0.6104854 0.04576456 0.6104854 0.2667354 0.65625 0.15625 0.65625 0.15625 0.3895146 0.2667354 0.34375 0.15625 0.3895146 0.2667354 0.3895146 0.04576456 0.34375 0.15625 0.34375 0.15625 0.5 0 0.3895146 0.04576456 0.3895146 0.04576456 0.5 0 0.6104854 0.04576456 0.5 0 0.6104854 0.9542354 0.5 1 0.6104854 0.9542354 0.3895146 0.9542354 0.5 1 0.5 1 0.3895146 0.9542354 0.34375 0.84375 0.3895146 0.9542354 0.34375 0.84375 0.3895146 0.7332646 0.34375 0.84375 0.65625 0.84375 0.6104854 0.7332646 0.6104854 0.7332646 0.6104854 0.9542354 0.65625 0.84375 0.65625 0.84375 0.3895146 0.7332646 0.3895146 0.7332646 0.3895146 0.7332646 0.6104854 0.7332646 0.6104854 0.7332646 0.6104854 0.7332646 0.3895146 0.7332646 0.3895146 0.7332646 0.3895146 0.7332646 0.6104854 0.7332646 0.6104854 0.7332646 0.6104854 0.7332646 0.3895146 0.7332646 0.3895146 0.7332646 0.3895146 0.7332646 0.6104854 0.7332646 0.6104854 0.7332646 0.6104854 0.7332646 0.6104854 0.7332646 0.6104854 0.7332646 0.6104854 0.7332646 0.3895146 0.7332646 0.3895146 0.7332646 0.3895146 0.7332646 0.6104854 0.7332646 0.6104854 0.7332646 0.6104854 0.7332646 0.3895146 0.7332646 0.3895146 0.7332646 0.3895146 0.7332646 0.6104854 0.7332646 0.6104854 0.7332646 0.6104854 0.7332646 0.3895146 0.7332646 0.3895146 0.7332646 0.3895146 0.7332646 0.53125 0.3125 0.5 0.3125 0.5 0.3125 0.53125 0.6884399 0.53125 0.3125 0.53125 0.3125 0.5 0.6884399 0.53125 0.6884399 0.53125 0.6884399 0.5 0.3125 0.5 0.6884399 0.5 0.6884399 0.375 0.3125 0.375 0.6884399 0.375 0.6884399 0.4375 0.6884399 0.4375 0.3125 0.4375 0.3125 0.65625 0.15625 0.6104854 0.04576456 0.6104854 0.04576456 0.6104854 0.2667354 0.65625 0.15625 0.65625 0.15625 0.5 0.3125 0.6104854 0.2667354 0.6104854 0.2667354 0.3895146 0.2667354 0.5 0.3125 0.5 0.3125 0.34375 0.15625 0.3895146 0.2667354 0.3895146 0.2667354 0.3895146 0.04576456 0.34375 0.15625 0.34375 0.15625 0.34375 0.84375 0.3895146 0.9542354 0.3895146 0.9542354 0.3895146 0.7332646 0.34375 0.84375 0.34375 0.84375 0.5 0.6875 0.3895146 0.7332646 0.3895146 0.7332646 0.6104854 0.7332646 0.5 0.6875 0.5 0.6875 0.65625 0.84375 0.6104854 0.7332646 0.6104854 0.7332646 0.6104854 0.9542354 0.65625 0.84375 0.65625 0.84375 0.6104854 0.9542354 0.6104854 0.9542354 0.6104854 0.9542354 0.3895146 0.9542354 0.3895146 0.9542354 0.3895146 0.9542354 0.6104854 0.9542354 0.6104854 0.9542354 0.6104854 0.9542354 0.3895146 0.9542354 0.3895146 0.9542354 0.3895146 0.9542354 0.3895146 0.9542354 0.3895146 0.9542354 0.3895146 0.9542354 0.6104854 0.9542354 0.6104854 0.9542354 0.6104854 0.9542354 0.3895146 0.9542354 0.3895146 0.9542354 0.3895146 0.9542354 0.6104854 0.9542354 0.6104854 0.9542354 0.6104854 0.9542354 0.375 0.3125 0.375 0.6884399 0.375 0.6884399 0.4375 0.3125 0.4375 0.6884399 0.4375 0.3125 0.6104854 0.04576456 0.65625 0.15625 0.6104854 0.04576456 0.6104854 0.2667354 0.65625 0.15625 0.65625 0.15625 0.5 0.3125 0.6104854 0.2667354 0.6104854 0.2667354 0.5 0.3125 0.3895146 0.2667354 0.5 0.3125 0.3895146 0.2667354 0.34375 0.15625 0.3895146 0.2667354 0.3895146 0.04576456 0.34375 0.15625 0.34375 0.15625 0.6104854 0.9542354 0.6104854 0.9542354 0.6104854 0.9542354 0.3895146 0.9542354 0.3895146 0.9542354 0.3895146 0.9542354 0.6104854 0.9542354 0.6104854 0.9542354 0.6104854 0.9542354 0.3895146 0.9542354 0.3895146 0.9542354 0.3895146 0.9542354 0.3895146 0.9542354 0.3895146 0.9542354 0.3895146 0.9542354 0.5 1 0.3895146 0.9542354 0.3895146 0.9542354 0.5 1 0.6104854 0.9542354 0.5 1 0.6104854 0.9542354 0.6104854 0.9542354 0.6104854 0.9542354 0.3895146 0.9542354 0.3895146 0.9542354 0.3895146 0.9542354 0.6104854 0.9542354 0.6104854 0.9542354 0.6104854 0.9542354 0.5 0.3125 0.5 0.6884399 0.5 0.6884399 0.5625 0.3125 0.5625 0.6884399 0.5625 0.3125 0.65625 0.15625 0.6104854 0.04576456 0.6104854 0.04576456 0.6104854 0.2667354 0.65625 0.15625 0.65625 0.15625 0.3895146 0.2667354 0.34375 0.15625 0.3895146 0.2667354 0.3895146 0.04576456 0.34375 0.15625 0.34375 0.15625 0.5 0 0.3895146 0.04576456 0.3895146 0.04576456 0.6104854 0.04576456 0.5 0 0.5 0 0.3895146 0.7332646 0.3895146 0.7332646 0.3895146 0.7332646 0.6104854 0.7332646 0.6104854 0.7332646 0.6104854 0.7332646 0.3895146 0.7332646 0.3895146 0.7332646 0.3895146 0.7332646 0.6104854 0.7332646 0.6104854 0.7332646 0.6104854 0.7332646 0.6104854 0.7332646 0.6104854 0.7332646 0.6104854 0.7332646 0.3895146 0.7332646 0.3895146 0.7332646 0.3895146 0.7332646 0.6104854 0.7332646 0.6104854 0.7332646 0.6104854 0.7332646 0.5 0.6875 0.6104854 0.7332646 0.6104854 0.7332646 0.5 0.6875 0.3895146 0.7332646 0.5 0.6875 0.3895146 0.7332646 0.3895146 0.7332646 0.3895146 0.7332646 0.6104854 0.7332646 0.6104854 0.7332646 0.6104854 0.7332646 0.3895146 0.7332646 0.3895146 0.7332646 0.3895146 0.7332646 0.40625 0.3125 0.40625 0.6884399 0.40625 0.6884399 0.46875 0.3125 0.46875 0.6884399 0.46875 0.3125 0.65625 0.15625 0.6104854 0.04576456 0.6104854 0.04576456 0.6104854 0.2667354 0.65625 0.15625 0.65625 0.15625 0.5 0.3125 0.6104854 0.2667354 0.6104854 0.2667354 0.5 0.3125 0.3895146 0.2667354 0.5 0.3125 0.34375 0.15625 0.3895146 0.2667354 0.3895146 0.2667354 0.5 0 0.6104854 0.04576456 0.5 0 0.5 1 0.5 1 0.5 1 0.34375 0.84375 0.34375 0.84375 0.34375 0.84375 0.5 1 0.5 1 0.5 1 0.34375 0.84375 0.34375 0.84375 0.34375 0.84375 0.5 1 0.5 1 0.5 1 0.34375 0.84375 0.34375 0.84375 0.34375 0.84375 0.34375 0.84375 0.34375 0.84375 0.34375 0.84375 0.5 1 0.5 1 0.5 1 0.34375 0.84375 0.34375 0.84375 0.34375 0.84375 0.5 1 0.5 1 0.5 1 0.34375 0.84375 0.34375 0.84375 0.34375 0.84375 0.3895146 0.9542354 0.34375 0.84375 0.34375 0.84375 0.3895146 0.9542354 0.5 1 0.3895146 0.9542354 0.5 1 0.5 1 0.5 1 0.5 0.3125 0.5 0.6884399 0.5 0.6884399 0.5625 0.3125 0.5625 0.6884399 0.5625 0.3125 0.65625 0.15625 0.6104854 0.04576456 0.6104854 0.04576456 0.6104854 0.2667354 0.65625 0.15625 0.65625 0.15625 0.3895146 0.2667354 0.34375 0.15625 0.3895146 0.2667354 0.3895146 0.04576456 0.34375 0.15625 0.34375 0.15625 0.5 0 0.3895146 0.04576456 0.3895146 0.04576456 0.6104854 0.04576456 0.5 0 0.5 0 0.3895146 0.7332646 0.3895146 0.7332646 0.3895146 0.7332646 0.6104854 0.7332646 0.6104854 0.7332646 0.6104854 0.7332646 0.3895146 0.7332646 0.3895146 0.7332646 0.3895146 0.7332646 0.6104854 0.7332646 0.6104854 0.7332646 0.6104854 0.7332646 0.5 0.6875 0.3895146 0.7332646 0.5 0.6875 0.3895146 0.7332646 0.3895146 0.7332646 0.3895146 0.7332646 0.6104854 0.7332646 0.6104854 0.7332646 0.6104854 0.7332646 0.5 0.6875 0.6104854 0.7332646 0.6104854 0.7332646 0.6104854 0.7332646 0.6104854 0.7332646 0.6104854 0.7332646 0.3895146 0.7332646 0.3895146 0.7332646 0.3895146 0.7332646 0.4375 0.6884399 0.4375 0.3125 0.4375 0.3125 0.59375 0.3125 0.59375 0.6884399 0.59375 0.6884399 0.6104854 0.2667354 0.65625 0.15625 0.65625 0.15625 0.5 0.3125 0.6104854 0.2667354 0.6104854 0.2667354 0.3895146 0.2667354 0.5 0.3125 0.5 0.3125 0.34375 0.15625 0.3895146 0.2667354 0.3895146 0.2667354 0.3895146 0.04576456 0.34375 0.15625 0.34375 0.15625 0.3895146 0.9542354 0.3895146 0.9542354 0.3895146 0.9542354 0.65625 0.84375 0.65625 0.84375 0.65625 0.84375 0.3895146 0.9542354 0.3895146 0.9542354 0.3895146 0.9542354 0.65625 0.84375 0.65625 0.84375 0.65625 0.84375 0.3895146 0.9542354 0.3895146 0.9542354 0.3895146 0.9542354 0.65625 0.84375 0.65625 0.84375 0.65625 0.84375 0.3895146 0.9542354 0.3895146 0.9542354 0.3895146 0.9542354 0.65625 0.84375 0.65625 0.84375 0.65625 0.84375 0.3895146 0.9542354 0.3895146 0.9542354 0.3895146 0.9542354 0.65625 0.84375 0.65625 0.84375 0.65625 0.84375 0.3895146 0.9542354 0.3895146 0.9542354 0.3895146 0.9542354 0.5 1 0.3895146 0.9542354 0.3895146 0.9542354 0.5 1 0.6104854 0.9542354 0.5 1 0.65625 0.84375 0.6104854 0.9542354 0.6104854 0.9542354 0.65625 0.84375 0.65625 0.84375 0.65625 0.84375 0.375 0.3125 0.375 0.6884399 0.375 0.6884399 0.4375 0.3125 0.4375 0.6884399 0.4375 0.3125 0.6104854 0.04576456 0.65625 0.15625 0.6104854 0.04576456 0.65625 0.15625 0.6104854 0.2667354 0.65625 0.15625 0.6104854 0.2667354 0.5 0.3125 0.6104854 0.2667354 0.5 0.3125 0.3895146 0.2667354 0.5 0.3125 0.3895146 0.2667354 0.34375 0.15625 0.3895146 0.2667354 0.3895146 0.04576456 0.34375 0.15625 0.34375 0.15625 0.34375 0.84375 0.3895146 0.9542354 0.3895146 0.9542354 0.34375 0.84375 0.3895146 0.7332646 0.34375 0.84375 0.3895146 0.7332646 0.5 0.6875 0.3895146 0.7332646 0.6104854 0.7332646 0.5 0.6875 0.5 0.6875 0.65625 0.84375 0.6104854 0.7332646 0.6104854 0.7332646 0.65625 0.84375 0.6104854 0.9542354 0.65625 0.84375 0.6104854 0.9542354 0.6104854 0.9542354 0.6104854 0.9542354 0.3895146 0.9542354 0.3895146 0.9542354 0.3895146 0.9542354 0.6104854 0.9542354 0.6104854 0.9542354 0.6104854 0.9542354 0.3895146 0.9542354 0.3895146 0.9542354 0.3895146 0.9542354 0.6104854 0.9542354 0.6104854 0.9542354 0.6104854 0.9542354 0.3895146 0.9542354 0.3895146 0.9542354 0.3895146 0.9542354 0.3895146 0.9542354 0.3895146 0.9542354 0.3895146 0.9542354 0.6104854 0.9542354 0.6104854 0.9542354 0.6104854 0.9542354 0.3895146 0.9542354 0.3895146 0.9542354 0.3895146 0.9542354 0.6104854 0.9542354 0.6104854 0.9542354 0.6104854 0.9542354 0.3895146 0.9542354 0.3895146 0.9542354 0.3895146 0.9542354 0.6104854 0.9542354 0.6104854 0.9542354 0.6104854 0.9542354 0.3895146 0.9542354 0.3895146 0.9542354 0.3895146 0.9542354 0.6104854 0.9542354 0.6104854 0.9542354 0.6104854 0.9542354 0.6104854 0.7332646 0.65625 0.84375 0.6104854 0.7332646 0.65625 0.84375 0.65625 0.84375 0.65625 0.84375 0.6104854 0.7332646 0.65625 0.84375 0.65625 0.84375 0.6104854 0.7332646 0.5 0.6875 0.5 0.6875 0.6104854 0.7332646 0.5 0.6875 0.6104854 0.7332646 0.5 0.6875 0.5 0.6875 0.5 0.6875 0.5 1 0.3895146 0.9542354 0.5 1 0.3895146 0.9542354 0.3895146 0.9542354 0.3895146 0.9542354 0.5 1 0.3895146 0.9542354 0.3895146 0.9542354 0.5 1 0.6104854 0.9542354 0.6104854 0.9542354 0.5 1 0.6104854 0.9542354 0.5 1 0.6104854 0.9542354 0.6104854 0.9542354 0.6104854 0.9542354 0.5 0 0.6104854 0.04576456 0.5 0 0.5 0 0.3895146 0.04576456 0.3895146 0.04576456 0.3895146 0.04576456 0.34375 0.15625 0.34375 0.15625 0.34375 0.15625 0.3895146 0.2667354 0.3895146 0.2667354 0.3895146 0.2667354 0.5 0.3125 0.5 0.3125 0.6104854 0.2667354 0.5 0.3125 0.6104854 0.2667354 0.65625 0.15625 0.6104854 0.2667354 0.65625 0.15625 0.6104854 0.04576456 0.65625 0.15625 0.6104854 0.04576456 0.375 0.3125 0.40625 0.3125 0.40625 0.6884399 0.4375 0.3125 0.4375 0.6884399 0.40625 0.6884399 0.4375 0.3125 0.46875 0.3125 0.46875 0.6884399 0.5 0.3125 0.5 0.6884399 0.46875 0.6884399 0.5 0.3125 0.53125 0.3125 0.53125 0.6884399 0.5625 0.3125 0.5625 0.6884399 0.53125 0.6884399 0.5625 0.3125 0.59375 0.3125 0.59375 0.6884399 0.625 0.3125 0.625 0.6884399 0.59375 0.6884399 0.5 0 0.6104854 0.04576456 0.65625 0.15625 0.65625 0.15625 0.6104854 0.2667354 0.34375 0.15625 0.6104854 0.2667354 0.5 0.3125 0.3895146 0.2667354 0.34375 0.15625 0.6104854 0.2667354 0.3895146 0.2667354 0.34375 0.15625 0.3895146 0.04576456 0.5 0 0.65625 0.84375 0.6104854 0.9542354 0.5 1 0.5 1 0.3895146 0.9542354 0.65625 0.84375 0.3895146 0.9542354 0.34375 0.84375 0.65625 0.84375 0.34375 0.84375 0.3895146 0.7332646 0.5 0.6875 0.5 0.6875 0.6104854 0.7332646 0.65625 0.84375 0.5 1 0.5 1 0.6104854 0.9542354 0.5 1 0.3895146 0.9542354 0.3895146 0.9542354 0.3895146 0.9542354 0.34375 0.84375 0.34375 0.84375 0.34375 0.84375 0.3895146 0.7332646 0.3895146 0.7332646 0.3895146 0.7332646 0.5 0.6875 0.5 0.6875 0.6104854 0.7332646 0.6104854 0.7332646 0.5 0.6875 0.65625 0.84375 0.65625 0.84375 0.6104854 0.7332646 0.6104854 0.9542354 0.6104854 0.9542354 0.65625 0.84375 0.6104854 0.9542354 0.5 1 0.5 1 0.3895146 0.9542354 0.3895146 0.9542354 0.5 1 0.34375 0.84375 0.34375 0.84375 0.3895146 0.9542354 0.3895146 0.7332646 0.3895146 0.7332646 0.34375 0.84375 0.5 0.6875 0.5 0.6875 0.3895146 0.7332646 0.5 0.6875 0.6104854 0.7332646 0.6104854 0.7332646 0.6104854 0.7332646 0.65625 0.84375 0.65625 0.84375 0.65625 0.84375 0.6104854 0.9542354 0.6104854 0.9542354 0.6104854 0.9542354 0.5 1 0.5 1 0.3895146 0.9542354 0.3895146 0.9542354 0.5 1 0.3895146 0.9542354 0.34375 0.84375 0.34375 0.84375 0.3895146 0.7332646 0.3895146 0.7332646 0.34375 0.84375 0.5 0.6875 0.5 0.6875 0.3895146 0.7332646 0.5 0.6875 0.6104854 0.7332646 0.6104854 0.7332646 0.6104854 0.7332646 0.65625 0.84375 0.65625 0.84375 0.6104854 0.9542354 0.6104854 0.9542354 0.65625 0.84375 0.65625 0.84375 0.65625 0.84375 0.6104854 0.7332646 0.6104854 0.7332646 0.6104854 0.7332646 0.5 0.6875 0.3895146 0.7332646 0.5 0.6875 0.5 0.6875 0.34375 0.84375 0.3895146 0.7332646 0.3895146 0.7332646 0.3895146 0.9542354 0.34375 0.84375 0.34375 0.84375 0.5 1 0.3895146 0.9542354 0.3895146 0.9542354 0.5 1 0.5 1 0.6104854 0.9542354 0.6104854 0.9542354 0.6104854 0.9542354 0.65625 0.84375 0.375 0.3125 0.40625 0.3125 0.40625 0.4382487 0.4375 0.3125 0.4375 0.4382487 0.40625 0.4382487 0.46875 0.3125 0.46875 0.4382487 0.4375 0.4382487 0.5 0.3125 0.5 0.4382487 0.46875 0.4382487 0.5 0.3125 0.53125 0.3125 0.53125 0.4382487 0.53125 0.3125 0.5625 0.3125 0.5625 0.4382487 0.5625 0.3125 0.59375 0.3125 0.59375 0.4382487 0.59375 0.3125 0.625 0.3125 0.625 0.4382487 0.6104854 0.9542354 0.5 1 0.5 1 0.5 1 0.3895146 0.9542354 0.3895146 0.9542354 0.3895146 0.9542354 0.34375 0.84375 0.34375 0.84375 0.34375 0.84375 0.3895146 0.7332646 0.3895146 0.7332646 0.5 0.6875 0.5 0.6875 0.3895146 0.7332646 0.6104854 0.7332646 0.6104854 0.7332646 0.5 0.6875 0.65625 0.84375 0.65625 0.84375 0.6104854 0.7332646 0.6104854 0.9542354 0.6104854 0.9542354 0.65625 0.84375 0.59375 0.4382487 0.59375 0.5637217 0.5625 0.5637217 0.5625 0.4382487 0.5625 0.5637217 0.53125 0.5637217 0.5 0.4382487 0.53125 0.4382487 0.53125 0.5637217 0.46875 0.4382487 0.5 0.4382487 0.5 0.5637217 0.4375 0.4382487 0.46875 0.4382487 0.46875 0.5637217 0.40625 0.4382487 0.4375 0.4382487 0.4375 0.5637217 0.40625 0.4382487 0.40625 0.5637217 0.375 0.5637217 0.625 0.4382487 0.625 0.5637217 0.59375 0.5637217 0.5625 0.5637217 0.59375 0.5637217 0.59375 0.6884399 0.53125 0.5637217 0.5625 0.5637217 0.5625 0.6884399 0.5 0.5637217 0.53125 0.5637217 0.53125 0.6884399 0.5 0.5637217 0.5 0.6884399 0.46875 0.6884399 0.46875 0.5637217 0.46875 0.6884399 0.4375 0.6884399 0.4375 0.5637217 0.4375 0.6884399 0.40625 0.6884399 0.40625 0.5637217 0.40625 0.6884399 0.375 0.6884399 0.59375 0.5637217 0.625 0.5637217 0.625 0.6884399 0.3895146 0.7332646 0.3895146 0.7332646 0.34375 0.84375 0.34375 0.84375 0.34375 0.84375 0.3895146 0.9542354 0.3895146 0.9542354 0.3895146 0.9542354 0.5 1 0.6104854 0.9542354 0.5 1 0.5 1 0.65625 0.84375 0.6104854 0.9542354 0.6104854 0.9542354 0.6104854 0.7332646 0.65625 0.84375 0.65625 0.84375 0.5 0.6875 0.6104854 0.7332646 0.6104854 0.7332646 0.5 0.6875 0.5 0.6875 0.3895146 0.7332646 0.375 0.3125 0.40625 0.3125 0.40625 0.6884399 0.4375 0.3125 0.4375 0.6884399 0.40625 0.6884399 0.46875 0.3125 0.46875 0.6884399 0.4375 0.6884399 0.5 0.3125 0.5 0.6884399 0.46875 0.6884399 0.53125 0.3125 0.53125 0.6884399 0.5 0.6884399 0.53125 0.3125 0.5625 0.3125 0.5625 0.6884399 0.5625 0.3125 0.59375 0.3125 0.59375 0.6884399 0.59375 0.3125 0.625 0.3125 0.625 0.6884399 0.5 0 0.6104854 0.04576456 0.3895146 0.04576456 0.6104854 0.04576456 0.65625 0.15625 0.3895146 0.04576456 0.65625 0.15625 0.6104854 0.2667354 0.5 0.3125 0.5 0.3125 0.3895146 0.2667354 0.34375 0.15625 0.34375 0.15625 0.3895146 0.04576456 0.65625 0.15625 0.65625 0.84375 0.6104854 0.9542354 0.5 1 0.5 1 0.3895146 0.9542354 0.34375 0.84375 0.34375 0.84375 0.3895146 0.7332646 0.5 0.6875 0.5 0.6875 0.6104854 0.7332646 0.65625 0.84375 0.65625 0.84375 0.5 1 0.34375 0.84375 0.6104854 0.9542354 0.5 1 0.5 1 0.3895146 0.9542354 0.3895146 0.9542354 0.5 1 0.34375 0.84375 0.34375 0.84375 0.3895146 0.9542354 0.3895146 0.7332646 0.3895146 0.7332646 0.34375 0.84375 0.5 0.6875 0.5 0.6875 0.3895146 0.7332646 0.5 0.6875 0.6104854 0.7332646 0.6104854 0.7332646 0.6104854 0.7332646 0.65625 0.84375 0.65625 0.84375 0.65625 0.84375 0.6104854 0.9542354 0.6104854 0.9542354 0.5 1 0.5 1 0.6104854 0.9542354 0.5 1 0.3895146 0.9542354 0.3895146 0.9542354 0.3895146 0.9542354 0.34375 0.84375 0.34375 0.84375 0.34375 0.84375 0.3895146 0.7332646 0.3895146 0.7332646 0.3895146 0.7332646 0.5 0.6875 0.5 0.6875 0.6104854 0.7332646 0.6104854 0.7332646 0.5 0.6875 0.65625 0.84375 0.65625 0.84375 0.6104854 0.7332646 0.6104854 0.9542354 0.6104854 0.9542354 0.65625 0.84375 0.6104854 0.7332646 0.65625 0.84375 0.65625 0.84375 0.5 0.6875 0.6104854 0.7332646 0.6104854 0.7332646 0.5 0.6875 0.5 0.6875 0.3895146 0.7332646 0.3895146 0.7332646 0.3895146 0.7332646 0.34375 0.84375 0.34375 0.84375 0.34375 0.84375 0.3895146 0.9542354 0.3895146 0.9542354 0.3895146 0.9542354 0.5 1 0.6104854 0.9542354 0.5 1 0.5 1 0.65625 0.84375 0.6104854 0.9542354 0.6104854 0.9542354 0.65625 0.84375 0.65625 0.84375 0.6104854 0.7332646 0.6104854 0.7332646 0.6104854 0.7332646 0.5 0.6875 0.3895146 0.7332646 0.5 0.6875 0.5 0.6875 0.34375 0.84375 0.3895146 0.7332646 0.3895146 0.7332646 0.3895146 0.9542354 0.34375 0.84375 0.34375 0.84375 0.5 1 0.3895146 0.9542354 0.3895146 0.9542354 0.5 1 0.5 1 0.6104854 0.9542354 0.6104854 0.9542354 0.6104854 0.9542354 0.65625 0.84375 0.375 0.3125 0.40625 0.3125 0.40625 0.6884399 0.4375 0.3125 0.4375 0.6884399 0.40625 0.6884399 0.46875 0.3125 0.46875 0.6884399 0.4375 0.6884399 0.5 0.3125 0.5 0.6884399 0.46875 0.6884399 0.53125 0.3125 0.53125 0.6884399 0.5 0.6884399 0.53125 0.3125 0.5625 0.3125 0.5625 0.6884399 0.5625 0.3125 0.59375 0.3125 0.59375 0.6884399 0.625 0.3125 0.625 0.6884399 0.59375 0.6884399 0.5 0 0.6104854 0.04576456 0.3895146 0.04576456 0.6104854 0.04576456 0.65625 0.15625 0.34375 0.15625 0.65625 0.15625 0.6104854 0.2667354 0.5 0.3125 0.5 0.3125 0.3895146 0.2667354 0.34375 0.15625 0.34375 0.15625 0.3895146 0.04576456 0.6104854 0.04576456 0.65625 0.84375 0.6104854 0.9542354 0.3895146 0.9542354 0.6104854 0.9542354 0.5 1 0.3895146 0.9542354 0.3895146 0.9542354 0.34375 0.84375 0.3895146 0.7332646 0.5 0.6875 0.6104854 0.7332646 0.3895146 0.9542354 0.6104854 0.7332646 0.65625 0.84375 0.3895146 0.9542354 0.6104854 0.9542354 0.5 1 0.5 1 0.3895146 0.9542354 0.3895146 0.9542354 0.5 1 0.34375 0.84375 0.34375 0.84375 0.3895146 0.9542354 0.3895146 0.7332646 0.3895146 0.7332646 0.34375 0.84375 0.5 0.6875 0.5 0.6875 0.3895146 0.7332646 0.5 0.6875 0.6104854 0.7332646 0.6104854 0.7332646 0.6104854 0.7332646 0.65625 0.84375 0.65625 0.84375 0.65625 0.84375 0.6104854 0.9542354 0.6104854 0.9542354 0.5 1 0.5 1 0.6104854 0.9542354 0.5 1 0.3895146 0.9542354 0.3895146 0.9542354 0.3895146 0.9542354 0.34375 0.84375 0.34375 0.84375 0.34375 0.84375 0.3895146 0.7332646 0.3895146 0.7332646 0.3895146 0.7332646 0.5 0.6875 0.5 0.6875 0.6104854 0.7332646 0.6104854 0.7332646 0.5 0.6875 0.65625 0.84375 0.65625 0.84375 0.6104854 0.7332646 0.6104854 0.9542354 0.6104854 0.9542354 0.65625 0.84375 0.5 1 0.5 1 0.6104854 0.9542354 0.5 1 0.3895146 0.9542354 0.3895146 0.9542354 0.3895146 0.9542354 0.34375 0.84375 0.34375 0.84375 0.34375 0.84375 0.3895146 0.7332646 0.3895146 0.7332646 0.3895146 0.7332646 0.5 0.6875 0.5 0.6875 0.6104854 0.7332646 0.6104854 0.7332646 0.5 0.6875 0.65625 0.84375 0.65625 0.84375 0.6104854 0.7332646 0.6104854 0.9542354 0.6104854 0.9542354 0.65625 0.84375 0.65625 0.84375 0.65625 0.84375 0.6104854 0.7332646 0.6104854 0.7332646 0.6104854 0.7332646 0.5 0.6875 0.3895146 0.7332646 0.5 0.6875 0.5 0.6875 0.34375 0.84375 0.3895146 0.7332646 0.3895146 0.7332646 0.3895146 0.9542354 0.34375 0.84375 0.34375 0.84375 0.5 1 0.3895146 0.9542354 0.3895146 0.9542354 0.5 1 0.5 1 0.6104854 0.9542354 0.6104854 0.9542354 0.6104854 0.9542354 0.65625 0.84375 0.6104854 0.7332646 0.65625 0.84375 0.65625 0.84375 0.5 0.6875 0.6104854 0.7332646 0.6104854 0.7332646 0.5 0.6875 0.5 0.6875 0.3895146 0.7332646 0.3895146 0.7332646 0.3895146 0.7332646 0.34375 0.84375 0.34375 0.84375 0.34375 0.84375 0.3895146 0.9542354 0.3895146 0.9542354 0.3895146 0.9542354 0.5 1 0.6104854 0.9542354 0.5 1 0.5 1 0.65625 0.84375 0.6104854 0.9542354 0.6104854 0.9542354 0.5 0.6875 0.6104854 0.7332646 0.6104854 0.7332646 0.5 0.6875 0.5 0.6875 0.3895146 0.7332646 0.3895146 0.7332646 0.3895146 0.7332646 0.34375 0.84375 0.34375 0.84375 0.34375 0.84375 0.3895146 0.9542354 0.3895146 0.9542354 0.3895146 0.9542354 0.5 1 0.6104854 0.9542354 0.5 1 0.5 1 0.65625 0.84375 0.6104854 0.9542354 0.6104854 0.9542354 0.6104854 0.7332646 0.65625 0.84375 0.65625 0.84375 0.375 0.3125 0.40625 0.3125 0.40625 0.6884399 0.4375 0.3125 0.4375 0.6884399 0.40625 0.6884399 0.4375 0.3125 0.46875 0.3125 0.46875 0.6884399 0.46875 0.3125 0.5 0.3125 0.5 0.6884399 0.53125 0.3125 0.53125 0.6884399 0.5 0.6884399 0.53125 0.3125 0.5625 0.3125 0.5625 0.6884399 0.59375 0.3125 0.59375 0.6884399 0.5625 0.6884399 0.625 0.3125 0.625 0.6884399 0.59375 0.6884399 0.5 0 0.6104854 0.04576456 0.65625 0.15625 0.65625 0.15625 0.6104854 0.2667354 0.5 0.3125 0.5 0.3125 0.3895146 0.2667354 0.5 0 0.3895146 0.2667354 0.34375 0.15625 0.5 0 0.34375 0.15625 0.3895146 0.04576456 0.5 0 0.65625 0.84375 0.6104854 0.9542354 0.5 1 0.5 1 0.3895146 0.9542354 0.65625 0.84375 0.3895146 0.9542354 0.34375 0.84375 0.65625 0.84375 0.34375 0.84375 0.3895146 0.7332646 0.5 0.6875 0.5 0.6875 0.6104854 0.7332646 0.65625 0.84375 0.5 1 0.5 1 0.6104854 0.9542354 0.5 1 0.3895146 0.9542354 0.3895146 0.9542354 0.3895146 0.9542354 0.34375 0.84375 0.34375 0.84375 0.34375 0.84375 0.3895146 0.7332646 0.3895146 0.7332646 0.3895146 0.7332646 0.5 0.6875 0.5 0.6875 0.6104854 0.7332646 0.6104854 0.7332646 0.5 0.6875 0.65625 0.84375 0.65625 0.84375 0.6104854 0.7332646 0.6104854 0.9542354 0.6104854 0.9542354 0.65625 0.84375 0.5 1 0.5 1 0.6104854 0.9542354 0.5 1 0.3895146 0.9542354 0.3895146 0.9542354 0.3895146 0.9542354 0.34375 0.84375 0.34375 0.84375 0.34375 0.84375 0.3895146 0.7332646 0.3895146 0.7332646 0.3895146 0.7332646 0.5 0.6875 0.5 0.6875 0.6104854 0.7332646 0.6104854 0.7332646 0.5 0.6875 0.65625 0.84375 0.65625 0.84375 0.6104854 0.7332646 0.6104854 0.9542354 0.6104854 0.9542354 0.65625 0.84375 0.5 1 0.5 1 0.6104854 0.9542354 0.5 1 0.3895146 0.9542354 0.3895146 0.9542354 0.3895146 0.9542354 0.34375 0.84375 0.34375 0.84375 0.3895146 0.7332646 0.3895146 0.7332646 0.34375 0.84375 0.5 0.6875 0.5 0.6875 0.3895146 0.7332646 0.5 0.6875 0.6104854 0.7332646 0.6104854 0.7332646 0.6104854 0.7332646 0.65625 0.84375 0.65625 0.84375 0.6104854 0.9542354 0.6104854 0.9542354 0.65625 0.84375 0.6104854 0.7332646 0.65625 0.84375 0.65625 0.84375 0.5 0.6875 0.6104854 0.7332646 0.6104854 0.7332646 0.5 0.6875 0.5 0.6875 0.3895146 0.7332646 0.3895146 0.7332646 0.3895146 0.7332646 0.34375 0.84375 0.34375 0.84375 0.34375 0.84375 0.3895146 0.9542354 0.3895146 0.9542354 0.3895146 0.9542354 0.5 1 0.6104854 0.9542354 0.5 1 0.5 1 0.65625 0.84375 0.6104854 0.9542354 0.6104854 0.9542354 0.6104854 0.7332646 0.6104854 0.7332646 0.5 0.6875 0.3895146 0.7332646 0.5 0.6875 0.5 0.6875 0.34375 0.84375 0.3895146 0.7332646 0.3895146 0.7332646 0.3895146 0.9542354 0.34375 0.84375 0.34375 0.84375 0.5 1 0.3895146 0.9542354 0.3895146 0.9542354 0.5 1 0.5 1 0.6104854 0.9542354 0.6104854 0.9542354 0.6104854 0.9542354 0.65625 0.84375 0.65625 0.84375 0.65625 0.84375 0.6104854 0.7332646 0.6104854 0.7332646 0.65625 0.84375 0.65625 0.84375 0.5 0.6875 0.6104854 0.7332646 0.6104854 0.7332646 0.5 0.6875 0.5 0.6875 0.3895146 0.7332646 0.3895146 0.7332646 0.3895146 0.7332646 0.34375 0.84375 0.34375 0.84375 0.34375 0.84375 0.3895146 0.9542354 0.5 1 0.3895146 0.9542354 0.3895146 0.9542354 0.5 1 0.5 1 0.6104854 0.9542354 0.65625 0.84375 0.6104854 0.9542354 0.6104854 0.9542354 0.375 0.3125 0.40625 0.3125 0.40625 0.6884399 0.4375 0.3125 0.4375 0.6884399 0.40625 0.6884399 0.4375 0.3125 0.46875 0.3125 0.46875 0.6884399 0.46875 0.3125 0.5 0.3125 0.5 0.6884399 0.5 0.3125 0.53125 0.3125 0.53125 0.6884399 0.5625 0.3125 0.5625 0.6884399 0.53125 0.6884399 0.5625 0.3125 0.59375 0.3125 0.59375 0.6884399 0.625 0.3125 0.625 0.6884399 0.59375 0.6884399 0.5 0 0.6104854 0.04576456 0.65625 0.15625 0.65625 0.15625 0.6104854 0.2667354 0.5 0.3125 0.5 0.3125 0.3895146 0.2667354 0.34375 0.15625 0.34375 0.15625 0.3895146 0.04576456 0.5 0 0.5 0 0.65625 0.15625 0.34375 0.15625 0.65625 0.84375 0.6104854 0.9542354 0.6104854 0.7332646 0.6104854 0.9542354 0.5 1 0.6104854 0.7332646 0.5 1 0.3895146 0.9542354 0.3895146 0.7332646 0.3895146 0.9542354 0.34375 0.84375 0.3895146 0.7332646 0.3895146 0.7332646 0.5 0.6875 0.5 1 0.6104854 0.9542354 0.5 1 0.5 1 0.3895146 0.9542354 0.3895146 0.9542354 0.5 1 0.34375 0.84375 0.34375 0.84375 0.3895146 0.9542354 0.3895146 0.7332646 0.3895146 0.7332646 0.34375 0.84375 0.5 0.6875 0.5 0.6875 0.3895146 0.7332646 0.5 0.6875 0.6104854 0.7332646 0.6104854 0.7332646 0.6104854 0.7332646 0.65625 0.84375 0.65625 0.84375 0.65625 0.84375 0.6104854 0.9542354 0.6104854 0.9542354 0.5 1 0.5 1 0.6104854 0.9542354 0.5 1 0.3895146 0.9542354 0.3895146 0.9542354 0.3895146 0.9542354 0.34375 0.84375 0.34375 0.84375 0.34375 0.84375 0.3895146 0.7332646 0.3895146 0.7332646 0.3895146 0.7332646 0.5 0.6875 0.5 0.6875 0.6104854 0.7332646 0.6104854 0.7332646 0.5 0.6875 0.65625 0.84375 0.65625 0.84375 0.6104854 0.7332646 0.6104854 0.9542354 0.6104854 0.9542354 0.65625 0.84375 0.65625 0.84375 0.65625 0.84375 0.6104854 0.7332646 0.5 0.6875 0.6104854 0.7332646 0.6104854 0.7332646 0.5 0.6875 0.5 0.6875 0.3895146 0.7332646 0.34375 0.84375 0.3895146 0.7332646 0.3895146 0.7332646 0.3895146 0.9542354 0.34375 0.84375 0.34375 0.84375 0.5 1 0.3895146 0.9542354 0.3895146 0.9542354 0.5 1 0.5 1 0.6104854 0.9542354 0.6104854 0.9542354 0.6104854 0.9542354 0.65625 0.84375 0.65625 0.84375 0.65625 0.84375 0.6104854 0.7332646 0.6104854 0.7332646 0.6104854 0.7332646 0.5 0.6875 0.3895146 0.7332646 0.5 0.6875 0.5 0.6875 0.34375 0.84375 0.3895146 0.7332646 0.3895146 0.7332646 0.3895146 0.9542354 0.34375 0.84375 0.34375 0.84375 0.5 1 0.3895146 0.9542354 0.3895146 0.9542354 0.5 1 0.5 1 0.6104854 0.9542354 0.6104854 0.9542354 0.6104854 0.9542354 0.65625 0.84375 0.40625 0.3125 0.40625 0.6884399 0.375 0.6884399 0.40625 0.3125 0.4375 0.3125 0.4375 0.6884399 0.46875 0.3125 0.46875 0.6884399 0.4375 0.6884399 0.5 0.3125 0.5 0.6884399 0.46875 0.6884399 0.53125 0.3125 0.53125 0.6884399 0.5 0.6884399 0.53125 0.3125 0.5625 0.3125 0.5625 0.6884399 0.5625 0.3125 0.59375 0.3125 0.59375 0.6884399 0.625 0.3125 0.625 0.6884399 0.59375 0.6884399 0.5 0 0.6104854 0.04576456 0.5 0.3125 0.6104854 0.04576456 0.65625 0.15625 0.5 0.3125 0.65625 0.15625 0.6104854 0.2667354 0.5 0.3125 0.5 0.3125 0.3895146 0.2667354 0.34375 0.15625 0.34375 0.15625 0.3895146 0.04576456 0.5 0.3125 0.5 1 0.5 1 0.6104854 0.9542354 0.5 1 0.3895146 0.9542354 0.3895146 0.9542354 0.3895146 0.9542354 0.34375 0.84375 0.34375 0.84375 0.34375 0.84375 0.3895146 0.7332646 0.3895146 0.7332646 0.3895146 0.7332646 0.5 0.6875 0.5 0.6875 0.6104854 0.7332646 0.6104854 0.7332646 0.5 0.6875 0.65625 0.84375 0.65625 0.84375 0.6104854 0.7332646 0.6104854 0.9542354 0.6104854 0.9542354 0.65625 0.84375 0.5 1 0.5 1 0.6104854 0.9542354 0.5 1 0.3895146 0.9542354 0.3895146 0.9542354 0.3895146 0.9542354 0.34375 0.84375 0.34375 0.84375 0.34375 0.84375 0.3895146 0.7332646 0.3895146 0.7332646 0.3895146 0.7332646 0.5 0.6875 0.5 0.6875 0.6104854 0.7332646 0.6104854 0.7332646 0.5 0.6875 0.65625 0.84375 0.65625 0.84375 0.6104854 0.7332646 0.6104854 0.9542354 0.6104854 0.9542354 0.65625 0.84375 0.6104854 0.7332646 0.65625 0.84375 0.65625 0.84375 0.5 0.6875 0.6104854 0.7332646 0.6104854 0.7332646 0.5 0.6875 0.5 0.6875 0.3895146 0.7332646 0.3895146 0.7332646 0.3895146 0.7332646 0.34375 0.84375 0.34375 0.84375 0.34375 0.84375 0.3895146 0.9542354 0.3895146 0.9542354 0.3895146 0.9542354 0.5 1 0.6104854 0.9542354 0.5 1 0.5 1 0.65625 0.84375 0.6104854 0.9542354 0.6104854 0.9542354 0.6104854 0.7332646 0.65625 0.84375 0.65625 0.84375 0.5 0.6875 0.6104854 0.7332646 0.6104854 0.7332646 0.5 0.6875 0.5 0.6875 0.3895146 0.7332646 0.3895146 0.7332646 0.3895146 0.7332646 0.34375 0.84375 0.34375 0.84375 0.34375 0.84375 0.3895146 0.9542354 0.3895146 0.9542354 0.3895146 0.9542354 0.5 1 0.6104854 0.9542354 0.5 1 0.5 1 0.65625 0.84375 0.6104854 0.9542354 0.6104854 0.9542354 0.6104854 0.7332646 0.65625 0.84375 0.65625 0.84375 0.5 0.6875 0.6104854 0.7332646 0.6104854 0.7332646 0.5 0.6875 0.5 0.6875 0.3895146 0.7332646 0.3895146 0.7332646 0.3895146 0.7332646 0.34375 0.84375 0.34375 0.84375 0.34375 0.84375 0.3895146 0.9542354 0.3895146 0.9542354 0.3895146 0.9542354 0.5 1 0.6104854 0.9542354 0.5 1 0.5 1 0.65625 0.84375 0.6104854 0.9542354 0.6104854 0.9542354 0.6104854 0.9542354 0.5 1 0.3895146 0.9542354 0.3895146 0.9542354 0.34375 0.84375 0.3895146 0.7332646 0.3895146 0.7332646 0.5 0.6875 0.6104854 0.9542354 0.5 0.6875 0.6104854 0.7332646 0.6104854 0.9542354 0.6104854 0.7332646 0.65625 0.84375 0.6104854 0.9542354 0.375 0.3125 0.40625 0.3125 0.40625 0.6884399 0.4375 0.3125 0.4375 0.6884399 0.40625 0.6884399 0.4375 0.3125 0.46875 0.3125 0.46875 0.6884399 0.5 0.3125 0.5 0.6884399 0.46875 0.6884399 0.53125 0.3125 0.53125 0.6884399 0.5 0.6884399 0.53125 0.3125 0.5625 0.3125 0.5625 0.6884399 0.59375 0.3125 0.59375 0.6884399 0.5625 0.6884399 0.625 0.3125 0.625 0.6884399 0.59375 0.6884399 0.5 0 0.6104854 0.04576456 0.3895146 0.04576456 0.6104854 0.04576456 0.65625 0.15625 0.5 0.3125 0.65625 0.15625 0.6104854 0.2667354 0.5 0.3125 0.5 0.3125 0.3895146 0.2667354 0.6104854 0.04576456 0.3895146 0.2667354 0.34375 0.15625 0.3895146 0.04576456 0.65625 0.84375 0.6104854 0.9542354 0.5 1 0.5 1 0.3895146 0.9542354 0.65625 0.84375 0.3895146 0.9542354 0.34375 0.84375 0.65625 0.84375 0.34375 0.84375 0.3895146 0.7332646 0.65625 0.84375 0.3895146 0.7332646 0.5 0.6875 0.65625 0.84375 0.5 1 0.5 1 0.6104854 0.9542354 0.5 1 0.3895146 0.9542354 0.3895146 0.9542354 0.3895146 0.9542354 0.34375 0.84375 0.34375 0.84375 0.34375 0.84375 0.3895146 0.7332646 0.3895146 0.7332646 0.3895146 0.7332646 0.5 0.6875 0.5 0.6875 0.6104854 0.7332646 0.6104854 0.7332646 0.5 0.6875 0.65625 0.84375 0.65625 0.84375 0.6104854 0.7332646 0.6104854 0.9542354 0.6104854 0.9542354 0.65625 0.84375 0.6104854 0.9542354 0.5 1 0.5 1 0.3895146 0.9542354 0.3895146 0.9542354 0.5 1 0.34375 0.84375 0.34375 0.84375 0.3895146 0.9542354 0.3895146 0.7332646 0.3895146 0.7332646 0.34375 0.84375 0.5 0.6875 0.5 0.6875 0.3895146 0.7332646 0.5 0.6875 0.6104854 0.7332646 0.6104854 0.7332646 0.6104854 0.7332646 0.65625 0.84375 0.65625 0.84375 0.65625 0.84375 0.6104854 0.9542354 0.6104854 0.9542354 0.6104854 0.9542354 0.5 1 0.5 1 0.3895146 0.9542354 0.3895146 0.9542354 0.5 1 0.34375 0.84375 0.34375 0.84375 0.3895146 0.9542354 0.3895146 0.7332646 0.3895146 0.7332646 0.34375 0.84375 0.3895146 0.7332646 0.5 0.6875 0.5 0.6875 0.6104854 0.7332646 0.6104854 0.7332646 0.5 0.6875 0.65625 0.84375 0.65625 0.84375 0.6104854 0.7332646 0.6104854 0.9542354 0.6104854 0.9542354 0.65625 0.84375 0.65625 0.84375 0.65625 0.84375 0.6104854 0.7332646 0.6104854 0.7332646 0.6104854 0.7332646 0.5 0.6875 0.3895146 0.7332646 0.5 0.6875 0.5 0.6875 0.34375 0.84375 0.3895146 0.7332646 0.3895146 0.7332646 0.3895146 0.9542354 0.34375 0.84375 0.34375 0.84375 0.5 1 0.3895146 0.9542354 0.3895146 0.9542354 0.5 1 0.5 1 0.6104854 0.9542354 0.6104854 0.9542354 0.6104854 0.9542354 0.65625 0.84375 0.375 0.3125 0.40625 0.3125 0.40625 0.6884399 0.4375 0.3125 0.4375 0.6884399 0.40625 0.6884399 0.4375 0.3125 0.46875 0.3125 0.46875 0.6884399 0.46875 0.3125 0.5 0.3125 0.5 0.6884399 0.5 0.3125 0.53125 0.3125 0.53125 0.6884399 0.5625 0.3125 0.5625 0.6884399 0.53125 0.6884399 0.59375 0.3125 0.59375 0.6884399 0.5625 0.6884399 0.625 0.3125 0.625 0.6884399 0.59375 0.6884399 0.5 0 0.6104854 0.04576456 0.65625 0.15625 0.65625 0.15625 0.6104854 0.2667354 0.3895146 0.2667354 0.6104854 0.2667354 0.5 0.3125 0.3895146 0.2667354 0.3895146 0.2667354 0.34375 0.15625 0.65625 0.15625 0.34375 0.15625 0.3895146 0.04576456 0.5 0 0.65625 0.84375 0.6104854 0.9542354 0.5 1 0.5 1 0.3895146 0.9542354 0.34375 0.84375 0.34375 0.84375 0.3895146 0.7332646 0.65625 0.84375 0.3895146 0.7332646 0.5 0.6875 0.6104854 0.7332646 0.65625 0.84375 0.3895146 0.7332646 0.6104854 0.7332646 0.5 1 0.5 1 0.6104854 0.9542354 0.5 1 0.3895146 0.9542354 0.3895146 0.9542354 0.3895146 0.9542354 0.34375 0.84375 0.34375 0.84375 0.34375 0.84375 0.3895146 0.7332646 0.3895146 0.7332646 0.3895146 0.7332646 0.5 0.6875 0.5 0.6875 0.6104854 0.7332646 0.6104854 0.7332646 0.5 0.6875 0.65625 0.84375 0.65625 0.84375 0.6104854 0.7332646 0.6104854 0.9542354 0.6104854 0.9542354 0.65625 0.84375 0.5 1 0.5 1 0.6104854 0.9542354 0.5 1 0.3895146 0.9542354 0.3895146 0.9542354 0.3895146 0.9542354 0.34375 0.84375 0.34375 0.84375 0.34375 0.84375 0.3895146 0.7332646 0.3895146 0.7332646 0.3895146 0.7332646 0.5 0.6875 0.5 0.6875 0.6104854 0.7332646 0.6104854 0.7332646 0.5 0.6875 0.65625 0.84375 0.65625 0.84375 0.6104854 0.7332646 0.6104854 0.9542354 0.6104854 0.9542354 0.65625 0.84375 0.6104854 0.9542354 0.5 1 0.5 1 0.5 1 0.3895146 0.9542354 0.3895146 0.9542354 0.3895146 0.9542354 0.34375 0.84375 0.34375 0.84375 0.3895146 0.7332646 0.3895146 0.7332646 0.34375 0.84375 0.5 0.6875 0.5 0.6875 0.3895146 0.7332646 0.5 0.6875 0.6104854 0.7332646 0.6104854 0.7332646 0.6104854 0.7332646 0.65625 0.84375 0.65625 0.84375 0.6104854 0.9542354 0.6104854 0.9542354 0.65625 0.84375 0.6104854 0.7332646 0.65625 0.84375 0.65625 0.84375 0.5 0.6875 0.6104854 0.7332646 0.6104854 0.7332646 0.5 0.6875 0.5 0.6875 0.3895146 0.7332646 0.3895146 0.7332646 0.3895146 0.7332646 0.34375 0.84375 0.34375 0.84375 0.34375 0.84375 0.3895146 0.9542354 0.3895146 0.9542354 0.3895146 0.9542354 0.5 1 0.6104854 0.9542354 0.5 1 0.5 1 0.65625 0.84375 0.6104854 0.9542354 0.6104854 0.9542354 0.6104854 0.7332646 0.6104854 0.7332646 0.5 0.6875 0.3895146 0.7332646 0.5 0.6875 0.5 0.6875 0.34375 0.84375 0.3895146 0.7332646 0.3895146 0.7332646 0.3895146 0.9542354 0.34375 0.84375 0.34375 0.84375 0.5 1 0.3895146 0.9542354 0.3895146 0.9542354 0.5 1 0.5 1 0.6104854 0.9542354 0.6104854 0.9542354 0.6104854 0.9542354 0.65625 0.84375 0.65625 0.84375 0.65625 0.84375 0.6104854 0.7332646 0.6104854 0.7332646 0.65625 0.84375 0.65625 0.84375 0.5 0.6875 0.6104854 0.7332646 0.6104854 0.7332646 0.5 0.6875 0.5 0.6875 0.3895146 0.7332646 0.3895146 0.7332646 0.3895146 0.7332646 0.34375 0.84375 0.34375 0.84375 0.34375 0.84375 0.3895146 0.9542354 0.5 1 0.3895146 0.9542354 0.3895146 0.9542354 0.5 1 0.5 1 0.6104854 0.9542354 0.65625 0.84375 0.6104854 0.9542354 0.6104854 0.9542354 0.40625 0.3125 0.40625 0.6884399 0.375 0.6884399 0.40625 0.3125 0.4375 0.3125 0.4375 0.6884399 0.4375 0.3125 0.46875 0.3125 0.46875 0.6884399 0.5 0.3125 0.5 0.6884399 0.46875 0.6884399 0.53125 0.3125 0.53125 0.6884399 0.5 0.6884399 0.5625 0.3125 0.5625 0.6884399 0.53125 0.6884399 0.5625 0.3125 0.59375 0.3125 0.59375 0.6884399 0.625 0.3125 0.625 0.6884399 0.59375 0.6884399 0.5 0 0.6104854 0.04576456 0.5 0.3125 0.6104854 0.04576456 0.65625 0.15625 0.5 0.3125 0.65625 0.15625 0.6104854 0.2667354 0.5 0.3125 0.5 0.3125 0.3895146 0.2667354 0.34375 0.15625 0.34375 0.15625 0.3895146 0.04576456 0.5 0.3125 0.5 1 0.5 1 0.6104854 0.9542354 0.5 1 0.3895146 0.9542354 0.3895146 0.9542354 0.3895146 0.9542354 0.34375 0.84375 0.34375 0.84375 0.34375 0.84375 0.3895146 0.7332646 0.3895146 0.7332646 0.3895146 0.7332646 0.5 0.6875 0.5 0.6875 0.6104854 0.7332646 0.6104854 0.7332646 0.5 0.6875 0.65625 0.84375 0.65625 0.84375 0.6104854 0.7332646 0.6104854 0.9542354 0.6104854 0.9542354 0.65625 0.84375 0.5 1 0.5 1 0.6104854 0.9542354 0.5 1 0.3895146 0.9542354 0.3895146 0.9542354 0.3895146 0.9542354 0.34375 0.84375 0.34375 0.84375 0.34375 0.84375 0.3895146 0.7332646 0.3895146 0.7332646 0.3895146 0.7332646 0.5 0.6875 0.5 0.6875 0.6104854 0.7332646 0.6104854 0.7332646 0.5 0.6875 0.65625 0.84375 0.65625 0.84375 0.6104854 0.7332646 0.6104854 0.9542354 0.6104854 0.9542354 0.65625 0.84375 0.6104854 0.7332646 0.65625 0.84375 0.65625 0.84375 0.5 0.6875 0.6104854 0.7332646 0.6104854 0.7332646 0.5 0.6875 0.5 0.6875 0.3895146 0.7332646 0.3895146 0.7332646 0.3895146 0.7332646 0.34375 0.84375 0.34375 0.84375 0.34375 0.84375 0.3895146 0.9542354 0.3895146 0.9542354 0.3895146 0.9542354 0.5 1 0.6104854 0.9542354 0.5 1 0.5 1 0.65625 0.84375 0.6104854 0.9542354 0.6104854 0.9542354 0.6104854 0.7332646 0.65625 0.84375 0.65625 0.84375 0.5 0.6875 0.6104854 0.7332646 0.6104854 0.7332646 0.5 0.6875 0.5 0.6875 0.3895146 0.7332646 0.3895146 0.7332646 0.3895146 0.7332646 0.34375 0.84375 0.34375 0.84375 0.34375 0.84375 0.3895146 0.9542354 0.3895146 0.9542354 0.3895146 0.9542354 0.5 1 0.6104854 0.9542354 0.5 1 0.5 1 0.65625 0.84375 0.6104854 0.9542354 0.6104854 0.9542354 0.6104854 0.7332646 0.65625 0.84375 0.65625 0.84375 0.5 0.6875 0.6104854 0.7332646 0.6104854 0.7332646 0.5 0.6875 0.5 0.6875 0.3895146 0.7332646 0.3895146 0.7332646 0.3895146 0.7332646 0.34375 0.84375 0.34375 0.84375 0.34375 0.84375 0.3895146 0.9542354 0.3895146 0.9542354 0.3895146 0.9542354 0.5 1 0.6104854 0.9542354 0.5 1 0.5 1 0.65625 0.84375 0.6104854 0.9542354 0.6104854 0.9542354 0.6104854 0.9542354 0.5 1 0.3895146 0.9542354 0.3895146 0.9542354 0.34375 0.84375 0.6104854 0.9542354 0.34375 0.84375 0.3895146 0.7332646 0.6104854 0.9542354 0.3895146 0.7332646 0.5 0.6875 0.6104854 0.9542354 0.5 0.6875 0.6104854 0.7332646 0.6104854 0.9542354 0.40625 0.3125 0.40625 0.6884399 0.375 0.6884399 0.40625 0.3125 0.4375 0.3125 0.4375 0.6884399 0.46875 0.3125 0.46875 0.6884399 0.4375 0.6884399 0.46875 0.3125 0.5 0.3125 0.5 0.6884399 0.53125 0.3125 0.53125 0.6884399 0.5 0.6884399 0.53125 0.3125 0.5625 0.3125 0.5625 0.6884399 0.59375 0.3125 0.59375 0.6884399 0.5625 0.6884399 0.59375 0.3125 0.625 0.3125 0.625 0.6884399 0.5 0 0.6104854 0.04576456 0.5 0.3125 0.6104854 0.04576456 0.65625 0.15625 0.5 0.3125 0.65625 0.15625 0.6104854 0.2667354 0.5 0.3125 0.5 0.3125 0.3895146 0.2667354 0.34375 0.15625 0.34375 0.15625 0.3895146 0.04576456 0.5 0.3125 0.65625 0.84375 0.6104854 0.9542354 0.5 1 0.5 1 0.3895146 0.9542354 0.34375 0.84375 0.34375 0.84375 0.3895146 0.7332646 0.5 0.6875 0.5 0.6875 0.6104854 0.7332646 0.65625 0.84375 0.65625 0.84375 0.5 1 0.5 0.6875 0.5 1 0.5 1 0.6104854 0.9542354 0.5 1 0.3895146 0.9542354 0.3895146 0.9542354 0.3895146 0.9542354 0.34375 0.84375 0.34375 0.84375 0.34375 0.84375 0.3895146 0.7332646 0.3895146 0.7332646 0.3895146 0.7332646 0.5 0.6875 0.5 0.6875 0.6104854 0.7332646 0.6104854 0.7332646 0.5 0.6875 0.65625 0.84375 0.65625 0.84375 0.6104854 0.7332646 0.6104854 0.9542354 0.6104854 0.9542354 0.65625 0.84375 0.5 1 0.5 1 0.6104854 0.9542354 0.5 1 0.3895146 0.9542354 0.3895146 0.9542354 0.3895146 0.9542354 0.34375 0.84375 0.34375 0.84375 0.34375 0.84375 0.3895146 0.7332646 0.3895146 0.7332646 0.3895146 0.7332646 0.5 0.6875 0.5 0.6875 0.6104854 0.7332646 0.6104854 0.7332646 0.5 0.6875 0.65625 0.84375 0.65625 0.84375 0.6104854 0.7332646 0.6104854 0.9542354 0.6104854 0.9542354 0.65625 0.84375 0.5 1 0.5 1 0.6104854 0.9542354 0.5 1 0.3895146 0.9542354 0.3895146 0.9542354 0.34375 0.84375 0.34375 0.84375 0.3895146 0.9542354 0.34375 0.84375 0.3895146 0.7332646 0.3895146 0.7332646 0.5 0.6875 0.5 0.6875 0.3895146 0.7332646 0.5 0.6875 0.6104854 0.7332646 0.6104854 0.7332646 0.65625 0.84375 0.65625 0.84375 0.6104854 0.7332646 0.65625 0.84375 0.6104854 0.9542354 0.6104854 0.9542354 0.65625 0.84375 0.65625 0.84375 0.6104854 0.7332646 0.6104854 0.7332646 0.6104854 0.7332646 0.5 0.6875 0.3895146 0.7332646 0.5 0.6875 0.5 0.6875 0.34375 0.84375 0.3895146 0.7332646 0.3895146 0.7332646 0.3895146 0.9542354 0.34375 0.84375 0.34375 0.84375 0.5 1 0.3895146 0.9542354 0.3895146 0.9542354 0.5 1 0.5 1 0.6104854 0.9542354 0.6104854 0.9542354 0.6104854 0.9542354 0.65625 0.84375 0.40625 0.3125 0.40625 0.6884399 0.375 0.6884399 0.40625 0.3125 0.4375 0.3125 0.4375 0.6884399 0.46875 0.3125 0.46875 0.6884399 0.4375 0.6884399 0.5 0.3125 0.5 0.6884399 0.46875 0.6884399 0.5 0.3125 0.53125 0.3125 0.53125 0.6884399 0.53125 0.3125 0.5625 0.3125 0.5625 0.6884399 0.59375 0.3125 0.59375 0.6884399 0.5625 0.6884399 0.59375 0.3125 0.625 0.3125 0.625 0.6884399 0.5 0 0.6104854 0.04576456 0.3895146 0.2667354 0.6104854 0.04576456 0.65625 0.15625 0.6104854 0.2667354 0.3895146 0.2667354 0.6104854 0.2667354 0.5 0.3125 0.6104854 0.04576456 0.6104854 0.2667354 0.3895146 0.2667354 0.3895146 0.2667354 0.34375 0.15625 0.5 0 0.65625 0.84375 0.6104854 0.9542354 0.34375 0.84375 0.6104854 0.9542354 0.5 1 0.34375 0.84375 0.5 1 0.3895146 0.9542354 0.34375 0.84375 0.34375 0.84375 0.3895146 0.7332646 0.5 0.6875 0.5 0.6875 0.6104854 0.7332646 0.34375 0.84375 0.6104854 0.9542354 0.5 1 0.5 1 0.3895146 0.9542354 0.3895146 0.9542354 0.5 1 0.34375 0.84375 0.34375 0.84375 0.3895146 0.9542354 0.3895146 0.7332646 0.3895146 0.7332646 0.34375 0.84375 0.5 0.6875 0.5 0.6875 0.3895146 0.7332646 0.5 0.6875 0.6104854 0.7332646 0.6104854 0.7332646 0.6104854 0.7332646 0.65625 0.84375 0.65625 0.84375 0.65625 0.84375 0.6104854 0.9542354 0.6104854 0.9542354 0.5 1 0.5 1 0.6104854 0.9542354 0.5 1 0.3895146 0.9542354 0.3895146 0.9542354 0.3895146 0.9542354 0.34375 0.84375 0.34375 0.84375 0.34375 0.84375 0.3895146 0.7332646 0.3895146 0.7332646 0.3895146 0.7332646 0.5 0.6875 0.5 0.6875 0.6104854 0.7332646 0.6104854 0.7332646 0.5 0.6875 0.65625 0.84375 0.65625 0.84375 0.6104854 0.7332646 0.6104854 0.9542354 0.6104854 0.9542354 0.65625 0.84375 0.5 1 0.5 1 0.6104854 0.9542354 0.5 1 0.3895146 0.9542354 0.3895146 0.9542354 0.3895146 0.9542354 0.34375 0.84375 0.34375 0.84375 0.34375 0.84375 0.3895146 0.7332646 0.3895146 0.7332646 0.3895146 0.7332646 0.5 0.6875 0.5 0.6875 0.6104854 0.7332646 0.6104854 0.7332646 0.5 0.6875 0.65625 0.84375 0.65625 0.84375 0.6104854 0.7332646 0.6104854 0.9542354 0.6104854 0.9542354 0.65625 0.84375 0.65625 0.84375 0.65625 0.84375 0.6104854 0.7332646 0.6104854 0.7332646 0.6104854 0.7332646 0.5 0.6875 0.3895146 0.7332646 0.5 0.6875 0.5 0.6875 0.34375 0.84375 0.3895146 0.7332646 0.3895146 0.7332646 0.3895146 0.9542354 0.34375 0.84375 0.34375 0.84375 0.5 1 0.3895146 0.9542354 0.3895146 0.9542354 0.5 1 0.5 1 0.6104854 0.9542354 0.6104854 0.9542354 0.6104854 0.9542354 0.65625 0.84375 0.6104854 0.7332646 0.65625 0.84375 0.65625 0.84375 0.5 0.6875 0.6104854 0.7332646 0.6104854 0.7332646 0.5 0.6875 0.5 0.6875 0.3895146 0.7332646 0.3895146 0.7332646 0.3895146 0.7332646 0.34375 0.84375 0.34375 0.84375 0.34375 0.84375 0.3895146 0.9542354 0.3895146 0.9542354 0.3895146 0.9542354 0.5 1 0.6104854 0.9542354 0.5 1 0.5 1 0.65625 0.84375 0.6104854 0.9542354 0.6104854 0.9542354 0.5 0.6875 0.6104854 0.7332646 0.6104854 0.7332646 0.5 0.6875 0.5 0.6875 0.3895146 0.7332646 0.3895146 0.7332646 0.3895146 0.7332646 0.34375 0.84375 0.34375 0.84375 0.34375 0.84375 0.3895146 0.9542354 0.3895146 0.9542354 0.3895146 0.9542354 0.5 1 0.6104854 0.9542354 0.5 1 0.5 1 0.65625 0.84375 0.6104854 0.9542354 0.6104854 0.9542354 0.6104854 0.7332646 0.65625 0.84375 0.65625 0.84375 0.40625 0.3125 0.40625 0.6884399 0.375 0.6884399 0.40625 0.3125 0.4375 0.3125 0.4375 0.6884399 0.4375 0.3125 0.46875 0.3125 0.46875 0.6884399 0.5 0.3125 0.5 0.6884399 0.46875 0.6884399 0.5 0.3125 0.53125 0.3125 0.53125 0.6884399 0.5625 0.3125 0.5625 0.6884399 0.53125 0.6884399 0.5625 0.3125 0.59375 0.3125 0.59375 0.6884399 0.625 0.3125 0.625 0.6884399 0.59375 0.6884399 0.5 0 0.6104854 0.04576456 0.65625 0.15625 0.65625 0.15625 0.6104854 0.2667354 0.34375 0.15625 0.6104854 0.2667354 0.5 0.3125 0.3895146 0.2667354 0.34375 0.15625 0.6104854 0.2667354 0.3895146 0.2667354 0.34375 0.15625 0.3895146 0.04576456 0.5 0 0.6104854 0.9542354 0.5 1 0.5 1 0.3895146 0.9542354 0.3895146 0.9542354 0.5 1 0.34375 0.84375 0.34375 0.84375 0.3895146 0.9542354 0.3895146 0.7332646 0.3895146 0.7332646 0.34375 0.84375 0.5 0.6875 0.5 0.6875 0.3895146 0.7332646 0.5 0.6875 0.6104854 0.7332646 0.6104854 0.7332646 0.6104854 0.7332646 0.65625 0.84375 0.65625 0.84375 0.65625 0.84375 0.6104854 0.9542354 0.6104854 0.9542354 0.5 1 0.5 1 0.6104854 0.9542354 0.5 1 0.3895146 0.9542354 0.3895146 0.9542354 0.3895146 0.9542354 0.34375 0.84375 0.34375 0.84375 0.34375 0.84375 0.3895146 0.7332646 0.3895146 0.7332646 0.3895146 0.7332646 0.5 0.6875 0.5 0.6875 0.6104854 0.7332646 0.6104854 0.7332646 0.5 0.6875 0.65625 0.84375 0.65625 0.84375 0.6104854 0.7332646 0.6104854 0.9542354 0.6104854 0.9542354 0.65625 0.84375 0.65625 0.84375 0.65625 0.84375 0.6104854 0.7332646 0.6104854 0.7332646 0.6104854 0.7332646 0.5 0.6875 0.3895146 0.7332646 0.5 0.6875 0.5 0.6875 0.34375 0.84375 0.3895146 0.7332646 0.3895146 0.7332646 0.3895146 0.9542354 0.34375 0.84375 0.34375 0.84375 0.5 1 0.3895146 0.9542354 0.3895146 0.9542354 0.5 1 0.5 1 0.6104854 0.9542354 0.6104854 0.9542354 0.6104854 0.9542354 0.65625 0.84375 0.6104854 0.7332646 0.65625 0.84375 0.65625 0.84375 0.5 0.6875 0.6104854 0.7332646 0.6104854 0.7332646 0.5 0.6875 0.5 0.6875 0.3895146 0.7332646 0.3895146 0.7332646 0.3895146 0.7332646 0.34375 0.84375 0.34375 0.84375 0.34375 0.84375 0.3895146 0.9542354 0.3895146 0.9542354 0.3895146 0.9542354 0.5 1 0.6104854 0.9542354 0.5 1 0.5 1 0.65625 0.84375 0.6104854 0.9542354 0.6104854 0.9542354 0.6104854 0.7332646 0.65625 0.84375 0.65625 0.84375 0.5 0.6875 0.6104854 0.7332646 0.6104854 0.7332646 0.5 0.6875 0.5 0.6875 0.3895146 0.7332646 0.3895146 0.7332646 0.3895146 0.7332646 0.34375 0.84375 0.34375 0.84375 0.34375 0.84375 0.3895146 0.9542354 0.3895146 0.9542354 0.3895146 0.9542354 0.5 1 0.6104854 0.9542354 0.5 1 0.5 1 0.65625 0.84375 0.6104854 0.9542354 0.6104854 0.9542354 0.6104854 0.9542354 0.5 1 0.3895146 0.9542354 0.3895146 0.9542354 0.34375 0.84375 0.3895146 0.7332646 0.3895146 0.7332646 0.5 0.6875 0.6104854 0.9542354 0.5 0.6875 0.6104854 0.7332646 0.6104854 0.9542354 0.6104854 0.7332646 0.65625 0.84375 0.6104854 0.9542354 0.5 0.3125 0.5 0.3125 0.46875 0.3125 0.46875 0.6884399 0.46875 0.3125 0.46875 0.3125 0.5 0.3125 0.53125 0.3125 0.53125 0.3125 0.53125 0.6884399 0.53125 0.6884399 0.53125 0.3125 0.34375 0.84375 0.34375 0.84375 0.34375 0.84375 0.5 0.6875 0.5 0.6875 0.5 0.6875 0.34375 0.84375 0.34375 0.84375 0.34375 0.84375 0.5 0.6875 0.5 0.6875 0.5 0.6875 0.5 0.6875 0.5 0.6875 0.5 0.6875 0.34375 0.84375 0.34375 0.84375 0.34375 0.84375 0.5 0.6875 0.5 0.6875 0.5 0.6875 0.3895146 0.7332646 0.3895146 0.7332646 0.5 0.6875 0.3895146 0.7332646 0.34375 0.84375 0.34375 0.84375 0.34375 0.84375 0.34375 0.84375 0.34375 0.84375 0.5 0.6875 0.5 0.6875 0.5 0.6875 0.34375 0.84375 0.34375 0.84375 0.34375 0.84375 0.5 0.6875 0.5 0.6875 0.3895146 0.7332646 0.3895146 0.7332646 0.3895146 0.7332646 0.3895146 0.7332646 0.6104854 0.7332646 0.6104854 0.7332646 0.5 0.6875 0.6104854 0.7332646 0.65625 0.84375 0.65625 0.84375 0.65625 0.84375 0.65625 0.84375 0.65625 0.84375 0.3895146 0.7332646 0.3895146 0.7332646 0.3895146 0.7332646 0.65625 0.84375 0.65625 0.84375 0.65625 0.84375 0.65625 0.84375 0.65625 0.84375 0.65625 0.84375 0.3895146 0.7332646 0.3895146 0.7332646 0.3895146 0.7332646 0.65625 0.84375 0.65625 0.84375 0.65625 0.84375 0.6104854 0.7332646 0.6104854 0.7332646 0.65625 0.84375 0.5 0.6875 0.5 0.6875 0.6104854 0.7332646 0.5 0.6875 0.3895146 0.7332646 0.3895146 0.7332646 0.3895146 0.7332646 0.3895146 0.7332646 0.3895146 0.7332646 0.65625 0.84375 0.65625 0.84375 0.65625 0.84375 0.3895146 0.7332646 0.3895146 0.7332646 0.3895146 0.7332646 0.6104854 0.7332646 0.6104854 0.7332646 0.5 0.6875 0.5 0.6875 0.5 0.6875 0.5 0.6875 0.6104854 0.7332646 0.65625 0.84375 0.65625 0.84375 0.65625 0.84375 0.65625 0.84375 0.65625 0.84375 0.6104854 0.7332646 0.5 0.6875 0.5 0.6875 0.5 0.6875 0.5 0.6875 0.5 0.6875 0.65625 0.84375 0.65625 0.84375 0.65625 0.84375 0.6104854 0.7332646 0.6104854 0.7332646 0.65625 0.84375 0.5 0.6875 0.5 0.6875 0.3895146 0.7332646 0.3895146 0.7332646 0.3895146 0.7332646 0.3895146 0.7332646 0.5 0.6875 0.6104854 0.7332646 0.6104854 0.7332646 0.6104854 0.7332646 0.6104854 0.7332646 0.6104854 0.7332646 0.3895146 0.7332646 0.3895146 0.7332646 0.3895146 0.7332646 0.6104854 0.7332646 0.6104854 0.7332646 0.6104854 0.7332646 0.6104854 0.7332646 0.6104854 0.7332646 0.6104854 0.7332646 0.5 0.6875 0.5 0.6875 0.6104854 0.7332646 0.5 0.6875 0.3895146 0.7332646 0.3895146 0.7332646 0.3895146 0.7332646 0.3895146 0.7332646 0.3895146 0.7332646 0.6104854 0.7332646 0.6104854 0.7332646 0.6104854 0.7332646 0.3895146 0.7332646 0.3895146 0.7332646 0.3895146 0.7332646 0.5 0.6875 0.5 0.6875 0.3895146 0.7332646 0.3895146 0.7332646 0.3895146 0.7332646 0.3895146 0.7332646 0.5 0.6875 0.6104854 0.7332646 0.6104854 0.7332646 0.6104854 0.7332646 0.6104854 0.7332646 0.6104854 0.7332646 0.3895146 0.7332646 0.3895146 0.7332646 0.3895146 0.7332646 0.6104854 0.7332646 0.6104854 0.7332646 0.6104854 0.7332646 0.5 0.6875 0.3895146 0.7332646 0.3895146 0.7332646 0.3895146 0.7332646 0.3895146 0.7332646 0.3895146 0.7332646 0.6104854 0.7332646 0.6104854 0.7332646 0.6104854 0.7332646 0.5 0.6875 0.5 0.6875 0.6104854 0.7332646 0.6104854 0.7332646 0.6104854 0.7332646 0.6104854 0.7332646 0.3895146 0.7332646 0.3895146 0.7332646 0.3895146 0.7332646 0.6104854 0.7332646 0.6104854 0.7332646 0.6104854 0.7332646 0.3895146 0.7332646 0.3895146 0.7332646 0.3895146 0.7332646 0.6104854 0.7332646 0.6104854 0.7332646 0.6104854 0.7332646 0.3895146 0.7332646 0.3895146 0.7332646 0.3895146 0.7332646 0.53125 0.3125 0.53125 0.3125 0.53125 0.6884399 0.59375 0.3125 0.59375 0.6884399 0.59375 0.6884399 0.65625 0.15625 0.65625 0.15625 0.6104854 0.04576456 0.5 0.3125 0.3895146 0.2667354 0.3895146 0.2667354 0.3895146 0.2667354 0.34375 0.15625 0.34375 0.15625 0.34375 0.15625 0.3895146 0.04576456 0.3895146 0.04576456 0.5 0 0.5 0 0.3895146 0.04576456 0.6104854 0.04576456 0.6104854 0.04576456 0.5 0 0.5 0.6875 0.5 0.6875 0.5 0.6875 0.65625 0.84375 0.65625 0.84375 0.65625 0.84375 0.5 0.6875 0.5 0.6875 0.5 0.6875 0.65625 0.84375 0.65625 0.84375 0.65625 0.84375 0.6104854 0.7332646 0.5 0.6875 0.5 0.6875 0.5 0.6875 0.5 0.6875 0.5 0.6875 0.65625 0.84375 0.65625 0.84375 0.65625 0.84375 0.6104854 0.7332646 0.6104854 0.7332646 0.65625 0.84375 0.65625 0.84375 0.65625 0.84375 0.65625 0.84375 0.5 0.6875 0.5 0.6875 0.5 0.6875 0.5 0.3125 0.5 0.3125 0.5 0.6884399 0.5625 0.3125 0.5625 0.6884399 0.5625 0.6884399 0.6104854 0.04576456 0.65625 0.15625 0.65625 0.15625 0.6104854 0.2667354 0.6104854 0.2667354 0.65625 0.15625 0.3895146 0.2667354 0.34375 0.15625 0.34375 0.15625 0.3895146 0.04576456 0.3895146 0.04576456 0.34375 0.15625 0.5 0 0.5 0 0.3895146 0.04576456 0.5 0 0.6104854 0.04576456 0.6104854 0.04576456 0.6104854 0.9542354 0.5 1 0.5 1 0.3895146 0.9542354 0.3895146 0.9542354 0.5 1 0.3895146 0.9542354 0.34375 0.84375 0.34375 0.84375 0.34375 0.84375 0.3895146 0.7332646 0.3895146 0.7332646 0.65625 0.84375 0.65625 0.84375 0.6104854 0.7332646 0.6104854 0.9542354 0.6104854 0.9542354 0.65625 0.84375 0.3895146 0.7332646 0.3895146 0.7332646 0.3895146 0.7332646 0.6104854 0.7332646 0.6104854 0.7332646 0.6104854 0.7332646 0.3895146 0.7332646 0.3895146 0.7332646 0.3895146 0.7332646 0.6104854 0.7332646 0.6104854 0.7332646 0.6104854 0.7332646 0.3895146 0.7332646 0.3895146 0.7332646 0.3895146 0.7332646 0.6104854 0.7332646 0.6104854 0.7332646 0.6104854 0.7332646 0.6104854 0.7332646 0.6104854 0.7332646 0.6104854 0.7332646 0.3895146 0.7332646 0.3895146 0.7332646 0.3895146 0.7332646 0.6104854 0.7332646 0.6104854 0.7332646 0.6104854 0.7332646 0.3895146 0.7332646 0.3895146 0.7332646 0.3895146 0.7332646 0.6104854 0.7332646 0.6104854 0.7332646 0.6104854 0.7332646 0.3895146 0.7332646 0.3895146 0.7332646 0.3895146 0.7332646 0.53125 0.3125 0.53125 0.3125 0.5 0.3125 0.53125 0.6884399 0.53125 0.6884399 0.53125 0.3125 0.5 0.6884399 0.5 0.6884399 0.53125 0.6884399 0.5 0.3125 0.5 0.3125 0.5 0.6884399 0.375 0.3125 0.375 0.3125 0.375 0.6884399 0.4375 0.6884399 0.4375 0.6884399 0.4375 0.3125 0.65625 0.15625 0.65625 0.15625 0.6104854 0.04576456 0.6104854 0.2667354 0.6104854 0.2667354 0.65625 0.15625 0.5 0.3125 0.5 0.3125 0.6104854 0.2667354 0.3895146 0.2667354 0.3895146 0.2667354 0.5 0.3125 0.34375 0.15625 0.34375 0.15625 0.3895146 0.2667354 0.3895146 0.04576456 0.3895146 0.04576456 0.34375 0.15625 0.34375 0.84375 0.34375 0.84375 0.3895146 0.9542354 0.3895146 0.7332646 0.3895146 0.7332646 0.34375 0.84375 0.5 0.6875 0.5 0.6875 0.3895146 0.7332646 0.6104854 0.7332646 0.6104854 0.7332646 0.5 0.6875 0.65625 0.84375 0.65625 0.84375 0.6104854 0.7332646 0.6104854 0.9542354 0.6104854 0.9542354 0.65625 0.84375 0.6104854 0.9542354 0.6104854 0.9542354 0.6104854 0.9542354 0.3895146 0.9542354 0.3895146 0.9542354 0.3895146 0.9542354 0.6104854 0.9542354 0.6104854 0.9542354 0.6104854 0.9542354 0.3895146 0.9542354 0.3895146 0.9542354 0.3895146 0.9542354 0.3895146 0.9542354 0.3895146 0.9542354 0.3895146 0.9542354 0.6104854 0.9542354 0.6104854 0.9542354 0.6104854 0.9542354 0.3895146 0.9542354 0.3895146 0.9542354 0.3895146 0.9542354 0.6104854 0.9542354 0.6104854 0.9542354 0.6104854 0.9542354 0.375 0.3125 0.375 0.3125 0.375 0.6884399 0.4375 0.3125 0.4375 0.6884399 0.4375 0.6884399 0.6104854 0.04576456 0.65625 0.15625 0.65625 0.15625 0.6104854 0.2667354 0.6104854 0.2667354 0.65625 0.15625 0.5 0.3125 0.5 0.3125 0.6104854 0.2667354 0.5 0.3125 0.3895146 0.2667354 0.3895146 0.2667354 0.3895146 0.2667354 0.34375 0.15625 0.34375 0.15625 0.3895146 0.04576456 0.3895146 0.04576456 0.34375 0.15625 0.6104854 0.9542354 0.6104854 0.9542354 0.6104854 0.9542354 0.3895146 0.9542354 0.3895146 0.9542354 0.3895146 0.9542354 0.6104854 0.9542354 0.6104854 0.9542354 0.6104854 0.9542354 0.3895146 0.9542354 0.3895146 0.9542354 0.3895146 0.9542354 0.3895146 0.9542354 0.3895146 0.9542354 0.3895146 0.9542354 0.5 1 0.5 1 0.3895146 0.9542354 0.5 1 0.6104854 0.9542354 0.6104854 0.9542354 0.6104854 0.9542354 0.6104854 0.9542354 0.6104854 0.9542354 0.3895146 0.9542354 0.3895146 0.9542354 0.3895146 0.9542354 0.6104854 0.9542354 0.6104854 0.9542354 0.6104854 0.9542354 0.5 0.3125 0.5 0.3125 0.5 0.6884399 0.5625 0.3125 0.5625 0.6884399 0.5625 0.6884399 0.65625 0.15625 0.65625 0.15625 0.6104854 0.04576456 0.6104854 0.2667354 0.6104854 0.2667354 0.65625 0.15625 0.3895146 0.2667354 0.34375 0.15625 0.34375 0.15625 0.3895146 0.04576456 0.3895146 0.04576456 0.34375 0.15625 0.5 0 0.5 0 0.3895146 0.04576456 0.6104854 0.04576456 0.6104854 0.04576456 0.5 0 0.3895146 0.7332646 0.3895146 0.7332646 0.3895146 0.7332646 0.6104854 0.7332646 0.6104854 0.7332646 0.6104854 0.7332646 0.3895146 0.7332646 0.3895146 0.7332646 0.3895146 0.7332646 0.6104854 0.7332646 0.6104854 0.7332646 0.6104854 0.7332646 0.6104854 0.7332646 0.6104854 0.7332646 0.6104854 0.7332646 0.3895146 0.7332646 0.3895146 0.7332646 0.3895146 0.7332646 0.6104854 0.7332646 0.6104854 0.7332646 0.6104854 0.7332646 0.5 0.6875 0.5 0.6875 0.6104854 0.7332646 0.5 0.6875 0.3895146 0.7332646 0.3895146 0.7332646 0.3895146 0.7332646 0.3895146 0.7332646 0.3895146 0.7332646 0.6104854 0.7332646 0.6104854 0.7332646 0.6104854 0.7332646 0.3895146 0.7332646 0.3895146 0.7332646 0.3895146 0.7332646 0.40625 0.3125 0.40625 0.3125 0.40625 0.6884399 0.46875 0.3125 0.46875 0.6884399 0.46875 0.6884399 0.65625 0.15625 0.65625 0.15625 0.6104854 0.04576456 0.6104854 0.2667354 0.6104854 0.2667354 0.65625 0.15625 0.5 0.3125 0.5 0.3125 0.6104854 0.2667354 0.5 0.3125 0.3895146 0.2667354 0.3895146 0.2667354 0.34375 0.15625 0.34375 0.15625 0.3895146 0.2667354 0.5 0 0.6104854 0.04576456 0.6104854 0.04576456 0.5 1 0.5 1 0.5 1 0.34375 0.84375 0.34375 0.84375 0.34375 0.84375 0.5 1 0.5 1 0.5 1 0.34375 0.84375 0.34375 0.84375 0.34375 0.84375 0.5 1 0.5 1 0.5 1 0.34375 0.84375 0.34375 0.84375 0.34375 0.84375 0.34375 0.84375 0.34375 0.84375 0.34375 0.84375 0.5 1 0.5 1 0.5 1 0.34375 0.84375 0.34375 0.84375 0.34375 0.84375 0.5 1 0.5 1 0.5 1 0.34375 0.84375 0.34375 0.84375 0.34375 0.84375 0.3895146 0.9542354 0.3895146 0.9542354 0.34375 0.84375 0.3895146 0.9542354 0.5 1 0.5 1 0.5 1 0.5 1 0.5 1 0.5 0.3125 0.5 0.3125 0.5 0.6884399 0.5625 0.3125 0.5625 0.6884399 0.5625 0.6884399 0.65625 0.15625 0.65625 0.15625 0.6104854 0.04576456 0.6104854 0.2667354 0.6104854 0.2667354 0.65625 0.15625 0.3895146 0.2667354 0.34375 0.15625 0.34375 0.15625 0.3895146 0.04576456 0.3895146 0.04576456 0.34375 0.15625 0.5 0 0.5 0 0.3895146 0.04576456 0.6104854 0.04576456 0.6104854 0.04576456 0.5 0 0.3895146 0.7332646 0.3895146 0.7332646 0.3895146 0.7332646 0.6104854 0.7332646 0.6104854 0.7332646 0.6104854 0.7332646 0.3895146 0.7332646 0.3895146 0.7332646 0.3895146 0.7332646 0.6104854 0.7332646 0.6104854 0.7332646 0.6104854 0.7332646 0.5 0.6875 0.3895146 0.7332646 0.3895146 0.7332646 0.3895146 0.7332646 0.3895146 0.7332646 0.3895146 0.7332646 0.6104854 0.7332646 0.6104854 0.7332646 0.6104854 0.7332646 0.5 0.6875 0.5 0.6875 0.6104854 0.7332646 0.6104854 0.7332646 0.6104854 0.7332646 0.6104854 0.7332646 0.3895146 0.7332646 0.3895146 0.7332646 0.3895146 0.7332646 0.4375 0.6884399 0.4375 0.6884399 0.4375 0.3125 0.59375 0.3125 0.59375 0.3125 0.59375 0.6884399 0.6104854 0.2667354 0.6104854 0.2667354 0.65625 0.15625 0.5 0.3125 0.5 0.3125 0.6104854 0.2667354 0.3895146 0.2667354 0.3895146 0.2667354 0.5 0.3125 0.34375 0.15625 0.34375 0.15625 0.3895146 0.2667354 0.3895146 0.04576456 0.3895146 0.04576456 0.34375 0.15625 0.3895146 0.9542354 0.3895146 0.9542354 0.3895146 0.9542354 0.65625 0.84375 0.65625 0.84375 0.65625 0.84375 0.3895146 0.9542354 0.3895146 0.9542354 0.3895146 0.9542354 0.65625 0.84375 0.65625 0.84375 0.65625 0.84375 0.3895146 0.9542354 0.3895146 0.9542354 0.3895146 0.9542354 0.65625 0.84375 0.65625 0.84375 0.65625 0.84375 0.3895146 0.9542354 0.3895146 0.9542354 0.3895146 0.9542354 0.65625 0.84375 0.65625 0.84375 0.65625 0.84375 0.3895146 0.9542354 0.3895146 0.9542354 0.3895146 0.9542354 0.65625 0.84375 0.65625 0.84375 0.65625 0.84375 0.3895146 0.9542354 0.3895146 0.9542354 0.3895146 0.9542354 0.5 1 0.5 1 0.3895146 0.9542354 0.5 1 0.6104854 0.9542354 0.6104854 0.9542354 0.65625 0.84375 0.65625 0.84375 0.6104854 0.9542354 0.65625 0.84375 0.65625 0.84375 0.65625 0.84375 0.375 0.3125 0.375 0.3125 0.375 0.6884399 0.4375 0.3125 0.4375 0.6884399 0.4375 0.6884399 0.6104854 0.04576456 0.65625 0.15625 0.65625 0.15625 0.65625 0.15625 0.6104854 0.2667354 0.6104854 0.2667354 0.6104854 0.2667354 0.5 0.3125 0.5 0.3125 0.5 0.3125 0.3895146 0.2667354 0.3895146 0.2667354 0.3895146 0.2667354 0.34375 0.15625 0.34375 0.15625 0.3895146 0.04576456 0.3895146 0.04576456 0.34375 0.15625 0.34375 0.84375 0.34375 0.84375 0.3895146 0.9542354 0.34375 0.84375 0.3895146 0.7332646 0.3895146 0.7332646 0.3895146 0.7332646 0.5 0.6875 0.5 0.6875 0.6104854 0.7332646 0.6104854 0.7332646 0.5 0.6875 0.65625 0.84375 0.65625 0.84375 0.6104854 0.7332646 0.65625 0.84375 0.6104854 0.9542354 0.6104854 0.9542354 0.6104854 0.9542354 0.6104854 0.9542354 0.6104854 0.9542354 0.3895146 0.9542354 0.3895146 0.9542354 0.3895146 0.9542354 0.6104854 0.9542354 0.6104854 0.9542354 0.6104854 0.9542354 0.3895146 0.9542354 0.3895146 0.9542354 0.3895146 0.9542354 0.6104854 0.9542354 0.6104854 0.9542354 0.6104854 0.9542354 0.3895146 0.9542354 0.3895146 0.9542354 0.3895146 0.9542354 0.3895146 0.9542354 0.3895146 0.9542354 0.3895146 0.9542354 0.6104854 0.9542354 0.6104854 0.9542354 0.6104854 0.9542354 0.3895146 0.9542354 0.3895146 0.9542354 0.3895146 0.9542354 0.6104854 0.9542354 0.6104854 0.9542354 0.6104854 0.9542354 0.3895146 0.9542354 0.3895146 0.9542354 0.3895146 0.9542354 0.6104854 0.9542354 0.6104854 0.9542354 0.6104854 0.9542354 0.3895146 0.9542354 0.3895146 0.9542354 0.3895146 0.9542354 0.6104854 0.9542354 0.6104854 0.9542354 0.6104854 0.9542354 0.6104854 0.7332646 0.65625 0.84375 0.65625 0.84375 0.65625 0.84375 0.65625 0.84375 0.65625 0.84375 0.6104854 0.7332646 0.6104854 0.7332646 0.65625 0.84375 0.6104854 0.7332646 0.6104854 0.7332646 0.5 0.6875 0.6104854 0.7332646 0.5 0.6875 0.5 0.6875 0.5 0.6875 0.5 0.6875 0.5 0.6875 0.5 1 0.3895146 0.9542354 0.3895146 0.9542354 0.3895146 0.9542354 0.3895146 0.9542354 0.3895146 0.9542354 0.5 1 0.5 1 0.3895146 0.9542354 0.5 1 0.5 1 0.6104854 0.9542354 0.5 1 0.6104854 0.9542354 0.6104854 0.9542354 0.6104854 0.9542354 0.6104854 0.9542354 0.6104854 0.9542354 0.5 0 0.6104854 0.04576456 0.6104854 0.04576456 0.5 0 0.5 0 0.3895146 0.04576456 0.3895146 0.04576456 0.3895146 0.04576456 0.34375 0.15625 0.34375 0.15625 0.34375 0.15625 0.3895146 0.2667354 0.3895146 0.2667354 0.3895146 0.2667354 0.5 0.3125 0.6104854 0.2667354 0.5 0.3125 0.5 0.3125 0.65625 0.15625 0.6104854 0.2667354 0.6104854 0.2667354 0.6104854 0.04576456 0.65625 0.15625 0.65625 0.15625</float_array>
          <technique_common>
            <accessor source="#Mesh_007-mesh-map-0-array" count="5844" stride="2">
              <param name="S" type="float"/>
              <param name="T" type="float"/>
            </accessor>
          </technique_common>
        </source>
        <vertices id="Mesh_007-mesh-vertices">
          <input semantic="POSITION" source="#Mesh_007-mesh-positions"/>
        </vertices>
        <triangles count="1948">
          <input semantic="VERTEX" source="#Mesh_007-mesh-vertices" offset="0"/>
          <input semantic="NORMAL" source="#Mesh_007-mesh-normals" offset="1"/>
          <input semantic="TEXCOORD" source="#Mesh_007-mesh-map-0" offset="2" set="0"/>
          <p>0 0 0 8 1 1 7 2 2 2 3 3 8 4 4 1 5 5 2 6 6 10 7 7 9 8 8 4 9 9 10 10 10 3 11 11 891 12 12 893 13 13 894 14 14 895 15 15 893 16 16 892 17 17 5 18 18 13 19 19 12 20 20 0 21 21 13 22 22 6 23 23 901 24 24 897 25 25 899 26 26 31 27 27 33 28 28 35 29 29 8 1 30 42 30 31 7 2 32 8 4 33 40 31 34 41 32 35 9 8 36 39 33 37 40 34 38 10 10 39 38 35 40 39 36 41 894 14 42 902 37 43 903 38 44 896 39 45 902 40 46 893 16 47 13 19 48 37 41 49 12 20 50 7 42 51 36 43 52 13 22 53 14 44 54 22 45 55 21 46 56 16 47 57 22 48 58 15 49 59 17 50 60 23 51 61 16 52 62 18 53 63 24 54 64 17 55 65 906 56 66 908 57 67 905 58 68 906 59 69 910 60 70 907 61 71 19 62 72 27 63 73 26 64 74 20 65 75 21 66 76 27 67 77 21 46 78 29 68 79 28 69 80 23 70 81 29 71 82 22 48 83 23 51 84 31 72 85 30 73 86 25 74 87 31 75 88 24 54 89 907 76 90 912 77 91 908 57 92 907 61 93 913 78 94 911 79 95 26 64 96 35 80 97 34 81 98 21 66 99 35 82 100 27 67 101 36 83 102 19 62 103 37 41 104 904 84 105 906 59 106 902 40 107 903 38 108 906 56 109 905 58 110 39 36 111 18 53 112 17 55 113 40 34 114 17 50 115 16 52 116 41 32 117 16 47 118 15 49 119 41 85 120 14 44 121 42 30 122 42 86 123 20 65 124 36 43 125 43 87 126 74 88 127 75 89 128 45 90 129 74 91 130 44 92 131 46 93 132 73 94 133 45 95 134 47 96 135 72 97 136 46 98 137 47 99 138 70 100 139 71 101 140 48 102 141 69 103 142 70 104 143 49 105 144 68 106 145 69 107 146 50 108 147 75 109 148 68 110 149 992 111 150 991 111 151 993 112 152 994 113 153 992 111 154 993 112 155 995 114 156 994 113 157 993 112 158 996 115 159 995 114 160 993 112 161 997 111 162 996 115 163 993 112 164 998 111 165 997 111 166 993 112 167 999 111 168 998 111 169 993 112 170 991 111 171 999 111 172 993 112 173 59 116 174 60 117 175 61 118 176 60 117 177 62 119 178 61 118 179 62 119 180 63 120 181 61 118 182 63 120 183 64 121 184 61 118 185 64 121 186 65 122 187 61 118 188 65 122 189 66 123 190 61 118 191 66 123 192 67 124 193 61 118 194 67 124 195 59 116 196 61 118 197 51 125 198 87 126 199 88 127 200 52 128 201 86 129 202 87 130 203 53 131 204 85 132 205 86 133 206 54 134 207 84 135 208 85 136 209 56 137 210 84 138 211 55 139 212 57 140 213 91 141 214 56 142 215 58 143 216 90 144 217 57 145 218 51 146 219 89 147 220 58 148 221 68 106 222 77 149 223 69 107 224 69 103 225 78 150 226 70 104 227 71 101 228 78 151 229 79 152 230 72 97 231 79 153 232 80 154 233 73 94 234 80 155 235 81 156 236 74 91 237 81 157 238 82 158 239 74 88 240 83 159 241 75 89 242 75 109 243 76 160 244 68 110 245 77 149 246 58 143 247 57 145 248 78 150 249 57 140 250 56 142 251 79 152 252 56 137 253 55 139 254 79 153 255 54 134 256 80 154 257 80 155 258 53 131 259 81 156 260 81 157 261 52 128 262 82 158 263 82 161 264 51 125 265 83 159 266 76 160 267 51 146 268 58 148 269 84 135 270 63 162 271 85 136 272 85 132 273 62 163 274 86 133 275 985 164 276 988 165 277 986 166 278 989 167 279 988 168 280 990 169 281 89 147 282 59 170 283 67 171 284 90 144 285 67 172 286 66 173 287 91 141 288 66 174 289 65 175 290 91 176 291 64 177 292 84 138 293 813 178 294 815 179 295 816 180 296 817 181 297 815 182 298 814 183 299 94 184 300 100 185 301 93 186 302 95 187 303 101 188 304 94 189 305 96 190 306 102 191 307 95 192 308 96 193 309 104 194 310 103 195 311 97 196 312 105 197 313 104 198 314 98 199 315 99 200 316 105 201 317 819 202 318 821 203 319 823 204 320 802 205 321 804 206 322 806 207 323 816 180 324 824 208 325 825 209 326 818 210 327 824 211 328 815 182 329 101 212 330 132 213 331 100 185 332 102 214 333 131 215 334 101 188 335 103 216 336 130 217 337 102 191 338 103 195 339 128 218 340 129 219 341 104 198 342 127 220 343 128 221 344 105 201 345 133 222 346 127 223 347 828 224 348 830 225 349 827 226 350 828 227 351 832 228 352 829 229 353 107 230 354 124 231 355 125 232 356 108 233 357 123 234 358 124 235 359 109 236 360 122 237 361 123 238 362 111 239 363 122 240 364 110 241 365 112 242 366 121 243 367 111 244 368 106 245 369 120 246 370 112 247 371 121 243 372 119 248 373 118 249 374 122 240 375 118 250 376 117 251 377 122 237 378 116 252 379 123 238 380 123 234 381 115 253 382 124 235 383 124 231 384 114 254 385 125 232 386 832 228 387 834 255 388 829 229 389 830 225 390 834 256 391 835 257 392 120 246 393 113 258 394 119 259 395 127 220 396 111 244 397 128 221 398 128 218 399 110 241 400 129 219 401 130 217 402 110 260 403 109 236 404 131 215 405 109 261 406 108 233 407 132 213 408 108 262 409 107 230 410 824 211 411 831 263 412 828 227 413 824 208 414 827 226 415 825 209 416 133 222 417 112 247 418 127 223 419 942 264 420 944 265 421 945 266 422 946 267 423 944 268 424 943 269 425 135 270 426 140 271 427 134 272 428 136 273 429 141 274 430 135 275 431 137 276 432 142 277 433 136 278 434 137 279 435 144 280 436 143 281 437 138 282 438 145 283 439 144 284 440 914 285 441 919 286 442 918 287 443 948 288 444 950 289 445 952 290 446 955 291 447 957 292 448 958 293 449 945 266 450 961 294 451 962 295 452 947 296 453 961 297 454 944 268 455 141 298 456 170 299 457 140 271 458 142 300 459 169 301 460 141 274 461 143 302 462 168 303 463 142 277 464 143 281 465 166 304 466 167 305 467 144 284 468 165 306 469 166 307 470 919 286 471 924 308 472 926 309 473 965 310 474 967 311 475 964 312 476 965 313 477 969 314 478 966 315 479 146 316 480 175 317 481 176 318 482 147 319 483 174 320 484 175 321 485 148 322 486 173 323 487 174 324 488 150 325 489 173 326 490 149 327 491 151 328 492 172 329 493 150 330 494 927 331 495 932 332 496 931 333 497 971 334 498 973 335 499 970 336 500 971 337 501 975 338 502 972 339 503 152 340 504 180 341 505 181 342 506 153 343 507 179 344 508 180 345 509 154 346 510 178 347 511 179 348 512 156 349 513 178 350 514 155 351 515 157 352 516 177 353 517 156 354 518 933 355 519 938 356 520 937 357 521 165 306 522 150 330 523 166 307 524 166 304 525 149 327 526 167 305 527 168 303 528 149 358 529 148 322 530 169 301 531 148 359 532 147 319 533 170 299 534 147 360 535 146 316 536 961 297 537 968 361 538 965 313 539 961 294 540 964 312 541 962 295 542 924 308 543 931 333 544 926 309 545 172 329 546 157 352 547 156 354 548 173 326 549 156 349 550 155 351 551 173 323 552 154 346 553 174 324 554 174 320 555 153 343 556 175 321 557 175 317 558 152 340 559 176 318 560 969 314 561 971 337 562 966 315 563 967 311 564 971 334 565 970 336 566 932 332 567 933 355 568 937 357 569 178 350 570 163 362 571 162 363 572 178 347 573 161 364 574 179 348 575 179 344 576 160 365 577 180 345 578 180 341 579 159 366 580 181 342 581 975 338 582 977 367 583 972 339 584 973 335 585 977 368 586 978 369 587 938 356 588 940 370 589 941 371 590 177 353 591 164 372 592 163 373 593 183 374 594 192 375 595 191 376 596 185 377 597 192 378 598 184 379 599 185 380 600 194 381 601 193 382 602 186 383 603 195 384 604 194 385 605 188 386 606 195 387 607 187 388 608 188 389 609 197 390 610 196 391 611 190 392 612 197 393 613 189 394 614 183 395 615 198 396 616 190 397 617 184 398 618 190 399 619 188 400 620 216 401 621 218 402 622 220 403 623 192 375 624 227 404 625 191 376 626 192 378 627 225 405 628 226 406 629 193 382 630 224 407 631 225 408 632 194 385 633 223 409 634 224 410 635 708 411 636 710 412 637 711 413 638 712 414 639 710 415 640 709 416 641 198 417 642 222 418 643 197 393 644 191 419 645 221 420 646 198 396 647 200 421 648 233 422 649 199 423 650 200 424 651 231 425 652 232 426 653 201 427 654 230 428 655 231 429 656 202 430 657 229 431 658 230 432 659 714 433 660 716 434 661 717 435 662 718 436 663 716 437 664 715 438 665 205 439 666 228 440 667 204 441 668 199 442 669 234 443 670 205 444 671 207 445 672 213 446 673 206 447 674 207 448 675 215 449 676 214 450 677 208 451 678 216 452 679 215 453 680 210 454 681 216 455 682 209 456 683 721 457 684 723 458 685 720 459 686 721 460 687 725 461 688 722 462 689 211 463 690 220 464 691 219 465 692 206 466 693 220 467 694 212 468 695 222 418 696 205 439 697 204 441 698 710 415 699 718 436 700 715 438 701 710 412 702 714 433 703 711 413 704 223 409 705 202 430 706 224 410 707 224 407 708 201 427 709 225 408 710 225 405 711 200 424 712 226 406 713 227 404 714 200 421 715 199 423 716 221 420 717 199 442 718 205 444 719 719 469 720 727 470 721 716 437 722 717 435 723 727 471 724 728 472 725 230 432 726 237 473 727 238 474 728 231 429 729 238 475 730 239 476 731 232 426 732 239 477 733 240 478 734 232 479 735 241 480 736 233 422 737 233 481 738 235 482 739 234 443 740 234 483 741 236 484 742 228 440 743 236 484 744 212 485 745 211 463 746 727 470 747 724 486 748 721 460 749 727 471 750 720 459 751 728 472 752 237 473 753 209 456 754 238 474 755 238 475 756 208 451 757 239 476 758 240 478 759 208 487 760 207 448 761 240 488 762 206 447 763 241 480 764 235 482 765 206 466 766 212 468 767 242 489 768 251 490 769 250 491 770 244 492 771 251 493 772 243 494 773 244 495 774 253 496 775 252 497 776 245 498 777 254 499 778 253 500 779 246 501 780 255 502 781 254 503 782 248 504 783 255 505 784 247 506 785 248 507 786 257 508 787 256 509 788 242 510 789 257 511 790 249 512 791 249 513 792 247 514 793 245 515 794 270 516 795 271 517 796 266 518 797 250 491 798 285 519 799 286 520 800 252 521 801 285 522 802 251 493 803 253 496 804 284 523 805 252 497 806 254 499 807 283 524 808 253 500 809 694 525 810 696 526 811 693 527 812 694 528 813 698 529 814 695 530 815 256 509 816 280 531 817 281 532 818 257 511 819 286 533 820 280 534 821 259 535 822 279 536 823 258 537 824 259 538 825 277 539 826 278 540 827 260 541 828 276 542 829 277 543 830 261 544 831 275 545 832 276 546 833 699 547 834 701 548 835 702 549 836 703 550 837 701 551 838 700 552 839 264 553 840 274 554 841 263 555 842 258 556 843 273 557 844 264 558 845 273 559 846 271 560 847 274 554 848 701 551 849 705 561 850 706 562 851 701 548 852 707 563 853 702 549 854 276 546 855 269 564 856 268 565 857 277 543 858 268 566 859 267 567 860 278 540 861 267 568 862 266 569 863 278 570 864 265 571 865 279 536 866 279 572 867 272 573 868 273 557 869 280 531 870 263 555 871 281 532 872 698 529 873 700 552 874 695 530 875 696 526 876 700 574 877 699 547 878 283 524 879 262 575 880 261 544 881 284 523 882 261 576 883 260 541 884 285 522 885 260 577 886 259 538 887 285 519 888 258 537 889 286 520 890 286 533 891 264 558 892 280 534 893 288 578 894 295 579 895 287 580 896 288 581 897 297 582 898 296 583 899 290 584 900 297 585 901 289 586 902 291 587 903 298 588 904 290 589 905 787 590 906 789 591 907 786 592 908 292 593 909 301 594 910 300 595 911 293 596 912 302 597 913 301 598 914 287 599 915 302 600 916 294 601 917 289 602 918 288 603 919 292 604 920 296 605 921 322 606 922 295 579 923 296 583 924 320 607 925 321 608 926 297 585 927 319 609 928 320 610 929 298 588 930 318 611 931 319 612 932 660 613 933 662 614 934 663 615 935 664 616 936 662 617 937 661 618 938 666 619 939 665 620 940 664 621 941 295 622 942 317 623 943 302 600 944 304 624 945 334 625 946 303 626 947 304 627 948 332 628 949 333 629 950 305 630 951 331 631 952 332 632 953 306 633 954 330 634 955 331 635 956 668 636 957 670 637 958 671 638 959 672 639 960 670 640 961 669 641 962 674 642 963 673 643 964 672 644 965 303 645 966 329 646 967 308 647 968 665 620 969 674 642 970 672 644 971 662 617 972 672 639 973 669 641 974 662 614 975 668 636 976 663 615 977 318 611 978 306 633 979 319 612 980 319 609 981 305 630 982 320 610 983 320 607 984 304 627 985 321 608 986 322 606 987 304 624 988 303 626 989 317 623 990 303 645 991 308 647 992 677 648 993 678 649 994 679 650 995 680 651 996 679 652 997 681 653 998 680 654 999 683 655 1000 682 656 1001 324 657 1002 312 658 1003 325 659 1004 325 660 1005 311 661 1006 326 662 1007 326 663 1008 310 664 1009 327 665 1010 328 666 1011 310 667 1012 309 668 1013 323 669 1014 309 670 1015 316 671 1016 673 643 1017 676 672 1018 677 648 1019 670 640 1020 677 673 1021 680 651 1022 670 637 1023 682 656 1024 671 638 1025 330 634 1026 325 659 1027 331 635 1028 331 631 1029 326 662 1030 332 632 1031 332 628 1032 327 665 1033 333 629 1034 334 625 1035 327 674 1036 328 666 1037 329 646 1038 328 675 1039 323 669 1040 309 676 1041 311 677 1042 313 678 1043 335 679 1044 343 680 1045 342 681 1046 337 682 1047 343 683 1048 336 684 1049 337 685 1050 345 686 1051 344 687 1052 339 688 1053 345 689 1054 338 690 1055 340 691 1056 346 692 1057 339 693 1058 729 694 1059 731 695 1060 732 696 1061 733 697 1062 731 698 1063 730 699 1064 335 700 1065 348 701 1066 341 702 1067 736 703 1068 738 704 1069 735 705 1070 368 706 1071 369 707 1072 370 708 1073 343 680 1074 377 709 1075 342 681 1076 343 683 1077 375 710 1078 376 711 1079 344 687 1080 374 712 1081 375 713 1082 345 689 1083 373 714 1084 374 715 1085 346 692 1086 372 716 1087 373 717 1088 731 695 1089 741 718 1090 732 696 1091 734 719 1092 740 720 1093 731 698 1094 342 721 1095 371 722 1096 348 701 1097 349 723 1098 357 724 1099 356 725 1100 351 726 1101 357 727 1102 350 728 1103 352 729 1104 358 730 1105 351 731 1106 353 732 1107 359 733 1108 352 734 1109 354 735 1110 360 736 1111 353 737 1112 743 738 1113 745 739 1114 746 740 1115 744 741 1116 748 742 1117 745 743 1118 355 744 1119 356 745 1120 362 746 1121 356 725 1122 364 747 1123 363 748 1124 358 749 1125 364 750 1126 357 727 1127 359 751 1128 365 752 1129 358 730 1130 360 753 1131 366 754 1132 359 733 1133 360 736 1134 368 755 1135 367 756 1136 745 739 1137 750 757 1138 746 740 1139 748 742 1140 749 758 1141 745 743 1142 356 745 1143 370 759 1144 362 746 1145 742 760 1146 744 741 1147 740 720 1148 740 761 1149 743 738 1150 741 718 1151 373 717 1152 354 735 1153 353 737 1154 374 715 1155 353 732 1156 352 734 1157 375 713 1158 352 729 1159 351 731 1160 376 711 1161 351 726 1162 350 728 1163 376 762 1164 349 723 1165 377 709 1166 377 763 1167 355 744 1168 371 722 1169 378 764 1170 386 765 1171 385 766 1172 380 767 1173 386 768 1174 379 769 1175 380 770 1176 388 771 1177 387 772 1178 381 773 1179 389 774 1180 388 775 1181 752 776 1182 754 777 1183 755 778 1184 756 779 1185 754 780 1186 753 781 1187 384 782 1188 390 783 1189 383 784 1190 378 785 1191 391 786 1192 384 787 1193 762 788 1194 758 789 1195 760 790 1196 770 791 1197 764 792 1198 766 793 1199 386 765 1200 419 794 1201 385 766 1202 386 768 1203 417 795 1204 418 796 1205 387 772 1206 416 797 1207 417 798 1208 388 775 1209 415 799 1210 416 800 1211 755 778 1212 771 801 1213 772 802 1214 757 803 1215 771 804 1216 754 780 1217 391 805 1218 414 806 1219 390 783 1220 385 807 1221 413 808 1222 391 786 1223 393 809 1224 425 810 1225 392 811 1226 393 812 1227 423 813 1228 424 814 1229 394 815 1230 422 816 1231 423 817 1232 395 818 1233 421 819 1234 422 820 1235 774 821 1236 776 822 1237 777 823 1238 778 824 1239 776 825 1240 775 826 1241 398 827 1242 420 828 1243 397 829 1244 392 830 1245 426 831 1246 398 832 1247 399 833 1248 407 834 1249 406 835 1250 400 836 1251 408 837 1252 407 838 1253 401 839 1254 409 840 1255 408 841 1256 403 842 1257 409 840 1258 402 843 1259 781 844 1260 767 845 1261 780 846 1262 781 847 1263 769 848 1264 768 849 1265 404 850 1266 412 851 1267 411 852 1268 399 853 1269 412 851 1270 405 854 1271 414 806 1272 398 827 1273 397 829 1274 771 804 1275 778 824 1276 775 826 1277 771 801 1278 774 821 1279 772 802 1280 415 799 1281 395 818 1282 416 800 1283 416 797 1284 394 815 1285 417 798 1286 417 795 1287 393 812 1288 418 796 1289 419 794 1290 393 809 1291 392 811 1292 413 808 1293 392 830 1294 398 832 1295 779 855 1296 784 856 1297 776 825 1298 777 823 1299 784 857 1300 785 858 1301 422 820 1302 429 859 1303 430 860 1304 423 817 1305 430 861 1306 431 862 1307 424 814 1308 431 863 1309 432 864 1310 424 865 1311 433 866 1312 425 810 1313 425 867 1314 427 868 1315 426 831 1316 426 869 1317 428 870 1318 420 828 1319 428 870 1320 405 871 1321 404 850 1322 784 856 1323 782 872 1324 781 847 1325 784 857 1326 780 846 1327 785 858 1328 429 859 1329 402 843 1330 430 860 1331 430 861 1332 401 839 1333 431 862 1334 432 864 1335 401 873 1336 400 836 1337 432 874 1338 399 833 1339 433 866 1340 427 868 1341 399 853 1342 405 854 1343 435 875 1344 442 876 1345 434 877 1346 435 878 1347 444 879 1348 443 880 1349 436 881 1350 445 882 1351 444 883 1352 640 884 1353 642 885 1354 639 886 1355 643 887 1356 641 888 1357 640 889 1358 440 890 1359 446 891 1360 439 892 1361 440 893 1362 448 894 1363 447 895 1364 434 896 1365 448 897 1366 441 898 1367 436 899 1368 435 900 1369 439 901 1370 443 902 1371 470 903 1372 442 876 1373 443 880 1374 468 904 1375 469 905 1376 444 883 1377 467 906 1378 468 907 1379 642 885 1380 645 908 1381 646 909 1382 641 888 1383 647 910 1384 645 911 1385 447 912 1386 466 913 1387 446 891 1388 448 894 1389 465 914 1390 447 895 1391 442 915 1392 464 916 1393 448 897 1394 450 917 1395 484 918 1396 449 919 1397 450 920 1398 482 921 1399 483 922 1400 451 923 1401 481 924 1402 482 925 1403 648 926 1404 650 927 1405 651 928 1406 649 929 1407 653 930 1408 650 931 1409 454 932 1410 480 933 1411 453 934 1412 455 935 1413 479 936 1414 454 937 1415 449 938 1416 478 939 1417 455 940 1418 465 914 1419 455 935 1420 454 937 1421 466 913 1422 454 932 1423 453 934 1424 647 910 1425 649 929 1426 645 911 1427 645 908 1428 648 926 1429 646 909 1430 467 906 1431 451 923 1432 468 907 1433 468 904 1434 450 920 1435 469 905 1436 470 903 1437 450 917 1438 449 919 1439 464 916 1440 449 938 1441 455 940 1442 472 941 1443 463 942 1444 462 943 1445 473 944 1446 462 945 1447 461 946 1448 654 947 1449 657 948 1450 655 949 1451 655 950 1452 659 951 1453 658 952 1454 474 953 1455 458 954 1456 475 955 1457 475 956 1458 457 957 1459 476 958 1460 477 959 1461 457 960 1462 456 961 1463 471 962 1464 456 963 1465 463 964 1466 479 936 1467 471 965 1468 472 941 1469 480 933 1470 472 966 1471 473 944 1472 653 930 1473 655 949 1474 650 931 1475 650 927 1476 658 952 1477 651 928 1478 481 924 1479 475 955 1480 482 925 1481 482 921 1482 476 958 1483 483 922 1484 484 918 1485 476 967 1486 477 959 1487 478 939 1488 477 968 1489 471 962 1490 462 969 1491 463 970 1492 456 971 1493 486 972 1494 493 973 1495 485 974 1496 486 975 1497 495 976 1498 494 977 1499 488 978 1500 495 979 1501 487 980 1502 488 981 1503 497 982 1504 496 983 1505 490 984 1506 497 985 1507 489 986 1508 490 987 1509 499 988 1510 498 989 1511 492 990 1512 499 991 1513 491 992 1514 492 993 1515 493 994 1516 500 995 1517 487 996 1518 486 997 1519 490 998 1520 517 999 1521 519 1000 1522 521 1001 1523 494 1002 1524 501 1003 1525 493 973 1526 494 977 1527 503 1004 1528 502 1005 1529 495 979 1530 504 1006 1531 503 1007 1532 496 983 1533 505 1008 1534 504 1009 1535 497 985 1536 506 1010 1537 505 1011 1538 685 1012 1539 687 1013 1540 684 1014 1541 688 1015 1542 686 1016 1543 685 1017 1544 493 994 1545 507 1018 1546 500 995 1547 502 1019 1548 531 1020 1549 501 1003 1550 502 1005 1551 529 1021 1552 530 1022 1553 503 1007 1554 528 1023 1555 529 1024 1556 504 1009 1557 527 1025 1558 528 1026 1559 505 1011 1560 526 1027 1561 527 1028 1562 686 1029 1563 691 1030 1564 687 1013 1565 689 1031 1566 690 1032 1567 686 1016 1568 501 1033 1569 524 1034 1570 507 1018 1571 509 1035 1572 516 1036 1573 508 1037 1574 509 1038 1575 518 1039 1576 517 1040 1577 511 1041 1578 518 1042 1579 510 1043 1580 511 1044 1581 520 1045 1582 519 1046 1583 513 1047 1584 520 1048 1585 512 1049 1586 513 1050 1587 522 1051 1588 521 1052 1589 515 1053 1590 522 1054 1591 514 1055 1592 515 1056 1593 516 1057 1594 523 1058 1595 979 1059 1596 982 1060 1597 980 1061 1598 980 1062 1599 984 1063 1600 983 1064 1601 527 1028 1602 513 1065 1603 512 1066 1604 528 1026 1605 512 1067 1606 511 1044 1607 529 1024 1608 511 1041 1609 510 1043 1610 530 1022 1611 510 1068 1612 509 1038 1613 530 1069 1614 508 1037 1615 531 1020 1616 531 1070 1617 515 1056 1618 524 1034 1619 533 1071 1620 539 1072 1621 532 1073 1622 862 1074 1623 864 1075 1624 865 1076 1625 866 1077 1626 864 1078 1627 863 1079 1628 535 1080 1629 541 1081 1630 534 1082 1631 535 1083 1632 543 1084 1633 542 1085 1634 536 1086 1635 544 1087 1636 543 1088 1637 538 1089 1638 544 1090 1639 537 1091 1640 538 1092 1641 539 1093 1642 545 1094 1643 866 1095 1644 863 1096 1645 862 1097 1646 566 1098 1647 567 1099 1648 563 1100 1649 539 1072 1650 573 1101 1651 574 1102 1652 864 1075 1653 874 1103 1654 865 1076 1655 867 1104 1656 873 1105 1657 864 1078 1658 542 1106 1659 572 1107 1660 541 1081 1661 543 1084 1662 571 1108 1663 542 1085 1664 543 1088 1665 569 1109 1666 570 1110 1667 544 1090 1668 568 1111 1669 569 1112 1670 545 1094 1671 574 1113 1672 568 1114 1673 547 1115 1674 581 1116 1675 546 1117 1676 876 1118 1677 878 1119 1678 879 1120 1679 877 1121 1680 881 1122 1681 878 1123 1682 548 1124 1683 578 1125 1684 579 1126 1685 549 1127 1686 577 1128 1687 578 1129 1688 551 1130 1689 577 1131 1690 550 1132 1691 552 1133 1692 576 1134 1693 551 1135 1694 546 1136 1695 575 1137 1696 552 1138 1697 554 1139 1698 587 1140 1699 553 1141 1700 882 1142 1701 884 1143 1702 885 1144 1703 883 1145 1704 887 1146 1705 884 1147 1706 555 1148 1707 584 1149 1708 585 1150 1709 556 1151 1710 583 1152 1711 584 1153 1712 558 1154 1713 583 1155 1714 557 1156 1715 559 1157 1716 582 1158 1717 558 1159 1718 553 1160 1719 588 1161 1720 559 1162 1721 568 1111 1722 551 1135 1723 569 1112 1724 569 1109 1725 550 1132 1726 570 1110 1727 571 1108 1728 550 1163 1729 549 1127 1730 572 1107 1731 549 1164 1732 548 1124 1733 873 1105 1734 880 1165 1735 877 1121 1736 874 1103 1737 877 1166 1738 876 1118 1739 573 1101 1740 546 1117 1741 574 1102 1742 574 1113 1743 552 1138 1744 568 1114 1745 576 1134 1746 559 1157 1747 558 1159 1748 577 1131 1749 558 1154 1750 557 1156 1751 577 1128 1752 556 1151 1753 578 1129 1754 578 1125 1755 555 1148 1756 579 1126 1757 881 1122 1758 883 1145 1759 878 1123 1760 878 1119 1761 882 1142 1762 879 1120 1763 581 1116 1764 554 1139 1765 553 1141 1766 575 1137 1767 553 1160 1768 559 1162 1769 583 1155 1770 566 1167 1771 565 1168 1772 583 1152 1773 564 1169 1774 584 1153 1775 584 1149 1776 563 1170 1777 585 1150 1778 887 1146 1779 889 1171 1780 884 1147 1781 884 1143 1782 890 1172 1783 885 1144 1784 587 1140 1785 561 1173 1786 560 1174 1787 588 1161 1788 560 1175 1789 567 1176 1790 582 1158 1791 567 1177 1792 566 1178 1793 590 1179 1794 596 1180 1795 589 1181 1796 590 1182 1797 598 1183 1798 597 1184 1799 591 1185 1800 599 1186 1801 598 1187 1802 593 1188 1803 599 1189 1804 592 1190 1805 836 1191 1806 838 1192 1807 839 1193 1808 840 1194 1809 838 1195 1810 837 1196 1811 594 1197 1812 602 1198 1813 601 1199 1814 589 1200 1815 602 1201 1816 595 1202 1817 846 1203 1818 842 1204 1819 844 1205 1820 596 1180 1821 623 1206 1822 624 1207 1823 598 1183 1824 623 1208 1825 597 1184 1826 599 1186 1827 622 1209 1828 598 1187 1829 600 1210 1830 621 1211 1831 599 1189 1832 838 1192 1833 848 1212 1834 839 1193 1835 838 1195 1836 849 1213 1837 847 1214 1838 601 1199 1839 618 1215 1840 619 1216 1841 602 1201 1842 624 1217 1843 618 1218 1844 604 1219 1845 638 1220 1846 603 1221 1847 604 1222 1848 636 1223 1849 637 1224 1850 605 1225 1851 635 1226 1852 636 1227 1853 606 1228 1854 634 1229 1855 635 1230 1856 850 1231 1857 852 1232 1858 853 1233 1859 854 1234 1860 852 1235 1861 851 1236 1862 609 1237 1863 633 1238 1864 608 1239 1865 603 1240 1866 632 1241 1867 609 1242 1868 618 1215 1869 608 1239 1870 619 1216 1871 849 1213 1872 851 1236 1873 847 1214 1874 848 1212 1875 851 1243 1876 850 1231 1877 621 1211 1878 607 1244 1879 606 1228 1880 622 1209 1881 606 1245 1882 605 1225 1883 623 1208 1884 605 1246 1885 604 1222 1886 623 1206 1887 603 1221 1888 624 1207 1889 624 1217 1890 609 1242 1891 618 1218 1892 626 1247 1893 617 1248 1894 616 1249 1895 857 1250 1896 858 1251 1897 859 1252 1898 857 1253 1899 861 1254 1900 860 1255 1901 627 1256 1902 613 1257 1903 628 1258 1904 628 1259 1905 612 1260 1906 629 1261 1907 629 1262 1908 611 1263 1909 630 1264 1910 631 1265 1911 611 1266 1912 610 1267 1913 625 1268 1914 610 1269 1915 617 1270 1916 633 1238 1917 625 1271 1918 626 1247 1919 852 1235 1920 856 1272 1921 857 1250 1922 852 1232 1923 860 1255 1924 853 1233 1925 634 1229 1926 628 1258 1927 635 1230 1928 635 1226 1929 629 1261 1930 636 1227 1931 636 1223 1932 630 1264 1933 637 1224 1934 638 1220 1935 630 1273 1936 631 1265 1937 632 1241 1938 631 1274 1939 625 1268 1940 610 1275 1941 612 1276 1942 614 1277 1943 438 1278 1944 639 1279 1945 437 1280 1946 445 1281 1947 639 1282 1948 642 1283 1949 438 1278 1950 643 1284 1951 640 1285 1952 446 1286 1953 643 1287 1954 439 1288 1955 445 1281 1956 646 1289 1957 467 1290 1958 446 1286 1959 647 1291 1960 644 1292 1961 452 1293 1962 651 1294 1963 481 1295 1964 453 1296 1965 653 1297 1966 652 1298 1967 453 1296 1968 647 1291 1969 466 1299 1970 452 1300 1971 646 1289 1972 648 1301 1973 461 1302 1974 654 1303 1975 473 1304 1976 460 1305 1977 656 1306 1978 461 1307 1979 460 1305 1980 659 1308 1981 657 1309 1982 459 1310 1983 658 1311 1984 659 1312 1985 473 1304 1986 653 1297 1987 480 1313 1988 474 1314 1989 651 1315 1990 658 1311 1991 300 1316 1992 660 1317 1993 299 1318 1994 299 1319 1995 663 1320 1996 318 1321 1997 301 1322 1998 661 1323 1999 300 1316 2000 301 1322 2001 666 1324 2002 664 1325 2003 302 1326 2004 667 1327 2005 666 1328 2006 307 1329 2007 671 1330 2008 330 1331 2009 308 1332 2010 675 1333 2011 674 1334 2012 308 1335 2013 667 1327 2014 317 1336 2015 307 1329 2016 663 1320 2017 668 1337 2018 316 1338 2019 676 1339 2020 323 1340 2021 315 1341 2022 678 1342 2023 316 1343 2024 314 1344 2025 679 1345 2026 315 1341 2027 314 1344 2028 683 1346 2029 681 1347 2030 313 1348 2031 682 1349 2032 683 1350 2033 323 1340 2034 675 1351 2035 329 1352 2036 324 1353 2037 671 1330 2038 682 1349 2039 499 1354 2040 684 1355 2041 498 1356 2042 498 1357 2043 687 1358 2044 506 1359 2045 499 1354 2046 688 1360 2047 685 1361 2048 500 1362 2049 689 1363 2050 688 1364 2051 525 1365 2052 691 1366 2053 690 1367 2054 506 1359 2055 691 1368 2056 526 1369 2057 524 1370 2058 689 1363 2059 507 1371 2060 525 1365 2061 692 1372 2062 524 1373 2063 255 1374 2064 693 1375 2065 254 1376 2066 282 1377 2067 693 1378 2068 696 1379 2069 255 1374 2070 697 1380 2071 694 1381 2072 281 1382 2073 697 1383 2074 256 1384 2075 262 1385 2076 702 1386 2077 275 1387 2078 263 1388 2079 704 1389 2080 703 1390 2081 271 1391 2082 704 1389 2083 274 1392 2084 270 516 2085 705 1393 2086 271 517 2087 270 516 2088 707 1394 2089 706 1395 2090 269 1396 2091 702 1386 2092 707 1397 2093 281 1382 2094 703 1390 2095 698 1398 2096 282 1377 2097 699 1399 2098 262 1385 2099 196 1400 2100 708 1401 2101 195 1402 2102 195 1403 2103 711 1404 2104 223 1405 2105 196 1400 2106 712 1406 2107 709 1407 2108 197 1408 2109 713 1409 2110 712 1410 2111 203 1411 2112 717 1412 2113 229 1413 2114 204 1414 2115 719 1415 2116 718 1416 2117 218 402 2118 723 1417 2119 722 1418 2120 217 1419 2121 720 1420 2122 723 1421 2123 219 1422 2124 724 1423 2125 211 1424 2126 218 402 2127 725 1425 2128 219 1426 2129 204 1414 2130 713 1409 2131 222 1427 2132 203 1411 2133 711 1404 2134 714 1428 2135 228 1429 2136 726 1430 2137 719 1415 2138 229 1413 2139 728 1431 2140 237 1432 2141 211 1424 2142 726 1430 2143 236 1433 2144 210 1434 2145 728 1431 2146 720 1420 2147 340 1435 2148 732 1436 2149 347 1437 2150 341 1438 2151 734 1439 2152 733 1440 2153 341 702 2154 735 1441 2155 335 700 2156 340 691 2157 736 1442 2158 729 1443 2159 339 688 2160 737 1444 2161 736 1445 2162 338 1446 2163 738 1447 2164 737 1448 2165 336 684 2166 738 1449 2167 337 682 2168 335 679 2169 739 1450 2170 336 1451 2171 347 1437 2172 741 1452 2173 372 1453 2174 348 1454 2175 742 1455 2176 734 1439 2177 361 1456 2178 743 1457 2179 746 1458 2180 362 1459 2181 747 1460 2182 355 1461 2183 369 707 2184 750 1462 2185 749 1463 2186 361 1456 2187 750 1464 2188 368 1465 2189 362 1459 2190 751 1466 2191 748 1467 2192 369 707 2193 751 1468 2194 370 708 2195 355 1461 2196 742 1455 2197 371 1469 2198 354 1470 2199 741 1452 2200 743 1457 2201 382 1471 2202 755 1472 2203 389 1473 2204 383 1474 2205 757 1475 2206 756 1476 2207 378 785 2208 758 1477 2209 759 1478 2210 383 784 2211 758 1479 2212 384 782 2213 382 1480 2214 760 1481 2215 752 1482 2216 380 770 2217 760 1483 2218 381 1484 2219 379 769 2220 761 1485 2221 380 767 2222 379 1486 2223 759 1487 2224 762 1488 2225 406 835 2226 764 1489 2227 763 1490 2228 408 837 2229 764 1491 2230 407 838 2231 408 841 2232 766 1492 2233 765 1493 2234 409 840 2235 767 1494 2236 766 1492 2237 412 851 2238 769 1495 2239 411 852 2240 406 1496 2241 770 1497 2242 412 851 2243 389 1473 2244 772 1498 2245 415 1499 2246 390 1500 2247 773 1501 2248 757 1475 2249 396 1502 2250 777 1503 2251 421 1504 2252 397 1505 2253 779 1506 2254 778 1507 2255 410 1508 2256 780 1509 2257 767 1494 2258 411 852 2259 782 1510 2260 404 1511 2261 397 1505 2262 773 1501 2263 414 1512 2264 396 1502 2265 772 1498 2266 774 1513 2267 420 1514 2268 783 1515 2269 779 1506 2270 421 1504 2271 785 1516 2272 429 1517 2273 404 1511 2274 783 1515 2275 428 1518 2276 403 1519 2277 785 1516 2278 780 1509 2279 292 1520 2280 786 1521 2281 291 1522 2282 300 1523 2283 787 1524 2284 292 1520 2285 299 1525 2286 788 1526 2287 300 1523 2288 291 1522 2289 789 1527 2290 299 1525 2291 92 1528 2292 791 1529 2293 99 1530 2294 100 1531 2295 792 1532 2296 93 1533 2297 98 1534 2298 790 1535 2299 92 1528 2300 97 1536 2301 794 1537 2302 98 1534 2303 96 1538 2304 795 1539 2305 97 1536 2306 95 1540 2307 796 1541 2308 96 1538 2309 94 1542 2310 797 1543 2311 95 1540 2312 93 1533 2313 798 1544 2314 94 1542 2315 115 1545 2316 801 1546 2317 114 1547 2318 116 1548 2319 802 1549 2320 115 1545 2321 117 1550 2322 803 1551 2323 116 1548 2324 118 1552 2325 804 1553 2326 117 1550 2327 119 1554 2328 805 1555 2329 118 1552 2330 113 1556 2331 806 1557 2332 119 1554 2333 99 1530 2334 807 1558 2335 133 1559 2336 132 1560 2337 793 1561 2338 100 1531 2339 106 1562 2340 810 1563 2341 126 1564 2342 125 1565 2343 811 1566 2344 107 1567 2345 114 1547 2346 812 1568 2347 125 1565 2348 126 1564 2349 799 1569 2350 113 1556 2351 107 1567 2352 808 1570 2353 132 1560 2354 133 1559 2355 809 1571 2356 106 1562 2357 790 1572 2358 816 1573 2359 791 1574 2360 792 1575 2361 818 1576 2362 817 1577 2363 790 1578 2364 819 1579 2365 813 1580 2366 795 1581 2367 819 1582 2368 794 1583 2369 796 1584 2370 820 1585 2371 795 1586 2372 796 1587 2373 822 1588 2374 821 1589 2375 797 1590 2376 823 1591 2377 822 1592 2378 792 1593 2379 823 1594 2380 798 1595 2381 791 1574 2382 825 1596 2383 807 1597 2384 793 1598 2385 826 1599 2386 818 1576 2387 810 1600 2388 827 1601 2389 830 1602 2390 812 1603 2391 831 1604 2392 811 1605 2393 812 1603 2394 833 1606 2395 832 1607 2396 800 1608 2397 833 1609 2398 801 1610 2399 800 1608 2400 835 1611 2401 834 1612 2402 810 1600 2403 835 1613 2404 799 1614 2405 811 1605 2406 826 1599 2407 808 1615 2408 809 1616 2409 825 1596 2410 827 1601 2411 593 1617 2412 839 1618 2413 600 1619 2414 594 1620 2415 841 1621 2416 840 1622 2417 595 1202 2418 843 1623 2419 589 1200 2420 594 1197 2421 842 1624 2422 595 1625 2423 593 1188 2424 844 1626 2425 836 1627 2426 591 1185 2427 844 1628 2428 592 1629 2429 590 1182 2430 845 1630 2431 591 1631 2432 589 1181 2433 846 1632 2434 590 1179 2435 620 1633 2436 839 1618 2437 848 1634 2438 619 1635 2439 841 1621 2440 601 1636 2441 607 1637 2442 853 1638 2443 634 1639 2444 608 1640 2445 855 1641 2446 854 1642 2447 608 1640 2448 849 1643 2449 619 1635 2450 607 1637 2451 848 1634 2452 850 1644 2453 616 1645 2454 856 1646 2455 626 1647 2456 615 1648 2457 858 1649 2458 616 1650 2459 615 1648 2460 861 1651 2461 859 1652 2462 614 1653 2463 860 1654 2464 861 1655 2465 626 1647 2466 855 1641 2467 633 1656 2468 627 1657 2469 853 1638 2470 860 1654 2471 533 1658 2472 865 1659 2473 540 1660 2474 534 1661 2475 867 1662 2476 866 1663 2477 538 1092 2478 869 1664 2479 532 1665 2480 537 1091 2481 868 1666 2482 538 1089 2483 536 1086 2484 870 1667 2485 537 1668 2486 536 1669 2487 872 1670 2488 871 1671 2489 534 1082 2490 872 1672 2491 535 1080 2492 533 1071 2493 869 1673 2494 862 1674 2495 540 1660 2496 874 1675 2497 573 1676 2498 541 1677 2499 875 1678 2500 867 1662 2501 580 1679 2502 876 1680 2503 879 1681 2504 579 1682 2505 880 1683 2506 548 1684 2507 586 1685 2508 882 1686 2509 885 1687 2510 585 1688 2511 886 1689 2512 555 1690 2513 548 1684 2514 875 1678 2515 572 1691 2516 547 1692 2517 874 1675 2518 876 1680 2519 579 1693 2520 886 1694 2521 881 1695 2522 580 1679 2523 882 1686 2524 554 1696 2525 585 1688 2526 888 1697 2527 887 1698 2528 562 1699 2529 888 1700 2530 563 1100 2531 562 1699 2532 890 1701 2533 889 1702 2534 586 1685 2535 890 1703 2536 561 1704 2537 4 1705 2538 894 1706 2539 11 1707 2540 5 1708 2541 896 1709 2542 895 1710 2543 6 23 2544 898 1711 2545 0 21 2546 5 18 2547 897 1712 2548 6 1713 2549 4 9 2550 899 1714 2551 891 1715 2552 2 6 2553 899 1716 2554 3 1717 2555 1 5 2556 900 1718 2557 2 3 2558 0 0 2559 901 1719 2560 1 1720 2561 11 1707 2562 903 1721 2563 38 1722 2564 12 1723 2565 904 1724 2566 896 1709 2567 25 1725 2568 905 1726 2569 908 1727 2570 26 1728 2571 909 1729 2572 19 1730 2573 33 28 2574 912 1731 2575 911 1732 2576 25 1725 2577 912 1733 2578 32 1734 2579 26 1728 2580 913 1735 2581 910 1736 2582 33 28 2583 913 1737 2584 34 1738 2585 19 1730 2586 904 1724 2587 37 1739 2588 18 1740 2589 903 1721 2590 905 1726 2591 140 1741 2592 916 1742 2593 134 1743 2594 139 1744 2595 919 1745 2596 145 1746 2597 138 1747 2598 918 1748 2599 139 1744 2600 137 1749 2601 920 1750 2602 138 1747 2603 136 1751 2604 921 1752 2605 137 1749 2606 135 1753 2607 922 1754 2608 136 1751 2609 134 1743 2610 923 1755 2611 135 1753 2612 170 1756 2613 917 1757 2614 140 1741 2615 145 1746 2616 926 1758 2617 165 1759 2618 176 1760 2619 929 1761 2620 146 1762 2621 151 1763 2622 932 1764 2623 171 1765 2624 181 1766 2625 935 1767 2626 152 1768 2627 157 1769 2628 938 1770 2629 182 1771 2630 146 1762 2631 925 1772 2632 170 1756 2633 165 1759 2634 931 1773 2635 151 1763 2636 152 1768 2637 930 1774 2638 176 1760 2639 171 1765 2640 937 1775 2641 157 1769 2642 159 1776 2643 936 1777 2644 181 1766 2645 954 1778 2646 976 1779 2647 955 1780 2648 954 1781 2649 978 1782 2650 977 1783 2651 164 1784 2652 940 1785 2653 158 1786 2654 182 1771 2655 941 1787 2656 164 1784 2657 914 1788 2658 945 1789 2659 915 1790 2660 916 1791 2661 947 1792 2662 946 1793 2663 914 285 2664 948 1794 2665 942 1795 2666 918 1796 2667 949 1797 2668 948 1798 2669 920 1799 2670 950 1800 2671 949 1801 2672 921 1802 2673 951 1803 2674 950 1804 2675 922 1805 2676 952 1806 2677 951 1807 2678 916 1808 2679 952 1809 2680 923 1810 2681 160 1811 2682 955 1812 2683 159 366 2684 160 365 2685 957 1813 2686 956 1814 2687 161 364 2688 958 1815 2689 957 1816 2690 163 362 2691 958 1817 2692 162 363 2693 164 372 2694 959 1818 2695 163 373 2696 164 1819 2697 953 1820 2698 960 1821 2699 915 1790 2700 962 1822 2701 924 1823 2702 917 1824 2703 963 1825 2704 947 1792 2705 928 1826 2706 964 1827 2707 967 1828 2708 930 1829 2709 968 1830 2710 929 1831 2711 934 1832 2712 970 1833 2713 973 1834 2714 936 1835 2715 974 1836 2716 935 1837 2717 929 1831 2718 963 1825 2719 925 1838 2720 927 1839 2721 962 1822 2722 964 1827 2723 930 1829 2724 974 1836 2725 969 1840 2726 928 1826 2727 970 1833 2728 933 1841 2729 939 1842 2730 975 1843 2731 936 1835 2732 940 1844 2733 973 1834 2734 978 1845 2735 159 1846 2736 976 1847 2737 939 1842 2738 158 1848 2739 978 1845 2740 953 1849 2741 525 1850 2742 979 1851 2743 980 1852 2744 515 1853 2745 979 1854 2746 524 1855 2747 514 1856 2748 981 1857 2749 515 1858 2750 525 1850 2751 983 1859 2752 526 1860 2753 514 1856 2754 984 1861 2755 982 1862 2756 526 1863 2757 984 1864 2758 513 1864 2759 87 1865 2760 985 1866 2761 986 1867 2762 86 1868 2763 987 1869 2764 985 1870 2765 60 117 2766 987 1871 2767 62 119 2768 87 1865 2769 989 1872 2770 88 1873 2771 60 117 2772 990 1874 2773 988 1875 2774 59 1876 2775 989 1877 2776 990 1878 2777 44 1879 2778 991 1880 2779 992 1881 2780 44 92 2781 994 1882 2782 45 90 2783 45 95 2784 995 1883 2785 46 93 2786 46 98 2787 996 1884 2788 47 96 2789 47 99 2790 997 1885 2791 48 1886 2792 49 1887 2793 997 1888 2794 998 1889 2795 50 1890 2796 998 1891 2797 999 1892 2798 43 1893 2799 999 1894 2800 991 1895 2801 0 0 2802 1 1720 2803 8 1 2804 2 3 2805 9 1896 2806 8 4 2807 2 6 2808 3 1717 2809 10 7 2810 4 9 2811 11 1897 2812 10 10 2813 891 12 2814 892 1898 2815 893 13 2816 895 15 2817 896 39 2818 893 16 2819 5 18 2820 6 1713 2821 13 19 2822 0 21 2823 7 42 2824 13 22 2825 901 24 2826 898 1899 2827 897 25 2828 897 25 2829 895 1900 2830 899 26 2831 895 1900 2832 892 1901 2833 891 1902 2834 899 26 2835 895 1900 2836 891 1902 2837 899 26 2838 900 1903 2839 901 24 2840 35 29 2841 28 1904 2842 29 1905 2843 29 1905 2844 30 1906 2845 35 29 2846 30 1906 2847 31 27 2848 35 29 2849 31 27 2850 32 1907 2851 33 28 2852 33 28 2853 34 1738 2854 35 29 2855 8 1 2856 41 85 2857 42 30 2858 8 4 2859 9 1896 2860 40 31 2861 9 8 2862 10 7 2863 39 33 2864 10 10 2865 11 1897 2866 38 35 2867 894 14 2868 893 13 2869 902 37 2870 896 39 2871 904 84 2872 902 40 2873 13 19 2874 36 83 2875 37 41 2876 7 42 2877 42 86 2878 36 43 2879 14 44 2880 15 1908 2881 22 45 2882 16 47 2883 23 70 2884 22 48 2885 17 50 2886 24 1909 2887 23 51 2888 18 53 2889 25 74 2890 24 54 2891 906 56 2892 907 76 2893 908 57 2894 906 59 2895 909 1910 2896 910 60 2897 19 62 2898 20 1911 2899 27 63 2900 20 65 2901 14 1912 2902 21 66 2903 21 46 2904 22 45 2905 29 68 2906 23 70 2907 30 1913 2908 29 71 2909 23 51 2910 24 1909 2911 31 72 2912 25 74 2913 32 1914 2914 31 75 2915 907 76 2916 911 1915 2917 912 77 2918 907 61 2919 910 60 2920 913 78 2921 26 64 2922 27 63 2923 35 80 2924 21 66 2925 28 1916 2926 35 82 2927 36 83 2928 20 1911 2929 19 62 2930 904 84 2931 909 1910 2932 906 59 2933 903 38 2934 902 37 2935 906 56 2936 39 36 2937 38 35 2938 18 53 2939 40 34 2940 39 33 2941 17 50 2942 41 32 2943 40 31 2944 16 47 2945 41 85 2946 15 1908 2947 14 44 2948 42 86 2949 14 1912 2950 20 65 2951 43 87 2952 44 1879 2953 74 88 2954 45 90 2955 73 1917 2956 74 91 2957 46 93 2958 72 1918 2959 73 94 2960 47 96 2961 71 1919 2962 72 97 2963 47 99 2964 48 1886 2965 70 100 2966 48 102 2967 49 1887 2968 69 103 2969 49 105 2970 50 1890 2971 68 106 2972 50 108 2973 43 1893 2974 75 109 2975 51 125 2976 52 1920 2977 87 126 2978 52 128 2979 53 1921 2980 86 129 2981 53 131 2982 54 1922 2983 85 132 2984 54 134 2985 55 1923 2986 84 135 2987 56 137 2988 91 176 2989 84 138 2990 57 140 2991 90 1924 2992 91 141 2993 58 143 2994 89 1925 2995 90 144 2996 51 146 2997 88 1926 2998 89 147 2999 68 106 3000 76 1927 3001 77 149 3002 69 103 3003 77 1928 3004 78 150 3005 71 101 3006 70 100 3007 78 151 3008 72 97 3009 71 1919 3010 79 153 3011 73 94 3012 72 1918 3013 80 155 3014 74 91 3015 73 1917 3016 81 157 3017 74 88 3018 82 161 3019 83 159 3020 75 109 3021 83 1929 3022 76 160 3023 77 149 3024 76 1927 3025 58 143 3026 78 150 3027 77 1928 3028 57 140 3029 79 152 3030 78 151 3031 56 137 3032 79 153 3033 55 1923 3034 54 134 3035 80 155 3036 54 1922 3037 53 131 3038 81 157 3039 53 1921 3040 52 128 3041 82 161 3042 52 1920 3043 51 125 3044 76 160 3045 83 1929 3046 51 146 3047 84 135 3048 64 1930 3049 63 162 3050 85 132 3051 63 1931 3052 62 163 3053 985 164 3054 987 1932 3055 988 165 3056 989 167 3057 986 1933 3058 988 168 3059 89 147 3060 88 1926 3061 59 170 3062 90 144 3063 89 1925 3064 67 172 3065 91 141 3066 90 1924 3067 66 174 3068 91 176 3069 65 1934 3070 64 177 3071 813 178 3072 814 1935 3073 815 179 3074 817 181 3075 818 210 3076 815 182 3077 94 184 3078 101 212 3079 100 185 3080 95 187 3081 102 214 3082 101 188 3083 96 190 3084 103 216 3085 102 191 3086 96 193 3087 97 1936 3088 104 194 3089 97 196 3090 98 1937 3091 105 197 3092 98 199 3093 92 1938 3094 99 200 3095 814 1939 3096 813 1940 3097 817 1941 3098 813 1940 3099 819 202 3100 817 1941 3101 819 202 3102 820 1942 3103 821 203 3104 821 203 3105 822 1943 3106 823 204 3107 823 204 3108 817 1941 3109 819 202 3110 806 207 3111 799 1944 3112 800 1608 3113 800 1608 3114 801 1610 3115 802 205 3116 802 205 3117 803 1945 3118 804 206 3119 804 206 3120 805 1946 3121 806 207 3122 806 207 3123 800 1608 3124 802 205 3125 816 180 3126 815 179 3127 824 208 3128 818 210 3129 826 1947 3130 824 211 3131 101 212 3132 131 1948 3133 132 213 3134 102 214 3135 130 1949 3136 131 215 3137 103 216 3138 129 1950 3139 130 217 3140 103 195 3141 104 194 3142 128 218 3143 104 198 3144 105 197 3145 127 220 3146 105 201 3147 99 200 3148 133 222 3149 828 224 3150 829 1951 3151 830 225 3152 828 227 3153 831 263 3154 832 228 3155 107 230 3156 108 262 3157 124 231 3158 108 233 3159 109 261 3160 123 234 3161 109 236 3162 110 260 3163 122 237 3164 111 239 3165 121 1952 3166 122 240 3167 112 242 3168 120 1953 3169 121 243 3170 106 245 3171 126 1954 3172 120 246 3173 121 243 3174 120 1953 3175 119 248 3176 122 240 3177 121 1952 3178 118 250 3179 122 237 3180 117 1955 3181 116 252 3182 123 234 3183 116 1956 3184 115 253 3185 124 231 3186 115 1957 3187 114 254 3188 832 228 3189 833 1958 3190 834 255 3191 830 225 3192 829 1951 3193 834 256 3194 120 246 3195 126 1954 3196 113 258 3197 127 220 3198 112 242 3199 111 244 3200 128 218 3201 111 239 3202 110 241 3203 130 217 3204 129 1950 3205 110 260 3206 131 215 3207 130 1949 3208 109 261 3209 132 213 3210 131 1948 3211 108 262 3212 824 211 3213 826 1947 3214 831 263 3215 824 208 3216 828 224 3217 827 226 3218 133 222 3219 106 245 3220 112 247 3221 942 264 3222 943 1959 3223 944 265 3224 946 267 3225 947 296 3226 944 268 3227 135 270 3228 141 298 3229 140 271 3230 136 273 3231 142 300 3232 141 274 3233 137 276 3234 143 302 3235 142 277 3236 137 279 3237 138 1960 3238 144 280 3239 138 282 3240 139 1961 3241 145 283 3242 914 285 3243 915 1962 3244 919 286 3245 943 1963 3246 942 1964 3247 946 1965 3248 942 1964 3249 948 288 3250 952 290 3251 948 288 3252 949 1966 3253 950 289 3254 950 289 3255 951 1967 3256 952 290 3257 952 290 3258 946 1965 3259 942 1964 3260 960 1968 3261 953 1969 3262 955 291 3263 953 1969 3264 954 1970 3265 955 291 3266 955 291 3267 956 1971 3268 957 292 3269 958 293 3270 959 1972 3271 955 291 3272 959 1972 3273 960 1968 3274 955 291 3275 945 266 3276 944 265 3277 961 294 3278 947 296 3279 963 1973 3280 961 297 3281 141 298 3282 169 1974 3283 170 299 3284 142 300 3285 168 1975 3286 169 301 3287 143 302 3288 167 1976 3289 168 303 3290 143 281 3291 144 280 3292 166 304 3293 144 284 3294 145 283 3295 165 306 3296 919 286 3297 915 1962 3298 924 308 3299 965 310 3300 966 1977 3301 967 311 3302 965 313 3303 968 361 3304 969 314 3305 146 316 3306 147 360 3307 175 317 3308 147 319 3309 148 359 3310 174 320 3311 148 322 3312 149 358 3313 173 323 3314 150 325 3315 172 1978 3316 173 326 3317 151 328 3318 171 1979 3319 172 329 3320 927 331 3321 928 1980 3322 932 332 3323 971 334 3324 972 1981 3325 973 335 3326 971 337 3327 974 1982 3328 975 338 3329 152 340 3330 153 1983 3331 180 341 3332 153 343 3333 154 1984 3334 179 344 3335 154 346 3336 155 1985 3337 178 347 3338 156 349 3339 177 1986 3340 178 350 3341 157 352 3342 182 1987 3343 177 353 3344 933 355 3345 934 1988 3346 938 356 3347 165 306 3348 151 328 3349 150 330 3350 166 304 3351 150 325 3352 149 327 3353 168 303 3354 167 1976 3355 149 358 3356 169 301 3357 168 1975 3358 148 359 3359 170 299 3360 169 1974 3361 147 360 3362 961 297 3363 963 1973 3364 968 361 3365 961 294 3366 965 310 3367 964 312 3368 924 308 3369 927 331 3370 931 333 3371 172 329 3372 171 1979 3373 157 352 3374 173 326 3375 172 1978 3376 156 349 3377 173 323 3378 155 1985 3379 154 346 3380 174 320 3381 154 1984 3382 153 343 3383 175 317 3384 153 1983 3385 152 340 3386 969 314 3387 974 1982 3388 971 337 3389 967 311 3390 966 1977 3391 971 334 3392 932 332 3393 928 1980 3394 933 355 3395 178 350 3396 177 1986 3397 163 362 3398 178 347 3399 162 1989 3400 161 364 3401 179 344 3402 161 1990 3403 160 365 3404 180 341 3405 160 1811 3406 159 366 3407 975 338 3408 976 1991 3409 977 367 3410 973 335 3411 972 1981 3412 977 368 3413 938 356 3414 934 1988 3415 940 370 3416 177 353 3417 182 1987 3418 164 372 3419 183 374 3420 184 1992 3421 192 375 3422 185 377 3423 193 1993 3424 192 378 3425 185 380 3426 186 1994 3427 194 381 3428 186 383 3429 187 1995 3430 195 384 3431 188 386 3432 196 1996 3433 195 387 3434 188 389 3435 189 1997 3436 197 390 3437 190 392 3438 198 417 3439 197 393 3440 183 395 3441 191 419 3442 198 396 3443 184 398 3444 183 1998 3445 190 399 3446 190 399 3447 189 1999 3448 188 400 3449 188 400 3450 187 2000 3451 184 398 3452 187 2000 3453 186 2001 3454 184 398 3455 186 2001 3456 185 2002 3457 184 398 3458 220 403 3459 213 2003 3460 214 2004 3461 214 2004 3462 215 2005 3463 220 403 3464 215 2005 3465 216 401 3466 220 403 3467 216 401 3468 217 2006 3469 218 402 3470 218 402 3471 219 1426 3472 220 403 3473 192 375 3474 226 2007 3475 227 404 3476 192 378 3477 193 1993 3478 225 405 3479 193 382 3480 194 381 3481 224 407 3482 194 385 3483 195 384 3484 223 409 3485 708 411 3486 709 2008 3487 710 412 3488 712 414 3489 713 2009 3490 710 415 3491 198 417 3492 221 2010 3493 222 418 3494 191 419 3495 227 2011 3496 221 420 3497 200 421 3498 232 479 3499 233 422 3500 200 424 3501 201 2012 3502 231 425 3503 201 427 3504 202 2013 3505 230 428 3506 202 430 3507 203 2014 3508 229 431 3509 714 433 3510 715 2015 3511 716 434 3512 718 436 3513 719 469 3514 716 437 3515 205 439 3516 234 483 3517 228 440 3518 199 442 3519 233 481 3520 234 443 3521 207 445 3522 214 2016 3523 213 446 3524 207 448 3525 208 487 3526 215 449 3527 208 451 3528 209 2017 3529 216 452 3530 210 454 3531 217 2018 3532 216 455 3533 721 457 3534 722 2019 3535 723 458 3536 721 460 3537 724 486 3538 725 461 3539 211 463 3540 212 485 3541 220 464 3542 206 466 3543 213 2020 3544 220 467 3545 222 418 3546 221 2010 3547 205 439 3548 710 415 3549 713 2009 3550 718 436 3551 710 412 3552 715 2015 3553 714 433 3554 223 409 3555 203 2014 3556 202 430 3557 224 407 3558 202 2013 3559 201 427 3560 225 405 3561 201 2012 3562 200 424 3563 227 404 3564 226 2007 3565 200 421 3566 221 420 3567 227 2011 3568 199 442 3569 719 469 3570 726 2021 3571 727 470 3572 717 435 3573 716 434 3574 727 471 3575 230 432 3576 229 431 3577 237 473 3578 231 429 3579 230 428 3580 238 475 3581 232 426 3582 231 425 3583 239 477 3584 232 479 3585 240 488 3586 241 480 3587 233 481 3588 241 2022 3589 235 482 3590 234 483 3591 235 2023 3592 236 484 3593 236 484 3594 235 2023 3595 212 485 3596 727 470 3597 726 2021 3598 724 486 3599 727 471 3600 721 457 3601 720 459 3602 237 473 3603 210 454 3604 209 456 3605 238 475 3606 209 2017 3607 208 451 3608 240 478 3609 239 477 3610 208 487 3611 240 488 3612 207 445 3613 206 447 3614 235 482 3615 241 2022 3616 206 466 3617 242 489 3618 243 2024 3619 251 490 3620 244 492 3621 252 521 3622 251 493 3623 244 495 3624 245 2025 3625 253 496 3626 245 498 3627 246 2026 3628 254 499 3629 246 501 3630 247 2027 3631 255 502 3632 248 504 3633 256 2028 3634 255 505 3635 248 507 3636 249 2029 3637 257 508 3638 242 510 3639 250 2030 3640 257 511 3641 243 2031 3642 242 2032 3643 249 513 3644 249 513 3645 248 2033 3646 247 514 3647 247 514 3648 246 2034 3649 245 515 3650 245 515 3651 244 2035 3652 243 2031 3653 243 2031 3654 249 513 3655 245 515 3656 272 2036 3657 265 2037 3658 271 517 3659 265 2037 3660 266 518 3661 271 517 3662 266 518 3663 267 2038 3664 269 2039 3665 267 2038 3666 268 2040 3667 269 2039 3668 269 2039 3669 270 516 3670 266 518 3671 250 491 3672 251 490 3673 285 519 3674 252 521 3675 284 2041 3676 285 522 3677 253 496 3678 283 2042 3679 284 523 3680 254 499 3681 282 2043 3682 283 524 3683 694 525 3684 695 2044 3685 696 526 3686 694 528 3687 697 2045 3688 698 529 3689 256 509 3690 257 508 3691 280 531 3692 257 511 3693 250 2030 3694 286 533 3695 259 535 3696 278 570 3697 279 536 3698 259 538 3699 260 577 3700 277 539 3701 260 541 3702 261 576 3703 276 542 3704 261 544 3705 262 575 3706 275 545 3707 699 547 3708 700 574 3709 701 548 3710 703 550 3711 704 2046 3712 701 551 3713 264 553 3714 273 559 3715 274 554 3716 258 556 3717 279 572 3718 273 557 3719 273 559 3720 272 2047 3721 271 560 3722 701 551 3723 704 2046 3724 705 561 3725 701 548 3726 706 2048 3727 707 563 3728 276 546 3729 275 545 3730 269 564 3731 277 543 3732 276 542 3733 268 566 3734 278 540 3735 277 539 3736 267 568 3737 278 570 3738 266 2049 3739 265 571 3740 279 572 3741 265 2050 3742 272 573 3743 280 531 3744 264 553 3745 263 555 3746 698 529 3747 703 550 3748 700 552 3749 696 526 3750 695 2044 3751 700 574 3752 283 524 3753 282 2043 3754 262 575 3755 284 523 3756 283 2042 3757 261 576 3758 285 522 3759 284 2041 3760 260 577 3761 285 519 3762 259 535 3763 258 537 3764 286 533 3765 258 556 3766 264 558 3767 288 578 3768 296 605 3769 295 579 3770 288 581 3771 289 2051 3772 297 582 3773 290 584 3774 298 2052 3775 297 585 3776 291 587 3777 299 2053 3778 298 588 3779 787 590 3780 788 2054 3781 789 591 3782 292 593 3783 293 2055 3784 301 594 3785 293 596 3786 294 2056 3787 302 597 3788 287 599 3789 295 622 3790 302 600 3791 288 603 3792 287 2057 3793 292 604 3794 287 2057 3795 294 2058 3796 292 604 3797 294 2058 3798 293 2059 3799 292 604 3800 292 604 3801 291 2060 3802 290 2061 3803 290 2061 3804 289 602 3805 292 604 3806 296 605 3807 321 2062 3808 322 606 3809 296 583 3810 297 582 3811 320 607 3812 297 585 3813 298 2052 3814 319 609 3815 298 588 3816 299 2053 3817 318 611 3818 660 613 3819 661 2063 3820 662 614 3821 664 616 3822 665 2064 3823 662 617 3824 666 619 3825 667 2065 3826 665 620 3827 295 622 3828 322 2066 3829 317 623 3830 304 624 3831 333 2067 3832 334 625 3833 304 627 3834 305 2068 3835 332 628 3836 305 630 3837 306 2069 3838 331 631 3839 306 633 3840 307 2070 3841 330 634 3842 668 636 3843 669 2071 3844 670 637 3845 672 639 3846 673 2072 3847 670 640 3848 674 642 3849 675 2073 3850 673 643 3851 303 645 3852 334 2074 3853 329 646 3854 665 620 3855 667 2065 3856 674 642 3857 662 617 3858 665 2064 3859 672 639 3860 662 614 3861 669 2071 3862 668 636 3863 318 611 3864 307 2070 3865 306 633 3866 319 609 3867 306 2069 3868 305 630 3869 320 607 3870 305 2068 3871 304 627 3872 322 606 3873 321 2062 3874 304 624 3875 317 623 3876 322 2066 3877 303 645 3878 677 648 3879 676 672 3880 678 649 3881 680 651 3882 677 673 3883 679 652 3884 680 654 3885 681 2075 3886 683 655 3887 324 657 3888 313 2076 3889 312 658 3890 325 660 3891 312 2077 3892 311 661 3893 326 663 3894 311 2078 3895 310 664 3896 328 666 3897 327 674 3898 310 667 3899 323 669 3900 328 675 3901 309 670 3902 673 643 3903 675 2073 3904 676 672 3905 670 640 3906 673 2072 3907 677 673 3908 670 637 3909 680 654 3910 682 656 3911 330 634 3912 324 657 3913 325 659 3914 331 631 3915 325 660 3916 326 662 3917 332 628 3918 326 663 3919 327 665 3920 334 625 3921 333 2067 3922 327 674 3923 329 646 3924 334 2074 3925 328 675 3926 309 676 3927 310 2079 3928 311 677 3929 311 677 3930 312 2080 3931 313 678 3932 313 678 3933 314 1344 3934 309 676 3935 314 1344 3936 315 1341 3937 309 676 3938 315 1341 3939 316 1343 3940 309 676 3941 335 679 3942 336 1451 3943 343 680 3944 337 682 3945 344 2081 3946 343 683 3947 337 685 3948 338 1446 3949 345 686 3950 339 688 3951 346 2082 3952 345 689 3953 340 691 3954 347 2083 3955 346 692 3956 729 694 3957 730 2084 3958 731 695 3959 733 697 3960 734 719 3961 731 698 3962 335 700 3963 342 721 3964 348 701 3965 739 2085 3966 735 705 3967 738 704 3968 735 705 3969 733 2086 3970 729 2087 3971 733 2086 3972 730 2088 3973 729 2087 3974 729 2087 3975 736 703 3976 735 705 3977 736 703 3978 737 2089 3979 738 704 3980 370 708 3981 363 2090 3982 364 2091 3983 364 2091 3984 365 2092 3985 370 708 3986 365 2092 3987 366 2093 3988 370 708 3989 366 2093 3990 367 2094 3991 370 708 3992 367 2094 3993 368 706 3994 370 708 3995 343 680 3996 376 762 3997 377 709 3998 343 683 3999 344 2081 4000 375 710 4001 344 687 4002 345 686 4003 374 712 4004 345 689 4005 346 2082 4006 373 714 4007 346 692 4008 347 2083 4009 372 716 4010 731 695 4011 740 761 4012 741 718 4013 734 719 4014 742 760 4015 740 720 4016 342 721 4017 377 763 4018 371 722 4019 349 723 4020 350 2095 4021 357 724 4022 351 726 4023 358 749 4024 357 727 4025 352 729 4026 359 751 4027 358 730 4028 353 732 4029 360 753 4030 359 733 4031 354 735 4032 361 2096 4033 360 736 4034 743 738 4035 744 2097 4036 745 739 4037 744 741 4038 747 2098 4039 748 742 4040 355 744 4041 349 2099 4042 356 745 4043 356 725 4044 357 724 4045 364 747 4046 358 749 4047 365 2100 4048 364 750 4049 359 751 4050 366 2101 4051 365 752 4052 360 753 4053 367 2102 4054 366 754 4055 360 736 4056 361 2096 4057 368 755 4058 745 739 4059 749 2103 4060 750 757 4061 748 742 4062 751 2104 4063 749 758 4064 356 745 4065 363 2105 4066 370 759 4067 742 760 4068 747 2098 4069 744 741 4070 740 761 4071 744 2097 4072 743 738 4073 373 717 4074 372 716 4075 354 735 4076 374 715 4077 373 714 4078 353 732 4079 375 713 4080 374 712 4081 352 729 4082 376 711 4083 375 710 4084 351 726 4085 376 762 4086 350 2095 4087 349 723 4088 377 763 4089 349 2099 4090 355 744 4091 378 764 4092 379 1486 4093 386 765 4094 380 767 4095 387 2106 4096 386 768 4097 380 770 4098 381 1484 4099 388 771 4100 381 773 4101 382 1480 4102 389 774 4103 752 776 4104 753 2107 4105 754 777 4106 756 779 4107 757 803 4108 754 780 4109 384 782 4110 391 805 4111 390 783 4112 378 785 4113 385 807 4114 391 786 4115 762 788 4116 759 2108 4117 758 789 4118 758 789 4119 756 2109 4120 752 2110 4121 756 2109 4122 753 2111 4123 752 2110 4124 752 2110 4125 760 790 4126 758 789 4127 760 790 4128 761 2112 4129 762 788 4130 770 791 4131 763 2113 4132 764 792 4133 764 792 4134 765 2114 4135 766 793 4136 766 793 4137 767 2115 4138 770 791 4139 767 2115 4140 768 2116 4141 769 2117 4142 770 791 4143 767 2115 4144 769 2117 4145 386 765 4146 418 2118 4147 419 794 4148 386 768 4149 387 2106 4150 417 795 4151 387 772 4152 388 771 4153 416 797 4154 388 775 4155 389 774 4156 415 799 4157 755 778 4158 754 777 4159 771 801 4160 757 803 4161 773 2119 4162 771 804 4163 391 805 4164 413 2120 4165 414 806 4166 385 807 4167 419 2121 4168 413 808 4169 393 809 4170 424 865 4171 425 810 4172 393 812 4173 394 2122 4174 423 813 4175 394 815 4176 395 2123 4177 422 816 4178 395 818 4179 396 2124 4180 421 819 4181 774 821 4182 775 2125 4183 776 822 4184 778 824 4185 779 855 4186 776 825 4187 398 827 4188 426 869 4189 420 828 4190 392 830 4191 425 867 4192 426 831 4193 399 833 4194 400 2126 4195 407 834 4196 400 836 4197 401 873 4198 408 837 4199 401 839 4200 402 2127 4201 409 840 4202 403 842 4203 410 1508 4204 409 840 4205 781 844 4206 768 2128 4207 767 845 4208 781 847 4209 782 872 4210 769 848 4211 404 850 4212 405 871 4213 412 851 4214 399 853 4215 406 1496 4216 412 851 4217 414 806 4218 413 2120 4219 398 827 4220 771 804 4221 773 2119 4222 778 824 4223 771 801 4224 775 2125 4225 774 821 4226 415 799 4227 396 2124 4228 395 818 4229 416 797 4230 395 2123 4231 394 815 4232 417 795 4233 394 2122 4234 393 812 4235 419 794 4236 418 2118 4237 393 809 4238 413 808 4239 419 2121 4240 392 830 4241 779 855 4242 783 2129 4243 784 856 4244 777 823 4245 776 822 4246 784 857 4247 422 820 4248 421 819 4249 429 859 4250 423 817 4251 422 816 4252 430 861 4253 424 814 4254 423 813 4255 431 863 4256 424 865 4257 432 874 4258 433 866 4259 425 867 4260 433 2130 4261 427 868 4262 426 869 4263 427 2131 4264 428 870 4265 428 870 4266 427 2131 4267 405 871 4268 784 856 4269 783 2129 4270 782 872 4271 784 857 4272 781 844 4273 780 846 4274 429 859 4275 403 842 4276 402 843 4277 430 861 4278 402 2127 4279 401 839 4280 432 864 4281 431 863 4282 401 873 4283 432 874 4284 400 2126 4285 399 833 4286 427 868 4287 433 2130 4288 399 853 4289 435 875 4290 443 902 4291 442 876 4292 435 878 4293 436 2132 4294 444 879 4295 436 881 4296 437 2133 4297 445 882 4298 640 884 4299 641 2134 4300 642 885 4301 643 887 4302 644 2135 4303 641 888 4304 440 890 4305 447 912 4306 446 891 4307 440 893 4308 441 2136 4309 448 894 4310 434 896 4311 442 915 4312 448 897 4313 435 900 4314 434 2137 4315 439 901 4316 434 2137 4317 441 2138 4318 439 901 4319 441 2138 4320 440 2139 4321 439 901 4322 439 901 4323 438 1278 4324 437 1280 4325 437 1280 4326 436 899 4327 439 901 4328 443 902 4329 469 2140 4330 470 903 4331 443 880 4332 444 879 4333 468 904 4334 444 883 4335 445 882 4336 467 906 4337 642 885 4338 641 2134 4339 645 908 4340 641 888 4341 644 2135 4342 647 910 4343 447 912 4344 465 2141 4345 466 913 4346 448 894 4347 464 2142 4348 465 914 4349 442 915 4350 470 2143 4351 464 916 4352 450 917 4353 483 2144 4354 484 918 4355 450 920 4356 451 2145 4357 482 921 4358 451 923 4359 452 2146 4360 481 924 4361 648 926 4362 649 2147 4363 650 927 4364 649 929 4365 652 2148 4366 653 930 4367 454 932 4368 479 2149 4369 480 933 4370 455 935 4371 478 2150 4372 479 936 4373 449 938 4374 484 2151 4375 478 939 4376 465 914 4377 464 2142 4378 455 935 4379 466 913 4380 465 2141 4381 454 932 4382 647 910 4383 652 2148 4384 649 929 4385 645 908 4386 649 2147 4387 648 926 4388 467 906 4389 452 2146 4390 451 923 4391 468 904 4392 451 2145 4393 450 920 4394 470 903 4395 469 2140 4396 450 917 4397 464 916 4398 470 2143 4399 449 938 4400 472 941 4401 471 965 4402 463 942 4403 473 944 4404 472 966 4405 462 945 4406 654 947 4407 656 2152 4408 657 948 4409 655 950 4410 657 2153 4411 659 951 4412 474 953 4413 459 2154 4414 458 954 4415 475 956 4416 458 2155 4417 457 957 4418 477 959 4419 476 967 4420 457 960 4421 471 962 4422 477 968 4423 456 963 4424 479 936 4425 478 2150 4426 471 965 4427 480 933 4428 479 2149 4429 472 966 4430 653 930 4431 654 947 4432 655 949 4433 650 927 4434 655 950 4435 658 952 4436 481 924 4437 474 953 4438 475 955 4439 482 921 4440 475 956 4441 476 958 4442 484 918 4443 483 2144 4444 476 967 4445 478 939 4446 484 2151 4447 477 968 4448 456 971 4449 457 2156 4450 458 2157 4451 458 2157 4452 459 2158 4453 456 971 4454 459 2158 4455 460 1305 4456 456 971 4457 460 1305 4458 461 1307 4459 456 971 4460 461 1307 4461 462 969 4462 456 971 4463 486 972 4464 494 1002 4465 493 973 4466 486 975 4467 487 2159 4468 495 976 4469 488 978 4470 496 2160 4471 495 979 4472 488 981 4473 489 2161 4474 497 982 4475 490 984 4476 498 2162 4477 497 985 4478 490 987 4479 491 2163 4480 499 988 4481 492 990 4482 500 2164 4483 499 991 4484 492 993 4485 485 2165 4486 493 994 4487 486 997 4488 485 2166 4489 490 998 4490 485 2166 4491 492 2167 4492 490 998 4493 492 2167 4494 491 2168 4495 490 998 4496 490 998 4497 489 2169 4498 488 2170 4499 488 2170 4500 487 996 4501 490 998 4502 523 2171 4503 516 2172 4504 517 999 4505 517 999 4506 518 2173 4507 519 1000 4508 519 1000 4509 520 2174 4510 521 1001 4511 521 1001 4512 522 2175 4513 523 2171 4514 523 2171 4515 517 999 4516 521 1001 4517 494 1002 4518 502 1019 4519 501 1003 4520 494 977 4521 495 976 4522 503 1004 4523 495 979 4524 496 2160 4525 504 1006 4526 496 983 4527 497 982 4528 505 1008 4529 497 985 4530 498 2162 4531 506 1010 4532 685 1012 4533 686 1029 4534 687 1013 4535 688 1015 4536 689 1031 4537 686 1016 4538 493 994 4539 501 1033 4540 507 1018 4541 502 1019 4542 530 1069 4543 531 1020 4544 502 1005 4545 503 1004 4546 529 1021 4547 503 1007 4548 504 1006 4549 528 1023 4550 504 1009 4551 505 1008 4552 527 1025 4553 505 1011 4554 506 1010 4555 526 1027 4556 686 1029 4557 690 2176 4558 691 1030 4559 689 1031 4560 692 2177 4561 690 1032 4562 501 1033 4563 531 1070 4564 524 1034 4565 509 1035 4566 517 2178 4567 516 1036 4568 509 1038 4569 510 1068 4570 518 1039 4571 511 1041 4572 519 2179 4573 518 1042 4574 511 1044 4575 512 1067 4576 520 1045 4577 513 1047 4578 521 2180 4579 520 1048 4580 513 1050 4581 514 2181 4582 522 1051 4583 515 1053 4584 523 2182 4585 522 1054 4586 515 1056 4587 508 2183 4588 516 1057 4589 979 1059 4590 981 2184 4591 982 1060 4592 980 1062 4593 982 2185 4594 984 1063 4595 527 1028 4596 526 1027 4597 513 1065 4598 528 1026 4599 527 1025 4600 512 1067 4601 529 1024 4602 528 1023 4603 511 1041 4604 530 1022 4605 529 1021 4606 510 1068 4607 530 1069 4608 509 1035 4609 508 1037 4610 531 1070 4611 508 2183 4612 515 1056 4613 533 1071 4614 540 2186 4615 539 1072 4616 862 1074 4617 863 2187 4618 864 1075 4619 866 1077 4620 867 1104 4621 864 1078 4622 535 1080 4623 542 1106 4624 541 1081 4625 535 1083 4626 536 1669 4627 543 1084 4628 536 1086 4629 537 1668 4630 544 1087 4631 538 1089 4632 545 2188 4633 544 1090 4634 538 1092 4635 532 1665 4636 539 1093 4637 862 1097 4638 869 2189 4639 872 2190 4640 869 2189 4641 868 2191 4642 870 2192 4643 872 2190 4644 870 2192 4645 871 2193 4646 869 2189 4647 870 2192 4648 872 2190 4649 872 2190 4650 866 1095 4651 862 1097 4652 567 1099 4653 560 2194 4654 563 1100 4655 560 2194 4656 561 2195 4657 563 1100 4658 561 2195 4659 562 1699 4660 563 1100 4661 563 1100 4662 564 2196 4663 565 2197 4664 565 2197 4665 566 1098 4666 563 1100 4667 539 1072 4668 540 2186 4669 573 1101 4670 864 1075 4671 873 2198 4672 874 1103 4673 867 1104 4674 875 2199 4675 873 1105 4676 542 1106 4677 571 2200 4678 572 1107 4679 543 1084 4680 570 2201 4681 571 1108 4682 543 1088 4683 544 1087 4684 569 1109 4685 544 1090 4686 545 2188 4687 568 1111 4688 545 1094 4689 539 1093 4690 574 1113 4691 547 1115 4692 580 2202 4693 581 1116 4694 876 1118 4695 877 1166 4696 878 1119 4697 877 1121 4698 880 1165 4699 881 1122 4700 548 1124 4701 549 1164 4702 578 1125 4703 549 1127 4704 550 1163 4705 577 1128 4706 551 1130 4707 576 2203 4708 577 1131 4709 552 1133 4710 575 2204 4711 576 1134 4712 546 1136 4713 581 2205 4714 575 1137 4715 554 1139 4716 586 2206 4717 587 1140 4718 882 1142 4719 883 2207 4720 884 1143 4721 883 1145 4722 886 2208 4723 887 1146 4724 555 1148 4725 556 2209 4726 584 1149 4727 556 1151 4728 557 2210 4729 583 1152 4730 558 1154 4731 582 2211 4732 583 1155 4733 559 1157 4734 588 2212 4735 582 1158 4736 553 1160 4737 587 2213 4738 588 1161 4739 568 1111 4740 552 1133 4741 551 1135 4742 569 1109 4743 551 1130 4744 550 1132 4745 571 1108 4746 570 2201 4747 550 1163 4748 572 1107 4749 571 2200 4750 549 1164 4751 873 1105 4752 875 2199 4753 880 1165 4754 874 1103 4755 873 2198 4756 877 1166 4757 573 1101 4758 547 1115 4759 546 1117 4760 574 1113 4761 546 1136 4762 552 1138 4763 576 1134 4764 575 2204 4765 559 1157 4766 577 1131 4767 576 2203 4768 558 1154 4769 577 1128 4770 557 2210 4771 556 1151 4772 578 1125 4773 556 2209 4774 555 1148 4775 881 1122 4776 886 2208 4777 883 1145 4778 878 1119 4779 883 2207 4780 882 1142 4781 581 1116 4782 580 2202 4783 554 1139 4784 575 1137 4785 581 2205 4786 553 1160 4787 583 1155 4788 582 2211 4789 566 1167 4790 583 1152 4791 565 2214 4792 564 1169 4793 584 1149 4794 564 2215 4795 563 1170 4796 887 1146 4797 888 2216 4798 889 1171 4799 884 1143 4800 889 2217 4801 890 1172 4802 587 1140 4803 586 2206 4804 561 1173 4805 588 1161 4806 587 2213 4807 560 1175 4808 582 1158 4809 588 2212 4810 567 1177 4811 590 1179 4812 597 2218 4813 596 1180 4814 590 1182 4815 591 1631 4816 598 1183 4817 591 1185 4818 592 1629 4819 599 1186 4820 593 1188 4821 600 1210 4822 599 1189 4823 836 1191 4824 837 2219 4825 838 1192 4826 840 1194 4827 841 2220 4828 838 1195 4829 594 1197 4830 595 1625 4831 602 1198 4832 589 1200 4833 596 2221 4834 602 1201 4835 846 1203 4836 843 2222 4837 842 1204 4838 842 1204 4839 840 2223 4840 844 1205 4841 840 2223 4842 837 2224 4843 836 2225 4844 844 1205 4845 840 2223 4846 836 2225 4847 844 1205 4848 845 2226 4849 846 1203 4850 596 1180 4851 597 2218 4852 623 1206 4853 598 1183 4854 622 2227 4855 623 1208 4856 599 1186 4857 621 2228 4858 622 1209 4859 600 1210 4860 620 2229 4861 621 1211 4862 838 1192 4863 847 2230 4864 848 1212 4865 838 1195 4866 841 2220 4867 849 1213 4868 601 1199 4869 602 1198 4870 618 1215 4871 602 1201 4872 596 2221 4873 624 1217 4874 604 1219 4875 637 2231 4876 638 1220 4877 604 1222 4878 605 1246 4879 636 1223 4880 605 1225 4881 606 1245 4882 635 1226 4883 606 1228 4884 607 1244 4885 634 1229 4886 850 1231 4887 851 1243 4888 852 1232 4889 854 1234 4890 855 2232 4891 852 1235 4892 609 1237 4893 632 2233 4894 633 1238 4895 603 1240 4896 638 2234 4897 632 1241 4898 618 1215 4899 609 1237 4900 608 1239 4901 849 1213 4902 854 1234 4903 851 1236 4904 848 1212 4905 847 2230 4906 851 1243 4907 621 1211 4908 620 2229 4909 607 1244 4910 622 1209 4911 621 2228 4912 606 1245 4913 623 1208 4914 622 2227 4915 605 1246 4916 623 1206 4917 604 1219 4918 603 1221 4919 624 1217 4920 603 1240 4921 609 1242 4922 626 1247 4923 625 1271 4924 617 1248 4925 857 1250 4926 856 1272 4927 858 1251 4928 857 1253 4929 859 2235 4930 861 1254 4931 627 1256 4932 614 2236 4933 613 1257 4934 628 1259 4935 613 2237 4936 612 1260 4937 629 1262 4938 612 2238 4939 611 1263 4940 631 1265 4941 630 1273 4942 611 1266 4943 625 1268 4944 631 1274 4945 610 1269 4946 633 1238 4947 632 2233 4948 625 1271 4949 852 1235 4950 855 2232 4951 856 1272 4952 852 1232 4953 857 1253 4954 860 1255 4955 634 1229 4956 627 1256 4957 628 1258 4958 635 1226 4959 628 1259 4960 629 1261 4961 636 1223 4962 629 1262 4963 630 1264 4964 638 1220 4965 637 2231 4966 630 1273 4967 632 1241 4968 638 2234 4969 631 1274 4970 610 1275 4971 611 2239 4972 612 1276 4973 612 1276 4974 613 2240 4975 614 1277 4976 614 1277 4977 615 1648 4978 610 1275 4979 615 1648 4980 616 1650 4981 610 1275 4982 616 1650 4983 617 2241 4984 610 1275 4985 438 1278 4986 640 1285 4987 639 1279 4988 445 1281 4989 437 2242 4990 639 1282 4991 438 1278 4992 439 901 4993 643 1284 4994 446 1286 4995 644 1292 4996 643 1287 4997 445 1281 4998 642 1283 4999 646 1289 5000 446 1286 5001 466 1299 5002 647 1291 5003 452 1293 5004 648 2243 5005 651 1294 5006 453 1296 5007 480 1313 5008 653 1297 5009 453 1296 5010 652 1298 5011 647 1291 5012 452 1300 5013 467 1290 5014 646 1289 5015 461 1302 5016 656 2244 5017 654 1303 5018 460 1305 5019 657 1309 5020 656 1306 5021 460 1305 5022 459 2158 5023 659 1308 5024 459 1310 5025 474 1314 5026 658 1311 5027 473 1304 5028 654 1303 5029 653 1297 5030 474 1314 5031 481 2245 5032 651 1315 5033 300 1316 5034 661 1323 5035 660 1317 5036 299 1319 5037 660 2246 5038 663 1320 5039 301 1322 5040 664 1325 5041 661 1323 5042 301 1322 5043 302 2247 5044 666 1324 5045 302 1326 5046 317 1336 5047 667 1327 5048 307 1329 5049 668 1337 5050 671 1330 5051 308 1332 5052 329 2248 5053 675 1333 5054 308 1335 5055 674 2249 5056 667 1327 5057 307 1329 5058 318 1321 5059 663 1320 5060 316 1338 5061 678 2250 5062 676 1339 5063 315 1341 5064 679 1345 5065 678 1342 5066 314 1344 5067 681 1347 5068 679 1345 5069 314 1344 5070 313 678 5071 683 1346 5072 313 1348 5073 324 1353 5074 682 1349 5075 323 1340 5076 676 1339 5077 675 1351 5078 324 1353 5079 330 1331 5080 671 1330 5081 499 1354 5082 685 1361 5083 684 1355 5084 498 1357 5085 684 2251 5086 687 1358 5087 499 1354 5088 500 2252 5089 688 1360 5090 500 1362 5091 507 1371 5092 689 1363 5093 525 1365 5094 526 2253 5095 691 1366 5096 506 1359 5097 687 1358 5098 691 1368 5099 524 1370 5100 692 2254 5101 689 1363 5102 525 1365 5103 690 1367 5104 692 1372 5105 255 1374 5106 694 1381 5107 693 1375 5108 282 1377 5109 254 2255 5110 693 1378 5111 255 1374 5112 256 2256 5113 697 1380 5114 281 1382 5115 698 1398 5116 697 1383 5117 262 1385 5118 699 1399 5119 702 1386 5120 263 1388 5121 274 1392 5122 704 1389 5123 271 1391 5124 705 2257 5125 704 1389 5126 270 516 5127 706 1395 5128 705 1393 5129 270 516 5130 269 2039 5131 707 1394 5132 269 1396 5133 275 1387 5134 702 1386 5135 281 1382 5136 263 1388 5137 703 1390 5138 282 1377 5139 696 1379 5140 699 1399 5141 196 1400 5142 709 1407 5143 708 1401 5144 195 1403 5145 708 2258 5146 711 1404 5147 196 1400 5148 197 2259 5149 712 1406 5150 197 1408 5151 222 1427 5152 713 1409 5153 203 1411 5154 714 1428 5155 717 1412 5156 204 1414 5157 228 1429 5158 719 1415 5159 218 402 5160 217 2006 5161 723 1417 5162 217 1419 5163 210 1434 5164 720 1420 5165 219 1422 5166 725 2260 5167 724 1423 5168 218 402 5169 722 1418 5170 725 1425 5171 204 1414 5172 718 1416 5173 713 1409 5174 203 1411 5175 223 1405 5176 711 1404 5177 228 1429 5178 236 1433 5179 726 1430 5180 229 1413 5181 717 1412 5182 728 1431 5183 211 1424 5184 724 1423 5185 726 1430 5186 210 1434 5187 237 1432 5188 728 1431 5189 340 1435 5190 729 2261 5191 732 1436 5192 341 1438 5193 348 1454 5194 734 1439 5195 341 702 5196 733 2262 5197 735 1441 5198 340 691 5199 339 693 5200 736 1442 5201 339 688 5202 338 690 5203 737 1444 5204 338 1446 5205 337 685 5206 738 1447 5207 336 684 5208 739 2263 5209 738 1449 5210 335 679 5211 735 2264 5212 739 1450 5213 347 1437 5214 732 1436 5215 741 1452 5216 348 1454 5217 371 1469 5218 742 1455 5219 361 1456 5220 354 1470 5221 743 1457 5222 362 1459 5223 748 1467 5224 747 1460 5225 369 707 5226 368 706 5227 750 1462 5228 361 1456 5229 746 1458 5230 750 1464 5231 362 1459 5232 370 2265 5233 751 1466 5234 369 707 5235 749 1463 5236 751 1468 5237 355 1461 5238 747 1460 5239 742 1455 5240 354 1470 5241 372 1453 5242 741 1452 5243 382 1471 5244 752 2266 5245 755 1472 5246 383 1474 5247 390 1500 5248 757 1475 5249 378 785 5250 384 787 5251 758 1477 5252 383 784 5253 756 2267 5254 758 1479 5255 382 1480 5256 381 773 5257 760 1481 5258 380 770 5259 761 2268 5260 760 1483 5261 379 769 5262 762 2269 5263 761 1485 5264 379 1486 5265 378 764 5266 759 1487 5267 406 835 5268 407 834 5269 764 1489 5270 408 837 5271 765 2270 5272 764 1491 5273 408 841 5274 409 840 5275 766 1492 5276 409 840 5277 410 1508 5278 767 1494 5279 412 851 5280 770 1497 5281 769 1495 5282 406 1496 5283 763 2271 5284 770 1497 5285 389 1473 5286 755 1472 5287 772 1498 5288 390 1500 5289 414 1512 5290 773 1501 5291 396 1502 5292 774 1513 5293 777 1503 5294 397 1505 5295 420 1514 5296 779 1506 5297 410 1508 5298 403 1519 5299 780 1509 5300 411 852 5301 769 1495 5302 782 1510 5303 397 1505 5304 778 1507 5305 773 1501 5306 396 1502 5307 415 1499 5308 772 1498 5309 420 1514 5310 428 1518 5311 783 1515 5312 421 1504 5313 777 1503 5314 785 1516 5315 404 1511 5316 782 1510 5317 783 1515 5318 403 1519 5319 429 1517 5320 785 1516 5321 292 1520 5322 787 1524 5323 786 1521 5324 300 1523 5325 788 1526 5326 787 1524 5327 299 1525 5328 789 1527 5329 788 1526 5330 291 1522 5331 786 1521 5332 789 1527 5333 92 1528 5334 790 1535 5335 791 1529 5336 100 1531 5337 793 1561 5338 792 1532 5339 98 1534 5340 794 1537 5341 790 1535 5342 97 1536 5343 795 1539 5344 794 1537 5345 96 1538 5346 796 1541 5347 795 1539 5348 95 1540 5349 797 1543 5350 796 1541 5351 94 1542 5352 798 1544 5353 797 1543 5354 93 1533 5355 792 1532 5356 798 1544 5357 115 1545 5358 802 1549 5359 801 1546 5360 116 1548 5361 803 1551 5362 802 1549 5363 117 1550 5364 804 1553 5365 803 1551 5366 118 1552 5367 805 1555 5368 804 1553 5369 119 1554 5370 806 1557 5371 805 1555 5372 113 1556 5373 799 1569 5374 806 1557 5375 99 1530 5376 791 1529 5377 807 1558 5378 132 1560 5379 808 1570 5380 793 1561 5381 106 1562 5382 809 1571 5383 810 1563 5384 125 1565 5385 812 1568 5386 811 1566 5387 114 1547 5388 801 1546 5389 812 1568 5390 126 1564 5391 810 1563 5392 799 1569 5393 107 1567 5394 811 1566 5395 808 1570 5396 133 1559 5397 807 1558 5398 809 1571 5399 790 1572 5400 813 2272 5401 816 1573 5402 792 1575 5403 793 1598 5404 818 1576 5405 790 1578 5406 794 2273 5407 819 1579 5408 795 1581 5409 820 2274 5410 819 1582 5411 796 1584 5412 821 2275 5413 820 1585 5414 796 1587 5415 797 2276 5416 822 1588 5417 797 1590 5418 798 2277 5419 823 1591 5420 792 1593 5421 817 2278 5422 823 1594 5423 791 1574 5424 816 1573 5425 825 1596 5426 793 1598 5427 808 1615 5428 826 1599 5429 810 1600 5430 809 1616 5431 827 1601 5432 812 1603 5433 832 1607 5434 831 1604 5435 812 1603 5436 801 2279 5437 833 1606 5438 800 1608 5439 834 1612 5440 833 1609 5441 800 1608 5442 799 1944 5443 835 1611 5444 810 1600 5445 830 1602 5446 835 1613 5447 811 1605 5448 831 1604 5449 826 1599 5450 809 1616 5451 807 1597 5452 825 1596 5453 593 1617 5454 836 2280 5455 839 1618 5456 594 1620 5457 601 1636 5458 841 1621 5459 595 1202 5460 842 2281 5461 843 1623 5462 594 1197 5463 840 2282 5464 842 1624 5465 593 1188 5466 592 1190 5467 844 1626 5468 591 1185 5469 845 2283 5470 844 1628 5471 590 1182 5472 846 2284 5473 845 1630 5474 589 1181 5475 843 2285 5476 846 1632 5477 620 1633 5478 600 1619 5479 839 1618 5480 619 1635 5481 849 1643 5482 841 1621 5483 607 1637 5484 850 1644 5485 853 1638 5486 608 1640 5487 633 1656 5488 855 1641 5489 608 1640 5490 854 1642 5491 849 1643 5492 607 1637 5493 620 1633 5494 848 1634 5495 616 1645 5496 858 2286 5497 856 1646 5498 615 1648 5499 859 1652 5500 858 1649 5501 615 1648 5502 614 1277 5503 861 1651 5504 614 1653 5505 627 1657 5506 860 1654 5507 626 1647 5508 856 1646 5509 855 1641 5510 627 1657 5511 634 1639 5512 853 1638 5513 533 1658 5514 862 2287 5515 865 1659 5516 534 1661 5517 541 1677 5518 867 1662 5519 538 1092 5520 868 2288 5521 869 1664 5522 537 1091 5523 870 2289 5524 868 1666 5525 536 1086 5526 871 2290 5527 870 1667 5528 536 1669 5529 535 1083 5530 872 1670 5531 534 1082 5532 866 2291 5533 872 1672 5534 533 1071 5535 532 1073 5536 869 1673 5537 540 1660 5538 865 1659 5539 874 1675 5540 541 1677 5541 572 1691 5542 875 1678 5543 580 1679 5544 547 1692 5545 876 1680 5546 579 1682 5547 881 2292 5548 880 1683 5549 586 1685 5550 554 1696 5551 882 1686 5552 585 1688 5553 887 1698 5554 886 1689 5555 548 1684 5556 880 1683 5557 875 1678 5558 547 1692 5559 573 1676 5560 874 1675 5561 579 1693 5562 555 2293 5563 886 1694 5564 580 1679 5565 879 1681 5566 882 1686 5567 585 1688 5568 563 2294 5569 888 1697 5570 562 1699 5571 889 1702 5572 888 1700 5573 562 1699 5574 561 2195 5575 890 1701 5576 586 1685 5577 885 1687 5578 890 1703 5579 4 1705 5580 891 2295 5581 894 1706 5582 5 1708 5583 12 1723 5584 896 1709 5585 6 23 5586 897 2296 5587 898 1711 5588 5 18 5589 895 2297 5590 897 1712 5591 4 9 5592 3 11 5593 899 1714 5594 2 6 5595 900 2298 5596 899 1716 5597 1 5 5598 901 2299 5599 900 1718 5600 0 0 5601 898 2300 5602 901 1719 5603 11 1707 5604 894 1706 5605 903 1721 5606 12 1723 5607 37 1739 5608 904 1724 5609 25 1725 5610 18 1740 5611 905 1726 5612 26 1728 5613 910 1736 5614 909 1729 5615 33 28 5616 32 1907 5617 912 1731 5618 25 1725 5619 908 1727 5620 912 1733 5621 26 1728 5622 34 2301 5623 913 1735 5624 33 28 5625 911 1732 5626 913 1737 5627 19 1730 5628 909 1729 5629 904 1724 5630 18 1740 5631 38 1722 5632 903 1721 5633 140 1741 5634 917 1757 5635 916 1742 5636 139 1744 5637 918 1748 5638 919 1745 5639 138 1747 5640 920 1750 5641 918 1748 5642 137 1749 5643 921 1752 5644 920 1750 5645 136 1751 5646 922 1754 5647 921 1752 5648 135 1753 5649 923 1755 5650 922 1754 5651 134 1743 5652 916 1742 5653 923 1755 5654 170 1756 5655 925 1772 5656 917 1757 5657 145 1746 5658 919 1745 5659 926 1758 5660 176 1760 5661 930 1774 5662 929 1761 5663 151 1763 5664 931 1773 5665 932 1764 5666 181 1766 5667 936 1777 5668 935 1767 5669 157 1769 5670 937 1775 5671 938 1770 5672 146 1762 5673 929 1761 5674 925 1772 5675 165 1759 5676 926 1758 5677 931 1773 5678 152 1768 5679 935 1767 5680 930 1774 5681 171 1765 5682 932 1764 5683 937 1775 5684 159 1776 5685 939 2302 5686 936 1777 5687 954 1778 5688 977 2303 5689 976 1779 5690 954 1781 5691 953 2304 5692 978 1782 5693 164 1784 5694 941 1787 5695 940 1785 5696 182 1771 5697 938 1770 5698 941 1787 5699 914 1788 5700 942 2305 5701 945 1789 5702 916 1791 5703 917 1824 5704 947 1792 5705 914 285 5706 918 287 5707 948 1794 5708 918 1796 5709 920 2306 5710 949 1797 5711 920 1799 5712 921 2307 5713 950 1800 5714 921 1802 5715 922 2308 5716 951 1803 5717 922 1805 5718 923 2309 5719 952 1806 5720 916 1808 5721 946 2310 5722 952 1809 5723 160 1811 5724 956 2311 5725 955 1812 5726 160 365 5727 161 1990 5728 957 1813 5729 161 364 5730 162 1989 5731 958 1815 5732 163 362 5733 959 2312 5734 958 1817 5735 164 372 5736 960 2313 5737 959 1818 5738 164 1819 5739 158 2314 5740 953 1820 5741 915 1790 5742 945 1789 5743 962 1822 5744 917 1824 5745 925 1838 5746 963 1825 5747 928 1826 5748 927 1839 5749 964 1827 5750 930 1829 5751 969 1840 5752 968 1830 5753 934 1832 5754 933 1841 5755 970 1833 5756 936 1835 5757 975 1843 5758 974 1836 5759 929 1831 5760 968 1830 5761 963 1825 5762 927 1839 5763 924 1823 5764 962 1822 5765 930 1829 5766 935 1837 5767 974 1836 5768 928 1826 5769 967 1828 5770 970 1833 5771 939 1842 5772 976 1847 5773 975 1843 5774 940 1844 5775 934 1832 5776 973 1834 5777 159 1846 5778 955 2315 5779 976 1847 5780 158 1848 5781 940 1844 5782 978 1845 5783 525 1850 5784 524 2316 5785 979 1851 5786 515 1853 5787 981 2317 5788 979 1854 5789 514 1856 5790 982 1862 5791 981 1857 5792 525 1850 5793 980 1852 5794 983 1859 5795 514 1856 5796 513 2318 5797 984 1861 5798 526 1863 5799 983 2319 5800 984 1864 5801 87 1865 5802 86 2320 5803 985 1866 5804 86 1868 5805 62 2321 5806 987 1869 5807 60 117 5808 988 1875 5809 987 1871 5810 87 1865 5811 986 1867 5812 989 1872 5813 60 117 5814 59 116 5815 990 1874 5816 59 1876 5817 88 2322 5818 989 1877 5819 44 1879 5820 43 87 5821 991 1880 5822 44 92 5823 992 2323 5824 994 1882 5825 45 95 5826 994 2324 5827 995 1883 5828 46 98 5829 995 2325 5830 996 1884 5831 47 99 5832 996 2326 5833 997 1885 5834 49 1887 5835 48 102 5836 997 1888 5837 50 1890 5838 49 105 5839 998 1891 5840 43 1893 5841 50 108 5842 999 1894 5843</p>
        </triangles>
      </mesh>
    </geometry>
    <geometry id="Mesh_001-mesh" name="Mesh.001">
      <mesh>
        <source id="Mesh_001-mesh-positions">
          <float_array id="Mesh_001-mesh-positions-array" count="3000">0.2060127 -2.697607 -0.4743863 -0.07039737 -2.750249 -0.4518315 -0.276722 -2.66351 -0.2798182 -0.2921 -2.488202 -0.05910819 -0.1075229 -2.327017 0.08100897 0.3752117 -2.361114 -0.113559 0.3905907 -2.536422 -0.334269 0.04513168 -2.116303 -0.9008324 -0.2017927 -2.16333 -0.8806836 -0.3861084 -2.085844 -0.727019 -0.399847 -1.929237 -0.5298523 -0.2349576 -1.785245 -0.4046809 0.1962833 -1.815704 -0.5784943 0.210021 -1.972313 -0.7756617 -0.5388146 -0.7103205 -2.373456 -0.6994457 -0.7323852 -2.366149 -0.8163738 -0.690716 -2.261585 -0.821106 -0.6097183 -2.121017 -0.7108688 -0.5368428 -2.026787 -0.4333105 -0.5564473 -2.138658 -0.4285784 -0.6374431 -2.279227 -0.7444363 0.3544736 -2.88552 -0.8291588 0.3343196 -2.874907 -0.8944683 0.3650708 -2.825049 -0.9021053 0.4287148 -2.765148 -0.8475971 0.4879699 -2.730296 -0.6975651 0.4773727 -2.790767 -0.6899281 0.4137282 -2.850667 -1.077751 1.193966 -3.721092 -1.108463 1.186659 -3.717246 -1.132138 1.197807 -3.699172 -1.134907 1.220878 -3.677458 -1.115148 1.242358 -3.664823 -1.084435 1.249663 -3.66867 -1.06076 1.238516 -3.686744 -1.057992 1.215445 -3.708458 -0.1788196 -1.442859 -1.654733 -0.1874504 -1.329117 -1.489653 -0.5315666 -1.304811 -1.350956 -0.665472 -1.408486 -1.458586 -0.6568394 -1.522229 -1.623666 -0.5107269 -1.579409 -1.749494 -0.3127241 -1.546534 -1.762363 0.5182591 -4.037529 -0.5139744 0.08100509 -4.037529 -0.6950912 -0.3562498 -4.037529 -0.5139744 -0.5373669 -4.037529 -0.07671964 -0.3562498 -4.037529 0.360535 0.08100509 -4.037529 0.5416519 0.5182595 -4.037529 0.360535 0.6993761 -4.037529 -0.07671964 0.2505608 6.224997 -0.1664016 0.06492805 6.238152 -0.2273837 -0.1112861 6.237991 -0.1398932 -0.1748609 6.224606 0.04481816 -0.08855056 6.205841 0.2185485 0.09708118 6.192684 0.2795318 0.2732964 6.192846 0.1920403 0.3368702 6.20623 0.007329285 0.2955761 8.114926 0.6175111 0.2241439 8.122984 0.5967634 0.2303295 8.101424 0.688012 0.1563348 8.118415 0.6294674 0.1318693 8.103894 0.6964696 0.1650829 8.087922 0.7585141 0.2365169 8.079863 0.7792598 0.3043232 8.084433 0.7465567 0.3287869 8.098947 0.6795551 0.4384465 -0.5827346 0.3043723 0.2652426 -0.5687404 0.6389815 -0.09655952 -0.5559998 0.7543069 -0.4350224 -0.5519753 0.5827922 -0.551878 -0.5590253 0.2249079 -0.3786736 -0.573019 -0.1097012 -0.01687049 -0.5857601 -0.2250275 0.3215914 -0.5897846 -0.05351275 0.5781655 2.813905 -0.4195623 0.450881 2.808662 -0.1655663 0.1783351 2.813661 -0.07299733 -0.07981681 2.825973 -0.1960837 -0.1723556 2.838386 -0.4627215 -0.0450716 2.843629 -0.7167178 0.2274742 2.83863 -0.8092856 0.4856262 2.826318 -0.6861991 0.002496719 6.902388 0.1797817 -0.06475448 6.917007 0.04441809 -0.01521873 6.927437 -0.09950155 0.1220817 6.927562 -0.1676701 0.2667198 6.917313 -0.1201555 0.3339691 6.902689 0.01520919 0.2844343 6.892263 0.1591276 0.1471347 6.892138 0.2272957 0.1899509 1.960216 -0.4604498 -0.06566905 1.893271 -0.4124245 -0.07840347 1.795088 -0.3060094 0.0147438 1.724635 -0.2194862 0.1592082 1.723181 -0.2035403 0.2703648 1.791579 -0.2675114 0.2830982 1.889763 -0.3739273 0.2070713 2.511838 -0.1130498 -0.2230548 2.399191 -0.03223842 -0.2444829 2.233981 0.1468235 -0.08774566 2.115429 0.2924135 0.1553421 2.112983 0.3192462 0.3423815 2.228076 0.2116021 0.3638086 2.393288 0.03253918 -0.08846664 4.346374 1.561017 -0.2837753 4.295225 1.597712 -0.2977753 4.250371 1.698336 -0.230875 4.226702 1.783761 -0.1222648 4.238087 1.803946 -0.03556632 4.277852 1.747067 -0.02156639 4.322708 1.646442 -0.5536862 6.499062 2.493616 -0.6101017 6.484286 2.504215 -0.6141453 6.471331 2.533281 -0.594821 6.464493 2.557956 -0.5634489 6.467782 2.563787 -0.5384064 6.479267 2.547357 -0.5343628 6.492225 2.518292 -0.3145208 5.434515 1.90222 -0.3239441 5.404322 1.969951 -0.3823023 5.377556 2.008237 -0.4554091 5.369892 1.99465 -0.5004406 5.385824 1.93715 -0.4910164 5.416016 1.869418 -0.3595524 5.450445 1.844718 0.2572613 3.161663 0.9750794 0.2391738 3.050557 1.11888 0.0972414 2.969327 1.203704 -0.08539199 2.965556 1.179859 -0.201744 3.041453 1.061316 -0.1836547 3.152558 0.9175158 0.1409111 3.237559 0.8565371 -0.3303661 -2.792573 -0.233044 -0.4888058 -3.037637 -0.09655374 -0.4340935 -3.233178 0.1535666 -0.1982784 -3.264649 0.3708001 0.08050346 -3.113615 0.4278938 0.238943 -2.86855 0.2914034 -0.631567 -2.382658 0.1533071 -0.7900076 -2.627724 0.2897976 -0.7352944 -2.823264 0.5399178 -0.4994793 -2.854735 0.7571511 -0.2206983 -2.703701 0.814245 -0.06225776 -2.458636 0.6777548 -1.593243 -1.19851 1.654634 -1.6814 -1.381395 1.720605 -1.626854 -1.531123 1.86265 -1.461557 -1.559988 1.997563 -1.282337 -1.451077 2.046309 -1.19418 -1.268193 1.980338 -2.326957 -0.5848332 2.865779 -2.408105 -0.7098751 2.935754 -2.380301 -0.8096008 3.063809 -2.259834 -0.8255949 3.174933 -2.11727 -0.7484875 3.204029 -2.036122 -0.6234474 3.134055 -2.768368 0.1702632 3.776588 -2.833508 0.1551284 3.741863 -2.853604 0.1241621 3.759192 -2.846719 0.09946489 3.790904 -2.816885 0.0955038 3.818424 -2.781579 0.1145997 3.82563 -2.761483 0.1455659 3.808301 -0.7098141 -2.019151 1.539834 -0.8307505 -2.231035 1.638694 -1.056404 -2.359591 1.586055 -1.254589 -2.329511 1.41275 -1.309213 -2.158416 1.2203 -1.188276 -1.946532 1.12144 -1.587652 -0.7576945 2.423038 -1.672276 -0.9114235 2.491026 -1.833021 -1.004305 2.452184 -1.975722 -0.9819269 2.329262 -2.016789 -0.8574014 2.194268 -1.932164 -0.703671 2.126278 -2.424533 -0.2342836 3.427878 -2.511641 -0.2813974 3.4101 -2.585247 -0.2716246 3.342203 -2.602235 -0.2106912 3.26396 -2.552653 -0.1342897 3.221205 -2.37495 -0.1578834 3.385124 0.3209648 -0.1129074 -0.1406267 0.08600234 -0.1881265 -0.2170603 -0.1558809 -0.1185832 -0.1590608 -0.2629919 0.05498075 -6.01962e-4 -0.1725873 0.2308983 0.1654954 0.06237506 0.3061171 0.2419301 0.3042584 0.2365741 0.1839296 0.4113693 0.06300783 0.02546781 0.3345966 0.3466196 -0.6347484 0.09963417 0.2714005 -0.7111829 -0.1422481 0.3409438 -0.6531826 -0.2493591 0.5145078 -0.4947237 -0.1589546 0.6904254 -0.3286272 0.07600784 0.7656455 -0.252193 0.3178902 0.6961012 -0.310193 0.4250012 0.5225349 -0.4686539 0.2943182 1.737579 -1.806859 0.126791 1.672918 -1.845183 -0.04468441 1.733544 -1.819965 -0.1196603 1.883942 -1.745974 -0.05421447 2.036008 -1.666556 0.2847872 2.040044 -1.65345 0.3597641 1.889648 -1.72744 0.2601986 2.84108 -3.75938 0.1881322 2.820541 -3.785286 0.1138134 2.839337 -3.765039 0.08077716 2.886459 -3.7105 0.1083755 2.934305 -3.653617 0.2547608 2.936048 -3.647958 0.287796 2.888924 -3.702496 0.226984 3.483414 -4.24996 0.1986951 3.475351 -4.260129 0.1695222 3.48273 -4.252182 0.1565542 3.501226 -4.230772 0.167387 3.520008 -4.208444 0.1956768 3.528071 -4.198275 0.2248497 3.520692 -4.206222 0.2378168 3.502194 -4.227631 0.3907147 1.107024 -1.159614 0.2999821 1.207441 -0.9928761 -0.100562 1.202673 -1.008361 -0.1757411 1.100282 -1.181512 -0.08500862 0.9998655 -1.348249 0.1184844 0.9602451 -1.4109 0.3155365 1.004633 -1.332764 0.262847 2.197844 -2.45665 0.02590274 2.195024 -2.465811 -0.02051067 2.083541 -2.502348 0.03122138 1.973227 -2.535092 0.1507949 1.928701 -2.544861 0.2681656 1.976047 -2.525932 0.314579 2.087529 -2.489394 0.3037357 2.383241 -3.177949 0.2614679 2.454252 -3.120765 0.07244682 2.452003 -3.128072 0.03641891 2.380059 -3.188283 0.07868671 2.309049 -3.245468 0.1744899 2.280566 -3.266127 0.2677078 2.311298 -3.238161 -0.03782463 0.7575398 -0.1287777 -0.01837253 0.719491 -0.2914443 -0.07007408 0.7872462 -0.4364361 -0.1626453 0.9211154 -0.478819 -0.2418575 1.04268 -0.3937654 -0.2613106 1.080729 -0.2310988 -0.209608 1.012974 -0.08610695 -0.1170368 0.8791041 -0.04372423 0.4870281 0.9693298 -0.05619508 0.5197601 0.9053063 -0.3299114 0.4327622 1.019317 -0.5738868 0.2769957 1.244575 -0.6452039 0.1437063 1.449129 -0.5020859 0.1109733 1.513154 -0.2283694 0.1979722 1.399143 0.0156058 0.3537388 1.173883 0.08692264 2.275413 2.155139 -0.2733432 2.278118 2.121451 -0.3968019 2.250771 2.177836 -0.5084133 2.209392 2.291265 -0.5427968 2.178216 2.395291 -0.479811 2.202857 2.372594 -0.2447409 2.244239 2.259165 -0.2103575 4.390934 2.468288 -0.5501452 4.391716 2.458559 -0.5858061 4.383817 2.474844 -0.6180454 4.371864 2.507609 -0.6279768 4.362858 2.537657 -0.6097835 4.362078 2.547388 -0.5741224 4.369976 2.531101 -0.5418833 4.381929 2.498338 -0.5319516 3.34391 2.180891 -0.3886257 3.316055 2.257241 -0.4117696 3.299469 2.272519 -0.5699975 3.320454 2.202497 -0.6123939 3.348308 2.126148 -0.58925 3.366714 2.088195 -0.5141232 3.364893 2.11087 -0.4310221 1.100116 1.921263 -0.0108143 0.9957705 2.096249 -0.06552785 0.9548225 2.133968 -0.4561681 1.042207 1.974605 -0.5632631 1.146551 1.79962 -0.5085494 1.206733 1.711514 -0.3240777 1.1875 1.761901 -0.117909 0.3875446 2.818277 -0.250087 0.3964548 2.712071 -0.4502952 0.2637348 2.704891 -0.6340783 0.06713294 2.80094 -0.6937791 -0.07818603 2.943955 -0.5944254 -0.0870943 3.05016 -0.3942173 0.04562377 3.057342 -0.210434 0.2422256 2.961293 -0.1507332 0.682148 3.277898 -0.4807935 0.6910586 3.171693 -0.6810022 0.5583382 3.164512 -0.8647849 0.3617363 3.260561 -0.9244856 0.2164182 3.403577 -0.8251323 0.2075099 3.509782 -0.6249244 0.3402271 3.516963 -0.4411411 0.5368295 3.420914 -0.3814399 1.520683 4.125999 -1.078433 1.514132 4.042294 -1.203457 1.438474 4.050711 -1.333402 1.33803 4.146316 -1.392147 1.271638 4.273109 -1.345281 1.454292 4.252789 -1.031565 2.69735 5.278965 -1.893145 2.699737 5.252768 -1.943162 2.666501 5.250713 -1.988822 2.617108 5.273996 -2.003374 2.580491 5.308983 -1.978296 2.578105 5.335179 -1.928279 2.61134 5.337234 -1.882619 2.660735 5.31395 -1.868067 0.9713116 3.792338 -0.6871342 0.7217999 3.794383 -1.063932 0.8264976 3.659716 -1.136272 0.9736099 3.563895 -1.077063 1.076961 3.563049 -0.9209887 1.076009 3.657673 -0.7594748 2.408566 4.619178 -1.496331 2.243012 4.605053 -1.721924 2.318774 4.536945 -1.77482 2.420833 4.492924 -1.746148 2.489407 4.498772 -1.652704 2.484326 4.551072 -1.549227 2.068271 4.259004 -1.25445 1.921783 4.283472 -1.541641 1.964507 4.163976 -1.576269 2.037622 4.072315 -1.516639 2.098298 4.062179 -1.39768 2.110993 4.139509 -1.289079 0.08769607 -1.079056 -0.03819102 -0.09386825 -1.228291 0.04864883 -0.1801872 -1.2884 0.2760559 -0.1206941 -1.224172 0.5108185 0.04975891 -1.073231 0.6154156 0.2313232 -0.9239974 0.5285758 0.2581501 -0.9281151 0.06640619 -0.3378868 -0.5803182 -0.03235763 -0.500083 -0.713634 0.04521924 -0.5771942 -0.7673314 0.2483685 -0.5240479 -0.7099552 0.4580885 -0.3717766 -0.5751145 0.5515291 -0.2095794 -0.4417987 0.4739523 -0.1856155 -0.4454784 0.0610817 -1.716231 0.6777182 -0.2606973 -1.82605 0.599061 -0.2106277 -1.870257 0.5573511 -0.0800144 -1.822958 0.5770245 0.05463242 -1.71186 0.6465535 0.1144374 -1.602041 0.7252112 0.06436818 -1.605134 0.7472487 -0.2008917 -2.304677 1.548607 -0.09206449 -2.357846 1.49879 -0.06458538 -2.387934 1.483543 0.005602121 -2.377311 1.511801 0.07738518 -2.332202 1.567008 0.1087129 -2.279031 1.616824 0.08123362 -2.259567 1.603814 -0.06073635 -3.095977 2.29316 -0.203044 -3.115252 2.275101 -0.193083 -3.126158 2.269575 -0.1676396 -3.122308 2.279818 -0.1416181 -3.105955 2.29983 -0.1302618 -3.08668 2.317889 -0.1402231 -3.075774 2.323416 -0.1656664 -3.079625 2.313173 -0.1916876 -0.9800987 0.05676317 -0.1945557 -0.9887238 0.04586315 0.1346313 -1.121226 -0.05646586 0.1966135 -1.250156 -0.1542801 0.1222416 -1.299988 -0.1902816 -0.04491782 -1.241529 -0.1433801 -0.206945 -1.109028 -0.04105186 -0.2689274 -0.1066589 0.3341928 -0.2270618 -0.0459156 0.2699394 -0.02493041 0.1125545 0.3293443 0.1166093 0.2759247 0.4776054 0.1146444 0.3484936 0.6278768 -0.02967494 0.12928 0.6327252 -0.373346 -0.03409099 0.4844623 -0.37138 -0.4601183 0.726728 0.003933548 -0.3993759 0.6624746 0.2060654 -0.2409038 0.7218795 0.3476048 -0.07753562 0.8701406 0.34564 -0.004966735 1.020412 0.2013209 -0.2241802 1.02526 -0.1423503 -0.3875504 0.8769975 -0.1403846 -1.26321 1.914907 0.602849 -1.208549 1.859673 0.7390943 -1.107365 1.91146 0.8471743 -1.018929 2.039932 0.8637776 -0.9950476 2.16983 0.7791766 -1.150892 2.173277 0.5348514 -1.239328 2.044806 0.5182474 -2.617068 2.857534 1.577385 -2.600165 2.83999 1.640581 -2.549772 2.856046 1.682887 -2.495407 2.896298 1.679523 -2.468917 2.937169 1.632458 -2.536213 2.938657 1.526956 -2.590577 2.898403 1.53032 -2.945233 3.406226 1.839538 -2.938599 3.399339 1.864344 -2.918817 3.405642 1.880952 -2.897477 3.421442 1.879631 -2.887079 3.437486 1.861156 -2.913495 3.438069 1.819743 -2.934835 3.422268 1.821063 -0.8558407 1.376277 0.2200763 -0.6946354 1.462055 0.2025844 -0.5104981 1.457982 0.4912642 -0.5954323 1.370518 0.6283312 -0.7566376 1.28474 0.6458224 -0.899683 1.250896 0.5334928 -0.940774 1.288813 0.3571426 -1.703975 2.308072 0.9412904 -1.595047 2.305663 1.11206 -1.598097 2.210433 1.162426 -1.646265 2.116201 1.142057 -1.711336 2.078166 1.062885 -1.755193 2.11861 0.9712871 -1.752143 2.21384 0.920921 -2.230159 2.466441 1.263756 -2.169443 2.527101 1.265583 -2.082547 2.525178 1.401814 -2.107269 2.463723 1.456416 -2.167985 2.403065 1.454589 -2.229128 2.378736 1.397403 -2.254881 2.404987 1.318358 -0.07493877 3.954273 -0.2413219 -0.05677604 4.031585 -0.06518059 0.04785346 4.175096 0.01090896 0.1776561 4.300742 -0.05762386 0.2565975 4.33492 -0.2306342 0.2384338 4.257608 -0.4067745 0.1338052 4.114097 -0.482865 0.004002571 3.988451 -0.4143322 -0.4459076 4.280324 -0.3461772 -0.4277449 4.357635 -0.1700361 -0.3231163 4.501147 -0.09394627 -0.1933126 4.626793 -0.1624792 -0.1325359 4.58366 -0.51163 -0.2371635 4.440148 -0.5877206 -0.3669663 4.314502 -0.5191876 -1.371403 4.938557 -0.3869992 -1.345442 4.980459 -0.2685511 -1.289869 5.085183 -0.2195182 -1.237238 5.191381 -0.2686221 -1.244339 5.194944 -0.5055477 -1.299912 5.090221 -0.5545817 -1.352543 4.98402 -0.5054761 -2.659146 5.827787 -0.4337861 -2.654833 5.847238 -0.3899595 -2.628551 5.882809 -0.3709392 -2.595694 5.913654 -0.3878638 -2.575506 5.921711 -0.4308214 -2.579821 5.902259 -0.4746468 -2.606101 5.86669 -0.4936683 -2.638961 5.835843 -0.4767423 -0.8273373 4.618822 -0.4997032 -0.7372532 4.73446 -0.5582376 -0.6578713 4.858008 -0.4960722 -0.6837139 4.877109 -0.2046802 -0.773799 4.761472 -0.1461467 -0.8531799 4.637923 -0.2083112 -0.8753567 4.578835 -0.3547595 -2.232997 5.290435 -0.2910938 -2.163923 5.351197 -0.324246 -2.109231 5.423275 -0.2843989 -2.143943 5.450586 -0.1081641 -2.213016 5.389824 -0.07501357 -2.267709 5.317745 -0.1148594 -2.275987 5.27658 -0.2043646 -1.852938 5.015717 -0.2641169 -1.821195 5.11524 -0.3046785 -1.777904 5.210669 -0.2595635 -1.750028 5.200787 -0.05272519 -1.781772 5.101266 -0.01216512 -1.825061 5.005836 -0.05727905 -1.85454 4.970402 -0.1616418 0.05790424 5.638774 -0.2114834 -0.0488224 5.600708 -0.1961864 -0.113758 5.576463 -0.1052513 -0.09886646 5.580244 0.008050382 -0.01286983 5.609835 0.07735019 0.09385585 5.647902 0.06205219 0.1587924 5.672146 -0.0288819 0.1438999 5.668365 -0.1421846 -0.04198837 5.920339 -0.2077503 -0.1487159 5.882273 -0.1924532 -0.2136516 5.858028 -0.101518 -0.19876 5.86181 0.01178354 -0.1127624 5.891399 0.08108437 -0.006036758 5.929469 0.06578731 0.05890083 5.953711 -0.02514779 0.0440073 5.94993 -0.1384514 -0.2874241 6.398803 -0.2619342 -0.3631392 6.373013 -0.2510997 -0.4086094 6.354815 -0.1869387 -0.3971977 6.354874 -0.1070303 -0.3355885 6.373154 -0.05818593 -0.2598715 6.398945 -0.06901746 -0.2258148 6.417083 -0.2130898 -0.6825895 7.510029 -0.1718763 -0.7204685 7.505022 -0.1645344 -0.741003 7.488825 -0.135727 -0.7321644 7.47093 -0.1023292 -0.6991291 7.461816 -0.08390492 -0.6612501 7.466825 -0.09124583 -0.6407156 7.483019 -0.1200543 -0.6495552 7.500916 -0.153452 -0.6993122 7.926097 0.08927398 -0.71381 7.92418 0.09208446 -0.7216702 7.917981 0.1031101 -0.7182865 7.911132 0.1158933 -0.7056427 7.907642 0.1229448 -0.691144 7.90956 0.1201351 -0.6832848 7.915758 0.1091088 -0.6866675 7.922609 0.09632623 -0.4879131 6.892967 -0.3083568 -0.477665 6.884907 -0.2494823 -0.511858 6.867615 -0.2013074 -0.5704632 6.851222 -0.1920545 -0.6191502 6.845331 -0.2271417 -0.6293984 6.853392 -0.2860163 -0.5952053 6.870685 -0.3341891 -0.5366001 6.887075 -0.3434441 -0.2089633 -2.546011 -0.2368627 -0.2681971 -2.382262 -0.02485418 0.08524894 -2.39936 0.3381498 0.2908859 -2.570192 0.2765023 0.3501196 -2.733942 0.06449365 0.2282524 -2.794686 -0.1736844 -0.003326416 -2.716843 -0.2985103 0.03877544 -2.167192 -0.4602352 -0.02045822 -2.003443 -0.2482266 0.3329878 -2.020541 0.1147775 0.5386243 -2.191373 0.05313003 0.5978584 -2.355122 -0.1588786 0.4759917 -2.415867 -0.3970566 0.2444114 -2.338024 -0.5218826 1.067391 -0.9831591 -1.099447 1.035232 -0.8656998 -0.9624576 1.246259 -0.9038837 -0.7025361 1.365827 -1.037159 -0.7318623 1.397986 -1.154619 -0.868851 1.323895 -1.187455 -1.033257 1.186959 -1.116435 -1.128773 1.981399 -0.2844644 -1.52983 1.951067 -0.2008507 -1.421413 2.131917 -0.2093007 -1.236038 2.23716 -0.2964144 -1.26767 2.267492 -0.380028 -1.376086 2.205145 -0.4111626 -1.497779 2.086642 -0.3715792 -1.561461 2.556227 0.4504576 -1.866524 2.548716 0.4711647 -1.839675 2.564156 0.4788747 -1.809538 2.593503 0.4690719 -1.793767 2.619566 0.4474983 -1.8016 2.627078 0.4267912 -1.82845 2.611638 0.4190807 -1.858587 2.582291 0.4288836 -1.874358 0.937438 -1.797589 -0.8166083 1.118514 -1.871791 -0.7074227 1.214887 -1.825939 -0.5086108 1.170101 -1.68689 -0.3366341 1.010392 -1.536099 -0.2922339 0.7329435 -1.507749 -0.6002311 0.7777295 -1.646797 -0.7722079 1.477366 -0.6315541 -1.378755 1.605012 -0.6867294 -1.299284 1.673183 -0.6547513 -1.156406 1.641945 -0.5543504 -1.033819 1.529598 -0.4443417 -1.003331 1.33378 -0.4211445 -1.225679 1.365018 -0.5215449 -1.348267 2.314622 0.04896354 -1.685709 2.352717 0.06798648 -1.611354 2.334183 0.1190757 -1.545111 2.269879 0.1723027 -1.525784 2.159379 0.1774654 -1.63905 2.177912 0.1263771 -1.705293 2.242216 0.0731492 -1.72462 -0.1684913 -1.69077 0.4038639 0.1029644 -1.713801 0.3428134 0.267766 -1.620589 0.1376351 0.2293758 -1.465739 -0.09147828 0.01028156 -1.339957 -0.2103162 -0.4259758 -1.410138 0.05591249 -0.3875856 -1.564989 0.285026 -0.03061866 -1.086712 0.7890267 0.240838 -1.109742 0.727977 0.4056397 -1.016531 0.522798 0.3672485 -0.8616805 0.2936846 0.1481552 -0.7358983 0.1748474 -0.2881031 -0.8060792 0.4410762 -0.2497119 -0.9609313 0.6701889 0.5045838 0.08530282 1.807062 0.6782045 0.05241012 1.751027 0.7942581 0.1319026 1.630286 0.7847629 0.2772117 1.515567 0.6552792 0.4032221 1.47407 0.3656044 0.3566218 1.650846 0.3751011 0.2113094 1.765565 1.246 1.676437 3.234093 1.313714 1.671046 3.219101 1.354699 1.693924 3.167758 1.344945 1.731655 3.110138 1.290165 1.762144 3.079993 1.222451 1.767533 3.094986 1.181465 1.744657 3.146327 1.191221 1.706925 3.203949 -0.02569007 -0.2863793 1.092873 -0.04920959 -0.1364367 0.9226351 0.3116064 -0.07839202 0.702445 0.4845805 -0.2042918 0.7814775 0.5080996 -0.3542318 0.9517158 0.3683872 -0.4403823 1.113437 0.1472835 -0.4122763 1.171906 1.017215 0.7653976 2.856981 0.9973641 0.8380737 2.737443 1.221089 0.8740645 2.600913 1.33361 0.8162961 2.6639 1.353458 0.7436218 2.783435 1.269011 0.6986065 2.8895 1.129734 0.7076311 2.919965 0.8079658 0.2720571 2.440441 0.8096819 0.4109178 2.357172 1.068216 0.4525085 2.1994 1.173588 0.3308749 2.217318 1.171871 0.192018 2.300587 1.064072 0.1172714 2.400429 0.9133372 0.1504273 2.458359 0.2226657 4.362481 -0.02489018 0.3070231 4.392816 -0.2290087 -0.06803512 4.729951 -0.3373799 -0.1540956 4.692699 -0.1312668 0.2942753 4.311661 -0.4362573 -0.08739566 4.644705 -0.5429089 -0.5974169 4.990872 -0.3505409 -0.6493006 4.946362 -0.1742406 -0.6214028 4.925144 -0.5287336 -1.21194 5.26314 -0.2368996 -1.196802 5.317055 -0.3903163 -1.723635 5.325218 -0.1492503 -1.723242 5.271983 -0.02154934 -1.229779 5.267421 -0.5341666 -1.761175 5.281528 -0.2886772 -2.057268 5.479235 -0.3150223 -2.050734 5.530624 -0.1922631 -2.518734 5.951177 -0.5026564 -2.522823 5.977456 -0.4287555 -2.102614 5.515527 -0.07704603 -2.551414 5.976227 -0.3557224 0.1644582 3.452979 -0.8539764 0.1639442 3.566871 -0.6277348 0.6724506 3.949216 -0.9045921 0.6683412 3.842385 -1.092318 0.3247194 3.572299 -0.39851 0.8067799 3.946714 -0.6990101 0.5409856 3.466807 -0.319401 0.9751382 3.837148 -0.6243023 1.23718 4.32797 -1.380422 1.246962 4.426707 -1.230826 1.902714 4.43049 -1.443375 1.885652 4.337122 -1.575275 1.347351 4.415456 -1.052453 1.991909 4.413326 -1.268963 1.465502 4.30054 -0.9726711 2.07805 4.306254 -1.195172 2.407492 4.65914 -1.430294 2.282055 4.71247 -1.470716 2.65795 5.351147 -1.800385 2.583503 5.3774 -1.83065 2.177317 4.704975 -1.612965 2.516571 5.370397 -1.918838 2.17877 4.640795 -1.743067 2.510311 5.336283 -1.99567 0.03313636 5.961116 0.1023312 0.1054697 5.984503 -0.01084703 -0.1641054 6.450065 -0.1171261 -0.220911 6.430385 -0.03207343 0.09797191 5.979868 -0.1463937 -0.1714954 6.446501 -0.2204945 -0.430954 6.914972 -0.2342436 -0.4731102 6.898848 -0.1639632 -0.433239 6.921865 -0.3152238 0.05871486 1.552255 -0.5358762 0.03139209 1.611297 -0.2105512 0.877728 2.30816 -0.2319802 0.8980308 2.250627 -0.4906184 0.1238012 1.492302 0.08503258 0.949595 2.203128 0.001299917 2.169733 2.526672 -0.5153257 2.170263 2.566029 -0.3425692 3.292813 2.432263 -0.4731543 3.288552 2.403211 -0.6058977 2.204461 2.494683 -0.1840308 3.315343 2.378533 -0.3503193 4.347165 2.650105 -0.4761742 4.333942 2.671297 -0.5592085 4.329399 2.666471 -0.6456648 -0.193119 0.7551618 -0.2832351 0.07343101 0.8307581 -0.2055799 0.09347915 1.310305 -0.8718334 -0.134881 1.260159 -0.9552243 0.3469009 0.76159 -0.2623587 0.3287211 1.265677 -0.9373022 -0.08811283 2.100357 -1.629957 0.1107606 2.175239 -1.585202 0.1414241 2.325564 -2.424661 -0.007565498 2.271626 -2.446404 0.3142195 2.105146 -1.614404 0.2928867 2.275202 -2.434789 0.07291603 2.991729 -3.600156 0.177411 3.017403 -3.568585 0.19283 3.584234 -4.141925 0.1316909 3.575779 -4.153364 0.2846136 2.994249 -3.591972 0.2548523 3.577247 -4.148603 0.2911606 2.521925 -3.079117 0.1630878 2.556818 -3.056247 0.03802871 2.518913 -3.088903 0.2743635 -0.9280572 0.5438395 0.3839445 -0.8606157 0.304988 -0.09119701 -0.3361073 0.2746224 -0.1756868 -0.3922763 0.5001194 0.3026629 -0.932401 0.05629873 -0.1434307 -0.3997855 0.03814744 0.1307125 -1.129675 -0.03524309 0.09277534 -1.123851 0.6183635 -0.07767772 -1.274791 0.5137664 -0.1371707 -1.339019 0.2790038 -0.05085182 -1.278911 0.05159676 -0.8884173 0.1444349 -0.02733129 -0.9546909 0.09512996 0.1609684 -0.937706 0.1023635 -0.21724 -1.556234 0.7642474 0.09237515 -1.507515 0.8103395 -0.06424212 -2.20146 1.678454 0.01494604 -2.236977 1.659637 0.108343 -1.558021 0.7882958 -0.2236 -2.21431 1.646403 -0.08412027 -3.036498 2.37066 -0.1646112 -3.050841 2.367431 -0.1140986 -3.036912 2.358119 -0.2157017 0.4273157 0.6273608 -0.05352562 0.385088 0.7083683 -0.2936645 -0.002911567 1.174758 -0.03959566 0.07653522 1.103314 0.2022908 0.1841354 0.6327391 -0.4347707 -0.1896314 1.109201 -0.2149913 0.0373125 0.4051633 -0.4180445 -0.03525543 0.2548938 -0.2737264 0.3473282 0.3983064 0.06797981 0.183958 0.2500453 0.06994467 0.02548789 0.1906404 -0.07159501 -3.008321 3.494898 1.88103 -3.001686 3.48801 1.905837 -2.981905 3.494313 1.922444 -2.960565 3.510114 1.921123 -2.874269 3.519529 1.880508 -2.878727 3.559598 1.828415 -2.92459 3.520641 1.801618 -2.997923 3.51094 1.862555 -0.4843912 1.581418 0.2732578 -0.4250107 1.535715 0.4884446 -0.655036 1.540803 0.1278235 -0.9282589 2.256843 0.7886348 -0.9999342 2.325898 0.6126049 -1.61279 2.458603 1.005393 -1.547691 2.409246 1.134289 -1.130191 2.26131 0.4720564 -1.702835 2.412677 0.8910654 -2.382189 3.014819 1.630656 -2.41779 3.039306 1.527062 -2.497015 3.017357 1.450639 -2.146051 2.618608 1.200495 -2.057585 2.651607 1.291832 -2.012501 2.615655 1.409869 -0.07818603 2.943955 -0.5944254 -0.0870943 3.05016 -0.3942173 0.2075099 3.509782 -0.6249244 0.2164182 3.403577 -0.8251323 0.1899509 1.960216 -0.4604498 0.2070713 2.511838 -0.1130498 -0.06566905 1.893271 -0.4124245 -0.2230548 2.399191 -0.03223842 0.2830982 1.889763 -0.3739273 0.2703648 1.791579 -0.2675114 0.1592082 1.723181 -0.2035403 0.0147438 1.724635 -0.2194862 -0.07840347 1.795088 -0.3060094 -0.5536862 6.499062 2.493616 -0.5850582 6.495772 2.487786 -0.6101017 6.484286 2.504215 -0.6141453 6.471331 2.533281 -0.594821 6.464493 2.557956 -0.5634489 6.467782 2.563787 -0.5384064 6.479267 2.547357 -0.5343628 6.492225 2.518292 0.1409111 3.237559 0.8565371 -0.1836547 3.152558 0.9175158 -0.08846664 4.346374 1.561017 -0.3595524 5.450445 1.844718 -0.2837753 4.295225 1.597712 -0.4910164 5.416016 1.869418 0.195631 1.953024 -0.5125671 0.03409004 1.956665 -0.5440297 -0.05661296 2.557542 -0.1892148 0.2128 2.55756 -0.1624749 -0.08460807 1.879631 -0.4599164 -0.2662249 2.432107 -0.07247656 0.2876911 1.839059 -0.4201586 0.2749577 1.740875 -0.3137427 0.1638011 1.672477 -0.2497717 0.0193367 1.673931 -0.2657176 -0.07381057 1.744384 -0.3522406 -0.06239795 3.277929 0.7841812 0.146595 3.283964 0.8075452 -0.2269639 3.186131 0.8777285 -0.08007335 4.37484 1.499827 -0.2150106 4.359087 1.478969 -0.4505005 5.466365 1.769044 -0.351079 5.478528 1.783289 -0.3249235 4.310716 1.545829 -0.5321303 5.431112 1.817304 -0.6527824 6.508237 2.455903 -0.6029797 6.526207 2.434823 -0.5468483 6.53598 2.436 7.17163e-4 -1.347964 -0.2498208 -0.2908545 -1.322757 -0.1994385 -0.1518688 -0.6782999 0.1981989 0.1406717 -0.7009182 0.1285538 -0.4545002 -1.421195 0.02797824 -0.3333397 -0.7771723 0.4178214 -0.3986578 -1.613498 0.2540955 -0.1795635 -1.739279 0.3729333 0.2183036 -1.514248 -0.1224088 0.2566938 -1.669099 0.1067045 0.09189224 -1.76231 0.3118829 0.06560611 -0.00595951 0.7318019 0.3075438 -0.03473091 0.664819 -0.09035015 -0.0987401 0.907636 0.6589418 0.4567885 1.454255 0.4659934 0.4914675 1.519026 0.8990598 0.5388775 2.241172 1.069242 0.5018168 2.174455 0.3344069 0.4045801 1.652304 0.7761207 0.4546619 2.353334 0.9527607 0.8668347 2.714068 1.053293 0.9178295 2.593803 1.13477 1.766634 3.118594 1.194519 1.792528 3.055804 1.213262 0.908741 2.555096 1.280995 1.790156 3.029361 -0.3133373 -2.386915 -5.70849e-4 -0.1983718 -2.31865 0.2641312 0.06801509 -1.887054 0.02291643 -0.06699275 -1.949971 -0.2379478 0.0595293 -2.404953 0.3823789 0.3209276 -1.972343 0.1675143 -0.03905105 -2.771471 -0.266299 -0.244688 -2.600639 -0.2046514 0.1925277 -2.849314 -0.1414731 0.314395 -2.788569 0.09670495 0.2551613 -2.62482 0.3087136 0.7978764 -1.408104 -0.3637907 0.6843104 -1.457734 -0.5885038 0.9978399 -1.488172 -0.2394309 0.978652 -0.8235993 -0.9450665 1.069294 -0.7862306 -0.75905 1.372057 -0.3290277 -1.054735 1.293792 -0.364223 -1.219724 1.230472 -0.8598361 -0.6468045 1.519918 -0.393348 -0.9531369 1.909931 -0.1459329 -1.414043 1.988525 -0.1109583 -1.264705 2.162563 0.251082 -1.531544 2.110209 0.2280502 -1.626801 2.122784 -0.1577472 -1.186169 2.258768 0.2221126 -1.474147 2.585063 0.5223775 -1.744928 2.539117 0.5352206 -1.78205 2.507079 0.530551 -1.833538 -0.1010875 -2.332087 0.1480408 0.205739 -2.26981 0.1490861 0.0385065 -1.659626 -0.3727546 -0.2440071 -1.710428 -0.3445181 0.4162941 -2.36863 -0.0604918 0.2533312 -1.745555 -0.5449725 0.4097328 -2.610983 -0.2737121 0.2251548 -2.772168 -0.4138294 -0.2729578 -2.562763 0.001448631 -0.2575798 -2.738071 -0.2192614 -0.05125522 -2.82481 -0.3912746 -0.3075533 -1.192185 -1.313266 -0.5402908 -1.230265 -1.290531 -0.1304855 -1.259211 -1.455705 -0.7154665 -0.4773505 -1.949325 -0.5181522 -0.4528432 -1.965337 -0.7325678 0.5765305 -2.677704 -0.8542976 0.5527377 -2.658401 -0.3693457 -0.5017977 -2.088831 -0.6353064 0.5372706 -2.746666 -1.059627 1.32165 -3.619733 -1.124974 1.31679 -3.601926 -1.001316 1.308056 -3.651767 0.1842308 -2.67301 0.04128313 -0.116971 -2.263096 0.4276343 -0.3303661 -2.792573 -0.233044 -0.631567 -2.382658 0.1533071 0.238943 -2.86855 0.2914034 -0.06225776 -2.458636 0.6777548 0.08050346 -3.113615 0.4278938 -0.1982784 -3.264649 0.3708001 -0.4340935 -3.233178 0.1535666 -0.4888058 -3.037637 -0.09655374 -0.7644386 -1.848056 1.347385 -1.188276 -1.946532 1.12144 -0.7098141 -2.019151 1.539834 -1.248726 -1.118464 1.838293 -1.628718 -0.6331675 2.288043 -1.593243 -1.19851 1.654634 -1.932164 -0.703671 2.126278 -1.19418 -1.268193 1.980338 -1.587652 -0.7576945 2.423038 -2.063926 -0.5237198 3.005999 -2.391938 -0.09694886 3.306881 -2.326957 -0.5848332 2.865779 -2.552653 -0.1342897 3.221205 -2.036122 -0.6234474 3.134055 -2.37495 -0.1578834 3.385124 -2.833508 0.1551284 3.741863 -2.768368 0.1702632 3.776588 -2.761483 0.1455659 3.808301 0.225584 -2.667904 -0.002867102 -0.01445579 -2.626928 -0.2519674 -0.3449917 -2.159573 0.1643747 -0.08246707 -2.190576 0.4008475 -0.3174143 -2.794065 -0.2923349 -0.6524725 -2.323012 0.09698176 0.2794266 -2.923645 0.2394759 0.1209869 -3.168709 0.3759663 -0.1577949 -3.319743 0.3188726 -0.39361 -3.288272 0.1016392 -0.4483223 -3.092732 -0.1484812 -2.788592 0.1978826 3.845415 -2.838651 0.2294626 3.800869 -2.853732 0.1827478 3.810689 -2.894053 0.1794009 3.810992 -2.887168 0.1547036 3.842705 -2.857334 0.1507425 3.870224 -2.822028 0.1698384 3.87743 -2.801932 0.2008047 3.860101 -0.9527702 -1.748123 1.125151 -0.7282391 -1.77868 1.317531 -1.206486 -1.889798 1.062581 -1.205249 -1.055995 1.798898 -1.397071 -1.028869 1.645113 -1.768542 -0.5342412 2.126358 -1.600381 -0.5580058 2.268199 -1.605051 -1.148886 1.585768 -1.956469 -0.6407402 2.078372 -2.033996 -0.4505353 2.984621 -2.181401 -0.431268 2.855941 -2.455256 -0.0178132 3.18945 -2.354945 -0.02700042 3.276844 -2.35014 -0.5239892 2.816087 -2.571307 -0.07727098 3.161502 -2.846068 0.1877527 3.759878 -2.795868 0.2512083 3.711138 -2.753637 0.2092289 3.809154 -0.4351368 6.908705 -0.3148468 -0.4292679 6.89518 -0.2360352 -0.5967789 7.516653 -0.1599421 -0.5923185 7.493292 -0.1066071 -0.4678402 6.872423 -0.1679231 -0.6172323 7.471634 -0.0578615 -0.0516529 6.976547 -0.1713013 0.1179914 6.975478 -0.2420187 0.1199007 8.167526 0.5576677 0.2200536 8.170901 0.5224148 0.2949734 6.964035 -0.197053 0.3238297 8.161648 0.5406137 0.5182591 -4.90482 -0.6331098 0.08100509 -4.90482 -0.8142266 0.08100509 -4.90482 -0.1958551 -0.3562498 -4.90482 -0.6331098 -0.5373669 -4.90482 -0.195855 -0.3562498 -4.90482 0.2413995 0.08100509 -4.90482 0.4225165 0.5182595 -4.90482 0.2413996 0.6993761 -4.90482 -0.195855</float_array>
          <technique_common>
            <accessor source="#Mesh_001-mesh-positions-array" count="1000" stride="3">
              <param name="X" type="float"/>
              <param name="Y" type="float"/>
              <param name="Z" type="float"/>
            </accessor>
          </technique_common>
        </source>
        <source id="Mesh_001-mesh-normals">
          <float_array id="Mesh_001-mesh-normals-array" count="6981">0.04600387 -0.5876632 -0.8077968 0.08017396 -0.7204618 -0.6888447 0.07803314 -0.7106454 -0.6992096 -0.6616973 -0.5376599 -0.5225691 -0.6199078 -0.6710429 -0.4067133 -0.6616908 -0.5376952 -0.5225412 -0.9867138 -0.1535159 0.05318683 -0.9762052 -0.1977893 0.08889776 -0.9729244 -0.209393 0.09784096 -0.791345 0.4231114 0.441305 -0.7504268 0.4122031 0.5166705 -0.7021631 0.2920002 0.6493866 -0.1085579 0.6226763 0.7749125 -0.08345878 0.7656102 0.6378681 -0.07335263 0.7749091 0.6278019 0.6878336 0.5664262 0.4539234 0.5926009 0.7178592 0.3653798 0.6998951 0.5652394 0.4366363 0.9202585 0.3022257 -0.2485637 0.9417997 0.2926785 -0.1653866 0.9475364 0.2792997 -0.1554558 0.7218154 -0.2741677 -0.6354641 0.7336309 -0.3185555 -0.6002568 0.7218252 -0.274203 -0.6354377 0.1954327 -0.7612678 0.618286 0.2228755 -0.7023447 0.6760463 0.2228749 -0.7023439 0.6760473 -0.2445924 0.6488293 -0.7205519 -0.253673 0.6235305 -0.7394997 -0.2445958 0.648824 -0.7205556 0.07737445 -0.7267183 -0.6825642 -0.6144188 -0.6778556 -0.4037342 -0.6198527 -0.6645774 -0.4172764 -0.9712225 -0.2165049 0.09925913 -0.9756692 -0.200927 0.08773887 -0.7447718 0.4212132 0.5175851 -0.7425568 0.4037038 0.5344462 -0.07386344 0.7981333 0.5979362 -0.06941962 0.7888121 0.6107017 0.5795681 0.7287926 0.3646399 0.5622926 0.753164 0.3414252 0.9394831 0.302304 -0.1611955 0.7360408 -0.3301175 -0.5909878 0.7349693 -0.3370124 -0.588424 0.03263479 -0.519729 -0.8537077 0.02050906 -0.5179347 -0.8551743 0.02231806 -0.5272922 -0.849391 -0.6756405 -0.4697019 -0.5682342 -0.6677919 -0.4693171 -0.5777503 -0.6765924 -0.4666879 -0.5695835 -0.9925691 -0.1168978 0.03378772 -0.9927806 -0.1195954 0.009148776 -0.9930876 -0.1127843 0.03250825 -0.7306409 0.3341238 0.5954202 -0.7388057 0.3371255 0.5835347 -0.7302516 0.3331776 0.5964272 -0.01299291 0.6151494 0.7883036 -0.01502156 0.6430997 0.7656353 -0.01248234 0.613878 0.7893023 0.6280208 0.5698398 0.5299741 0.6171936 0.5984454 0.510818 0.6126497 0.6062616 0.5070576 0.9726283 0.2137812 -0.09105902 0.9705963 0.2163892 -0.1054449 0.9686364 0.2219403 -0.1117411 0.7170841 -0.237605 -0.6552361 0.6998462 -0.2391475 -0.6730705 0.7032954 -0.2483409 -0.6661099 0.07351565 -0.6887288 -0.7212823 0.07351678 -0.6887285 -0.7212824 -0.6662208 -0.4786579 -0.5718711 -0.6337878 -0.6387771 -0.4362074 -0.9776782 -0.193772 0.08122664 -0.9776782 -0.193772 0.08122646 -0.7410842 0.3426988 0.5773662 -0.7567235 0.3855912 0.5279102 -0.0134285 0.6504832 0.759402 0.09334284 0.79606 0.5979763 0.4426533 0.7713887 0.4571847 0.4338921 0.773831 0.461436 0.9508314 0.2649868 -0.160318 0.9508313 0.2649868 -0.1603178 0.7298741 -0.3143774 -0.6070014 0.9474332 0.2843332 -0.1467142 0.5666394 0.7438858 0.3543357 0.07349646 -0.7135156 -0.6967739 0.7320709 -0.321544 -0.6005679 0.3904902 0.1347087 -0.9106981 0.4466506 -8.71498e-4 -0.8947081 0.4502725 0.002597928 -0.8928874 -0.3673241 0.115818 -0.9228539 -0.309925 0.001674532 -0.9507595 -0.3697595 0.1162951 -0.9218208 -0.917905 0.0410037 -0.3946761 -0.8904259 0.02328079 -0.4545324 -0.9187548 0.04176265 -0.392614 -0.9276207 -0.04074752 0.3712944 -0.9478517 0.05109661 0.314589 -0.9268053 -0.04131448 0.373263 -0.3926609 -0.08559191 0.9156919 -0.4457821 0.06729799 0.8926082 -0.4478218 0.07231146 0.891194 0.3695298 -0.06212234 0.9271401 0.3111897 0.06395894 0.9481932 0.3075263 0.06490367 0.9493235 0.9188122 0.01199865 0.3945128 0.890887 0.04188007 0.4522902 0.8892938 0.04162788 0.455438 0.9241789 0.09363424 -0.3703055 0.9486947 0.01393419 -0.3158864 0.9497099 0.01721638 -0.3126578 0 -1 0 0 -1 0 0 -1 8.81771e-7 0 -1 0 0 -1 -8.81772e-7 -0.0107969 0.9120082 0.41003 0.06381392 0.8828958 0.4652129 0.04389727 0.972924 0.2269184 0.12687 0.9074528 0.4005414 0.04389965 0.9729199 0.2269357 0.04387998 0.9729185 0.2269455 0.04386234 0.9729263 0.2269152 0.04391396 0.9729357 0.2268647 0.0439648 0.972921 0.226918 0.345705 0.1580083 -0.9249441 0.3151845 0.05592763 -0.947381 0.315184 0.05592751 -0.9473812 -0.4112051 0.1395405 -0.900799 -0.4418979 0.1137072 -0.8898298 -0.4418967 0.1137074 -0.8898303 -0.9340298 0.06327396 -0.3515464 -0.922989 0.241726 -0.2994328 -0.9260257 0.2265266 -0.3019308 -0.9093937 -0.02937924 0.4148977 -0.8950215 0.007090568 0.4459667 -0.8935527 0.03291314 0.4477505 -0.3451758 -0.08881288 0.9343265 -0.3179308 -0.1532226 0.9356511 -0.3417938 -0.08630865 0.9358034 0.4139031 -0.06853717 0.9077373 0.4347822 -0.216135 0.874214 0.4175632 -0.06737571 0.9061466 0.9341329 0.01131522 0.3567463 0.9433091 -0.09658282 0.317553 0.9356229 0.0115354 0.3528125 0.9077832 0.1031721 -0.4065528 0.8926311 0.1408573 -0.428216 0.9060357 0.1037541 -0.4102861 0.8917654 0.03822427 0.4508808 0.3185518 0.08755707 0.943853 -0.4298802 0.1077396 0.8964347 -0.427478 0.1005093 0.8984211 -0.9416061 0.0834912 0.3262012 -0.9427503 0.0755611 0.324827 -0.8924604 0.02815359 -0.4502466 -0.891576 0.02995121 -0.4518798 -0.3184183 -0.02113693 -0.9477146 -0.3167346 -0.01993429 -0.9483047 0.434255 -0.04442358 -0.899694 0.9455298 -0.01928412 -0.3249638 0.4318831 -0.03420394 -0.9012809 -0.8881263 -0.09751403 0.4491356 -0.91479 0.3000391 -0.2704368 -0.3224487 0.5292097 -0.7848336 -0.2995808 0.5292325 -0.793829 -0.3236284 0.5291998 -0.7843548 0.2405726 0.5079962 -0.827082 0.1963992 0.5110533 -0.8368107 0.1924695 0.5112733 -0.837589 0.8811086 0.2325133 -0.4118074 0.8811297 0.2324963 -0.4117718 0.9372197 -0.1665857 0.3063798 0.9373064 -0.1664956 0.3061634 0.4178537 -0.4085055 0.8114934 0.4187139 -0.4084401 0.8110828 -0.3179514 -0.1802761 0.9308101 -0.2982459 -0.3837656 0.8739413 0.1545702 0.5153658 -0.8429152 0.06955337 0.7122206 -0.6985015 0.06146925 0.7142835 -0.6971518 -0.6569381 0.302838 -0.6904501 -0.6321702 0.5284444 -0.5666634 -0.6730777 0.2980718 -0.6768454 -0.9646024 -0.1259831 -0.2316691 -0.9945251 0.01940065 -0.1026822 -0.9646024 -0.1259832 -0.2316688 -0.7393637 -0.598341 0.3087547 -0.75943 -0.512189 0.4011589 -0.7393637 -0.598341 0.3087548 -0.07380777 -0.7997553 0.5957716 -0.07978808 -0.7467519 0.6602997 -0.07380694 -0.7997553 0.5957719 0.6421881 -0.6122415 0.4612537 0.6438613 -0.5572329 0.5243417 0.6435629 -0.5561832 0.5258204 0.9892083 -0.1456399 -0.01600605 0.9960731 -0.05243396 0.07133823 0.9959639 -0.04765415 0.07605952 0.7639681 0.3267148 -0.5564264 0.7631811 0.4797289 -0.4329145 0.7618572 0.4879058 -0.4260535 0.03997772 -0.6787161 -0.7333119 0.06678777 -0.7372932 -0.6722635 0.03997761 -0.6787165 -0.7333115 -0.1663004 0.9090417 0.3820832 -0.1662772 0.9090353 0.3821084 -0.1662729 0.9090439 0.3820898 0.06052106 0.7025405 -0.7090657 0.05998444 0.701651 -0.7099914 -0.6261269 0.5342074 -0.567968 -0.6238449 0.5233418 -0.5804577 -0.9949948 0.02780139 -0.09598195 -0.9952184 0.0556215 -0.08029109 -0.7600044 -0.507529 0.4059652 -0.7680536 -0.4164604 0.4864712 -0.07960325 -0.7455574 0.6616702 -0.0911656 -0.6083432 0.7884208 0.6310328 -0.4192053 0.6527363 0.6300956 -0.4168738 0.6551304 0.9866914 0.04309827 0.1567882 0.9861827 0.04521417 0.1593722 0.7541826 0.5137721 -0.4089584 0.7542204 0.5118543 -0.4112868 0.0866003 0.4471341 -0.8902648 0.08797252 0.3843338 -0.9189932 0.08701533 0.4499725 -0.8887932 -0.5855035 0.2711148 -0.7639911 -0.5666004 0.2129055 -0.7960121 -0.5681377 0.2150077 -0.7943497 -0.9860289 -0.05047154 -0.1587442 -0.9797937 -0.09226697 -0.1774573 -0.9801201 -0.09034103 -0.1766441 -0.7871559 -0.3100027 0.5331829 -0.7900703 -0.2963122 0.5366452 -0.7898657 -0.2979814 0.5360216 -0.1321116 -0.3634657 0.9221927 -0.1427614 -0.3065647 0.9410831 -0.1425471 -0.3078927 0.9406818 0.5936163 -0.1734027 0.7858443 0.5816898 -0.1168352 0.8049761 0.5935932 -0.1753698 0.785425 0.9675842 0.149549 0.2035092 0.9646331 0.1632338 0.2069727 0.9678717 0.1474872 0.203647 0.7703503 0.4095141 -0.4887319 0.7787556 0.3682824 -0.5078462 0.7699798 0.4120193 -0.4872077 0.9787046 0.09852826 0.1800826 0.9787045 0.09852826 0.1800824 0.6124981 -0.2757329 0.7408223 0.6124984 -0.2757327 0.740822 -0.1142017 -0.4660521 0.8773561 -0.7799445 -0.3620495 0.5104965 -0.988792 -0.02251946 -0.1475918 -0.4824346 0.4063548 -0.7759721 -0.06531351 0.5155958 -0.8543391 -0.07161051 0.5142663 -0.8546357 0.7631412 0.4362915 -0.4767237 0.7631419 0.4362912 -0.4767226 -0.1313024 -0.3652144 0.9216171 -0.7863646 -0.3119326 0.533225 -0.9863983 -0.04796618 -0.1572185 -0.5866862 0.2735343 -0.7622194 0.5317429 0.7351773 -0.4204329 0.3938816 0.8640832 -0.3133971 0.3825509 0.868259 -0.3158817 -0.1833038 0.5690404 -0.8016188 -0.2451644 0.7156051 -0.6540672 -0.2057496 0.5657938 -0.7984638 -0.7319738 0.09768569 -0.6742937 -0.7761024 0.1616775 -0.609529 -0.7319742 0.09768557 -0.6742933 -0.8653381 -0.4688102 -0.1772204 -0.8495802 -0.4893888 -0.1967536 -0.865338 -0.46881 -0.1772214 -0.4918003 -0.7606835 0.4236665 -0.4248449 -0.8391466 0.3396173 -0.4918003 -0.7606835 0.4236664 0.1698286 -0.6069588 0.7763757 0.2310371 -0.6867232 0.6892264 0.2346999 -0.6912065 0.6834834 0.7319741 -0.09768581 0.6742933 0.7468848 -0.1184681 0.6543152 0.7491504 -0.1217165 0.6511212 0.7790449 0.542421 0.314434 0.8048222 0.5396175 0.247132 0.8988247 0.4253225 0.1059005 0.4819431 -0.5918473 -0.646102 0.4715377 -0.6417309 -0.6048418 0.4819431 -0.5918469 -0.6461023 -0.4010556 0.7123212 0.57598 -0.2136777 0.8345245 0.5078491 -0.4209239 0.8093398 0.4096246 0.4020129 0.8516701 -0.3362199 0.4011839 0.8537499 -0.3319076 -0.2390307 0.7238385 -0.647242 -0.2266902 0.7055953 -0.6713768 -0.7823135 0.1708204 -0.5990043 -0.7765623 0.1604884 -0.6092573 -0.8470246 -0.4925828 -0.199779 -0.8746356 -0.4581195 -0.1585538 -0.4207094 -0.8434519 0.3340548 -0.4726213 -0.7822684 0.4058142 0.1820628 -0.6301578 0.7548207 0.1839201 -0.63058 0.7540175 0.7179876 -0.08808434 0.69046 0.7198547 -0.08869099 0.6884354 0.81379 0.5299641 0.2385039 0.8123455 0.5309398 0.2412422 0.4905863 0.7264554 -0.4812357 0.3335898 0.9100711 -0.2459439 0.4940252 0.7211727 -0.485643 -0.1114768 0.5865704 -0.8021895 -0.2850593 0.7663318 -0.5757403 -0.2781592 0.7572151 -0.5909762 -0.7313759 0.109169 -0.6731801 -0.796126 0.184508 -0.5763162 -0.7874128 0.1712589 -0.5921585 -0.9013693 -0.4213601 -0.09994477 -0.8325358 -0.5102316 -0.21575 -0.8440874 -0.4968637 -0.2016014 -0.5462614 -0.6496389 0.5287417 -0.3892294 -0.8726674 0.2948767 -0.4011124 -0.8624925 0.3085705 0.0744841 -0.5054129 0.8596569 0.2605798 -0.7216643 0.6413258 0.06853991 -0.4966189 0.8652583 0.6717481 -0.05585795 0.7386707 0.7608322 -0.1400233 0.6336624 0.6630392 -0.04762893 0.7470681 0.8601678 0.4789528 0.1752586 0.7888557 0.5527629 0.2686265 0.8631758 0.4751856 0.1706646 0.3006246 0.9317342 -0.2037068 0.4304143 0.8156346 -0.3866315 0.3076097 0.927871 -0.2107883 -0.309928 0.7898762 -0.5291882 -0.172807 0.6671956 -0.7245604 -0.1445625 0.6807761 -0.7180848 -0.810419 0.2186502 -0.5435193 -0.7736104 0.1587466 -0.6134546 -0.7736697 0.1588396 -0.6133558 -0.8368245 -0.5043683 -0.2129257 -0.9252062 -0.3694033 -0.08680254 -0.9253318 -0.3691429 -0.08657103 -0.3795871 -0.881121 0.2820277 -0.5693495 -0.631527 0.5263221 -0.5698249 -0.6305519 0.5269762 0.2690031 -0.7304252 0.6277869 0.08154332 -0.4802961 0.8733078 0.2545318 -0.7146026 0.6515802 0.758669 -0.1336645 0.6376168 0.6550226 -0.002253055 0.7556059 0.741199 -0.1093685 0.6623161 0.7579361 0.5830461 0.2925577 0.8162552 0.5281391 0.2340866 0.7705935 0.5724302 0.2801957 -0.5508384 -0.640527 0.5350723 -0.9066268 -0.4122961 -0.08966583 -0.7278954 0.1055111 -0.6775218 -0.1078054 0.5813035 -0.8065136 0.1947596 -0.6404131 0.7429265 0.1945686 -0.6401733 0.7431831 -0.4658593 -0.7939048 0.3907561 -0.8836404 -0.4425359 -0.1527797 -0.8983796 0.1184983 -0.4229332 -0.7901673 0.327091 -0.5183117 0.5693172 0.8204446 0.0524286 0.5920954 0.8010513 0.08797746 0.7649065 0.5780834 0.2841438 0.7649065 0.578083 0.2841446 0.7124329 -0.07168984 0.6980689 0.7127296 -0.0720843 0.6977252 0.4147138 -0.6720139 -0.6135225 0.413508 -0.6633725 -0.6236571 0.414488 -0.6632636 -0.6231222 -0.3500284 -0.6811171 -0.6430861 -0.348264 -0.672468 -0.653069 -0.3500276 -0.6811175 -0.6430861 -0.909727 -0.2912315 -0.2959409 -0.9090304 -0.2772395 -0.3111304 -0.9087585 -0.2772459 -0.3119178 -0.9365221 0.2692536 0.2245635 -0.9345613 0.2985977 0.1934803 -0.9334948 0.3010153 0.1948775 -0.4147152 0.6720138 0.6135216 -0.4147164 0.6720131 0.6135216 -0.4147147 0.6720142 0.6135216 0.3500299 0.6811166 0.6430858 0.3500317 0.6811155 0.643086 0.3500325 0.6811149 0.6430861 0.9097294 0.2912287 0.2959362 0.9094821 0.3205078 0.2647961 0.9097295 0.2912287 0.295936 0.9365206 -0.2692558 -0.2245678 0.9366663 -0.2552697 -0.2397785 0.9365206 -0.2692559 -0.2245678 -0.02019822 -0.6808721 0.7321238 -0.02019602 -0.6808719 0.7321242 -0.02019774 -0.6808711 0.7321248 0.01599103 0.7613598 -0.6481326 0.0188964 0.7342683 -0.6785964 0.01599174 0.7613542 -0.648139 0.4094463 -0.5905034 -0.6954564 -0.3403198 -0.5994508 -0.7244592 -0.3424588 -0.5903059 -0.7309316 -0.9056663 -0.240954 -0.3488692 -0.9069693 -0.2299764 -0.3528706 -0.9271665 0.3041678 0.2187333 -0.9280716 0.2938194 0.2288084 -0.369742 0.7590397 0.5358636 -0.3790375 0.6788572 0.6288747 -0.3796064 0.671368 0.6365252 0.3091294 0.7671205 0.5621078 0.3131207 0.6870962 0.6556326 0.3105703 0.7670342 0.5614309 0.9082432 0.3229761 0.2660469 0.9000254 0.3258841 0.289403 0.936458 -0.2553116 -0.2405464 0.9353652 -0.2190375 -0.2776951 0.407129 -0.6671221 -0.6238543 0.3990949 -0.8510616 -0.3412002 0.4053613 -0.6796563 -0.6113507 -0.3417859 -0.6760374 -0.6528062 -0.3512415 -0.8599864 -0.3702065 -0.350695 -0.8604043 -0.3697531 -0.9003233 -0.2742592 -0.337935 -0.9070166 -0.3579158 -0.2218492 -0.9066855 -0.3586755 -0.2219764 -0.9348543 0.3123994 0.1686836 -0.9250577 0.3793375 0.01927345 -0.9248019 0.3800256 0.01794546 -0.4012436 0.745437 0.5322852 -0.3639523 0.906216 0.2152006 -0.3613116 0.9073532 0.2148587 0.3411269 0.754274 0.5609841 0.3246171 0.9144111 0.2418186 0.343548 0.7651051 0.5446 0.9113541 0.3343754 0.2400558 0.9115312 0.4012003 0.09027349 0.9119633 0.3458876 0.2206464 0.9299855 -0.2524738 -0.2671778 0.9296848 -0.3360538 -0.1508447 0.9306167 -0.2633123 -0.2542034 0.4160743 -0.5984237 -0.6846687 0.4167194 -0.5380477 -0.7327002 0.4156785 -0.5996363 -0.6838478 -0.3476447 -0.6075139 -0.7141919 -0.3460059 -0.5471274 -0.7621887 -0.3460044 -0.5471278 -0.7621892 -0.9074831 -0.2369071 -0.3469143 -0.9054133 -0.2036406 -0.3725013 -0.9054132 -0.2036408 -0.3725016 -0.9336016 0.292545 0.2068955 -0.9337604 0.2911928 0.2080828 -0.9335256 0.2929059 0.2067273 -0.3593068 0.6823472 0.6366326 -0.2358702 0.6935622 0.6806885 -0.3634229 0.6808668 0.6358808 0.2927302 0.6900959 0.6618736 0.1660652 0.6983468 0.6962286 0.1539447 0.7005823 0.6967679 0.9076321 0.3144547 0.2780688 0.9077315 0.3131044 0.2792658 0.9077321 0.3131034 0.2792649 0.9369327 -0.2149053 -0.2756319 0.9360593 -0.1817068 -0.3012903 0.9371621 -0.2159546 -0.2740269 0.3219833 0.9154859 0.2412726 0.310347 0.8184534 0.4835481 -0.3661073 0.8104032 0.4573972 -0.3660346 0.8083016 0.4611585 -0.9279211 0.3466214 0.1371722 -0.928282 0.3426203 0.1445822 -0.9071549 -0.3209322 -0.2721627 -0.9069032 -0.3161329 -0.2785438 -0.3449354 -0.7710193 -0.5353025 -0.3449934 -0.7666987 -0.5414359 0.3985426 -0.8514853 -0.3407881 0.4034525 -0.7621116 -0.5063714 0.9294105 -0.3368067 -0.1508553 0.9328269 -0.2990316 -0.2010328 0.9113624 0.4018836 0.08892899 0.9060626 0.3684523 0.2080716 0.9075605 0.3148145 0.2778955 0.2969264 0.6887146 0.6614431 -0.3472862 -0.608717 -0.7133415 0.4038808 -0.7577853 -0.5124859 0.3318926 -0.9089516 0.2522981 0.6224647 -0.7425796 0.2472109 0.6302248 -0.7364593 0.2458547 0.2548704 -0.8380036 -0.4824844 0.5435717 -0.6698367 -0.5058148 0.2548704 -0.8380036 -0.4824845 -0.08969926 -0.356463 -0.9299936 0.1445655 -0.2088906 -0.9671947 0.1274807 -0.2194873 -0.9672507 -0.4999694 0.2535911 -0.8280834 -0.3613542 0.3656359 -0.8577491 -0.3712254 0.3580465 -0.8567348 -0.7356112 0.6347959 -0.2364538 -0.735611 0.634796 -0.2364543 -0.7356109 0.634796 -0.2364545 -0.6585889 0.563848 0.4983333 -0.6585878 0.563848 0.4983348 -0.6585894 0.5638482 0.4983326 -0.3140203 0.08230525 0.945842 -0.1799246 0.1821039 0.9666775 -0.170215 0.1893377 0.9670461 0.0962491 -0.5277465 0.8439312 0.3360393 -0.3852638 0.8594472 0.09624892 -0.5277463 0.8439314 -0.8268471 -0.5614894 0.03245896 -0.8268473 -0.5614892 0.03245776 -0.8268472 -0.5614894 0.03245598 0.960852 0.2667288 -0.07496184 0.9535488 0.2883998 -0.08700734 0.9437098 0.3237809 -0.06766021 0.5952668 -0.7655182 0.244212 0.5966977 -0.7647486 0.2431281 0.5515231 -0.6639637 -0.5049499 0.5170785 -0.6934964 -0.5016897 0.1781899 -0.1933277 -0.9648176 -0.2250936 0.4547183 -0.8617216 -0.6222038 0.7584341 -0.1940113 -0.4451792 0.8668738 -0.2243779 -0.6218712 0.7596957 -0.1901023 -0.5538911 0.6955088 0.4576812 -0.3722884 0.7997312 0.4709898 -0.3708045 0.7988766 0.4736034 -0.03416299 0.2788459 0.9597281 -0.03503751 0.2794801 0.9595121 0.3687606 -0.3688692 0.8532006 0.3699451 -0.3690195 0.8526225 0.2232819 -0.9391152 0.2611663 0.1166824 -0.9574888 0.2638191 0.2422107 -0.9346349 0.2603684 0.1461781 -0.8680931 -0.4743905 0.04096561 -0.8877425 -0.4585142 0.05790925 -0.8852889 -0.461422 0.0179274 -0.2831632 -0.9589042 -0.03741753 -0.3023682 -0.9524565 -0.01890641 -0.2963532 -0.9548913 -0.07617235 0.501452 -0.8618259 -0.05680298 0.5045881 -0.8614896 -0.0737403 0.5002632 -0.8627278 -0.09533363 0.9704248 -0.221782 -0.04221165 0.9757665 -0.2147046 -0.0484007 0.9746814 -0.2182971 -0.02845937 0.9088273 0.416201 0.02217322 0.9164589 0.3995141 -0.03889191 0.9072307 0.4188314 0.1124992 0.3276606 0.9380738 0.1314445 0.3311874 0.9343647 0.09979081 0.3249476 0.9404525 0.2089526 -0.4591236 0.8634491 0.1530939 -0.4778569 0.8649944 0.2305508 -0.4512346 0.8621101 0.1150408 0.3263711 0.9382151 0.03886914 0.3028399 0.9522485 -0.1932497 0.939257 0.2836389 -0.1939939 0.9426901 0.2714806 -0.2287327 0.9719417 -0.05486977 -0.1516204 0.4783026 -0.8650075 -0.1516204 0.4783025 -0.8650075 0.06357562 -0.2681788 -0.9612692 0.06357538 -0.2681782 -0.9612694 0.2667782 -0.8323519 -0.4858186 0.2667787 -0.8323527 -0.4858172 0.1339089 -0.9552927 0.2635989 0.3443409 -0.9037929 0.2541411 0.1718251 -0.4720456 0.8646671 0.2544018 -0.4439586 0.8591744 -0.1061133 0.9691517 -0.2224521 -0.08914977 0.4989867 -0.862012 0.03949177 -0.2752435 -0.9605631 0.1649525 -0.86347 -0.4766659 0.8668202 -0.4234806 0.2632243 0.8235419 -0.4851269 0.293991 0.8668201 -0.4234806 0.2632244 0.6407085 -0.6305562 -0.4380543 0.5981832 -0.691513 -0.4049528 0.5947889 -0.695892 -0.4024432 0.03928226 -0.4682589 -0.8827177 0.03190171 -0.4804967 -0.8764162 0.03928226 -0.4682591 -0.8827177 -0.5851581 -0.03166151 -0.8103009 -0.5354853 0.03999435 -0.8435971 -0.5851581 -0.0316618 -0.810301 -0.8668203 0.4234852 -0.2632164 -0.8668202 0.4234856 -0.2632159 -0.8668203 0.4234851 -0.2632166 -0.6407133 0.6305558 0.4380478 -0.6407141 0.6305564 0.4380459 -0.6407144 0.6305566 0.4380451 -0.03928333 0.4682594 0.8827174 -0.03928303 0.468259 0.8827177 -0.03928285 0.4682589 0.8827177 0.5851579 0.03166127 0.8103011 0.5785197 0.02138096 0.8153883 0.5851578 0.03166133 0.8103011 -0.497071 -0.7754974 0.3892611 -0.4970707 -0.7754973 0.3892616 -0.4970703 -0.7754981 0.3892606 0.8200817 -0.4895665 0.2962953 0.7755107 -0.5428232 0.3223757 0.552392 -0.7471573 -0.3696202 0.5528125 -0.7465994 -0.3701186 0.03025603 -0.4912936 -0.8704684 0.03063708 -0.4909481 -0.8706499 -0.4903045 0.08580505 -0.8673172 -0.4908109 0.08442127 -0.8671665 -0.6748684 0.6564773 -0.3370314 -0.6881102 0.6375854 -0.3463947 -0.6878311 0.6372402 -0.3475822 -0.4602452 0.8338353 0.3047838 -0.4720063 0.8225483 0.3172135 -0.4613393 0.8335757 0.3038386 0.01781934 0.6141967 0.7889519 0.0288642 0.5976832 0.8012126 0.01242887 0.6160934 0.7875751 0.5778285 0.0196616 0.8159214 0.5747582 0.007369697 0.8182902 0.5656397 -0.6982761 0.4387053 0.5098019 -0.7282371 0.4580096 0.5983281 -0.6802443 0.4234043 0.3410284 -0.9039782 -0.2579208 0.2892756 -0.9301982 -0.2259448 0.2978222 -0.9264307 -0.2302782 -0.06883901 -0.5726019 -0.8169385 -0.08984935 -0.592624 -0.8004524 -0.08101463 -0.5889751 -0.8040803 -0.4069448 0.1234648 -0.9050704 -0.3896714 0.1277965 -0.9120441 -0.394552 0.1236754 -0.9105126 -0.5009253 0.7381018 -0.4519731 -0.4167957 0.7687609 -0.485065 -0.4138488 0.7680011 -0.4887775 -0.2793025 0.9350483 0.2183457 -0.1983938 0.9613943 0.1906852 -0.3019261 0.9259208 0.2269613 0.1137982 0.6423915 0.7578808 0.1412478 0.6408739 0.7545395 0.09049606 0.6307902 0.7706583 0.4769797 -0.07273381 0.8758997 0.4539127 -0.09464025 0.886006 0.5090712 -0.05137717 0.8591898 -0.05332732 0.530593 0.8459476 -0.1472831 0.5207421 0.8409135 -0.1556903 0.5238941 0.837434 -0.6257505 0.6529893 0.4266629 -0.6793602 0.5628081 0.4708682 -0.6793398 0.5628058 0.4709004 -0.8543617 0.4650846 -0.2318677 -0.9060206 0.4065322 -0.1177218 -0.854893 0.46223 -0.2355875 -0.5593413 0.02123415 -0.8286656 -0.5782656 -0.01977068 -0.815609 -0.56027 0.01908147 -0.8280904 0.07322776 -0.4193895 -0.9048482 0.1165269 -0.3368879 -0.9343063 0.07718706 -0.4169134 -0.905663 0.6676386 -0.5909928 -0.4527542 0.746237 -0.4099051 -0.5245075 0.6703615 -0.5874676 -0.4533181 0.8906595 -0.386767 0.2390338 0.9654592 -0.2091354 0.155406 0.9654533 -0.2090427 0.1555677 0.6173853 0.079005 0.7826836 0.6558382 0.1570296 0.7383888 0.6558054 0.1570576 0.738412 -0.05034267 0.5273621 0.848148 -0.6262494 0.6528845 0.4260909 0.8926719 -0.3838725 0.2361756 0.6206614 0.08080661 0.7799037 0.4840567 0.7844597 -0.3877012 0.4840459 0.7844606 -0.3877127 0.4731015 0.7889081 -0.3921722 -0.265932 -0.222303 -0.9380095 -0.1463264 -0.3595955 -0.9215638 -0.1556478 -0.3488274 -0.9241716 -0.7083638 -0.5680168 -0.4190199 -0.5840255 -0.7016476 -0.4081726 -0.7083284 -0.5680575 -0.4190245 -0.7526676 -0.561215 0.3442807 -0.7150608 -0.6068183 0.347073 -0.7052055 -0.6181425 0.3472537 -0.3728854 -0.2058753 0.9047495 -0.4315059 -0.1294741 0.8927705 -0.3728899 -0.2058684 0.9047494 0.0551877 0.3880996 0.9199636 0.07048618 0.4376405 0.8963831 0.2859553 0.2343519 0.9291441 0.6509667 0.6084449 0.4539132 0.5192782 0.7600301 0.3907743 0.5376672 0.7494571 0.3863008 0.6998218 0.6026496 -0.3834878 0.6569039 0.6747025 -0.3365321 0.690742 0.602589 -0.3997024 0.3918328 0.2180606 -0.8938214 0.3539162 0.2285602 -0.90692 0.1629596 0.3710511 -0.914202 0.6974633 -0.7150871 0.04685491 0.6469196 -0.7612684 0.04433387 0.6974636 -0.7150868 0.04685652 -0.7268922 0.6659663 -0.16768 -0.7366815 0.6567502 -0.1611821 -0.7287698 0.6672031 -0.1540609 -0.1440034 -0.3680856 -0.9185728 -0.5765051 -0.7060751 -0.4112175 -0.590948 -0.6927377 -0.4133946 -0.701564 -0.6239217 0.3442816 -0.7145732 -0.6088916 0.3444362 -0.428259 -0.1197293 0.8956893 -0.4138627 -0.1390366 0.8996591 0.07040464 0.4464557 0.8920317 0.08541077 0.432377 0.8976387 0.5015822 0.7772037 0.3799603 0.6472595 0.6889897 -0.3261111 0.6274287 0.7091574 -0.321604 0.3632178 0.216802 -0.906129 0.3651332 0.2096756 -0.9070358 -0.3145865 -0.1566002 -0.936222 -0.3257179 -0.159709 -0.9318803 -0.3192121 -0.16874 -0.9325398 -0.7573948 -0.5026434 -0.4167768 -0.7560341 -0.495991 -0.4270895 -0.7595503 -0.5000123 -0.416018 -0.7745901 -0.527442 0.3490201 -0.7872487 -0.521922 0.3283854 -0.7765269 -0.5237972 0.3502035 -0.3573029 -0.2124977 0.909494 -0.3708937 -0.2096363 0.9047048 -0.3561977 -0.2135356 0.9096845 0.2469045 0.250619 0.9360707 0.2352377 0.2628715 0.9357147 0.2482534 0.248872 0.93618 0.6967208 0.599621 0.3937448 0.6782349 0.6233044 0.3892162 0.6732718 0.627704 0.3907593 0.715916 0.6236808 -0.3138258 0.704514 0.640502 -0.3056425 0.6984811 0.6460788 -0.3077439 0.2942588 0.3079051 -0.9047687 0.2710141 0.3049761 -0.9129846 0.2794552 0.2964016 -0.9132639 -0.1755945 -0.3251257 -0.9292254 -0.175594 -0.3251252 -0.9292257 -0.7496775 -0.5051372 -0.4275746 -0.6177971 -0.6706928 -0.410485 -0.7800985 -0.5317139 0.3297373 -0.7211666 -0.6016004 0.343505 -0.3771945 -0.2038986 0.90341 -0.4251603 -0.1582954 0.8911686 0.09681951 0.3995051 0.911604 0.09681928 0.399505 0.911604 0.592557 0.7729732 0.2266908 0.6592368 0.72706 -0.1918089 0.346387 0.2326775 -0.9087779 0.6439917 0.6944949 -0.3208609 0.51714 0.7657798 0.3822926 -0.1574307 -0.3540179 -0.9218931 0.3530916 0.2254615 -0.9080163 -0.7404879 -0.6720107 0.008908629 -0.7481256 -0.6633722 0.0156728 -0.7482446 -0.6632632 0.01456278 -0.3289233 -0.6811144 0.6541351 -0.3381667 -0.6724398 0.658383 -0.3289235 -0.6811147 0.6541346 0.2753179 -0.2912329 0.9161788 0.2624741 -0.2772697 0.9242451 0.2616723 -0.2772763 0.9244704 0.7722036 0.2456019 0.5859875 0.6916518 0.2985597 0.657632 0.6921917 0.3009769 0.6559601 0.7861801 0.6170095 0.03493303 0.7205416 0.6932564 -0.01467669 0.7191721 0.6939553 -0.03489392 0.3077404 0.6275921 -0.7151392 0.3260152 0.7019832 -0.6331934 0.2759538 0.6266117 -0.7288398 -0.2025185 0.2671755 -0.9421271 -0.3007696 0.3205083 -0.8982272 -0.4008477 0.3294658 -0.8548529 -0.7182862 -0.2692537 -0.6415352 -0.7308664 -0.2552701 -0.6329863 -0.718286 -0.269254 -0.6415352 0.6130884 -0.6808718 -0.4006699 0.6771168 -0.5896728 -0.440226 0.6771185 -0.5896724 -0.440224 -0.2805297 0.9404038 0.1922079 -0.5416678 0.7613642 0.3562589 -0.280535 0.9404008 0.1922149 -0.8048079 -0.5905025 0.05992853 -0.4013172 -0.5994511 0.6925337 -0.4054164 -0.5903065 0.6979798 0.2294799 -0.2409229 0.9430245 0.2270043 -0.2300062 0.9463437 0.7081582 0.3041658 0.6371775 0.7169234 0.2938488 0.6321975 0.729707 0.6816506 -0.05366742 0.7351296 0.6752697 -0.05996084 0.3437915 0.7022228 -0.6234506 0.3650829 0.6897157 -0.6253052 -0.298995 0.3228983 -0.8979637 -0.2751905 0.325915 -0.904461 -0.7313786 -0.2553121 -0.6323773 -0.7612806 -0.2190384 -0.6103067 -0.7446508 -0.667123 0.02102857 -0.5078194 -0.8510619 -0.1334654 -0.7333688 -0.6796576 0.01535499 -0.3416048 -0.6760368 0.6529017 -0.1040078 -0.8599869 0.499605 -0.1039468 -0.8604049 0.4988972 0.2354528 -0.2742603 0.9323858 0.334838 -0.3578944 0.8716623 0.3343636 -0.3586713 0.8715251 0.6714161 0.3123994 0.6720172 0.5430623 0.3793346 0.7491252 0.5418257 0.3800225 0.7496719 0.6616073 0.7494717 0.02383738 0.3807137 0.9101507 0.1633487 0.3786861 0.9115401 0.1602858 0.2669645 0.7582007 -0.5948628 0.02407884 0.9180373 -0.3957623 0.2511873 0.7684363 -0.5885666 -0.3221664 0.3343755 -0.8856646 -0.4453417 0.4011988 -0.8004438 -0.3384622 0.3458879 -0.8751028 -0.7495718 -0.2524737 -0.6118817 -0.653712 -0.336037 -0.6780412 -0.7392717 -0.2633138 -0.6197928 -0.7988024 -0.5996603 0.04818999 -0.8365517 -0.5430058 0.07297921 -0.8365504 -0.5430067 0.07298767 -0.388706 -0.6075142 0.6927006 -0.4258617 -0.5521193 0.7168027 -0.4259045 -0.5520487 0.7168318 0.2321332 -0.2368648 0.9434031 0.5409252 0.001546323 0.8410694 0.2134189 -0.2084549 0.9544627 0.7017962 0.2930153 0.649326 0.7019162 0.2928996 0.6492484 0.7053167 0.7057955 -0.06618946 0.7915763 0.5346465 0.295906 0.7013236 0.7088083 -0.07573676 0.366447 0.7132889 -0.5974408 0.07233542 0.5505468 -0.8316645 0.04460233 0.5299951 -0.8468269 -0.2888049 0.3144599 -0.9042714 -0.5344325 0.02531379 -0.8448321 -0.4901819 -0.1329476 -0.8614214 -0.7604791 -0.2149075 -0.6127694 -0.7593142 -0.2159166 -0.6138584 0.02601838 0.9193388 -0.3926058 0.232523 0.8205279 -0.5221754 0.581978 0.812799 0.02567821 0.584185 0.8112502 0.02451556 0.6415699 0.3466177 0.6842837 0.647864 0.3426166 0.6803573 0.2933925 -0.3209288 0.9005141 0.2880356 -0.3161621 0.9039232 -0.2432249 -0.7710505 0.5884922 -0.2482669 -0.7666995 0.5920603 -0.5071659 -0.8514858 -0.1332466 -0.6460222 -0.7621116 -0.04291194 -0.653764 -0.3368178 -0.6776034 -0.6968393 -0.2990304 -0.651917 -0.4463504 0.4018818 -0.7995388 -0.3454343 0.3684493 -0.8630877 -0.2888532 0.3146995 -0.9041727 0.3734586 0.7160584 -0.5897365 -0.388212 -0.6087172 0.6919212 -0.6512914 -0.7577846 -0.03977817 -0.6718034 -0.6502866 0.354694 -0.6098473 -0.7006284 0.3704135 -0.6718035 -0.6502868 0.354693 -0.4085621 -0.1768859 0.8954263 -0.3474493 -0.2288344 0.9093481 -0.3427734 -0.2325604 0.910177 0.09400492 0.4001269 0.9116258 0.1034094 0.3918663 0.9141922 0.104842 0.3900412 0.9148094 0.5616881 0.7494615 0.3504482 0.4832101 0.8046284 0.3450815 0.5620694 0.7521284 0.3440651 0.6806901 0.6631664 -0.3112419 0.5473407 0.7562636 -0.3584462 0.6840757 0.6639283 -0.3020591 0.4085659 0.17689 -0.8954239 0.2915085 0.2734216 -0.9166589 0.4085655 0.1768898 -0.8954241 -0.09400469 -0.4001269 -0.9116258 -0.1629132 -0.3389825 -0.9265798 -0.1519571 -0.3476704 -0.9252213 -0.5415082 -0.7427545 -0.3938079 -0.5317236 -0.751247 -0.3910216 -0.5415083 -0.7427548 -0.3938074 0.734739 -0.6457784 0.2076752 0.734739 -0.6457778 0.207677 0.7347393 -0.6457772 0.2076778 -0.6050589 -0.7042447 0.3714071 -0.5444899 -0.7459076 0.3836048 -0.2850136 -0.278586 0.9171462 -0.2853305 -0.2781586 0.9171774 0.1104308 0.3791108 0.9187383 0.1099526 0.3793685 0.9186893 0.4195032 0.8436586 0.3350483 0.420118 0.8428053 0.3364226 0.4406542 0.8197717 -0.3657845 0.4419196 0.8206799 -0.3622043 0.2831318 0.279071 -0.9175815 0.1801871 0.3478307 -0.9200797 -0.2183436 -0.2991889 -0.9288768 -0.5303889 -0.7526082 -0.3902161 -0.5234831 -0.7608945 -0.3834123 -0.292441 -0.8798632 0.3745921 -0.2294191 -0.899788 0.3711448 -0.3296328 -0.8647954 0.3787758 -0.03094923 -0.4096058 0.9117376 0.02737116 -0.4380975 0.8985107 0.01795059 -0.4344571 0.9005137 0.2321398 0.3122007 0.9212176 0.2589499 0.2924133 0.9205647 0.2493611 0.2953482 0.9222736 0.3216019 0.8825927 0.3429319 0.2982128 0.883458 0.3613461 0.3023832 0.8806076 0.3648217 0.2176472 0.9077174 -0.3587186 0.1346521 0.9335516 -0.3321902 0.1360726 0.9328801 -0.333495 -0.03447657 0.439309 -0.8976742 -0.1203573 0.4707386 -0.8740248 -0.00783509 0.4285705 -0.9034745 -0.3104241 -0.2660869 -0.9125978 -0.3284186 -0.2621938 -0.9074116 -0.282333 -0.2818237 -0.9169861 -0.4033052 -0.8305602 -0.3840768 -0.3741031 -0.8460422 -0.3798152 -0.4410656 -0.8123043 -0.3816058 -0.132762 -0.3542764 -0.9256687 -0.1042994 -0.3900908 -0.9148502 -0.1046648 -0.3903946 -0.9146789 0.3801473 0.2092043 -0.9009559 0.473013 0.1179665 -0.8731223 0.4728099 0.1176678 -0.8732727 0.6551586 0.6874805 -0.3132696 0.738175 0.6436794 -0.2019274 0.6541775 0.684919 -0.3208395 0.5230018 0.7856023 0.3306026 0.5939625 0.7620102 0.2579713 0.5222991 0.7837504 0.3360641 0.04522627 0.4384331 0.8976253 -0.02350515 0.4999738 0.8657215 0.04071509 0.4395535 0.8972932 -0.4473942 -0.1482973 0.881956 -0.5830913 -0.003840982 0.8123977 -0.4511399 -0.1464031 0.8803631 -0.707027 -0.6153142 0.3485705 -0.8383156 -0.4628332 0.288119 -0.8383364 -0.4629032 0.2879456 -0.5882403 -0.7007674 -0.4036067 -0.6513925 -0.6291906 -0.4240367 -0.6513704 -0.6291844 -0.4240798 -0.1313883 -0.3561874 -0.9251312 0.3819505 0.2084035 -0.9003787 -0.7099545 -0.6118495 0.348719 -0.5919343 -0.6983656 -0.4023671 -0.7253568 0.652785 -0.2184701 -0.7253372 0.6528291 -0.2184038 -0.7253675 0.6527977 -0.2183967 -0.1302351 -0.03306621 -0.9909316 -0.1042913 -0.1050235 -0.9889861 -0.1302353 -0.03306615 -0.9909316 -0.7521228 -0.2588016 -0.6060802 -0.7243042 -0.3300771 -0.6053367 -0.7229509 -0.3332402 -0.6052215 -0.9334123 -0.3329289 0.1337907 -0.9313786 -0.3386251 0.1336673 -0.9334124 -0.3329289 0.1337898 -0.5679284 -0.2120348 0.7952978 -0.5959947 -0.1247024 0.7932463 -0.5987014 -0.1146363 0.7927264 0.1302436 0.0330646 0.9909306 0.07096332 0.1952547 0.978182 0.1302453 0.03306609 0.9909303 0.7521185 0.2587931 0.6060891 0.7521211 0.2587928 0.6060859 0.7521222 0.2587928 0.6060846 0.9334123 0.3329247 -0.1338007 0.9334118 0.3329253 -0.133803 0.9334126 0.3329244 -0.1337997 0.5679274 0.2120319 -0.7952994 0.569917 0.2062691 -0.7953916 0.5697199 0.2068917 -0.7953712 0.3343384 -0.9423702 -0.01250076 0.3343328 -0.9423723 -0.01249742 0.334334 -0.9423719 -0.01249581 -0.02370446 0.8785693 0.4770262 -0.0236957 0.8785572 0.4770492 -0.02366274 0.8785476 0.4770684 -0.1032883 -0.1083124 -0.9887366 -0.08056181 -0.1726979 -0.9816748 -0.6935268 -0.3952414 -0.6023328 -0.6916528 -0.3975898 -0.6029418 -0.9251264 -0.3555152 0.1332291 -0.9229035 -0.3616521 0.1321252 -0.6101087 -0.06259113 0.7898417 -0.6083014 -0.06522017 0.7910221 0.03580391 0.2916645 0.9558504 0.03716081 0.2918658 0.9557371 0.6682467 0.5147197 0.5371313 0.6578741 0.5093898 0.5547286 0.6696435 0.5156181 0.5345237 0.8697876 0.4889351 -0.06642383 0.8702876 0.4860045 -0.07999634 0.8699212 0.4889107 -0.06483578 0.5756329 0.1892837 -0.795499 -0.08052629 -0.1758098 -0.9811252 -0.1473847 -0.02471727 -0.9887703 -0.7488675 -0.2430444 -0.6165444 -0.7549314 -0.225138 -0.6159476 -0.9422968 -0.3114507 0.122781 -0.9482235 -0.2916812 0.1256754 -0.5694426 -0.1427566 0.8095403 -0.5642551 -0.1636266 0.8092235 0.1196277 0.118956 0.9856666 0.1267445 0.1005303 0.986828 0.65776 0.5093502 0.5549003 0.6729214 0.5184037 0.5276691 0.8709208 0.4853774 -0.07684934 0.8746866 0.4846398 0.006903529 0.5769653 0.1827748 -0.7960556 0.5514792 0.2307644 -0.8016349 -0.2194914 0.3039593 -0.9270557 -0.2282165 0.510997 -0.8287336 -0.2187743 0.294169 -0.9303776 -0.832863 0.08131438 -0.5474733 -0.8489518 0.2856788 -0.4445994 -0.8489503 0.28568 -0.4446014 -0.9713172 -0.1725655 0.1635975 -0.9732599 -0.07666158 0.2165373 -0.9720984 -0.1621587 0.1694973 -0.5287618 -0.2933444 0.7964673 -0.5282644 -0.3636948 0.7672436 -0.5282651 -0.3636947 0.7672432 0.2253892 -0.4073328 0.885031 0.2253907 -0.4073344 0.8850298 0.2253891 -0.4073327 0.8850309 0.8461818 -0.1819937 0.500854 0.8461893 -0.181991 0.5008421 0.8461898 -0.1819909 0.5008415 0.9704694 0.1803192 -0.1602317 0.9704807 0.1802961 -0.1601895 0.9704692 0.1803197 -0.1602326 0.5275744 0.371501 -0.7639715 0.5254315 0.4673663 -0.7109785 0.52543 0.4673666 -0.7109794 0.9634206 0.2670495 -0.02248364 0.9675825 0.2513389 0.02475845 0.9630485 0.2680984 -0.02570897 0.8479189 0.1166421 0.5171347 0.8583245 0.1261478 0.4973587 0.847172 0.1159743 0.5185072 0.2042105 -0.1287961 0.9704173 0.2050501 -0.1286466 0.9702601 -0.528663 -0.2845115 0.7997304 -0.8311144 0.07189589 -0.5514345 -0.1535383 -0.00684154 -0.9881191 0.5462676 0.2507941 -0.7991834 -0.7352749 0.3805661 -0.5608389 -0.7083001 0.4484042 -0.5452015 -0.8876629 0.2320849 -0.3977325 -0.7818497 0.5865564 0.2113358 -0.6293426 0.7651827 0.1357324 -0.6387545 0.7538521 0.1539468 -0.2079296 0.5600281 0.8019563 -0.1820397 0.660488 0.7284349 -0.1814601 0.5627321 0.8064768 0.3833938 0.1705992 0.9076923 0.4268957 0.1952348 0.8829742 0.5564959 0.3171175 0.7679511 0.8440911 -0.2837318 0.4549796 0.7597873 -0.3941242 0.5170972 0.7654984 -0.3878269 0.5134225 0.7495294 -0.6226674 -0.2247024 0.6719041 -0.7232657 -0.1594735 0.6662592 -0.7294152 -0.1550877 0.2159041 -0.596852 -0.772757 0.1957998 -0.6268517 -0.754135 0.2159051 -0.5968546 -0.7727545 -0.4441937 -0.2214109 -0.8681412 -0.388208 -0.1393087 -0.9109818 -0.378277 -0.1261099 -0.9170621 -0.5346906 -0.6898149 0.4881202 -0.450837 -0.7972528 0.4014149 -0.5346906 -0.6898136 0.4881221 0.4889962 0.7515367 -0.4428039 0.4889977 0.7515361 -0.4428033 0.4921977 0.7232538 -0.484402 -0.7498641 0.4061649 -0.5222396 -0.7476695 0.4075192 -0.5243268 -0.6499125 0.7423862 0.1627161 -0.1847571 0.6738018 0.7154411 -0.1740125 0.6792923 0.7129388 0.4239051 0.1907217 0.885398 0.4605248 0.2350894 0.8559498 0.8261446 -0.3139315 0.4679018 0.7325999 -0.6492223 -0.2044695 0.7317376 -0.6499096 -0.2053717 0.2329134 -0.5807384 -0.7800606 0.2310494 -0.5815554 -0.7800062 -0.3868358 -0.139393 -0.9115524 -0.3847125 -0.138528 -0.9125822 -0.8763409 0.2435658 -0.4155747 -0.6585593 0.4922467 -0.5692037 -0.8799074 0.2372418 -0.4116789 -0.7742729 0.5766179 0.2607938 -0.5613034 0.8224208 0.09253478 -0.5775641 0.8100444 0.1012319 -0.2434213 0.6124597 0.75209 -0.1541313 0.717589 0.6791978 -0.1691291 0.7025589 0.6912354 0.5103864 0.2808636 0.8127863 0.4083892 0.1665164 0.8974913 0.4236917 0.1871221 0.886268 0.9203706 -0.1616854 0.3560558 0.7193467 -0.4372912 0.5397377 0.7357414 -0.4198688 0.5314083 0.8318327 -0.4790305 -0.2803287 0.6267988 -0.769012 -0.1254754 0.8362244 -0.4682919 -0.285362 0.2857151 -0.5244247 -0.8020883 0.1807817 -0.6493526 -0.7386875 0.2940942 -0.5123376 -0.8068574 -0.4465241 -0.2098714 -0.8698105 -0.3560487 -0.1048309 -0.9285687 -0.4504994 -0.2146636 -0.8665853 -0.6052137 0.5375961 -0.5871175 -0.8118767 0.3299797 -0.4816325 -0.6212939 0.5256746 -0.5810853 -0.5134869 0.8551955 0.07051265 -0.7010843 0.6786523 0.2188882 -0.7034333 0.6770043 0.2164413 -0.1231049 0.74546 0.6550837 -0.2002155 0.6916225 0.693954 -0.1987239 0.6926352 0.6933724 0.4112907 0.1743431 0.8946757 0.5159143 0.3373596 0.7874141 0.516113 0.3376991 0.7871383 0.706087 -0.4498705 0.5468616 0.9236741 -0.1315519 0.3598895 0.9241685 -0.1303096 0.3590713 0.6137559 -0.7808105 -0.1167851 0.8309006 -0.4640908 -0.3069593 0.6372553 -0.7590411 -0.1332748 0.183332 -0.6427303 -0.7438328 0.2904605 -0.4707349 -0.8330916 0.2059673 -0.6107399 -0.7645745 -0.3305811 -0.0612992 -0.9417849 -0.3915348 -0.1429588 -0.9089903 -0.3446158 -0.0788244 -0.9354286 0.9245575 -0.1516795 0.3495525 0.5182334 0.2910442 0.8041937 -0.2457163 0.6067796 0.7559379 -0.777199 0.5705096 0.2654817 0.7177342 -0.6679162 -0.1968393 0.717734 -0.6679164 -0.1968393 0.8121024 -0.3296668 0.481466 0.4663928 0.2560006 0.8467239 -0.2324476 0.7797736 0.58131 -0.4965541 0.8416237 0.2123759 -0.6623436 0.4921572 -0.5648737 -0.6623434 0.4921571 -0.5648741 -0.3397965 -0.06994724 -0.9378943 -0.3397971 -0.069947 -0.9378942 0.2383406 -0.5614181 -0.7924667 0.2383407 -0.5614181 -0.7924667 0.1375052 -0.5546484 0.8206446 0.1427355 -0.5356273 0.8323041 0.1375051 -0.5546481 0.8206447 0.784758 -0.4505263 0.4256534 0.7883433 -0.4315041 0.4385421 0.7890238 -0.4307392 0.4380699 0.9723047 -0.08249312 -0.2186743 0.977662 -0.05877602 -0.2017984 0.9776429 -0.05705934 -0.2023823 0.6443205 0.4558483 -0.6140469 0.5978946 0.369232 -0.7114701 0.5532335 0.2616176 -0.7908787 -0.112525 0.5346841 -0.8375268 -0.1381129 0.586843 -0.7978347 -0.145081 0.5854942 -0.797589 -0.8056495 0.4231805 -0.4145445 -0.7719947 0.4848703 -0.4110051 -0.8123625 0.4229258 -0.4014984 -0.9181248 0.2045025 0.3394491 -0.963223 0.1182124 0.2413033 -0.9634664 0.1171323 0.2408581 -0.5902899 -0.3338648 0.7349097 -0.5833218 -0.3098921 0.7508014 -0.5902895 -0.3338649 0.7349099 -0.1889831 -0.8279855 -0.5279445 -0.2150138 -0.7981793 -0.5627422 -0.2150137 -0.7981792 -0.5627425 0.1086164 -0.6650605 0.7388484 0.1130002 -0.6586231 0.7439399 0.7511864 -0.5617202 0.3466835 0.968285 -0.1031256 -0.2275724 0.5979118 0.3684657 -0.7118529 0.6214908 0.4488531 -0.6420905 -0.0883845 0.7555049 -0.6491538 -0.7024245 0.6567243 -0.2744322 -0.7036501 0.6532295 -0.2795851 -0.9311541 0.199108 0.3054637 -0.9338027 0.1948006 0.3001093 -0.5915681 -0.3540257 0.7243708 -0.5875757 -0.3485826 0.7302362 -0.03613901 -0.9068464 0.4199091 -0.01484435 -0.884854 0.4656319 -0.0200358 -0.8914008 0.452773 0.5907342 -0.8060011 0.03735607 0.6164219 -0.7833009 0.0803973 0.6210675 -0.7787576 0.0883851 0.9033175 -0.228111 -0.3632947 0.91183 -0.2195109 -0.3469599 0.9159392 -0.2154039 -0.3386098 0.6758725 0.5269767 -0.5152591 0.6720318 0.5059399 -0.5407385 0.670946 0.5019144 -0.5458145 0.04512012 0.9306883 -0.3630198 0.04937851 0.9252652 -0.3760933 0.05253183 0.9253882 -0.3753625 -0.5504284 0.8348824 4.16918e-4 -0.5624254 0.8268436 -0.002736747 -0.5639907 0.8254336 -0.02395838 -0.8618432 0.2796022 0.4231418 -0.8775899 0.2566536 0.4049261 -0.8778547 0.2643495 0.3993626 -0.6533308 -0.4785293 0.5866588 -0.6447144 -0.4699129 0.6029306 -0.6387563 -0.4544571 0.6208537 0.03146761 0.9213639 -0.3874254 0.6655163 0.5126342 -0.5424891 0.921354 -0.203482 -0.3312126 0.6089386 -0.7902162 0.06893688 -0.9601339 0.1377062 0.2432695 -0.9695219 0.09508115 0.2258026 -0.9694454 0.09483152 0.2262359 -0.7585932 0.487696 -0.4320755 -0.7444877 0.4013369 -0.5335418 -0.7401521 0.4035891 -0.5378577 -0.1631494 0.5835158 -0.7955449 -0.2376792 0.4828671 -0.8428214 -0.1608303 0.5823808 -0.7968477 0.5938173 0.3876897 -0.7050375 0.5924127 0.3463522 -0.727384 0.5938645 0.3855971 -0.7061444 0.9827457 -0.03127419 -0.1822988 0.989714 0.05259793 -0.1330406 0.9835301 -0.0292418 -0.1783635 0.7901754 -0.4104375 0.4551527 0.807747 -0.2219452 0.5461549 0.7900706 -0.4071848 0.4582456 0.1516888 -0.5131943 0.8447617 0.1801976 -0.3228991 0.9291206 0.1800168 -0.3228777 0.929163 -0.5748273 -0.2819312 0.7681721 -0.5541228 -0.1957576 0.8090901 -0.5541622 -0.1957385 0.8090679 -0.9606388 0.1355248 0.2424994 -0.7603353 0.4859047 -0.4310302 0.1536926 -0.5095587 0.8465982 -0.5721575 -0.2792847 0.7711264 0.1810345 0.836517 0.5171711 0.1810301 0.8365214 0.5171656 0.181281 0.8401395 0.5111781 0.7347425 -0.6457732 0.207679 0.7347465 -0.6457672 0.2076832 0.7347439 -0.6457712 0.2076803 -0.3194594 -0.2430033 0.9159122 -0.4087056 -0.1771712 0.8953045 -0.3197121 -0.2433751 0.9157252 0.7347391 -0.645777 0.2076793 0.7347432 -0.6457719 0.2076804 -0.1496069 -0.3618814 -0.9201411 -0.09390211 -0.3999848 -0.9116988 -0.09400612 -0.4001276 -0.9116253 -0.24854 -0.2859792 0.9254426 -0.2478256 -0.2844737 0.9260978 -0.1929184 -0.3411917 -0.9199842 -0.1493352 -0.3614237 -0.9203652 0.3339902 -0.4774228 0.8127226 0.332918 -0.4802123 0.8115181 0.3328046 -0.4805066 0.8113905 -0.283707 -0.3034695 -0.9096245 -0.3090156 -0.2982572 -0.9030792 -0.2835841 -0.302901 -0.9098522 -0.1938767 -0.342009 -0.9194791 -0.2732164 -0.3040499 0.9126372 -0.2740272 -0.3063911 0.9116106 -0.07082879 -0.4275553 -0.9012101 -0.1003445 -0.4056955 -0.9084835 -0.1002691 -0.4045755 -0.9089912 -0.716235 0.6553229 -0.2399156 -0.6857706 0.678357 -0.2637243 -0.7113214 0.6671499 -0.221208 -0.7117248 0.6569971 -0.2486013 -0.6951534 0.6669098 -0.2683154 -0.5537276 -0.03631806 0.8319055 -0.461023 -0.1248899 0.8785559 -0.5534419 -0.03579795 0.8321183 -0.3101353 -0.2970142 -0.903105 -0.4612997 -0.1267631 0.8781422 -0.3059689 -0.2793329 0.9101408 -0.7341113 -0.5451853 0.4047884 -0.744703 -0.6015102 0.289142 -0.7390497 -0.6081632 0.2897294 -0.01008301 -0.5124469 -0.8586598 -0.002026915 -0.5119414 -0.8590181 -0.00234431 -0.5114356 -0.8593185 -0.5964249 -0.5910226 0.5431112 -0.7348585 -0.5487701 0.3985404 -0.5005649 -0.6684843 0.5500578 -0.5940693 -0.5891515 0.5477064 0.739382 -0.5643661 0.3671583 0.7529151 -0.5574597 0.3497964 0.7393662 -0.5640272 0.3677105 -0.08701729 -0.5739208 -0.8142744 -0.1133378 -0.5814154 -0.805674 -0.1125555 -0.5823979 -0.805074 0.2209767 -0.7778815 0.5882769 0.2204768 -0.7799705 0.5856929 0.2210168 -0.7777129 0.5884848 0.7607597 -0.5662925 0.3171083 0.753075 -0.5568901 0.350359 -0.08589655 -0.5742785 -0.8141413 0.9519805 -0.2503725 0.1762011 0.9013834 -0.362439 0.2369516 0.9011741 -0.3640693 0.2352424 0.4784131 0.7927759 -0.3776603 0.4614188 0.7939726 -0.3958538 0.489374 0.7784085 -0.3931837 0.4601916 0.8032532 -0.3781644 0.4389493 0.8130125 -0.3825364 0.4124302 0.8177339 -0.4015129 0.4119985 0.8238369 -0.3892945 0.08332228 -0.3751066 -0.9232293 0.06155478 -0.4179257 -0.9063935 0.08277934 -0.3748359 -0.9233883 0.7861492 -0.5385622 0.3031833 0.7858028 -0.5402783 0.3010205 0.06286436 -0.4195424 -0.9055563 0.5270855 -0.8467636 0.07191884 0.524158 -0.8374743 0.1545805 0.529022 -0.834263 0.1553746 -0.6254392 -0.1175943 0.7713609 -0.6294215 -0.1213817 0.7675254 -0.6297854 -0.1216035 0.7671917 0.5018595 -0.8645935 -0.02480453 0.5337662 -0.8422639 0.07540082 -0.04347527 -0.1811932 -0.9824861 -0.02918833 -0.1930014 -0.9807643 -0.04395896 -0.1813936 -0.9824277 -0.5258252 0.8505495 0.008567154 -0.5386025 0.8356686 -0.1075423 -0.5387577 0.8423708 -0.01231169 -0.6337509 -0.1253585 0.7633118 -0.6341141 -0.1255776 0.7629743 -0.01577216 -0.2038176 -0.9788818 -0.02916443 -0.19301 -0.9807633 -0.4978963 0.8551494 0.1442869 -0.4387944 0.8768565 0.1964241 -0.7766187 -0.6296339 0.02061355 -0.777039 -0.6272767 0.05229175 -0.7790579 -0.6247111 0.05296117 0.1155654 -0.22826 -0.9667171 0.1914832 -0.1623375 -0.9679777 0.116312 -0.229242 -0.9663953 -0.7834949 -0.6213291 -0.009270131 -0.7747761 -0.631913 0.02020037 0.3071818 -0.4047644 0.8612812 0.3830318 -0.3387799 0.8593689 0.3820491 -0.3370862 0.8604717 -0.03131806 -0.262932 -0.964306 -0.03981876 -0.2674945 -0.9627364 -0.03971451 -0.2677414 -0.962672 0.1622338 -0.4412646 0.8825904 0.1536464 -0.445609 0.8819442 0.1622924 -0.4413108 0.8825565 0.2216417 -0.438542 0.8709512 0.153486 -0.4458515 0.8818495 0.9672052 0.2341902 -0.09833145 0.9712248 0.2304862 -0.05998671 0.9699833 0.2298145 -0.07948333 0.02920871 -0.2612798 -0.9648211 0.0291956 -0.2611761 -0.9648497 0.3078264 -0.4056521 0.8606332 -0.0313006 -0.2629849 -0.9642922 -0.02437758 -0.5849506 0.8107026 -0.06927245 -0.5942728 0.8012747 -0.06894969 -0.596885 0.7993586 -0.9152992 -0.2798799 -0.289646 -0.9129709 -0.2503517 -0.3221927 -0.9134196 -0.2497241 -0.3214073 0.02131986 -0.5931925 0.8047783 -0.02447211 -0.5825645 0.8124161 0.9413179 -0.2577816 -0.2178744 0.9408143 -0.2283097 -0.2504858 0.9412996 -0.2578193 -0.217909 -0.9060204 -0.3108394 -0.2872388 -0.9168545 -0.3559473 -0.1807746 -0.9170818 -0.3554444 -0.1806105 0.9326249 -0.2889707 -0.2161176 0.9362717 -0.3339082 -0.1090906 0.9320136 -0.2901874 -0.217122 0.03688365 0.7107536 -0.7024734 0.01882022 0.7086261 -0.7053332 -0.9071652 -0.2376224 -0.3472562 -0.9090843 -0.2528584 -0.3311019 -0.9071508 -0.2376483 -0.3472764 0.9366543 -0.2156749 -0.2759765 0.9376817 -0.2308047 -0.2597735 0.9375415 -0.2311418 -0.2599797 5.52803e-4 0.7103155 -0.7038832 0.006791353 0.7460935 -0.6658067 0.9411749 -0.2276253 -0.2497532 -0.9053074 -0.312066 -0.2881553 0.9364773 -0.3333765 -0.1089517 0.9369035 -0.2940546 -0.1890602 -0.9122876 -0.3163302 -0.2601279 -0.9120609 -0.3165832 -0.2606148 0.9367183 -0.2947729 -0.1888591 -0.908918 -0.2530798 -0.331389 -0.3451175 -0.2152799 0.9135363 -0.4345095 -0.1712797 0.8842312 -0.434029 -0.17228 0.8842728 -0.237074 -0.230675 -0.9437081 -0.08311808 -0.3851791 -0.9190911 -0.2365126 -0.2302613 -0.9439501 0.2968845 0.2736677 -0.9148582 0.1893366 0.2901808 0.9380548 -0.2383909 0.5306783 0.8133574 -0.344506 -0.2399067 0.9076126 -0.3445059 -0.2399065 0.9076126 -0.7526348 -0.5612576 0.3442829 -0.7246434 -0.5956223 0.346592 -0.7246436 -0.5956224 0.3465916 -0.6802959 -0.6024311 -0.4174618 -0.2374398 -0.2563444 -0.9369686 -0.2659308 -0.2222912 -0.9380125 -0.4176393 -0.1867022 0.8892243 -0.4178228 -0.1867264 0.889133 -0.08568257 -0.3834142 -0.9195935 -0.1220174 -0.3488736 -0.9291927 -0.360894 -0.2198145 0.9063317 -0.3409968 -0.249252 0.9064187 -0.3607786 -0.2195839 0.9064335 -0.2584594 -0.2388716 -0.9360231 -0.3043279 -0.1702109 -0.9372368 -0.3041169 -0.1700409 -0.9373362 -0.7533429 0.6335058 -0.1764799 -0.7570602 0.6329935 -0.1617994 -0.4031372 -0.1810848 0.8970444 -0.4032734 -0.1812493 0.89695 -0.1534585 -0.3481379 -0.9247975 -0.258859 -0.2388185 -0.9359262 -0.7573853 0.6362078 -0.1469945 -0.1215237 -0.3492525 -0.9291151 -0.3411843 -0.2494375 0.906297 0.2758889 -0.2893911 0.9165905 0.2793906 -0.285067 0.9168847 0.2799794 -0.2845712 0.9168592 -0.718398 -0.2674064 -0.6421823 -0.717113 -0.2626833 -0.6455591 -0.7186191 -0.2676735 -0.6418235 -0.7182878 -0.2692519 -0.6415341 -0.7182881 -0.2692515 -0.641534 -0.3742839 0.3220715 -0.8695871 0.6102417 0.307103 0.7302691 0.6347091 0.2997529 0.7122447 0.2706591 0.3756634 0.8863525 0.2753176 -0.2912329 0.9161789 0.2753177 -0.291233 0.9161788 -0.328926 -0.6811119 0.6541364 -0.7404878 -0.6720108 0.008908867 -0.740491 -0.6720072 0.008910953 -0.740491 -0.6720072 0.008910894 -0.8026872 -0.5943281 0.04967266 -0.8026881 -0.5943268 0.04967397 -0.3911246 -0.6034365 0.6948999 0.363106 -0.1872326 0.9127421 0.2495565 -0.2590588 0.933065 0.2537823 -0.234599 0.9383805 -0.7467761 -0.2124699 -0.6302238 -0.7780497 -0.1865398 -0.5998682 -0.676835 -0.1642321 -0.7175809 0.2550362 -0.2509307 0.9338042 0.2565434 -0.2495793 0.9337536 -0.7168477 -0.2624413 -0.645952 -0.7423027 -0.2288725 -0.6297652 0.2814705 -0.3104367 0.9079667 0.3739789 -0.3563892 0.8562282 0.374394 -0.3555946 0.8563771 -0.7084906 -0.2885392 -0.6440391 -0.623124 -0.3343577 -0.7070513 -0.7091041 -0.2905827 -0.6424431 0.5726163 -0.1564756 0.8047521 0.247057 -0.2552887 0.9347677 -0.7465994 -0.2333193 -0.623018 -0.7468425 -0.2329478 -0.6228658 -0.7415727 -0.2275286 -0.6311107 0.2797394 -0.3124541 0.9078097 -0.6230375 -0.3335797 -0.7074949 -0.6892808 -0.2937778 -0.6622588 0.3063793 -0.3160617 0.8979069 0.3059225 -0.3167723 0.8978123 -0.6893945 -0.2944974 -0.6618206 0.2466897 -0.2547923 0.935 -0.4387599 -0.168585 0.8826488 -0.3716525 0.1815498 0.9104473 -0.5742584 -0.5157104 0.6358224 -0.5246398 -0.1651621 0.8351495 -0.4317524 0.2109537 0.8769769 -0.8537065 -0.5141097 0.08292484 -0.4828066 0.2358392 0.8433728 -0.4449824 0.2173858 0.8687543 0.4666131 0.1995662 0.8616529 0.7742008 -0.04166764 0.6315671 0.6356057 0.3677295 0.6788081 -0.7849624 -0.01358485 0.6193946 -0.6290984 -0.1736205 0.757688 -0.4621931 -0.06036436 0.8847224 0.8523976 0.08806526 0.5154249 0.7632836 0.1895981 0.617617 0.5981559 -0.277846 0.7516723 0.6068214 0.1860455 0.772758 0.1765211 -0.4384824 0.8812341 0.4715381 -0.142688 0.8702253 -0.2413071 -0.4149021 0.8772839 0.1534634 -0.3217954 0.9342894 -0.5717492 -0.2430303 0.7836066 -0.2601061 -0.3497436 0.9000136 -0.6218312 -0.1345826 0.7715008 -0.6629678 -0.154258 0.7325833 -0.2237039 0.3707172 0.9014019 -0.5618299 -0.01278847 0.8271539 -0.2574309 -0.2492915 0.9335861 -0.07377189 0.4031755 0.9121443 0.1313802 -0.1955878 0.9718461 -0.08080512 0.4417389 0.8934974 0.4220652 -0.05260318 0.9050381 -0.08853042 0.4840267 0.8705633 0.5966258 0.173596 0.7835191 -0.09548753 0.5220262 0.8475677 0.4121147 0.2356264 0.8801373 -0.0977723 0.5343412 0.8395953 0.6764286 0.0198931 0.7362396 0.6858641 0.4587372 0.5649342 -0.8326053 0.03959453 0.55245 -0.4146146 -0.2814955 0.8653641 0.7784746 0.3915241 0.4905977 0.6872732 0.09129124 0.7206397 0.6977557 0.344684 0.6279569 -0.7559611 -0.05940985 0.6519151 -0.4054873 -0.168654 0.8984074 -0.8266997 -0.05935233 0.5595042 -0.4375381 -0.1845307 0.8800619 0.1542918 0.6196431 0.7695691 -0.384837 -0.2156569 0.8974367 0.6284968 0.08644181 0.7729939 0.9882465 -0.0968151 0.1183043 0.996451 -0.03780275 0.07521021 0.9966011 -0.0373345 0.07343381 -0.7160268 -0.5431565 0.4385052 -0.7653359 -0.4992548 0.4062088 -0.7139578 -0.5439163 0.4409301 0.7900855 0.6054155 -0.09610939 0.7821958 0.5138465 -0.3523235 0.7785939 0.6275256 -0.001746177 0.993914 -0.00999695 0.1097055 0.9939138 -0.009996831 0.1097058 0.9939138 -0.009996771 0.1097061 0.6408498 -0.4847202 0.5952796 0.6408497 -0.4847196 0.5952804 0.6408495 -0.4847191 0.5952809 -0.08760917 -0.6754946 0.7321419 -0.08760923 -0.6754943 0.7321422 -0.08760911 -0.6754947 0.7321418 -0.7647539 -0.470575 0.440126 -0.7647541 -0.4705747 0.4401259 -0.7647536 -0.470575 0.440126 -0.9613543 0.1467346 0.2329527 -0.9987165 0.04744696 -0.017726 -0.9939133 0.01000171 -0.1097108 0.9894096 0.02949696 0.1421223 0.9893857 0.02935713 0.1423171 -0.7663062 -0.4990323 0.40465 -0.7688053 -0.4309276 0.4724828 0.9731451 0.126828 0.1921024 0.9716056 0.1332402 0.1955239 0.9731615 0.1266997 0.1921037 -0.7847652 -0.3335989 0.5223558 -0.7854033 -0.3269051 0.5256185 -0.7852026 -0.3270658 0.5258184 -0.7781903 -0.382659 0.497988 -0.784729 -0.333634 0.5223876 -0.1258885 0.8818185 0.4544758 -0.08303862 0.8556222 0.5108965 -0.1396346 0.9002772 0.4123146 -0.1646851 0.8342535 0.526213 -0.1218937 0.8422006 0.5252048 0.9828021 0.07853585 0.1671291 0.9828172 0.07860434 0.1670081 -0.7686505 -0.4310601 0.4726135 0.9715778 0.1330674 0.1957802 0.9723027 -0.08240902 -0.2187151 0.9737809 -0.07681488 -0.2141268 0.9737084 -0.07667815 -0.2145051 -0.5903313 -0.3337988 0.7349064 -0.5882305 -0.3280836 0.7391523 -0.5903146 -0.3338068 0.7349161 -0.5902898 -0.3338636 0.7349103 -0.9613057 0.1148784 0.2503885 -0.9885883 0.01358824 0.1500286 0.6057868 0.3669701 -0.7059429 0.6839506 0.6648356 -0.300342 0.9723044 -0.08249539 -0.2186751 0.9723048 -0.08249354 -0.2186739 0.784758 -0.4505265 0.4256535 0.784758 -0.4505261 0.4256541 0.1375055 -0.5546481 0.8206447 0.9572202 -0.1324942 -0.2572448 0.9572983 -0.1325913 -0.2569038 -0.6059716 -0.3839987 0.696666 -0.5885028 -0.3279477 0.7389959 0.9018478 -0.2026374 -0.3815873 0.9063414 -0.2049975 -0.3694878 0.9064048 -0.2059911 -0.3687791 -0.6745221 -0.456236 0.580404 -0.6653457 -0.4578485 0.5896524 -0.6744922 -0.4557693 0.5808051 -0.6056704 -0.3840308 0.6969102 0.9020975 -0.202123 -0.3812696 -0.5755192 -0.2356686 0.7830953 -0.5845968 -0.2817543 0.7608293 -0.583912 -0.2826555 0.7610209 0.1519376 0.8471422 0.5091808 0.1200096 0.8696572 0.4788467 0.174827 0.8391157 0.5150927 0.1662173 0.8770949 0.45064 0.1395817 0.8769356 0.4598924 0.9854131 0.01543974 -0.1694779 0.9804631 -0.02989625 -0.1944179 0.9853547 0.01564222 -0.1697986 -0.6645256 -0.4587203 0.5898996 0.9805904 -0.03104048 -0.193595 -0.444292 -0.2211591 -0.8681551 -0.3785352 -0.1535688 -0.9127584 -0.3795276 -0.1544266 -0.9122013 0.844056 -0.2841079 0.4548101 0.7307696 -0.4122365 0.5440929 0.8440276 -0.284059 0.4548933 -0.4441947 -0.221412 -0.8681405 -0.4441945 -0.2214115 -0.8681406 0.2159048 -0.5968502 -0.7727582 0.7495304 -0.6226647 -0.2247062 0.7495288 -0.6226674 -0.2247041 0.8440914 -0.2837319 0.454979 0.8440921 -0.2837301 0.4549788 0.8440927 -0.2837297 0.4549779 0.4825383 0.2542216 0.8381696 -0.8115599 0.3168185 -0.4909141 -0.4408299 0.5417654 -0.7156531 -0.4063346 -0.1855159 -0.8946934 -0.4065206 -0.185148 -0.8946851 0.7325623 -0.4105343 0.5429679 0.8172866 -0.3164468 0.4815642 -0.3553525 -0.1528732 -0.9221467 -0.4484512 -0.2470428 -0.8589886 -0.3555182 -0.1530926 -0.9220464 0.8664478 -0.2559423 0.4286744 0.9034484 -0.1734561 0.3920381 0.9034346 -0.1735703 0.3920197 -0.4127216 -0.186923 -0.8914711 -0.3585609 -0.1459066 -0.9220333 -0.4128056 -0.1862288 -0.8915775 0.8721797 -0.2447576 0.4235521 0.9477698 -0.1171321 0.2966691 0.9479306 -0.1181488 0.2957507 0.8176822 -0.3164306 0.4809029 -0.4484928 -0.2470063 -0.8589773 0.4802494 -0.5671322 0.6691201 0.479822 -0.5647918 0.6714023 0.4802798 -0.5672997 0.6689562 -0.3582214 -0.1447811 -0.9223426 0.7687876 -0.3622653 0.5270006 0.8721916 -0.2444662 0.4236961 0.5510674 0.6492305 -0.524237 0.5847421 0.5725292 -0.574706 0.6906275 0.5386995 -0.4825315 0.6532669 0.5460516 -0.5244713 -0.3585991 -0.1540105 -0.9206995 -0.3573578 -0.155372 -0.9209533 -0.9835059 -0.1615244 0.0814017 -0.964697 -0.2259919 0.135231 -0.9650349 -0.2254012 0.1337984 0.7380442 -0.2831223 -0.6124807 0.7540053 -0.3473836 -0.5574951 0.7387189 -0.2825904 -0.6119126 0.7309199 -0.3072718 -0.6093769 0.9636184 0.2253004 -0.1438031 0.9844743 0.172873 -0.03042364 -0.7592372 0.3469747 0.5506065 -0.8312755 0.5425673 0.1208382 -0.9792013 -0.1864942 0.07990479 -0.9867143 -0.1535136 0.05318439 -0.6538798 -0.5710137 -0.4963715 0.05447632 -0.621042 -0.7818818 0.04600435 -0.5876596 -0.8077993 -0.9697585 -0.2117961 0.1212881 -0.9697203 -0.2119213 0.1213753 0.7533284 -0.3467689 -0.5587912 0.7496839 -0.3332193 -0.5717858 -0.9837371 -0.1689585 0.06094658 -0.9893426 -0.1379787 0.04650974 -0.983723 -0.1691342 0.06068539 0.7230876 -0.2891671 -0.6273171 0.7209468 -0.25875 -0.6428719 0.7210984 -0.2586584 -0.6427387 -0.248582 0.6033297 -0.7577602 -0.2613453 0.6026475 -0.7539992 -0.9709042 -0.215832 0.1037385 -0.9709035 -0.2158378 0.1037328 0.7379129 -0.3365293 -0.5850066 0.7229789 -0.2896808 -0.6272053 -0.2729647 0.6050504 -0.7479334 -0.2577623 0.6344512 -0.7287184 0.7497158 -0.333374 -0.5716539 -0.9893542 -0.1378401 0.04667395 -0.8937793 0.1711334 0.4145744 -0.8732724 -0.1624318 0.4593597 -0.4755083 0.06346881 0.8774188 0.2484945 -0.03315615 0.9680658 0.5894776 0.3800753 0.7127826 0.3401023 -0.05225354 0.9389356 0.2558643 -0.1999036 0.9458182 0.5684456 0.2255348 0.791204 -0.08757519 -0.3720791 0.9240605 0.2471131 -0.1931107 0.9495491 -0.4188424 -0.379426 0.8249891 -0.09887796 -0.4201008 0.9020746 -0.7221048 -0.1677793 0.6711295 -0.5172434 -0.4685663 0.7161738 -0.8380476 -0.1367202 0.5281893 -0.9670057 0.1919732 0.16747 -0.6293196 -0.3670484 0.6850053 0.5244061 0.3342372 0.7831244 0.3743211 -0.04275 0.9263132 -0.8413516 0.1919141 0.5052686 -0.6396595 -0.3053211 0.7054182 -0.9258807 0.1383807 0.3515619 0.3255188 -0.02662819 0.9451606 0.5796698 0.4146227 0.7014778 0.3218819 -0.05797928 0.9450029 -0.8750984 0.1910817 0.4446241 -0.5396676 -0.3030899 0.7854269 -0.9593079 0.2383149 0.1514409 0.4032778 -0.05572277 0.9133794 0.5746347 0.3845081 0.72246 0.3024988 -0.007737815 0.9531184 -0.5720589 -0.3034818 0.7620023 0.6140094 0.3389976 0.7127925 -0.6381186 -0.3869153 0.6656586 0.470723 0.3310232 0.8178285 0 0 -1 -0.6496081 -0.2931683 0.7014711 -0.9027734 0.3722705 -0.215441 -0.8964528 0.381308 -0.2257806 -0.9520999 0.283044 -0.1157235 0.1832932 0.9161206 0.3565484 0.1794875 0.9085802 0.3771822 0.1904128 0.9294438 0.3160339 0.5704938 0.02614092 0.8208858 0 0 1 0.6159942 -0.1915203 0.7641147 0.2960158 0.2237008 0.9286187 0.7319322 -0.09794181 0.6743018 0.7646193 -0.1305946 0.6311121 0.7642421 -0.130222 0.6316459 -0.8652374 -0.4690229 -0.1771492 -0.8356511 -0.5024077 -0.2219768 -0.8652444 -0.4689896 -0.1772032 0.8395612 0.495327 0.2231326 0.5208742 0.642382 0.5621703 0.7319733 -0.09768205 0.6742947 0.7319712 -0.09768193 0.674297 0.7319738 -0.09768211 0.6742941 0.1698285 -0.6069592 0.7763755 0.1698284 -0.6069582 0.7763764 0.1698285 -0.6069594 0.7763752 -0.4917991 -0.7606854 0.4236643 -0.4917989 -0.7606849 0.4236655 -0.4917992 -0.7606856 0.423664 -0.8653358 -0.4688133 -0.1772238 -0.8653358 -0.4688128 -0.1772249 -0.8653358 -0.4688134 -0.1772236 -0.9193554 0.2848254 -0.2714043 -0.765009 0.1225076 -0.6322603 -0.7319725 0.09768247 -0.6742956 -0.8662292 0.1613244 -0.4728863 -0.2931855 0.6308348 -0.718394 -0.8657463 -0.4682538 -0.1766967 -0.8657471 -0.4682524 -0.1766965 -0.4927924 -0.7593337 0.4249333 -0.4927921 -0.7593337 0.4249333 0.168835 -0.6056061 0.7776478 0.731566 -0.09711867 0.6748179 0.9188808 0.3570269 0.1678982 0.7979487 -0.0139752 0.6025635 0.7253478 -0.1065832 0.6800813 0.7365568 -0.09623855 0.669494 0.7362905 -0.09654837 0.6697424 -0.8360424 -0.5020086 -0.2214058 -0.8642811 -0.4681891 -0.1838942 0.778824 -0.1315385 0.6132951 0.7050194 -0.04532003 0.7077385 0.778582 -0.1317151 0.6135644 -0.8281995 -0.504863 -0.2433086 -0.8968189 -0.4175351 -0.1462204 -0.896869 -0.4174023 -0.1462922 0.7002893 -0.05363887 0.7118411 0.7606198 -0.1242436 0.6371979 0.6957765 -0.06516712 0.715296 -0.8913734 -0.4355499 -0.1254983 -0.8407284 -0.4963015 -0.2164736 -0.8402701 -0.4972667 -0.2160376 -0.8642396 -0.468428 -0.183481 0.7050791 -0.04519885 0.7076869 -0.8282109 -0.5050115 -0.2429614 0.7603813 -0.1253715 0.6372615 -0.9478213 -0.1811038 0.262367 -0.8939166 -0.4299335 -0.1267693 0.2637256 -0.2545177 0.9304137 0.5848239 -0.4881652 0.6478239 -0.600854 0.08594077 0.7947255 -0.902035 -0.3466497 -0.2572293 0.2397208 -0.224927 0.9444267 0.6551526 -0.6147214 0.4391954 0.2507669 -0.9516362 -0.1774948 0.2574486 -0.9497074 -0.178259 0.2516016 -0.9511528 -0.1788998 -0.1776819 0.1983562 -0.96389 -0.1776801 0.1983569 -0.9638903 -0.17768 0.1983569 -0.9638903 -0.2701151 0.890358 0.3664702 -0.2514656 0.8585067 0.4469133 -0.1897906 0.8436157 0.502287 0.2430083 -0.9540514 -0.1753079 0.2369835 -0.9556539 -0.1748273 -0.290023 0.9159986 0.277188 -0.2845811 0.8966175 0.3392503 -0.5598562 -0.282645 0.778892 -0.5598567 -0.2826452 0.7788918 -0.06893265 -0.8497183 -0.5227113 -0.2280576 -0.8447325 -0.4841661 -0.07021898 -0.8402358 -0.5376551 -0.9143072 -0.1073386 0.3905392 -0.9143077 -0.1073387 0.3905382 -0.9143072 -0.1073386 0.3905392 0.1680504 0.8425177 0.5117841 0.09447181 -0.8565442 -0.5073531 0.09950065 -0.8661815 -0.4897236 -0.0336588 0.8500725 0.5255892 0.06863951 0.8402919 0.5377714 0.9538528 -0.1738045 0.2448608 0.953853 -0.1738042 0.2448607 0.9538529 -0.1738045 0.2448608 0.3882544 0.1343188 -0.9117111 0.3796389 0.1258987 -0.9165281 0.3796388 0.1258987 -0.9165282 -0.3796382 0.1258987 -0.9165285 -0.9226055 0.05249482 -0.3821563 -0.9226055 -0.05249476 0.3821563 -0.3796383 -0.1258988 0.9165284 -0.3901968 -0.08534771 0.9167673 0.3716584 -0.06445205 0.9261296 0.3796387 -0.1258988 0.9165282 0.3796386 -0.1258988 0.9165282 0.9196087 0.007902503 0.3927565 0.9226059 -0.05249464 0.3821552 0.922606 -0.05249464 0.3821552 0.9236894 0.09129118 -0.3721073 0.9226055 0.05249476 -0.3821563 0.9226055 0.05249476 -0.3821564 -0.6244509 -0.6609975 -0.416105 -0.7492834 0.3991854 0.5284179 -0.1292395 0.6238022 0.770823 0.1954346 -0.7612705 0.618282 0.2311322 -0.6827777 0.6931036 0.1642153 -0.818304 0.5508285 0.231132 -0.6827778 0.6931035 0.1954308 -0.7612673 0.6182872 -0.2446104 0.6488377 -0.7205383 -0.2445902 0.6488146 -0.720566 -0.2445856 0.6488237 -0.7205594 -0.2426015 0.633321 -0.7348804 0.03274643 -0.51679 -0.8554857 -0.9915467 -0.1286322 0.01700192 0.628176 0.5686964 0.5310174 0.9729205 0.2128798 -0.09004306 0.7170317 -0.2336093 -0.6567285 -0.6337879 -0.6387771 -0.4362073 -0.7567237 0.385591 0.5279102 0.1028217 0.797214 0.5948761 0.7298741 -0.3143774 -0.6070014 -0.3060878 0.002289235 -0.9520006 -0.8886856 0.02357244 -0.4579108 -0.9492288 0.04682761 0.311082 0.3440576 0.1579961 -0.9255602 -0.4133469 0.1395316 -0.8998196 -0.9351365 0.06243759 -0.3487425 -0.9079898 -0.03107178 0.4178386 0.4357802 -0.2033338 0.8767844 0.9443238 -0.07985645 0.3191794 0.8944205 0.116732 -0.431724 0.8910043 0.03602337 0.4525634 0.3168185 0.08463525 0.9447026 0.946209 -0.008874952 -0.3234347 -0.887658 -0.09792387 0.4499713 -0.9152835 0.2995692 -0.2692853 -0.2975293 0.529219 -0.7946091 0.2428311 0.5078107 -0.8265358 -0.2972009 -0.3839111 0.8742334 0.1745638 0.5200628 -0.8360995 0.6421864 -0.6122421 0.4612551 0.9892083 -0.1456396 -0.01600676 0.7639684 0.3267146 -0.5564259 0.09763485 -0.7987308 -0.5937142 0.03263175 -0.6618617 -0.7489154 0.03263193 -0.6618615 -0.7489156 0.06678748 -0.737293 -0.6722637 0.06678611 -0.7372965 -0.67226 -0.1734992 0.8913916 0.4187113 -0.1663367 0.9089961 0.3821758 -0.1661905 0.9090354 0.382146 -0.6233001 0.5227035 -0.5816167 -0.9951316 0.05371695 -0.0826292 -0.7677645 -0.4141359 0.4889059 -0.09069854 -0.6056433 0.7905504 0.08878844 0.3870528 -0.9177728 0.5820094 -0.1181353 0.8045553 0.9650468 0.1616191 0.2063109 0.7783827 0.370197 -0.5070253 -0.1142019 -0.466052 0.877356 -0.7799447 -0.3620495 0.5104964 -0.9887921 -0.02251982 -0.1475909 -0.4767928 0.408152 -0.7785118 0.5414577 0.7394031 -0.4001334 0.1698286 -0.6069587 0.7763758 0.7319746 -0.09768545 0.6742929 0.813337 0.5309777 0.2377932 0.4573069 -0.6948866 -0.5549802 0.4850307 -0.574177 -0.6595953 0.4850304 -0.5741765 -0.6595961 0.4715367 -0.6417307 -0.6048428 0.4715382 -0.6417304 -0.604842 -0.382561 0.9216948 0.06423234 -0.2824031 0.9524212 0.1146408 -0.5026413 0.3302274 0.7989378 -0.0601654 0.7811596 0.6214256 -0.5719535 0.7109284 0.4092068 -0.2304383 0.7069974 -0.6686202 -0.7783499 0.1613518 -0.606743 -0.8737356 -0.4589493 -0.1610955 -0.4727535 -0.7831528 0.4039505 0.3454821 0.9021143 -0.2585187 0.2520312 -0.7107397 0.6567568 0.7506306 -0.126342 0.6485303 0.8017696 0.5404893 0.2550238 0.4128957 0.816208 -0.4041306 -0.3063991 0.7852105 -0.5381116 -0.8031432 0.2067834 -0.55875 -0.8563012 -0.480535 -0.1892996 -0.3968821 -0.8659539 0.3043166 0.08091408 -0.4793585 0.8738813 0.6548096 -0.002013921 0.7557913 0.8161739 0.5282267 0.2341727 -0.4660578 -0.7936649 0.3910068 -0.8833982 -0.4429022 -0.153119 -0.8242508 0.2696385 -0.4979013 0.4147133 -0.6720142 -0.6135226 -0.3492847 -0.6723827 -0.6526116 -0.909727 -0.2912315 -0.2959409 -0.9365223 0.2692536 0.2245634 -0.4147169 0.6720128 0.6135217 0.3500291 0.6811171 0.6430857 -0.02019011 -0.6808744 0.732122 -0.02020239 -0.6808751 0.7321208 -0.02019929 -0.680871 0.7321249 -0.02020364 -0.6808726 0.7321231 -0.02020716 -0.6808753 0.7321206 0.01597857 0.7613626 -0.6481295 0.01600736 0.7613611 -0.6481305 0.01599663 0.7613754 -0.648114 0.02689468 0.7463325 -0.6650298 0.4117879 -0.5813291 -0.7017744 -0.3711239 0.7589197 0.5350776 0.3132759 0.6796154 0.6633108 0.9003954 0.3156466 0.2994253 0.9367167 -0.2080585 -0.2815557 -0.3406906 -0.6885371 -0.6401926 -0.9016966 -0.285121 -0.3250377 -0.934237 0.3239114 0.1492745 -0.4026498 0.7562226 0.5157525 0.4167189 -0.5380479 -0.7327004 -0.9078106 -0.2379231 -0.3453584 -0.9337608 0.291192 0.2080819 -0.2238841 0.6960846 0.68216 0.9360594 -0.1817064 -0.3012897 0.3100363 0.816347 0.4872936 0.9329547 -0.2942332 -0.2074184 0.9059452 0.3644544 0.2154909 0.3318927 -0.9089515 0.2522986 -0.08969962 -0.3564627 -0.9299937 -0.4999695 0.2535912 -0.8280834 -0.7356112 0.6347959 -0.2364535 -0.6585875 0.5638479 0.4983354 -0.31402 0.08230441 0.9458422 0.3191239 -0.3960161 0.8610059 -0.8268471 -0.5614896 0.03245717 -0.8268468 -0.5614898 0.03245949 -0.8268476 -0.5614885 0.03246146 -0.8268502 -0.5614851 0.03245282 -0.8268446 -0.5614938 0.03245007 0.9437066 0.3237784 -0.06771582 0.9437048 0.3237932 -0.06767129 0.9437124 0.3237745 -0.06765329 0.9565976 0.2856222 -0.05780118 0.9437189 0.3237642 -0.06761395 0.5187168 -0.6929177 -0.5007974 0.1794645 -0.193561 -0.9645344 -0.225892 0.4552828 -0.8612146 -0.4442816 0.8665589 -0.2273539 -0.5543439 0.6974938 0.4540983 0.01683324 0.9145894 0.4040334 0.03886908 0.30284 0.9522485 -0.2268945 0.9729962 -0.04239344 0.344341 -0.9037932 0.2541402 0.2544017 -0.4439581 0.8591747 0.6407085 -0.6305561 -0.4380544 0.03269141 -0.478495 -0.8774815 -0.5439096 0.02991849 -0.8386104 -0.8668202 0.4234858 -0.2632158 -0.640713 0.6305555 0.4380486 -0.03928351 0.4682596 0.8827174 -0.4970708 -0.7754977 0.3892609 -0.4970709 -0.7754991 0.3892579 -0.49707 -0.7755 0.3892572 -0.4970679 -0.7754983 0.3892633 -0.4970706 -0.7754971 0.3892623 0.7760385 -0.5421675 0.3222094 -0.6757327 0.6578059 -0.3326811 -0.4718459 0.8222151 0.318314 0.03133302 0.595498 0.8027456 0.5751157 0.007693648 0.8180359 0.5186023 -0.7242394 0.4544547 0.3734121 -0.8862256 -0.2741671 -0.03671675 -0.5512173 -0.8335536 -0.432817 0.1064721 -0.8951722 -0.5244418 0.7269594 -0.4432729 -0.1964839 0.9615016 0.1921168 0.1394413 0.6365954 0.7584869 0.4625847 -0.09113979 0.8818781 -0.904962 0.4113197 -0.1089031 -0.5779243 -0.02006012 -0.8158438 0.1164838 -0.3368701 -0.934318 0.7461299 -0.4099054 -0.5246598 0.4841909 0.7843637 -0.3877279 0.4840146 0.7844783 -0.3877159 -0.5947966 -0.6920665 -0.4089755 -0.4216051 -0.1438301 0.8953 0.08083492 0.4264302 0.9009012 0.6419895 0.608565 0.466367 0.6469225 -0.7612656 0.04433959 0.7140954 -0.6984233 0.04767245 0.7140957 -0.6984231 0.04767221 0.5874337 -0.8082178 0.04129844 0.6469203 -0.761268 0.04433053 -0.7177569 0.6775407 -0.160511 -0.7177565 0.6775434 -0.1605014 -0.7177556 0.6775456 -0.160496 -0.717756 0.6775456 -0.1604942 -0.7177532 0.6775488 -0.1604933 -0.3160485 -0.1534898 -0.9362447 0.2288308 0.2700028 0.9352727 0.6981478 0.598223 0.3933435 0.7168541 0.6226077 -0.3138151 0.2925909 0.311754 -0.9039911 -0.6177979 -0.670693 -0.4104837 -0.7211667 -0.601601 0.3435037 -0.42516 -0.1582951 0.8911688 0.5945507 0.7738586 0.2182947 0.659788 0.7285353 -0.1841638 0.3463872 0.2326778 -0.9087777 -0.3372467 -0.6723263 0.6589705 0.7851854 0.6153479 0.06950604 0.6130812 -0.680875 -0.4006754 0.6918364 -0.5652619 -0.4492678 0.6918367 -0.5652604 -0.4492691 0.5363596 -0.7666515 -0.3529364 0.6130895 -0.6808784 -0.400657 -0.5416582 0.7613739 0.356253 -0.5416729 0.7613623 0.3562555 -0.3331845 0.9155148 0.2254344 -0.7151814 0.5230954 0.4635587 -0.3331827 0.9155168 0.225429 -0.811334 -0.5813279 0.06160461 0.3729939 0.6832798 -0.6276978 -0.2671111 0.3156135 -0.9105163 -0.765223 -0.2080596 -0.6092168 -0.3318642 -0.6885367 0.6448127 0.2468329 -0.2851226 0.9261635 0.6551153 0.3239086 0.682574 0.6493771 0.7596285 0.0356943 -0.7997425 -0.5983927 0.04835599 0.2336208 -0.2379213 0.9427698 0.7933663 0.5134422 0.3270279 0.234488 0.8189849 -0.5237167 -0.7021594 -0.2942326 -0.6483821 -0.339271 0.3644519 -0.8672198 -0.4085615 -0.1768854 0.8954268 0.09400492 0.4001268 0.9116259 0.4937081 0.7960565 0.3500664 0.5529587 0.7498499 -0.3632656 -0.09400492 -0.4001275 -0.9116255 0.7347403 -0.6457757 0.2076787 0.7347403 -0.6457771 0.2076748 0.7347406 -0.6457769 0.2076742 -0.5454878 -0.7453246 0.3833203 0.1806893 0.3471047 -0.9202553 -0.2179087 -0.3000775 -0.9286922 -0.523934 -0.7605876 -0.3834053 -0.2390808 -0.8966916 0.3725383 -0.06778615 -0.3938999 0.9166505 0.1943441 0.3303904 0.9236193 0.3482379 0.8737213 0.3396197 0.2415996 0.8987133 -0.3659837 -0.1199347 0.4699006 -0.8745336 -0.3232081 -0.2661253 -0.9081376 -0.3835018 -0.8427663 -0.3777189 0.7386329 0.6470126 -0.1891993 0.5980036 0.7625042 0.2469398 -0.02346944 0.5000041 0.865705 -0.5829938 -0.003698229 0.8124682 -0.7254738 0.652719 -0.2182791 -0.7253634 0.6527993 -0.2184058 -0.7318575 0.6461145 -0.2166116 -0.752123 -0.2588015 -0.6060799 -0.931581 -0.338055 0.1337004 -0.5679276 -0.2120349 0.7952984 0.07345926 0.1881584 0.9793877 0.7521175 0.2587932 0.6060904 0.9334116 0.3329256 -0.133804 0.5679282 0.2120323 -0.7952986 0.3343274 -0.9423742 -0.01249426 0.3343355 -0.9423714 -0.01249623 0.334339 -0.9423701 -0.01249539 0.3343332 -0.9423722 -0.01248908 0.3343317 -0.9423727 -0.01249736 -0.02367156 0.8785599 0.4770455 -0.02369958 0.8785824 0.4770025 -0.02374505 0.8785624 0.477037 -0.02371591 0.8784767 0.4771963 -0.02347826 0.8785373 0.4770964 0.674966 0.5194321 0.5240336 0.8744665 0.4848023 0.01659303 -0.2282187 0.5109968 -0.8287331 -0.9732594 -0.07666236 0.2165389 0.2253908 -0.4073345 0.8850297 0.8461816 -0.1819937 0.5008543 0.9704813 0.1802948 -0.1601872 0.5276619 0.3822232 -0.758603 0.9678136 0.2500406 0.02857726 0.8592308 0.1269946 0.4955754 -0.717442 0.439586 -0.5404083 -0.7850057 0.5900239 0.1887803 0.1987479 -0.6225426 -0.756928 -0.5238687 -0.705829 0.4768301 -0.5238688 -0.7058294 0.4768295 -0.4908132 -0.7505087 0.4425373 -0.4908133 -0.7505074 0.4425392 -0.4908136 -0.7505069 0.4425398 0.4889987 0.7515358 -0.4428027 0.5481606 0.6981832 -0.4605 0.4890075 0.7515343 -0.4427955 0.4889975 0.7515357 -0.4428043 -0.6481516 0.7438977 0.1628367 -0.1705164 0.6804054 0.712722 0.4587951 0.2347541 0.85697 0.8255819 -0.3135452 0.4691523 -0.6759127 0.4763138 -0.5623764 0.6426146 -0.7536655 -0.137968 0.1957992 -0.6297063 -0.751753 -0.37204 -0.1254048 -0.9197064 -0.8113473 0.3306944 -0.4820342 -0.5282115 0.8453887 0.0794391 -0.1325054 0.7328907 0.6673182 0.4342861 0.2076242 0.8765203 0.7301048 -0.4262422 0.5341017 0.8314238 -0.462746 -0.3075724 0.2906764 -0.4703333 -0.833243 -0.3914394 -0.1428204 -0.9090532 0.8121023 -0.329667 0.481466 0.4663931 0.2560011 0.8467237 -0.2443194 0.7822656 0.5730347 -0.4864054 0.8439663 0.2261211 0.1419529 -0.5348331 0.8329484 -0.09819006 0.5378155 -0.8373251 -0.7684713 0.4852094 -0.4171618 -0.584218 -0.3083168 0.7507531 -0.1889833 -0.8279861 -0.5279437 -0.2243564 -0.7867602 -0.5750415 -0.1582804 -0.8595348 -0.4859499 -0.2243562 -0.7867601 -0.5750417 -0.1889833 -0.8279854 -0.5279446 0.7522751 -0.5557826 0.3538194 0.9704346 -0.09797918 -0.2205828 0.6189618 0.4445944 -0.6474738 -0.09153556 0.751731 -0.6530863 -0.01091837 -0.8804258 0.4740583 -0.5631732 0.8263388 3.75313e-4 -0.880627 0.2523143 0.4010407 -0.6401402 -0.46573 0.610996 -0.2438302 0.4834322 -0.8407378 0.592815 0.3461552 -0.72715 0.9897071 0.05262213 -0.1330823 0.807857 -0.221877 0.5460199 0.1811228 0.8364278 0.5172843 0.1810024 0.8365382 0.5171481 0.1810287 0.8365431 0.517131 -0.4085672 -0.1768914 0.8954231 0.3341041 -0.4771258 0.8128502 -0.0708341 -0.4275606 -0.9012073 -0.3070214 -0.2824512 0.908823 -0.01032096 -0.512266 -0.858765 -0.4962869 -0.6817164 0.5375519 0.2204367 -0.7801372 0.5854859 0.7604789 -0.5675947 0.3154494 0.9519768 -0.2500948 0.1766146 -0.6250734 -0.1173729 0.7716909 0.4810042 -0.8760589 -0.03399777 -0.5615422 0.8208978 -0.1039108 -0.01536816 -0.2035439 -0.9789453 0.1903287 -0.1604854 -0.968514 -0.7855579 -0.6187226 -0.009012281 0.2216369 -0.4384462 0.8710007 -0.9152774 -0.2799171 -0.2896789 0.02120816 -0.5958096 0.8028457 0.9366423 -0.2157006 -0.2759974 -0.3443773 -0.2146909 0.9139541 -0.1421486 0.5159029 -0.844771 -0.6802955 -0.6024311 -0.4174622 -0.2374396 -0.2563441 -0.9369686 -0.1535195 -0.3481943 -0.9247663 0.2754674 -0.2896537 0.9166344 -0.6846799 0.3967949 -0.6113651 0.2753175 -0.2912329 0.9161789 -0.328926 -0.6811119 0.6541364 -0.3911257 -0.603436 0.6948998 -0.7440576 -0.2370887 -0.6246337 0.9877529 -0.09824609 0.1212108 0.7647526 0.4705753 -0.4401279 0.9939139 -0.00999701 0.1097052 0.6408499 -0.4847207 0.5952792 -0.08760923 -0.6754941 0.7321423 -0.7647542 -0.4705745 0.4401258 -0.9303952 0.179962 0.3193409 -0.778276 -0.3826171 0.4978863 0.9723058 -0.08241891 -0.2186976 -0.5902895 -0.3338639 0.7349104 -0.7094392 0.4406884 0.5499907 0.9723045 -0.08249479 -0.2186751 0.7847583 -0.450527 0.4256523 0.1375054 -0.5546475 0.8206452 -0.5758203 -0.2355052 0.7829229 -0.4442383 -0.2211934 -0.868174 -0.4441926 -0.2214109 -0.8681418 0.2159066 -0.596855 -0.772754 0.7495312 -0.6226648 -0.2247032 0.7278214 0.4852383 0.4845823 0.8665991 -0.2567058 0.4279114 0.479791 -0.5646232 0.6715663 0.7686164 -0.3617207 0.5276241 -0.9835304 -0.1609429 0.08225226 0.7309199 -0.3072717 -0.6093769 0.7419067 0.4314603 -0.5132413 -0.9792013 -0.1864942 0.07990479 -0.6538801 -0.5710141 -0.4963706 0.0544762 -0.6210429 -0.7818811 0.7379077 -0.3365346 -0.5850099 -0.9156759 -0.3646343 0.1690552 -0.8465926 0.4419795 -0.2965389 0.1675482 0.8832765 0.4378929 0.7319667 -0.09789943 0.6742704 0.7319707 -0.09768193 0.6742976 0.1698284 -0.6069579 0.7763765 -0.4917988 -0.7606849 0.4236658 -0.8653358 -0.4688126 -0.1772252 -0.9285907 0.3056018 -0.2105398 -0.06033265 0.6589314 -0.7497795 0.1688337 -0.6056068 0.7776475 0.7315648 -0.09712004 0.6748189 0.9121552 0.3949326 0.1095499 -0.9474827 -0.271123 -0.1696143 0.2614505 -0.9491389 -0.1754398 -0.1776821 0.1983562 -0.9638901 -0.3147734 0.9054921 0.2846084 -0.5598562 -0.282645 0.7788922 -0.2309522 -0.8537064 -0.4667406 -0.9143077 -0.1073387 0.3905381 0.9538529 -0.1738042 0.2448607 -0.379638 0.1258987 -0.9165286 -0.9226055 0.05249488 -0.3821564 -0.9226055 -0.05249476 0.3821564 -0.3796383 -0.1258988 0.9165284</float_array>
          <technique_common>
            <accessor source="#Mesh_001-mesh-normals-array" count="2327" stride="3">
              <param name="X" type="float"/>
              <param name="Y" type="float"/>
              <param name="Z" type="float"/>
            </accessor>
          </technique_common>
        </source>
        <source id="Mesh_001-mesh-map-0">
          <float_array id="Mesh_001-mesh-map-0-array" count="11688">0.375 0.3125 0.40625 0.6884399 0.375 0.6884399 0.4375 0.3125 0.40625 0.6884399 0.40625 0.3125 0.4375 0.3125 0.46875 0.6884399 0.4375 0.6884399 0.5 0.3125 0.46875 0.6884399 0.46875 0.3125 0.5 0.3125 0.53125 0.6884399 0.5 0.6884399 0.5625 0.3125 0.53125 0.6884399 0.53125 0.3125 0.5625 0.3125 0.59375 0.6884399 0.5625 0.6884399 0.625 0.3125 0.59375 0.6884399 0.59375 0.3125 0.5 0 0.65625 0.15625 0.34375 0.15625 0.34375 0.84375 0.5 0.6875 0.65625 0.84375 0.5 1 0.6104854 0.9542354 0.6104854 0.9542354 0.5 1 0.3895146 0.9542354 0.5 1 0.3895146 0.9542354 0.34375 0.84375 0.3895146 0.9542354 0.34375 0.84375 0.3895146 0.7332646 0.34375 0.84375 0.3895146 0.7332646 0.5 0.6875 0.3895146 0.7332646 0.6104854 0.7332646 0.5 0.6875 0.5 0.6875 0.65625 0.84375 0.6104854 0.7332646 0.6104854 0.7332646 0.6104854 0.9542354 0.65625 0.84375 0.65625 0.84375 0.6104854 0.9542354 0.5 1 0.6104854 0.9542354 0.3895146 0.9542354 0.5 1 0.5 1 0.34375 0.84375 0.3895146 0.9542354 0.3895146 0.9542354 0.3895146 0.7332646 0.34375 0.84375 0.34375 0.84375 0.5 0.6875 0.3895146 0.7332646 0.3895146 0.7332646 0.5 0.6875 0.6104854 0.7332646 0.5 0.6875 0.6104854 0.7332646 0.65625 0.84375 0.6104854 0.7332646 0.65625 0.84375 0.6104854 0.9542354 0.65625 0.84375 0.6104854 0.9542354 0.5 1 0.6104854 0.9542354 0.3895146 0.9542354 0.5 1 0.5 1 0.3895146 0.9542354 0.34375 0.84375 0.3895146 0.9542354 0.3895146 0.7332646 0.34375 0.84375 0.34375 0.84375 0.5 0.6875 0.3895146 0.7332646 0.3895146 0.7332646 0.5 0.6875 0.6104854 0.7332646 0.5 0.6875 0.6104854 0.7332646 0.65625 0.84375 0.6104854 0.7332646 0.6104854 0.9542354 0.65625 0.84375 0.65625 0.84375 0.65625 0.84375 0.6104854 0.7332646 0.6104854 0.7332646 0.6104854 0.7332646 0.5 0.6875 0.5 0.6875 0.3895146 0.7332646 0.5 0.6875 0.3895146 0.7332646 0.34375 0.84375 0.3895146 0.7332646 0.34375 0.84375 0.3895146 0.9542354 0.34375 0.84375 0.3895146 0.9542354 0.5 1 0.3895146 0.9542354 0.5 1 0.5 1 0.6104854 0.9542354 0.6104854 0.9542354 0.6104854 0.9542354 0.65625 0.84375 0.65625 0.84375 0.375 0.3125 0.40625 0.4382487 0.375 0.4382487 0.4375 0.3125 0.40625 0.4382487 0.40625 0.3125 0.46875 0.3125 0.4375 0.4382487 0.4375 0.3125 0.5 0.3125 0.46875 0.4382487 0.46875 0.3125 0.5 0.3125 0.53125 0.4382487 0.5 0.4382487 0.53125 0.3125 0.5625 0.4382487 0.53125 0.4382487 0.5625 0.3125 0.59375 0.4382487 0.5625 0.4382487 0.59375 0.3125 0.625 0.4382487 0.59375 0.4382487 0.5 0 0.6104854 0.04576456 0.5 0.15 0.3895146 0.04576456 0.5 0 0.5 0.15 0.34375 0.15625 0.3895146 0.04576456 0.5 0.15 0.3895146 0.2667354 0.34375 0.15625 0.5 0.15 0.5 0.3125 0.3895146 0.2667354 0.5 0.15 0.6104854 0.2667354 0.5 0.3125 0.5 0.15 0.65625 0.15625 0.6104854 0.2667354 0.5 0.15 0.6104854 0.04576456 0.65625 0.15625 0.5 0.15 0.6104854 0.9542354 0.5 1 0.5 0.8375 0.5 1 0.3895146 0.9542354 0.5 0.8375 0.3895146 0.9542354 0.34375 0.84375 0.5 0.8375 0.34375 0.84375 0.3895146 0.7332646 0.5 0.8375 0.3895146 0.7332646 0.5 0.6875 0.5 0.8375 0.5 0.6875 0.6104854 0.7332646 0.5 0.8375 0.6104854 0.7332646 0.65625 0.84375 0.5 0.8375 0.65625 0.84375 0.6104854 0.9542354 0.5 0.8375 0.6104854 0.9542354 0.5 1 0.6104854 0.9542354 0.5 1 0.3895146 0.9542354 0.5 1 0.3895146 0.9542354 0.34375 0.84375 0.3895146 0.9542354 0.34375 0.84375 0.3895146 0.7332646 0.34375 0.84375 0.5 0.6875 0.3895146 0.7332646 0.3895146 0.7332646 0.6104854 0.7332646 0.5 0.6875 0.5 0.6875 0.65625 0.84375 0.6104854 0.7332646 0.6104854 0.7332646 0.6104854 0.9542354 0.65625 0.84375 0.65625 0.84375 0.59375 0.4382487 0.5625 0.5637217 0.5625 0.4382487 0.5625 0.4382487 0.53125 0.5637217 0.53125 0.4382487 0.5 0.4382487 0.53125 0.5637217 0.5 0.5637217 0.46875 0.4382487 0.5 0.5637217 0.46875 0.5637217 0.4375 0.4382487 0.46875 0.5637217 0.4375 0.5637217 0.40625 0.4382487 0.4375 0.5637217 0.40625 0.5637217 0.40625 0.4382487 0.375 0.5637217 0.375 0.4382487 0.625 0.4382487 0.59375 0.5637217 0.59375 0.4382487 0.5625 0.5637217 0.59375 0.6884399 0.5625 0.6884399 0.53125 0.5637217 0.5625 0.6884399 0.53125 0.6884399 0.5 0.5637217 0.53125 0.6884399 0.5 0.6884399 0.5 0.5637217 0.46875 0.6884399 0.46875 0.5637217 0.46875 0.5637217 0.4375 0.6884399 0.4375 0.5637217 0.4375 0.5637217 0.40625 0.6884399 0.40625 0.5637217 0.40625 0.5637217 0.375 0.6884399 0.375 0.5637217 0.59375 0.5637217 0.625 0.6884399 0.59375 0.6884399 0.3895146 0.7332646 0.34375 0.84375 0.34375 0.84375 0.34375 0.84375 0.3895146 0.9542354 0.3895146 0.9542354 0.3895146 0.9542354 0.5 1 0.5 1 0.6104854 0.9542354 0.5 1 0.6104854 0.9542354 0.65625 0.84375 0.6104854 0.9542354 0.65625 0.84375 0.6104854 0.7332646 0.65625 0.84375 0.6104854 0.7332646 0.5 0.6875 0.6104854 0.7332646 0.5 0.6875 0.5 0.6875 0.3895146 0.7332646 0.3895146 0.7332646 0.375 0.3125 0.40625 0.6884399 0.375 0.6884399 0.4375 0.3125 0.40625 0.6884399 0.40625 0.3125 0.46875 0.3125 0.4375 0.6884399 0.4375 0.3125 0.5 0.3125 0.46875 0.6884399 0.46875 0.3125 0.53125 0.3125 0.5 0.6884399 0.5 0.3125 0.53125 0.3125 0.5625 0.6884399 0.53125 0.6884399 0.5625 0.3125 0.59375 0.6884399 0.5625 0.6884399 0.59375 0.3125 0.625 0.6884399 0.59375 0.6884399 0.65625 0.15625 0.5 0.3125 0.34375 0.15625 0.34375 0.84375 0.5 0.6875 0.65625 0.84375 0.6104854 0.9542354 0.5 1 0.6104854 0.9542354 0.3895146 0.9542354 0.5 1 0.5 1 0.34375 0.84375 0.3895146 0.9542354 0.3895146 0.9542354 0.3895146 0.7332646 0.34375 0.84375 0.34375 0.84375 0.5 0.6875 0.3895146 0.7332646 0.3895146 0.7332646 0.5 0.6875 0.6104854 0.7332646 0.5 0.6875 0.6104854 0.7332646 0.65625 0.84375 0.6104854 0.7332646 0.65625 0.84375 0.6104854 0.9542354 0.65625 0.84375 0.5 1 0.6104854 0.9542354 0.6104854 0.9542354 0.5 1 0.3895146 0.9542354 0.5 1 0.3895146 0.9542354 0.34375 0.84375 0.3895146 0.9542354 0.34375 0.84375 0.3895146 0.7332646 0.34375 0.84375 0.3895146 0.7332646 0.5 0.6875 0.3895146 0.7332646 0.6104854 0.7332646 0.5 0.6875 0.5 0.6875 0.65625 0.84375 0.6104854 0.7332646 0.6104854 0.7332646 0.6104854 0.9542354 0.65625 0.84375 0.65625 0.84375 0.6104854 0.7332646 0.65625 0.84375 0.6104854 0.7332646 0.5 0.6875 0.6104854 0.7332646 0.5 0.6875 0.5 0.6875 0.3895146 0.7332646 0.3895146 0.7332646 0.3895146 0.7332646 0.34375 0.84375 0.34375 0.84375 0.34375 0.84375 0.3895146 0.9542354 0.3895146 0.9542354 0.3895146 0.9542354 0.5 1 0.5 1 0.6104854 0.9542354 0.5 1 0.6104854 0.9542354 0.65625 0.84375 0.6104854 0.9542354 0.65625 0.84375 0.65625 0.84375 0.6104854 0.7332646 0.6104854 0.7332646 0.6104854 0.7332646 0.5 0.6875 0.5 0.6875 0.3895146 0.7332646 0.5 0.6875 0.3895146 0.7332646 0.34375 0.84375 0.3895146 0.7332646 0.34375 0.84375 0.3895146 0.9542354 0.34375 0.84375 0.3895146 0.9542354 0.5 1 0.3895146 0.9542354 0.5 1 0.5 1 0.6104854 0.9542354 0.6104854 0.9542354 0.6104854 0.9542354 0.65625 0.84375 0.65625 0.84375 0.375 0.3125 0.40625 0.6884399 0.375 0.6884399 0.4375 0.3125 0.40625 0.6884399 0.40625 0.3125 0.46875 0.3125 0.4375 0.6884399 0.4375 0.3125 0.5 0.3125 0.46875 0.6884399 0.46875 0.3125 0.53125 0.3125 0.5 0.6884399 0.5 0.3125 0.53125 0.3125 0.5625 0.6884399 0.53125 0.6884399 0.5625 0.3125 0.59375 0.6884399 0.5625 0.6884399 0.625 0.3125 0.59375 0.6884399 0.59375 0.3125 0.65625 0.15625 0.5 0.3125 0.34375 0.15625 0.3895146 0.9542354 0.3895146 0.7332646 0.5 0.6875 0.6104854 0.9542354 0.5 1 0.6104854 0.9542354 0.3895146 0.9542354 0.5 1 0.5 1 0.34375 0.84375 0.3895146 0.9542354 0.3895146 0.9542354 0.3895146 0.7332646 0.34375 0.84375 0.34375 0.84375 0.5 0.6875 0.3895146 0.7332646 0.3895146 0.7332646 0.5 0.6875 0.6104854 0.7332646 0.5 0.6875 0.6104854 0.7332646 0.65625 0.84375 0.6104854 0.7332646 0.65625 0.84375 0.6104854 0.9542354 0.65625 0.84375 0.5 1 0.6104854 0.9542354 0.6104854 0.9542354 0.5 1 0.3895146 0.9542354 0.5 1 0.3895146 0.9542354 0.34375 0.84375 0.3895146 0.9542354 0.34375 0.84375 0.3895146 0.7332646 0.34375 0.84375 0.3895146 0.7332646 0.5 0.6875 0.3895146 0.7332646 0.6104854 0.7332646 0.5 0.6875 0.5 0.6875 0.65625 0.84375 0.6104854 0.7332646 0.6104854 0.7332646 0.6104854 0.9542354 0.65625 0.84375 0.65625 0.84375 0.5 1 0.6104854 0.9542354 0.6104854 0.9542354 0.5 1 0.3895146 0.9542354 0.5 1 0.3895146 0.9542354 0.34375 0.84375 0.3895146 0.9542354 0.34375 0.84375 0.3895146 0.7332646 0.34375 0.84375 0.3895146 0.7332646 0.5 0.6875 0.3895146 0.7332646 0.6104854 0.7332646 0.5 0.6875 0.5 0.6875 0.65625 0.84375 0.6104854 0.7332646 0.6104854 0.7332646 0.6104854 0.9542354 0.65625 0.84375 0.65625 0.84375 0.65625 0.84375 0.6104854 0.7332646 0.6104854 0.7332646 0.6104854 0.7332646 0.5 0.6875 0.5 0.6875 0.3895146 0.7332646 0.5 0.6875 0.3895146 0.7332646 0.34375 0.84375 0.3895146 0.7332646 0.34375 0.84375 0.3895146 0.9542354 0.34375 0.84375 0.3895146 0.9542354 0.5 1 0.3895146 0.9542354 0.5 1 0.5 1 0.6104854 0.9542354 0.6104854 0.9542354 0.6104854 0.9542354 0.65625 0.84375 0.65625 0.84375 0.6104854 0.7332646 0.65625 0.84375 0.6104854 0.7332646 0.5 0.6875 0.6104854 0.7332646 0.5 0.6875 0.5 0.6875 0.3895146 0.7332646 0.3895146 0.7332646 0.3895146 0.7332646 0.34375 0.84375 0.34375 0.84375 0.34375 0.84375 0.3895146 0.9542354 0.3895146 0.9542354 0.3895146 0.9542354 0.5 1 0.5 1 0.6104854 0.9542354 0.5 1 0.6104854 0.9542354 0.65625 0.84375 0.6104854 0.9542354 0.65625 0.84375 0.5 0.6875 0.6104854 0.7332646 0.5 0.6875 0.5 0.6875 0.3895146 0.7332646 0.3895146 0.7332646 0.3895146 0.7332646 0.34375 0.84375 0.34375 0.84375 0.34375 0.84375 0.3895146 0.9542354 0.3895146 0.9542354 0.3895146 0.9542354 0.5 1 0.5 1 0.6104854 0.9542354 0.5 1 0.6104854 0.9542354 0.65625 0.84375 0.6104854 0.9542354 0.65625 0.84375 0.6104854 0.7332646 0.65625 0.84375 0.6104854 0.7332646 0.375 0.3125 0.40625 0.6884399 0.375 0.6884399 0.4375 0.3125 0.40625 0.6884399 0.40625 0.3125 0.4375 0.3125 0.46875 0.6884399 0.4375 0.6884399 0.46875 0.3125 0.5 0.6884399 0.46875 0.6884399 0.53125 0.3125 0.5 0.6884399 0.5 0.3125 0.53125 0.3125 0.5625 0.6884399 0.53125 0.6884399 0.59375 0.3125 0.5625 0.6884399 0.5625 0.3125 0.625 0.3125 0.59375 0.6884399 0.59375 0.3125 0.5 0 0.65625 0.15625 0.5 0.3125 0.34375 0.84375 0.5 0.6875 0.65625 0.84375 0.5 1 0.6104854 0.9542354 0.6104854 0.9542354 0.5 1 0.3895146 0.9542354 0.5 1 0.3895146 0.9542354 0.34375 0.84375 0.3895146 0.9542354 0.34375 0.84375 0.3895146 0.7332646 0.34375 0.84375 0.3895146 0.7332646 0.5 0.6875 0.3895146 0.7332646 0.6104854 0.7332646 0.5 0.6875 0.5 0.6875 0.65625 0.84375 0.6104854 0.7332646 0.6104854 0.7332646 0.6104854 0.9542354 0.65625 0.84375 0.65625 0.84375 0.5 1 0.6104854 0.9542354 0.6104854 0.9542354 0.5 1 0.3895146 0.9542354 0.5 1 0.3895146 0.9542354 0.34375 0.84375 0.3895146 0.9542354 0.34375 0.84375 0.3895146 0.7332646 0.34375 0.84375 0.3895146 0.7332646 0.5 0.6875 0.3895146 0.7332646 0.6104854 0.7332646 0.5 0.6875 0.5 0.6875 0.65625 0.84375 0.6104854 0.7332646 0.6104854 0.7332646 0.6104854 0.9542354 0.65625 0.84375 0.65625 0.84375 0.5 1 0.6104854 0.9542354 0.6104854 0.9542354 0.5 1 0.3895146 0.9542354 0.5 1 0.3895146 0.9542354 0.34375 0.84375 0.3895146 0.9542354 0.3895146 0.7332646 0.34375 0.84375 0.34375 0.84375 0.5 0.6875 0.3895146 0.7332646 0.3895146 0.7332646 0.5 0.6875 0.6104854 0.7332646 0.5 0.6875 0.6104854 0.7332646 0.65625 0.84375 0.6104854 0.7332646 0.6104854 0.9542354 0.65625 0.84375 0.65625 0.84375 0.6104854 0.7332646 0.65625 0.84375 0.6104854 0.7332646 0.5 0.6875 0.6104854 0.7332646 0.5 0.6875 0.5 0.6875 0.3895146 0.7332646 0.3895146 0.7332646 0.3895146 0.7332646 0.34375 0.84375 0.34375 0.84375 0.34375 0.84375 0.3895146 0.9542354 0.3895146 0.9542354 0.3895146 0.9542354 0.5 1 0.5 1 0.6104854 0.9542354 0.5 1 0.6104854 0.9542354 0.65625 0.84375 0.6104854 0.9542354 0.65625 0.84375 0.6104854 0.7332646 0.5 0.6875 0.5 0.6875 0.3895146 0.7332646 0.5 0.6875 0.3895146 0.7332646 0.34375 0.84375 0.3895146 0.7332646 0.34375 0.84375 0.3895146 0.9542354 0.34375 0.84375 0.3895146 0.9542354 0.5 1 0.3895146 0.9542354 0.5 1 0.5 1 0.6104854 0.9542354 0.6104854 0.9542354 0.6104854 0.9542354 0.65625 0.84375 0.65625 0.84375 0.65625 0.84375 0.6104854 0.7332646 0.6104854 0.7332646 0.6104854 0.7332646 0.65625 0.84375 0.6104854 0.7332646 0.5 0.6875 0.6104854 0.7332646 0.5 0.6875 0.5 0.6875 0.3895146 0.7332646 0.3895146 0.7332646 0.3895146 0.7332646 0.34375 0.84375 0.34375 0.84375 0.34375 0.84375 0.3895146 0.9542354 0.3895146 0.9542354 0.5 1 0.3895146 0.9542354 0.5 1 0.5 1 0.6104854 0.9542354 0.6104854 0.9542354 0.65625 0.84375 0.6104854 0.9542354 0.65625 0.84375 0.375 0.3125 0.40625 0.6884399 0.375 0.6884399 0.4375 0.3125 0.40625 0.6884399 0.40625 0.3125 0.4375 0.3125 0.46875 0.6884399 0.4375 0.6884399 0.46875 0.3125 0.5 0.6884399 0.46875 0.6884399 0.5 0.3125 0.53125 0.6884399 0.5 0.6884399 0.5625 0.3125 0.53125 0.6884399 0.53125 0.3125 0.5625 0.3125 0.59375 0.6884399 0.5625 0.6884399 0.625 0.3125 0.59375 0.6884399 0.59375 0.3125 0.65625 0.15625 0.5 0.3125 0.34375 0.15625 0.5 0.6875 0.6104854 0.7332646 0.5 1 0.6104854 0.9542354 0.5 1 0.6104854 0.9542354 0.3895146 0.9542354 0.5 1 0.5 1 0.34375 0.84375 0.3895146 0.9542354 0.3895146 0.9542354 0.3895146 0.7332646 0.34375 0.84375 0.34375 0.84375 0.5 0.6875 0.3895146 0.7332646 0.3895146 0.7332646 0.5 0.6875 0.6104854 0.7332646 0.5 0.6875 0.6104854 0.7332646 0.65625 0.84375 0.6104854 0.7332646 0.65625 0.84375 0.6104854 0.9542354 0.65625 0.84375 0.5 1 0.6104854 0.9542354 0.6104854 0.9542354 0.5 1 0.3895146 0.9542354 0.5 1 0.3895146 0.9542354 0.34375 0.84375 0.3895146 0.9542354 0.34375 0.84375 0.3895146 0.7332646 0.34375 0.84375 0.3895146 0.7332646 0.5 0.6875 0.3895146 0.7332646 0.6104854 0.7332646 0.5 0.6875 0.5 0.6875 0.65625 0.84375 0.6104854 0.7332646 0.6104854 0.7332646 0.6104854 0.9542354 0.65625 0.84375 0.65625 0.84375 0.65625 0.84375 0.6104854 0.7332646 0.6104854 0.7332646 0.5 0.6875 0.6104854 0.7332646 0.5 0.6875 0.5 0.6875 0.3895146 0.7332646 0.3895146 0.7332646 0.34375 0.84375 0.3895146 0.7332646 0.34375 0.84375 0.3895146 0.9542354 0.34375 0.84375 0.3895146 0.9542354 0.5 1 0.3895146 0.9542354 0.5 1 0.5 1 0.6104854 0.9542354 0.6104854 0.9542354 0.6104854 0.9542354 0.65625 0.84375 0.65625 0.84375 0.65625 0.84375 0.6104854 0.7332646 0.6104854 0.7332646 0.6104854 0.7332646 0.5 0.6875 0.5 0.6875 0.3895146 0.7332646 0.5 0.6875 0.3895146 0.7332646 0.34375 0.84375 0.3895146 0.7332646 0.34375 0.84375 0.3895146 0.9542354 0.34375 0.84375 0.3895146 0.9542354 0.5 1 0.3895146 0.9542354 0.5 1 0.5 1 0.6104854 0.9542354 0.6104854 0.9542354 0.6104854 0.9542354 0.65625 0.84375 0.65625 0.84375 0.40625 0.3125 0.375 0.6884399 0.375 0.3125 0.40625 0.3125 0.4375 0.6884399 0.40625 0.6884399 0.46875 0.3125 0.4375 0.6884399 0.4375 0.3125 0.5 0.3125 0.46875 0.6884399 0.46875 0.3125 0.53125 0.3125 0.5 0.6884399 0.5 0.3125 0.53125 0.3125 0.5625 0.6884399 0.53125 0.6884399 0.5625 0.3125 0.59375 0.6884399 0.5625 0.6884399 0.625 0.3125 0.59375 0.6884399 0.59375 0.3125 0.3895146 0.04576456 0.5 0 0.5 0.3125 0.5 1 0.6104854 0.9542354 0.6104854 0.9542354 0.5 1 0.3895146 0.9542354 0.5 1 0.3895146 0.9542354 0.34375 0.84375 0.3895146 0.9542354 0.34375 0.84375 0.3895146 0.7332646 0.34375 0.84375 0.3895146 0.7332646 0.5 0.6875 0.3895146 0.7332646 0.6104854 0.7332646 0.5 0.6875 0.5 0.6875 0.65625 0.84375 0.6104854 0.7332646 0.6104854 0.7332646 0.6104854 0.9542354 0.65625 0.84375 0.65625 0.84375 0.5 1 0.6104854 0.9542354 0.6104854 0.9542354 0.5 1 0.3895146 0.9542354 0.5 1 0.3895146 0.9542354 0.34375 0.84375 0.3895146 0.9542354 0.34375 0.84375 0.3895146 0.7332646 0.34375 0.84375 0.3895146 0.7332646 0.5 0.6875 0.3895146 0.7332646 0.6104854 0.7332646 0.5 0.6875 0.5 0.6875 0.65625 0.84375 0.6104854 0.7332646 0.6104854 0.7332646 0.6104854 0.9542354 0.65625 0.84375 0.65625 0.84375 0.6104854 0.7332646 0.65625 0.84375 0.6104854 0.7332646 0.5 0.6875 0.6104854 0.7332646 0.5 0.6875 0.5 0.6875 0.3895146 0.7332646 0.3895146 0.7332646 0.3895146 0.7332646 0.34375 0.84375 0.34375 0.84375 0.34375 0.84375 0.3895146 0.9542354 0.3895146 0.9542354 0.3895146 0.9542354 0.5 1 0.5 1 0.6104854 0.9542354 0.5 1 0.6104854 0.9542354 0.65625 0.84375 0.6104854 0.9542354 0.65625 0.84375 0.6104854 0.7332646 0.65625 0.84375 0.6104854 0.7332646 0.5 0.6875 0.6104854 0.7332646 0.5 0.6875 0.5 0.6875 0.3895146 0.7332646 0.3895146 0.7332646 0.3895146 0.7332646 0.34375 0.84375 0.34375 0.84375 0.34375 0.84375 0.3895146 0.9542354 0.3895146 0.9542354 0.3895146 0.9542354 0.5 1 0.5 1 0.6104854 0.9542354 0.5 1 0.6104854 0.9542354 0.65625 0.84375 0.6104854 0.9542354 0.65625 0.84375 0.6104854 0.7332646 0.65625 0.84375 0.6104854 0.7332646 0.5 0.6875 0.6104854 0.7332646 0.5 0.6875 0.5 0.6875 0.3895146 0.7332646 0.3895146 0.7332646 0.3895146 0.7332646 0.34375 0.84375 0.34375 0.84375 0.34375 0.84375 0.3895146 0.9542354 0.3895146 0.9542354 0.3895146 0.9542354 0.5 1 0.5 1 0.6104854 0.9542354 0.5 1 0.6104854 0.9542354 0.65625 0.84375 0.6104854 0.9542354 0.65625 0.84375 0.6104854 0.9542354 0.3895146 0.9542354 0.3895146 0.7332646 0.375 0.3125 0.40625 0.6884399 0.375 0.6884399 0.4375 0.3125 0.40625 0.6884399 0.40625 0.3125 0.4375 0.3125 0.46875 0.6884399 0.4375 0.6884399 0.5 0.3125 0.46875 0.6884399 0.46875 0.3125 0.53125 0.3125 0.5 0.6884399 0.5 0.3125 0.53125 0.3125 0.5625 0.6884399 0.53125 0.6884399 0.59375 0.3125 0.5625 0.6884399 0.5625 0.3125 0.625 0.3125 0.59375 0.6884399 0.59375 0.3125 0.3895146 0.2667354 0.3895146 0.04576456 0.6104854 0.04576456 0.5 0.6875 0.6104854 0.7332646 0.65625 0.84375 0.5 1 0.6104854 0.9542354 0.6104854 0.9542354 0.5 1 0.3895146 0.9542354 0.5 1 0.3895146 0.9542354 0.34375 0.84375 0.3895146 0.9542354 0.34375 0.84375 0.3895146 0.7332646 0.34375 0.84375 0.3895146 0.7332646 0.5 0.6875 0.3895146 0.7332646 0.6104854 0.7332646 0.5 0.6875 0.5 0.6875 0.65625 0.84375 0.6104854 0.7332646 0.6104854 0.7332646 0.6104854 0.9542354 0.65625 0.84375 0.65625 0.84375 0.6104854 0.9542354 0.5 1 0.6104854 0.9542354 0.3895146 0.9542354 0.5 1 0.5 1 0.34375 0.84375 0.3895146 0.9542354 0.3895146 0.9542354 0.3895146 0.7332646 0.34375 0.84375 0.34375 0.84375 0.5 0.6875 0.3895146 0.7332646 0.3895146 0.7332646 0.5 0.6875 0.6104854 0.7332646 0.5 0.6875 0.6104854 0.7332646 0.65625 0.84375 0.6104854 0.7332646 0.65625 0.84375 0.6104854 0.9542354 0.65625 0.84375 0.6104854 0.9542354 0.5 1 0.6104854 0.9542354 0.3895146 0.9542354 0.5 1 0.5 1 0.34375 0.84375 0.3895146 0.9542354 0.3895146 0.9542354 0.3895146 0.7332646 0.34375 0.84375 0.34375 0.84375 0.3895146 0.7332646 0.5 0.6875 0.3895146 0.7332646 0.6104854 0.7332646 0.5 0.6875 0.5 0.6875 0.65625 0.84375 0.6104854 0.7332646 0.6104854 0.7332646 0.6104854 0.9542354 0.65625 0.84375 0.65625 0.84375 0.65625 0.84375 0.6104854 0.7332646 0.6104854 0.7332646 0.6104854 0.7332646 0.5 0.6875 0.5 0.6875 0.3895146 0.7332646 0.5 0.6875 0.3895146 0.7332646 0.34375 0.84375 0.3895146 0.7332646 0.34375 0.84375 0.3895146 0.9542354 0.34375 0.84375 0.3895146 0.9542354 0.5 1 0.3895146 0.9542354 0.5 1 0.5 1 0.6104854 0.9542354 0.6104854 0.9542354 0.6104854 0.9542354 0.65625 0.84375 0.65625 0.84375 0.375 0.3125 0.40625 0.6884399 0.375 0.6884399 0.4375 0.3125 0.40625 0.6884399 0.40625 0.3125 0.4375 0.3125 0.46875 0.6884399 0.4375 0.6884399 0.46875 0.3125 0.5 0.6884399 0.46875 0.6884399 0.5 0.3125 0.53125 0.6884399 0.5 0.6884399 0.5625 0.3125 0.53125 0.6884399 0.53125 0.3125 0.59375 0.3125 0.5625 0.6884399 0.5625 0.3125 0.625 0.3125 0.59375 0.6884399 0.59375 0.3125 0.5 0 0.65625 0.15625 0.34375 0.15625 0.65625 0.84375 0.5 1 0.34375 0.84375 0.5 1 0.6104854 0.9542354 0.6104854 0.9542354 0.5 1 0.3895146 0.9542354 0.5 1 0.3895146 0.9542354 0.34375 0.84375 0.3895146 0.9542354 0.34375 0.84375 0.3895146 0.7332646 0.34375 0.84375 0.3895146 0.7332646 0.5 0.6875 0.3895146 0.7332646 0.6104854 0.7332646 0.5 0.6875 0.5 0.6875 0.65625 0.84375 0.6104854 0.7332646 0.6104854 0.7332646 0.6104854 0.9542354 0.65625 0.84375 0.65625 0.84375 0.5 1 0.6104854 0.9542354 0.6104854 0.9542354 0.5 1 0.3895146 0.9542354 0.5 1 0.3895146 0.9542354 0.34375 0.84375 0.3895146 0.9542354 0.34375 0.84375 0.3895146 0.7332646 0.34375 0.84375 0.3895146 0.7332646 0.5 0.6875 0.3895146 0.7332646 0.6104854 0.7332646 0.5 0.6875 0.5 0.6875 0.65625 0.84375 0.6104854 0.7332646 0.6104854 0.7332646 0.6104854 0.9542354 0.65625 0.84375 0.65625 0.84375 0.6104854 0.9542354 0.5 1 0.6104854 0.9542354 0.5 1 0.3895146 0.9542354 0.5 1 0.3895146 0.9542354 0.34375 0.84375 0.3895146 0.9542354 0.3895146 0.7332646 0.34375 0.84375 0.34375 0.84375 0.5 0.6875 0.3895146 0.7332646 0.3895146 0.7332646 0.5 0.6875 0.6104854 0.7332646 0.5 0.6875 0.6104854 0.7332646 0.65625 0.84375 0.6104854 0.7332646 0.6104854 0.9542354 0.65625 0.84375 0.65625 0.84375 0.6104854 0.7332646 0.65625 0.84375 0.6104854 0.7332646 0.5 0.6875 0.6104854 0.7332646 0.5 0.6875 0.5 0.6875 0.3895146 0.7332646 0.3895146 0.7332646 0.3895146 0.7332646 0.34375 0.84375 0.34375 0.84375 0.34375 0.84375 0.3895146 0.9542354 0.3895146 0.9542354 0.3895146 0.9542354 0.5 1 0.5 1 0.6104854 0.9542354 0.5 1 0.6104854 0.9542354 0.65625 0.84375 0.6104854 0.9542354 0.65625 0.84375 0.6104854 0.7332646 0.5 0.6875 0.5 0.6875 0.3895146 0.7332646 0.5 0.6875 0.3895146 0.7332646 0.34375 0.84375 0.3895146 0.7332646 0.34375 0.84375 0.3895146 0.9542354 0.34375 0.84375 0.3895146 0.9542354 0.5 1 0.3895146 0.9542354 0.5 1 0.5 1 0.6104854 0.9542354 0.6104854 0.9542354 0.6104854 0.9542354 0.65625 0.84375 0.65625 0.84375 0.65625 0.84375 0.6104854 0.7332646 0.6104854 0.7332646 0.6104854 0.7332646 0.65625 0.84375 0.6104854 0.7332646 0.5 0.6875 0.6104854 0.7332646 0.5 0.6875 0.5 0.6875 0.3895146 0.7332646 0.3895146 0.7332646 0.3895146 0.7332646 0.34375 0.84375 0.34375 0.84375 0.34375 0.84375 0.3895146 0.9542354 0.3895146 0.9542354 0.5 1 0.3895146 0.9542354 0.5 1 0.5 1 0.6104854 0.9542354 0.6104854 0.9542354 0.65625 0.84375 0.6104854 0.9542354 0.65625 0.84375 0.40625 0.3125 0.375 0.6884399 0.375 0.3125 0.40625 0.3125 0.4375 0.6884399 0.40625 0.6884399 0.4375 0.3125 0.46875 0.6884399 0.4375 0.6884399 0.5 0.3125 0.46875 0.6884399 0.46875 0.3125 0.53125 0.3125 0.5 0.6884399 0.5 0.3125 0.5625 0.3125 0.53125 0.6884399 0.53125 0.3125 0.5625 0.3125 0.59375 0.6884399 0.5625 0.6884399 0.625 0.3125 0.59375 0.6884399 0.59375 0.3125 0.3895146 0.04576456 0.5 0 0.5 0.3125 0.5 1 0.6104854 0.9542354 0.6104854 0.9542354 0.5 1 0.3895146 0.9542354 0.5 1 0.3895146 0.9542354 0.34375 0.84375 0.3895146 0.9542354 0.34375 0.84375 0.3895146 0.7332646 0.34375 0.84375 0.3895146 0.7332646 0.5 0.6875 0.3895146 0.7332646 0.6104854 0.7332646 0.5 0.6875 0.5 0.6875 0.65625 0.84375 0.6104854 0.7332646 0.6104854 0.7332646 0.6104854 0.9542354 0.65625 0.84375 0.65625 0.84375 0.5 1 0.6104854 0.9542354 0.6104854 0.9542354 0.5 1 0.3895146 0.9542354 0.5 1 0.3895146 0.9542354 0.34375 0.84375 0.3895146 0.9542354 0.34375 0.84375 0.3895146 0.7332646 0.34375 0.84375 0.3895146 0.7332646 0.5 0.6875 0.3895146 0.7332646 0.6104854 0.7332646 0.5 0.6875 0.5 0.6875 0.65625 0.84375 0.6104854 0.7332646 0.6104854 0.7332646 0.6104854 0.9542354 0.65625 0.84375 0.65625 0.84375 0.6104854 0.7332646 0.65625 0.84375 0.6104854 0.7332646 0.5 0.6875 0.6104854 0.7332646 0.5 0.6875 0.5 0.6875 0.3895146 0.7332646 0.3895146 0.7332646 0.3895146 0.7332646 0.34375 0.84375 0.34375 0.84375 0.34375 0.84375 0.3895146 0.9542354 0.3895146 0.9542354 0.3895146 0.9542354 0.5 1 0.5 1 0.6104854 0.9542354 0.5 1 0.6104854 0.9542354 0.65625 0.84375 0.6104854 0.9542354 0.65625 0.84375 0.6104854 0.7332646 0.65625 0.84375 0.6104854 0.7332646 0.5 0.6875 0.6104854 0.7332646 0.5 0.6875 0.5 0.6875 0.3895146 0.7332646 0.3895146 0.7332646 0.3895146 0.7332646 0.34375 0.84375 0.34375 0.84375 0.34375 0.84375 0.3895146 0.9542354 0.3895146 0.9542354 0.3895146 0.9542354 0.5 1 0.5 1 0.6104854 0.9542354 0.5 1 0.6104854 0.9542354 0.65625 0.84375 0.6104854 0.9542354 0.65625 0.84375 0.6104854 0.7332646 0.65625 0.84375 0.6104854 0.7332646 0.5 0.6875 0.6104854 0.7332646 0.5 0.6875 0.5 0.6875 0.3895146 0.7332646 0.3895146 0.7332646 0.3895146 0.7332646 0.34375 0.84375 0.34375 0.84375 0.34375 0.84375 0.3895146 0.9542354 0.3895146 0.9542354 0.3895146 0.9542354 0.5 1 0.5 1 0.6104854 0.9542354 0.5 1 0.6104854 0.9542354 0.65625 0.84375 0.6104854 0.9542354 0.65625 0.84375 0.6104854 0.7332646 0.65625 0.84375 0.6104854 0.9542354 0.40625 0.3125 0.375 0.6884399 0.375 0.3125 0.40625 0.3125 0.4375 0.6884399 0.40625 0.6884399 0.46875 0.3125 0.4375 0.6884399 0.4375 0.3125 0.46875 0.3125 0.5 0.6884399 0.46875 0.6884399 0.53125 0.3125 0.5 0.6884399 0.5 0.3125 0.53125 0.3125 0.5625 0.6884399 0.53125 0.6884399 0.59375 0.3125 0.5625 0.6884399 0.5625 0.3125 0.59375 0.3125 0.625 0.6884399 0.59375 0.6884399 0.3895146 0.04576456 0.5 0 0.5 0.3125 0.5 1 0.34375 0.84375 0.5 0.6875 0.5 1 0.6104854 0.9542354 0.6104854 0.9542354 0.5 1 0.3895146 0.9542354 0.5 1 0.3895146 0.9542354 0.34375 0.84375 0.3895146 0.9542354 0.34375 0.84375 0.3895146 0.7332646 0.34375 0.84375 0.3895146 0.7332646 0.5 0.6875 0.3895146 0.7332646 0.6104854 0.7332646 0.5 0.6875 0.5 0.6875 0.65625 0.84375 0.6104854 0.7332646 0.6104854 0.7332646 0.6104854 0.9542354 0.65625 0.84375 0.65625 0.84375 0.5 1 0.6104854 0.9542354 0.6104854 0.9542354 0.5 1 0.3895146 0.9542354 0.5 1 0.3895146 0.9542354 0.34375 0.84375 0.3895146 0.9542354 0.34375 0.84375 0.3895146 0.7332646 0.34375 0.84375 0.3895146 0.7332646 0.5 0.6875 0.3895146 0.7332646 0.6104854 0.7332646 0.5 0.6875 0.5 0.6875 0.65625 0.84375 0.6104854 0.7332646 0.6104854 0.7332646 0.6104854 0.9542354 0.65625 0.84375 0.65625 0.84375 0.5 1 0.6104854 0.9542354 0.6104854 0.9542354 0.5 1 0.3895146 0.9542354 0.5 1 0.34375 0.84375 0.3895146 0.9542354 0.3895146 0.9542354 0.34375 0.84375 0.3895146 0.7332646 0.34375 0.84375 0.5 0.6875 0.3895146 0.7332646 0.3895146 0.7332646 0.5 0.6875 0.6104854 0.7332646 0.5 0.6875 0.65625 0.84375 0.6104854 0.7332646 0.6104854 0.7332646 0.65625 0.84375 0.6104854 0.9542354 0.65625 0.84375 0.65625 0.84375 0.6104854 0.7332646 0.6104854 0.7332646 0.6104854 0.7332646 0.5 0.6875 0.5 0.6875 0.3895146 0.7332646 0.5 0.6875 0.3895146 0.7332646 0.34375 0.84375 0.3895146 0.7332646 0.34375 0.84375 0.3895146 0.9542354 0.34375 0.84375 0.3895146 0.9542354 0.5 1 0.3895146 0.9542354 0.5 1 0.5 1 0.6104854 0.9542354 0.6104854 0.9542354 0.6104854 0.9542354 0.65625 0.84375 0.65625 0.84375 0.40625 0.3125 0.375 0.6884399 0.375 0.3125 0.40625 0.3125 0.4375 0.6884399 0.40625 0.6884399 0.46875 0.3125 0.4375 0.6884399 0.4375 0.3125 0.5 0.3125 0.46875 0.6884399 0.46875 0.3125 0.5 0.3125 0.53125 0.6884399 0.5 0.6884399 0.53125 0.3125 0.5625 0.6884399 0.53125 0.6884399 0.59375 0.3125 0.5625 0.6884399 0.5625 0.3125 0.59375 0.3125 0.625 0.6884399 0.59375 0.6884399 0.34375 0.15625 0.3895146 0.04576456 0.5 0 0.6104854 0.7332646 0.65625 0.84375 0.34375 0.84375 0.6104854 0.9542354 0.5 1 0.6104854 0.9542354 0.3895146 0.9542354 0.5 1 0.5 1 0.34375 0.84375 0.3895146 0.9542354 0.3895146 0.9542354 0.3895146 0.7332646 0.34375 0.84375 0.34375 0.84375 0.5 0.6875 0.3895146 0.7332646 0.3895146 0.7332646 0.5 0.6875 0.6104854 0.7332646 0.5 0.6875 0.6104854 0.7332646 0.65625 0.84375 0.6104854 0.7332646 0.65625 0.84375 0.6104854 0.9542354 0.65625 0.84375 0.5 1 0.6104854 0.9542354 0.6104854 0.9542354 0.5 1 0.3895146 0.9542354 0.5 1 0.3895146 0.9542354 0.34375 0.84375 0.3895146 0.9542354 0.34375 0.84375 0.3895146 0.7332646 0.34375 0.84375 0.3895146 0.7332646 0.5 0.6875 0.3895146 0.7332646 0.6104854 0.7332646 0.5 0.6875 0.5 0.6875 0.65625 0.84375 0.6104854 0.7332646 0.6104854 0.7332646 0.6104854 0.9542354 0.65625 0.84375 0.65625 0.84375 0.5 1 0.6104854 0.9542354 0.6104854 0.9542354 0.5 1 0.3895146 0.9542354 0.5 1 0.3895146 0.9542354 0.34375 0.84375 0.3895146 0.9542354 0.34375 0.84375 0.3895146 0.7332646 0.34375 0.84375 0.3895146 0.7332646 0.5 0.6875 0.3895146 0.7332646 0.6104854 0.7332646 0.5 0.6875 0.5 0.6875 0.65625 0.84375 0.6104854 0.7332646 0.6104854 0.7332646 0.6104854 0.9542354 0.65625 0.84375 0.65625 0.84375 0.65625 0.84375 0.6104854 0.7332646 0.6104854 0.7332646 0.6104854 0.7332646 0.5 0.6875 0.5 0.6875 0.3895146 0.7332646 0.5 0.6875 0.3895146 0.7332646 0.34375 0.84375 0.3895146 0.7332646 0.34375 0.84375 0.3895146 0.9542354 0.34375 0.84375 0.3895146 0.9542354 0.5 1 0.3895146 0.9542354 0.5 1 0.5 1 0.6104854 0.9542354 0.6104854 0.9542354 0.6104854 0.9542354 0.65625 0.84375 0.65625 0.84375 0.6104854 0.7332646 0.65625 0.84375 0.6104854 0.7332646 0.5 0.6875 0.6104854 0.7332646 0.5 0.6875 0.5 0.6875 0.3895146 0.7332646 0.3895146 0.7332646 0.3895146 0.7332646 0.34375 0.84375 0.34375 0.84375 0.34375 0.84375 0.3895146 0.9542354 0.3895146 0.9542354 0.3895146 0.9542354 0.5 1 0.5 1 0.6104854 0.9542354 0.5 1 0.6104854 0.9542354 0.65625 0.84375 0.6104854 0.9542354 0.65625 0.84375 0.5 0.6875 0.6104854 0.7332646 0.5 0.6875 0.5 0.6875 0.3895146 0.7332646 0.3895146 0.7332646 0.3895146 0.7332646 0.34375 0.84375 0.34375 0.84375 0.34375 0.84375 0.3895146 0.9542354 0.3895146 0.9542354 0.3895146 0.9542354 0.5 1 0.5 1 0.6104854 0.9542354 0.5 1 0.6104854 0.9542354 0.65625 0.84375 0.6104854 0.9542354 0.65625 0.84375 0.6104854 0.7332646 0.65625 0.84375 0.6104854 0.7332646 0.40625 0.3125 0.375 0.6884399 0.375 0.3125 0.40625 0.3125 0.4375 0.6884399 0.40625 0.6884399 0.4375 0.3125 0.46875 0.6884399 0.4375 0.6884399 0.5 0.3125 0.46875 0.6884399 0.46875 0.3125 0.5 0.3125 0.53125 0.6884399 0.5 0.6884399 0.5625 0.3125 0.53125 0.6884399 0.53125 0.3125 0.5625 0.3125 0.59375 0.6884399 0.5625 0.6884399 0.625 0.3125 0.59375 0.6884399 0.59375 0.3125 0.5 0 0.65625 0.15625 0.34375 0.15625 0.6104854 0.9542354 0.5 1 0.6104854 0.9542354 0.3895146 0.9542354 0.5 1 0.5 1 0.34375 0.84375 0.3895146 0.9542354 0.3895146 0.9542354 0.3895146 0.7332646 0.34375 0.84375 0.34375 0.84375 0.5 0.6875 0.3895146 0.7332646 0.3895146 0.7332646 0.5 0.6875 0.6104854 0.7332646 0.5 0.6875 0.6104854 0.7332646 0.65625 0.84375 0.6104854 0.7332646 0.65625 0.84375 0.6104854 0.9542354 0.65625 0.84375 0.5 1 0.6104854 0.9542354 0.6104854 0.9542354 0.5 1 0.3895146 0.9542354 0.5 1 0.3895146 0.9542354 0.34375 0.84375 0.3895146 0.9542354 0.34375 0.84375 0.3895146 0.7332646 0.34375 0.84375 0.3895146 0.7332646 0.5 0.6875 0.3895146 0.7332646 0.6104854 0.7332646 0.5 0.6875 0.5 0.6875 0.65625 0.84375 0.6104854 0.7332646 0.6104854 0.7332646 0.6104854 0.9542354 0.65625 0.84375 0.65625 0.84375 0.65625 0.84375 0.6104854 0.7332646 0.6104854 0.7332646 0.6104854 0.7332646 0.5 0.6875 0.5 0.6875 0.3895146 0.7332646 0.5 0.6875 0.3895146 0.7332646 0.34375 0.84375 0.3895146 0.7332646 0.34375 0.84375 0.3895146 0.9542354 0.34375 0.84375 0.3895146 0.9542354 0.5 1 0.3895146 0.9542354 0.5 1 0.5 1 0.6104854 0.9542354 0.6104854 0.9542354 0.6104854 0.9542354 0.65625 0.84375 0.65625 0.84375 0.6104854 0.7332646 0.65625 0.84375 0.6104854 0.7332646 0.5 0.6875 0.6104854 0.7332646 0.5 0.6875 0.5 0.6875 0.3895146 0.7332646 0.3895146 0.7332646 0.3895146 0.7332646 0.34375 0.84375 0.34375 0.84375 0.34375 0.84375 0.3895146 0.9542354 0.3895146 0.9542354 0.3895146 0.9542354 0.5 1 0.5 1 0.6104854 0.9542354 0.5 1 0.6104854 0.9542354 0.65625 0.84375 0.6104854 0.9542354 0.65625 0.84375 0.6104854 0.7332646 0.65625 0.84375 0.6104854 0.7332646 0.5 0.6875 0.6104854 0.7332646 0.5 0.6875 0.5 0.6875 0.3895146 0.7332646 0.3895146 0.7332646 0.3895146 0.7332646 0.34375 0.84375 0.34375 0.84375 0.34375 0.84375 0.3895146 0.9542354 0.3895146 0.9542354 0.3895146 0.9542354 0.5 1 0.5 1 0.6104854 0.9542354 0.5 1 0.6104854 0.9542354 0.65625 0.84375 0.6104854 0.9542354 0.65625 0.84375 0.6104854 0.9542354 0.3895146 0.9542354 0.3895146 0.7332646 0.5 0.3125 0.46875 0.3125 0.46875 0.3125 0.46875 0.6884399 0.46875 0.3125 0.46875 0.6884399 0.5 0.3125 0.53125 0.3125 0.5 0.3125 0.53125 0.6884399 0.53125 0.3125 0.53125 0.3125 0.34375 0.84375 0.34375 0.84375 0.34375 0.84375 0.5 0.6875 0.5 0.6875 0.5 0.6875 0.34375 0.84375 0.34375 0.84375 0.34375 0.84375 0.5 0.6875 0.5 0.6875 0.5 0.6875 0.5 0.6875 0.5 0.6875 0.5 0.6875 0.34375 0.84375 0.34375 0.84375 0.34375 0.84375 0.5 0.6875 0.5 0.6875 0.5 0.6875 0.3895146 0.7332646 0.5 0.6875 0.5 0.6875 0.3895146 0.7332646 0.34375 0.84375 0.3895146 0.7332646 0.34375 0.84375 0.34375 0.84375 0.34375 0.84375 0.5 0.6875 0.5 0.6875 0.5 0.6875 0.34375 0.84375 0.34375 0.84375 0.34375 0.84375 0.5 0.6875 0.3895146 0.7332646 0.3895146 0.7332646 0.3895146 0.7332646 0.3895146 0.7332646 0.3895146 0.7332646 0.6104854 0.7332646 0.5 0.6875 0.5 0.6875 0.6104854 0.7332646 0.65625 0.84375 0.6104854 0.7332646 0.65625 0.84375 0.65625 0.84375 0.65625 0.84375 0.3895146 0.7332646 0.3895146 0.7332646 0.3895146 0.7332646 0.65625 0.84375 0.65625 0.84375 0.65625 0.84375 0.65625 0.84375 0.65625 0.84375 0.65625 0.84375 0.3895146 0.7332646 0.3895146 0.7332646 0.3895146 0.7332646 0.65625 0.84375 0.65625 0.84375 0.65625 0.84375 0.6104854 0.7332646 0.65625 0.84375 0.65625 0.84375 0.5 0.6875 0.6104854 0.7332646 0.6104854 0.7332646 0.5 0.6875 0.3895146 0.7332646 0.5 0.6875 0.3895146 0.7332646 0.3895146 0.7332646 0.3895146 0.7332646 0.65625 0.84375 0.65625 0.84375 0.65625 0.84375 0.3895146 0.7332646 0.3895146 0.7332646 0.3895146 0.7332646 0.6104854 0.7332646 0.5 0.6875 0.5 0.6875 0.5 0.6875 0.5 0.6875 0.5 0.6875 0.6104854 0.7332646 0.65625 0.84375 0.6104854 0.7332646 0.65625 0.84375 0.65625 0.84375 0.65625 0.84375 0.6104854 0.7332646 0.5 0.6875 0.6104854 0.7332646 0.5 0.6875 0.5 0.6875 0.5 0.6875 0.65625 0.84375 0.65625 0.84375 0.65625 0.84375 0.6104854 0.7332646 0.65625 0.84375 0.65625 0.84375 0.5 0.6875 0.3895146 0.7332646 0.3895146 0.7332646 0.3895146 0.7332646 0.3895146 0.7332646 0.3895146 0.7332646 0.5 0.6875 0.6104854 0.7332646 0.5 0.6875 0.6104854 0.7332646 0.6104854 0.7332646 0.6104854 0.7332646 0.3895146 0.7332646 0.3895146 0.7332646 0.3895146 0.7332646 0.6104854 0.7332646 0.6104854 0.7332646 0.6104854 0.7332646 0.6104854 0.7332646 0.6104854 0.7332646 0.6104854 0.7332646 0.5 0.6875 0.6104854 0.7332646 0.6104854 0.7332646 0.5 0.6875 0.3895146 0.7332646 0.5 0.6875 0.3895146 0.7332646 0.3895146 0.7332646 0.3895146 0.7332646 0.6104854 0.7332646 0.6104854 0.7332646 0.6104854 0.7332646 0.3895146 0.7332646 0.3895146 0.7332646 0.3895146 0.7332646 0.5 0.6875 0.3895146 0.7332646 0.3895146 0.7332646 0.3895146 0.7332646 0.3895146 0.7332646 0.3895146 0.7332646 0.5 0.6875 0.6104854 0.7332646 0.5 0.6875 0.6104854 0.7332646 0.6104854 0.7332646 0.6104854 0.7332646 0.3895146 0.7332646 0.3895146 0.7332646 0.3895146 0.7332646 0.6104854 0.7332646 0.6104854 0.7332646 0.6104854 0.7332646 0.5 0.6875 0.3895146 0.7332646 0.5 0.6875 0.3895146 0.7332646 0.3895146 0.7332646 0.3895146 0.7332646 0.6104854 0.7332646 0.6104854 0.7332646 0.6104854 0.7332646 0.5 0.6875 0.6104854 0.7332646 0.6104854 0.7332646 0.6104854 0.7332646 0.6104854 0.7332646 0.6104854 0.7332646 0.3895146 0.7332646 0.3895146 0.7332646 0.3895146 0.7332646 0.6104854 0.7332646 0.6104854 0.7332646 0.6104854 0.7332646 0.3895146 0.7332646 0.3895146 0.7332646 0.3895146 0.7332646 0.6104854 0.7332646 0.6104854 0.7332646 0.6104854 0.7332646 0.3895146 0.7332646 0.3895146 0.7332646 0.3895146 0.7332646 0.53125 0.3125 0.53125 0.6884399 0.53125 0.6884399 0.59375 0.3125 0.59375 0.6884399 0.59375 0.3125 0.65625 0.15625 0.6104854 0.04576456 0.6104854 0.04576456 0.5 0.3125 0.3895146 0.2667354 0.5 0.3125 0.3895146 0.2667354 0.34375 0.15625 0.3895146 0.2667354 0.34375 0.15625 0.3895146 0.04576456 0.34375 0.15625 0.5 0 0.3895146 0.04576456 0.3895146 0.04576456 0.6104854 0.04576456 0.5 0 0.5 0 0.5 0.6875 0.5 0.6875 0.5 0.6875 0.65625 0.84375 0.65625 0.84375 0.65625 0.84375 0.5 0.6875 0.5 0.6875 0.5 0.6875 0.65625 0.84375 0.65625 0.84375 0.65625 0.84375 0.6104854 0.7332646 0.5 0.6875 0.6104854 0.7332646 0.5 0.6875 0.5 0.6875 0.5 0.6875 0.65625 0.84375 0.65625 0.84375 0.65625 0.84375 0.6104854 0.7332646 0.65625 0.84375 0.65625 0.84375 0.65625 0.84375 0.65625 0.84375 0.65625 0.84375 0.5 0.6875 0.5 0.6875 0.5 0.6875 0.5 0.3125 0.5 0.6884399 0.5 0.6884399 0.5625 0.3125 0.5625 0.6884399 0.5625 0.3125 0.6104854 0.04576456 0.65625 0.15625 0.6104854 0.04576456 0.6104854 0.2667354 0.65625 0.15625 0.65625 0.15625 0.3895146 0.2667354 0.34375 0.15625 0.3895146 0.2667354 0.3895146 0.04576456 0.34375 0.15625 0.34375 0.15625 0.5 0 0.3895146 0.04576456 0.3895146 0.04576456 0.5 0 0.6104854 0.04576456 0.5 0 0.6104854 0.9542354 0.5 1 0.6104854 0.9542354 0.3895146 0.9542354 0.5 1 0.5 1 0.3895146 0.9542354 0.34375 0.84375 0.3895146 0.9542354 0.34375 0.84375 0.3895146 0.7332646 0.34375 0.84375 0.65625 0.84375 0.6104854 0.7332646 0.6104854 0.7332646 0.6104854 0.9542354 0.65625 0.84375 0.65625 0.84375 0.3895146 0.7332646 0.3895146 0.7332646 0.3895146 0.7332646 0.6104854 0.7332646 0.6104854 0.7332646 0.6104854 0.7332646 0.3895146 0.7332646 0.3895146 0.7332646 0.3895146 0.7332646 0.6104854 0.7332646 0.6104854 0.7332646 0.6104854 0.7332646 0.3895146 0.7332646 0.3895146 0.7332646 0.3895146 0.7332646 0.6104854 0.7332646 0.6104854 0.7332646 0.6104854 0.7332646 0.6104854 0.7332646 0.6104854 0.7332646 0.6104854 0.7332646 0.3895146 0.7332646 0.3895146 0.7332646 0.3895146 0.7332646 0.6104854 0.7332646 0.6104854 0.7332646 0.6104854 0.7332646 0.3895146 0.7332646 0.3895146 0.7332646 0.3895146 0.7332646 0.6104854 0.7332646 0.6104854 0.7332646 0.6104854 0.7332646 0.3895146 0.7332646 0.3895146 0.7332646 0.3895146 0.7332646 0.53125 0.3125 0.5 0.3125 0.5 0.3125 0.53125 0.6884399 0.53125 0.3125 0.53125 0.3125 0.5 0.6884399 0.53125 0.6884399 0.53125 0.6884399 0.5 0.3125 0.5 0.6884399 0.5 0.6884399 0.375 0.3125 0.375 0.6884399 0.375 0.6884399 0.4375 0.6884399 0.4375 0.3125 0.4375 0.3125 0.65625 0.15625 0.6104854 0.04576456 0.6104854 0.04576456 0.6104854 0.2667354 0.65625 0.15625 0.65625 0.15625 0.5 0.3125 0.6104854 0.2667354 0.6104854 0.2667354 0.3895146 0.2667354 0.5 0.3125 0.5 0.3125 0.34375 0.15625 0.3895146 0.2667354 0.3895146 0.2667354 0.3895146 0.04576456 0.34375 0.15625 0.34375 0.15625 0.34375 0.84375 0.3895146 0.9542354 0.3895146 0.9542354 0.3895146 0.7332646 0.34375 0.84375 0.34375 0.84375 0.5 0.6875 0.3895146 0.7332646 0.3895146 0.7332646 0.6104854 0.7332646 0.5 0.6875 0.5 0.6875 0.65625 0.84375 0.6104854 0.7332646 0.6104854 0.7332646 0.6104854 0.9542354 0.65625 0.84375 0.65625 0.84375 0.6104854 0.9542354 0.6104854 0.9542354 0.6104854 0.9542354 0.3895146 0.9542354 0.3895146 0.9542354 0.3895146 0.9542354 0.6104854 0.9542354 0.6104854 0.9542354 0.6104854 0.9542354 0.3895146 0.9542354 0.3895146 0.9542354 0.3895146 0.9542354 0.3895146 0.9542354 0.3895146 0.9542354 0.3895146 0.9542354 0.6104854 0.9542354 0.6104854 0.9542354 0.6104854 0.9542354 0.3895146 0.9542354 0.3895146 0.9542354 0.3895146 0.9542354 0.6104854 0.9542354 0.6104854 0.9542354 0.6104854 0.9542354 0.375 0.3125 0.375 0.6884399 0.375 0.6884399 0.4375 0.3125 0.4375 0.6884399 0.4375 0.3125 0.6104854 0.04576456 0.65625 0.15625 0.6104854 0.04576456 0.6104854 0.2667354 0.65625 0.15625 0.65625 0.15625 0.5 0.3125 0.6104854 0.2667354 0.6104854 0.2667354 0.5 0.3125 0.3895146 0.2667354 0.5 0.3125 0.3895146 0.2667354 0.34375 0.15625 0.3895146 0.2667354 0.3895146 0.04576456 0.34375 0.15625 0.34375 0.15625 0.6104854 0.9542354 0.6104854 0.9542354 0.6104854 0.9542354 0.3895146 0.9542354 0.3895146 0.9542354 0.3895146 0.9542354 0.6104854 0.9542354 0.6104854 0.9542354 0.6104854 0.9542354 0.3895146 0.9542354 0.3895146 0.9542354 0.3895146 0.9542354 0.3895146 0.9542354 0.3895146 0.9542354 0.3895146 0.9542354 0.5 1 0.3895146 0.9542354 0.3895146 0.9542354 0.5 1 0.6104854 0.9542354 0.5 1 0.6104854 0.9542354 0.6104854 0.9542354 0.6104854 0.9542354 0.3895146 0.9542354 0.3895146 0.9542354 0.3895146 0.9542354 0.6104854 0.9542354 0.6104854 0.9542354 0.6104854 0.9542354 0.5 0.3125 0.5 0.6884399 0.5 0.6884399 0.5625 0.3125 0.5625 0.6884399 0.5625 0.3125 0.65625 0.15625 0.6104854 0.04576456 0.6104854 0.04576456 0.6104854 0.2667354 0.65625 0.15625 0.65625 0.15625 0.3895146 0.2667354 0.34375 0.15625 0.3895146 0.2667354 0.3895146 0.04576456 0.34375 0.15625 0.34375 0.15625 0.5 0 0.3895146 0.04576456 0.3895146 0.04576456 0.6104854 0.04576456 0.5 0 0.5 0 0.3895146 0.7332646 0.3895146 0.7332646 0.3895146 0.7332646 0.6104854 0.7332646 0.6104854 0.7332646 0.6104854 0.7332646 0.3895146 0.7332646 0.3895146 0.7332646 0.3895146 0.7332646 0.6104854 0.7332646 0.6104854 0.7332646 0.6104854 0.7332646 0.6104854 0.7332646 0.6104854 0.7332646 0.6104854 0.7332646 0.3895146 0.7332646 0.3895146 0.7332646 0.3895146 0.7332646 0.6104854 0.7332646 0.6104854 0.7332646 0.6104854 0.7332646 0.5 0.6875 0.6104854 0.7332646 0.6104854 0.7332646 0.5 0.6875 0.3895146 0.7332646 0.5 0.6875 0.3895146 0.7332646 0.3895146 0.7332646 0.3895146 0.7332646 0.6104854 0.7332646 0.6104854 0.7332646 0.6104854 0.7332646 0.3895146 0.7332646 0.3895146 0.7332646 0.3895146 0.7332646 0.40625 0.3125 0.40625 0.6884399 0.40625 0.6884399 0.46875 0.3125 0.46875 0.6884399 0.46875 0.3125 0.65625 0.15625 0.6104854 0.04576456 0.6104854 0.04576456 0.6104854 0.2667354 0.65625 0.15625 0.65625 0.15625 0.5 0.3125 0.6104854 0.2667354 0.6104854 0.2667354 0.5 0.3125 0.3895146 0.2667354 0.5 0.3125 0.34375 0.15625 0.3895146 0.2667354 0.3895146 0.2667354 0.5 0 0.6104854 0.04576456 0.5 0 0.5 1 0.5 1 0.5 1 0.34375 0.84375 0.34375 0.84375 0.34375 0.84375 0.5 1 0.5 1 0.5 1 0.34375 0.84375 0.34375 0.84375 0.34375 0.84375 0.5 1 0.5 1 0.5 1 0.34375 0.84375 0.34375 0.84375 0.34375 0.84375 0.34375 0.84375 0.34375 0.84375 0.34375 0.84375 0.5 1 0.5 1 0.5 1 0.34375 0.84375 0.34375 0.84375 0.34375 0.84375 0.5 1 0.5 1 0.5 1 0.34375 0.84375 0.34375 0.84375 0.34375 0.84375 0.3895146 0.9542354 0.34375 0.84375 0.34375 0.84375 0.3895146 0.9542354 0.5 1 0.3895146 0.9542354 0.5 1 0.5 1 0.5 1 0.5 0.3125 0.5 0.6884399 0.5 0.6884399 0.5625 0.3125 0.5625 0.6884399 0.5625 0.3125 0.65625 0.15625 0.6104854 0.04576456 0.6104854 0.04576456 0.6104854 0.2667354 0.65625 0.15625 0.65625 0.15625 0.3895146 0.2667354 0.34375 0.15625 0.3895146 0.2667354 0.3895146 0.04576456 0.34375 0.15625 0.34375 0.15625 0.5 0 0.3895146 0.04576456 0.3895146 0.04576456 0.6104854 0.04576456 0.5 0 0.5 0 0.3895146 0.7332646 0.3895146 0.7332646 0.3895146 0.7332646 0.6104854 0.7332646 0.6104854 0.7332646 0.6104854 0.7332646 0.3895146 0.7332646 0.3895146 0.7332646 0.3895146 0.7332646 0.6104854 0.7332646 0.6104854 0.7332646 0.6104854 0.7332646 0.5 0.6875 0.3895146 0.7332646 0.5 0.6875 0.3895146 0.7332646 0.3895146 0.7332646 0.3895146 0.7332646 0.6104854 0.7332646 0.6104854 0.7332646 0.6104854 0.7332646 0.5 0.6875 0.6104854 0.7332646 0.6104854 0.7332646 0.6104854 0.7332646 0.6104854 0.7332646 0.6104854 0.7332646 0.3895146 0.7332646 0.3895146 0.7332646 0.3895146 0.7332646 0.4375 0.6884399 0.4375 0.3125 0.4375 0.3125 0.59375 0.3125 0.59375 0.6884399 0.59375 0.6884399 0.6104854 0.2667354 0.65625 0.15625 0.65625 0.15625 0.5 0.3125 0.6104854 0.2667354 0.6104854 0.2667354 0.3895146 0.2667354 0.5 0.3125 0.5 0.3125 0.34375 0.15625 0.3895146 0.2667354 0.3895146 0.2667354 0.3895146 0.04576456 0.34375 0.15625 0.34375 0.15625 0.3895146 0.9542354 0.3895146 0.9542354 0.3895146 0.9542354 0.65625 0.84375 0.65625 0.84375 0.65625 0.84375 0.3895146 0.9542354 0.3895146 0.9542354 0.3895146 0.9542354 0.65625 0.84375 0.65625 0.84375 0.65625 0.84375 0.3895146 0.9542354 0.3895146 0.9542354 0.3895146 0.9542354 0.65625 0.84375 0.65625 0.84375 0.65625 0.84375 0.3895146 0.9542354 0.3895146 0.9542354 0.3895146 0.9542354 0.65625 0.84375 0.65625 0.84375 0.65625 0.84375 0.3895146 0.9542354 0.3895146 0.9542354 0.3895146 0.9542354 0.65625 0.84375 0.65625 0.84375 0.65625 0.84375 0.3895146 0.9542354 0.3895146 0.9542354 0.3895146 0.9542354 0.5 1 0.3895146 0.9542354 0.3895146 0.9542354 0.5 1 0.6104854 0.9542354 0.5 1 0.65625 0.84375 0.6104854 0.9542354 0.6104854 0.9542354 0.65625 0.84375 0.65625 0.84375 0.65625 0.84375 0.375 0.3125 0.375 0.6884399 0.375 0.6884399 0.4375 0.3125 0.4375 0.6884399 0.4375 0.3125 0.6104854 0.04576456 0.65625 0.15625 0.6104854 0.04576456 0.65625 0.15625 0.6104854 0.2667354 0.65625 0.15625 0.6104854 0.2667354 0.5 0.3125 0.6104854 0.2667354 0.5 0.3125 0.3895146 0.2667354 0.5 0.3125 0.3895146 0.2667354 0.34375 0.15625 0.3895146 0.2667354 0.3895146 0.04576456 0.34375 0.15625 0.34375 0.15625 0.34375 0.84375 0.3895146 0.9542354 0.3895146 0.9542354 0.34375 0.84375 0.3895146 0.7332646 0.34375 0.84375 0.3895146 0.7332646 0.5 0.6875 0.3895146 0.7332646 0.6104854 0.7332646 0.5 0.6875 0.5 0.6875 0.65625 0.84375 0.6104854 0.7332646 0.6104854 0.7332646 0.65625 0.84375 0.6104854 0.9542354 0.65625 0.84375 0.6104854 0.9542354 0.6104854 0.9542354 0.6104854 0.9542354 0.3895146 0.9542354 0.3895146 0.9542354 0.3895146 0.9542354 0.6104854 0.9542354 0.6104854 0.9542354 0.6104854 0.9542354 0.3895146 0.9542354 0.3895146 0.9542354 0.3895146 0.9542354 0.6104854 0.9542354 0.6104854 0.9542354 0.6104854 0.9542354 0.3895146 0.9542354 0.3895146 0.9542354 0.3895146 0.9542354 0.3895146 0.9542354 0.3895146 0.9542354 0.3895146 0.9542354 0.6104854 0.9542354 0.6104854 0.9542354 0.6104854 0.9542354 0.3895146 0.9542354 0.3895146 0.9542354 0.3895146 0.9542354 0.6104854 0.9542354 0.6104854 0.9542354 0.6104854 0.9542354 0.3895146 0.9542354 0.3895146 0.9542354 0.3895146 0.9542354 0.6104854 0.9542354 0.6104854 0.9542354 0.6104854 0.9542354 0.3895146 0.9542354 0.3895146 0.9542354 0.3895146 0.9542354 0.6104854 0.9542354 0.6104854 0.9542354 0.6104854 0.9542354 0.6104854 0.7332646 0.65625 0.84375 0.6104854 0.7332646 0.65625 0.84375 0.65625 0.84375 0.65625 0.84375 0.6104854 0.7332646 0.65625 0.84375 0.65625 0.84375 0.6104854 0.7332646 0.5 0.6875 0.5 0.6875 0.6104854 0.7332646 0.5 0.6875 0.6104854 0.7332646 0.5 0.6875 0.5 0.6875 0.5 0.6875 0.5 1 0.3895146 0.9542354 0.5 1 0.3895146 0.9542354 0.3895146 0.9542354 0.3895146 0.9542354 0.5 1 0.3895146 0.9542354 0.3895146 0.9542354 0.5 1 0.6104854 0.9542354 0.6104854 0.9542354 0.5 1 0.6104854 0.9542354 0.5 1 0.6104854 0.9542354 0.6104854 0.9542354 0.6104854 0.9542354 0.5 0 0.6104854 0.04576456 0.5 0 0.5 0 0.3895146 0.04576456 0.3895146 0.04576456 0.3895146 0.04576456 0.34375 0.15625 0.34375 0.15625 0.34375 0.15625 0.3895146 0.2667354 0.3895146 0.2667354 0.3895146 0.2667354 0.5 0.3125 0.5 0.3125 0.6104854 0.2667354 0.5 0.3125 0.6104854 0.2667354 0.65625 0.15625 0.6104854 0.2667354 0.65625 0.15625 0.6104854 0.04576456 0.65625 0.15625 0.6104854 0.04576456 0.375 0.3125 0.40625 0.3125 0.40625 0.6884399 0.4375 0.3125 0.4375 0.6884399 0.40625 0.6884399 0.4375 0.3125 0.46875 0.3125 0.46875 0.6884399 0.5 0.3125 0.5 0.6884399 0.46875 0.6884399 0.5 0.3125 0.53125 0.3125 0.53125 0.6884399 0.5625 0.3125 0.5625 0.6884399 0.53125 0.6884399 0.5625 0.3125 0.59375 0.3125 0.59375 0.6884399 0.625 0.3125 0.625 0.6884399 0.59375 0.6884399 0.5 0 0.6104854 0.04576456 0.65625 0.15625 0.65625 0.15625 0.6104854 0.2667354 0.34375 0.15625 0.6104854 0.2667354 0.5 0.3125 0.3895146 0.2667354 0.34375 0.15625 0.6104854 0.2667354 0.3895146 0.2667354 0.34375 0.15625 0.3895146 0.04576456 0.5 0 0.65625 0.84375 0.6104854 0.9542354 0.5 1 0.5 1 0.3895146 0.9542354 0.65625 0.84375 0.3895146 0.9542354 0.34375 0.84375 0.65625 0.84375 0.34375 0.84375 0.3895146 0.7332646 0.5 0.6875 0.5 0.6875 0.6104854 0.7332646 0.65625 0.84375 0.5 1 0.5 1 0.6104854 0.9542354 0.5 1 0.3895146 0.9542354 0.3895146 0.9542354 0.3895146 0.9542354 0.34375 0.84375 0.34375 0.84375 0.34375 0.84375 0.3895146 0.7332646 0.3895146 0.7332646 0.3895146 0.7332646 0.5 0.6875 0.5 0.6875 0.6104854 0.7332646 0.6104854 0.7332646 0.5 0.6875 0.65625 0.84375 0.65625 0.84375 0.6104854 0.7332646 0.6104854 0.9542354 0.6104854 0.9542354 0.65625 0.84375 0.6104854 0.9542354 0.5 1 0.5 1 0.3895146 0.9542354 0.3895146 0.9542354 0.5 1 0.34375 0.84375 0.34375 0.84375 0.3895146 0.9542354 0.3895146 0.7332646 0.3895146 0.7332646 0.34375 0.84375 0.5 0.6875 0.5 0.6875 0.3895146 0.7332646 0.5 0.6875 0.6104854 0.7332646 0.6104854 0.7332646 0.6104854 0.7332646 0.65625 0.84375 0.65625 0.84375 0.65625 0.84375 0.6104854 0.9542354 0.6104854 0.9542354 0.6104854 0.9542354 0.5 1 0.5 1 0.3895146 0.9542354 0.3895146 0.9542354 0.5 1 0.3895146 0.9542354 0.34375 0.84375 0.34375 0.84375 0.3895146 0.7332646 0.3895146 0.7332646 0.34375 0.84375 0.5 0.6875 0.5 0.6875 0.3895146 0.7332646 0.5 0.6875 0.6104854 0.7332646 0.6104854 0.7332646 0.6104854 0.7332646 0.65625 0.84375 0.65625 0.84375 0.6104854 0.9542354 0.6104854 0.9542354 0.65625 0.84375 0.65625 0.84375 0.65625 0.84375 0.6104854 0.7332646 0.6104854 0.7332646 0.6104854 0.7332646 0.5 0.6875 0.3895146 0.7332646 0.5 0.6875 0.5 0.6875 0.34375 0.84375 0.3895146 0.7332646 0.3895146 0.7332646 0.3895146 0.9542354 0.34375 0.84375 0.34375 0.84375 0.5 1 0.3895146 0.9542354 0.3895146 0.9542354 0.5 1 0.5 1 0.6104854 0.9542354 0.6104854 0.9542354 0.6104854 0.9542354 0.65625 0.84375 0.375 0.3125 0.40625 0.3125 0.40625 0.4382487 0.4375 0.3125 0.4375 0.4382487 0.40625 0.4382487 0.46875 0.3125 0.46875 0.4382487 0.4375 0.4382487 0.5 0.3125 0.5 0.4382487 0.46875 0.4382487 0.5 0.3125 0.53125 0.3125 0.53125 0.4382487 0.53125 0.3125 0.5625 0.3125 0.5625 0.4382487 0.5625 0.3125 0.59375 0.3125 0.59375 0.4382487 0.59375 0.3125 0.625 0.3125 0.625 0.4382487 0.6104854 0.9542354 0.5 1 0.5 1 0.5 1 0.3895146 0.9542354 0.3895146 0.9542354 0.3895146 0.9542354 0.34375 0.84375 0.34375 0.84375 0.34375 0.84375 0.3895146 0.7332646 0.3895146 0.7332646 0.5 0.6875 0.5 0.6875 0.3895146 0.7332646 0.6104854 0.7332646 0.6104854 0.7332646 0.5 0.6875 0.65625 0.84375 0.65625 0.84375 0.6104854 0.7332646 0.6104854 0.9542354 0.6104854 0.9542354 0.65625 0.84375 0.59375 0.4382487 0.59375 0.5637217 0.5625 0.5637217 0.5625 0.4382487 0.5625 0.5637217 0.53125 0.5637217 0.5 0.4382487 0.53125 0.4382487 0.53125 0.5637217 0.46875 0.4382487 0.5 0.4382487 0.5 0.5637217 0.4375 0.4382487 0.46875 0.4382487 0.46875 0.5637217 0.40625 0.4382487 0.4375 0.4382487 0.4375 0.5637217 0.40625 0.4382487 0.40625 0.5637217 0.375 0.5637217 0.625 0.4382487 0.625 0.5637217 0.59375 0.5637217 0.5625 0.5637217 0.59375 0.5637217 0.59375 0.6884399 0.53125 0.5637217 0.5625 0.5637217 0.5625 0.6884399 0.5 0.5637217 0.53125 0.5637217 0.53125 0.6884399 0.5 0.5637217 0.5 0.6884399 0.46875 0.6884399 0.46875 0.5637217 0.46875 0.6884399 0.4375 0.6884399 0.4375 0.5637217 0.4375 0.6884399 0.40625 0.6884399 0.40625 0.5637217 0.40625 0.6884399 0.375 0.6884399 0.59375 0.5637217 0.625 0.5637217 0.625 0.6884399 0.3895146 0.7332646 0.3895146 0.7332646 0.34375 0.84375 0.34375 0.84375 0.34375 0.84375 0.3895146 0.9542354 0.3895146 0.9542354 0.3895146 0.9542354 0.5 1 0.6104854 0.9542354 0.5 1 0.5 1 0.65625 0.84375 0.6104854 0.9542354 0.6104854 0.9542354 0.6104854 0.7332646 0.65625 0.84375 0.65625 0.84375 0.5 0.6875 0.6104854 0.7332646 0.6104854 0.7332646 0.5 0.6875 0.5 0.6875 0.3895146 0.7332646 0.375 0.3125 0.40625 0.3125 0.40625 0.6884399 0.4375 0.3125 0.4375 0.6884399 0.40625 0.6884399 0.46875 0.3125 0.46875 0.6884399 0.4375 0.6884399 0.5 0.3125 0.5 0.6884399 0.46875 0.6884399 0.53125 0.3125 0.53125 0.6884399 0.5 0.6884399 0.53125 0.3125 0.5625 0.3125 0.5625 0.6884399 0.5625 0.3125 0.59375 0.3125 0.59375 0.6884399 0.59375 0.3125 0.625 0.3125 0.625 0.6884399 0.5 0 0.6104854 0.04576456 0.3895146 0.04576456 0.6104854 0.04576456 0.65625 0.15625 0.3895146 0.04576456 0.65625 0.15625 0.6104854 0.2667354 0.5 0.3125 0.5 0.3125 0.3895146 0.2667354 0.34375 0.15625 0.34375 0.15625 0.3895146 0.04576456 0.65625 0.15625 0.65625 0.84375 0.6104854 0.9542354 0.5 1 0.5 1 0.3895146 0.9542354 0.34375 0.84375 0.34375 0.84375 0.3895146 0.7332646 0.5 0.6875 0.5 0.6875 0.6104854 0.7332646 0.65625 0.84375 0.65625 0.84375 0.5 1 0.34375 0.84375 0.6104854 0.9542354 0.5 1 0.5 1 0.3895146 0.9542354 0.3895146 0.9542354 0.5 1 0.34375 0.84375 0.34375 0.84375 0.3895146 0.9542354 0.3895146 0.7332646 0.3895146 0.7332646 0.34375 0.84375 0.5 0.6875 0.5 0.6875 0.3895146 0.7332646 0.5 0.6875 0.6104854 0.7332646 0.6104854 0.7332646 0.6104854 0.7332646 0.65625 0.84375 0.65625 0.84375 0.65625 0.84375 0.6104854 0.9542354 0.6104854 0.9542354 0.5 1 0.5 1 0.6104854 0.9542354 0.5 1 0.3895146 0.9542354 0.3895146 0.9542354 0.3895146 0.9542354 0.34375 0.84375 0.34375 0.84375 0.34375 0.84375 0.3895146 0.7332646 0.3895146 0.7332646 0.3895146 0.7332646 0.5 0.6875 0.5 0.6875 0.6104854 0.7332646 0.6104854 0.7332646 0.5 0.6875 0.65625 0.84375 0.65625 0.84375 0.6104854 0.7332646 0.6104854 0.9542354 0.6104854 0.9542354 0.65625 0.84375 0.6104854 0.7332646 0.65625 0.84375 0.65625 0.84375 0.5 0.6875 0.6104854 0.7332646 0.6104854 0.7332646 0.5 0.6875 0.5 0.6875 0.3895146 0.7332646 0.3895146 0.7332646 0.3895146 0.7332646 0.34375 0.84375 0.34375 0.84375 0.34375 0.84375 0.3895146 0.9542354 0.3895146 0.9542354 0.3895146 0.9542354 0.5 1 0.6104854 0.9542354 0.5 1 0.5 1 0.65625 0.84375 0.6104854 0.9542354 0.6104854 0.9542354 0.65625 0.84375 0.65625 0.84375 0.6104854 0.7332646 0.6104854 0.7332646 0.6104854 0.7332646 0.5 0.6875 0.3895146 0.7332646 0.5 0.6875 0.5 0.6875 0.34375 0.84375 0.3895146 0.7332646 0.3895146 0.7332646 0.3895146 0.9542354 0.34375 0.84375 0.34375 0.84375 0.5 1 0.3895146 0.9542354 0.3895146 0.9542354 0.5 1 0.5 1 0.6104854 0.9542354 0.6104854 0.9542354 0.6104854 0.9542354 0.65625 0.84375 0.375 0.3125 0.40625 0.3125 0.40625 0.6884399 0.4375 0.3125 0.4375 0.6884399 0.40625 0.6884399 0.46875 0.3125 0.46875 0.6884399 0.4375 0.6884399 0.5 0.3125 0.5 0.6884399 0.46875 0.6884399 0.53125 0.3125 0.53125 0.6884399 0.5 0.6884399 0.53125 0.3125 0.5625 0.3125 0.5625 0.6884399 0.5625 0.3125 0.59375 0.3125 0.59375 0.6884399 0.625 0.3125 0.625 0.6884399 0.59375 0.6884399 0.5 0 0.6104854 0.04576456 0.3895146 0.04576456 0.6104854 0.04576456 0.65625 0.15625 0.34375 0.15625 0.65625 0.15625 0.6104854 0.2667354 0.5 0.3125 0.5 0.3125 0.3895146 0.2667354 0.34375 0.15625 0.34375 0.15625 0.3895146 0.04576456 0.6104854 0.04576456 0.65625 0.84375 0.6104854 0.9542354 0.3895146 0.9542354 0.6104854 0.9542354 0.5 1 0.3895146 0.9542354 0.3895146 0.9542354 0.34375 0.84375 0.3895146 0.7332646 0.5 0.6875 0.6104854 0.7332646 0.3895146 0.9542354 0.6104854 0.7332646 0.65625 0.84375 0.3895146 0.9542354 0.6104854 0.9542354 0.5 1 0.5 1 0.3895146 0.9542354 0.3895146 0.9542354 0.5 1 0.34375 0.84375 0.34375 0.84375 0.3895146 0.9542354 0.3895146 0.7332646 0.3895146 0.7332646 0.34375 0.84375 0.5 0.6875 0.5 0.6875 0.3895146 0.7332646 0.5 0.6875 0.6104854 0.7332646 0.6104854 0.7332646 0.6104854 0.7332646 0.65625 0.84375 0.65625 0.84375 0.65625 0.84375 0.6104854 0.9542354 0.6104854 0.9542354 0.5 1 0.5 1 0.6104854 0.9542354 0.5 1 0.3895146 0.9542354 0.3895146 0.9542354 0.3895146 0.9542354 0.34375 0.84375 0.34375 0.84375 0.34375 0.84375 0.3895146 0.7332646 0.3895146 0.7332646 0.3895146 0.7332646 0.5 0.6875 0.5 0.6875 0.6104854 0.7332646 0.6104854 0.7332646 0.5 0.6875 0.65625 0.84375 0.65625 0.84375 0.6104854 0.7332646 0.6104854 0.9542354 0.6104854 0.9542354 0.65625 0.84375 0.5 1 0.5 1 0.6104854 0.9542354 0.5 1 0.3895146 0.9542354 0.3895146 0.9542354 0.3895146 0.9542354 0.34375 0.84375 0.34375 0.84375 0.34375 0.84375 0.3895146 0.7332646 0.3895146 0.7332646 0.3895146 0.7332646 0.5 0.6875 0.5 0.6875 0.6104854 0.7332646 0.6104854 0.7332646 0.5 0.6875 0.65625 0.84375 0.65625 0.84375 0.6104854 0.7332646 0.6104854 0.9542354 0.6104854 0.9542354 0.65625 0.84375 0.65625 0.84375 0.65625 0.84375 0.6104854 0.7332646 0.6104854 0.7332646 0.6104854 0.7332646 0.5 0.6875 0.3895146 0.7332646 0.5 0.6875 0.5 0.6875 0.34375 0.84375 0.3895146 0.7332646 0.3895146 0.7332646 0.3895146 0.9542354 0.34375 0.84375 0.34375 0.84375 0.5 1 0.3895146 0.9542354 0.3895146 0.9542354 0.5 1 0.5 1 0.6104854 0.9542354 0.6104854 0.9542354 0.6104854 0.9542354 0.65625 0.84375 0.6104854 0.7332646 0.65625 0.84375 0.65625 0.84375 0.5 0.6875 0.6104854 0.7332646 0.6104854 0.7332646 0.5 0.6875 0.5 0.6875 0.3895146 0.7332646 0.3895146 0.7332646 0.3895146 0.7332646 0.34375 0.84375 0.34375 0.84375 0.34375 0.84375 0.3895146 0.9542354 0.3895146 0.9542354 0.3895146 0.9542354 0.5 1 0.6104854 0.9542354 0.5 1 0.5 1 0.65625 0.84375 0.6104854 0.9542354 0.6104854 0.9542354 0.5 0.6875 0.6104854 0.7332646 0.6104854 0.7332646 0.5 0.6875 0.5 0.6875 0.3895146 0.7332646 0.3895146 0.7332646 0.3895146 0.7332646 0.34375 0.84375 0.34375 0.84375 0.34375 0.84375 0.3895146 0.9542354 0.3895146 0.9542354 0.3895146 0.9542354 0.5 1 0.6104854 0.9542354 0.5 1 0.5 1 0.65625 0.84375 0.6104854 0.9542354 0.6104854 0.9542354 0.6104854 0.7332646 0.65625 0.84375 0.65625 0.84375 0.375 0.3125 0.40625 0.3125 0.40625 0.6884399 0.4375 0.3125 0.4375 0.6884399 0.40625 0.6884399 0.4375 0.3125 0.46875 0.3125 0.46875 0.6884399 0.46875 0.3125 0.5 0.3125 0.5 0.6884399 0.53125 0.3125 0.53125 0.6884399 0.5 0.6884399 0.53125 0.3125 0.5625 0.3125 0.5625 0.6884399 0.59375 0.3125 0.59375 0.6884399 0.5625 0.6884399 0.625 0.3125 0.625 0.6884399 0.59375 0.6884399 0.5 0 0.6104854 0.04576456 0.65625 0.15625 0.65625 0.15625 0.6104854 0.2667354 0.5 0.3125 0.5 0.3125 0.3895146 0.2667354 0.5 0 0.3895146 0.2667354 0.34375 0.15625 0.5 0 0.34375 0.15625 0.3895146 0.04576456 0.5 0 0.65625 0.84375 0.6104854 0.9542354 0.5 1 0.5 1 0.3895146 0.9542354 0.65625 0.84375 0.3895146 0.9542354 0.34375 0.84375 0.65625 0.84375 0.34375 0.84375 0.3895146 0.7332646 0.5 0.6875 0.5 0.6875 0.6104854 0.7332646 0.65625 0.84375 0.5 1 0.5 1 0.6104854 0.9542354 0.5 1 0.3895146 0.9542354 0.3895146 0.9542354 0.3895146 0.9542354 0.34375 0.84375 0.34375 0.84375 0.34375 0.84375 0.3895146 0.7332646 0.3895146 0.7332646 0.3895146 0.7332646 0.5 0.6875 0.5 0.6875 0.6104854 0.7332646 0.6104854 0.7332646 0.5 0.6875 0.65625 0.84375 0.65625 0.84375 0.6104854 0.7332646 0.6104854 0.9542354 0.6104854 0.9542354 0.65625 0.84375 0.5 1 0.5 1 0.6104854 0.9542354 0.5 1 0.3895146 0.9542354 0.3895146 0.9542354 0.3895146 0.9542354 0.34375 0.84375 0.34375 0.84375 0.34375 0.84375 0.3895146 0.7332646 0.3895146 0.7332646 0.3895146 0.7332646 0.5 0.6875 0.5 0.6875 0.6104854 0.7332646 0.6104854 0.7332646 0.5 0.6875 0.65625 0.84375 0.65625 0.84375 0.6104854 0.7332646 0.6104854 0.9542354 0.6104854 0.9542354 0.65625 0.84375 0.5 1 0.5 1 0.6104854 0.9542354 0.5 1 0.3895146 0.9542354 0.3895146 0.9542354 0.3895146 0.9542354 0.34375 0.84375 0.34375 0.84375 0.3895146 0.7332646 0.3895146 0.7332646 0.34375 0.84375 0.5 0.6875 0.5 0.6875 0.3895146 0.7332646 0.5 0.6875 0.6104854 0.7332646 0.6104854 0.7332646 0.6104854 0.7332646 0.65625 0.84375 0.65625 0.84375 0.6104854 0.9542354 0.6104854 0.9542354 0.65625 0.84375 0.6104854 0.7332646 0.65625 0.84375 0.65625 0.84375 0.5 0.6875 0.6104854 0.7332646 0.6104854 0.7332646 0.5 0.6875 0.5 0.6875 0.3895146 0.7332646 0.3895146 0.7332646 0.3895146 0.7332646 0.34375 0.84375 0.34375 0.84375 0.34375 0.84375 0.3895146 0.9542354 0.3895146 0.9542354 0.3895146 0.9542354 0.5 1 0.6104854 0.9542354 0.5 1 0.5 1 0.65625 0.84375 0.6104854 0.9542354 0.6104854 0.9542354 0.6104854 0.7332646 0.6104854 0.7332646 0.5 0.6875 0.3895146 0.7332646 0.5 0.6875 0.5 0.6875 0.34375 0.84375 0.3895146 0.7332646 0.3895146 0.7332646 0.3895146 0.9542354 0.34375 0.84375 0.34375 0.84375 0.5 1 0.3895146 0.9542354 0.3895146 0.9542354 0.5 1 0.5 1 0.6104854 0.9542354 0.6104854 0.9542354 0.6104854 0.9542354 0.65625 0.84375 0.65625 0.84375 0.65625 0.84375 0.6104854 0.7332646 0.6104854 0.7332646 0.65625 0.84375 0.65625 0.84375 0.5 0.6875 0.6104854 0.7332646 0.6104854 0.7332646 0.5 0.6875 0.5 0.6875 0.3895146 0.7332646 0.3895146 0.7332646 0.3895146 0.7332646 0.34375 0.84375 0.34375 0.84375 0.34375 0.84375 0.3895146 0.9542354 0.5 1 0.3895146 0.9542354 0.3895146 0.9542354 0.5 1 0.5 1 0.6104854 0.9542354 0.65625 0.84375 0.6104854 0.9542354 0.6104854 0.9542354 0.375 0.3125 0.40625 0.3125 0.40625 0.6884399 0.4375 0.3125 0.4375 0.6884399 0.40625 0.6884399 0.4375 0.3125 0.46875 0.3125 0.46875 0.6884399 0.46875 0.3125 0.5 0.3125 0.5 0.6884399 0.5 0.3125 0.53125 0.3125 0.53125 0.6884399 0.5625 0.3125 0.5625 0.6884399 0.53125 0.6884399 0.5625 0.3125 0.59375 0.3125 0.59375 0.6884399 0.625 0.3125 0.625 0.6884399 0.59375 0.6884399 0.5 0 0.6104854 0.04576456 0.65625 0.15625 0.65625 0.15625 0.6104854 0.2667354 0.5 0.3125 0.5 0.3125 0.3895146 0.2667354 0.34375 0.15625 0.34375 0.15625 0.3895146 0.04576456 0.5 0 0.5 0 0.65625 0.15625 0.34375 0.15625 0.65625 0.84375 0.6104854 0.9542354 0.6104854 0.7332646 0.6104854 0.9542354 0.5 1 0.6104854 0.7332646 0.5 1 0.3895146 0.9542354 0.3895146 0.7332646 0.3895146 0.9542354 0.34375 0.84375 0.3895146 0.7332646 0.3895146 0.7332646 0.5 0.6875 0.5 1 0.6104854 0.9542354 0.5 1 0.5 1 0.3895146 0.9542354 0.3895146 0.9542354 0.5 1 0.34375 0.84375 0.34375 0.84375 0.3895146 0.9542354 0.3895146 0.7332646 0.3895146 0.7332646 0.34375 0.84375 0.5 0.6875 0.5 0.6875 0.3895146 0.7332646 0.5 0.6875 0.6104854 0.7332646 0.6104854 0.7332646 0.6104854 0.7332646 0.65625 0.84375 0.65625 0.84375 0.65625 0.84375 0.6104854 0.9542354 0.6104854 0.9542354 0.5 1 0.5 1 0.6104854 0.9542354 0.5 1 0.3895146 0.9542354 0.3895146 0.9542354 0.3895146 0.9542354 0.34375 0.84375 0.34375 0.84375 0.34375 0.84375 0.3895146 0.7332646 0.3895146 0.7332646 0.3895146 0.7332646 0.5 0.6875 0.5 0.6875 0.6104854 0.7332646 0.6104854 0.7332646 0.5 0.6875 0.65625 0.84375 0.65625 0.84375 0.6104854 0.7332646 0.6104854 0.9542354 0.6104854 0.9542354 0.65625 0.84375 0.65625 0.84375 0.65625 0.84375 0.6104854 0.7332646 0.5 0.6875 0.6104854 0.7332646 0.6104854 0.7332646 0.5 0.6875 0.5 0.6875 0.3895146 0.7332646 0.34375 0.84375 0.3895146 0.7332646 0.3895146 0.7332646 0.3895146 0.9542354 0.34375 0.84375 0.34375 0.84375 0.5 1 0.3895146 0.9542354 0.3895146 0.9542354 0.5 1 0.5 1 0.6104854 0.9542354 0.6104854 0.9542354 0.6104854 0.9542354 0.65625 0.84375 0.65625 0.84375 0.65625 0.84375 0.6104854 0.7332646 0.6104854 0.7332646 0.6104854 0.7332646 0.5 0.6875 0.3895146 0.7332646 0.5 0.6875 0.5 0.6875 0.34375 0.84375 0.3895146 0.7332646 0.3895146 0.7332646 0.3895146 0.9542354 0.34375 0.84375 0.34375 0.84375 0.5 1 0.3895146 0.9542354 0.3895146 0.9542354 0.5 1 0.5 1 0.6104854 0.9542354 0.6104854 0.9542354 0.6104854 0.9542354 0.65625 0.84375 0.40625 0.3125 0.40625 0.6884399 0.375 0.6884399 0.40625 0.3125 0.4375 0.3125 0.4375 0.6884399 0.46875 0.3125 0.46875 0.6884399 0.4375 0.6884399 0.5 0.3125 0.5 0.6884399 0.46875 0.6884399 0.53125 0.3125 0.53125 0.6884399 0.5 0.6884399 0.53125 0.3125 0.5625 0.3125 0.5625 0.6884399 0.5625 0.3125 0.59375 0.3125 0.59375 0.6884399 0.625 0.3125 0.625 0.6884399 0.59375 0.6884399 0.5 0 0.6104854 0.04576456 0.5 0.3125 0.6104854 0.04576456 0.65625 0.15625 0.5 0.3125 0.65625 0.15625 0.6104854 0.2667354 0.5 0.3125 0.5 0.3125 0.3895146 0.2667354 0.34375 0.15625 0.34375 0.15625 0.3895146 0.04576456 0.5 0.3125 0.5 1 0.5 1 0.6104854 0.9542354 0.5 1 0.3895146 0.9542354 0.3895146 0.9542354 0.3895146 0.9542354 0.34375 0.84375 0.34375 0.84375 0.34375 0.84375 0.3895146 0.7332646 0.3895146 0.7332646 0.3895146 0.7332646 0.5 0.6875 0.5 0.6875 0.6104854 0.7332646 0.6104854 0.7332646 0.5 0.6875 0.65625 0.84375 0.65625 0.84375 0.6104854 0.7332646 0.6104854 0.9542354 0.6104854 0.9542354 0.65625 0.84375 0.5 1 0.5 1 0.6104854 0.9542354 0.5 1 0.3895146 0.9542354 0.3895146 0.9542354 0.3895146 0.9542354 0.34375 0.84375 0.34375 0.84375 0.34375 0.84375 0.3895146 0.7332646 0.3895146 0.7332646 0.3895146 0.7332646 0.5 0.6875 0.5 0.6875 0.6104854 0.7332646 0.6104854 0.7332646 0.5 0.6875 0.65625 0.84375 0.65625 0.84375 0.6104854 0.7332646 0.6104854 0.9542354 0.6104854 0.9542354 0.65625 0.84375 0.6104854 0.7332646 0.65625 0.84375 0.65625 0.84375 0.5 0.6875 0.6104854 0.7332646 0.6104854 0.7332646 0.5 0.6875 0.5 0.6875 0.3895146 0.7332646 0.3895146 0.7332646 0.3895146 0.7332646 0.34375 0.84375 0.34375 0.84375 0.34375 0.84375 0.3895146 0.9542354 0.3895146 0.9542354 0.3895146 0.9542354 0.5 1 0.6104854 0.9542354 0.5 1 0.5 1 0.65625 0.84375 0.6104854 0.9542354 0.6104854 0.9542354 0.6104854 0.7332646 0.65625 0.84375 0.65625 0.84375 0.5 0.6875 0.6104854 0.7332646 0.6104854 0.7332646 0.5 0.6875 0.5 0.6875 0.3895146 0.7332646 0.3895146 0.7332646 0.3895146 0.7332646 0.34375 0.84375 0.34375 0.84375 0.34375 0.84375 0.3895146 0.9542354 0.3895146 0.9542354 0.3895146 0.9542354 0.5 1 0.6104854 0.9542354 0.5 1 0.5 1 0.65625 0.84375 0.6104854 0.9542354 0.6104854 0.9542354 0.6104854 0.7332646 0.65625 0.84375 0.65625 0.84375 0.5 0.6875 0.6104854 0.7332646 0.6104854 0.7332646 0.5 0.6875 0.5 0.6875 0.3895146 0.7332646 0.3895146 0.7332646 0.3895146 0.7332646 0.34375 0.84375 0.34375 0.84375 0.34375 0.84375 0.3895146 0.9542354 0.3895146 0.9542354 0.3895146 0.9542354 0.5 1 0.6104854 0.9542354 0.5 1 0.5 1 0.65625 0.84375 0.6104854 0.9542354 0.6104854 0.9542354 0.6104854 0.9542354 0.5 1 0.3895146 0.9542354 0.3895146 0.9542354 0.34375 0.84375 0.3895146 0.7332646 0.3895146 0.7332646 0.5 0.6875 0.6104854 0.9542354 0.5 0.6875 0.6104854 0.7332646 0.6104854 0.9542354 0.6104854 0.7332646 0.65625 0.84375 0.6104854 0.9542354 0.375 0.3125 0.40625 0.3125 0.40625 0.6884399 0.4375 0.3125 0.4375 0.6884399 0.40625 0.6884399 0.4375 0.3125 0.46875 0.3125 0.46875 0.6884399 0.5 0.3125 0.5 0.6884399 0.46875 0.6884399 0.53125 0.3125 0.53125 0.6884399 0.5 0.6884399 0.53125 0.3125 0.5625 0.3125 0.5625 0.6884399 0.59375 0.3125 0.59375 0.6884399 0.5625 0.6884399 0.625 0.3125 0.625 0.6884399 0.59375 0.6884399 0.5 0 0.6104854 0.04576456 0.3895146 0.04576456 0.6104854 0.04576456 0.65625 0.15625 0.5 0.3125 0.65625 0.15625 0.6104854 0.2667354 0.5 0.3125 0.5 0.3125 0.3895146 0.2667354 0.6104854 0.04576456 0.3895146 0.2667354 0.34375 0.15625 0.3895146 0.04576456 0.65625 0.84375 0.6104854 0.9542354 0.5 1 0.5 1 0.3895146 0.9542354 0.65625 0.84375 0.3895146 0.9542354 0.34375 0.84375 0.65625 0.84375 0.34375 0.84375 0.3895146 0.7332646 0.65625 0.84375 0.3895146 0.7332646 0.5 0.6875 0.65625 0.84375 0.5 1 0.5 1 0.6104854 0.9542354 0.5 1 0.3895146 0.9542354 0.3895146 0.9542354 0.3895146 0.9542354 0.34375 0.84375 0.34375 0.84375 0.34375 0.84375 0.3895146 0.7332646 0.3895146 0.7332646 0.3895146 0.7332646 0.5 0.6875 0.5 0.6875 0.6104854 0.7332646 0.6104854 0.7332646 0.5 0.6875 0.65625 0.84375 0.65625 0.84375 0.6104854 0.7332646 0.6104854 0.9542354 0.6104854 0.9542354 0.65625 0.84375 0.6104854 0.9542354 0.5 1 0.5 1 0.3895146 0.9542354 0.3895146 0.9542354 0.5 1 0.34375 0.84375 0.34375 0.84375 0.3895146 0.9542354 0.3895146 0.7332646 0.3895146 0.7332646 0.34375 0.84375 0.5 0.6875 0.5 0.6875 0.3895146 0.7332646 0.5 0.6875 0.6104854 0.7332646 0.6104854 0.7332646 0.6104854 0.7332646 0.65625 0.84375 0.65625 0.84375 0.65625 0.84375 0.6104854 0.9542354 0.6104854 0.9542354 0.6104854 0.9542354 0.5 1 0.5 1 0.3895146 0.9542354 0.3895146 0.9542354 0.5 1 0.34375 0.84375 0.34375 0.84375 0.3895146 0.9542354 0.3895146 0.7332646 0.3895146 0.7332646 0.34375 0.84375 0.3895146 0.7332646 0.5 0.6875 0.5 0.6875 0.6104854 0.7332646 0.6104854 0.7332646 0.5 0.6875 0.65625 0.84375 0.65625 0.84375 0.6104854 0.7332646 0.6104854 0.9542354 0.6104854 0.9542354 0.65625 0.84375 0.65625 0.84375 0.65625 0.84375 0.6104854 0.7332646 0.6104854 0.7332646 0.6104854 0.7332646 0.5 0.6875 0.3895146 0.7332646 0.5 0.6875 0.5 0.6875 0.34375 0.84375 0.3895146 0.7332646 0.3895146 0.7332646 0.3895146 0.9542354 0.34375 0.84375 0.34375 0.84375 0.5 1 0.3895146 0.9542354 0.3895146 0.9542354 0.5 1 0.5 1 0.6104854 0.9542354 0.6104854 0.9542354 0.6104854 0.9542354 0.65625 0.84375 0.375 0.3125 0.40625 0.3125 0.40625 0.6884399 0.4375 0.3125 0.4375 0.6884399 0.40625 0.6884399 0.4375 0.3125 0.46875 0.3125 0.46875 0.6884399 0.46875 0.3125 0.5 0.3125 0.5 0.6884399 0.5 0.3125 0.53125 0.3125 0.53125 0.6884399 0.5625 0.3125 0.5625 0.6884399 0.53125 0.6884399 0.59375 0.3125 0.59375 0.6884399 0.5625 0.6884399 0.625 0.3125 0.625 0.6884399 0.59375 0.6884399 0.5 0 0.6104854 0.04576456 0.65625 0.15625 0.65625 0.15625 0.6104854 0.2667354 0.3895146 0.2667354 0.6104854 0.2667354 0.5 0.3125 0.3895146 0.2667354 0.3895146 0.2667354 0.34375 0.15625 0.65625 0.15625 0.34375 0.15625 0.3895146 0.04576456 0.5 0 0.65625 0.84375 0.6104854 0.9542354 0.5 1 0.5 1 0.3895146 0.9542354 0.34375 0.84375 0.34375 0.84375 0.3895146 0.7332646 0.65625 0.84375 0.3895146 0.7332646 0.5 0.6875 0.6104854 0.7332646 0.65625 0.84375 0.3895146 0.7332646 0.6104854 0.7332646 0.5 1 0.5 1 0.6104854 0.9542354 0.5 1 0.3895146 0.9542354 0.3895146 0.9542354 0.3895146 0.9542354 0.34375 0.84375 0.34375 0.84375 0.34375 0.84375 0.3895146 0.7332646 0.3895146 0.7332646 0.3895146 0.7332646 0.5 0.6875 0.5 0.6875 0.6104854 0.7332646 0.6104854 0.7332646 0.5 0.6875 0.65625 0.84375 0.65625 0.84375 0.6104854 0.7332646 0.6104854 0.9542354 0.6104854 0.9542354 0.65625 0.84375 0.5 1 0.5 1 0.6104854 0.9542354 0.5 1 0.3895146 0.9542354 0.3895146 0.9542354 0.3895146 0.9542354 0.34375 0.84375 0.34375 0.84375 0.34375 0.84375 0.3895146 0.7332646 0.3895146 0.7332646 0.3895146 0.7332646 0.5 0.6875 0.5 0.6875 0.6104854 0.7332646 0.6104854 0.7332646 0.5 0.6875 0.65625 0.84375 0.65625 0.84375 0.6104854 0.7332646 0.6104854 0.9542354 0.6104854 0.9542354 0.65625 0.84375 0.6104854 0.9542354 0.5 1 0.5 1 0.5 1 0.3895146 0.9542354 0.3895146 0.9542354 0.3895146 0.9542354 0.34375 0.84375 0.34375 0.84375 0.3895146 0.7332646 0.3895146 0.7332646 0.34375 0.84375 0.5 0.6875 0.5 0.6875 0.3895146 0.7332646 0.5 0.6875 0.6104854 0.7332646 0.6104854 0.7332646 0.6104854 0.7332646 0.65625 0.84375 0.65625 0.84375 0.6104854 0.9542354 0.6104854 0.9542354 0.65625 0.84375 0.6104854 0.7332646 0.65625 0.84375 0.65625 0.84375 0.5 0.6875 0.6104854 0.7332646 0.6104854 0.7332646 0.5 0.6875 0.5 0.6875 0.3895146 0.7332646 0.3895146 0.7332646 0.3895146 0.7332646 0.34375 0.84375 0.34375 0.84375 0.34375 0.84375 0.3895146 0.9542354 0.3895146 0.9542354 0.3895146 0.9542354 0.5 1 0.6104854 0.9542354 0.5 1 0.5 1 0.65625 0.84375 0.6104854 0.9542354 0.6104854 0.9542354 0.6104854 0.7332646 0.6104854 0.7332646 0.5 0.6875 0.3895146 0.7332646 0.5 0.6875 0.5 0.6875 0.34375 0.84375 0.3895146 0.7332646 0.3895146 0.7332646 0.3895146 0.9542354 0.34375 0.84375 0.34375 0.84375 0.5 1 0.3895146 0.9542354 0.3895146 0.9542354 0.5 1 0.5 1 0.6104854 0.9542354 0.6104854 0.9542354 0.6104854 0.9542354 0.65625 0.84375 0.65625 0.84375 0.65625 0.84375 0.6104854 0.7332646 0.6104854 0.7332646 0.65625 0.84375 0.65625 0.84375 0.5 0.6875 0.6104854 0.7332646 0.6104854 0.7332646 0.5 0.6875 0.5 0.6875 0.3895146 0.7332646 0.3895146 0.7332646 0.3895146 0.7332646 0.34375 0.84375 0.34375 0.84375 0.34375 0.84375 0.3895146 0.9542354 0.5 1 0.3895146 0.9542354 0.3895146 0.9542354 0.5 1 0.5 1 0.6104854 0.9542354 0.65625 0.84375 0.6104854 0.9542354 0.6104854 0.9542354 0.40625 0.3125 0.40625 0.6884399 0.375 0.6884399 0.40625 0.3125 0.4375 0.3125 0.4375 0.6884399 0.4375 0.3125 0.46875 0.3125 0.46875 0.6884399 0.5 0.3125 0.5 0.6884399 0.46875 0.6884399 0.53125 0.3125 0.53125 0.6884399 0.5 0.6884399 0.5625 0.3125 0.5625 0.6884399 0.53125 0.6884399 0.5625 0.3125 0.59375 0.3125 0.59375 0.6884399 0.625 0.3125 0.625 0.6884399 0.59375 0.6884399 0.5 0 0.6104854 0.04576456 0.5 0.3125 0.6104854 0.04576456 0.65625 0.15625 0.5 0.3125 0.65625 0.15625 0.6104854 0.2667354 0.5 0.3125 0.5 0.3125 0.3895146 0.2667354 0.34375 0.15625 0.34375 0.15625 0.3895146 0.04576456 0.5 0.3125 0.5 1 0.5 1 0.6104854 0.9542354 0.5 1 0.3895146 0.9542354 0.3895146 0.9542354 0.3895146 0.9542354 0.34375 0.84375 0.34375 0.84375 0.34375 0.84375 0.3895146 0.7332646 0.3895146 0.7332646 0.3895146 0.7332646 0.5 0.6875 0.5 0.6875 0.6104854 0.7332646 0.6104854 0.7332646 0.5 0.6875 0.65625 0.84375 0.65625 0.84375 0.6104854 0.7332646 0.6104854 0.9542354 0.6104854 0.9542354 0.65625 0.84375 0.5 1 0.5 1 0.6104854 0.9542354 0.5 1 0.3895146 0.9542354 0.3895146 0.9542354 0.3895146 0.9542354 0.34375 0.84375 0.34375 0.84375 0.34375 0.84375 0.3895146 0.7332646 0.3895146 0.7332646 0.3895146 0.7332646 0.5 0.6875 0.5 0.6875 0.6104854 0.7332646 0.6104854 0.7332646 0.5 0.6875 0.65625 0.84375 0.65625 0.84375 0.6104854 0.7332646 0.6104854 0.9542354 0.6104854 0.9542354 0.65625 0.84375 0.6104854 0.7332646 0.65625 0.84375 0.65625 0.84375 0.5 0.6875 0.6104854 0.7332646 0.6104854 0.7332646 0.5 0.6875 0.5 0.6875 0.3895146 0.7332646 0.3895146 0.7332646 0.3895146 0.7332646 0.34375 0.84375 0.34375 0.84375 0.34375 0.84375 0.3895146 0.9542354 0.3895146 0.9542354 0.3895146 0.9542354 0.5 1 0.6104854 0.9542354 0.5 1 0.5 1 0.65625 0.84375 0.6104854 0.9542354 0.6104854 0.9542354 0.6104854 0.7332646 0.65625 0.84375 0.65625 0.84375 0.5 0.6875 0.6104854 0.7332646 0.6104854 0.7332646 0.5 0.6875 0.5 0.6875 0.3895146 0.7332646 0.3895146 0.7332646 0.3895146 0.7332646 0.34375 0.84375 0.34375 0.84375 0.34375 0.84375 0.3895146 0.9542354 0.3895146 0.9542354 0.3895146 0.9542354 0.5 1 0.6104854 0.9542354 0.5 1 0.5 1 0.65625 0.84375 0.6104854 0.9542354 0.6104854 0.9542354 0.6104854 0.7332646 0.65625 0.84375 0.65625 0.84375 0.5 0.6875 0.6104854 0.7332646 0.6104854 0.7332646 0.5 0.6875 0.5 0.6875 0.3895146 0.7332646 0.3895146 0.7332646 0.3895146 0.7332646 0.34375 0.84375 0.34375 0.84375 0.34375 0.84375 0.3895146 0.9542354 0.3895146 0.9542354 0.3895146 0.9542354 0.5 1 0.6104854 0.9542354 0.5 1 0.5 1 0.65625 0.84375 0.6104854 0.9542354 0.6104854 0.9542354 0.6104854 0.9542354 0.5 1 0.3895146 0.9542354 0.3895146 0.9542354 0.34375 0.84375 0.6104854 0.9542354 0.34375 0.84375 0.3895146 0.7332646 0.6104854 0.9542354 0.3895146 0.7332646 0.5 0.6875 0.6104854 0.9542354 0.5 0.6875 0.6104854 0.7332646 0.6104854 0.9542354 0.40625 0.3125 0.40625 0.6884399 0.375 0.6884399 0.40625 0.3125 0.4375 0.3125 0.4375 0.6884399 0.46875 0.3125 0.46875 0.6884399 0.4375 0.6884399 0.46875 0.3125 0.5 0.3125 0.5 0.6884399 0.53125 0.3125 0.53125 0.6884399 0.5 0.6884399 0.53125 0.3125 0.5625 0.3125 0.5625 0.6884399 0.59375 0.3125 0.59375 0.6884399 0.5625 0.6884399 0.59375 0.3125 0.625 0.3125 0.625 0.6884399 0.5 0 0.6104854 0.04576456 0.5 0.3125 0.6104854 0.04576456 0.65625 0.15625 0.5 0.3125 0.65625 0.15625 0.6104854 0.2667354 0.5 0.3125 0.5 0.3125 0.3895146 0.2667354 0.34375 0.15625 0.34375 0.15625 0.3895146 0.04576456 0.5 0.3125 0.65625 0.84375 0.6104854 0.9542354 0.5 1 0.5 1 0.3895146 0.9542354 0.34375 0.84375 0.34375 0.84375 0.3895146 0.7332646 0.5 0.6875 0.5 0.6875 0.6104854 0.7332646 0.65625 0.84375 0.65625 0.84375 0.5 1 0.5 0.6875 0.5 1 0.5 1 0.6104854 0.9542354 0.5 1 0.3895146 0.9542354 0.3895146 0.9542354 0.3895146 0.9542354 0.34375 0.84375 0.34375 0.84375 0.34375 0.84375 0.3895146 0.7332646 0.3895146 0.7332646 0.3895146 0.7332646 0.5 0.6875 0.5 0.6875 0.6104854 0.7332646 0.6104854 0.7332646 0.5 0.6875 0.65625 0.84375 0.65625 0.84375 0.6104854 0.7332646 0.6104854 0.9542354 0.6104854 0.9542354 0.65625 0.84375 0.5 1 0.5 1 0.6104854 0.9542354 0.5 1 0.3895146 0.9542354 0.3895146 0.9542354 0.3895146 0.9542354 0.34375 0.84375 0.34375 0.84375 0.34375 0.84375 0.3895146 0.7332646 0.3895146 0.7332646 0.3895146 0.7332646 0.5 0.6875 0.5 0.6875 0.6104854 0.7332646 0.6104854 0.7332646 0.5 0.6875 0.65625 0.84375 0.65625 0.84375 0.6104854 0.7332646 0.6104854 0.9542354 0.6104854 0.9542354 0.65625 0.84375 0.5 1 0.5 1 0.6104854 0.9542354 0.5 1 0.3895146 0.9542354 0.3895146 0.9542354 0.34375 0.84375 0.34375 0.84375 0.3895146 0.9542354 0.34375 0.84375 0.3895146 0.7332646 0.3895146 0.7332646 0.5 0.6875 0.5 0.6875 0.3895146 0.7332646 0.5 0.6875 0.6104854 0.7332646 0.6104854 0.7332646 0.65625 0.84375 0.65625 0.84375 0.6104854 0.7332646 0.65625 0.84375 0.6104854 0.9542354 0.6104854 0.9542354 0.65625 0.84375 0.65625 0.84375 0.6104854 0.7332646 0.6104854 0.7332646 0.6104854 0.7332646 0.5 0.6875 0.3895146 0.7332646 0.5 0.6875 0.5 0.6875 0.34375 0.84375 0.3895146 0.7332646 0.3895146 0.7332646 0.3895146 0.9542354 0.34375 0.84375 0.34375 0.84375 0.5 1 0.3895146 0.9542354 0.3895146 0.9542354 0.5 1 0.5 1 0.6104854 0.9542354 0.6104854 0.9542354 0.6104854 0.9542354 0.65625 0.84375 0.40625 0.3125 0.40625 0.6884399 0.375 0.6884399 0.40625 0.3125 0.4375 0.3125 0.4375 0.6884399 0.46875 0.3125 0.46875 0.6884399 0.4375 0.6884399 0.5 0.3125 0.5 0.6884399 0.46875 0.6884399 0.5 0.3125 0.53125 0.3125 0.53125 0.6884399 0.53125 0.3125 0.5625 0.3125 0.5625 0.6884399 0.59375 0.3125 0.59375 0.6884399 0.5625 0.6884399 0.59375 0.3125 0.625 0.3125 0.625 0.6884399 0.5 0 0.6104854 0.04576456 0.3895146 0.2667354 0.6104854 0.04576456 0.65625 0.15625 0.6104854 0.2667354 0.3895146 0.2667354 0.6104854 0.2667354 0.5 0.3125 0.6104854 0.04576456 0.6104854 0.2667354 0.3895146 0.2667354 0.3895146 0.2667354 0.34375 0.15625 0.5 0 0.65625 0.84375 0.6104854 0.9542354 0.34375 0.84375 0.6104854 0.9542354 0.5 1 0.34375 0.84375 0.5 1 0.3895146 0.9542354 0.34375 0.84375 0.34375 0.84375 0.3895146 0.7332646 0.5 0.6875 0.5 0.6875 0.6104854 0.7332646 0.34375 0.84375 0.6104854 0.9542354 0.5 1 0.5 1 0.3895146 0.9542354 0.3895146 0.9542354 0.5 1 0.34375 0.84375 0.34375 0.84375 0.3895146 0.9542354 0.3895146 0.7332646 0.3895146 0.7332646 0.34375 0.84375 0.5 0.6875 0.5 0.6875 0.3895146 0.7332646 0.5 0.6875 0.6104854 0.7332646 0.6104854 0.7332646 0.6104854 0.7332646 0.65625 0.84375 0.65625 0.84375 0.65625 0.84375 0.6104854 0.9542354 0.6104854 0.9542354 0.5 1 0.5 1 0.6104854 0.9542354 0.5 1 0.3895146 0.9542354 0.3895146 0.9542354 0.3895146 0.9542354 0.34375 0.84375 0.34375 0.84375 0.34375 0.84375 0.3895146 0.7332646 0.3895146 0.7332646 0.3895146 0.7332646 0.5 0.6875 0.5 0.6875 0.6104854 0.7332646 0.6104854 0.7332646 0.5 0.6875 0.65625 0.84375 0.65625 0.84375 0.6104854 0.7332646 0.6104854 0.9542354 0.6104854 0.9542354 0.65625 0.84375 0.5 1 0.5 1 0.6104854 0.9542354 0.5 1 0.3895146 0.9542354 0.3895146 0.9542354 0.3895146 0.9542354 0.34375 0.84375 0.34375 0.84375 0.34375 0.84375 0.3895146 0.7332646 0.3895146 0.7332646 0.3895146 0.7332646 0.5 0.6875 0.5 0.6875 0.6104854 0.7332646 0.6104854 0.7332646 0.5 0.6875 0.65625 0.84375 0.65625 0.84375 0.6104854 0.7332646 0.6104854 0.9542354 0.6104854 0.9542354 0.65625 0.84375 0.65625 0.84375 0.65625 0.84375 0.6104854 0.7332646 0.6104854 0.7332646 0.6104854 0.7332646 0.5 0.6875 0.3895146 0.7332646 0.5 0.6875 0.5 0.6875 0.34375 0.84375 0.3895146 0.7332646 0.3895146 0.7332646 0.3895146 0.9542354 0.34375 0.84375 0.34375 0.84375 0.5 1 0.3895146 0.9542354 0.3895146 0.9542354 0.5 1 0.5 1 0.6104854 0.9542354 0.6104854 0.9542354 0.6104854 0.9542354 0.65625 0.84375 0.6104854 0.7332646 0.65625 0.84375 0.65625 0.84375 0.5 0.6875 0.6104854 0.7332646 0.6104854 0.7332646 0.5 0.6875 0.5 0.6875 0.3895146 0.7332646 0.3895146 0.7332646 0.3895146 0.7332646 0.34375 0.84375 0.34375 0.84375 0.34375 0.84375 0.3895146 0.9542354 0.3895146 0.9542354 0.3895146 0.9542354 0.5 1 0.6104854 0.9542354 0.5 1 0.5 1 0.65625 0.84375 0.6104854 0.9542354 0.6104854 0.9542354 0.5 0.6875 0.6104854 0.7332646 0.6104854 0.7332646 0.5 0.6875 0.5 0.6875 0.3895146 0.7332646 0.3895146 0.7332646 0.3895146 0.7332646 0.34375 0.84375 0.34375 0.84375 0.34375 0.84375 0.3895146 0.9542354 0.3895146 0.9542354 0.3895146 0.9542354 0.5 1 0.6104854 0.9542354 0.5 1 0.5 1 0.65625 0.84375 0.6104854 0.9542354 0.6104854 0.9542354 0.6104854 0.7332646 0.65625 0.84375 0.65625 0.84375 0.40625 0.3125 0.40625 0.6884399 0.375 0.6884399 0.40625 0.3125 0.4375 0.3125 0.4375 0.6884399 0.4375 0.3125 0.46875 0.3125 0.46875 0.6884399 0.5 0.3125 0.5 0.6884399 0.46875 0.6884399 0.5 0.3125 0.53125 0.3125 0.53125 0.6884399 0.5625 0.3125 0.5625 0.6884399 0.53125 0.6884399 0.5625 0.3125 0.59375 0.3125 0.59375 0.6884399 0.625 0.3125 0.625 0.6884399 0.59375 0.6884399 0.5 0 0.6104854 0.04576456 0.65625 0.15625 0.65625 0.15625 0.6104854 0.2667354 0.34375 0.15625 0.6104854 0.2667354 0.5 0.3125 0.3895146 0.2667354 0.34375 0.15625 0.6104854 0.2667354 0.3895146 0.2667354 0.34375 0.15625 0.3895146 0.04576456 0.5 0 0.6104854 0.9542354 0.5 1 0.5 1 0.3895146 0.9542354 0.3895146 0.9542354 0.5 1 0.34375 0.84375 0.34375 0.84375 0.3895146 0.9542354 0.3895146 0.7332646 0.3895146 0.7332646 0.34375 0.84375 0.5 0.6875 0.5 0.6875 0.3895146 0.7332646 0.5 0.6875 0.6104854 0.7332646 0.6104854 0.7332646 0.6104854 0.7332646 0.65625 0.84375 0.65625 0.84375 0.65625 0.84375 0.6104854 0.9542354 0.6104854 0.9542354 0.5 1 0.5 1 0.6104854 0.9542354 0.5 1 0.3895146 0.9542354 0.3895146 0.9542354 0.3895146 0.9542354 0.34375 0.84375 0.34375 0.84375 0.34375 0.84375 0.3895146 0.7332646 0.3895146 0.7332646 0.3895146 0.7332646 0.5 0.6875 0.5 0.6875 0.6104854 0.7332646 0.6104854 0.7332646 0.5 0.6875 0.65625 0.84375 0.65625 0.84375 0.6104854 0.7332646 0.6104854 0.9542354 0.6104854 0.9542354 0.65625 0.84375 0.65625 0.84375 0.65625 0.84375 0.6104854 0.7332646 0.6104854 0.7332646 0.6104854 0.7332646 0.5 0.6875 0.3895146 0.7332646 0.5 0.6875 0.5 0.6875 0.34375 0.84375 0.3895146 0.7332646 0.3895146 0.7332646 0.3895146 0.9542354 0.34375 0.84375 0.34375 0.84375 0.5 1 0.3895146 0.9542354 0.3895146 0.9542354 0.5 1 0.5 1 0.6104854 0.9542354 0.6104854 0.9542354 0.6104854 0.9542354 0.65625 0.84375 0.6104854 0.7332646 0.65625 0.84375 0.65625 0.84375 0.5 0.6875 0.6104854 0.7332646 0.6104854 0.7332646 0.5 0.6875 0.5 0.6875 0.3895146 0.7332646 0.3895146 0.7332646 0.3895146 0.7332646 0.34375 0.84375 0.34375 0.84375 0.34375 0.84375 0.3895146 0.9542354 0.3895146 0.9542354 0.3895146 0.9542354 0.5 1 0.6104854 0.9542354 0.5 1 0.5 1 0.65625 0.84375 0.6104854 0.9542354 0.6104854 0.9542354 0.6104854 0.7332646 0.65625 0.84375 0.65625 0.84375 0.5 0.6875 0.6104854 0.7332646 0.6104854 0.7332646 0.5 0.6875 0.5 0.6875 0.3895146 0.7332646 0.3895146 0.7332646 0.3895146 0.7332646 0.34375 0.84375 0.34375 0.84375 0.34375 0.84375 0.3895146 0.9542354 0.3895146 0.9542354 0.3895146 0.9542354 0.5 1 0.6104854 0.9542354 0.5 1 0.5 1 0.65625 0.84375 0.6104854 0.9542354 0.6104854 0.9542354 0.6104854 0.9542354 0.5 1 0.3895146 0.9542354 0.3895146 0.9542354 0.34375 0.84375 0.3895146 0.7332646 0.3895146 0.7332646 0.5 0.6875 0.6104854 0.9542354 0.5 0.6875 0.6104854 0.7332646 0.6104854 0.9542354 0.6104854 0.7332646 0.65625 0.84375 0.6104854 0.9542354 0.5 0.3125 0.5 0.3125 0.46875 0.3125 0.46875 0.6884399 0.46875 0.3125 0.46875 0.3125 0.5 0.3125 0.53125 0.3125 0.53125 0.3125 0.53125 0.6884399 0.53125 0.6884399 0.53125 0.3125 0.34375 0.84375 0.34375 0.84375 0.34375 0.84375 0.5 0.6875 0.5 0.6875 0.5 0.6875 0.34375 0.84375 0.34375 0.84375 0.34375 0.84375 0.5 0.6875 0.5 0.6875 0.5 0.6875 0.5 0.6875 0.5 0.6875 0.5 0.6875 0.34375 0.84375 0.34375 0.84375 0.34375 0.84375 0.5 0.6875 0.5 0.6875 0.5 0.6875 0.3895146 0.7332646 0.3895146 0.7332646 0.5 0.6875 0.3895146 0.7332646 0.34375 0.84375 0.34375 0.84375 0.34375 0.84375 0.34375 0.84375 0.34375 0.84375 0.5 0.6875 0.5 0.6875 0.5 0.6875 0.34375 0.84375 0.34375 0.84375 0.34375 0.84375 0.5 0.6875 0.5 0.6875 0.3895146 0.7332646 0.3895146 0.7332646 0.3895146 0.7332646 0.3895146 0.7332646 0.6104854 0.7332646 0.6104854 0.7332646 0.5 0.6875 0.6104854 0.7332646 0.65625 0.84375 0.65625 0.84375 0.65625 0.84375 0.65625 0.84375 0.65625 0.84375 0.3895146 0.7332646 0.3895146 0.7332646 0.3895146 0.7332646 0.65625 0.84375 0.65625 0.84375 0.65625 0.84375 0.65625 0.84375 0.65625 0.84375 0.65625 0.84375 0.3895146 0.7332646 0.3895146 0.7332646 0.3895146 0.7332646 0.65625 0.84375 0.65625 0.84375 0.65625 0.84375 0.6104854 0.7332646 0.6104854 0.7332646 0.65625 0.84375 0.5 0.6875 0.5 0.6875 0.6104854 0.7332646 0.5 0.6875 0.3895146 0.7332646 0.3895146 0.7332646 0.3895146 0.7332646 0.3895146 0.7332646 0.3895146 0.7332646 0.65625 0.84375 0.65625 0.84375 0.65625 0.84375 0.3895146 0.7332646 0.3895146 0.7332646 0.3895146 0.7332646 0.6104854 0.7332646 0.6104854 0.7332646 0.5 0.6875 0.5 0.6875 0.5 0.6875 0.5 0.6875 0.6104854 0.7332646 0.65625 0.84375 0.65625 0.84375 0.65625 0.84375 0.65625 0.84375 0.65625 0.84375 0.6104854 0.7332646 0.5 0.6875 0.5 0.6875 0.5 0.6875 0.5 0.6875 0.5 0.6875 0.65625 0.84375 0.65625 0.84375 0.65625 0.84375 0.6104854 0.7332646 0.6104854 0.7332646 0.65625 0.84375 0.5 0.6875 0.5 0.6875 0.3895146 0.7332646 0.3895146 0.7332646 0.3895146 0.7332646 0.3895146 0.7332646 0.5 0.6875 0.6104854 0.7332646 0.6104854 0.7332646 0.6104854 0.7332646 0.6104854 0.7332646 0.6104854 0.7332646 0.3895146 0.7332646 0.3895146 0.7332646 0.3895146 0.7332646 0.6104854 0.7332646 0.6104854 0.7332646 0.6104854 0.7332646 0.6104854 0.7332646 0.6104854 0.7332646 0.6104854 0.7332646 0.5 0.6875 0.5 0.6875 0.6104854 0.7332646 0.5 0.6875 0.3895146 0.7332646 0.3895146 0.7332646 0.3895146 0.7332646 0.3895146 0.7332646 0.3895146 0.7332646 0.6104854 0.7332646 0.6104854 0.7332646 0.6104854 0.7332646 0.3895146 0.7332646 0.3895146 0.7332646 0.3895146 0.7332646 0.5 0.6875 0.5 0.6875 0.3895146 0.7332646 0.3895146 0.7332646 0.3895146 0.7332646 0.3895146 0.7332646 0.5 0.6875 0.6104854 0.7332646 0.6104854 0.7332646 0.6104854 0.7332646 0.6104854 0.7332646 0.6104854 0.7332646 0.3895146 0.7332646 0.3895146 0.7332646 0.3895146 0.7332646 0.6104854 0.7332646 0.6104854 0.7332646 0.6104854 0.7332646 0.5 0.6875 0.3895146 0.7332646 0.3895146 0.7332646 0.3895146 0.7332646 0.3895146 0.7332646 0.3895146 0.7332646 0.6104854 0.7332646 0.6104854 0.7332646 0.6104854 0.7332646 0.5 0.6875 0.5 0.6875 0.6104854 0.7332646 0.6104854 0.7332646 0.6104854 0.7332646 0.6104854 0.7332646 0.3895146 0.7332646 0.3895146 0.7332646 0.3895146 0.7332646 0.6104854 0.7332646 0.6104854 0.7332646 0.6104854 0.7332646 0.3895146 0.7332646 0.3895146 0.7332646 0.3895146 0.7332646 0.6104854 0.7332646 0.6104854 0.7332646 0.6104854 0.7332646 0.3895146 0.7332646 0.3895146 0.7332646 0.3895146 0.7332646 0.53125 0.3125 0.53125 0.3125 0.53125 0.6884399 0.59375 0.3125 0.59375 0.6884399 0.59375 0.6884399 0.65625 0.15625 0.65625 0.15625 0.6104854 0.04576456 0.5 0.3125 0.3895146 0.2667354 0.3895146 0.2667354 0.3895146 0.2667354 0.34375 0.15625 0.34375 0.15625 0.34375 0.15625 0.3895146 0.04576456 0.3895146 0.04576456 0.5 0 0.5 0 0.3895146 0.04576456 0.6104854 0.04576456 0.6104854 0.04576456 0.5 0 0.5 0.6875 0.5 0.6875 0.5 0.6875 0.65625 0.84375 0.65625 0.84375 0.65625 0.84375 0.5 0.6875 0.5 0.6875 0.5 0.6875 0.65625 0.84375 0.65625 0.84375 0.65625 0.84375 0.6104854 0.7332646 0.5 0.6875 0.5 0.6875 0.5 0.6875 0.5 0.6875 0.5 0.6875 0.65625 0.84375 0.65625 0.84375 0.65625 0.84375 0.6104854 0.7332646 0.6104854 0.7332646 0.65625 0.84375 0.65625 0.84375 0.65625 0.84375 0.65625 0.84375 0.5 0.6875 0.5 0.6875 0.5 0.6875 0.5 0.3125 0.5 0.3125 0.5 0.6884399 0.5625 0.3125 0.5625 0.6884399 0.5625 0.6884399 0.6104854 0.04576456 0.65625 0.15625 0.65625 0.15625 0.6104854 0.2667354 0.6104854 0.2667354 0.65625 0.15625 0.3895146 0.2667354 0.34375 0.15625 0.34375 0.15625 0.3895146 0.04576456 0.3895146 0.04576456 0.34375 0.15625 0.5 0 0.5 0 0.3895146 0.04576456 0.5 0 0.6104854 0.04576456 0.6104854 0.04576456 0.6104854 0.9542354 0.5 1 0.5 1 0.3895146 0.9542354 0.3895146 0.9542354 0.5 1 0.3895146 0.9542354 0.34375 0.84375 0.34375 0.84375 0.34375 0.84375 0.3895146 0.7332646 0.3895146 0.7332646 0.65625 0.84375 0.65625 0.84375 0.6104854 0.7332646 0.6104854 0.9542354 0.6104854 0.9542354 0.65625 0.84375 0.3895146 0.7332646 0.3895146 0.7332646 0.3895146 0.7332646 0.6104854 0.7332646 0.6104854 0.7332646 0.6104854 0.7332646 0.3895146 0.7332646 0.3895146 0.7332646 0.3895146 0.7332646 0.6104854 0.7332646 0.6104854 0.7332646 0.6104854 0.7332646 0.3895146 0.7332646 0.3895146 0.7332646 0.3895146 0.7332646 0.6104854 0.7332646 0.6104854 0.7332646 0.6104854 0.7332646 0.6104854 0.7332646 0.6104854 0.7332646 0.6104854 0.7332646 0.3895146 0.7332646 0.3895146 0.7332646 0.3895146 0.7332646 0.6104854 0.7332646 0.6104854 0.7332646 0.6104854 0.7332646 0.3895146 0.7332646 0.3895146 0.7332646 0.3895146 0.7332646 0.6104854 0.7332646 0.6104854 0.7332646 0.6104854 0.7332646 0.3895146 0.7332646 0.3895146 0.7332646 0.3895146 0.7332646 0.53125 0.3125 0.53125 0.3125 0.5 0.3125 0.53125 0.6884399 0.53125 0.6884399 0.53125 0.3125 0.5 0.6884399 0.5 0.6884399 0.53125 0.6884399 0.5 0.3125 0.5 0.3125 0.5 0.6884399 0.375 0.3125 0.375 0.3125 0.375 0.6884399 0.4375 0.6884399 0.4375 0.6884399 0.4375 0.3125 0.65625 0.15625 0.65625 0.15625 0.6104854 0.04576456 0.6104854 0.2667354 0.6104854 0.2667354 0.65625 0.15625 0.5 0.3125 0.5 0.3125 0.6104854 0.2667354 0.3895146 0.2667354 0.3895146 0.2667354 0.5 0.3125 0.34375 0.15625 0.34375 0.15625 0.3895146 0.2667354 0.3895146 0.04576456 0.3895146 0.04576456 0.34375 0.15625 0.34375 0.84375 0.34375 0.84375 0.3895146 0.9542354 0.3895146 0.7332646 0.3895146 0.7332646 0.34375 0.84375 0.5 0.6875 0.5 0.6875 0.3895146 0.7332646 0.6104854 0.7332646 0.6104854 0.7332646 0.5 0.6875 0.65625 0.84375 0.65625 0.84375 0.6104854 0.7332646 0.6104854 0.9542354 0.6104854 0.9542354 0.65625 0.84375 0.6104854 0.9542354 0.6104854 0.9542354 0.6104854 0.9542354 0.3895146 0.9542354 0.3895146 0.9542354 0.3895146 0.9542354 0.6104854 0.9542354 0.6104854 0.9542354 0.6104854 0.9542354 0.3895146 0.9542354 0.3895146 0.9542354 0.3895146 0.9542354 0.3895146 0.9542354 0.3895146 0.9542354 0.3895146 0.9542354 0.6104854 0.9542354 0.6104854 0.9542354 0.6104854 0.9542354 0.3895146 0.9542354 0.3895146 0.9542354 0.3895146 0.9542354 0.6104854 0.9542354 0.6104854 0.9542354 0.6104854 0.9542354 0.375 0.3125 0.375 0.3125 0.375 0.6884399 0.4375 0.3125 0.4375 0.6884399 0.4375 0.6884399 0.6104854 0.04576456 0.65625 0.15625 0.65625 0.15625 0.6104854 0.2667354 0.6104854 0.2667354 0.65625 0.15625 0.5 0.3125 0.5 0.3125 0.6104854 0.2667354 0.5 0.3125 0.3895146 0.2667354 0.3895146 0.2667354 0.3895146 0.2667354 0.34375 0.15625 0.34375 0.15625 0.3895146 0.04576456 0.3895146 0.04576456 0.34375 0.15625 0.6104854 0.9542354 0.6104854 0.9542354 0.6104854 0.9542354 0.3895146 0.9542354 0.3895146 0.9542354 0.3895146 0.9542354 0.6104854 0.9542354 0.6104854 0.9542354 0.6104854 0.9542354 0.3895146 0.9542354 0.3895146 0.9542354 0.3895146 0.9542354 0.3895146 0.9542354 0.3895146 0.9542354 0.3895146 0.9542354 0.5 1 0.5 1 0.3895146 0.9542354 0.5 1 0.6104854 0.9542354 0.6104854 0.9542354 0.6104854 0.9542354 0.6104854 0.9542354 0.6104854 0.9542354 0.3895146 0.9542354 0.3895146 0.9542354 0.3895146 0.9542354 0.6104854 0.9542354 0.6104854 0.9542354 0.6104854 0.9542354 0.5 0.3125 0.5 0.3125 0.5 0.6884399 0.5625 0.3125 0.5625 0.6884399 0.5625 0.6884399 0.65625 0.15625 0.65625 0.15625 0.6104854 0.04576456 0.6104854 0.2667354 0.6104854 0.2667354 0.65625 0.15625 0.3895146 0.2667354 0.34375 0.15625 0.34375 0.15625 0.3895146 0.04576456 0.3895146 0.04576456 0.34375 0.15625 0.5 0 0.5 0 0.3895146 0.04576456 0.6104854 0.04576456 0.6104854 0.04576456 0.5 0 0.3895146 0.7332646 0.3895146 0.7332646 0.3895146 0.7332646 0.6104854 0.7332646 0.6104854 0.7332646 0.6104854 0.7332646 0.3895146 0.7332646 0.3895146 0.7332646 0.3895146 0.7332646 0.6104854 0.7332646 0.6104854 0.7332646 0.6104854 0.7332646 0.6104854 0.7332646 0.6104854 0.7332646 0.6104854 0.7332646 0.3895146 0.7332646 0.3895146 0.7332646 0.3895146 0.7332646 0.6104854 0.7332646 0.6104854 0.7332646 0.6104854 0.7332646 0.5 0.6875 0.5 0.6875 0.6104854 0.7332646 0.5 0.6875 0.3895146 0.7332646 0.3895146 0.7332646 0.3895146 0.7332646 0.3895146 0.7332646 0.3895146 0.7332646 0.6104854 0.7332646 0.6104854 0.7332646 0.6104854 0.7332646 0.3895146 0.7332646 0.3895146 0.7332646 0.3895146 0.7332646 0.40625 0.3125 0.40625 0.3125 0.40625 0.6884399 0.46875 0.3125 0.46875 0.6884399 0.46875 0.6884399 0.65625 0.15625 0.65625 0.15625 0.6104854 0.04576456 0.6104854 0.2667354 0.6104854 0.2667354 0.65625 0.15625 0.5 0.3125 0.5 0.3125 0.6104854 0.2667354 0.5 0.3125 0.3895146 0.2667354 0.3895146 0.2667354 0.34375 0.15625 0.34375 0.15625 0.3895146 0.2667354 0.5 0 0.6104854 0.04576456 0.6104854 0.04576456 0.5 1 0.5 1 0.5 1 0.34375 0.84375 0.34375 0.84375 0.34375 0.84375 0.5 1 0.5 1 0.5 1 0.34375 0.84375 0.34375 0.84375 0.34375 0.84375 0.5 1 0.5 1 0.5 1 0.34375 0.84375 0.34375 0.84375 0.34375 0.84375 0.34375 0.84375 0.34375 0.84375 0.34375 0.84375 0.5 1 0.5 1 0.5 1 0.34375 0.84375 0.34375 0.84375 0.34375 0.84375 0.5 1 0.5 1 0.5 1 0.34375 0.84375 0.34375 0.84375 0.34375 0.84375 0.3895146 0.9542354 0.3895146 0.9542354 0.34375 0.84375 0.3895146 0.9542354 0.5 1 0.5 1 0.5 1 0.5 1 0.5 1 0.5 0.3125 0.5 0.3125 0.5 0.6884399 0.5625 0.3125 0.5625 0.6884399 0.5625 0.6884399 0.65625 0.15625 0.65625 0.15625 0.6104854 0.04576456 0.6104854 0.2667354 0.6104854 0.2667354 0.65625 0.15625 0.3895146 0.2667354 0.34375 0.15625 0.34375 0.15625 0.3895146 0.04576456 0.3895146 0.04576456 0.34375 0.15625 0.5 0 0.5 0 0.3895146 0.04576456 0.6104854 0.04576456 0.6104854 0.04576456 0.5 0 0.3895146 0.7332646 0.3895146 0.7332646 0.3895146 0.7332646 0.6104854 0.7332646 0.6104854 0.7332646 0.6104854 0.7332646 0.3895146 0.7332646 0.3895146 0.7332646 0.3895146 0.7332646 0.6104854 0.7332646 0.6104854 0.7332646 0.6104854 0.7332646 0.5 0.6875 0.3895146 0.7332646 0.3895146 0.7332646 0.3895146 0.7332646 0.3895146 0.7332646 0.3895146 0.7332646 0.6104854 0.7332646 0.6104854 0.7332646 0.6104854 0.7332646 0.5 0.6875 0.5 0.6875 0.6104854 0.7332646 0.6104854 0.7332646 0.6104854 0.7332646 0.6104854 0.7332646 0.3895146 0.7332646 0.3895146 0.7332646 0.3895146 0.7332646 0.4375 0.6884399 0.4375 0.6884399 0.4375 0.3125 0.59375 0.3125 0.59375 0.3125 0.59375 0.6884399 0.6104854 0.2667354 0.6104854 0.2667354 0.65625 0.15625 0.5 0.3125 0.5 0.3125 0.6104854 0.2667354 0.3895146 0.2667354 0.3895146 0.2667354 0.5 0.3125 0.34375 0.15625 0.34375 0.15625 0.3895146 0.2667354 0.3895146 0.04576456 0.3895146 0.04576456 0.34375 0.15625 0.3895146 0.9542354 0.3895146 0.9542354 0.3895146 0.9542354 0.65625 0.84375 0.65625 0.84375 0.65625 0.84375 0.3895146 0.9542354 0.3895146 0.9542354 0.3895146 0.9542354 0.65625 0.84375 0.65625 0.84375 0.65625 0.84375 0.3895146 0.9542354 0.3895146 0.9542354 0.3895146 0.9542354 0.65625 0.84375 0.65625 0.84375 0.65625 0.84375 0.3895146 0.9542354 0.3895146 0.9542354 0.3895146 0.9542354 0.65625 0.84375 0.65625 0.84375 0.65625 0.84375 0.3895146 0.9542354 0.3895146 0.9542354 0.3895146 0.9542354 0.65625 0.84375 0.65625 0.84375 0.65625 0.84375 0.3895146 0.9542354 0.3895146 0.9542354 0.3895146 0.9542354 0.5 1 0.5 1 0.3895146 0.9542354 0.5 1 0.6104854 0.9542354 0.6104854 0.9542354 0.65625 0.84375 0.65625 0.84375 0.6104854 0.9542354 0.65625 0.84375 0.65625 0.84375 0.65625 0.84375 0.375 0.3125 0.375 0.3125 0.375 0.6884399 0.4375 0.3125 0.4375 0.6884399 0.4375 0.6884399 0.6104854 0.04576456 0.65625 0.15625 0.65625 0.15625 0.65625 0.15625 0.6104854 0.2667354 0.6104854 0.2667354 0.6104854 0.2667354 0.5 0.3125 0.5 0.3125 0.5 0.3125 0.3895146 0.2667354 0.3895146 0.2667354 0.3895146 0.2667354 0.34375 0.15625 0.34375 0.15625 0.3895146 0.04576456 0.3895146 0.04576456 0.34375 0.15625 0.34375 0.84375 0.34375 0.84375 0.3895146 0.9542354 0.34375 0.84375 0.3895146 0.7332646 0.3895146 0.7332646 0.3895146 0.7332646 0.5 0.6875 0.5 0.6875 0.6104854 0.7332646 0.6104854 0.7332646 0.5 0.6875 0.65625 0.84375 0.65625 0.84375 0.6104854 0.7332646 0.65625 0.84375 0.6104854 0.9542354 0.6104854 0.9542354 0.6104854 0.9542354 0.6104854 0.9542354 0.6104854 0.9542354 0.3895146 0.9542354 0.3895146 0.9542354 0.3895146 0.9542354 0.6104854 0.9542354 0.6104854 0.9542354 0.6104854 0.9542354 0.3895146 0.9542354 0.3895146 0.9542354 0.3895146 0.9542354 0.6104854 0.9542354 0.6104854 0.9542354 0.6104854 0.9542354 0.3895146 0.9542354 0.3895146 0.9542354 0.3895146 0.9542354 0.3895146 0.9542354 0.3895146 0.9542354 0.3895146 0.9542354 0.6104854 0.9542354 0.6104854 0.9542354 0.6104854 0.9542354 0.3895146 0.9542354 0.3895146 0.9542354 0.3895146 0.9542354 0.6104854 0.9542354 0.6104854 0.9542354 0.6104854 0.9542354 0.3895146 0.9542354 0.3895146 0.9542354 0.3895146 0.9542354 0.6104854 0.9542354 0.6104854 0.9542354 0.6104854 0.9542354 0.3895146 0.9542354 0.3895146 0.9542354 0.3895146 0.9542354 0.6104854 0.9542354 0.6104854 0.9542354 0.6104854 0.9542354 0.6104854 0.7332646 0.65625 0.84375 0.65625 0.84375 0.65625 0.84375 0.65625 0.84375 0.65625 0.84375 0.6104854 0.7332646 0.6104854 0.7332646 0.65625 0.84375 0.6104854 0.7332646 0.6104854 0.7332646 0.5 0.6875 0.6104854 0.7332646 0.5 0.6875 0.5 0.6875 0.5 0.6875 0.5 0.6875 0.5 0.6875 0.5 1 0.3895146 0.9542354 0.3895146 0.9542354 0.3895146 0.9542354 0.3895146 0.9542354 0.3895146 0.9542354 0.5 1 0.5 1 0.3895146 0.9542354 0.5 1 0.5 1 0.6104854 0.9542354 0.5 1 0.6104854 0.9542354 0.6104854 0.9542354 0.6104854 0.9542354 0.6104854 0.9542354 0.6104854 0.9542354 0.5 0 0.6104854 0.04576456 0.6104854 0.04576456 0.5 0 0.5 0 0.3895146 0.04576456 0.3895146 0.04576456 0.3895146 0.04576456 0.34375 0.15625 0.34375 0.15625 0.34375 0.15625 0.3895146 0.2667354 0.3895146 0.2667354 0.3895146 0.2667354 0.5 0.3125 0.6104854 0.2667354 0.5 0.3125 0.5 0.3125 0.65625 0.15625 0.6104854 0.2667354 0.6104854 0.2667354 0.6104854 0.04576456 0.65625 0.15625 0.65625 0.15625</float_array>
          <technique_common>
            <accessor source="#Mesh_001-mesh-map-0-array" count="5844" stride="2">
              <param name="S" type="float"/>
              <param name="T" type="float"/>
            </accessor>
          </technique_common>
        </source>
        <vertices id="Mesh_001-mesh-vertices">
          <input semantic="POSITION" source="#Mesh_001-mesh-positions"/>
        </vertices>
        <triangles material="deadTree_002-material" count="1120">
          <input semantic="VERTEX" source="#Mesh_001-mesh-vertices" offset="0"/>
          <input semantic="NORMAL" source="#Mesh_001-mesh-normals" offset="1"/>
          <input semantic="TEXCOORD" source="#Mesh_001-mesh-map-0" offset="2" set="0"/>
          <p>0 0 0 8 1 1 7 2 2 2 3 3 8 4 4 1 5 5 2 6 6 10 7 7 9 8 8 4 9 9 10 10 10 3 11 11 5 18 18 13 19 19 12 20 20 0 21 21 13 22 22 6 23 23 31 27 27 33 28 28 35 29 29 8 1 30 42 30 31 7 2 32 8 4 33 40 31 34 41 32 35 9 8 36 39 33 37 40 34 38 10 10 39 38 35 40 39 36 41 13 19 48 37 41 49 12 20 50 7 42 51 36 43 52 13 22 53 14 44 54 22 45 55 21 46 56 16 47 57 22 48 58 15 49 59 17 50 60 23 51 61 16 52 62 18 53 63 24 54 64 17 55 65 19 62 72 27 63 73 26 64 74 20 65 75 21 66 76 27 67 77 21 46 78 29 68 79 28 69 80 23 70 81 29 71 82 22 48 83 23 51 84 31 72 85 30 73 86 25 74 87 31 75 88 24 54 89 26 64 96 35 80 97 34 81 98 21 66 99 35 82 100 27 67 101 36 83 102 19 62 103 37 41 104 39 36 111 18 53 112 17 55 113 40 34 114 17 50 115 16 52 116 41 32 117 16 47 118 15 49 119 41 85 120 14 44 121 42 30 122 42 86 123 20 65 124 36 43 125 43 87 126 74 88 127 75 89 128 45 90 129 74 91 130 44 92 131 46 93 132 73 94 133 45 95 134 47 96 135 72 97 136 46 98 137 47 99 138 70 100 139 71 101 140 48 102 141 69 103 142 70 104 143 49 105 144 68 106 145 69 107 146 50 108 147 75 109 148 68 110 149 992 111 150 991 111 151 993 112 152 994 113 153 992 111 154 993 112 155 995 114 156 994 113 157 993 112 158 996 115 159 995 114 160 993 112 161 997 111 162 996 115 163 993 112 164 998 111 165 997 111 166 993 112 167 999 111 168 998 111 169 993 112 170 991 111 171 999 111 172 993 112 173 59 116 174 60 117 175 61 118 176 60 117 177 62 119 178 61 118 179 62 119 180 63 120 181 61 118 182 63 120 183 64 121 184 61 118 185 64 121 186 65 122 187 61 118 188 65 122 189 66 123 190 61 118 191 66 123 192 67 124 193 61 118 194 67 124 195 59 116 196 61 118 197 51 125 198 87 126 199 88 127 200 52 128 201 86 129 202 87 130 203 53 131 204 85 132 205 86 133 206 54 134 207 84 135 208 85 136 209 56 137 210 84 138 211 55 139 212 57 140 213 91 141 214 56 142 215 58 143 216 90 144 217 57 145 218 51 146 219 89 147 220 58 148 221 68 106 222 77 149 223 69 107 224 69 103 225 78 150 226 70 104 227 71 101 228 78 151 229 79 152 230 72 97 231 79 153 232 80 154 233 73 94 234 80 155 235 81 156 236 74 91 237 81 157 238 82 158 239 74 88 240 83 159 241 75 89 242 75 109 243 76 160 244 68 110 245 77 149 246 58 143 247 57 145 248 78 150 249 57 140 250 56 142 251 79 152 252 56 137 253 55 139 254 79 153 255 54 134 256 80 154 257 80 155 258 53 131 259 81 156 260 81 157 261 52 128 262 82 158 263 82 161 264 51 125 265 83 159 266 76 160 267 51 146 268 58 148 269 84 135 270 63 162 271 85 136 272 85 132 273 62 163 274 86 133 275 89 147 282 59 170 283 67 171 284 90 144 285 67 172 286 66 173 287 91 141 288 66 174 289 65 175 290 91 176 291 64 177 292 84 138 293 94 184 300 100 185 301 93 186 302 95 187 303 101 188 304 94 189 305 96 190 306 102 191 307 95 192 308 96 193 309 104 194 310 103 195 311 97 196 312 105 197 313 104 198 314 98 199 315 99 200 316 105 201 317 802 205 321 804 206 322 806 207 323 101 212 330 132 213 331 100 185 332 102 214 333 131 215 334 101 188 335 103 216 336 130 217 337 102 191 338 103 195 339 128 218 340 129 219 341 104 198 342 127 220 343 128 221 344 105 201 345 133 222 346 127 223 347 107 230 354 124 231 355 125 232 356 108 233 357 123 234 358 124 235 359 109 236 360 122 237 361 123 238 362 111 239 363 122 240 364 110 241 365 112 242 366 121 243 367 111 244 368 106 245 369 120 246 370 112 247 371 121 243 372 119 248 373 118 249 374 122 240 375 118 250 376 117 251 377 122 237 378 116 252 379 123 238 380 123 234 381 115 253 382 124 235 383 124 231 384 114 254 385 125 232 386 120 246 393 113 258 394 119 259 395 127 220 396 111 244 397 128 221 398 128 218 399 110 241 400 129 219 401 130 217 402 110 260 403 109 236 404 131 215 405 109 261 406 108 233 407 132 213 408 108 262 409 107 230 410 133 222 417 112 247 418 127 223 419 135 270 426 140 271 427 134 272 428 136 273 429 141 274 430 135 275 431 137 276 432 142 277 433 136 278 434 137 279 435 144 280 436 143 281 437 138 282 438 145 283 439 144 284 440 914 285 441 919 286 442 918 287 443 141 298 456 170 299 457 140 271 458 142 300 459 169 301 460 141 274 461 143 302 462 168 303 463 142 277 464 143 281 465 166 304 466 167 305 467 144 284 468 165 306 469 166 307 470 919 286 471 924 308 472 926 309 473 146 316 480 175 317 481 176 318 482 147 319 483 174 320 484 175 321 485 148 322 486 173 323 487 174 324 488 150 325 489 173 326 490 149 327 491 151 328 492 172 329 493 150 330 494 927 331 495 932 332 496 931 333 497 152 340 504 180 341 505 181 342 506 153 343 507 179 344 508 180 345 509 154 346 510 178 347 511 179 348 512 156 349 513 178 350 514 155 351 515 157 352 516 177 353 517 156 354 518 933 355 519 938 356 520 937 357 521 165 306 522 150 330 523 166 307 524 166 304 525 149 327 526 167 305 527 168 303 528 149 358 529 148 322 530 169 301 531 148 359 532 147 319 533 170 299 534 147 360 535 146 316 536 924 308 543 931 333 544 926 309 545 172 329 546 157 352 547 156 354 548 173 326 549 156 349 550 155 351 551 173 323 552 154 346 553 174 324 554 174 320 555 153 343 556 175 321 557 175 317 558 152 340 559 176 318 560 932 332 567 933 355 568 937 357 569 178 350 570 163 362 571 162 363 572 178 347 573 161 364 574 179 348 575 179 344 576 160 365 577 180 345 578 180 341 579 159 366 580 181 342 581 938 356 588 940 370 589 941 371 590 177 353 591 164 372 592 163 373 593 183 374 594 192 375 595 191 376 596 185 377 597 192 378 598 184 379 599 185 380 600 194 381 601 193 382 602 186 383 603 195 384 604 194 385 605 190 392 612 197 393 613 189 394 614 183 395 615 198 396 616 190 397 617 192 375 624 227 404 625 191 376 626 192 378 627 225 405 628 226 406 629 193 382 630 224 407 631 225 408 632 194 385 633 223 409 634 224 410 635 198 417 642 222 418 643 197 393 644 191 419 645 221 420 646 198 396 647 200 421 648 233 422 649 199 423 650 200 424 651 231 425 652 232 426 653 201 427 654 230 428 655 231 429 656 202 430 657 229 431 658 230 432 659 205 439 666 228 440 667 204 441 668 199 442 669 234 443 670 205 444 671 207 445 672 213 446 673 206 447 674 207 448 675 215 449 676 214 450 677 208 451 678 216 452 679 215 453 680 210 454 681 216 455 682 209 456 683 211 463 690 220 464 691 219 465 692 206 466 693 220 467 694 212 468 695 222 418 696 205 439 697 204 441 698 223 409 705 202 430 706 224 410 707 224 407 708 201 427 709 225 408 710 225 405 711 200 424 712 226 406 713 227 404 714 200 421 715 199 423 716 221 420 717 199 442 718 205 444 719 230 432 726 237 473 727 238 474 728 231 429 729 238 475 730 239 476 731 232 426 732 239 477 733 240 478 734 232 479 735 241 480 736 233 422 737 233 481 738 235 482 739 234 443 740 234 483 741 236 484 742 228 440 743 236 484 744 212 485 745 211 463 746 237 473 753 209 456 754 238 474 755 238 475 756 208 451 757 239 476 758 240 478 759 208 487 760 207 448 761 240 488 762 206 447 763 241 480 764 235 482 765 206 466 766 212 468 767 242 489 768 251 490 769 250 491 770 244 492 771 251 493 772 243 494 773 244 495 774 253 496 775 252 497 776 245 498 777 254 499 778 253 500 779 246 501 780 255 502 781 254 503 782 248 504 783 255 505 784 247 506 785 248 507 786 257 508 787 256 509 788 242 510 789 257 511 790 249 512 791 249 513 792 247 514 793 245 515 794 270 516 795 271 517 796 266 518 797 250 491 798 285 519 799 286 520 800 252 521 801 285 522 802 251 493 803 253 496 804 284 523 805 252 497 806 254 499 807 283 524 808 253 500 809 256 509 816 280 531 817 281 532 818 257 511 819 286 533 820 280 534 821 259 535 822 279 536 823 258 537 824 259 538 825 277 539 826 278 540 827 260 541 828 276 542 829 277 543 830 261 544 831 275 545 832 276 546 833 264 553 840 274 554 841 263 555 842 258 556 843 273 557 844 264 558 845 273 559 846 271 560 847 274 554 848 276 546 855 269 564 856 268 565 857 277 543 858 268 566 859 267 567 860 278 540 861 267 568 862 266 569 863 278 570 864 265 571 865 279 536 866 279 572 867 272 573 868 273 557 869 280 531 870 263 555 871 281 532 872 283 524 879 262 575 880 261 544 881 284 523 882 261 576 883 260 541 884 285 522 885 260 577 886 259 538 887 285 519 888 258 537 889 286 520 890 286 533 891 264 558 892 280 534 893 288 578 894 295 579 895 287 580 896 288 581 897 297 582 898 296 583 899 290 584 900 297 585 901 289 586 902 291 587 903 298 588 904 290 589 905 287 599 915 302 600 916 294 601 917 296 605 921 322 606 922 295 579 923 296 583 924 320 607 925 321 608 926 297 585 927 319 609 928 320 610 929 298 588 930 318 611 931 319 612 932 295 622 942 317 623 943 302 600 944 304 624 945 334 625 946 303 626 947 304 627 948 332 628 949 333 629 950 305 630 951 331 631 952 332 632 953 306 633 954 330 634 955 331 635 956 303 645 966 329 646 967 308 647 968 318 611 978 306 633 979 319 612 980 319 609 981 305 630 982 320 610 983 320 607 984 304 627 985 321 608 986 322 606 987 304 624 988 303 626 989 317 623 990 303 645 991 308 647 992 324 657 1002 312 658 1003 325 659 1004 325 660 1005 311 661 1006 326 662 1007 326 663 1008 310 664 1009 327 665 1010 328 666 1011 310 667 1012 309 668 1013 323 669 1014 309 670 1015 316 671 1016 330 634 1026 325 659 1027 331 635 1028 331 631 1029 326 662 1030 332 632 1031 332 628 1032 327 665 1033 333 629 1034 334 625 1035 327 674 1036 328 666 1037 329 646 1038 328 675 1039 323 669 1040 309 676 1041 311 677 1042 313 678 1043 335 679 1044 343 680 1045 342 681 1046 337 682 1047 343 683 1048 336 684 1049 337 685 1050 345 686 1051 344 687 1052 339 688 1053 345 689 1054 338 690 1055 340 691 1056 346 692 1057 339 693 1058 335 700 1065 348 701 1066 341 702 1067 368 706 1071 369 707 1072 370 708 1073 343 680 1074 377 709 1075 342 681 1076 343 683 1077 375 710 1078 376 711 1079 344 687 1080 374 712 1081 375 713 1082 345 689 1083 373 714 1084 374 715 1085 346 692 1086 372 716 1087 373 717 1088 342 721 1095 371 722 1096 348 701 1097 349 723 1098 357 724 1099 356 725 1100 351 726 1101 357 727 1102 350 728 1103 352 729 1104 358 730 1105 351 731 1106 353 732 1107 359 733 1108 352 734 1109 354 735 1110 360 736 1111 353 737 1112 355 744 1119 356 745 1120 362 746 1121 356 725 1122 364 747 1123 363 748 1124 358 749 1125 364 750 1126 357 727 1127 359 751 1128 365 752 1129 358 730 1130 360 753 1131 366 754 1132 359 733 1133 360 736 1134 368 755 1135 367 756 1136 356 745 1143 370 759 1144 362 746 1145 373 717 1152 354 735 1153 353 737 1154 374 715 1155 353 732 1156 352 734 1157 375 713 1158 352 729 1159 351 731 1160 376 711 1161 351 726 1162 350 728 1163 376 762 1164 349 723 1165 377 709 1166 377 763 1167 355 744 1168 371 722 1169 378 764 1170 386 765 1171 385 766 1172 380 767 1173 386 768 1174 379 769 1175 380 770 1176 388 771 1177 387 772 1178 381 773 1179 389 774 1180 388 775 1181 384 782 1188 390 783 1189 383 784 1190 378 785 1191 391 786 1192 384 787 1193 386 765 1200 419 794 1201 385 766 1202 386 768 1203 417 795 1204 418 796 1205 387 772 1206 416 797 1207 417 798 1208 388 775 1209 415 799 1210 416 800 1211 391 805 1218 414 806 1219 390 783 1220 385 807 1221 413 808 1222 391 786 1223 393 809 1224 425 810 1225 392 811 1226 393 812 1227 423 813 1228 424 814 1229 394 815 1230 422 816 1231 423 817 1232 395 818 1233 421 819 1234 422 820 1235 398 827 1242 420 828 1243 397 829 1244 392 830 1245 426 831 1246 398 832 1247 399 833 1248 407 834 1249 406 835 1250 400 836 1251 408 837 1252 407 838 1253 401 839 1254 409 840 1255 408 841 1256 403 842 1257 409 840 1258 402 843 1259 404 850 1266 412 851 1267 411 852 1268 399 853 1269 412 851 1270 405 854 1271 414 806 1272 398 827 1273 397 829 1274 415 799 1281 395 818 1282 416 800 1283 416 797 1284 394 815 1285 417 798 1286 417 795 1287 393 812 1288 418 796 1289 419 794 1290 393 809 1291 392 811 1292 413 808 1293 392 830 1294 398 832 1295 422 820 1302 429 859 1303 430 860 1304 423 817 1305 430 861 1306 431 862 1307 424 814 1308 431 863 1309 432 864 1310 424 865 1311 433 866 1312 425 810 1313 425 867 1314 427 868 1315 426 831 1316 426 869 1317 428 870 1318 420 828 1319 428 870 1320 405 871 1321 404 850 1322 429 859 1329 402 843 1330 430 860 1331 430 861 1332 401 839 1333 431 862 1334 432 864 1335 401 873 1336 400 836 1337 432 874 1338 399 833 1339 433 866 1340 427 868 1341 399 853 1342 405 854 1343 435 875 1344 442 876 1345 434 877 1346 435 878 1347 444 879 1348 443 880 1349 436 881 1350 445 882 1351 444 883 1352 440 890 1359 446 891 1360 439 892 1361 440 893 1362 448 894 1363 447 895 1364 434 896 1365 448 897 1366 441 898 1367 443 902 1371 470 903 1372 442 876 1373 443 880 1374 468 904 1375 469 905 1376 444 883 1377 467 906 1378 468 907 1379 447 912 1386 466 913 1387 446 891 1388 448 894 1389 465 914 1390 447 895 1391 442 915 1392 464 916 1393 448 897 1394 450 917 1395 484 918 1396 449 919 1397 450 920 1398 482 921 1399 483 922 1400 451 923 1401 481 924 1402 482 925 1403 454 932 1410 480 933 1411 453 934 1412 455 935 1413 479 936 1414 454 937 1415 449 938 1416 478 939 1417 455 940 1418 465 914 1419 455 935 1420 454 937 1421 466 913 1422 454 932 1423 453 934 1424 467 906 1431 451 923 1432 468 907 1433 468 904 1434 450 920 1435 469 905 1436 470 903 1437 450 917 1438 449 919 1439 464 916 1440 449 938 1441 455 940 1442 472 941 1443 463 942 1444 462 943 1445 473 944 1446 462 945 1447 461 946 1448 474 953 1455 458 954 1456 475 955 1457 475 956 1458 457 957 1459 476 958 1460 477 959 1461 457 960 1462 456 961 1463 471 962 1464 456 963 1465 463 964 1466 479 936 1467 471 965 1468 472 941 1469 480 933 1470 472 966 1471 473 944 1472 481 924 1479 475 955 1480 482 925 1481 482 921 1482 476 958 1483 483 922 1484 484 918 1485 476 967 1486 477 959 1487 478 939 1488 477 968 1489 471 962 1490 462 969 1491 463 970 1492 456 971 1493 486 972 1494 493 973 1495 485 974 1496 486 975 1497 495 976 1498 494 977 1499 488 978 1500 495 979 1501 487 980 1502 488 981 1503 497 982 1504 496 983 1505 490 984 1506 497 985 1507 489 986 1508 490 987 1509 499 988 1510 498 989 1511 492 990 1512 499 991 1513 491 992 1514 492 993 1515 493 994 1516 500 995 1517 487 996 1518 486 997 1519 490 998 1520 517 999 1521 519 1000 1522 521 1001 1523 494 1002 1524 501 1003 1525 493 973 1526 494 977 1527 503 1004 1528 502 1005 1529 495 979 1530 504 1006 1531 503 1007 1532 496 983 1533 505 1008 1534 504 1009 1535 497 985 1536 506 1010 1537 505 1011 1538 493 994 1545 507 1018 1546 500 995 1547 502 1019 1548 531 1020 1549 501 1003 1550 502 1005 1551 529 1021 1552 530 1022 1553 503 1007 1554 528 1023 1555 529 1024 1556 504 1009 1557 527 1025 1558 528 1026 1559 505 1011 1560 526 1027 1561 527 1028 1562 501 1033 1569 524 1034 1570 507 1018 1571 509 1035 1572 516 1036 1573 508 1037 1574 509 1038 1575 518 1039 1576 517 1040 1577 511 1041 1578 518 1042 1579 510 1043 1580 511 1044 1581 520 1045 1582 519 1046 1583 513 1047 1584 520 1048 1585 512 1049 1586 513 1050 1587 522 1051 1588 521 1052 1589 515 1053 1590 522 1054 1591 514 1055 1592 515 1056 1593 516 1057 1594 523 1058 1595 527 1028 1602 513 1065 1603 512 1066 1604 528 1026 1605 512 1067 1606 511 1044 1607 529 1024 1608 511 1041 1609 510 1043 1610 530 1022 1611 510 1068 1612 509 1038 1613 530 1069 1614 508 1037 1615 531 1020 1616 531 1070 1617 515 1056 1618 524 1034 1619 533 1071 1620 539 1072 1621 532 1073 1622 535 1080 1629 541 1081 1630 534 1082 1631 535 1083 1632 543 1084 1633 542 1085 1634 536 1086 1635 544 1087 1636 543 1088 1637 538 1089 1638 544 1090 1639 537 1091 1640 538 1092 1641 539 1093 1642 545 1094 1643 566 1098 1647 567 1099 1648 563 1100 1649 539 1072 1650 573 1101 1651 574 1102 1652 542 1106 1659 572 1107 1660 541 1081 1661 543 1084 1662 571 1108 1663 542 1085 1664 543 1088 1665 569 1109 1666 570 1110 1667 544 1090 1668 568 1111 1669 569 1112 1670 545 1094 1671 574 1113 1672 568 1114 1673 547 1115 1674 581 1116 1675 546 1117 1676 548 1124 1683 578 1125 1684 579 1126 1685 549 1127 1686 577 1128 1687 578 1129 1688 551 1130 1689 577 1131 1690 550 1132 1691 552 1133 1692 576 1134 1693 551 1135 1694 546 1136 1695 575 1137 1696 552 1138 1697 554 1139 1698 587 1140 1699 553 1141 1700 555 1148 1707 584 1149 1708 585 1150 1709 556 1151 1710 583 1152 1711 584 1153 1712 558 1154 1713 583 1155 1714 557 1156 1715 559 1157 1716 582 1158 1717 558 1159 1718 553 1160 1719 588 1161 1720 559 1162 1721 568 1111 1722 551 1135 1723 569 1112 1724 569 1109 1725 550 1132 1726 570 1110 1727 571 1108 1728 550 1163 1729 549 1127 1730 572 1107 1731 549 1164 1732 548 1124 1733 573 1101 1740 546 1117 1741 574 1102 1742 574 1113 1743 552 1138 1744 568 1114 1745 576 1134 1746 559 1157 1747 558 1159 1748 577 1131 1749 558 1154 1750 557 1156 1751 577 1128 1752 556 1151 1753 578 1129 1754 578 1125 1755 555 1148 1756 579 1126 1757 581 1116 1764 554 1139 1765 553 1141 1766 575 1137 1767 553 1160 1768 559 1162 1769 583 1155 1770 566 1167 1771 565 1168 1772 583 1152 1773 564 1169 1774 584 1153 1775 584 1149 1776 563 1170 1777 585 1150 1778 587 1140 1785 561 1173 1786 560 1174 1787 588 1161 1788 560 1175 1789 567 1176 1790 582 1158 1791 567 1177 1792 566 1178 1793 590 1179 1794 596 1180 1795 589 1181 1796 590 1182 1797 598 1183 1798 597 1184 1799 591 1185 1800 599 1186 1801 598 1187 1802 593 1188 1803 599 1189 1804 592 1190 1805 594 1197 1812 602 1198 1813 601 1199 1814 589 1200 1815 602 1201 1816 595 1202 1817 596 1180 1821 623 1206 1822 624 1207 1823 598 1183 1824 623 1208 1825 597 1184 1826 599 1186 1827 622 1209 1828 598 1187 1829 600 1210 1830 621 1211 1831 599 1189 1832 601 1199 1839 618 1215 1840 619 1216 1841 602 1201 1842 624 1217 1843 618 1218 1844 604 1219 1845 638 1220 1846 603 1221 1847 604 1222 1848 636 1223 1849 637 1224 1850 605 1225 1851 635 1226 1852 636 1227 1853 606 1228 1854 634 1229 1855 635 1230 1856 609 1237 1863 633 1238 1864 608 1239 1865 603 1240 1866 632 1241 1867 609 1242 1868 618 1215 1869 608 1239 1870 619 1216 1871 621 1211 1878 607 1244 1879 606 1228 1880 622 1209 1881 606 1245 1882 605 1225 1883 623 1208 1884 605 1246 1885 604 1222 1886 623 1206 1887 603 1221 1888 624 1207 1889 624 1217 1890 609 1242 1891 618 1218 1892 626 1247 1893 617 1248 1894 616 1249 1895 627 1256 1902 613 1257 1903 628 1258 1904 628 1259 1905 612 1260 1906 629 1261 1907 629 1262 1908 611 1263 1909 630 1264 1910 631 1265 1911 611 1266 1912 610 1267 1913 625 1268 1914 610 1269 1915 617 1270 1916 633 1238 1917 625 1271 1918 626 1247 1919 634 1229 1926 628 1258 1927 635 1230 1928 635 1226 1929 629 1261 1930 636 1227 1931 636 1223 1932 630 1264 1933 637 1224 1934 638 1220 1935 630 1273 1936 631 1265 1937 632 1241 1938 631 1274 1939 625 1268 1940 610 1275 1941 612 1276 1942 614 1277 1943 255 1374 2064 693 1375 2065 254 1376 2066 282 1377 2067 693 1378 2068 696 1379 2069 255 1374 2070 697 1380 2071 694 1381 2072 92 1528 2292 791 1529 2293 99 1530 2294 100 1531 2295 792 1532 2296 93 1533 2297 98 1534 2298 790 1535 2299 92 1528 2300 97 1536 2301 794 1537 2302 98 1534 2303 96 1538 2304 795 1539 2305 97 1536 2306 95 1540 2307 796 1541 2308 96 1538 2309 94 1542 2310 797 1543 2311 95 1540 2312 93 1533 2313 798 1544 2314 94 1542 2315 115 1545 2316 801 1546 2317 114 1547 2318 116 1548 2319 802 1549 2320 115 1545 2321 117 1550 2322 803 1551 2323 116 1548 2324 118 1552 2325 804 1553 2326 117 1550 2327 119 1554 2328 805 1555 2329 118 1552 2330 113 1556 2331 806 1557 2332 119 1554 2333 99 1530 2334 807 1558 2335 133 1559 2336 132 1560 2337 793 1561 2338 100 1531 2339 106 1562 2340 810 1563 2341 126 1564 2342 125 1565 2343 811 1566 2344 107 1567 2345 114 1547 2346 812 1568 2347 125 1565 2348 126 1564 2349 799 1569 2350 113 1556 2351 107 1567 2352 808 1570 2353 132 1560 2354 133 1559 2355 809 1571 2356 106 1562 2357 140 1741 2592 916 1742 2593 134 1743 2594 139 1744 2595 919 1745 2596 145 1746 2597 138 1747 2598 918 1748 2599 139 1744 2600 137 1749 2601 920 1750 2602 138 1747 2603 136 1751 2604 921 1752 2605 137 1749 2606 135 1753 2607 922 1754 2608 136 1751 2609 134 1743 2610 923 1755 2611 135 1753 2612 170 1756 2613 917 1757 2614 140 1741 2615 145 1746 2616 926 1758 2617 165 1759 2618 176 1760 2619 929 1761 2620 146 1762 2621 151 1763 2622 932 1764 2623 171 1765 2624 181 1766 2625 935 1767 2626 152 1768 2627 157 1769 2628 938 1770 2629 182 1771 2630 146 1762 2631 925 1772 2632 170 1756 2633 165 1759 2634 931 1773 2635 151 1763 2636 152 1768 2637 930 1774 2638 176 1760 2639 171 1765 2640 937 1775 2641 157 1769 2642 159 1776 2643 936 1777 2644 181 1766 2645 164 1784 2652 940 1785 2653 158 1786 2654 182 1771 2655 941 1787 2656 164 1784 2657 525 1850 2742 979 1851 2743 980 1852 2744 525 1850 2751 983 1859 2752 526 1860 2753 44 1879 2778 991 1880 2779 992 1881 2780 44 92 2781 994 1882 2782 45 90 2783 45 95 2784 995 1883 2785 46 93 2786 46 98 2787 996 1884 2788 47 96 2789 47 99 2790 997 1885 2791 48 1886 2792 49 1887 2793 997 1888 2794 998 1889 2795 50 1890 2796 998 1891 2797 999 1892 2798 43 1893 2799 999 1894 2800 991 1895 2801 0 0 2802 1 1720 2803 8 1 2804 2 3 2805 9 1896 2806 8 4 2807 2 6 2808 3 1717 2809 10 7 2810 4 9 2811 11 1897 2812 10 10 2813 5 18 2820 6 1713 2821 13 19 2822 0 21 2823 7 42 2824 13 22 2825 35 29 2841 28 1904 2842 29 1905 2843 29 1905 2844 30 1906 2845 35 29 2846 30 1906 2847 31 27 2848 35 29 2849 31 27 2850 32 1907 2851 33 28 2852 33 28 2853 34 1738 2854 35 29 2855 8 1 2856 41 85 2857 42 30 2858 8 4 2859 9 1896 2860 40 31 2861 9 8 2862 10 7 2863 39 33 2864 10 10 2865 11 1897 2866 38 35 2867 13 19 2874 36 83 2875 37 41 2876 7 42 2877 42 86 2878 36 43 2879 14 44 2880 15 1908 2881 22 45 2882 16 47 2883 23 70 2884 22 48 2885 17 50 2886 24 1909 2887 23 51 2888 18 53 2889 25 74 2890 24 54 2891 19 62 2898 20 1911 2899 27 63 2900 20 65 2901 14 1912 2902 21 66 2903 21 46 2904 22 45 2905 29 68 2906 23 70 2907 30 1913 2908 29 71 2909 23 51 2910 24 1909 2911 31 72 2912 25 74 2913 32 1914 2914 31 75 2915 26 64 2922 27 63 2923 35 80 2924 21 66 2925 28 1916 2926 35 82 2927 36 83 2928 20 1911 2929 19 62 2930 39 36 2937 38 35 2938 18 53 2939 40 34 2940 39 33 2941 17 50 2942 41 32 2943 40 31 2944 16 47 2945 41 85 2946 15 1908 2947 14 44 2948 42 86 2949 14 1912 2950 20 65 2951 43 87 2952 44 1879 2953 74 88 2954 45 90 2955 73 1917 2956 74 91 2957 46 93 2958 72 1918 2959 73 94 2960 47 96 2961 71 1919 2962 72 97 2963 47 99 2964 48 1886 2965 70 100 2966 48 102 2967 49 1887 2968 69 103 2969 49 105 2970 50 1890 2971 68 106 2972 50 108 2973 43 1893 2974 75 109 2975 51 125 2976 52 1920 2977 87 126 2978 52 128 2979 53 1921 2980 86 129 2981 53 131 2982 54 1922 2983 85 132 2984 54 134 2985 55 1923 2986 84 135 2987 56 137 2988 91 176 2989 84 138 2990 57 140 2991 90 1924 2992 91 141 2993 58 143 2994 89 1925 2995 90 144 2996 51 146 2997 88 1926 2998 89 147 2999 68 106 3000 76 1927 3001 77 149 3002 69 103 3003 77 1928 3004 78 150 3005 71 101 3006 70 100 3007 78 151 3008 72 97 3009 71 1919 3010 79 153 3011 73 94 3012 72 1918 3013 80 155 3014 74 91 3015 73 1917 3016 81 157 3017 74 88 3018 82 161 3019 83 159 3020 75 109 3021 83 1929 3022 76 160 3023 77 149 3024 76 1927 3025 58 143 3026 78 150 3027 77 1928 3028 57 140 3029 79 152 3030 78 151 3031 56 137 3032 79 153 3033 55 1923 3034 54 134 3035 80 155 3036 54 1922 3037 53 131 3038 81 157 3039 53 1921 3040 52 128 3041 82 161 3042 52 1920 3043 51 125 3044 76 160 3045 83 1929 3046 51 146 3047 84 135 3048 64 1930 3049 63 162 3050 85 132 3051 63 1931 3052 62 163 3053 89 147 3060 88 1926 3061 59 170 3062 90 144 3063 89 1925 3064 67 172 3065 91 141 3066 90 1924 3067 66 174 3068 91 176 3069 65 1934 3070 64 177 3071 94 184 3078 101 212 3079 100 185 3080 95 187 3081 102 214 3082 101 188 3083 96 190 3084 103 216 3085 102 191 3086 96 193 3087 97 1936 3088 104 194 3089 97 196 3090 98 1937 3091 105 197 3092 98 199 3093 92 1938 3094 99 200 3095 806 207 3111 799 1944 3112 800 1608 3113 800 1608 3114 801 1610 3115 802 205 3116 802 205 3117 803 1945 3118 804 206 3119 804 206 3120 805 1946 3121 806 207 3122 806 207 3123 800 1608 3124 802 205 3125 101 212 3132 131 1948 3133 132 213 3134 102 214 3135 130 1949 3136 131 215 3137 103 216 3138 129 1950 3139 130 217 3140 103 195 3141 104 194 3142 128 218 3143 104 198 3144 105 197 3145 127 220 3146 105 201 3147 99 200 3148 133 222 3149 107 230 3156 108 262 3157 124 231 3158 108 233 3159 109 261 3160 123 234 3161 109 236 3162 110 260 3163 122 237 3164 111 239 3165 121 1952 3166 122 240 3167 112 242 3168 120 1953 3169 121 243 3170 106 245 3171 126 1954 3172 120 246 3173 121 243 3174 120 1953 3175 119 248 3176 122 240 3177 121 1952 3178 118 250 3179 122 237 3180 117 1955 3181 116 252 3182 123 234 3183 116 1956 3184 115 253 3185 124 231 3186 115 1957 3187 114 254 3188 120 246 3195 126 1954 3196 113 258 3197 127 220 3198 112 242 3199 111 244 3200 128 218 3201 111 239 3202 110 241 3203 130 217 3204 129 1950 3205 110 260 3206 131 215 3207 130 1949 3208 109 261 3209 132 213 3210 131 1948 3211 108 262 3212 133 222 3219 106 245 3220 112 247 3221 135 270 3228 141 298 3229 140 271 3230 136 273 3231 142 300 3232 141 274 3233 137 276 3234 143 302 3235 142 277 3236 137 279 3237 138 1960 3238 144 280 3239 138 282 3240 139 1961 3241 145 283 3242 914 285 3243 915 1962 3244 919 286 3245 141 298 3282 169 1974 3283 170 299 3284 142 300 3285 168 1975 3286 169 301 3287 143 302 3288 167 1976 3289 168 303 3290 143 281 3291 144 280 3292 166 304 3293 144 284 3294 145 283 3295 165 306 3296 919 286 3297 915 1962 3298 924 308 3299 146 316 3306 147 360 3307 175 317 3308 147 319 3309 148 359 3310 174 320 3311 148 322 3312 149 358 3313 173 323 3314 150 325 3315 172 1978 3316 173 326 3317 151 328 3318 171 1979 3319 172 329 3320 927 331 3321 928 1980 3322 932 332 3323 152 340 3330 153 1983 3331 180 341 3332 153 343 3333 154 1984 3334 179 344 3335 154 346 3336 155 1985 3337 178 347 3338 156 349 3339 177 1986 3340 178 350 3341 157 352 3342 182 1987 3343 177 353 3344 933 355 3345 934 1988 3346 938 356 3347 165 306 3348 151 328 3349 150 330 3350 166 304 3351 150 325 3352 149 327 3353 168 303 3354 167 1976 3355 149 358 3356 169 301 3357 168 1975 3358 148 359 3359 170 299 3360 169 1974 3361 147 360 3362 924 308 3369 927 331 3370 931 333 3371 172 329 3372 171 1979 3373 157 352 3374 173 326 3375 172 1978 3376 156 349 3377 173 323 3378 155 1985 3379 154 346 3380 174 320 3381 154 1984 3382 153 343 3383 175 317 3384 153 1983 3385 152 340 3386 932 332 3393 928 1980 3394 933 355 3395 178 350 3396 177 1986 3397 163 362 3398 178 347 3399 162 1989 3400 161 364 3401 179 344 3402 161 1990 3403 160 365 3404 180 341 3405 160 1811 3406 159 366 3407 938 356 3414 934 1988 3415 940 370 3416 177 353 3417 182 1987 3418 164 372 3419 183 374 3420 184 1992 3421 192 375 3422 185 377 3423 193 1993 3424 192 378 3425 185 380 3426 186 1994 3427 194 381 3428 186 383 3429 187 1995 3430 195 384 3431 190 392 3438 198 417 3439 197 393 3440 183 395 3441 191 419 3442 198 396 3443 192 375 3474 226 2007 3475 227 404 3476 192 378 3477 193 1993 3478 225 405 3479 193 382 3480 194 381 3481 224 407 3482 194 385 3483 195 384 3484 223 409 3485 198 417 3492 221 2010 3493 222 418 3494 191 419 3495 227 2011 3496 221 420 3497 200 421 3498 232 479 3499 233 422 3500 200 424 3501 201 2012 3502 231 425 3503 201 427 3504 202 2013 3505 230 428 3506 202 430 3507 203 2014 3508 229 431 3509 205 439 3516 234 483 3517 228 440 3518 199 442 3519 233 481 3520 234 443 3521 207 445 3522 214 2016 3523 213 446 3524 207 448 3525 208 487 3526 215 449 3527 208 451 3528 209 2017 3529 216 452 3530 210 454 3531 217 2018 3532 216 455 3533 211 463 3540 212 485 3541 220 464 3542 206 466 3543 213 2020 3544 220 467 3545 222 418 3546 221 2010 3547 205 439 3548 223 409 3555 203 2014 3556 202 430 3557 224 407 3558 202 2013 3559 201 427 3560 225 405 3561 201 2012 3562 200 424 3563 227 404 3564 226 2007 3565 200 421 3566 221 420 3567 227 2011 3568 199 442 3569 230 432 3576 229 431 3577 237 473 3578 231 429 3579 230 428 3580 238 475 3581 232 426 3582 231 425 3583 239 477 3584 232 479 3585 240 488 3586 241 480 3587 233 481 3588 241 2022 3589 235 482 3590 234 483 3591 235 2023 3592 236 484 3593 236 484 3594 235 2023 3595 212 485 3596 237 473 3603 210 454 3604 209 456 3605 238 475 3606 209 2017 3607 208 451 3608 240 478 3609 239 477 3610 208 487 3611 240 488 3612 207 445 3613 206 447 3614 235 482 3615 241 2022 3616 206 466 3617 242 489 3618 243 2024 3619 251 490 3620 244 492 3621 252 521 3622 251 493 3623 244 495 3624 245 2025 3625 253 496 3626 245 498 3627 246 2026 3628 254 499 3629 246 501 3630 247 2027 3631 255 502 3632 248 504 3633 256 2028 3634 255 505 3635 248 507 3636 249 2029 3637 257 508 3638 242 510 3639 250 2030 3640 257 511 3641 243 2031 3642 242 2032 3643 249 513 3644 249 513 3645 248 2033 3646 247 514 3647 247 514 3648 246 2034 3649 245 515 3650 245 515 3651 244 2035 3652 243 2031 3653 243 2031 3654 249 513 3655 245 515 3656 272 2036 3657 265 2037 3658 271 517 3659 265 2037 3660 266 518 3661 271 517 3662 266 518 3663 267 2038 3664 269 2039 3665 267 2038 3666 268 2040 3667 269 2039 3668 269 2039 3669 270 516 3670 266 518 3671 250 491 3672 251 490 3673 285 519 3674 252 521 3675 284 2041 3676 285 522 3677 253 496 3678 283 2042 3679 284 523 3680 254 499 3681 282 2043 3682 283 524 3683 256 509 3690 257 508 3691 280 531 3692 257 511 3693 250 2030 3694 286 533 3695 259 535 3696 278 570 3697 279 536 3698 259 538 3699 260 577 3700 277 539 3701 260 541 3702 261 576 3703 276 542 3704 261 544 3705 262 575 3706 275 545 3707 264 553 3714 273 559 3715 274 554 3716 258 556 3717 279 572 3718 273 557 3719 273 559 3720 272 2047 3721 271 560 3722 276 546 3729 275 545 3730 269 564 3731 277 543 3732 276 542 3733 268 566 3734 278 540 3735 277 539 3736 267 568 3737 278 570 3738 266 2049 3739 265 571 3740 279 572 3741 265 2050 3742 272 573 3743 280 531 3744 264 553 3745 263 555 3746 283 524 3753 282 2043 3754 262 575 3755 284 523 3756 283 2042 3757 261 576 3758 285 522 3759 284 2041 3760 260 577 3761 285 519 3762 259 535 3763 258 537 3764 286 533 3765 258 556 3766 264 558 3767 288 578 3768 296 605 3769 295 579 3770 288 581 3771 289 2051 3772 297 582 3773 290 584 3774 298 2052 3775 297 585 3776 291 587 3777 299 2053 3778 298 588 3779 287 599 3789 295 622 3790 302 600 3791 296 605 3807 321 2062 3808 322 606 3809 296 583 3810 297 582 3811 320 607 3812 297 585 3813 298 2052 3814 319 609 3815 298 588 3816 299 2053 3817 318 611 3818 295 622 3828 322 2066 3829 317 623 3830 304 624 3831 333 2067 3832 334 625 3833 304 627 3834 305 2068 3835 332 628 3836 305 630 3837 306 2069 3838 331 631 3839 306 633 3840 307 2070 3841 330 634 3842 303 645 3852 334 2074 3853 329 646 3854 318 611 3864 307 2070 3865 306 633 3866 319 609 3867 306 2069 3868 305 630 3869 320 607 3870 305 2068 3871 304 627 3872 322 606 3873 321 2062 3874 304 624 3875 317 623 3876 322 2066 3877 303 645 3878 324 657 3888 313 2076 3889 312 658 3890 325 660 3891 312 2077 3892 311 661 3893 326 663 3894 311 2078 3895 310 664 3896 328 666 3897 327 674 3898 310 667 3899 323 669 3900 328 675 3901 309 670 3902 330 634 3912 324 657 3913 325 659 3914 331 631 3915 325 660 3916 326 662 3917 332 628 3918 326 663 3919 327 665 3920 334 625 3921 333 2067 3922 327 674 3923 329 646 3924 334 2074 3925 328 675 3926 309 676 3927 310 2079 3928 311 677 3929 311 677 3930 312 2080 3931 313 678 3932 313 678 3933 314 1344 3934 309 676 3935 314 1344 3936 315 1341 3937 309 676 3938 315 1341 3939 316 1343 3940 309 676 3941 335 679 3942 336 1451 3943 343 680 3944 337 682 3945 344 2081 3946 343 683 3947 337 685 3948 338 1446 3949 345 686 3950 339 688 3951 346 2082 3952 345 689 3953 340 691 3954 347 2083 3955 346 692 3956 335 700 3963 342 721 3964 348 701 3965 370 708 3981 363 2090 3982 364 2091 3983 364 2091 3984 365 2092 3985 370 708 3986 365 2092 3987 366 2093 3988 370 708 3989 366 2093 3990 367 2094 3991 370 708 3992 367 2094 3993 368 706 3994 370 708 3995 343 680 3996 376 762 3997 377 709 3998 343 683 3999 344 2081 4000 375 710 4001 344 687 4002 345 686 4003 374 712 4004 345 689 4005 346 2082 4006 373 714 4007 346 692 4008 347 2083 4009 372 716 4010 342 721 4017 377 763 4018 371 722 4019 349 723 4020 350 2095 4021 357 724 4022 351 726 4023 358 749 4024 357 727 4025 352 729 4026 359 751 4027 358 730 4028 353 732 4029 360 753 4030 359 733 4031 354 735 4032 361 2096 4033 360 736 4034 355 744 4041 349 2099 4042 356 745 4043 356 725 4044 357 724 4045 364 747 4046 358 749 4047 365 2100 4048 364 750 4049 359 751 4050 366 2101 4051 365 752 4052 360 753 4053 367 2102 4054 366 754 4055 360 736 4056 361 2096 4057 368 755 4058 356 745 4065 363 2105 4066 370 759 4067 373 717 4074 372 716 4075 354 735 4076 374 715 4077 373 714 4078 353 732 4079 375 713 4080 374 712 4081 352 729 4082 376 711 4083 375 710 4084 351 726 4085 376 762 4086 350 2095 4087 349 723 4088 377 763 4089 349 2099 4090 355 744 4091 378 764 4092 379 1486 4093 386 765 4094 380 767 4095 387 2106 4096 386 768 4097 380 770 4098 381 1484 4099 388 771 4100 381 773 4101 382 1480 4102 389 774 4103 384 782 4110 391 805 4111 390 783 4112 378 785 4113 385 807 4114 391 786 4115 386 765 4146 418 2118 4147 419 794 4148 386 768 4149 387 2106 4150 417 795 4151 387 772 4152 388 771 4153 416 797 4154 388 775 4155 389 774 4156 415 799 4157 391 805 4164 413 2120 4165 414 806 4166 385 807 4167 419 2121 4168 413 808 4169 393 809 4170 424 865 4171 425 810 4172 393 812 4173 394 2122 4174 423 813 4175 394 815 4176 395 2123 4177 422 816 4178 395 818 4179 396 2124 4180 421 819 4181 398 827 4188 426 869 4189 420 828 4190 392 830 4191 425 867 4192 426 831 4193 399 833 4194 400 2126 4195 407 834 4196 400 836 4197 401 873 4198 408 837 4199 401 839 4200 402 2127 4201 409 840 4202 403 842 4203 410 1508 4204 409 840 4205 404 850 4212 405 871 4213 412 851 4214 399 853 4215 406 1496 4216 412 851 4217 414 806 4218 413 2120 4219 398 827 4220 415 799 4227 396 2124 4228 395 818 4229 416 797 4230 395 2123 4231 394 815 4232 417 795 4233 394 2122 4234 393 812 4235 419 794 4236 418 2118 4237 393 809 4238 413 808 4239 419 2121 4240 392 830 4241 422 820 4248 421 819 4249 429 859 4250 423 817 4251 422 816 4252 430 861 4253 424 814 4254 423 813 4255 431 863 4256 424 865 4257 432 874 4258 433 866 4259 425 867 4260 433 2130 4261 427 868 4262 426 869 4263 427 2131 4264 428 870 4265 428 870 4266 427 2131 4267 405 871 4268 429 859 4275 403 842 4276 402 843 4277 430 861 4278 402 2127 4279 401 839 4280 432 864 4281 431 863 4282 401 873 4283 432 874 4284 400 2126 4285 399 833 4286 427 868 4287 433 2130 4288 399 853 4289 435 875 4290 443 902 4291 442 876 4292 435 878 4293 436 2132 4294 444 879 4295 436 881 4296 437 2133 4297 445 882 4298 440 890 4305 447 912 4306 446 891 4307 440 893 4308 441 2136 4309 448 894 4310 434 896 4311 442 915 4312 448 897 4313 443 902 4329 469 2140 4330 470 903 4331 443 880 4332 444 879 4333 468 904 4334 444 883 4335 445 882 4336 467 906 4337 447 912 4344 465 2141 4345 466 913 4346 448 894 4347 464 2142 4348 465 914 4349 442 915 4350 470 2143 4351 464 916 4352 450 917 4353 483 2144 4354 484 918 4355 450 920 4356 451 2145 4357 482 921 4358 451 923 4359 452 2146 4360 481 924 4361 454 932 4368 479 2149 4369 480 933 4370 455 935 4371 478 2150 4372 479 936 4373 449 938 4374 484 2151 4375 478 939 4376 465 914 4377 464 2142 4378 455 935 4379 466 913 4380 465 2141 4381 454 932 4382 467 906 4389 452 2146 4390 451 923 4391 468 904 4392 451 2145 4393 450 920 4394 470 903 4395 469 2140 4396 450 917 4397 464 916 4398 470 2143 4399 449 938 4400 472 941 4401 471 965 4402 463 942 4403 473 944 4404 472 966 4405 462 945 4406 474 953 4413 459 2154 4414 458 954 4415 475 956 4416 458 2155 4417 457 957 4418 477 959 4419 476 967 4420 457 960 4421 471 962 4422 477 968 4423 456 963 4424 479 936 4425 478 2150 4426 471 965 4427 480 933 4428 479 2149 4429 472 966 4430 481 924 4437 474 953 4438 475 955 4439 482 921 4440 475 956 4441 476 958 4442 484 918 4443 483 2144 4444 476 967 4445 478 939 4446 484 2151 4447 477 968 4448 456 971 4449 457 2156 4450 458 2157 4451 458 2157 4452 459 2158 4453 456 971 4454 459 2158 4455 460 1305 4456 456 971 4457 460 1305 4458 461 1307 4459 456 971 4460 461 1307 4461 462 969 4462 456 971 4463 486 972 4464 494 1002 4465 493 973 4466 486 975 4467 487 2159 4468 495 976 4469 488 978 4470 496 2160 4471 495 979 4472 488 981 4473 489 2161 4474 497 982 4475 490 984 4476 498 2162 4477 497 985 4478 490 987 4479 491 2163 4480 499 988 4481 492 990 4482 500 2164 4483 499 991 4484 492 993 4485 485 2165 4486 493 994 4487 486 997 4488 485 2166 4489 490 998 4490 485 2166 4491 492 2167 4492 490 998 4493 492 2167 4494 491 2168 4495 490 998 4496 490 998 4497 489 2169 4498 488 2170 4499 488 2170 4500 487 996 4501 490 998 4502 523 2171 4503 516 2172 4504 517 999 4505 517 999 4506 518 2173 4507 519 1000 4508 519 1000 4509 520 2174 4510 521 1001 4511 521 1001 4512 522 2175 4513 523 2171 4514 523 2171 4515 517 999 4516 521 1001 4517 494 1002 4518 502 1019 4519 501 1003 4520 494 977 4521 495 976 4522 503 1004 4523 495 979 4524 496 2160 4525 504 1006 4526 496 983 4527 497 982 4528 505 1008 4529 497 985 4530 498 2162 4531 506 1010 4532 493 994 4539 501 1033 4540 507 1018 4541 502 1019 4542 530 1069 4543 531 1020 4544 502 1005 4545 503 1004 4546 529 1021 4547 503 1007 4548 504 1006 4549 528 1023 4550 504 1009 4551 505 1008 4552 527 1025 4553 505 1011 4554 506 1010 4555 526 1027 4556 501 1033 4563 531 1070 4564 524 1034 4565 509 1035 4566 517 2178 4567 516 1036 4568 509 1038 4569 510 1068 4570 518 1039 4571 511 1041 4572 519 2179 4573 518 1042 4574 511 1044 4575 512 1067 4576 520 1045 4577 513 1047 4578 521 2180 4579 520 1048 4580 513 1050 4581 514 2181 4582 522 1051 4583 515 1053 4584 523 2182 4585 522 1054 4586 515 1056 4587 508 2183 4588 516 1057 4589 527 1028 4596 526 1027 4597 513 1065 4598 528 1026 4599 527 1025 4600 512 1067 4601 529 1024 4602 528 1023 4603 511 1041 4604 530 1022 4605 529 1021 4606 510 1068 4607 530 1069 4608 509 1035 4609 508 1037 4610 531 1070 4611 508 2183 4612 515 1056 4613 533 1071 4614 540 2186 4615 539 1072 4616 535 1080 4623 542 1106 4624 541 1081 4625 535 1083 4626 536 1669 4627 543 1084 4628 536 1086 4629 537 1668 4630 544 1087 4631 538 1089 4632 545 2188 4633 544 1090 4634 538 1092 4635 532 1665 4636 539 1093 4637 567 1099 4653 560 2194 4654 563 1100 4655 560 2194 4656 561 2195 4657 563 1100 4658 561 2195 4659 562 1699 4660 563 1100 4661 563 1100 4662 564 2196 4663 565 2197 4664 565 2197 4665 566 1098 4666 563 1100 4667 539 1072 4668 540 2186 4669 573 1101 4670 542 1106 4677 571 2200 4678 572 1107 4679 543 1084 4680 570 2201 4681 571 1108 4682 543 1088 4683 544 1087 4684 569 1109 4685 544 1090 4686 545 2188 4687 568 1111 4688 545 1094 4689 539 1093 4690 574 1113 4691 547 1115 4692 580 2202 4693 581 1116 4694 548 1124 4701 549 1164 4702 578 1125 4703 549 1127 4704 550 1163 4705 577 1128 4706 551 1130 4707 576 2203 4708 577 1131 4709 552 1133 4710 575 2204 4711 576 1134 4712 546 1136 4713 581 2205 4714 575 1137 4715 554 1139 4716 586 2206 4717 587 1140 4718 555 1148 4725 556 2209 4726 584 1149 4727 556 1151 4728 557 2210 4729 583 1152 4730 558 1154 4731 582 2211 4732 583 1155 4733 559 1157 4734 588 2212 4735 582 1158 4736 553 1160 4737 587 2213 4738 588 1161 4739 568 1111 4740 552 1133 4741 551 1135 4742 569 1109 4743 551 1130 4744 550 1132 4745 571 1108 4746 570 2201 4747 550 1163 4748 572 1107 4749 571 2200 4750 549 1164 4751 573 1101 4758 547 1115 4759 546 1117 4760 574 1113 4761 546 1136 4762 552 1138 4763 576 1134 4764 575 2204 4765 559 1157 4766 577 1131 4767 576 2203 4768 558 1154 4769 577 1128 4770 557 2210 4771 556 1151 4772 578 1125 4773 556 2209 4774 555 1148 4775 581 1116 4782 580 2202 4783 554 1139 4784 575 1137 4785 581 2205 4786 553 1160 4787 583 1155 4788 582 2211 4789 566 1167 4790 583 1152 4791 565 2214 4792 564 1169 4793 584 1149 4794 564 2215 4795 563 1170 4796 587 1140 4803 586 2206 4804 561 1173 4805 588 1161 4806 587 2213 4807 560 1175 4808 582 1158 4809 588 2212 4810 567 1177 4811 590 1179 4812 597 2218 4813 596 1180 4814 590 1182 4815 591 1631 4816 598 1183 4817 591 1185 4818 592 1629 4819 599 1186 4820 593 1188 4821 600 1210 4822 599 1189 4823 594 1197 4830 595 1625 4831 602 1198 4832 589 1200 4833 596 2221 4834 602 1201 4835 596 1180 4851 597 2218 4852 623 1206 4853 598 1183 4854 622 2227 4855 623 1208 4856 599 1186 4857 621 2228 4858 622 1209 4859 600 1210 4860 620 2229 4861 621 1211 4862 601 1199 4869 602 1198 4870 618 1215 4871 602 1201 4872 596 2221 4873 624 1217 4874 604 1219 4875 637 2231 4876 638 1220 4877 604 1222 4878 605 1246 4879 636 1223 4880 605 1225 4881 606 1245 4882 635 1226 4883 606 1228 4884 607 1244 4885 634 1229 4886 609 1237 4893 632 2233 4894 633 1238 4895 603 1240 4896 638 2234 4897 632 1241 4898 618 1215 4899 609 1237 4900 608 1239 4901 621 1211 4908 620 2229 4909 607 1244 4910 622 1209 4911 621 2228 4912 606 1245 4913 623 1208 4914 622 2227 4915 605 1246 4916 623 1206 4917 604 1219 4918 603 1221 4919 624 1217 4920 603 1240 4921 609 1242 4922 626 1247 4923 625 1271 4924 617 1248 4925 627 1256 4932 614 2236 4933 613 1257 4934 628 1259 4935 613 2237 4936 612 1260 4937 629 1262 4938 612 2238 4939 611 1263 4940 631 1265 4941 630 1273 4942 611 1266 4943 625 1268 4944 631 1274 4945 610 1269 4946 633 1238 4947 632 2233 4948 625 1271 4949 634 1229 4956 627 1256 4957 628 1258 4958 635 1226 4959 628 1259 4960 629 1261 4961 636 1223 4962 629 1262 4963 630 1264 4964 638 1220 4965 637 2231 4966 630 1273 4967 632 1241 4968 638 2234 4969 631 1274 4970 610 1275 4971 611 2239 4972 612 1276 4973 612 1276 4974 613 2240 4975 614 1277 4976 614 1277 4977 615 1648 4978 610 1275 4979 615 1648 4980 616 1650 4981 610 1275 4982 616 1650 4983 617 2241 4984 610 1275 4985 255 1374 5106 694 1381 5107 693 1375 5108 282 1377 5109 254 2255 5110 693 1378 5111 255 1374 5112 256 2256 5113 697 1380 5114 92 1528 5334 790 1535 5335 791 1529 5336 100 1531 5337 793 1561 5338 792 1532 5339 98 1534 5340 794 1537 5341 790 1535 5342 97 1536 5343 795 1539 5344 794 1537 5345 96 1538 5346 796 1541 5347 795 1539 5348 95 1540 5349 797 1543 5350 796 1541 5351 94 1542 5352 798 1544 5353 797 1543 5354 93 1533 5355 792 1532 5356 798 1544 5357 115 1545 5358 802 1549 5359 801 1546 5360 116 1548 5361 803 1551 5362 802 1549 5363 117 1550 5364 804 1553 5365 803 1551 5366 118 1552 5367 805 1555 5368 804 1553 5369 119 1554 5370 806 1557 5371 805 1555 5372 113 1556 5373 799 1569 5374 806 1557 5375 99 1530 5376 791 1529 5377 807 1558 5378 132 1560 5379 808 1570 5380 793 1561 5381 106 1562 5382 809 1571 5383 810 1563 5384 125 1565 5385 812 1568 5386 811 1566 5387 114 1547 5388 801 1546 5389 812 1568 5390 126 1564 5391 810 1563 5392 799 1569 5393 107 1567 5394 811 1566 5395 808 1570 5396 133 1559 5397 807 1558 5398 809 1571 5399 140 1741 5634 917 1757 5635 916 1742 5636 139 1744 5637 918 1748 5638 919 1745 5639 138 1747 5640 920 1750 5641 918 1748 5642 137 1749 5643 921 1752 5644 920 1750 5645 136 1751 5646 922 1754 5647 921 1752 5648 135 1753 5649 923 1755 5650 922 1754 5651 134 1743 5652 916 1742 5653 923 1755 5654 170 1756 5655 925 1772 5656 917 1757 5657 145 1746 5658 919 1745 5659 926 1758 5660 176 1760 5661 930 1774 5662 929 1761 5663 151 1763 5664 931 1773 5665 932 1764 5666 181 1766 5667 936 1777 5668 935 1767 5669 157 1769 5670 937 1775 5671 938 1770 5672 146 1762 5673 929 1761 5674 925 1772 5675 165 1759 5676 926 1758 5677 931 1773 5678 152 1768 5679 935 1767 5680 930 1774 5681 171 1765 5682 932 1764 5683 937 1775 5684 159 1776 5685 939 2302 5686 936 1777 5687 164 1784 5694 941 1787 5695 940 1785 5696 182 1771 5697 938 1770 5698 941 1787 5699 525 1850 5784 524 2316 5785 979 1851 5786 525 1850 5793 980 1852 5794 983 1859 5795 44 1879 5820 43 87 5821 991 1880 5822 44 92 5823 992 2323 5824 994 1882 5825 45 95 5826 994 2324 5827 995 1883 5828 46 98 5829 995 2325 5830 996 1884 5831 47 99 5832 996 2326 5833 997 1885 5834 49 1887 5835 48 102 5836 997 1888 5837 50 1890 5838 49 105 5839 998 1891 5840 43 1893 5841 50 108 5842 999 1894 5843</p>
        </triangles>
        <triangles material="deadTree_001-material" count="828">
          <input semantic="VERTEX" source="#Mesh_001-mesh-vertices" offset="0"/>
          <input semantic="NORMAL" source="#Mesh_001-mesh-normals" offset="1"/>
          <input semantic="TEXCOORD" source="#Mesh_001-mesh-map-0" offset="2" set="0"/>
          <p>891 12 12 893 13 13 894 14 14 895 15 15 893 16 16 892 17 17 901 24 24 897 25 25 899 26 26 894 14 42 902 37 43 903 38 44 896 39 45 902 40 46 893 16 47 906 56 66 908 57 67 905 58 68 906 59 69 910 60 70 907 61 71 907 76 90 912 77 91 908 57 92 907 61 93 913 78 94 911 79 95 904 84 105 906 59 106 902 40 107 903 38 108 906 56 109 905 58 110 985 164 276 988 165 277 986 166 278 989 167 279 988 168 280 990 169 281 813 178 294 815 179 295 816 180 296 817 181 297 815 182 298 814 183 299 819 202 318 821 203 319 823 204 320 816 180 324 824 208 325 825 209 326 818 210 327 824 211 328 815 182 329 828 224 348 830 225 349 827 226 350 828 227 351 832 228 352 829 229 353 832 228 387 834 255 388 829 229 389 830 225 390 834 256 391 835 257 392 824 211 411 831 263 412 828 227 413 824 208 414 827 226 415 825 209 416 942 264 420 944 265 421 945 266 422 946 267 423 944 268 424 943 269 425 948 288 444 950 289 445 952 290 446 955 291 447 957 292 448 958 293 449 945 266 450 961 294 451 962 295 452 947 296 453 961 297 454 944 268 455 965 310 474 967 311 475 964 312 476 965 313 477 969 314 478 966 315 479 971 334 498 973 335 499 970 336 500 971 337 501 975 338 502 972 339 503 961 297 537 968 361 538 965 313 539 961 294 540 964 312 541 962 295 542 969 314 561 971 337 562 966 315 563 967 311 564 971 334 565 970 336 566 975 338 582 977 367 583 972 339 584 973 335 585 977 368 586 978 369 587 188 386 606 195 387 607 187 388 608 188 389 609 197 390 610 196 391 611 184 398 618 190 399 619 188 400 620 216 401 621 218 402 622 220 403 623 708 411 636 710 412 637 711 413 638 712 414 639 710 415 640 709 416 641 714 433 660 716 434 661 717 435 662 718 436 663 716 437 664 715 438 665 721 457 684 723 458 685 720 459 686 721 460 687 725 461 688 722 462 689 710 415 699 718 436 700 715 438 701 710 412 702 714 433 703 711 413 704 719 469 720 727 470 721 716 437 722 717 435 723 727 471 724 728 472 725 727 470 747 724 486 748 721 460 749 727 471 750 720 459 751 728 472 752 694 525 810 696 526 811 693 527 812 694 528 813 698 529 814 695 530 815 699 547 834 701 548 835 702 549 836 703 550 837 701 551 838 700 552 839 701 551 849 705 561 850 706 562 851 701 548 852 707 563 853 702 549 854 698 529 873 700 552 874 695 530 875 696 526 876 700 574 877 699 547 878 787 590 906 789 591 907 786 592 908 292 593 909 301 594 910 300 595 911 293 596 912 302 597 913 301 598 914 289 602 918 288 603 919 292 604 920 660 613 933 662 614 934 663 615 935 664 616 936 662 617 937 661 618 938 666 619 939 665 620 940 664 621 941 668 636 957 670 637 958 671 638 959 672 639 960 670 640 961 669 641 962 674 642 963 673 643 964 672 644 965 665 620 969 674 642 970 672 644 971 662 617 972 672 639 973 669 641 974 662 614 975 668 636 976 663 615 977 677 648 993 678 649 994 679 650 995 680 651 996 679 652 997 681 653 998 680 654 999 683 655 1000 682 656 1001 673 643 1017 676 672 1018 677 648 1019 670 640 1020 677 673 1021 680 651 1022 670 637 1023 682 656 1024 671 638 1025 729 694 1059 731 695 1060 732 696 1061 733 697 1062 731 698 1063 730 699 1064 736 703 1068 738 704 1069 735 705 1070 731 695 1089 741 718 1090 732 696 1091 734 719 1092 740 720 1093 731 698 1094 743 738 1113 745 739 1114 746 740 1115 744 741 1116 748 742 1117 745 743 1118 745 739 1137 750 757 1138 746 740 1139 748 742 1140 749 758 1141 745 743 1142 742 760 1146 744 741 1147 740 720 1148 740 761 1149 743 738 1150 741 718 1151 752 776 1182 754 777 1183 755 778 1184 756 779 1185 754 780 1186 753 781 1187 762 788 1194 758 789 1195 760 790 1196 770 791 1197 764 792 1198 766 793 1199 755 778 1212 771 801 1213 772 802 1214 757 803 1215 771 804 1216 754 780 1217 774 821 1236 776 822 1237 777 823 1238 778 824 1239 776 825 1240 775 826 1241 781 844 1260 767 845 1261 780 846 1262 781 847 1263 769 848 1264 768 849 1265 771 804 1275 778 824 1276 775 826 1277 771 801 1278 774 821 1279 772 802 1280 779 855 1296 784 856 1297 776 825 1298 777 823 1299 784 857 1300 785 858 1301 784 856 1323 782 872 1324 781 847 1325 784 857 1326 780 846 1327 785 858 1328 640 884 1353 642 885 1354 639 886 1355 643 887 1356 641 888 1357 640 889 1358 436 899 1368 435 900 1369 439 901 1370 642 885 1380 645 908 1381 646 909 1382 641 888 1383 647 910 1384 645 911 1385 648 926 1404 650 927 1405 651 928 1406 649 929 1407 653 930 1408 650 931 1409 647 910 1425 649 929 1426 645 911 1427 645 908 1428 648 926 1429 646 909 1430 654 947 1449 657 948 1450 655 949 1451 655 950 1452 659 951 1453 658 952 1454 653 930 1473 655 949 1474 650 931 1475 650 927 1476 658 952 1477 651 928 1478 685 1012 1539 687 1013 1540 684 1014 1541 688 1015 1542 686 1016 1543 685 1017 1544 686 1029 1563 691 1030 1564 687 1013 1565 689 1031 1566 690 1032 1567 686 1016 1568 979 1059 1596 982 1060 1597 980 1061 1598 980 1062 1599 984 1063 1600 983 1064 1601 862 1074 1623 864 1075 1624 865 1076 1625 866 1077 1626 864 1078 1627 863 1079 1628 866 1095 1644 863 1096 1645 862 1097 1646 864 1075 1653 874 1103 1654 865 1076 1655 867 1104 1656 873 1105 1657 864 1078 1658 876 1118 1677 878 1119 1678 879 1120 1679 877 1121 1680 881 1122 1681 878 1123 1682 882 1142 1701 884 1143 1702 885 1144 1703 883 1145 1704 887 1146 1705 884 1147 1706 873 1105 1734 880 1165 1735 877 1121 1736 874 1103 1737 877 1166 1738 876 1118 1739 881 1122 1758 883 1145 1759 878 1123 1760 878 1119 1761 882 1142 1762 879 1120 1763 887 1146 1779 889 1171 1780 884 1147 1781 884 1143 1782 890 1172 1783 885 1144 1784 836 1191 1806 838 1192 1807 839 1193 1808 840 1194 1809 838 1195 1810 837 1196 1811 846 1203 1818 842 1204 1819 844 1205 1820 838 1192 1833 848 1212 1834 839 1193 1835 838 1195 1836 849 1213 1837 847 1214 1838 850 1231 1857 852 1232 1858 853 1233 1859 854 1234 1860 852 1235 1861 851 1236 1862 849 1213 1872 851 1236 1873 847 1214 1874 848 1212 1875 851 1243 1876 850 1231 1877 857 1250 1896 858 1251 1897 859 1252 1898 857 1253 1899 861 1254 1900 860 1255 1901 852 1235 1920 856 1272 1921 857 1250 1922 852 1232 1923 860 1255 1924 853 1233 1925 438 1278 1944 639 1279 1945 437 1280 1946 445 1281 1947 639 1282 1948 642 1283 1949 438 1278 1950 643 1284 1951 640 1285 1952 446 1286 1953 643 1287 1954 439 1288 1955 445 1281 1956 646 1289 1957 467 1290 1958 446 1286 1959 647 1291 1960 644 1292 1961 452 1293 1962 651 1294 1963 481 1295 1964 453 1296 1965 653 1297 1966 652 1298 1967 453 1296 1968 647 1291 1969 466 1299 1970 452 1300 1971 646 1289 1972 648 1301 1973 461 1302 1974 654 1303 1975 473 1304 1976 460 1305 1977 656 1306 1978 461 1307 1979 460 1305 1980 659 1308 1981 657 1309 1982 459 1310 1983 658 1311 1984 659 1312 1985 473 1304 1986 653 1297 1987 480 1313 1988 474 1314 1989 651 1315 1990 658 1311 1991 300 1316 1992 660 1317 1993 299 1318 1994 299 1319 1995 663 1320 1996 318 1321 1997 301 1322 1998 661 1323 1999 300 1316 2000 301 1322 2001 666 1324 2002 664 1325 2003 302 1326 2004 667 1327 2005 666 1328 2006 307 1329 2007 671 1330 2008 330 1331 2009 308 1332 2010 675 1333 2011 674 1334 2012 308 1335 2013 667 1327 2014 317 1336 2015 307 1329 2016 663 1320 2017 668 1337 2018 316 1338 2019 676 1339 2020 323 1340 2021 315 1341 2022 678 1342 2023 316 1343 2024 314 1344 2025 679 1345 2026 315 1341 2027 314 1344 2028 683 1346 2029 681 1347 2030 313 1348 2031 682 1349 2032 683 1350 2033 323 1340 2034 675 1351 2035 329 1352 2036 324 1353 2037 671 1330 2038 682 1349 2039 499 1354 2040 684 1355 2041 498 1356 2042 498 1357 2043 687 1358 2044 506 1359 2045 499 1354 2046 688 1360 2047 685 1361 2048 500 1362 2049 689 1363 2050 688 1364 2051 525 1365 2052 691 1366 2053 690 1367 2054 506 1359 2055 691 1368 2056 526 1369 2057 524 1370 2058 689 1363 2059 507 1371 2060 525 1365 2061 692 1372 2062 524 1373 2063 281 1382 2073 697 1383 2074 256 1384 2075 262 1385 2076 702 1386 2077 275 1387 2078 263 1388 2079 704 1389 2080 703 1390 2081 271 1391 2082 704 1389 2083 274 1392 2084 270 516 2085 705 1393 2086 271 517 2087 270 516 2088 707 1394 2089 706 1395 2090 269 1396 2091 702 1386 2092 707 1397 2093 281 1382 2094 703 1390 2095 698 1398 2096 282 1377 2097 699 1399 2098 262 1385 2099 196 1400 2100 708 1401 2101 195 1402 2102 195 1403 2103 711 1404 2104 223 1405 2105 196 1400 2106 712 1406 2107 709 1407 2108 197 1408 2109 713 1409 2110 712 1410 2111 203 1411 2112 717 1412 2113 229 1413 2114 204 1414 2115 719 1415 2116 718 1416 2117 218 402 2118 723 1417 2119 722 1418 2120 217 1419 2121 720 1420 2122 723 1421 2123 219 1422 2124 724 1423 2125 211 1424 2126 218 402 2127 725 1425 2128 219 1426 2129 204 1414 2130 713 1409 2131 222 1427 2132 203 1411 2133 711 1404 2134 714 1428 2135 228 1429 2136 726 1430 2137 719 1415 2138 229 1413 2139 728 1431 2140 237 1432 2141 211 1424 2142 726 1430 2143 236 1433 2144 210 1434 2145 728 1431 2146 720 1420 2147 340 1435 2148 732 1436 2149 347 1437 2150 341 1438 2151 734 1439 2152 733 1440 2153 341 702 2154 735 1441 2155 335 700 2156 340 691 2157 736 1442 2158 729 1443 2159 339 688 2160 737 1444 2161 736 1445 2162 338 1446 2163 738 1447 2164 737 1448 2165 336 684 2166 738 1449 2167 337 682 2168 335 679 2169 739 1450 2170 336 1451 2171 347 1437 2172 741 1452 2173 372 1453 2174 348 1454 2175 742 1455 2176 734 1439 2177 361 1456 2178 743 1457 2179 746 1458 2180 362 1459 2181 747 1460 2182 355 1461 2183 369 707 2184 750 1462 2185 749 1463 2186 361 1456 2187 750 1464 2188 368 1465 2189 362 1459 2190 751 1466 2191 748 1467 2192 369 707 2193 751 1468 2194 370 708 2195 355 1461 2196 742 1455 2197 371 1469 2198 354 1470 2199 741 1452 2200 743 1457 2201 382 1471 2202 755 1472 2203 389 1473 2204 383 1474 2205 757 1475 2206 756 1476 2207 378 785 2208 758 1477 2209 759 1478 2210 383 784 2211 758 1479 2212 384 782 2213 382 1480 2214 760 1481 2215 752 1482 2216 380 770 2217 760 1483 2218 381 1484 2219 379 769 2220 761 1485 2221 380 767 2222 379 1486 2223 759 1487 2224 762 1488 2225 406 835 2226 764 1489 2227 763 1490 2228 408 837 2229 764 1491 2230 407 838 2231 408 841 2232 766 1492 2233 765 1493 2234 409 840 2235 767 1494 2236 766 1492 2237 412 851 2238 769 1495 2239 411 852 2240 406 1496 2241 770 1497 2242 412 851 2243 389 1473 2244 772 1498 2245 415 1499 2246 390 1500 2247 773 1501 2248 757 1475 2249 396 1502 2250 777 1503 2251 421 1504 2252 397 1505 2253 779 1506 2254 778 1507 2255 410 1508 2256 780 1509 2257 767 1494 2258 411 852 2259 782 1510 2260 404 1511 2261 397 1505 2262 773 1501 2263 414 1512 2264 396 1502 2265 772 1498 2266 774 1513 2267 420 1514 2268 783 1515 2269 779 1506 2270 421 1504 2271 785 1516 2272 429 1517 2273 404 1511 2274 783 1515 2275 428 1518 2276 403 1519 2277 785 1516 2278 780 1509 2279 292 1520 2280 786 1521 2281 291 1522 2282 300 1523 2283 787 1524 2284 292 1520 2285 299 1525 2286 788 1526 2287 300 1523 2288 291 1522 2289 789 1527 2290 299 1525 2291 790 1572 2358 816 1573 2359 791 1574 2360 792 1575 2361 818 1576 2362 817 1577 2363 790 1578 2364 819 1579 2365 813 1580 2366 795 1581 2367 819 1582 2368 794 1583 2369 796 1584 2370 820 1585 2371 795 1586 2372 796 1587 2373 822 1588 2374 821 1589 2375 797 1590 2376 823 1591 2377 822 1592 2378 792 1593 2379 823 1594 2380 798 1595 2381 791 1574 2382 825 1596 2383 807 1597 2384 793 1598 2385 826 1599 2386 818 1576 2387 810 1600 2388 827 1601 2389 830 1602 2390 812 1603 2391 831 1604 2392 811 1605 2393 812 1603 2394 833 1606 2395 832 1607 2396 800 1608 2397 833 1609 2398 801 1610 2399 800 1608 2400 835 1611 2401 834 1612 2402 810 1600 2403 835 1613 2404 799 1614 2405 811 1605 2406 826 1599 2407 808 1615 2408 809 1616 2409 825 1596 2410 827 1601 2411 593 1617 2412 839 1618 2413 600 1619 2414 594 1620 2415 841 1621 2416 840 1622 2417 595 1202 2418 843 1623 2419 589 1200 2420 594 1197 2421 842 1624 2422 595 1625 2423 593 1188 2424 844 1626 2425 836 1627 2426 591 1185 2427 844 1628 2428 592 1629 2429 590 1182 2430 845 1630 2431 591 1631 2432 589 1181 2433 846 1632 2434 590 1179 2435 620 1633 2436 839 1618 2437 848 1634 2438 619 1635 2439 841 1621 2440 601 1636 2441 607 1637 2442 853 1638 2443 634 1639 2444 608 1640 2445 855 1641 2446 854 1642 2447 608 1640 2448 849 1643 2449 619 1635 2450 607 1637 2451 848 1634 2452 850 1644 2453 616 1645 2454 856 1646 2455 626 1647 2456 615 1648 2457 858 1649 2458 616 1650 2459 615 1648 2460 861 1651 2461 859 1652 2462 614 1653 2463 860 1654 2464 861 1655 2465 626 1647 2466 855 1641 2467 633 1656 2468 627 1657 2469 853 1638 2470 860 1654 2471 533 1658 2472 865 1659 2473 540 1660 2474 534 1661 2475 867 1662 2476 866 1663 2477 538 1092 2478 869 1664 2479 532 1665 2480 537 1091 2481 868 1666 2482 538 1089 2483 536 1086 2484 870 1667 2485 537 1668 2486 536 1669 2487 872 1670 2488 871 1671 2489 534 1082 2490 872 1672 2491 535 1080 2492 533 1071 2493 869 1673 2494 862 1674 2495 540 1660 2496 874 1675 2497 573 1676 2498 541 1677 2499 875 1678 2500 867 1662 2501 580 1679 2502 876 1680 2503 879 1681 2504 579 1682 2505 880 1683 2506 548 1684 2507 586 1685 2508 882 1686 2509 885 1687 2510 585 1688 2511 886 1689 2512 555 1690 2513 548 1684 2514 875 1678 2515 572 1691 2516 547 1692 2517 874 1675 2518 876 1680 2519 579 1693 2520 886 1694 2521 881 1695 2522 580 1679 2523 882 1686 2524 554 1696 2525 585 1688 2526 888 1697 2527 887 1698 2528 562 1699 2529 888 1700 2530 563 1100 2531 562 1699 2532 890 1701 2533 889 1702 2534 586 1685 2535 890 1703 2536 561 1704 2537 4 1705 2538 894 1706 2539 11 1707 2540 5 1708 2541 896 1709 2542 895 1710 2543 6 23 2544 898 1711 2545 0 21 2546 5 18 2547 897 1712 2548 6 1713 2549 4 9 2550 899 1714 2551 891 1715 2552 2 6 2553 899 1716 2554 3 1717 2555 1 5 2556 900 1718 2557 2 3 2558 0 0 2559 901 1719 2560 1 1720 2561 11 1707 2562 903 1721 2563 38 1722 2564 12 1723 2565 904 1724 2566 896 1709 2567 25 1725 2568 905 1726 2569 908 1727 2570 26 1728 2571 909 1729 2572 19 1730 2573 33 28 2574 912 1731 2575 911 1732 2576 25 1725 2577 912 1733 2578 32 1734 2579 26 1728 2580 913 1735 2581 910 1736 2582 33 28 2583 913 1737 2584 34 1738 2585 19 1730 2586 904 1724 2587 37 1739 2588 18 1740 2589 903 1721 2590 905 1726 2591 954 1778 2646 976 1779 2647 955 1780 2648 954 1781 2649 978 1782 2650 977 1783 2651 914 1788 2658 945 1789 2659 915 1790 2660 916 1791 2661 947 1792 2662 946 1793 2663 914 285 2664 948 1794 2665 942 1795 2666 918 1796 2667 949 1797 2668 948 1798 2669 920 1799 2670 950 1800 2671 949 1801 2672 921 1802 2673 951 1803 2674 950 1804 2675 922 1805 2676 952 1806 2677 951 1807 2678 916 1808 2679 952 1809 2680 923 1810 2681 160 1811 2682 955 1812 2683 159 366 2684 160 365 2685 957 1813 2686 956 1814 2687 161 364 2688 958 1815 2689 957 1816 2690 163 362 2691 958 1817 2692 162 363 2693 164 372 2694 959 1818 2695 163 373 2696 164 1819 2697 953 1820 2698 960 1821 2699 915 1790 2700 962 1822 2701 924 1823 2702 917 1824 2703 963 1825 2704 947 1792 2705 928 1826 2706 964 1827 2707 967 1828 2708 930 1829 2709 968 1830 2710 929 1831 2711 934 1832 2712 970 1833 2713 973 1834 2714 936 1835 2715 974 1836 2716 935 1837 2717 929 1831 2718 963 1825 2719 925 1838 2720 927 1839 2721 962 1822 2722 964 1827 2723 930 1829 2724 974 1836 2725 969 1840 2726 928 1826 2727 970 1833 2728 933 1841 2729 939 1842 2730 975 1843 2731 936 1835 2732 940 1844 2733 973 1834 2734 978 1845 2735 159 1846 2736 976 1847 2737 939 1842 2738 158 1848 2739 978 1845 2740 953 1849 2741 515 1853 2745 979 1854 2746 524 1855 2747 514 1856 2748 981 1857 2749 515 1858 2750 514 1856 2754 984 1861 2755 982 1862 2756 526 1863 2757 984 1864 2758 513 1864 2759 87 1865 2760 985 1866 2761 986 1867 2762 86 1868 2763 987 1869 2764 985 1870 2765 60 117 2766 987 1871 2767 62 119 2768 87 1865 2769 989 1872 2770 88 1873 2771 60 117 2772 990 1874 2773 988 1875 2774 59 1876 2775 989 1877 2776 990 1878 2777 891 12 2814 892 1898 2815 893 13 2816 895 15 2817 896 39 2818 893 16 2819 901 24 2826 898 1899 2827 897 25 2828 897 25 2829 895 1900 2830 899 26 2831 895 1900 2832 892 1901 2833 891 1902 2834 899 26 2835 895 1900 2836 891 1902 2837 899 26 2838 900 1903 2839 901 24 2840 894 14 2868 893 13 2869 902 37 2870 896 39 2871 904 84 2872 902 40 2873 906 56 2892 907 76 2893 908 57 2894 906 59 2895 909 1910 2896 910 60 2897 907 76 2916 911 1915 2917 912 77 2918 907 61 2919 910 60 2920 913 78 2921 904 84 2931 909 1910 2932 906 59 2933 903 38 2934 902 37 2935 906 56 2936 985 164 3054 987 1932 3055 988 165 3056 989 167 3057 986 1933 3058 988 168 3059 813 178 3072 814 1935 3073 815 179 3074 817 181 3075 818 210 3076 815 182 3077 814 1939 3096 813 1940 3097 817 1941 3098 813 1940 3099 819 202 3100 817 1941 3101 819 202 3102 820 1942 3103 821 203 3104 821 203 3105 822 1943 3106 823 204 3107 823 204 3108 817 1941 3109 819 202 3110 816 180 3126 815 179 3127 824 208 3128 818 210 3129 826 1947 3130 824 211 3131 828 224 3150 829 1951 3151 830 225 3152 828 227 3153 831 263 3154 832 228 3155 832 228 3189 833 1958 3190 834 255 3191 830 225 3192 829 1951 3193 834 256 3194 824 211 3213 826 1947 3214 831 263 3215 824 208 3216 828 224 3217 827 226 3218 942 264 3222 943 1959 3223 944 265 3224 946 267 3225 947 296 3226 944 268 3227 943 1963 3246 942 1964 3247 946 1965 3248 942 1964 3249 948 288 3250 952 290 3251 948 288 3252 949 1966 3253 950 289 3254 950 289 3255 951 1967 3256 952 290 3257 952 290 3258 946 1965 3259 942 1964 3260 960 1968 3261 953 1969 3262 955 291 3263 953 1969 3264 954 1970 3265 955 291 3266 955 291 3267 956 1971 3268 957 292 3269 958 293 3270 959 1972 3271 955 291 3272 959 1972 3273 960 1968 3274 955 291 3275 945 266 3276 944 265 3277 961 294 3278 947 296 3279 963 1973 3280 961 297 3281 965 310 3300 966 1977 3301 967 311 3302 965 313 3303 968 361 3304 969 314 3305 971 334 3324 972 1981 3325 973 335 3326 971 337 3327 974 1982 3328 975 338 3329 961 297 3363 963 1973 3364 968 361 3365 961 294 3366 965 310 3367 964 312 3368 969 314 3387 974 1982 3388 971 337 3389 967 311 3390 966 1977 3391 971 334 3392 975 338 3408 976 1991 3409 977 367 3410 973 335 3411 972 1981 3412 977 368 3413 188 386 3432 196 1996 3433 195 387 3434 188 389 3435 189 1997 3436 197 390 3437 184 398 3444 183 1998 3445 190 399 3446 190 399 3447 189 1999 3448 188 400 3449 188 400 3450 187 2000 3451 184 398 3452 187 2000 3453 186 2001 3454 184 398 3455 186 2001 3456 185 2002 3457 184 398 3458 220 403 3459 213 2003 3460 214 2004 3461 214 2004 3462 215 2005 3463 220 403 3464 215 2005 3465 216 401 3466 220 403 3467 216 401 3468 217 2006 3469 218 402 3470 218 402 3471 219 1426 3472 220 403 3473 708 411 3486 709 2008 3487 710 412 3488 712 414 3489 713 2009 3490 710 415 3491 714 433 3510 715 2015 3511 716 434 3512 718 436 3513 719 469 3514 716 437 3515 721 457 3534 722 2019 3535 723 458 3536 721 460 3537 724 486 3538 725 461 3539 710 415 3549 713 2009 3550 718 436 3551 710 412 3552 715 2015 3553 714 433 3554 719 469 3570 726 2021 3571 727 470 3572 717 435 3573 716 434 3574 727 471 3575 727 470 3597 726 2021 3598 724 486 3599 727 471 3600 721 457 3601 720 459 3602 694 525 3684 695 2044 3685 696 526 3686 694 528 3687 697 2045 3688 698 529 3689 699 547 3708 700 574 3709 701 548 3710 703 550 3711 704 2046 3712 701 551 3713 701 551 3723 704 2046 3724 705 561 3725 701 548 3726 706 2048 3727 707 563 3728 698 529 3747 703 550 3748 700 552 3749 696 526 3750 695 2044 3751 700 574 3752 787 590 3780 788 2054 3781 789 591 3782 292 593 3783 293 2055 3784 301 594 3785 293 596 3786 294 2056 3787 302 597 3788 288 603 3792 287 2057 3793 292 604 3794 287 2057 3795 294 2058 3796 292 604 3797 294 2058 3798 293 2059 3799 292 604 3800 292 604 3801 291 2060 3802 290 2061 3803 290 2061 3804 289 602 3805 292 604 3806 660 613 3819 661 2063 3820 662 614 3821 664 616 3822 665 2064 3823 662 617 3824 666 619 3825 667 2065 3826 665 620 3827 668 636 3843 669 2071 3844 670 637 3845 672 639 3846 673 2072 3847 670 640 3848 674 642 3849 675 2073 3850 673 643 3851 665 620 3855 667 2065 3856 674 642 3857 662 617 3858 665 2064 3859 672 639 3860 662 614 3861 669 2071 3862 668 636 3863 677 648 3879 676 672 3880 678 649 3881 680 651 3882 677 673 3883 679 652 3884 680 654 3885 681 2075 3886 683 655 3887 673 643 3903 675 2073 3904 676 672 3905 670 640 3906 673 2072 3907 677 673 3908 670 637 3909 680 654 3910 682 656 3911 729 694 3957 730 2084 3958 731 695 3959 733 697 3960 734 719 3961 731 698 3962 739 2085 3966 735 705 3967 738 704 3968 735 705 3969 733 2086 3970 729 2087 3971 733 2086 3972 730 2088 3973 729 2087 3974 729 2087 3975 736 703 3976 735 705 3977 736 703 3978 737 2089 3979 738 704 3980 731 695 4011 740 761 4012 741 718 4013 734 719 4014 742 760 4015 740 720 4016 743 738 4035 744 2097 4036 745 739 4037 744 741 4038 747 2098 4039 748 742 4040 745 739 4059 749 2103 4060 750 757 4061 748 742 4062 751 2104 4063 749 758 4064 742 760 4068 747 2098 4069 744 741 4070 740 761 4071 744 2097 4072 743 738 4073 752 776 4104 753 2107 4105 754 777 4106 756 779 4107 757 803 4108 754 780 4109 762 788 4116 759 2108 4117 758 789 4118 758 789 4119 756 2109 4120 752 2110 4121 756 2109 4122 753 2111 4123 752 2110 4124 752 2110 4125 760 790 4126 758 789 4127 760 790 4128 761 2112 4129 762 788 4130 770 791 4131 763 2113 4132 764 792 4133 764 792 4134 765 2114 4135 766 793 4136 766 793 4137 767 2115 4138 770 791 4139 767 2115 4140 768 2116 4141 769 2117 4142 770 791 4143 767 2115 4144 769 2117 4145 755 778 4158 754 777 4159 771 801 4160 757 803 4161 773 2119 4162 771 804 4163 774 821 4182 775 2125 4183 776 822 4184 778 824 4185 779 855 4186 776 825 4187 781 844 4206 768 2128 4207 767 845 4208 781 847 4209 782 872 4210 769 848 4211 771 804 4221 773 2119 4222 778 824 4223 771 801 4224 775 2125 4225 774 821 4226 779 855 4242 783 2129 4243 784 856 4244 777 823 4245 776 822 4246 784 857 4247 784 856 4269 783 2129 4270 782 872 4271 784 857 4272 781 844 4273 780 846 4274 640 884 4299 641 2134 4300 642 885 4301 643 887 4302 644 2135 4303 641 888 4304 435 900 4314 434 2137 4315 439 901 4316 434 2137 4317 441 2138 4318 439 901 4319 441 2138 4320 440 2139 4321 439 901 4322 439 901 4323 438 1278 4324 437 1280 4325 437 1280 4326 436 899 4327 439 901 4328 642 885 4338 641 2134 4339 645 908 4340 641 888 4341 644 2135 4342 647 910 4343 648 926 4362 649 2147 4363 650 927 4364 649 929 4365 652 2148 4366 653 930 4367 647 910 4383 652 2148 4384 649 929 4385 645 908 4386 649 2147 4387 648 926 4388 654 947 4407 656 2152 4408 657 948 4409 655 950 4410 657 2153 4411 659 951 4412 653 930 4431 654 947 4432 655 949 4433 650 927 4434 655 950 4435 658 952 4436 685 1012 4533 686 1029 4534 687 1013 4535 688 1015 4536 689 1031 4537 686 1016 4538 686 1029 4557 690 2176 4558 691 1030 4559 689 1031 4560 692 2177 4561 690 1032 4562 979 1059 4590 981 2184 4591 982 1060 4592 980 1062 4593 982 2185 4594 984 1063 4595 862 1074 4617 863 2187 4618 864 1075 4619 866 1077 4620 867 1104 4621 864 1078 4622 862 1097 4638 869 2189 4639 872 2190 4640 869 2189 4641 868 2191 4642 870 2192 4643 872 2190 4644 870 2192 4645 871 2193 4646 869 2189 4647 870 2192 4648 872 2190 4649 872 2190 4650 866 1095 4651 862 1097 4652 864 1075 4671 873 2198 4672 874 1103 4673 867 1104 4674 875 2199 4675 873 1105 4676 876 1118 4695 877 1166 4696 878 1119 4697 877 1121 4698 880 1165 4699 881 1122 4700 882 1142 4719 883 2207 4720 884 1143 4721 883 1145 4722 886 2208 4723 887 1146 4724 873 1105 4752 875 2199 4753 880 1165 4754 874 1103 4755 873 2198 4756 877 1166 4757 881 1122 4776 886 2208 4777 883 1145 4778 878 1119 4779 883 2207 4780 882 1142 4781 887 1146 4797 888 2216 4798 889 1171 4799 884 1143 4800 889 2217 4801 890 1172 4802 836 1191 4824 837 2219 4825 838 1192 4826 840 1194 4827 841 2220 4828 838 1195 4829 846 1203 4836 843 2222 4837 842 1204 4838 842 1204 4839 840 2223 4840 844 1205 4841 840 2223 4842 837 2224 4843 836 2225 4844 844 1205 4845 840 2223 4846 836 2225 4847 844 1205 4848 845 2226 4849 846 1203 4850 838 1192 4863 847 2230 4864 848 1212 4865 838 1195 4866 841 2220 4867 849 1213 4868 850 1231 4887 851 1243 4888 852 1232 4889 854 1234 4890 855 2232 4891 852 1235 4892 849 1213 4902 854 1234 4903 851 1236 4904 848 1212 4905 847 2230 4906 851 1243 4907 857 1250 4926 856 1272 4927 858 1251 4928 857 1253 4929 859 2235 4930 861 1254 4931 852 1235 4950 855 2232 4951 856 1272 4952 852 1232 4953 857 1253 4954 860 1255 4955 438 1278 4986 640 1285 4987 639 1279 4988 445 1281 4989 437 2242 4990 639 1282 4991 438 1278 4992 439 901 4993 643 1284 4994 446 1286 4995 644 1292 4996 643 1287 4997 445 1281 4998 642 1283 4999 646 1289 5000 446 1286 5001 466 1299 5002 647 1291 5003 452 1293 5004 648 2243 5005 651 1294 5006 453 1296 5007 480 1313 5008 653 1297 5009 453 1296 5010 652 1298 5011 647 1291 5012 452 1300 5013 467 1290 5014 646 1289 5015 461 1302 5016 656 2244 5017 654 1303 5018 460 1305 5019 657 1309 5020 656 1306 5021 460 1305 5022 459 2158 5023 659 1308 5024 459 1310 5025 474 1314 5026 658 1311 5027 473 1304 5028 654 1303 5029 653 1297 5030 474 1314 5031 481 2245 5032 651 1315 5033 300 1316 5034 661 1323 5035 660 1317 5036 299 1319 5037 660 2246 5038 663 1320 5039 301 1322 5040 664 1325 5041 661 1323 5042 301 1322 5043 302 2247 5044 666 1324 5045 302 1326 5046 317 1336 5047 667 1327 5048 307 1329 5049 668 1337 5050 671 1330 5051 308 1332 5052 329 2248 5053 675 1333 5054 308 1335 5055 674 2249 5056 667 1327 5057 307 1329 5058 318 1321 5059 663 1320 5060 316 1338 5061 678 2250 5062 676 1339 5063 315 1341 5064 679 1345 5065 678 1342 5066 314 1344 5067 681 1347 5068 679 1345 5069 314 1344 5070 313 678 5071 683 1346 5072 313 1348 5073 324 1353 5074 682 1349 5075 323 1340 5076 676 1339 5077 675 1351 5078 324 1353 5079 330 1331 5080 671 1330 5081 499 1354 5082 685 1361 5083 684 1355 5084 498 1357 5085 684 2251 5086 687 1358 5087 499 1354 5088 500 2252 5089 688 1360 5090 500 1362 5091 507 1371 5092 689 1363 5093 525 1365 5094 526 2253 5095 691 1366 5096 506 1359 5097 687 1358 5098 691 1368 5099 524 1370 5100 692 2254 5101 689 1363 5102 525 1365 5103 690 1367 5104 692 1372 5105 281 1382 5115 698 1398 5116 697 1383 5117 262 1385 5118 699 1399 5119 702 1386 5120 263 1388 5121 274 1392 5122 704 1389 5123 271 1391 5124 705 2257 5125 704 1389 5126 270 516 5127 706 1395 5128 705 1393 5129 270 516 5130 269 2039 5131 707 1394 5132 269 1396 5133 275 1387 5134 702 1386 5135 281 1382 5136 263 1388 5137 703 1390 5138 282 1377 5139 696 1379 5140 699 1399 5141 196 1400 5142 709 1407 5143 708 1401 5144 195 1403 5145 708 2258 5146 711 1404 5147 196 1400 5148 197 2259 5149 712 1406 5150 197 1408 5151 222 1427 5152 713 1409 5153 203 1411 5154 714 1428 5155 717 1412 5156 204 1414 5157 228 1429 5158 719 1415 5159 218 402 5160 217 2006 5161 723 1417 5162 217 1419 5163 210 1434 5164 720 1420 5165 219 1422 5166 725 2260 5167 724 1423 5168 218 402 5169 722 1418 5170 725 1425 5171 204 1414 5172 718 1416 5173 713 1409 5174 203 1411 5175 223 1405 5176 711 1404 5177 228 1429 5178 236 1433 5179 726 1430 5180 229 1413 5181 717 1412 5182 728 1431 5183 211 1424 5184 724 1423 5185 726 1430 5186 210 1434 5187 237 1432 5188 728 1431 5189 340 1435 5190 729 2261 5191 732 1436 5192 341 1438 5193 348 1454 5194 734 1439 5195 341 702 5196 733 2262 5197 735 1441 5198 340 691 5199 339 693 5200 736 1442 5201 339 688 5202 338 690 5203 737 1444 5204 338 1446 5205 337 685 5206 738 1447 5207 336 684 5208 739 2263 5209 738 1449 5210 335 679 5211 735 2264 5212 739 1450 5213 347 1437 5214 732 1436 5215 741 1452 5216 348 1454 5217 371 1469 5218 742 1455 5219 361 1456 5220 354 1470 5221 743 1457 5222 362 1459 5223 748 1467 5224 747 1460 5225 369 707 5226 368 706 5227 750 1462 5228 361 1456 5229 746 1458 5230 750 1464 5231 362 1459 5232 370 2265 5233 751 1466 5234 369 707 5235 749 1463 5236 751 1468 5237 355 1461 5238 747 1460 5239 742 1455 5240 354 1470 5241 372 1453 5242 741 1452 5243 382 1471 5244 752 2266 5245 755 1472 5246 383 1474 5247 390 1500 5248 757 1475 5249 378 785 5250 384 787 5251 758 1477 5252 383 784 5253 756 2267 5254 758 1479 5255 382 1480 5256 381 773 5257 760 1481 5258 380 770 5259 761 2268 5260 760 1483 5261 379 769 5262 762 2269 5263 761 1485 5264 379 1486 5265 378 764 5266 759 1487 5267 406 835 5268 407 834 5269 764 1489 5270 408 837 5271 765 2270 5272 764 1491 5273 408 841 5274 409 840 5275 766 1492 5276 409 840 5277 410 1508 5278 767 1494 5279 412 851 5280 770 1497 5281 769 1495 5282 406 1496 5283 763 2271 5284 770 1497 5285 389 1473 5286 755 1472 5287 772 1498 5288 390 1500 5289 414 1512 5290 773 1501 5291 396 1502 5292 774 1513 5293 777 1503 5294 397 1505 5295 420 1514 5296 779 1506 5297 410 1508 5298 403 1519 5299 780 1509 5300 411 852 5301 769 1495 5302 782 1510 5303 397 1505 5304 778 1507 5305 773 1501 5306 396 1502 5307 415 1499 5308 772 1498 5309 420 1514 5310 428 1518 5311 783 1515 5312 421 1504 5313 777 1503 5314 785 1516 5315 404 1511 5316 782 1510 5317 783 1515 5318 403 1519 5319 429 1517 5320 785 1516 5321 292 1520 5322 787 1524 5323 786 1521 5324 300 1523 5325 788 1526 5326 787 1524 5327 299 1525 5328 789 1527 5329 788 1526 5330 291 1522 5331 786 1521 5332 789 1527 5333 790 1572 5400 813 2272 5401 816 1573 5402 792 1575 5403 793 1598 5404 818 1576 5405 790 1578 5406 794 2273 5407 819 1579 5408 795 1581 5409 820 2274 5410 819 1582 5411 796 1584 5412 821 2275 5413 820 1585 5414 796 1587 5415 797 2276 5416 822 1588 5417 797 1590 5418 798 2277 5419 823 1591 5420 792 1593 5421 817 2278 5422 823 1594 5423 791 1574 5424 816 1573 5425 825 1596 5426 793 1598 5427 808 1615 5428 826 1599 5429 810 1600 5430 809 1616 5431 827 1601 5432 812 1603 5433 832 1607 5434 831 1604 5435 812 1603 5436 801 2279 5437 833 1606 5438 800 1608 5439 834 1612 5440 833 1609 5441 800 1608 5442 799 1944 5443 835 1611 5444 810 1600 5445 830 1602 5446 835 1613 5447 811 1605 5448 831 1604 5449 826 1599 5450 809 1616 5451 807 1597 5452 825 1596 5453 593 1617 5454 836 2280 5455 839 1618 5456 594 1620 5457 601 1636 5458 841 1621 5459 595 1202 5460 842 2281 5461 843 1623 5462 594 1197 5463 840 2282 5464 842 1624 5465 593 1188 5466 592 1190 5467 844 1626 5468 591 1185 5469 845 2283 5470 844 1628 5471 590 1182 5472 846 2284 5473 845 1630 5474 589 1181 5475 843 2285 5476 846 1632 5477 620 1633 5478 600 1619 5479 839 1618 5480 619 1635 5481 849 1643 5482 841 1621 5483 607 1637 5484 850 1644 5485 853 1638 5486 608 1640 5487 633 1656 5488 855 1641 5489 608 1640 5490 854 1642 5491 849 1643 5492 607 1637 5493 620 1633 5494 848 1634 5495 616 1645 5496 858 2286 5497 856 1646 5498 615 1648 5499 859 1652 5500 858 1649 5501 615 1648 5502 614 1277 5503 861 1651 5504 614 1653 5505 627 1657 5506 860 1654 5507 626 1647 5508 856 1646 5509 855 1641 5510 627 1657 5511 634 1639 5512 853 1638 5513 533 1658 5514 862 2287 5515 865 1659 5516 534 1661 5517 541 1677 5518 867 1662 5519 538 1092 5520 868 2288 5521 869 1664 5522 537 1091 5523 870 2289 5524 868 1666 5525 536 1086 5526 871 2290 5527 870 1667 5528 536 1669 5529 535 1083 5530 872 1670 5531 534 1082 5532 866 2291 5533 872 1672 5534 533 1071 5535 532 1073 5536 869 1673 5537 540 1660 5538 865 1659 5539 874 1675 5540 541 1677 5541 572 1691 5542 875 1678 5543 580 1679 5544 547 1692 5545 876 1680 5546 579 1682 5547 881 2292 5548 880 1683 5549 586 1685 5550 554 1696 5551 882 1686 5552 585 1688 5553 887 1698 5554 886 1689 5555 548 1684 5556 880 1683 5557 875 1678 5558 547 1692 5559 573 1676 5560 874 1675 5561 579 1693 5562 555 2293 5563 886 1694 5564 580 1679 5565 879 1681 5566 882 1686 5567 585 1688 5568 563 2294 5569 888 1697 5570 562 1699 5571 889 1702 5572 888 1700 5573 562 1699 5574 561 2195 5575 890 1701 5576 586 1685 5577 885 1687 5578 890 1703 5579 4 1705 5580 891 2295 5581 894 1706 5582 5 1708 5583 12 1723 5584 896 1709 5585 6 23 5586 897 2296 5587 898 1711 5588 5 18 5589 895 2297 5590 897 1712 5591 4 9 5592 3 11 5593 899 1714 5594 2 6 5595 900 2298 5596 899 1716 5597 1 5 5598 901 2299 5599 900 1718 5600 0 0 5601 898 2300 5602 901 1719 5603 11 1707 5604 894 1706 5605 903 1721 5606 12 1723 5607 37 1739 5608 904 1724 5609 25 1725 5610 18 1740 5611 905 1726 5612 26 1728 5613 910 1736 5614 909 1729 5615 33 28 5616 32 1907 5617 912 1731 5618 25 1725 5619 908 1727 5620 912 1733 5621 26 1728 5622 34 2301 5623 913 1735 5624 33 28 5625 911 1732 5626 913 1737 5627 19 1730 5628 909 1729 5629 904 1724 5630 18 1740 5631 38 1722 5632 903 1721 5633 954 1778 5688 977 2303 5689 976 1779 5690 954 1781 5691 953 2304 5692 978 1782 5693 914 1788 5700 942 2305 5701 945 1789 5702 916 1791 5703 917 1824 5704 947 1792 5705 914 285 5706 918 287 5707 948 1794 5708 918 1796 5709 920 2306 5710 949 1797 5711 920 1799 5712 921 2307 5713 950 1800 5714 921 1802 5715 922 2308 5716 951 1803 5717 922 1805 5718 923 2309 5719 952 1806 5720 916 1808 5721 946 2310 5722 952 1809 5723 160 1811 5724 956 2311 5725 955 1812 5726 160 365 5727 161 1990 5728 957 1813 5729 161 364 5730 162 1989 5731 958 1815 5732 163 362 5733 959 2312 5734 958 1817 5735 164 372 5736 960 2313 5737 959 1818 5738 164 1819 5739 158 2314 5740 953 1820 5741 915 1790 5742 945 1789 5743 962 1822 5744 917 1824 5745 925 1838 5746 963 1825 5747 928 1826 5748 927 1839 5749 964 1827 5750 930 1829 5751 969 1840 5752 968 1830 5753 934 1832 5754 933 1841 5755 970 1833 5756 936 1835 5757 975 1843 5758 974 1836 5759 929 1831 5760 968 1830 5761 963 1825 5762 927 1839 5763 924 1823 5764 962 1822 5765 930 1829 5766 935 1837 5767 974 1836 5768 928 1826 5769 967 1828 5770 970 1833 5771 939 1842 5772 976 1847 5773 975 1843 5774 940 1844 5775 934 1832 5776 973 1834 5777 159 1846 5778 955 2315 5779 976 1847 5780 158 1848 5781 940 1844 5782 978 1845 5783 515 1853 5787 981 2317 5788 979 1854 5789 514 1856 5790 982 1862 5791 981 1857 5792 514 1856 5796 513 2318 5797 984 1861 5798 526 1863 5799 983 2319 5800 984 1864 5801 87 1865 5802 86 2320 5803 985 1866 5804 86 1868 5805 62 2321 5806 987 1869 5807 60 117 5808 988 1875 5809 987 1871 5810 87 1865 5811 986 1867 5812 989 1872 5813 60 117 5814 59 116 5815 990 1874 5816 59 1876 5817 88 2322 5818 989 1877 5819</p>
        </triangles>
      </mesh>
    </geometry>
  </library_geometries>
  <library_visual_scenes>
    <visual_scene id="Scene" name="Scene">
      <node id="base00" name="base00" type="NODE">
        <matrix sid="transform">1 0 0 0 0 1 0 0 0 0 1 0 0 0 0 1</matrix>
        <node id="start01" name="start01" type="NODE">
          <matrix sid="transform">1 0 0 0 0 1 0 0 0 0 1 0 0 0 0 1</matrix>
          <node id="Dead_tree_one" name="Dead_tree_one" type="NODE">
            <matrix sid="transform">0.01 0 0 0 0 -1.62921e-9 -0.01 0 0 0.01 -1.62921e-9 0 0 0 0 1</matrix>
            <instance_geometry url="#Mesh_001-mesh" name="Dead_tree_one">
              <bind_material>
                <technique_common>
                  <instance_material symbol="deadTree_002-material" target="#deadTree_002-material">
                    <bind_vertex_input semantic="map1" input_semantic="TEXCOORD" input_set="0"/>
                  </instance_material>
                  <instance_material symbol="deadTree_001-material" target="#deadTree_001-material">
                    <bind_vertex_input semantic="map1" input_semantic="TEXCOORD" input_set="0"/>
                  </instance_material>
                </technique_common>
              </bind_material>
            </instance_geometry>
          </node>
          <node id="Colmesh-1" name="Colmesh-1" type="NODE">
            <matrix sid="transform">0.01 0 0 0 0 -1.62921e-9 -0.01 0 0 0.01 -1.62921e-9 0 0 0 0 1</matrix>
            <instance_geometry url="#Mesh_007-mesh" name="Colmesh-1"/>
          </node>
        </node>
      </node>
    </visual_scene>
  </library_visual_scenes>
  <scene>
    <instance_visual_scene url="#Scene"/>
  </scene>
</COLLADA>