<?xml version="1.0" encoding="utf-8"?>
<COLLADA xmlns="http://www.collada.org/2005/11/COLLADASchema" version="1.4.1" xmlns:xsi="http://www.w3.org/2001/XMLSchema-instance">
  <asset>
    <contributor>
      <author>Blender User</author>
      <authoring_tool>Blender 3.4.1 commit date:2022-12-19, commit time:17:00, hash:55485cb379f7</authoring_tool>
    </contributor>
    <created>2025-12-20T16:42:47</created>
    <modified>2025-12-20T16:42:47</modified>
    <unit name="meter" meter="1"/>
    <up_axis>Z_UP</up_axis>
  </asset>
  <library_effects>
    <effect id="deadTree_002-effect">
      <profile_COMMON>
        <technique sid="common">
          <lambert>
            <emission>
              <color sid="emission">0 0 0 1</color>
            </emission>
            <diffuse>
              <color sid="diffuse">0.0684 0.0206 0 1</color>
            </diffuse>
            <index_of_refraction>
              <float sid="ior">1.45</float>
            </index_of_refraction>
          </lambert>
        </technique>
      </profile_COMMON>
    </effect>
    <effect id="deadTree_001-effect">
      <profile_COMMON>
        <technique sid="common">
          <lambert>
            <emission>
              <color sid="emission">0 0 0 1</color>
            </emission>
            <diffuse>
              <color sid="diffuse">1 1 1 1</color>
            </diffuse>
            <index_of_refraction>
              <float sid="ior">1.45</float>
            </index_of_refraction>
          </lambert>
        </technique>
      </profile_COMMON>
    </effect>
  </library_effects>
  <library_images/>
  <library_materials>
    <material id="deadTree_002-material" name="deadTree.002">
      <instance_effect url="#deadTree_002-effect"/>
    </material>
    <material id="deadTree_001-material" name="deadTree.001">
      <instance_effect url="#deadTree_001-effect"/>
    </material>
  </library_materials>
  <library_geometries>
    <geometry id="Mesh_007-mesh" name="Mesh.007">
      <mesh>
        <source id="Mesh_007-mesh-positions">
          <float_array id="Mesh_007-mesh-positions-array" count="3024">0.09372878 6.046776 -0.04638397 0.06457293 6.020945 -0.04143869 0.04693996 6.00484 -0.01204335 0.05115783 6.007895 0.02458202 0.07475638 6.028321 0.04698383 0.1039116 6.054151 0.04203855 0.117327 6.067201 -0.02398216 0.03539752 6.136445 -0.04517686 0.006241798 6.110614 -0.0402323 -0.01139128 6.09451 -0.01083672 -0.007173418 6.097564 0.02578842 0.01642537 6.117989 0.04819095 0.0455805 6.14382 0.04324567 0.05899584 6.15687 -0.02277553 -0.08704245 6.280191 -0.06269228 -0.1078454 6.262302 -0.05919015 -0.1200734 6.250586 -0.03844964 -0.1165633 6.251909 -0.01261889 -0.09937131 6.265495 0.003170847 -0.07856798 6.283383 -3.30806e-4 -0.06985032 6.293776 -0.04690325 -0.317538 6.633975 -0.03358066 -0.3287182 6.62786 -0.0312072 -0.3334596 6.619706 -0.02189505 -0.3289851 6.61429 -0.01109898 -0.3179156 6.614785 -0.005143284 -0.3067355 6.620902 -0.007516264 -0.3064687 6.634471 -0.02762496 -0.3634085 6.781403 0.05083787 -0.3676876 6.779061 0.05174648 -0.3695027 6.77594 0.0553106 -0.3677898 6.773867 0.05944287 -0.3635531 6.774057 0.06172215 -0.3592737 6.776399 0.06081402 -0.357459 6.77952 0.05724966 -0.3591719 6.781593 0.05311787 -0.1971722 6.434697 -0.07769858 -0.202068 6.422867 -0.04309403 -0.2185192 6.410303 -0.04010331 -0.2329424 6.402637 -0.05144536 -0.2368888 6.404362 -0.07047688 -0.2280465 6.414467 -0.08604896 -0.2115951 6.427031 -0.08904087 0.1125333 6.051544 0.04615771 0.135151 6.069432 0.01528799 0.07281541 6.17074 0.01762735 0.05310642 6.153115 0.0515269 0.1269919 6.065609 -0.02499711 0.06919503 6.167551 -0.02459013 0.1021106 6.033891 -0.04655683 0.08313822 6.015436 0.04681074 0.05953979 5.995011 0.02440917 0.05532193 5.991955 -0.01221621 0.07295489 6.008061 -0.04161179 -0.05787098 6.307209 -0.01749122 -0.07240867 6.294234 0.007909417 -0.06028938 6.305335 -0.04855525 -0.1828994 6.443113 -0.05547297 -0.1939368 6.430871 -0.03475129 -0.1866385 6.444942 -0.07927668 -0.2956891 6.624181 1.3721e-4 -0.289587 6.63554 -0.01405227 -0.3454403 6.783952 0.0596131 -0.3473157 6.777735 0.06776487 -0.2947309 6.642752 -0.029549 -0.3470926 6.789122 0.05089414 -0.1555411 -1.189168 -0.08844363 -0.2104759 -1.23704 0.007573246 -0.1989238 -1.217715 0.1238352 -0.1276513 -1.142514 0.1922389 -0.03840911 -1.055489 0.1727133 0.004973769 -1.026942 -0.03956544 -0.06629884 -1.102143 -0.1079686 -0.3487818 -0.9085579 -0.08818566 -0.397857 -0.9513228 -0.002411246 -0.387537 -0.9340596 0.1014491 -0.3238673 -0.8668811 0.1625558 -0.2441442 -0.7891388 0.1451135 -0.205389 -0.7636371 -0.04452168 -0.2690592 -0.8308163 -0.1056283 -1.014923 -0.2300491 -0.1214412 -1.048981 -0.2535815 -0.06634414 -1.039867 -0.2464628 6.12855e-4 -0.9929199 -0.2128605 0.0402075 -0.9356403 -0.172461 0.02924597 -0.9106965 -0.1560478 -0.09280812 -0.957644 -0.1896486 -0.1324027 -1.254506 0.2817197 -0.09011161 -1.270002 0.2649927 -0.06013047 -1.267989 0.2728472 -0.02413594 -1.249647 0.300684 -0.003212332 -1.22572 0.3321943 -0.009617209 -1.212237 0.3410668 -0.07559239 -1.230579 0.3132305 -0.09651601 -1.633466 0.6865544 -0.1052573 -1.639083 0.680491 -0.09438931 -1.638353 0.6833387 -0.08134114 -1.631704 0.693429 -0.07375657 -1.62303 0.7048512 -0.07607829 -1.618143 0.7080674 -0.09999454 -1.624792 0.6979771 -0.1075791 -0.6719925 -0.5774794 -0.1342891 -0.6178031 -0.5293365 -0.08537805 -0.6487284 -0.549686 0.06594431 -0.7157276 -0.6062579 0.07971251 -0.769917 -0.6544013 0.03080141 -0.7795532 -0.6659131 -0.05213773 -0.7389917 -0.6340518 -0.1205204 -0.01674437 -1.059165 0.1837579 0.05130732 -1.0059 0.08397543 -0.1748573 -0.7133899 0.06673777 -0.228538 -0.7604134 0.1644679 0.02934312 -1.028839 -0.0417546 -0.1846232 -0.7315164 -0.05041396 -0.04329121 -1.133684 -0.1063922 -0.1325334 -1.220709 -0.08686721 -0.1046437 -1.174056 0.1938153 -0.1759159 -1.249256 0.1254116 -0.187468 -1.268581 0.00914967 -1.660349 0.71348 -0.1080831 -1.665966 0.7074165 -0.09721505 -1.665237 0.7102642 -0.08416688 -1.658588 0.7203541 -0.07658231 -1.628329 0.7325282 -0.06743943 -1.618141 0.7520857 -0.08301579 -1.620738 0.7375245 -0.1045855 -1.651675 0.7249026 -0.1104048 -0.5885332 -0.4843488 0.004891037 -0.6329751 -0.521059 0.08523666 -0.5969219 -0.4973354 -0.09117639 -0.9137309 -0.1503281 0.04973185 -0.8750212 -0.1229982 -0.01785361 -1.185773 0.3775902 -0.03176009 -1.205976 0.356545 0.01072609 -0.8834348 -0.1303935 -0.09851014 -1.18711 0.3689609 -0.0815891 0.05316126 5.445347 -0.1079915 0.0050354 5.444321 -0.109155 -0.03002619 5.467544 -0.08285701 -0.03148543 5.501411 -0.04450452 0.001512885 5.526085 -0.01656281 0.08470022 5.50389 -0.04169738 0.08615934 5.470023 -0.08004987 0.05316126 5.562158 -0.1839936 0.0050354 5.56113 -0.1851571 -0.03002619 5.584353 -0.1588591 -0.03148543 5.61822 -0.1205066 0.001513004 5.642894 -0.09256446 0.08470046 5.620699 -0.117699 0.08615934 5.586832 -0.1560524 0.02772593 5.749001 -0.34345 -0.006245255 5.74873 -0.3445548 -0.03100085 5.76467 -0.3257059 -0.03203845 5.787486 -0.297944 -0.008750677 5.803812 -0.277532 0.04997611 5.788143 -0.2952761 0.05101382 5.765327 -0.3230375 0.02216887 6.232464 -0.6188339 0.006144046 6.235911 -0.6205348 -0.006138563 6.240017 -0.6102809 -0.007483959 6.242382 -0.5940789 0.002895832 6.241616 -0.5814194 0.03120338 6.234063 -0.5899724 0.03254878 6.231699 -0.6061744 0.05574631 6.470087 -0.6292409 0.04961287 6.471405 -0.6298918 0.04491162 6.472977 -0.6259674 0.04439675 6.473882 -0.6197661 0.04836952 6.473588 -0.6149205 0.05920422 6.470698 -0.6181945 0.0597192 6.469795 -0.6243953 0.0215317 5.940372 -0.4976853 0.02035498 5.953939 -0.4751514 -0.02461516 5.965938 -0.461564 -0.0420655 5.957341 -0.4784702 -0.04088866 5.943774 -0.5010041 -0.02177381 5.933186 -0.5159658 0.004081368 5.931777 -0.5145916 0.001091241 5.522953 0.002933621 0.05730104 5.525044 0.01130545 0.05940401 5.665795 -0.07331407 7.09772e-4 5.665666 -0.07314145 0.09424018 5.498099 -0.02521073 0.1033918 5.638268 -0.1041663 0.08615934 5.444175 -0.06323277 0.05316126 5.419501 -0.09117448 -0.03148543 5.475564 -0.02768743 -0.03002619 5.441697 -0.06603991 0.0050354 5.418475 -0.09233796 0.0610733 6.501733 -0.6321992 0.05493986 6.503052 -0.6328501 0.0502386 6.504624 -0.6289257 0.04972374 6.505528 -0.6227244 0.05004894 6.492349 -0.6027459 0.06427168 6.494083 -0.5961298 0.07082831 6.486805 -0.6090244 0.06504619 6.501441 -0.6273536 0.03465378 5.829193 -0.2615451 -0.009298443 5.829735 -0.2608141 0.06813085 5.809076 -0.2842091 0.01108813 5.984515 -0.4406003 -0.02506339 5.986246 -0.4407829 0.03865146 5.969246 -0.4600338 0.00162971 6.251917 -0.5553674 0.02822589 6.246829 -0.5545548 0.04945719 6.239157 -0.5698179 0.03128075 -2.286214 -0.09759271 -0.0989027 -2.315098 -0.08696973 -0.1960778 -2.267506 -0.0059551 -0.2033202 -2.171317 0.09799492 -0.1163879 -2.082877 0.1639872 0.1109704 -2.101585 0.07234966 0.1182131 -2.197774 -0.03160035 -0.04449057 -1.967261 -0.2984403 -0.1607873 -1.993064 -0.2889508 -0.2475967 -1.950549 -0.2165778 -0.2540667 -1.86462 -0.1237162 -0.1764073 -1.785614 -0.06476294 0.02669882 -1.802326 -0.1466253 0.03316867 -1.888256 -0.2394875 -0.3195183 -1.195818 -0.9920172 -0.3951717 -1.207925 -0.9885753 -0.4502428 -1.185061 -0.9393281 -0.4524715 -1.140619 -0.8731231 -0.4005523 -1.100633 -0.8287429 -0.2698276 -1.11139 -0.8814315 -0.2675991 -1.155831 -0.9476365 -0.4163616 -0.6115804 -1.233188 -0.4562645 -0.6226387 -1.22819 -0.4870236 -0.6057658 -1.204708 -0.4906206 -0.5708451 -1.176496 -0.4649484 -0.5383329 -1.160082 -0.3942862 -0.5441475 -1.188562 -0.3906891 -0.5790687 -1.216774 -0.5733466 -0.1509628 -1.626727 -0.5878115 -0.1549715 -1.624915 -0.5989618 -0.1488552 -1.616402 -0.6002658 -0.1361966 -1.606175 -0.5909596 -0.1244106 -1.600225 -0.5764945 -0.1204023 -1.602037 -0.5653443 -0.1265187 -1.61055 -0.5640404 -0.1391773 -1.620777 -0.1499671 -1.597752 -0.6535128 -0.1540327 -1.535343 -0.5757631 -0.3161042 -1.522007 -0.5104398 -0.3791709 -1.578892 -0.5611314 -0.3751054 -1.6413 -0.6388806 -0.3062892 -1.672675 -0.6981434 -0.2130339 -1.654637 -0.7042044 -0.1148401 -2.084297 0.180111 0.02265965 -2.052714 0.1751648 -0.05372679 -1.737788 -0.06172692 -0.178584 -1.764649 -0.05029141 0.1208521 -2.103691 0.08511412 0.04042088 -1.78267 -0.1385625 0.1228172 -2.218667 -0.01703393 0.03588485 -2.307107 -0.08302628 -0.1987159 -2.19221 0.1125613 -0.1914734 -2.288399 0.008611321 -0.0942986 -2.335991 -0.07240331 -0.2165925 -1.481621 -0.5043391 -0.318203 -1.501117 -0.4959053 -0.1403305 -1.515754 -0.5675973 -0.4016583 -1.083962 -0.8101105 -0.3171806 -1.071171 -0.8156461 -0.4177559 -0.5081062 -1.149876 -0.4665604 -0.520184 -1.142789 -0.254442 -1.096076 -0.8694462 -0.3793106 -0.5273633 -1.177955 -0.5705271 -0.1002306 -1.590266 -0.5933237 -0.1035537 -1.585096 -0.5510454 -0.1070327 -1.602136 0.2332752 -3.653694 -0.2677716 0.02733695 -3.653694 -0.353074 -0.1786012 -3.653694 -0.2677716 -0.2639039 -3.653694 -0.06183326 -0.1786012 -3.653694 0.144105 0.02733695 -3.653694 0.2294074 0.2332752 -3.653694 0.144105 0.3185778 -3.653694 -0.06183326 0.1071943 6.182228 -0.1040714 0.01976513 6.194836 -0.1327928 -0.06322848 6.194683 -0.09158694 -0.09317064 6.181854 -0.004591345 -0.05252039 6.163869 0.077232 0.03490877 6.151259 0.1059542 0.1179026 6.151413 0.06474745 0.1478445 6.164241 -0.02224767 0.1283956 7.993594 0.2651359 0.09475278 8.001317 0.2553641 0.0976659 7.980653 0.29834 0.06281602 7.996938 0.2707669 0.05129337 7.98302 0.3023235 0.06693637 7.967713 0.3315455 0.1005799 7.959989 0.3413159 0.1325159 7.964369 0.3259136 0.1440377 7.978279 0.294357 0.195685 -0.3425117 0.1176534 0.1141092 -0.3290992 0.2752477 -0.05629253 -0.3168883 0.3295637 -0.2157013 -0.3130307 0.2487837 -0.2707379 -0.319788 0.08022749 -0.1891622 -0.3332 -0.0773667 -0.0187602 -0.3454118 -0.1316832 0.1406484 -0.3492684 -0.0509032 0.2614899 2.912933 -0.2233051 0.2015414 2.907908 -0.1036781 0.07317793 2.912699 -0.06007993 -0.04840695 2.9245 -0.1180514 -0.09199094 2.936396 -0.2436326 -0.03204238 2.941421 -0.3632597 0.09632086 2.93663 -0.4068574 0.2179057 2.92483 -0.3488859 -0.009639024 6.831459 0.0589739 -0.04131245 6.845473 -0.004779696 -0.01798236 6.855468 -0.07256305 0.04668343 6.855587 -0.1046689 0.1148049 6.845766 -0.08229053 0.146478 6.831748 -0.01853644 0.1231484 6.821758 0.04924595 0.05848276 6.821638 0.08135187 -0.03197491 6.868047 -0.1001375 0.04505598 6.867799 -0.1330684 0.04882347 8.009518 0.2431923 0.09312534 8.013529 0.2269645 0.1255426 6.857609 -0.1115149 0.1391333 8.005438 0.2359114 -0.1759757 -3.233039 -0.2722377 0.02223956 -3.235693 -0.3508061 0.2180658 -3.236531 -0.266487 0.2967908 -3.235063 -0.06867206 0.2122981 -3.232148 0.1267596 0.01408278 -3.229495 0.2053281 -0.1817433 -3.228656 0.121008 -0.2604683 -3.230125 -0.07680594 0.2332752 -4.567225 -0.2677716 0.02733695 -4.567225 -0.353074 0.02733695 -4.567225 -0.06183326 -0.1786012 -4.567225 -0.2677716 -0.2639039 -4.567225 -0.06183326 -0.1786012 -4.567225 0.144105 0.02733695 -4.567225 0.2294074 0.2332752 -4.567225 0.144105 0.3185778 -4.567225 -0.06183326 0.07343316 2.328883 -0.2681798 0.005732655 2.336828 -0.27569 -0.04931223 2.304955 -0.245561 -0.05945694 2.251933 -0.1954416 -0.01875877 2.208822 -0.1546906 0.04894173 2.200877 -0.1471804 0.1039866 2.232751 -0.1773098 0.1141312 2.285773 -0.2274292 0.1049022 2.629468 -0.1045612 -0.009016275 2.642838 -0.1171983 -0.1016393 2.589204 -0.06650054 -0.1187099 2.499985 0.01783382 -0.05022788 2.427445 0.08640396 0.06369066 2.414075 0.09904158 0.1563137 2.467709 0.0483433 0.173384 2.556929 -0.03599154 0.04422628 3.646577 0.6838914 -0.04955875 3.628294 0.7011739 -0.05803155 3.604476 0.7485658 -0.02765703 3.588232 0.7887989 0.02377152 3.589076 0.7983061 0.06612801 3.606514 0.7715169 0.07460057 3.630332 0.724125 -0.08252263 4.845937 1.123127 -0.09737753 4.845693 1.120381 -0.1096124 4.840657 1.128119 -0.1120597 4.833777 1.141808 -0.103286 4.829085 1.15343 -0.08843088 4.829329 1.156176 -0.07619607 4.834365 1.148438 -0.07374882 4.841246 1.134749 -0.01557207 4.252379 0.8445908 -0.02127504 4.236348 0.8764907 -0.04978561 4.22461 0.8945228 -0.08440268 4.22404 0.8881236 -0.104848 4.234975 0.8610422 -0.09914505 4.251008 0.8291417 -0.03601741 4.263314 0.8175088 0.1560552 2.98208 0.4079262 0.1428499 2.922262 0.4756538 0.072824 2.8849 0.5156037 -0.01300251 2.891879 0.5043732 -0.06435346 2.939112 0.4485418 -0.05114805 2.99893 0.3808147 0.1047043 3.029313 0.3520948 -0.00530827 2.329226 -0.3017868 -0.06035315 2.297352 -0.2716578 -0.1236329 2.612683 -0.08861148 -0.01740729 2.668969 -0.141816 0.1141312 2.253181 -0.2528333 0.07343316 2.296291 -0.2935838 0.1039866 2.200159 -0.2027138 0.04894173 2.168285 -0.1725844 -0.01875877 2.176231 -0.1800945 -0.05945694 2.219341 -0.2208455 0.110202 2.664343 -0.1270068 0.009751796 3.065628 0.3142072 0.1101152 3.05857 0.3251735 -0.07318508 3.022836 0.3589512 0.05023026 3.66424 0.6502673 -0.01582205 3.662131 0.64039 -0.07922899 4.278811 0.7769924 -0.0299884 4.280729 0.783753 -0.07130968 3.640547 0.6726638 -0.1208964 4.263007 0.8005053 -0.1317822 4.858391 1.101571 -0.1056764 4.866131 1.091277 -0.07695055 4.86908 1.091467 -0.03960108 3.930972 -0.1844877 -0.03006613 3.938241 -0.09420287 0.02612733 3.990431 -0.03837621 0.09606134 4.056968 -0.04971015 0.1387696 4.098875 -0.1215652 0.0730412 4.039416 -0.2676762 0.003107309 3.972879 -0.2563428 -0.1897017 4.145808 -0.181382 -0.1801671 4.153079 -0.09109723 -0.1239734 4.205267 -0.03527104 -0.05403947 4.271804 -0.04660451 -0.01133143 4.313712 -0.1184595 -0.07705986 4.254252 -0.2645711 -0.1469936 4.187715 -0.2532371 -0.5787532 4.563143 -0.09899365 -0.5665689 4.561781 -0.03982198 -0.5351095 4.602624 -0.001975893 -0.5028036 4.661746 -0.00762546 -0.4885752 4.704516 -0.05346143 -0.5322189 4.665035 -0.1504791 -0.5645251 4.605911 -0.1448291 -1.121982 5.128376 0.01603281 -1.119692 5.130311 0.03852999 -1.105605 5.143191 0.05243837 -1.087972 5.159466 0.04961168 -1.077121 5.169605 0.03170454 -1.079412 5.16767 0.009207844 -1.093498 5.154789 -0.004701018 -1.111132 5.138514 -0.001873373 -0.3428407 4.376428 -0.198058 -0.2922726 4.43915 -0.2064665 -0.2379105 4.488327 -0.08562219 -0.2659609 4.445976 -0.02715814 -0.316529 4.383255 -0.01875007 -0.3599928 4.336906 -0.06532275 -0.3708911 4.334078 -0.1395944 -0.9603138 4.794021 -0.002501845 -0.9235556 4.825711 -0.007986903 -0.8898482 4.856204 0.06694281 -0.9126444 4.837144 0.1034647 -0.9494019 4.805456 0.1089493 -0.9785891 4.779698 0.08018457 -0.983109 4.774963 0.03401958 -0.8010473 4.618575 -0.03245913 -0.7790861 4.674386 -0.03532302 -0.7401342 4.709622 0.05126535 -0.7459612 4.668407 0.08999502 -0.7679224 4.612597 0.09285843 -0.7931528 4.574884 0.05817854 -0.8068743 4.57736 0.006270051 0.1624484 4.09596 -0.1238931 0.1602911 4.089281 -0.2251237 -0.001932382 4.332895 -0.2251943 0.01077294 4.342548 -0.1224416 0.09165871 4.031922 -0.2812547 -0.06487917 4.27411 -0.2906131 0.02446365 3.942312 -0.2567843 -0.01824474 3.900404 -0.1849292 0.1174176 4.0264 -0.0501517 0.04748368 3.959864 -0.03881776 -0.008709788 3.907674 -0.09464442 -0.233705 4.515576 -0.1757067 -0.2189421 4.520661 -0.08933198 -0.2831664 4.462561 -0.2321008 -0.4782188 4.740077 -0.05490958 -0.4937134 4.740973 -0.1263259 -0.7465656 4.747086 -0.01441276 -0.7289822 4.744395 0.04941332 -0.5312872 4.69207 -0.1728781 -0.7771673 4.700806 -0.05769956 -0.9088085 4.842849 -0.03421008 -0.873035 4.875094 0.004096627 -1.075707 5.167609 -0.03129231 -1.056613 5.185019 -0.006250262 -0.8652845 4.882223 0.0625416 -1.049314 5.191486 0.02737963 0.07531583 4.849373 -0.09449183 -0.02440893 4.856235 -0.09276616 -0.04677796 4.812931 -0.06049096 -0.02783966 4.766782 -0.02893006 0.02131223 4.744825 -0.01657092 0.07188522 4.759921 -0.03065526 0.09425425 4.803226 -0.06293141 0.08251357 4.954251 0.01417839 -0.01721119 4.961112 0.01590406 -0.03958022 4.917807 0.04817926 -0.02064192 4.871661 0.07974112 0.02851009 4.849704 0.09209883 0.07908296 4.864798 0.07801544 0.1014518 4.908103 0.04573929 0.08022487 5.103551 0.188695 0.006158947 5.108648 0.1899768 -0.01075732 5.072289 0.2087537 0.003005504 5.033817 0.2269989 0.03938543 5.01577 0.2340251 0.07707154 5.02872 0.2257171 0.09398782 5.06508 0.2069412 0.07444524 5.215173 0.3869954 0.03000748 5.218231 0.3877651 0.02026164 5.202318 0.4050571 0.02892255 5.185138 0.4220296 0.05091679 5.176755 0.4287416 0.07336032 5.182081 0.421261 0.08310604 5.197994 0.4039694 0.07324981 5.368409 0.510398 0.06220161 5.372619 0.5070268 0.05092775 5.369944 0.5107843 0.04603219 5.36195 0.5194708 0.05038273 5.353321 0.5279962 0.06143093 5.34911 0.5313679 0.07270479 5.351784 0.52761 0.07760035 5.359778 0.5189244 0.07876849 4.849932 -0.1074928 0.02606022 4.875658 -0.1255191 0.03405547 4.993832 -0.009715437 0.09041428 4.970027 0.003409504 -0.02822744 4.857294 -0.1056412 -0.02383005 4.977888 0.005386471 0.0932846 4.789098 -0.07757127 0.07091557 4.745793 -0.04529511 0.02034258 4.730697 -0.03121078 -0.0288093 4.752655 -0.04356992 -0.04774761 4.798803 -0.07513082 0.04466128 5.140891 0.1723185 0.08810567 5.120867 0.179947 -2.15054e-4 5.126944 0.1814752 0.05319821 5.241927 0.3696476 0.08224296 5.231285 0.3770148 0.0235517 5.235323 0.3780309 0.06271481 5.387017 0.4945113 0.0810101 5.382308 0.4977571 0.04419386 5.38484 0.4983941 0.03370523 1.717379 -0.261112 0.03632164 1.717379 -0.134648 0.06018841 1.648894 -0.1089389 0.08297169 1.58041 -0.1356132 0.09132504 1.552043 -0.1990449 0.0803554 1.58041 -0.2620771 0.05648839 1.648894 -0.2877858 0.2966082 1.893486 -0.309737 0.3010106 1.893486 -0.09693837 0.3411707 1.778249 -0.05367827 0.3795073 1.663012 -0.098562 0.3935635 1.615279 -0.2052977 0.3751049 1.663012 -0.3113606 0.3349447 1.778249 -0.3546207 1.38444 2.418291 -0.2741311 1.38644 2.418291 -0.1775047 1.419116 2.376386 -0.1581604 1.450963 2.334481 -0.1788394 1.463328 2.317124 -0.2274291 1.448964 2.334481 -0.2754657 1.416289 2.376386 -0.2948105 2.225196 3.291421 -0.2571523 2.225773 3.291421 -0.2292416 2.235212 3.279318 -0.223654 2.244411 3.267213 -0.2296273 2.247983 3.2622 -0.2436625 2.243834 3.267213 -0.2575376 2.234395 3.279318 -0.2631257 1.754763 2.888116 -0.2794683 1.776757 2.859909 -0.2664473 1.786425 2.848226 -0.2341134 1.778103 2.859909 -0.2014076 1.756666 2.888116 -0.1874878 1.734671 2.916322 -0.2005088 1.733325 2.916322 -0.265549 0.8923642 1.939603 -0.3292086 0.9291598 1.857332 -0.2966998 0.9457774 1.823254 -0.2167222 0.9324818 1.857332 -0.1361258 0.8970622 1.939603 -0.102123 0.8602666 2.021873 -0.1346318 0.8569446 2.021873 -0.2952054 4.52161e-4 1.72831 -0.2690928 -0.01686143 1.767261 -0.1968066 0.2656212 1.99115 -0.2026507 0.2808687 1.938867 -0.3266294 0.003427028 1.72831 -0.1252987 0.2859831 1.938867 -0.07940936 0.01366293 1.62909 -0.2868998 0.03752994 1.560606 -0.2611911 0.04849958 1.532239 -0.1981589 0.04014623 1.560606 -0.1347272 0.01736295 1.62909 -0.1080529 2.230711 3.330309 -0.2659843 2.223075 3.350096 -0.2431471 2.231649 3.330309 -0.2206451 2.269509 3.315169 -0.2243635 2.278708 3.303064 -0.2303369 2.28228 3.298051 -0.2443721 2.278131 3.303064 -0.2582471 2.268692 3.315169 -0.2638352 0.8274739 2.106221 -0.2142746 0.8416685 2.067579 -0.3121407 0.845704 2.067579 -0.117079 1.356523 2.455371 -0.2909978 1.341937 2.476257 -0.2249181 1.694577 2.968322 -0.2322132 1.705151 2.953207 -0.2824261 1.359243 2.455371 -0.1594979 1.707219 2.953207 -0.182481 0.2049775 3.178908 -0.224953 0.1333259 3.120635 -0.2863945 0.02663779 3.116695 -0.2905487 -0.05259001 3.169396 -0.2349828 -0.05794692 3.247866 -0.1522468 0.1203927 3.310079 -0.0866512 0.1996206 3.257379 -0.142217 0.2049775 3.431096 -0.4011883 0.1333259 3.372822 -0.4626302 0.02663779 3.368882 -0.4667834 -0.05259001 3.421583 -0.4112181 -0.05794692 3.500054 -0.328482 0.1203927 3.562268 -0.2628869 0.1996206 3.509566 -0.3184522 0.226865 3.896436 -0.8856696 0.1786022 3.850509 -0.9195455 0.1084476 3.855127 -0.9292249 0.05749738 3.907584 -0.9090384 0.0555967 3.977153 -0.8708099 0.174014 4.018464 -0.8272547 0.2249648 3.966005 -0.8474416 0.2664478 4.529052 -1.558568 0.2485942 4.514678 -1.573977 0.2220118 4.513551 -1.574912 0.2022728 4.526327 -1.560822 0.200939 4.545523 -1.539963 0.2187929 4.559897 -1.524553 0.2453749 4.561024 -1.523619 0.2651144 4.548249 -1.537708 0.2124332 3.713361 -0.5683311 0.1477587 3.765938 -0.5309738 2.59161e-4 3.714483 -0.5852259 0.003837227 3.640593 -0.6450547 0.06851148 3.588018 -0.682412 0.1563969 3.587553 -0.6754145 0.2160111 3.639472 -0.6281604 0.329732 4.167037 -1.336256 0.2894634 4.191191 -1.306737 0.1980056 4.159287 -1.340376 0.2003915 4.121917 -1.383829 0.2406593 4.097764 -1.413347 0.2952224 4.100972 -1.41164 0.3321171 4.129668 -1.379708 0.3206068 3.969414 -1.139833 0.2772639 4.019709 -1.130037 0.1715763 3.98284 -1.16891 0.1711423 3.917274 -1.194808 0.2144849 3.86698 -1.204603 0.2762153 3.861418 -1.192559 0.3201723 3.903849 -1.16573 -0.06652855 3.243121 -0.138923 0.006005883 3.304902 -0.0690087 0.003917455 3.576869 -0.2533878 -0.07472503 3.514379 -0.3190011 0.1198126 3.308125 -0.07038438 0.1193033 3.582066 -0.2476352 0.1996206 3.236472 -0.1276067 0.2049775 3.158001 -0.2103427 -0.05259001 3.148488 -0.2203725 0.02663779 3.095788 -0.2759384 0.1333259 3.099728 -0.2717842 0.05042564 3.787405 -0.5269636 -0.0163027 3.731229 -0.5778636 0.1467888 3.788123 -0.5178765 0.04095029 3.996292 -0.8691744 0.09560239 4.047463 -0.8315233 0.2072323 4.04958 -1.1365 0.1569765 4.001555 -1.166601 0.1742674 4.042798 -0.8201388 0.2772609 4.043517 -1.12236 0.2881386 4.209074 -1.289786 0.2250024 4.204595 -1.293141 0.2441592 4.576072 -1.504455 0.2096585 4.572181 -1.508303 0.1811603 4.171754 -1.329134 0.1838859 4.555046 -1.526625 0.2022718 -2.353182 -0.1128801 -0.0938301 -2.316568 -0.1565059 -0.1820385 -2.409802 -0.04541671 -0.1475977 -2.518202 0.08374369 -0.0106827 -2.578269 0.155314 0.148504 -2.554816 0.1273695 0.2367125 -2.461582 0.01627981 0.2022718 -1.950887 0.1358934 -0.09382998 -1.914273 0.09226763 -0.1820387 -2.007508 0.2033573 -0.1475977 -2.115909 0.3325173 -0.0106827 -2.175976 0.4040877 0.148504 -2.152523 0.3761431 0.2367125 -2.059288 0.2650534 0.1292991 -0.6989079 1.06232 -0.06893754 -0.6743946 1.033113 -0.127478 -0.757489 1.09121 -0.1039056 -0.8507366 1.161404 -0.01202952 -0.8995149 1.202578 0.09433102 -0.8752492 1.190611 0.1528713 -0.7921555 1.132514 0.0642873 0.07538795 1.818025 -0.08706259 0.09410333 1.795725 -0.1321496 0.04666376 1.852643 -0.1145454 -0.008525371 1.918796 -0.04456245 -0.03913784 1.955434 0.03680443 -0.02724075 1.941095 0.08189153 0.02019691 1.884178 -0.002542018 0.8285441 2.338187 -0.01987326 0.8361254 2.329114 -0.0400238 0.833179 2.332665 -0.05118954 0.8214307 2.346761 -0.04682981 0.8077631 2.363143 -0.02949857 0.8001819 2.372217 -0.009348154 0.8031287 2.368666 0.001817703 0.8148766 2.35457 0.1684046 -1.47408 0.8316676 0.09602761 -1.561903 0.9144784 -0.03497004 -1.58579 0.9338971 -0.1478514 -1.531747 0.8785468 -0.1764926 -1.431432 0.7808524 -0.1041157 -1.343609 0.6980406 0.1397634 -1.373765 0.7339722 0.1381276 -0.2909002 1.425395 0.0863682 -0.3560224 1.482897 -0.007395029 -0.374054 1.49606 -0.08823645 -0.3344321 1.457172 -0.1088006 -0.2603664 1.389014 -0.05704104 -0.1952433 1.331513 0.1175634 -0.216834 1.357237 0.02377676 0.4222779 2.101109 -0.02593898 0.4150086 2.10987 -0.06869912 0.4337134 2.087484 -0.07945549 0.4674349 2.047064 -0.05190694 0.4964204 2.012287 0.04056906 0.4849849 2.025912 0.05132532 0.4512634 2.066332 0.2139291 -2.361206 -0.1401427 0.07132792 -2.296368 -0.2269915 0.07297849 -1.856786 0.03363811 0.22525 -1.921493 0.110241 -0.09838163 -2.322587 -0.1861566 -0.1028382 -1.880923 0.06190264 0.2367125 -2.502274 -0.00888288 0.148504 -2.595508 0.1022068 -0.0106827 -2.618961 0.1301513 -0.1475977 -2.558894 0.05858099 -0.1820385 -2.450494 -0.0705794 0.03453934 -1.287196 0.646763 0.1624813 -1.346003 0.707215 -0.1128529 -1.311957 0.666649 0.1522169 -0.6756816 1.031879 0.04510879 -0.6228213 0.9858662 0.0442053 -0.1397519 1.290723 0.1398066 -0.1846117 1.334658 -0.07761132 -0.6472621 0.9980165 -0.06573903 -0.1591958 1.304374 0.08665645 0.1064772 1.794874 0.001803517 0.1431603 1.753467 0.005470275 0.5360007 1.971507 0.06360423 0.5127425 1.999001 -0.09591519 0.1290531 1.767975 -0.06089806 0.5281382 1.980657 -0.04891014 0.8698025 2.30463 -0.012928 0.8707914 2.303411 0.02023482 0.8612528 2.314817 0.1223622 0.09378671 -0.06657195 0.01169955 0.05251455 -0.1025707 -0.1022224 0.09067201 -0.0752542 -0.1526696 0.1859045 -6.22988e-4 -0.1100909 0.2824273 0.07760548 0.1144937 0.2855415 0.08628773 0.164941 0.1903085 0.01165556 0.1287828 0.345922 -0.2992933 0.01812005 0.3046508 -0.3352926 -0.09580194 0.3428078 -0.3079755 -0.1462491 0.4380403 -0.2333447 -0.1036704 0.5345636 -0.1551163 0.1209143 0.5376778 -0.146434 0.1713615 0.4424448 -0.2210662 0.1098123 1.109122 -0.8513343 0.03091025 1.073644 -0.8693845 -0.04985105 1.106908 -0.857507 -0.08516347 1.189429 -0.8226588 -0.05433988 1.272866 -0.7852542 0.1053234 1.27508 -0.7790821 0.1406362 1.192561 -0.8139298 0.09374248 1.714598 -1.770933 0.05980086 1.703328 -1.783135 0.02479827 1.713642 -1.773598 0.009238839 1.739497 -1.747912 0.02223718 1.765749 -1.721121 0.09118139 1.766705 -1.718456 0.1067408 1.740849 -1.744142 0.07809913 2.067037 -2.001987 0.0647757 2.062613 -2.006776 0.05103588 2.066662 -2.003033 0.04492831 2.076811 -1.99295 0.05003058 2.087116 -1.982434 0.07709372 2.087491 -1.981387 0.0832014 2.077342 -1.99147 0.1552131 0.7631459 -0.5464947 0.11248 0.818243 -0.4679644 -0.07616853 0.8156271 -0.4752572 -0.111576 0.7594462 -0.5568087 -0.068843 0.7043491 -0.6353381 0.0269984 0.6826096 -0.6648457 0.1198054 0.706965 -0.6280453 0.09498989 1.361663 -1.157374 -0.01660597 1.360116 -1.161687 -0.03846585 1.298947 -1.178896 -0.01410114 1.238419 -1.194317 0.04221558 1.213988 -1.198919 0.09749484 1.239966 -1.190004 0.1193546 1.301135 -1.172795 0.1142475 1.463388 -1.497091 0.09434044 1.502351 -1.470158 0.005315303 1.501116 -1.4736 -0.01165294 1.461642 -1.501957 0.00825417 1.422679 -1.528891 0.05337548 1.407052 -1.538621 0.09727931 1.423914 -1.525449 -0.1303201 0.2819476 0.1401956 -0.003140926 0.3388095 0.2056481 0.003859758 0.6596689 -0.06024622 -0.1414099 0.6117063 -0.1020662 0.1298352 0.2855549 0.150253 0.1528617 0.615787 -0.09068989 0.163062 0.1165189 0.07976222 0.1204832 0.01999711 0.0015347 -0.1545484 0.1121149 0.06748366 -0.1041014 0.01688241 -0.00714755 0.00982058 -0.02127504 -0.03446412 0.07958757 2.149549 -2.062282 0.06626415 2.145125 -2.067071 0.05252432 2.149174 -2.063328 0.04641675 2.159323 -2.053245 0.03149664 2.16346 -1.982837 0.06173872 2.19876 -1.964196 0.09404075 2.164327 -1.980419 0.08468985 2.159854 -2.051765 0.01338744 0.9195595 -0.3753903 -0.1132353 0.887959 -0.4178665 0.1435198 0.89152 -0.4079406 -0.09095227 1.353834 -0.7457254 0.02180671 1.402173 -0.7207315 0.03667593 1.490775 -1.128773 -0.05275356 1.456502 -1.140727 0.1371129 1.356997 -0.7369087 0.127435 1.459001 -1.133762 -0.0160638 1.838003 -1.663381 0.05290567 1.855733 -1.64506 0.1234257 1.839938 -1.657988 0.126411 1.587501 -1.425175 0.04643583 1.611196 -1.413058 -0.03185975 1.585307 -1.431295 -0.04936844 0.4791341 -0.08509862 -0.05279141 0.4438787 0.01424801 -0.003467261 0.4764733 0.1013208 0.06971138 0.5578222 0.1251126 0.1238783 0.6402745 0.07168734 0.1273017 0.6755285 -0.02765977 0.004797399 0.561585 -0.1385239 -0.2419334 0.6945119 -0.03541934 -0.2453569 0.6592574 0.06392729 -0.1960321 0.6918521 0.1509996 -0.1228535 0.773201 0.1747919 -0.06868702 0.8556523 0.1213661 -0.0652638 0.8909078 0.0220195 -0.1877676 0.7769628 -0.08884465 -0.6906434 1.346449 0.1105009 -0.6868309 1.316143 0.1795364 -0.6580111 1.344558 0.2430316 -0.6210653 1.415049 0.2637926 -0.5976364 1.486322 0.2296563 -0.6014479 1.516628 0.1606208 -0.6672145 1.417723 0.07636463 -1.441778 1.863656 0.3408276 -1.443781 1.854029 0.3715721 -1.427687 1.862839 0.3980557 -1.402926 1.884925 0.4047634 -1.384002 1.90735 0.387767 -1.382 1.916977 0.3570224 -1.422854 1.88608 0.3238307 -1.627764 2.164715 0.4082257 -1.62855 2.160936 0.4202939 -1.622233 2.164394 0.4306899 -1.612513 2.173064 0.433323 -1.605085 2.181867 0.4266511 -1.604299 2.185646 0.4145829 -1.610616 2.182188 0.4041869 -1.620336 2.173518 0.4015538 -0.45111 1.050911 0.001251816 -0.3296982 1.116545 0.08950245 -0.3379954 1.095741 0.1743804 -0.396583 1.047751 0.222703 -0.4711408 1.000686 0.2061644 -0.5179945 0.9821158 0.1344524 -0.5096971 1.002921 0.04957449 -0.9213063 1.583043 0.2400766 -0.9155728 1.560852 0.287562 -0.9245383 1.5086 0.3095709 -0.9429513 1.456897 0.2932102 -0.9600259 1.436028 0.2480646 -0.9657594 1.458219 0.2005788 -0.9567939 1.510469 0.1785699 -1.221813 1.649068 0.2593347 -1.176361 1.695701 0.304062 -1.176808 1.681297 0.3432146 -1.196082 1.647577 0.3638402 -1.222892 1.614295 0.3538572 -1.241534 1.600945 0.3191129 -1.241087 1.61535 0.2799608 0.152848 0.6755347 -0.04213273 0.1062063 0.6419387 -0.1451715 -0.1033647 0.8857727 -0.09734237 -0.04529315 0.9257722 0.001437783 0.02020519 0.5521607 -0.1621721 -0.1872857 0.7925949 -0.1281021 -0.01992088 0.4461975 -0.09269559 0.1533258 0.607338 0.06409037 0.09915894 0.5248861 0.1175156 0.02598029 0.4435372 0.09372389 -0.02334386 0.4109426 0.006651043 -0.3645572 1.123666 -0.01528537 -0.3077799 1.149252 0.06878197 -0.449876 1.066217 -0.03804862 -0.5872794 1.553192 0.1417809 -0.6222884 1.519719 0.06664478 -0.9386815 1.595991 0.1652418 -0.9151808 1.626491 0.2232457 -0.6698641 1.434546 0.03805696 -0.9630345 1.530107 0.1411958 -1.360039 1.949666 0.3357307 -1.386064 1.933907 0.297505 -1.598903 2.205642 0.3736831 -1.581601 2.217409 0.3930041 -1.422164 1.901299 0.284422 -1.619608 2.188664 0.362125 -1.188372 1.711658 0.2369548 -1.161022 1.733709 0.2847554 -1.223642 1.666247 0.2206813 0.0774486 5.13879 -0.1611802 0.05486679 5.175135 -0.1232244 0.08373987 5.145874 -0.03093075 0.1182817 5.097409 -0.03065705 0.1408644 5.061064 -0.06861281 0.1382576 5.05813 -0.122564 0.1119899 5.090326 -0.160907 0.1859467 5.243668 -0.170624 0.163364 5.280014 -0.1326687 0.1922382 5.250752 -0.04037451 0.2267805 5.202287 -0.04010081 0.2493618 5.165944 -0.07805705 0.2467563 5.163009 -0.1320078 0.2204883 5.195203 -0.1703507 0.3570122 5.398292 -0.1681602 0.3423828 5.427043 -0.1400582 0.3565147 5.399309 -0.07121062 0.3769977 5.359067 -0.07079434 0.3916271 5.330316 -0.09889626 0.3918338 5.329895 -0.139054 0.377496 5.358052 -0.1677443 0.5502151 5.519416 -0.1481745 0.5389449 5.534224 -0.1310865 0.5559354 5.525923 -0.09055542 0.574243 5.507677 -0.09085488 0.5855132 5.492869 -0.1079428 0.5831442 5.490174 -0.1318089 0.5685238 5.50117 -0.1484735 0.6716664 5.674292 -0.1585028 0.6660051 5.68173 -0.1499192 0.6671951 5.683085 -0.1379311 0.6745396 5.67756 -0.1295597 0.6837359 5.668395 -0.1297104 0.6893973 5.660957 -0.1382939 0.6882072 5.659604 -0.1502826 0.680863 5.665126 -0.158653 0.0387082 5.176904 -0.1225144 0.03615653 5.182462 -0.06157803 0.1535958 5.303145 -0.07011055 0.1494042 5.301244 -0.1328451 0.07012212 5.14507 -0.02209973 0.1833699 5.266819 -0.02430796 0.0943489 5.073274 -0.1593716 0.05980753 5.121738 -0.1596448 0.1206165 5.041078 -0.1210286 0.1232234 5.044013 -0.06707739 0.1006406 5.080357 -0.02912163 0.3317927 5.449419 -0.09184718 0.3308777 5.450087 -0.1404459 0.3490648 5.4166 -0.05536007 0.5300479 5.557688 -0.09810757 0.5259543 5.555813 -0.1313397 0.5477935 5.542716 -0.07471442 0.6543249 5.700412 -0.1299216 0.6497908 5.700691 -0.1498878 0.6650136 5.693255 -0.1135723</float_array>
          <technique_common>
            <accessor source="#Mesh_007-mesh-positions-array" count="1008" stride="3">
              <param name="X" type="float"/>
              <param name="Y" type="float"/>
              <param name="Z" type="float"/>
            </accessor>
          </technique_common>
        </source>
        <source id="Mesh_007-mesh-normals">
          <float_array id="Mesh_007-mesh-normals-array" count="6810">-0.1141828 -0.06095302 -0.9915881 -0.06930911 -0.1116627 -0.9913262 -0.0643199 -0.1173726 -0.9910029 -0.6582551 -0.4198186 -0.6248621 -0.6160508 -0.4738255 -0.6292622 -0.6096234 -0.4814739 -0.629716 -0.8290433 -0.541215 0.1406192 -0.8258314 -0.5461059 0.1406095 -0.8290501 -0.5412046 0.140619 -0.4861198 -0.3271224 0.810357 -0.5388801 -0.2565127 0.8023775 -0.4861141 -0.3271217 0.8103607 -0.01225477 0.1281577 0.9916781 0.01616388 0.1706405 0.9852008 0.1939074 0.01716387 0.9808697 0.6580895 0.3584648 0.6621339 0.5819586 0.5261549 0.6200689 0.6506289 0.3449038 0.6765525 0.8488494 0.4915803 -0.1944318 0.7814018 0.6126731 -0.118503 0.784699 0.6103635 -0.1081846 0.3594925 0.4046121 -0.8408652 0.4893902 0.3229331 -0.8100688 0.4894759 0.3228573 -0.8100473 0.6617813 -0.749572 -0.01369404 0.6618118 -0.7495452 -0.01368206 0.6617754 -0.7495772 -0.01369136 -0.3391453 0.7867539 0.5157508 -0.3561124 0.7764546 0.5199059 -0.318992 0.7876088 0.5271779 -0.02478671 -0.1627807 -0.9863509 -0.02475136 -0.1642148 -0.9861141 -0.5683891 -0.5272462 -0.6316212 -0.5643485 -0.5306336 -0.6324071 -0.8161085 -0.5605526 0.1405264 -0.8131296 -0.5650999 0.13958 -0.5666121 -0.212088 0.7962221 -0.564993 -0.2125099 0.7972593 0.005553722 0.1825148 0.9831875 -0.05394279 0.2497888 0.9667967 0.5699288 0.5495371 0.6108929 0.4931806 0.6271104 0.6029142 0.73785 0.6674299 -0.1005724 0.5005481 0.3083776 -0.8089222 -0.1312535 -0.06086128 -0.989479 -0.1432636 -0.0470494 -0.9885656 -0.6507397 -0.4143137 -0.6363034 -0.6775063 -0.3792095 -0.6302265 -0.8420643 -0.5238565 0.1284611 -0.8521378 -0.5065852 0.1312736 -0.5035197 -0.2726579 0.8198328 -0.4985767 -0.2786331 0.8208441 -0.05297064 0.2505788 0.966646 0.07660931 0.1307877 0.9884461 0.4928112 0.6267684 0.6035715 0.6164997 0.4901894 0.6161512 0.7393532 0.666103 -0.0983051 0.8006511 0.5934495 -0.08231449 0.5017486 0.305683 -0.8092011 0.4625425 0.3430179 -0.8175532 -0.3021644 0.1923849 -0.9336407 -0.3811752 0.3672508 -0.8484295 -0.3811822 0.3672484 -0.8484272 -0.8268306 -0.1414681 -0.5443693 -0.8956092 0.01310801 -0.4446485 -0.8956076 0.01310956 -0.4446518 -0.9025055 -0.3930964 0.1759521 -0.9209126 -0.321408 0.2204923 -0.920912 -0.3214086 0.2204946 -0.428168 -0.3802111 0.8198242 -0.4073014 -0.4502841 0.7945754 -0.4263499 -0.386528 0.8178153 0.342778 -0.2784461 0.8972018 0.3427937 -0.2784354 0.8971991 0.3427777 -0.2784463 0.8972019 0.8858819 0.09885454 0.4532564 0.9199814 0.1704073 0.3529812 0.8842275 0.09597718 0.4570889 0.8840675 0.4584363 -0.09088945 0.9427405 0.3334276 0.008147776 0.8788489 0.4688868 -0.08814728 0.404405 0.4579048 -0.7916944 0.3779939 0.5458209 -0.7477969 0.3779994 0.5458218 -0.7477935 0.8113832 0.5786486 -0.08260238 0.643597 0.4583435 0.6129472 0.7642069 0.3008176 0.5705233 0.08903354 0.1174561 0.989079 0.2331883 -0.05126219 0.9710795 -0.8980801 -0.4068235 0.1671729 -0.8134182 -0.1647323 -0.5578658 -0.2995305 0.1852632 -0.9359269 0.4580075 0.3492959 -0.8174483 -0.4861488 -0.3272656 0.8102818 -0.5431138 -0.272377 0.7942533 -0.5371825 -0.2782883 0.7962354 -0.1140834 -0.06072694 -0.9916135 -0.02466922 -0.1410548 -0.9896945 -0.1141326 -0.06075048 -0.9916064 0.4154388 0.372579 -0.8298166 0.5580009 0.2758458 -0.782652 0.04011517 0.101011 0.9940763 -0.33893 0.2920927 0.8943201 -0.486125 -0.3271169 0.8103562 -0.8290395 -0.5412201 0.1406213 -0.6582546 -0.4198128 -0.6248664 -0.6582449 -0.4198315 -0.6248641 -0.6582471 -0.4198176 -0.6248711 -0.1141844 -0.06095302 -0.9915879 -0.1141746 -0.06096601 -0.9915883 -0.114179 -0.06095886 -0.9915882 -0.5697684 -0.2662443 0.7774819 -0.5698145 -0.2662766 0.777437 0.0285843 -0.1652119 -0.9858438 -0.03506064 -0.1317586 -0.9906617 -0.5094539 -0.3168447 0.8000414 -0.5006294 -0.3264329 0.8017556 -0.1064507 -0.04311567 -0.9933828 0.03112989 -0.1670151 -0.9854628 -0.3821285 0.7768702 0.5004504 -0.3820805 0.7673733 0.5149298 -0.4005586 -0.4787398 0.7812562 -0.4260566 -0.4268773 0.7976537 -0.4006074 -0.478748 0.781226 -0.3721051 0.3412311 -0.8631913 -0.3073455 0.2196043 -0.9259119 -0.2961311 0.2011032 -0.9337366 -0.3427059 0.7761838 0.5292367 -0.3789571 0.7627519 0.5240239 -0.1330098 -0.01564121 -0.9909913 -0.4277822 -0.4234445 0.7985595 -0.6551472 -0.456144 -0.6022581 -0.5451192 -0.5836064 -0.601871 -0.5433566 -0.5848862 -0.6022223 -0.8238474 -0.5401964 0.1716493 -0.7140276 -0.6759185 0.1824799 -0.8236076 -0.5405509 0.1716843 -0.5004268 -0.273045 0.8215957 -0.4578697 -0.321047 0.8290261 -0.4994307 -0.2741948 0.8218188 -0.07443612 0.2268964 0.9710702 0.01079982 0.2098697 0.9776697 0.1546334 0.1019544 0.9826973 0.6015908 0.4752749 0.6420298 0.4816092 0.6514049 0.58628 0.5960838 0.4648517 0.6546732 0.790527 0.5698513 -0.2243584 0.6449117 0.7437794 -0.1757307 0.6498457 0.7414177 -0.1673338 0.2984545 0.4165338 -0.8587343 0.384503 0.3959494 -0.8338954 0.3876321 0.3919631 -0.8343299 -0.1269026 -0.09146529 -0.9876892 -0.08295154 -0.1371859 -0.987066 -0.08419811 -0.135344 -0.9872146 0.7518754 -0.6560502 0.06543362 0.7027292 -0.7098256 0.04815781 0.7027288 -0.7098262 0.04815769 -0.5816393 0.8133917 -0.009474456 -0.603935 0.796868 -0.01624739 -0.6121197 0.7905426 -0.01876169 -0.5416368 -0.5909307 -0.597855 -0.7088676 -0.6824718 0.1781545 -0.7181226 -0.6730006 0.1771163 -0.4553508 -0.3272661 0.827981 -0.4611513 -0.3210186 0.8272161 0.01457107 0.2180764 0.9758229 0.02118194 0.2118139 0.9770805 0.473859 0.6711257 0.5701299 0.4750074 0.6704378 0.5699836 0.6293501 0.7605463 -0.1596495 0.3871088 0.4038534 -0.8288844 -0.08062934 -0.1433931 -0.9863759 -0.6997507 -0.3894069 -0.5989252 -0.7096176 -0.3877328 -0.5883078 -0.6953331 -0.4083701 -0.5913931 -0.8648191 -0.473103 0.1681122 -0.869013 -0.4697052 0.1555424 -0.8648794 -0.4728081 0.1686304 -0.5204132 -0.2389363 0.8198046 -0.5429067 -0.2397273 0.8048498 -0.5186004 -0.2407183 0.8204318 0.08654278 0.1444414 0.9857217 0.07393991 0.1449487 0.9866726 0.0856927 0.1451401 0.9856933 0.6577677 0.4880752 0.5736936 0.6442263 0.5296173 0.5517953 0.6549078 0.4905344 0.5748669 0.8127889 0.5661671 -0.1372194 0.7876825 0.6060276 -0.110846 0.7796393 0.6154386 -0.1157496 0.4608516 0.327638 -0.8247843 0.4492366 0.3289799 -0.8306375 0.4373756 0.3385597 -0.8331145 -0.1480314 -0.05800658 -0.9872801 -0.1745221 -0.06101512 -0.982761 -0.1569674 -0.07552176 -0.984712 -0.5687305 -0.5573552 -0.6048974 -0.5684264 -0.5576546 -0.6049073 -0.8605762 -0.4844102 0.1573392 -0.7412905 -0.6459219 0.1824101 -0.5280335 -0.2547431 0.8101152 -0.4700412 -0.3111203 0.8259935 0.06093263 0.1546247 0.9860926 -0.1922124 0.02210497 0.9811044 0.6287667 0.544144 0.5554816 0.3300784 0.492509 0.8052846 0.605567 0.6346659 -0.4800914 0.6015141 0.6266587 -0.4954592 0.2047171 0.2156105 -0.9547792 0.1134873 0.07412099 -0.9907708 -0.09532707 -0.1282492 -0.98715 0.4602235 0.3280994 -0.8249517 0.6383949 0.7534062 -0.1575791 -0.6965909 -0.3939014 -0.599669 -0.1454274 -0.06051152 -0.9875168 -0.4738944 -0.2820388 0.8341932 -0.414283 -0.3434212 0.842871 -0.4233347 -0.3375429 0.8407453 -0.0973488 -0.09884226 -0.9903299 -0.03607803 -0.1582103 -0.9867461 -0.09663105 -0.09838587 -0.9904457 -0.125709 -0.09269589 -0.9877271 -0.09815394 -0.1209675 -0.9877918 -0.09815329 -0.120968 -0.9877919 0.4162124 0.3398119 -0.8433831 0.5239886 0.2815272 -0.8038523 0.0387209 0.1540851 0.9872986 -0.3741879 0.3610547 0.8541797 -0.4731322 -0.3037937 0.8269554 -0.7995797 -0.574515 0.1749426 -0.6545143 -0.4569813 -0.6023116 -0.6292563 -0.4891972 -0.6039228 -0.6292556 -0.4891989 -0.6039221 -0.5306446 -0.5933312 -0.6052888 -0.5306442 -0.5933312 -0.6052891 -0.7411725 -0.6460517 0.18243 -0.7047837 -0.6838781 0.188655 -0.4312903 -0.3430422 0.8344524 -0.2859704 -0.1213032 0.9505296 -0.2569637 -0.2586816 0.9311572 0.1370095 -0.06632429 -0.9883469 -0.09715175 -0.2382907 -0.9663225 -0.05513584 -0.1585065 -0.9858173 -0.4368732 -0.3248798 0.8388056 -0.4282355 -0.3310499 0.8408451 -0.04613935 -0.1522278 -0.9872679 -0.05984759 -0.1400295 -0.988337 -0.499696 -0.2783398 0.8202629 -0.5080247 -0.2584653 0.8216487 -0.4934781 -0.2852715 0.8216444 -0.1267275 -0.09657734 -0.9872249 -0.1347928 -0.07705903 -0.987873 -0.1306138 -0.08130854 -0.9880936 -0.4584177 -0.4171495 0.7847545 -0.1192729 -0.1039766 -0.9874022 -0.05020207 -0.146292 -0.9879668 -0.5045799 -0.262407 0.8225217 0.03187876 -0.545094 -0.8377687 0.03196972 -0.6075859 -0.7936103 0.03209847 -0.6054587 -0.7952293 -0.7035132 -0.3875818 -0.5956926 -0.7068882 -0.4431335 -0.5513092 -0.7035112 -0.3875853 -0.5956927 -0.9995847 -0.01571607 -0.02415442 -0.9995918 -0.01964271 -0.02074855 -0.9995847 -0.01571595 -0.0241546 -0.7924001 0.4199956 0.4423865 -0.7484309 0.4341809 0.5013365 -0.7098662 0.3266325 0.6240203 -0.1137636 0.5035936 0.8564177 -0.009173631 0.6446589 0.7644153 0.00842905 0.6449717 0.7641599 0.7507073 0.2964918 0.5903654 0.6916939 0.495709 0.5251974 0.6789709 0.5156697 0.5225737 0.9711158 0.2137082 -0.1061269 0.9961564 0.08110177 -0.03309154 0.9958185 0.08397459 -0.03596955 0.7452182 -0.3636605 -0.5589284 0.7455508 -0.3678169 -0.5557561 0.7455748 -0.3679354 -0.5556454 -1.65161e-6 -0.7495777 0.6619164 -4.66764e-6 -0.7495828 0.6619107 0.04617261 -0.6680038 0.7427241 0.3231797 0.9075056 0.268307 0.2210358 0.96751 -0.1227508 0.3218808 0.9097874 0.262068 0.0307753 -0.6600514 -0.7505898 -0.7069156 -0.4466331 -0.5484426 -0.7052269 -0.4971684 -0.5054489 -0.9993993 -0.03355139 -0.008692085 -0.9993267 -0.03585541 -0.007797837 -0.7455134 0.4761433 0.4663661 -0.7446193 0.4755488 0.4683968 0.0175547 0.7548378 0.6556766 0.01955336 0.7547824 0.6556837 0.6638162 0.605621 0.4388293 0.6630843 0.6062921 0.4390091 0.9901788 0.1230065 -0.06644874 0.7465931 -0.3823595 -0.5444264 0.02971303 -0.6620471 -0.7488731 0.01730865 -0.5349932 -0.8446791 -0.6922824 -0.3730394 -0.6177271 -0.691823 -0.3789792 -0.6146184 -0.9987439 -6.72348e-4 -0.05010271 -0.9985814 0.002506554 -0.05318719 -0.7314867 0.4185694 0.5382629 -0.7311054 0.4107252 0.5447842 0.02383589 0.602172 0.7980105 0.02508443 0.5919387 0.8055925 0.6675671 0.4497928 0.59333 0.9903058 0.1229889 -0.06456178 0.9976288 0.06831336 0.008373558 0.7461707 -0.3853076 -0.5429249 0.7359912 -0.3475595 -0.5809643 0.05014568 -0.246243 -0.9679101 0.09258282 -0.05995458 -0.9938983 0.04657667 -0.2612184 -0.9641553 -0.6589702 -0.112543 -0.7437018 -0.6227093 0.08068549 -0.7782821 -0.6591734 -0.1137639 -0.7433359 -0.988423 0.1145285 -0.09951496 -0.9730826 0.2023453 -0.1103032 -0.987577 0.1207458 -0.1005586 -0.7304496 0.3009273 0.6130956 -0.9709465 0.058797 0.2319611 -0.9333085 0.1784777 0.3115786 -0.01113259 0.1935467 0.981028 -0.4090418 0.2106302 0.8878737 0.006760179 0.1920229 0.9813672 0.6125336 0.06996756 0.7873418 0.8675155 -0.04149883 0.4956763 0.8790405 -0.04840034 0.4742839 0.9958693 -0.03304356 0.08457213 0.946412 -0.1921588 -0.2595751 0.8909201 -0.3218706 -0.320407 0.7475022 -0.2190142 -0.6271151 0.7454679 -0.2285535 -0.6261317 0.995674 -0.03860002 0.08451992 0.626791 0.2754282 0.7288844 0.6248174 0.2763986 0.7302104 0.04445743 0.3920842 0.9188545 0.04685533 0.3916269 0.9189304 -0.7285928 0.3085231 0.6115278 0.01758861 -0.5180813 -0.8551506 0.7357069 -0.3399944 -0.5857809 -0.9995905 -0.01550269 -0.02405673 -0.9992699 -0.03774112 0.005966365 -0.9993798 -0.03514844 0.002214491 0.7453292 -0.3634878 -0.5588928 0.7528736 -0.3881088 -0.5315573 0.7452896 -0.3635024 -0.5589361 0.745218 -0.3636626 -0.5589272 0.7452185 -0.3636605 -0.558928 0.7452158 -0.363668 -0.5589268 0.9998907 -0.01409488 0.004490256 0.9303591 0.2521463 -0.2661846 0.9914167 -0.07130032 -0.109587 -0.7899902 0.4170218 0.4494535 -0.8420728 0.5350925 0.06774586 -0.9995847 -0.01571589 -0.02415472 -0.7035096 -0.38758 -0.5956979 0.03187662 -0.5451004 -0.8377647 0.0318768 -0.5451011 -0.8377642 0.0318771 -0.5451127 -0.8377565 0.09249067 -0.06036919 -0.9938818 0.08225536 -0.106472 -0.9909076 -0.6228342 0.08019095 -0.7782333 -0.6336433 0.0344125 -0.7728597 -0.9823024 0.1556051 -0.1042543 -0.9800406 0.1752721 -0.0938102 -0.9872766 0.1563292 0.02908957 0.7654129 -0.1688253 -0.6210001 0.7615234 -0.1389471 -0.6330686 0.8277923 -0.200626 -0.5239362 -0.998626 -0.04198586 0.03135859 -0.9985121 -0.04315388 0.0333392 0.7648785 -0.3952445 -0.5086677 0.7520094 -0.3857377 -0.5344983 -0.999786 -1.78214e-4 -0.02068954 -0.9994365 0.01074218 -0.03180396 0.7530991 -0.3475419 -0.55862 0.7653554 -0.3963749 -0.5070683 -0.9894691 0.1114219 -0.09239047 0.7492499 -0.2324644 -0.6201491 0.7490821 -0.2348945 -0.6194357 0.7514017 -0.338329 -0.5665061 -0.9902411 0.1061005 -0.09036189 0.04761201 -0.5267255 -0.848701 0.0854451 -0.6625034 -0.7441697 0.08472728 -0.6587081 -0.7476128 -0.6886791 -0.4777915 -0.5453773 -0.6618456 -0.6086255 -0.4376478 -0.6886205 -0.4783015 -0.5450042 -0.9901929 -0.1299597 0.05126899 -0.9795932 -0.1771557 0.09493678 -0.9900509 -0.1307465 0.05200648 -0.8010119 0.4028167 0.4428529 -0.7669084 0.3583444 0.5323917 -0.7107045 0.2333186 0.6636729 -0.09183615 0.5731508 0.8142877 -0.100094 0.7343935 0.6713028 -0.1011821 0.5683732 0.8165257 0.7018999 0.5197038 0.4870775 0.6321057 0.6800636 0.3714241 0.6284906 0.6821714 0.3736867 0.9227955 0.2924206 -0.2508758 0.9543088 0.2501429 -0.1634725 0.9553368 0.2472459 -0.1618677 0.7281678 -0.2354429 -0.6436913 0.7456576 -0.2840574 -0.6027488 0.7451379 -0.2815181 -0.6045802 0.2271038 -0.6756311 0.7013891 0.2122925 -0.7098274 0.6716227 0.2268059 -0.6763451 0.7007971 -0.2665592 0.5838644 -0.7668433 -0.2593999 0.5906192 -0.7641209 -0.2593997 0.590613 -0.7641258 0.08250147 -0.6692839 -0.7384122 -0.6568526 -0.61583 -0.435084 -0.6577137 -0.6119064 -0.4392987 -0.978246 -0.1833704 0.09700518 -0.9796765 -0.1782146 0.09205251 -0.7619175 0.366335 0.5341167 -0.7600536 0.3588443 0.5418021 -0.08989751 0.7468588 0.6588781 -0.08736997 0.7401147 0.6667809 0.6182609 0.6940793 0.3687918 0.9528481 0.2582901 -0.1592698 0.7453863 -0.2903021 -0.6001033 0.03347772 -0.4610164 -0.88676 0.02070075 -0.4577925 -0.8888182 0.02473348 -0.4741447 -0.8800995 -0.6964656 -0.4122046 -0.5873866 -0.6879042 -0.4101321 -0.5988152 -0.6965113 -0.4158071 -0.5847876 -0.9947156 -0.09755599 0.03199601 -0.9949656 -0.1000797 0.005258798 -0.9943965 -0.0999419 0.03445827 -0.7413055 0.2908468 0.6048755 -0.74915 0.2919523 0.5945908 -0.7416201 0.291395 0.6042257 -0.02959996 0.5558332 0.8307667 -0.03276079 0.5751906 0.8173632 -0.03077292 0.5561485 0.8305131 0.6678604 0.5082316 0.5437492 0.6635712 0.5267117 0.5312703 0.6603155 0.5420129 0.519813 0.9786474 0.1843103 -0.0909897 0.9772625 0.184964 -0.1036646 0.9739806 0.1946139 -0.116135 0.7217954 -0.2027364 -0.6617472 0.7031092 -0.2040873 -0.681165 0.7117319 -0.2190355 -0.6674287 0.07855319 -0.6319568 -0.7710124 0.07855284 -0.6319568 -0.7710124 -0.6871919 -0.4298964 -0.5856248 -0.6708294 -0.5803598 -0.461704 -0.9931309 -0.1148495 0.02237373 -0.9825448 -0.1671588 0.08163118 -0.7542132 0.301563 0.5832858 -0.7719683 0.3376645 0.5385607 -0.03529763 0.5875081 0.8084481 0.03808659 0.7395251 0.6720507 0.5368776 0.7035086 0.465659 0.531853 0.7052901 0.4687199 0.9597396 0.2295968 -0.1618182 0.9597397 0.2295971 -0.1618179 0.7395434 -0.2734456 -0.6150634 0.7395432 -0.2734459 -0.6150636 0.9784308 0.1850387 -0.09183669 0.6682061 0.5101622 0.5415119 0.03427737 -0.4618819 -0.8862789 0.7228831 -0.2047411 -0.6599403 -0.9870757 -0.1375544 0.08222264 -0.9699618 -0.1985042 0.1406062 -0.972386 -0.1927858 0.1315264 0.7466552 -0.244078 -0.618815 0.7680053 -0.3062055 -0.5625001 0.7469957 -0.2438028 -0.6185125 0.7284771 -0.2362245 -0.6430545 0.740182 -0.2671111 -0.6170757 0.74018 -0.2671083 -0.6170793 0.9763537 0.1846337 -0.1124448 0.9913564 0.1288248 -0.02483606 -0.7546693 0.2918829 0.5876043 -0.8202629 0.5575177 0.1278398 -0.9837142 -0.1608185 0.08027422 -0.6838781 -0.5126478 -0.519137 0.04769998 -0.5270503 -0.8484944 0.0574758 -0.5624186 -0.8248527 0.05747509 -0.5624147 -0.8248554 -0.9765787 -0.1800722 0.1177636 -0.974241 -0.1863166 0.1270461 0.7642217 -0.3005276 -0.570656 0.7590954 -0.2875251 -0.5840408 -0.9882592 -0.1417863 0.05692577 -0.9921467 -0.1167027 0.0450043 -0.9866147 -0.1495511 0.06500816 0.7294191 -0.2475044 -0.6377221 0.7267921 -0.2221734 -0.6499325 0.7284542 -0.226254 -0.6466557 -0.2743337 0.5540179 -0.7860058 -0.2571923 0.5452973 -0.7978114 -0.2746216 0.5439459 -0.7929099 -0.9769088 -0.1864326 0.1043661 -0.9769085 -0.1864354 0.1043635 0.7491515 -0.2932909 -0.5939298 0.7327191 -0.2549237 -0.6309807 -0.290719 0.5475737 -0.7846308 0.7630064 -0.2937167 -0.5758054 -0.9914536 -0.1209293 0.04894888 0.3834061 0.004801452 -0.9235674 0.4060325 0.06629705 -0.9114506 0.381465 0.005737185 -0.9243655 -0.3818526 -3.58978e-4 -0.9242231 -0.3556262 0.05397832 -0.9330682 -0.3839237 8.08229e-4 -0.9233645 -0.923546 -0.001461446 -0.3834848 -0.9122164 0.01976758 -0.4092319 -0.9116621 0.02071118 -0.4104184 -0.9241749 0.004810214 0.3819392 -0.9332533 -0.01713955 0.3588098 -0.9336489 -0.01597034 0.3578337 -0.3833666 0.01317888 0.9235023 -0.4054568 -0.03398197 0.9134824 -0.4082242 -0.03343635 0.9122693 0.3818627 0.01822614 0.9240394 0.3566517 -0.01992291 0.9340249 0.3538321 -0.01999866 0.9350953 0.9234291 0.01715356 0.3833854 0.9130233 0.01494413 0.4076336 0.911794 0.01545494 0.4103572 0.9241039 0.01262307 -0.3819329 0.9320461 0.05001312 -0.3588715 0.9233092 0.01332169 -0.3838268 0 -1 0 0.08713078 0.9062227 0.4137254 0.07655978 0.9125226 0.4017973 0.08266901 0.9003212 0.4273027 0.07152009 0.9104393 0.407413 0.08266222 0.9003153 0.4273165 0.08263272 0.9003138 0.4273253 0.08260041 0.9003348 0.4272872 0.08269453 0.900367 0.4272015 0.08280456 0.9003033 0.4273141 0.3482581 0.07743602 -0.9341948 0.3155595 0.02751618 -0.9485068 0.3466606 0.07916015 -0.9346444 -0.4155573 0.06902223 -0.9069444 -0.4440785 0.05615258 -0.8942267 -0.4440782 0.05615264 -0.8942267 -0.9360648 0.02936607 -0.3505999 -0.944342 0.1179487 -0.3070933 -0.9441968 0.1191878 -0.3070618 -0.9091232 -0.01433771 0.4162807 -0.894489 0.01055997 0.4469653 -0.8947994 0.006456255 0.4464219 -0.3440496 -0.04090344 0.9380601 -0.3212806 -0.07984 0.9436125 -0.3220221 -0.08862042 0.9425753 0.4160455 -0.03356915 0.908724 0.4425354 -0.1079029 0.8902357 0.4181504 -0.03310114 0.9077745 0.9347218 0.008020281 0.3552899 0.9466518 -0.04397332 0.319244 0.9353397 0.008518695 0.3536484 0.9109207 0.05200022 -0.4092917 0.8992504 0.06314873 -0.4328523 0.90981 0.0546 -0.411418 0.8896549 0.0170899 0.4563137 0.8914192 0.0168755 0.4528653 0.8889328 0.01786601 0.4576891 0.3078969 0.02812975 0.9510039 0.3186998 0.04147064 0.9469481 0.3064579 0.03288495 0.9513161 -0.4501215 0.03651142 0.8922206 -0.4307948 0.05551731 0.9007408 -0.4302909 0.04663085 0.9014852 -0.9498564 0.02556514 0.3116396 -0.9443949 0.0439406 0.3258645 -0.9443434 0.03744006 0.326824 -0.8887503 0.01323872 -0.4582007 -0.8918057 0.0157749 -0.4521437 -0.8924714 0.01662856 -0.4507976 -0.3059909 0.00258249 -0.952031 -0.3176466 -0.008784055 -0.9481686 -0.3168607 -0.01083517 -0.9484103 0.4498226 -0.00339061 -0.8931115 0.4338141 -0.02372795 -0.9006899 0.4515286 -0.0010432 -0.8922562 0.9498321 0.004574179 -0.312727 0.9460725 -0.01188522 -0.323737 0.9503766 0.003119051 -0.3110861 0.8920717 0.01589953 0.4516142 -0.3437039 -0.04482644 0.9380077 -0.9086552 -0.01959598 0.4170872 -0.9362592 0.02726143 -0.3502509 0.4332512 -0.01410943 -0.9011628 0.9458566 -0.004891395 -0.3245483 -0.8913303 -0.04909133 0.4506889 -0.8910651 -0.04926818 0.4511936 -0.9478204 0.152684 -0.2798644 -0.3745836 0.2921868 -0.8799512 -0.3531858 0.2923483 -0.8887027 -0.3751398 0.2921805 -0.8797163 0.2797796 0.2751839 -0.9197811 0.2329081 0.2825521 -0.9305473 0.2810355 0.274976 -0.9194604 0.8993636 0.06724083 -0.432 0.8997471 0.1166362 -0.4205368 0.9472627 -0.08272516 0.3095968 0.9473192 -0.08269143 0.3094328 0.4474783 -0.2147809 0.86812 0.4480096 -0.2147579 0.8678517 -0.3160936 -0.2010936 0.9271712 -0.315501 -0.2011963 0.9273507 -0.0879513 -0.9196738 -0.3827074 -0.1661948 -0.9222208 -0.349125 -0.0893777 -0.9168372 -0.3891289 -0.9015083 -0.06488049 0.427871 -0.9015094 -0.06488084 0.4278685 -0.9015094 -0.06488084 0.4278684 0.06081354 0.9189298 0.3897048 -0.009510993 -0.923938 -0.3824242 -0.009124815 -0.9255731 -0.3784589 0.08915632 0.9134912 0.3969698 0.07293599 0.9177191 0.390477 0.9464579 -0.1037376 0.3057057 0.9464575 -0.1037383 0.3057068 0.946458 -0.1037376 0.3057057 -0.3523668 0.05356168 -0.934328 -0.4492831 0.0337423 0.892752 0.382683 0 -0.9238797 -0.3826832 0 -0.9238798 -0.9238793 0 -0.3826839 -0.9244173 -0.002536475 -0.3813743 -0.9238793 0 0.3826839 -0.9233812 0.003647506 0.383867 -0.3826833 0 0.9238797 -0.3815032 0.01177704 0.9242926 0.3826831 0 0.9238797 0.3838635 0.01684904 0.9232362 0.9238796 0 0.3826834 0.9242736 0.01612389 0.3813901 0.9238796 0 -0.3826834 0.2062978 0.5383232 -0.8170982 0.1510687 0.4603583 -0.8747848 0.09925711 0.4045366 -0.9091195 -0.5831852 0.3185505 -0.7472755 -0.5881074 0.5336484 -0.6077411 -0.5871936 0.5468188 -0.5968189 -0.9850426 0.1258843 -0.1176618 -0.9901547 0.0931406 -0.1044927 -0.9903295 0.1019285 -0.09411758 -0.8220688 -0.4636334 0.3305256 -0.8238188 -0.3890854 0.4122318 -0.8237788 -0.3846544 0.4164487 -0.1593916 -0.7314472 0.6630077 -0.1581885 -0.6821646 0.7138824 -0.1585756 -0.6822707 0.7136949 0.6224362 -0.6010512 0.501309 0.6225496 -0.5548786 0.551853 0.6225087 -0.5993727 0.5032249 0.9808494 -0.1946287 -0.007364273 0.989847 -0.1231954 0.07089322 0.9814391 -0.1917287 -0.004182994 0.7997309 0.2313035 -0.554012 0.8212407 0.3595321 -0.4430578 0.800467 0.2341195 -0.5517614 -0.05063074 -0.6384918 -0.7679615 -0.1401444 -0.5415201 -0.8289244 -0.05786544 -0.6311919 -0.7734652 -0.09482216 0.8962078 0.4333826 -0.09484118 0.8961842 0.433427 -0.09482717 0.8961853 0.4334279 0.1053746 0.7474947 -0.6558567 0.1257945 0.6362831 -0.7611304 0.1275341 0.6378394 -0.7595368 -0.5972376 0.5252848 -0.6061214 -0.5969319 0.5124768 -0.6172844 -0.9890854 0.1210629 -0.08398658 -0.8150351 -0.2976633 0.497106 -0.1529921 -0.5372235 0.8294482 0.622201 -0.5520225 0.5551011 0.6094134 -0.4258026 0.6688105 0.9864013 -0.03538525 0.1605008 0.9869819 -0.04278421 0.155036 0.8190203 0.3879171 -0.4227604 0.8184762 0.3931863 -0.4189291 0.1256436 0.3850256 -0.9143134 0.11963 0.3300202 -0.9363628 0.1265248 0.386036 -0.9137657 -0.5622044 0.2756224 -0.7797171 -0.5465348 0.2220848 -0.8074516 -0.5466056 0.2357781 -0.8035117 -0.9866008 0.02994728 -0.1603816 -0.9838812 -0.00565207 -0.1787343 -0.9845677 0.002036511 -0.1749926 -0.8179956 -0.2041794 0.5377676 -0.8189092 -0.1916462 0.5409803 -0.8190685 -0.1971507 0.5387566 -0.1670921 -0.3056488 0.9373682 -0.1717453 -0.2544094 0.9517245 -0.1717194 -0.2548092 0.9516221 0.5786323 -0.1908048 0.7929554 0.5698497 -0.1402566 0.809691 0.5801675 -0.201646 0.7891417 0.9773082 0.05491888 0.2045787 0.9757316 0.06743395 0.208328 0.9780189 0.049147 0.2026416 0.8167269 0.2926733 -0.4972924 0.8184118 0.255657 -0.5146278 0.816367 0.2995423 -0.4937809 0.9769067 0.06023013 0.205002 0.9836148 0.00843966 0.1800854 0.5723818 -0.1525941 0.8056638 0.5936697 -0.2872997 0.7516749 -0.1601914 -0.400582 0.902149 -0.8185489 -0.2519181 0.516251 -0.9873701 0.05735439 -0.1476852 -0.9873701 0.05735427 -0.147685 -0.4429364 0.4071637 -0.7987647 -0.4371182 0.4089682 -0.8010449 -0.03486096 0.4612376 -0.8865916 -0.04142332 0.4604546 -0.8867163 0.813808 0.319566 -0.4853805 0.8138075 0.3195663 -0.4853811 0.6076938 -0.4130772 0.6782886 -0.1665809 -0.3064923 0.9371837 -0.8175942 -0.208745 0.5366238 -0.987055 0.03886103 -0.1556031 -0.5646759 0.2889664 -0.7730717 -0.7866801 -0.4205213 0.4519916 -0.8272318 -0.375691 0.4177845 -0.7846276 -0.4214159 0.4547176 0.8743419 0.232596 -0.4259405 0.9695446 0.1466197 -0.1961786 0.9731375 0.1411168 -0.181905 0.8215409 0.3505083 -0.4496827 0.990253 -0.08562469 0.1098514 0.6187805 -0.4829387 0.6195813 -0.1593911 -0.7312157 0.6632633 -0.1576448 -0.6070806 0.7788461 -0.1576485 -0.6070803 0.7788457 -0.8222924 -0.4613155 0.3332018 -0.8215438 -0.3505079 0.4496777 -0.8215441 -0.350511 0.4496749 -0.9723358 -0.0584172 -0.2261649 -0.9458572 0.2738149 0.1742976 -0.9999482 -0.00625813 0.008028745 0.2220532 0.6795123 -0.6992534 0.3883705 0.8275551 -0.4053651 0.05543541 -0.6521514 -0.7560592 0.0352444 -0.5698406 -0.8209992 0.02916127 -0.5441052 -0.8385101 0.9890004 -0.05695074 0.1365092 0.9917185 -0.09642404 0.08483392 0.9881246 -0.04796093 0.1459776 -0.82852 -0.3775219 0.41356 -0.8180463 -0.3106623 0.4840342 0.9804304 0.03586041 0.1935724 0.9795563 0.04131937 0.1968812 0.9812706 0.02953565 0.1903565 -0.8190319 -0.2244224 0.5280353 -0.818714 -0.218554 0.5309818 -0.8185551 -0.2226958 0.5295037 -0.8200317 -0.2701376 0.5045531 -0.8190623 -0.2290816 0.5259835 -0.05836546 0.8551708 0.51505 -0.008934557 0.8211178 0.5706889 -0.0620613 0.8797762 0.4713199 -0.09504264 0.8057457 0.584586 -0.0511083 0.8103734 0.5836805 0.985875 -0.008790791 0.1672523 0.9858946 -0.00872153 0.16714 -0.8192198 -0.3189352 0.4766125 0.9802774 0.03562849 0.1943882 -0.811726 -0.5690313 0.1315461 -0.7642757 -0.6313269 0.1315639 -0.811726 -0.5690315 0.1315447 -0.4792768 -0.3465098 0.8063651 -0.4284704 -0.4034837 0.8084641 -0.4792794 -0.346511 0.8063632 0.1048446 0.05890601 0.9927425 0.1135132 0.04912334 0.9923214 0.1048446 0.05890756 0.9927424 0.514103 0.5196187 0.6824182 0.583166 0.5003575 0.6399688 0.704723 0.3819266 0.597911 0.8340917 0.5464527 -0.07536983 0.7373512 0.6606034 -0.1411255 0.7292398 0.6671169 -0.1521992 0.4752531 0.2839065 -0.8327854 0.4022276 0.4415594 -0.8020213 0.3967285 0.4590296 -0.7949203 -0.2295826 0.005100488 -0.9732758 -0.1592518 -0.002430975 -0.9872351 -0.1601288 1.61235e-4 -0.9870961 -0.6381888 -0.4367229 -0.6340255 -0.6300863 -0.4471984 -0.6348268 -0.6300373 -0.4468411 -0.6351269 0.6880064 -0.7255651 -0.01423388 0.6880086 -0.725563 -0.01423513 0.7380557 -0.6722022 -0.05846518 -0.7596055 -0.6369657 0.1314319 -0.710667 -0.6912645 0.1307899 -0.4238113 -0.408347 0.808478 -0.374751 -0.458476 0.8058298 0.1177521 0.0381264 0.9923109 0.1176514 0.03817099 0.9923211 0.5295319 0.5464532 0.6488335 0.5289512 0.5462394 0.6494868 0.6097317 0.7785979 -0.1483659 0.6096308 0.7783449 -0.1500979 0.2951387 0.5532377 -0.7789872 0.2960324 0.5510123 -0.7802245 -0.2125717 0.04120808 -0.9762762 -0.6249063 -0.458409 -0.6319441 -0.4783357 -0.8747349 0.07767707 -0.4155976 -0.9070581 0.06726282 -0.5154264 -0.8524734 0.08731955 -0.1476081 -0.6080664 0.7800431 -0.0917859 -0.6406218 0.762351 -0.07170218 -0.6489401 0.7574535 0.2220883 -0.02699166 0.9746529 0.246676 -0.04763102 0.9679269 0.2548542 -0.05155593 0.9656041 0.44423 0.5834006 0.6799291 0.4265173 0.588595 0.6867598 0.4201021 0.5897547 0.6897128 0.4024865 0.9120465 -0.07858753 0.3059573 0.9507664 -0.04933172 0.3031768 0.9518876 -0.04465347 0.08577007 0.6535645 -0.7519953 -0.004316389 0.6882302 -0.7254796 0.08927935 0.65186 -0.7530657 -0.295457 0.07199662 -0.9526394 -0.3127989 0.07711195 -0.9466841 -0.2829953 0.06519401 -0.9569031 -0.523308 -0.5350701 -0.6632111 -0.4969532 -0.5560154 -0.6662466 -0.5455842 -0.5218179 -0.6557773 -0.3758463 -0.4574589 0.8058977 -0.1340228 -0.01616168 -0.9908465 -0.1135956 -0.04872429 -0.9923316 -0.1139494 -0.04893743 -0.9922806 0.501829 0.3796401 -0.7772008 0.6122132 0.3376834 -0.714958 0.6173186 0.342004 -0.7084851 0.7893694 0.5857923 -0.1836938 0.8343541 0.4842442 -0.2633645 0.7933564 0.581906 -0.1788051 0.6072869 0.4826814 0.6310479 0.6298859 0.4477759 0.6346184 0.6053158 0.4846953 0.631398 0.05789196 0.1046984 0.9928176 0.003964662 0.1668877 0.985968 0.06370103 0.09459656 0.9934756 -0.5201715 -0.3026238 0.7986491 -0.6177463 -0.1567807 0.7705904 -0.5067182 -0.3217214 0.7998326 -0.8362828 -0.5310656 0.1363841 -0.9255552 -0.3573377 0.12513 -0.9255759 -0.3573436 0.1249597 -0.6780562 -0.3865574 -0.6251506 -0.7221346 -0.3150282 -0.6158563 -0.7221125 -0.3150157 -0.6158885 -0.1381673 -0.01188218 -0.9903377 0.4875963 0.3907045 -0.7807689 -0.8411726 -0.5230299 0.1373628 -0.6755818 -0.3928956 -0.6238769 -0.6724568 0.7401061 -0.006710588 -0.6777271 0.7352917 0.005669176 -0.6777616 0.7352599 0.005662262 0.1047355 0.05858612 0.9927731 0.1381239 0.03130388 0.9899202 0.1326889 0.03526848 0.9905301 -0.6382302 -0.4370015 -0.6337916 -0.6082535 -0.4674503 -0.6414967 -0.638177 -0.4369771 -0.6338621 -0.6381907 -0.4367243 -0.6340226 -0.6381887 -0.4367241 -0.6340247 -0.6381927 -0.4367269 -0.6340188 -0.1783937 -0.02109938 -0.9837329 -0.02279818 -0.09986674 -0.9947397 0.5714933 0.4843513 0.6624191 0.1538683 0.6701453 0.7261059 0.104843 0.0589087 0.9927425 -0.4792799 -0.3465063 0.8063647 -0.8117274 -0.5690292 0.131547 0.1534477 0.0226351 0.9878976 0.1524345 0.0225473 0.9880564 -0.5933048 -0.4783937 -0.6474016 -0.6120573 -0.4640348 -0.6403573 0.2420452 -0.02931219 0.9698222 0.2686493 -0.03475809 0.9626107 0.282876 -0.04094523 0.9582822 -0.5060693 -0.5384533 -0.673767 -0.4803982 -0.5461422 -0.6862552 -0.4961106 -0.5430136 -0.6775031 -0.5944563 -0.4784951 -0.6462695 0.2544515 -0.03392696 0.9664903 -0.6921769 -0.350113 -0.6311197 -0.6699196 -0.3865061 -0.6338934 -0.6652621 -0.3944679 -0.6338939 -0.6592437 0.7513594 -0.02927529 -0.6341898 0.7709102 -0.05916798 -0.6156162 0.7879384 -0.01303565 -0.6213337 0.7826229 -0.03802365 0.04405772 0.1386371 0.9893628 0.0694372 0.1065178 0.9918833 0.04451471 0.1389668 0.9892961 -0.4685453 -0.5518749 -0.6898547 0.07717472 0.09669566 0.9923175 0.4811844 0.5753986 -0.6613456 0.4304882 0.654014 -0.6220495 0.4995705 0.5610631 -0.6600286 -0.4257352 0.6272808 -0.6521261 -0.362359 0.7014096 -0.6137757 -0.3511126 0.7092021 -0.611353 -0.9322518 0.352518 -0.08147192 -0.9233999 0.327434 -0.2002993 -0.9233322 0.3309097 -0.1948246 -0.9424253 -0.2072658 0.2624416 -0.9377052 -0.1836718 0.2949129 -0.9363636 -0.1800955 0.301312 -0.4420996 -0.6306158 0.6378649 -0.4361584 -0.5992465 0.6713193 -0.4350059 -0.596616 0.6744029 0.3779508 -0.6785713 0.6298367 0.3772848 -0.6457536 0.6638213 0.3779546 -0.6785709 0.6298348 0.9238866 -0.3041011 0.2322846 0.9227787 -0.2797064 0.2650358 0.9238868 -0.3041024 0.2322825 0.9606404 0.2530578 -0.1145943 0.9454513 0.2299372 -0.2307615 0.9199057 0.1762026 -0.3503231 -0.05007767 -0.5121529 -0.8574331 -0.04910242 -0.4955736 -0.8671769 -0.04904383 -0.494541 -0.8677696 0.06136071 0.7169519 0.694417 0.06136214 0.7169628 0.6944056 0.06136059 0.7169685 0.6943998 0.4206198 0.6639366 -0.6182776 0.4320318 0.7308205 -0.5284411 -0.348988 0.7808047 -0.5182195 -0.3500806 0.7853323 -0.5105848 -0.9232107 0.3563501 -0.1438636 -0.9236767 0.3588544 -0.1343315 -0.9317484 -0.1821979 0.3140843 -0.9329243 -0.1869734 0.3077228 -0.4342612 -0.6161345 0.6571115 -0.4351284 -0.6236685 0.6493851 0.3766118 -0.6438886 0.6660114 0.3727017 -0.6637238 0.6485093 0.922053 -0.2761682 0.2712001 0.9176002 -0.2777878 0.2843304 0.9459521 0.2335303 -0.2250296 0.9505662 0.2559574 -0.1758118 0.431065 0.7372904 -0.5201787 0.4180749 0.7351365 -0.5336551 -0.3329979 0.7784529 -0.5320934 -0.9129957 0.3773183 -0.1551446 -0.9366075 -0.1719006 0.3053139 -0.9368072 -0.1724282 0.3044024 -0.4369802 -0.6168411 0.6546415 -0.4363917 -0.6164101 0.6554395 0.3721743 -0.6700388 0.6422885 0.3753347 -0.6625233 0.6482182 0.9180384 -0.2826323 0.2780725 0.9233104 -0.2676002 0.2754781 0.9505729 0.2609064 -0.1683428 0.9421601 0.2801418 -0.1839972 0.4124667 0.7348616 -0.5383768 0.2988966 0.610283 -0.7336318 -0.2398379 0.6414016 -0.7287537 -0.2287489 0.6435802 -0.7303962 -0.921121 0.3138037 -0.2303549 -0.9211213 0.3138033 -0.2303545 -0.9258956 -0.1096341 0.3615215 -0.9258952 -0.1096344 0.3615224 -0.4126337 -0.4473102 0.7935031 -0.4126335 -0.4473103 0.7935031 0.374561 -0.6649613 0.646166 0.3780663 -0.4905554 0.7851251 0.9234185 -0.2685334 0.2742049 0.9211634 -0.2041001 0.3313624 0.9408767 0.2846397 -0.1836605 0.9408039 0.2170173 -0.2603681 0.9238882 -0.3040945 0.2322871 0.9231365 -0.2919129 0.2502115 0.9232631 -0.2933811 0.2480179 -0.9424174 -0.2072769 0.2624612 -0.9397984 -0.1954361 0.2803278 -0.9424176 -0.2072766 0.2624608 0.9541663 0.2310513 -0.1902156 0.904729 0.3412785 0.2549406 0.9238863 -0.3041065 0.2322785 0.3779537 -0.6785855 0.6298198 -0.4421041 -0.6306174 0.6378602 -0.442107 -0.630633 0.6378429 -0.4421093 -0.6306363 0.637838 -0.9424252 -0.2072661 0.2624415 -0.9424269 -0.2072698 0.2624326 -0.9424262 -0.2072696 0.2624356 -0.9307169 0.3294323 -0.1588724 -0.9075593 0.2704335 -0.3212504 0.9239972 -0.3019564 0.234631 0.9243323 -0.3044905 0.2299904 -0.9422746 -0.2053681 0.2644667 -0.9401659 -0.1969253 0.2780439 0.9224901 -0.2847309 0.2606542 0.9229506 -0.291083 0.2518588 -0.9380444 -0.1884189 0.290811 -0.9429833 -0.2076413 0.2601301 0.06299483 0.6671874 0.7422214 0.03120684 0.6586894 0.7517675 0.05825567 0.6537618 0.7544547 0.9218248 -0.2375044 0.3063181 0.9221949 -0.2368723 0.305693 -0.9309129 -0.1423729 0.3363499 -0.9395192 -0.1948105 0.2816959 0.08514469 0.6554962 0.7503834 0.068668 0.706729 0.7041441 -0.5854927 0.6644282 -0.4644712 -0.3385794 0.8512828 -0.4008511 -0.585764 0.6465686 -0.4887019 -0.5657819 0.6644281 0.4882892 -0.3217101 0.8512815 0.4145147 -0.3161607 0.8572249 0.4064578 -0.1881288 0.2382105 0.9528187 -0.110659 0.3170409 0.9419341 -0.1056232 0.3180078 0.9421862 0.001716911 -0.3624389 0.932006 0.1114387 -0.3287284 0.9378268 0.1135755 -0.3278914 0.9378635 0.213039 -0.8811544 0.4221155 0.2851043 -0.8609238 0.4213383 0.2854298 -0.8606247 0.4217286 0.1953985 -0.881154 -0.4305661 0.2674344 -0.8609237 -0.4327692 0.1964604 -0.8808861 -0.4306308 -0.03683257 -0.362434 -0.9312815 0.07259464 -0.3288443 -0.9415898 -0.03378403 -0.3615463 -0.9317419 -0.2273749 0.2382063 -0.9442238 -0.1495209 0.3170386 -0.9365522 -0.4009944 0.2614525 -0.8779785 -0.9744178 -0.2238383 0.02015882 -0.9778555 -0.2083012 0.02023005 -0.9744178 -0.2238386 0.02015882 0.7921356 0.6101252 -0.01638609 0.5691133 0.8221748 -0.01178628 0.5691283 0.8221644 -0.01177608 -0.3613992 0.8474763 -0.3888119 -0.3537605 0.8509431 -0.3882644 -0.3450101 0.8474775 0.4034228 -0.08038765 0.3335185 0.93931 0.2331805 -0.2834921 0.9301931 0.4783328 -0.7773724 0.4085219 0.4610269 -0.7773718 -0.4279572 0.4538417 -0.781867 -0.427448 0.1945106 -0.283494 -0.9390404 0.1883724 -0.2871721 -0.9391741 -0.1191691 0.3335203 -0.9351807 -0.1137465 0.3365302 -0.9347776 -0.6469911 0.6737123 -0.3570914 -0.6893904 0.6455686 -0.3286065 -0.6371456 0.6820722 -0.3589192 -0.6316699 0.6737141 0.3835395 -0.6752091 0.6455692 0.3568379 -0.6660214 0.6523455 0.361747 -0.1993545 0.2773313 0.9398645 -0.2338522 0.2512362 0.9392517 -0.2248775 0.2583548 0.9395121 0.3197509 -0.2149354 0.9228013 0.3293939 -0.2045468 0.9217702 0.3211985 -0.2114346 0.9231072 0.7011079 -0.5967582 0.3902915 0.7397744 -0.551611 0.3853043 0.7321993 -0.5607165 0.3866282 0.6843662 -0.5967576 -0.4189552 0.7232077 -0.5516145 -0.4155627 0.6773025 -0.6048631 -0.4188101 0.2813217 -0.2149445 -0.935231 0.2909839 -0.2045421 -0.9346073 0.275523 -0.220691 -0.9356188 -0.2380568 0.2773329 -0.9308145 -0.2724952 0.2512326 -0.9287781 -0.227245 0.2852195 -0.9311336 0.2826518 -0.2113183 -0.9356562 0.2358452 -0.2496554 -0.9391747 0.7156041 -0.5607436 -0.4165062 0.6019057 -0.6764581 -0.4243985 0.6189495 -0.6764617 0.3991254 0.6191533 -0.676256 0.3991578 0.2745205 -0.2496226 0.9286158 0.01477223 0.09232014 0.9956198 0.09417438 -0.03662037 0.994882 -0.423888 0.6074423 0.6718131 -0.4175068 0.5975678 0.6845443 -0.6804137 0.6523449 -0.3338915 -0.4513103 0.6074413 -0.6537081 -0.2635392 0.2583508 -0.9294095 -0.02641683 0.09231919 -0.9953791 0.6939435 -0.6047475 0.390798 0.3139743 -0.2206826 0.9234281 -0.1885374 0.2852163 0.9397369 -0.6217573 0.6820739 0.3849585 0.09299272 -0.3764365 -0.9217635 0.08209031 -0.3199718 -0.9438641 0.07745784 -0.3191505 -0.9445334 0.1310375 -0.3764365 0.9171285 0.1210566 -0.3199714 0.9396615 0.1340928 -0.3794594 0.9154396 -0.03859812 0.288226 -0.9567843 0.2920045 0.2064809 -0.9338625 0.1241039 -0.3105314 -0.942427 0.3707187 -0.8210842 -0.4340376 0.2141025 -0.880886 0.4221377 0.3883527 -0.8210842 0.4183335 0.3883526 -0.8210836 0.418335 0.004781544 -0.3615517 0.9323399 0.162977 -0.310537 0.9364857 0.1629764 -0.3105362 0.936486 0.001004397 0.2882308 0.9575605 -0.3643412 0.2614579 0.8938094 0.09304499 -0.1638749 0.9820833 0.2704926 -0.3233145 0.9068084 0.277581 -0.2471722 0.9283614 0.6676622 -0.6308926 0.3952238 0.6676631 -0.6308938 0.3952203 0.6021211 -0.6762691 -0.4243943 0.6507359 -0.6308942 -0.4225109 0.2389565 -0.2471824 -0.9390425 0.0529434 -0.03661668 -0.9979261 0.05235064 -0.1638803 -0.9850902 0.1747671 -0.2897013 -0.9410259 0.1662019 -0.2931067 -0.941523 0.1164561 -0.3191501 0.9405218 0.2135375 -0.2897026 0.9329921 0.2669363 -0.225326 -0.9370024 0.2678493 -0.2247665 -0.9368762 0.2595809 -0.2307155 -0.937757 0.3054572 -0.2253213 0.9251629 0.3063667 -0.2247655 0.9249972 0.3001036 -0.2302653 0.9256975 0.2981392 -0.2307104 0.9262212 0.2327454 -0.323324 -0.9172194 0.2049546 -0.2931271 0.933847 0.2615622 -0.2302662 -0.9373168 0.7598297 -0.3723983 -0.5328961 0.7632386 -0.4300906 -0.4821713 0.7633762 -0.4345362 -0.4779491 0.05299395 -0.572011 -0.8185323 0.05346542 -0.6347579 -0.7708592 0.05339545 -0.6396917 -0.7667748 -0.6909885 -0.4140646 -0.5925247 -0.6916475 -0.4249104 -0.5840161 -0.6909896 -0.4140679 -0.5925211 -0.9836798 0.06137526 -0.1691364 -0.9951748 0.0291872 -0.09367674 -0.995508 -0.08371353 0.0442261 -0.7778249 0.3349056 0.5318146 -0.7590028 0.4734613 0.4469333 -0.78516 0.3258782 0.5266188 -0.0187655 0.5572118 0.8301584 -0.06002163 0.674263 0.7360482 -0.005887031 0.5611068 0.8277225 0.7219937 0.5204281 0.4559382 0.6956506 0.4767695 0.5373649 0.6947457 0.4755634 0.5395998 0.9988737 0.02718019 0.03889453 0.9987155 0.01741862 0.04758197 0.9986864 0.01733738 0.04821842 -0.024024 -0.6919283 0.7215664 -2.21382e-6 -0.7255679 0.6881507 -9.1128e-7 -0.7255674 0.6881512 0.7621483 -0.4852223 -0.4285898 0.7621799 -0.4842668 -0.4296133 0.05365705 -0.6943649 -0.7176199 0.05351459 -0.6938149 -0.7181623 -0.6888716 -0.4356831 -0.5793411 -0.6888146 -0.4355728 -0.5794919 -0.9863706 0.07252931 -0.1476911 -0.9860678 0.07319849 -0.1493732 -0.7545913 0.4861846 0.4407002 -0.7439009 0.5737885 0.342605 -0.06655102 0.6808055 0.7294346 -0.06349062 0.781903 0.6201587 0.7026295 0.5225461 0.4829674 0.9986354 0.006427228 0.05182981 0.7456606 -0.6360602 -0.1985393 0.7303505 -0.6682946 -0.1413177 0.7469277 -0.6306539 -0.2106531 0.008247315 -0.8757997 -0.4826043 6.80171e-4 -0.9078232 -0.4193528 0.002000033 -0.904273 -0.4269499 -0.7159945 -0.510724 -0.4759337 -0.7180264 -0.5314577 -0.4494341 -0.7190657 -0.5340092 -0.4447233 -0.9672043 0.1028007 -0.2322666 -0.9622361 0.1077204 -0.2499961 -0.959052 0.1101573 -0.2609307 -0.7234395 0.6774358 0.1331019 -0.7006489 0.7122389 0.04250818 -0.6945748 0.7192606 0.01516908 -0.006963074 0.9126884 0.4085972 0.01539748 0.9502122 0.3112231 -0.01171803 0.9005092 0.434679 0.7291275 0.5581365 0.3960515 0.734897 0.5631249 0.3779112 0.7260681 0.5484737 0.4147309 0.985817 -0.05831968 0.1573649 0.9800593 -0.078767 0.1824265 0.9891298 -0.04940146 0.1384991 -0.744987 0.5719116 0.3433824 0.6877252 0.4597278 0.561858 0.6914409 0.4250357 0.5841697 0.6917607 0.424884 0.5839014 -0.08882033 0.5964604 0.7977131 -0.1448776 0.4948653 0.8568075 -0.1512176 0.4946422 0.8558402 -0.7392094 0.40318 0.5394585 -0.6896607 0.3437184 0.6373586 -0.7416217 0.4147509 0.5272371 -0.9975534 0.01547032 -0.06817787 -0.998719 -0.01701009 -0.04765421 -0.9971832 0.01974409 -0.07236105 -0.6828906 -0.3642386 -0.6332383 -0.6738995 -0.2935937 -0.6779839 -0.6817537 -0.3710914 -0.6304786 0.05779266 -0.5332275 -0.8439956 0.04819411 -0.3599026 -0.9317444 0.05887019 -0.5271326 -0.8477415 0.7510434 -0.3284163 -0.5727797 0.7217988 -0.1805467 -0.6681388 0.721902 -0.1804774 -0.6680459 0.9973052 0.07293075 -0.007964849 0.9889163 0.1352326 -0.0612908 0.9889156 0.1352537 -0.06125593 0.6880214 0.462014 0.5596155 -0.08612233 0.5934957 0.8002161 0.7523323 -0.3466246 -0.5602211 0.9980348 0.06262832 -0.002061367 -0.007431089 0.7355718 -0.6774062 -0.007441103 0.7355576 -0.6774214 -0.0138632 0.7380357 -0.6746193 -0.6908588 -0.4142447 -0.59255 -0.6975439 -0.4445161 -0.5619947 -0.6966201 -0.4411599 -0.5657725 0.9988819 0.02697962 0.03882378 0.9973815 -4.55421e-4 0.07231968 0.9988791 0.02700793 0.03887164 0.9988737 0.02718079 0.03889513 0.9988737 0.02717977 0.03889453 0.9988735 0.02718102 0.03889566 0.701889 0.4468628 0.5546761 0.6636499 0.3455292 0.6634594 -0.9968319 7.89461e-4 -0.07953482 -0.8508566 0.2650977 -0.4536147 -0.6909867 -0.4140609 -0.5925293 0.05299413 -0.5720109 -0.8185325 0.05299419 -0.5720105 -0.8185328 0.05299407 -0.5720105 -0.8185327 0.7598294 -0.3724005 -0.5328954 0.7598297 -0.3723962 -0.5328977 0.7598289 -0.3724008 -0.5328957 -0.7026407 -0.4550968 -0.5469762 -0.7022176 -0.4549062 -0.5476776 0.9960699 -0.008875548 0.08812546 0.9977391 0.003404617 0.06711995 -0.7250795 -0.5139747 -0.4583555 -0.7357014 -0.5210735 -0.4326959 -0.7390949 -0.5261666 -0.42058 0.9823162 -0.06071692 0.177111 0.9768632 -0.06591188 0.2034552 0.9796463 -0.06493824 0.1899375 0.9961404 -0.008664608 0.08734565 -0.7286623 -0.5182452 -0.4477423 0.9940633 0.106725 -0.02116239 0.9972758 0.07362985 0.004451394 0.9978402 0.06444412 0.01272565 -0.001947104 0.758547 -0.6516155 -0.01579385 0.7885727 -0.6147388 -0.006388306 0.7406698 -0.6718389 -0.06969678 0.7715027 -0.6323969 -0.04518735 0.7845206 -0.6184541 -0.6885775 -0.328284 -0.6465992 -0.6910681 -0.3652521 -0.6237112 -0.6888231 -0.3281593 -0.6464011 0.9733905 -0.07128179 0.2177838 -0.6917239 -0.3729441 -0.6184099 0.5893509 0.3929892 -0.7058506 0.5533894 0.5499649 -0.6255389 0.6013018 0.3836306 -0.7009021 -0.2593528 0.4757329 -0.8404846 -0.2111045 0.63124 -0.7463049 -0.2032368 0.6329894 -0.7470068 -0.873309 0.3703483 -0.3165023 -0.8548343 0.3345782 -0.3966308 -0.8546072 0.3357084 -0.3961647 -0.9793573 -0.1063133 0.1719208 -0.9797552 -0.1247908 0.1565473 -0.979761 -0.1254124 0.1560139 -0.5596665 -0.4358614 0.7048392 -0.5636518 -0.5139223 0.6466689 -0.5638064 -0.5165309 0.6444519 0.2211757 -0.5129203 0.8294543 0.2234618 -0.595328 0.7717833 0.2211763 -0.5129215 0.8294532 0.8519533 -0.275394 0.445347 0.8532634 -0.2946236 0.4302771 0.8519532 -0.2753944 0.4453466 0.9799633 0.1942282 -0.04413086 0.9789052 0.163218 -0.1229014 0.9670087 0.04934573 -0.2499186 0.01273256 -0.7216807 -0.6921091 0.01634001 -0.7084915 -0.7055302 0.01658117 -0.7076027 -0.706416 5.84834e-4 0.7679484 0.6405114 5.85367e-4 0.7679443 0.6405164 5.8249e-4 0.7679467 0.6405135 0.5470042 0.5589672 -0.623171 0.5494365 0.5381243 -0.6391727 -0.2045288 0.6031394 -0.7709676 -0.8550119 0.32515 -0.40402 -0.9770826 -0.09217059 0.1918701 -0.5593771 -0.4650374 0.686176 -0.556989 -0.4476435 0.699556 0.2175543 -0.5286622 0.8204795 0.2192057 -0.5383567 0.8137081 0.846779 -0.2606939 0.4636855 0.849216 -0.2719043 0.4526591 0.9794358 0.154055 -0.1302795 0.9792262 0.1650337 -0.1178128 0.5252603 0.4151841 -0.7427811 0.5479047 0.593257 -0.5897852 0.5240275 0.4066554 -0.7483492 -0.1821386 0.4832801 -0.8563095 -0.2060653 0.6758117 -0.7076833 -0.2075052 0.6770505 -0.7060766 -0.8481274 0.2845022 -0.4469211 -0.8573055 0.3452032 -0.3819189 -0.8581004 0.3488413 -0.3767934 -0.9705668 -0.07083392 0.2301799 -0.979393 -0.1345131 0.1506509 -0.9797005 -0.1392479 0.1442118 -0.5321868 -0.3496481 0.7710535 -0.5641068 -0.5403205 0.6243696 -0.5653696 -0.5492704 0.6153531 0.1960224 -0.4178583 0.8871132 0.224253 -0.6249792 0.7477377 0.1946428 -0.4067249 0.8925745 0.8333769 -0.2364159 0.4995903 0.852833 -0.3048968 0.4239265 0.8295484 -0.2248753 0.5111562 0.9779199 0.1157572 -0.1739918 0.9789215 0.1733333 -0.1080206 0.9774007 0.1108042 -0.180029 0.5447166 0.6265536 -0.5574178 0.5313257 0.4818165 -0.6968112 0.5441737 0.6343212 -0.5491009 -0.2041544 0.7099789 -0.6739815 -0.1826166 0.5605889 -0.8077075 -0.184411 0.5650377 -0.8041922 -0.8539136 0.3765482 -0.3592258 -0.8542355 0.3259308 -0.4050322 -0.8542672 0.3308833 -0.4009288 -0.980013 -0.1277183 0.1525207 -0.9709765 -0.02454847 0.2379118 -0.9720925 -0.0314064 0.2324864 -0.5647414 -0.5476795 0.6173445 -0.5459493 -0.3226991 0.7731784 -0.5475676 -0.3330338 0.7676316 0.2247878 -0.6343594 0.7396342 0.2153998 -0.3987255 0.8914152 0.22403 -0.6275427 0.7456547 0.8541435 -0.2984946 0.4258403 0.8406202 -0.1907454 0.5069262 0.8537706 -0.2974115 0.4273433 0.9751196 0.2042186 -0.08623617 0.979157 0.1549958 -0.1312552 0.9748662 0.2052941 -0.08654767 -0.5291484 -0.3358187 0.7792482 -0.9681271 -0.05970484 0.2432396 -0.8468701 0.2794093 -0.4524836 -0.1817104 0.4766668 -0.860099 0.5481657 0.5227795 -0.6528522 0.2222573 -0.5474551 0.8067805 0.2222592 -0.5474549 0.8067801 -0.5619115 -0.4692025 0.6812522 -0.5619118 -0.4692023 0.681252 -0.9780954 -0.08337521 0.1907303 -0.9780954 -0.08337533 0.1907304 -0.8529328 0.375296 -0.3628482 -0.05543351 0.688701 -0.7229233 0.5278419 0.4931598 -0.6915031 0.4180336 0.6504246 -0.6341891 0.9788765 0.1606441 -0.1264688 0.9749343 0.2036951 -0.08950763 0.8496886 -0.2516276 0.4633712 0.8496886 -0.2516277 0.4633713 0.8518723 -0.2755537 0.4454029 0.8568369 -0.3097255 0.4121901 0.8563838 -0.3061754 0.4157685 -0.9793284 -0.1064748 0.171986 -0.9806469 -0.1393949 0.13748 -0.9793378 -0.1064545 0.1719452 0.982328 0.1413057 -0.1227374 0.8832523 0.3878455 0.2635171 0.8519528 -0.2753921 0.445349 0.2211758 -0.5129181 0.8294554 -0.5596657 -0.4358615 0.7048398 -0.5596674 -0.4358595 0.7048397 -0.5596657 -0.4358601 0.7048407 -0.9793573 -0.1063129 0.1719216 -0.9793574 -0.1063125 0.171921 -0.9793572 -0.1063122 0.1719225 -0.8624711 0.3127642 -0.3978971 -0.8283718 0.21376 -0.5177905 0.8541651 -0.272006 0.4431871 0.8552288 -0.2799664 0.4361224 -0.9805997 -0.1356534 0.141501 -0.9801499 -0.1023237 0.169812 0.8606351 -0.311593 0.4027618 0.8540415 -0.2351632 0.4640167 0.8622724 -0.3202515 0.3923332 -0.9817993 -0.1404728 0.1278186 -0.9793609 -0.06693339 0.190715 -0.9791335 -0.06371921 0.1929702 0.8468284 -0.2459032 0.4716072 0.8547879 -0.2982811 0.4246953 0.8483851 -0.2525609 0.4652481 -0.9767115 -0.07778799 0.1999597 -0.9802076 -0.1277683 0.1512232 -0.980695 -0.1416575 0.1347984 -0.9806136 -0.1108815 0.1615621 0.8538309 -0.232306 0.4658398 -0.9819217 -0.1493455 0.1163007 0.85712 -0.3115462 0.4102247 -0.9804026 -0.1163575 0.1589707 -0.9776319 -0.08482152 0.192461 0.003620862 0.680431 0.7328033 0.02211201 0.600292 0.7994753 0.01677298 0.7305291 0.6826757 -0.1054053 0.6135221 0.7826113 -0.04243612 0.6005202 0.7984827 0.8547964 -0.2860405 0.4330173 0.8548614 -0.285952 0.4329476 0.4418008 -0.6145132 -0.6535944 0.4407227 -0.6045468 -0.6635411 0.4397203 -0.6043558 -0.6643795 -0.3735765 -0.6239866 -0.6863537 -0.3711522 -0.6152857 -0.6954635 -0.3735765 -0.6239864 -0.6863539 -0.9200541 -0.2528244 -0.2992997 -0.9182527 -0.2414724 -0.3138525 -0.9200544 -0.2528235 -0.2992998 -0.9066795 0.420143 0.03757983 -0.9448946 0.2592999 0.1998447 -0.9598227 0.2082821 0.1880397 -0.5251144 0.5057311 0.684464 -0.419166 0.6384312 0.6455274 -0.5613617 0.4776284 0.6758286 0.457422 0.5166912 0.7237371 0.3509029 0.6476314 0.6763436 0.3334581 0.6625784 0.6706681 0.8916094 0.4400377 0.1067692 0.9208927 0.2788448 0.2724006 0.9221587 0.2811302 0.2656864 0.945585 -0.2333604 -0.2267422 0.9446687 -0.2220268 -0.2414649 0.9447262 -0.2199644 -0.2431215 -0.02644371 -0.5023952 0.8642336 -0.0215556 -0.6237313 0.7813417 -0.02155655 -0.623733 0.7813402 3.14968e-4 0.9386551 -0.3448573 0.01737952 0.7099372 -0.7040506 3.51661e-4 0.9384067 -0.3455329 0.432317 -0.5272576 -0.7315064 0.4284574 -0.5305802 -0.7313746 -0.3576536 -0.5379366 -0.7633532 -0.359125 -0.5346855 -0.764945 -0.912614 -0.2057886 -0.3532518 -0.9134761 -0.2018789 -0.3532795 -0.9389708 0.2612721 0.2237653 -0.938439 0.2588759 0.228726 -0.3871133 0.6247805 0.6780801 -0.3835691 0.6244267 0.6804161 0.3167126 0.6332589 0.7061702 0.9130609 0.2807595 0.2957938 0.9413466 -0.1865423 -0.2811917 0.4319015 -0.602949 -0.670756 0.4432941 -0.8113631 -0.3810254 0.434664 -0.630728 -0.6428449 -0.3627853 -0.6126348 -0.7021862 -0.3909528 -0.8219463 -0.4141983 -0.3911802 -0.8233975 -0.4110896 -0.9079343 -0.2350584 -0.3469913 -0.922745 -0.3123524 -0.2257823 -0.9225102 -0.313411 -0.2252746 -0.9467515 0.2684648 0.1777312 -0.9429572 0.3320417 0.02408903 -0.9431743 0.3318692 0.01688867 -0.4243847 0.6959142 0.5793108 -0.3830681 0.8874136 0.2564293 -0.3792245 0.8897364 0.2540829 0.3598228 0.7057178 0.6103197 0.3382474 0.896912 0.2848466 0.3689879 0.7272606 0.57874 0.9242681 0.2881462 0.2504001 0.9310015 0.3519957 0.09661936 0.9276733 0.3071245 0.2123602 0.936832 -0.2158614 -0.2752267 0.9438619 -0.2926535 -0.1532279 0.940607 -0.2327825 -0.2471254 0.4371383 -0.5384144 -0.7204306 0.4341052 -0.4867314 -0.7580536 0.4341846 -0.4876701 -0.7574045 -0.3657979 -0.5476308 -0.7525241 -0.361238 -0.4955922 -0.7898707 -0.3657532 -0.5501167 -0.7507306 -0.9143778 -0.2037283 -0.3498688 -0.9112625 -0.1807555 -0.370038 -0.9145346 -0.2069234 -0.3475762 -0.9443007 0.2538933 0.2093667 -0.9443473 0.2528085 0.2104666 -0.9442797 0.2540641 0.2092541 -0.363348 0.6616438 0.6559007 -0.7541024 0.4609928 0.467777 -0.3487399 0.6650547 0.6603657 0.2936381 0.6693812 0.6824263 0.7045577 0.4770395 0.5253874 0.7351968 0.4514765 0.5056229 0.919672 0.2734134 0.2818663 0.9196585 0.2723204 0.2829665 0.9196583 0.2723206 0.2829667 0.9427977 -0.1844687 -0.2776759 0.9407684 -0.1616219 -0.298049 0.974879 -0.1708763 -0.1428714 0.3143566 0.7806463 0.5401586 0.3115949 0.7766798 0.5474278 -0.375905 0.7723549 0.5120189 -0.9430372 0.3022913 0.1389272 -0.9194523 -0.2786356 -0.2774342 -0.3755564 -0.7200158 -0.5835535 0.4383838 -0.710454 -0.5505223 0.4383314 -0.7077554 -0.5540288 0.9438512 -0.2591149 -0.2049501 0.9439502 -0.2567334 -0.2074759 0.9228208 0.3219736 0.2115065 0.9221914 0.3216776 0.2146782 0.9196561 0.2735813 0.2817552 0.278629 0.672545 0.6856013 -0.3736212 0.7679513 0.5202483 -0.9426586 0.3019192 0.1422662 -0.9194121 -0.2762848 -0.2799078 -0.3753402 -0.7178189 -0.5863922 0.4369182 -0.5412503 -0.7184363 0.9428482 -0.1877064 -0.2753248 -0.9207715 -0.2506744 -0.2989014 -0.9228581 -0.2469447 -0.2955529 -0.9226635 -0.247769 -0.2954703 0.9462225 -0.2312021 -0.2262933 0.9477646 -0.228049 -0.2230154 0.946023 -0.2314757 -0.226847 0.9455849 -0.2333604 -0.2267425 0.9455848 -0.2333593 -0.2267438 0.9455848 -0.2333593 -0.2267438 0.9377876 0.2281043 0.2617686 0.9168835 0.3970808 -0.04063946 0.9788396 0.124772 0.1621881 -0.9192585 0.3775104 -0.1115784 -0.9200543 -0.252823 -0.2993001 -0.3735762 -0.6239837 -0.6863566 0.441801 -0.6145128 -0.6535946 0.441801 -0.6145101 -0.6535972 0.441801 -0.6145101 -0.6535972 0.4374755 -0.5356802 -0.7222617 0.4374742 -0.5356806 -0.7222622 -0.3613347 -0.4964634 -0.7892791 -0.3660628 -0.5447383 -0.754492 -0.9570805 -0.1908138 -0.2181446 -0.9170563 -0.2243525 -0.329657 -0.9193851 -0.201963 -0.3375528 -0.9584481 -0.1688537 -0.2299254 0.9467574 -0.1826603 -0.2651142 0.9708768 -0.2310439 0.06338024 0.9443442 -0.2050217 -0.2572551 0.9766717 -0.1488354 -0.1547916 -0.9211254 -0.2183179 -0.3222817 -0.9197587 -0.2149222 -0.328409 0.9476912 -0.1989435 -0.2496055 0.9478464 -0.2280526 -0.2226641 -0.9178877 -0.2663101 -0.294213 -0.9319468 -0.3116825 -0.1852816 -0.9328529 -0.310474 -0.1827331 0.9433279 -0.2468236 -0.2218347 0.9498643 -0.2918102 -0.1122698 0.9433597 -0.2576836 -0.2089777 -0.9678575 -0.2512398 -0.01143091 -0.9163188 -0.2194223 -0.3349834 0.9439122 -0.2001012 -0.2626581 0.9441723 -0.2023667 -0.2599741 0.9467272 -0.1955385 -0.2558756 -0.9186655 -0.2771396 -0.2815092 0.9480019 -0.2585297 -0.1856203 0.9505419 -0.2906109 -0.1096156 -0.9251188 -0.2781947 -0.2583855 -0.924182 -0.2725438 -0.2675962 0.9476648 -0.2529674 -0.1947796 -0.9167327 -0.2216747 -0.3323574 -0.7502485 -0.6145147 -0.243924 -0.7594804 -0.6045755 -0.2401624 -0.7600092 -0.6043846 -0.2389675 -0.5563476 -0.6239904 0.5487381 -0.5658877 -0.6151976 0.5489108 -0.5563476 -0.6239906 0.5487378 -0.03332048 -0.2528235 0.9669386 -0.04784536 -0.2414452 0.9692343 -0.03332036 -0.2528229 0.9669387 0.4792776 0.2333564 0.8460721 0.4532427 0.2593017 0.8528387 0.4792768 0.2333566 0.8460724 0.6385175 0.6927874 0.3351731 0.7083254 0.6582483 0.2549203 0.8056226 0.561626 0.1885429 0.610382 0.6117075 -0.5032374 0.529983 0.6418046 -0.5542607 0.5210755 0.6391236 -0.5656868 0.03703498 0.1834458 -0.982332 0.03295892 0.2759378 -0.9606102 0.02959841 0.2907404 -0.9563441 -0.594711 -0.1838856 -0.7826271 -0.4931414 -0.2220543 -0.8411322 -0.4947128 -0.2200199 -0.8407441 0.7568548 -0.6237353 -0.195257 0.7568572 -0.6237317 -0.1952584 0.7744585 -0.574128 -0.2656898 -0.6819663 0.7014148 0.2072182 -0.6814432 0.7099161 0.1779165 -0.696667 0.6840179 0.2162745 -0.8225048 -0.5272573 -0.2132739 -0.8213113 -0.5305796 -0.2096021 -0.6347814 -0.5378969 0.5547248 -0.6358407 -0.5347241 0.5565758 -0.08722668 -0.2057884 0.9747014 -0.08701461 -0.2018783 0.9755376 0.4746279 0.2612432 0.8405238 0.4792483 0.2588463 0.8386416 0.7566426 0.6137073 0.2255111 0.7603898 0.6099745 0.2230219 0.5549599 0.6149299 -0.5602506 0.05333536 0.2944337 -0.9541825 -0.5304378 -0.186542 -0.826945 -0.7640068 -0.6029497 -0.2296636 -0.4887135 -0.811362 -0.3207039 -0.7379463 -0.6307292 -0.240033 -0.5745481 -0.6126351 0.5427457 -0.2899946 -0.8219459 0.4902124 -0.2868987 -0.8234159 0.4895668 -0.08250629 -0.235061 0.9684726 0.03816944 -0.3123481 0.9492006 0.03844839 -0.3134181 0.9488366 0.4325475 0.2684434 0.8607211 0.2837988 0.3320416 0.8995592 0.2769381 0.3318691 0.9017584 0.6863944 0.6780135 0.2629837 0.3474394 0.8652087 0.3615242 0.3426086 0.8660731 0.3640561 0.477935 0.6935338 -0.5390632 0.1329101 0.8582488 -0.4957259 0.4542438 0.7160911 -0.5299776 0.003983557 0.3136659 -0.9495251 -0.1446715 0.3874657 -0.9104617 -0.03138244 0.333007 -0.9424021 -0.5234571 -0.2158619 -0.8242551 -0.4080722 -0.2926489 -0.8647737 -0.4974952 -0.2327825 -0.8356501 -0.8131926 -0.5384142 -0.2209709 -0.8524572 -0.4805191 -0.2059568 -0.8524572 -0.4805195 -0.2059559 -0.6221 -0.5476341 0.5595431 -0.6635258 -0.489315 0.5659544 -0.6203889 -0.5501208 0.5590034 -0.08347767 -0.2037189 0.9754641 -0.1082949 -0.1757549 0.9784592 -0.08123272 -0.2069143 0.9749809 0.4622272 0.2538926 0.849638 0.4632924 0.2527997 0.8493836 0.4621132 0.2540633 0.849649 0.7533063 0.6121235 0.2404879 0.7730296 0.5892947 0.2348553 0.7524318 0.6131783 0.240539 0.5218477 0.6018213 -0.6045546 0.4564355 0.5316962 -0.7134184 0.4489153 0.5260034 -0.7223542 0.06585073 0.3092715 -0.9486911 0.1713151 0.3868798 -0.9060768 0.1802086 0.3938323 -0.9013441 -0.5274637 -0.1844698 -0.8293088 -0.5507019 -0.1566649 -0.8198681 -0.5507014 -0.1566647 -0.8198683 0.3704915 0.7438396 -0.5562722 0.3749134 0.7407574 -0.5574213 0.5875242 0.7566284 0.2869301 0.3941829 0.3022861 0.8678958 -0.01251667 -0.2786118 0.9603223 -0.4570055 -0.7200155 0.5222296 -0.6502478 -0.7104518 -0.2691396 -0.6536058 -0.7077518 -0.2681175 -0.4578275 -0.2591524 -0.8504317 -0.4603181 -0.25674 -0.8498187 -0.02507334 0.3512338 -0.935952 -0.01856327 0.3500041 -0.9365643 0.06180697 0.3067919 -0.9497677 0.5237076 0.6044946 -0.6002638 0.5902792 0.7551341 0.2852073 0.3972861 0.3019136 0.8666095 -0.01486754 -0.2762911 0.960959 -0.4597955 -0.7178173 0.5228065 -0.8112154 -0.5412497 -0.2213107 -0.5252174 -0.1877075 -0.8300077 0.4791527 0.2320465 0.846503 0.4512377 0.2471597 0.8574945 0.4546895 0.2445584 0.8564162 -0.7508358 -0.6132479 -0.245301 -0.7416426 -0.6196631 -0.2568734 -0.7509179 -0.6133377 -0.2448249 -0.5532 -0.2024368 -0.8080774 -0.3989795 -0.263086 -0.8784083 0.6876026 0.6624315 0.2973 0.2920124 0.8054201 0.5157784 0.4792766 0.2333563 0.8460726 -0.03332012 -0.252823 0.9669387 -0.5563477 -0.6239909 0.5487373 -0.7502471 -0.6145166 -0.2439239 -0.750249 -0.6145143 -0.2439233 -0.750246 -0.6145184 -0.2439226 0.4735838 0.2239006 0.8518139 0.4798783 0.2192127 0.8495073 -0.8031907 -0.5464788 -0.2371621 -0.7422257 -0.6190831 -0.2565878 0.4385696 0.2692663 0.8574103 0.320638 0.3049159 0.8967819 0.3172203 0.3038299 0.8983645 -0.3986108 -0.8486485 -0.3477143 -0.4583255 -0.8165944 -0.3508723 -0.3984924 -0.8495922 -0.3455387 -0.6978554 0.6881315 0.1986783 -0.7040001 0.6682564 0.2404522 0.4884425 0.2237523 0.8434209 0.4813827 0.227938 0.846354 0.4885193 0.2238559 0.843349 -0.8312404 -0.5136262 -0.212668 -0.8061532 -0.5470185 -0.2255831 -0.8033993 -0.5507441 -0.2263421 -0.691156 0.6773286 0.2520503 -0.8620426 -0.4823377 -0.1556697 -0.8092042 -0.5393421 -0.233021 0.4231314 0.2801008 0.8616865 0.4112511 0.2746964 0.8691458 0.420726 0.2699658 0.8660879 -0.6484444 -0.7065197 -0.2834605 -0.4551352 -0.8173388 -0.3532837 -0.6590136 -0.6981578 -0.27978 0.480165 0.2291569 0.8467165 -0.3629397 0.5011189 -0.7855919 -0.4714818 0.479776 -0.739946 -0.5815502 0.4212607 -0.6959446 -0.7243196 0.6863502 -0.06545644 -0.6828736 0.7304145 0.01336008 -0.6865192 0.7265907 0.02752083 -0.4519653 0.4479045 0.7714331 -0.4298634 0.5404956 0.7232441 -0.4275539 0.5550937 0.7134906 0.1885738 0.07504439 0.9791876 0.08102589 0.0628575 0.994728 0.08775287 0.06634676 0.9939303 0.5033895 -0.4546051 0.7348015 0.5367149 -0.4269782 0.7277546 0.5418257 -0.4231918 0.7261775 0.6952409 -0.7187557 0.005506098 0.7293356 -0.6841498 0.002950906 0.7297623 -0.6836972 0.00223577 0.4372067 -0.5184778 -0.7348681 0.4698858 -0.4910687 -0.733525 0.4372014 -0.518472 -0.7348753 -0.04821342 -0.03998959 -0.9980363 -0.01675593 -0.01780998 -0.999701 -0.04821282 -0.03998899 -0.9980363 -0.8672233 -0.4837504 0.1179378 -0.7545582 -0.6556268 0.02820461 -0.8648565 -0.4885066 0.1156923 0.6968384 0.7017045 -0.1484157 0.6968229 0.7017276 -0.1483787 0.6968675 0.7016788 -0.1484 -0.4671365 0.4830986 -0.7405399 -0.3901032 0.5332891 -0.7506147 -0.5737891 0.8187224 0.02144348 -0.5717514 0.8201195 0.02246165 -0.3658337 0.5991681 0.7121541 -0.3576434 0.6023975 0.7135884 0.1010538 0.06378918 0.9928339 0.0945034 0.05917048 0.9937646 0.5254039 -0.4414626 0.7273663 0.5146071 -0.4507121 0.7294095 0.7098686 -0.704266 0.009804904 0.4745628 -0.4880015 -0.7325604 0.4869974 -0.4873486 -0.724793 -0.01073372 -0.01402074 -0.9998441 0.0376845 0.008205354 -0.999256 -0.3786343 0.5411981 -0.7508267 -0.3861889 0.5500956 -0.740441 -0.5761231 0.8169981 0.02442193 -0.3802348 0.6102888 0.6949598 0.09158802 0.07431811 0.9930199 0.09080171 0.07397353 0.9931178 0.5179527 -0.4454465 0.7302755 0.5245357 -0.4398638 0.7289597 0.7074927 -0.7066789 0.007691204 0.71741 -0.6966248 0.006083726 0.4774498 -0.4812749 -0.73513 0.4800813 -0.4779199 -0.735605 0.04533219 0.01341497 -0.9988819 0.02875536 0.03309005 -0.9990386 -0.3925761 0.5473292 -0.7391312 -0.5686799 0.3979445 -0.7198913 -0.7385777 0.6540857 0.1633247 -0.7369475 0.6525098 0.1764631 -0.5221742 0.590097 0.615727 -0.528207 0.5949716 0.6058104 0.1501196 0.1345213 0.9794734 0.1501206 0.1345203 0.9794735 0.6660583 -0.2873599 0.6883246 0.6660574 -0.2873595 0.6883257 0.8484063 -0.5287754 -0.02456313 0.8484058 -0.5287759 -0.02456742 0.5332782 -0.411288 -0.739227 0.02814638 0.03689295 -0.9989228 -0.04640299 -0.0301972 -0.9984664 -0.04822766 -0.03998249 -0.9980359 -0.02943867 -0.0282706 -0.9991668 -0.03196102 -0.0297659 -0.9990459 0.5033878 -0.4549006 0.7346198 0.5224812 -0.4415239 0.7294313 0.5033337 -0.4548594 0.7346823 -0.04821217 -0.03998881 -0.9980364 0.4372005 -0.5184835 -0.7348677 0.6952403 -0.7187564 0.005506455 0.695231 -0.7187654 0.005502581 0.6952309 -0.7187654 0.005503594 0.5033844 -0.4546009 0.7348076 0.5033791 -0.4546117 0.7348046 0.5033733 -0.4546062 0.734812 0.1359139 0.06236243 0.988756 -0.04003417 0.01757442 0.9990438 -0.4186075 0.4849778 -0.7678309 0.02560687 0.5649039 -0.8247594 0.008734941 -0.0120064 -0.9998899 0.01416718 -0.00976783 -0.999852 0.4706334 -0.4773655 0.7420421 0.5204197 -0.443112 0.729942 -0.01868373 -0.02358776 -0.9995472 -0.008555233 -0.01696354 -0.9998196 0.5093868 -0.4473178 0.7351409 0.4614281 -0.4832225 0.7440297 0.7324305 0.6573228 -0.1774046 0.7537011 0.6380379 -0.1576144 0.7473153 0.6391184 -0.1817903 -0.07572531 -0.06261318 -0.9951609 -0.07547599 -0.06289058 -0.9951624 0.6424978 -0.3208853 0.6958659 0.5279406 -0.4330515 0.7305787 0.7355574 0.6460617 -0.2038617 0.7037703 0.6914285 -0.1631994 -0.8261593 -0.5456054 0.1406257 -0.5402342 -0.2549535 0.8019638 0.848688 0.4820446 -0.2176277 0.7253885 -0.688246 0.0113554 0.7225428 -0.6912512 0.01018309 0.7389951 -0.6734957 0.01702594 0.7408576 -0.6714259 0.01781761 0.5843709 -0.8104264 -0.04147177 -0.319054 0.7874436 0.5273873 -0.318973 0.7875831 0.5272277 -0.3189823 0.7875233 0.5273115 -0.3190281 0.7874012 0.5274661 -0.4072989 -0.4502837 0.7945768 0.3427944 -0.2784349 0.897199 0.9217984 0.1752918 0.3457756 0.944216 0.3289328 0.01610547 0.4021813 0.4660813 -0.7880473 0.7645141 0.3011974 0.5699107 0.2338804 -0.05081582 0.9709365 -0.4861185 -0.3272526 0.8103054 0.005085647 0.5594189 -0.8288695 -0.4861143 -0.3271202 0.8103612 -0.8290535 -0.541199 0.1406208 -0.3717461 0.3414397 -0.8632634 -0.7189706 -0.670601 0.1826901 -0.4600164 -0.3182287 0.8289243 0.01232844 0.2072143 0.9782179 0.4820058 0.6574378 0.5791769 0.7911016 0.5622983 -0.2407884 0.7027336 -0.7098213 0.04815948 0.7535654 -0.6540465 0.06604897 0.7660631 -0.6388714 0.07064497 0.7671539 -0.6375162 0.07104933 0.6411731 -0.7668889 0.02790594 -0.8017587 0.5916748 -0.08428698 -0.5876708 0.8090212 -0.01130551 -0.8017808 0.5916427 -0.08430045 -0.8017494 0.5916869 -0.08428931 -0.9191984 0.3687283 -0.1382526 -0.5446702 -0.5883953 -0.5975998 0.3953797 0.3959452 -0.8287957 -0.08568835 -0.1383762 -0.9866659 0.8128823 0.5660905 -0.1369818 0.3209259 0.4820963 0.8152238 -0.4732959 -0.2816399 0.8346676 -0.03336691 0.5411447 -0.8402674 -0.4731307 -0.3037973 0.826955 -0.7995795 -0.5745155 0.1749419 -0.7047829 -0.6838792 0.1886541 -0.9995923 -0.01978731 -0.02058762 -0.7486017 0.434401 0.5008906 -0.1451705 0.5113883 0.8469993 0.7698189 0.2743555 0.5762881 -2.05741e-5 -0.7495681 0.6619274 0.05860602 -0.644055 0.762731 0.04907071 -0.6625008 0.7474522 -0.05232852 -0.828107 0.5581223 0.05647999 -0.6482077 0.7593662 0.2210803 0.9675019 -0.1227334 0.2210271 0.9675153 -0.1227241 0.3074358 0.9313363 0.1951819 0.1009422 0.887534 -0.4495489 0.3064258 0.9326015 0.1906771 -0.7057496 -0.4968283 -0.5050537 0.6678041 0.4619106 0.5836749 0.9978164 0.06502836 0.01156812 -0.4333027 0.2105182 0.8763167 0.5996757 0.0743919 0.7967778 -0.9995887 -0.01552498 -0.02411168 -0.9995847 -0.01571565 -0.02415502 -0.703506 -0.3875879 -0.5956971 0.08225464 -0.1064715 -0.9909077 -0.6336423 0.0344125 -0.7728604 0.7542994 -0.1858311 -0.6296819 -0.6621885 -0.6086696 -0.4370672 -0.9800646 -0.175213 0.09366828 -0.7666772 0.3546979 0.5351595 -0.09448146 0.7321883 0.6745174 0.7092923 0.5139026 0.4825025 0.2122945 -0.7098247 0.6716248 0.2122925 -0.709827 0.6716231 0.2319626 -0.6638011 0.7110285 0.1945332 -0.7474227 0.6352293 0.231781 -0.6642506 0.7106678 -0.2594001 0.5906023 -0.7641338 -0.259402 0.5906171 -0.7641218 -0.2594037 0.5905973 -0.7641365 -0.257043 0.5830436 -0.7707069 0.07972669 -0.6612173 -0.7459459 0.6193095 0.6911243 0.3725628 0.9556389 0.2517729 -0.1528557 0.7433964 -0.2844126 -0.6053689 -0.6708293 -0.5803599 -0.4617041 -0.9825448 -0.1671588 0.081631 -0.7719682 0.3376647 0.5385609 0.04412329 0.7405417 0.6705603 -0.98708 -0.1372585 0.08266323 0.7391284 0.4543788 -0.4972214 -0.9837136 -0.160821 0.08027565 -0.6838805 -0.5126435 -0.5191379 0.7491492 -0.2932935 -0.5939314 0.4068616 0.06537204 -0.9111478 0.9325512 0.04882723 -0.3577209 0.3155593 0.02751618 -0.9485069 -0.4164672 0.06907123 -0.9065233 0.4425681 -0.104492 0.8906262 0.9466424 -0.04518681 0.3191026 0.3178924 0.04299557 0.9471514 -0.9503906 0.02680832 0.3099017 -0.8879438 0.0125668 -0.4597805 -0.3045039 -0.00167638 -0.9525097 -0.9481224 0.1524913 -0.2789451 -0.3521501 0.2923521 -0.8891123 0.2307872 0.2828677 -0.9309797 0.8997582 0.1166287 -0.420515 -0.1662086 -0.9262741 -0.3382174 -0.9015082 -0.06488043 0.4278709 0.9464575 -0.1037383 0.3057069 0.3826831 0 -0.9238798 -0.3826832 0 -0.9238798 -0.9238793 0 -0.3826839 -0.9238793 0 0.3826839 -0.3826833 0 0.9238796 0.3826831 0 0.9238798 0.9238796 0 0.3826835 0.9238796 0 -0.3826835 0.1510688 0.4603582 -0.874785 -0.589258 0.3139067 -0.7444714 0.990189 -0.1167142 0.07683485 0.822261 0.3662909 -0.4355663 -0.1401441 -0.5415138 -0.8289285 2.05424e-6 -0.6869366 -0.7267175 -6.4938e-7 -0.6869358 -0.7267181 -4.82458e-6 -0.6869357 -0.7267183 -2.55426e-6 -0.6869456 -0.7267089 -0.09485435 0.8961861 0.4334204 -0.10461 0.8713734 0.4793382 -0.09485167 0.8961913 0.4334102 0.1032548 0.7474237 -0.6562746 -0.9886426 0.1280769 -0.07862681 -0.8151401 -0.3035989 0.49333 -0.1522381 -0.537707 0.8292737 0.1209814 0.3306662 -0.9359612 0.8181585 0.2616085 -0.5120329 0.9836148 0.008439719 0.1800853 0.5936692 -0.2872999 0.7516753 -0.1601919 -0.400582 0.902149 -0.8185488 -0.2519181 0.516251 0.8682801 0.2363004 -0.4361789 0.8215413 0.3505079 -0.4496824 0.9902531 -0.08562457 0.1098514 0.6187807 -0.4829387 0.6195812 0.06100648 -0.6739864 -0.7362204 0.9917524 -0.0962153 0.08467531 -0.8201102 -0.270081 0.504456 0.1139326 0.04930555 0.9922643 0.5859431 0.4984477 0.6389216 0.8311259 0.553434 -0.05422794 0.4655283 0.2683038 -0.843384 0.6880047 -0.7255666 -0.01423776 0.7550839 -0.65137 -0.07460165 0.7421994 -0.6672739 -0.06233465 0.6221545 -0.7819553 0.03834122 0.7524371 -0.6547115 -0.07205116 -0.7113369 -0.690597 0.1306735 -0.2143821 0.04219728 -0.975838 -0.6250618 -0.4582877 -0.6318783 -0.4250646 -0.9024916 0.06949192 -0.1578521 -0.6036178 0.7814911 0.2037881 -0.01813322 0.9788472 0.463001 0.5733783 0.6759197 0.4290377 0.8993304 -0.08444839 -0.03525668 0.6958174 -0.717353 -0.3238758 0.07981061 -0.9427273 -0.4925493 -0.5585072 -0.6674317 0.8315731 0.4834369 -0.2734501 0.629639 0.4476343 0.6349633 0.003998696 0.1669086 0.9859643 -0.6176477 -0.1567085 0.770684 -0.6776216 0.7353885 0.005726754 -0.6777664 0.7352554 0.005681097 -0.6777423 0.7352777 0.005680024 -0.6668843 0.745142 0.005376636 0.1048148 0.05862772 0.9927622 -0.533562 0.1740856 -0.8276508 0.1048429 0.05891007 0.9927424 -0.4792836 -0.3465091 0.8063614 -0.8117275 -0.5690295 0.1315454 -0.691874 -0.3498905 -0.631575 -0.4461131 0.6149399 -0.6502555 -0.05781304 -0.649631 -0.7580484 -0.05016022 -0.5135802 -0.8565743 -0.05389469 -0.5786803 -0.8137717 -0.05389845 -0.5786721 -0.8137775 -0.05389589 -0.5786971 -0.8137599 0.05315184 0.7078366 0.7043737 0.06135094 0.7169561 0.6944134 0.06136304 0.7170168 0.6943497 -0.3340183 0.7785254 -0.5313473 -0.9124429 0.3771182 -0.1588392 0.2883588 0.613653 -0.7350369 0.3780649 -0.4905555 0.7851257 0.9211633 -0.2041006 0.3313629 0.9408043 0.2170165 -0.2603673 0.9238886 -0.3040938 0.2322866 0.9238868 -0.3041069 0.2322761 0.3779541 -0.6785863 0.6298185 -0.8527878 0.4351975 0.288715 -0.9312327 -0.1417098 0.3357441 -0.3327013 0.8572255 -0.3930321 -0.5650509 0.6465685 0.5125102 0.2677707 -0.8607137 -0.4329792 0.07468938 -0.3278932 -0.9417577 -0.1444998 0.3180055 -0.9370126 -0.9003484 -0.4347709 0.01862633 -0.9778555 -0.2083013 0.02023023 -0.9463786 -0.322466 0.01957851 -0.9463788 -0.3224657 0.01957863 -0.9463793 -0.3224638 0.01957887 0.5987239 0.8008598 -0.01238614 0.9251521 0.3791146 -0.01913166 0.598723 0.8008607 -0.0123741 0.7921621 0.6100907 -0.01638764 0.7920266 0.610267 -0.01637655 -0.3374009 0.8509454 0.4025575 -0.07498598 0.336527 0.9386835 0.2270095 -0.2871928 0.9305843 0.4711326 -0.7818675 0.4083102 -0.4454609 0.5975664 -0.6666926 0.09611523 -0.3794594 -0.9202024 0.1241045 -0.3105317 -0.9424268 0.3707191 -0.8210848 -0.434036 0.3303793 0.2064844 0.9209852 0.6507362 -0.6308953 -0.4225087 -0.691932 -0.4242447 -0.5841633 -0.9950129 0.03176641 -0.09455347 -7.97273e-7 -0.7255636 0.6881552 -0.02593237 -0.6891681 0.7241374 -0.03281778 -0.6791065 0.7333058 -0.03398501 -0.6773794 0.7348484 0.02943027 -0.7639831 0.6445649 -0.06441092 0.7819143 0.6200495 0.703234 0.5223746 0.4822726 0.9986402 0.006471753 0.05172884 0.726829 -0.67577 -0.1226971 0.01607573 -0.8548614 -0.5186073 -0.7096765 -0.4979847 -0.498368 -0.9709672 0.09590011 -0.2191484 -0.7246584 0.6749874 0.1387879 0.01875352 0.9512221 0.3079366 0.7374916 0.5642526 0.3711135 0.9782365 -0.082488 0.1903923 -0.6855188 0.3462599 0.6404438 -0.9986985 -0.01722341 -0.04800909 -0.6739304 -0.2935799 -0.6779592 0.04802453 -0.3599027 -0.9317531 -0.00742805 0.7355454 -0.6774348 -0.007433176 0.735579 -0.6773982 -0.007384657 0.7356173 -0.6773572 -0.6908994 -0.4142259 -0.5925158 0.706288 0.699449 0.1092171 -0.6909887 -0.4140684 -0.5925218 0.9940499 0.1069046 -0.02088975 -0.2744462 0.4687862 -0.8395945 0.2233195 -0.5944373 0.7725107 0.853291 -0.2950253 0.4299471 0.9787023 0.1654087 -0.1215807 -0.01464283 -0.8126104 -0.5826234 0.01235431 -0.7230482 -0.6906871 -3.44725e-7 -0.7659807 -0.6428636 -3.85273e-7 -0.7659809 -0.6428633 -1.87495e-7 -0.7659819 -0.6428623 -0.03468185 0.7371 0.6748933 5.89692e-4 0.7679409 0.6405205 5.85292e-4 0.7679412 0.6405201 -0.2062141 0.6119636 -0.763529 -0.8562497 0.3355289 -0.3927554 -0.9783133 -0.1037277 0.1792868 0.5490372 0.6019102 -0.5798814 0.2253502 -0.62619 0.7463936 0.8539316 -0.3087858 0.4188702 0.9787886 0.1779616 -0.1015018 -0.2043018 0.7091146 -0.6748462 -0.8534712 0.376163 -0.3606777 -0.9798961 -0.1288558 0.1523154 -0.5639774 -0.5530694 0.6132241 0.2156368 -0.4024146 0.8896984 0.8417589 -0.1969769 0.5026354 -0.852933 0.3752958 -0.3628479 -0.04344904 0.688223 -0.724197 0.4073438 0.6541739 -0.6372814 0.9749342 0.2036952 -0.08950775 0.8518966 -0.2755366 0.4453673 0.851953 -0.2753934 0.4453478 0.2211769 -0.5129208 0.8294535 -0.8307318 0.5564829 0.01455157 -0.9804272 -0.1162621 0.1588895 -0.3720778 -0.6145701 -0.6956017 -0.9182231 -0.2393998 -0.3155221 -0.9456955 0.2614957 0.1930807 -0.4017853 0.6540709 0.6409054 0.495057 0.4893237 0.7179701 -0.02155613 -0.6237195 0.781351 -0.02646303 -0.5018793 0.8645328 -0.02710002 -0.4840635 0.8746132 -0.02711534 -0.4836229 0.8748564 -0.01576572 -0.7394478 0.6730293 0.01735144 0.709939 -0.7040495 0.01739859 0.709949 -0.7040382 0.004591047 0.8975933 -0.4408005 0.02833789 0.4476722 -0.8937487 0.004642605 0.8970313 -0.4419428 0.3130029 0.6322607 0.708714 0.9122029 0.2781853 0.3008304 0.9421254 -0.1827101 -0.2810995 0.4433298 -0.8128933 -0.377708 -0.3667052 -0.6395482 -0.6756519 -0.9135034 -0.2521 -0.3193076 -0.9476129 0.2874268 0.1393399 -0.4317303 0.7180252 0.5459386 0.3345124 0.8990835 0.2824009 0.9317787 0.3518208 0.08950263 0.9436118 -0.2937148 -0.1527367 -0.9443471 0.2528089 0.2104669 -0.7823987 0.4348868 0.4457868 -0.920524 -0.2509436 -0.2994379 -0.9907992 0.104551 0.08594346 -0.9200547 -0.2528216 -0.2993005 -0.3735761 -0.6239837 -0.6863566 -0.3660622 -0.5447386 -0.7544921 -0.5656508 -0.6145691 0.5498583 -0.04949778 -0.2393455 0.969672 0.4469339 0.2615364 0.8554817 0.7049752 0.6605457 0.2582428 0.6155329 0.6235758 -0.4819467 0.02581954 0.1620628 -0.9864426 0.756867 -0.6237195 -0.1952602 0.762804 -0.5672209 -0.3104681 0.7821345 -0.5707005 -0.2501331 0.7598734 -0.5918234 -0.2689565 0.875258 -0.405198 -0.2640799 -0.6814405 0.7099186 0.1779171 -0.6814424 0.7099167 0.1779176 -0.6814052 0.7099539 0.1779115 -0.6814328 0.7099255 0.1779193 0.5576478 0.611667 -0.5611529 0.05738854 0.293078 -0.9543647 -0.5305644 -0.1827098 -0.8277188 -0.4855776 -0.8128734 -0.3216386 -0.547964 -0.6395487 0.539178 -0.05439782 -0.2520745 0.9661778 0.3958476 0.2874311 0.8721743 0.65644 0.7029513 0.273763 0.1263372 0.8574249 -0.4988602 -0.1517685 0.3873239 -0.9093661 -0.4076167 -0.2937188 -0.864626 -0.6635265 -0.4893153 0.5659533 -0.1082947 -0.1757549 0.9784592 0.4632924 0.2527996 0.8493837 0.7730298 0.5892952 0.2348536 0.479407 0.2322449 0.8463046 -0.8432758 -0.03243571 -0.5365015 0.4792758 0.2333581 0.8460725 -0.03332024 -0.2528227 0.9669388 -0.5563475 -0.6239907 0.5487377 -0.710364 0.6647464 0.2312906 -0.8312401 -0.513633 -0.2126525 -0.8620346 -0.4833222 -0.15263 -0.7168427 0.6909985 -0.09304672 -0.4443179 0.4275692 0.7872524 -0.8580824 -0.5017282 0.1093784 -0.8124858 -0.578676 0.0707184 -0.8546447 -0.5082273 0.1062437 -0.8124825 -0.5786803 0.07072132 -0.8125004 -0.5786547 0.07072305 0.6968768 0.7016686 -0.1484049 0.6968712 0.7016698 -0.1484258 0.7106451 0.6880525 -0.1468583 0.7077313 -0.7064058 0.01036214 0.4818271 -0.4923625 -0.7248599 -0.5867342 0.8095009 0.021245 -0.3812198 0.6086183 0.6958845 -0.5686809 0.3979455 -0.7198899 0.5332791 -0.4112887 -0.739226 -0.04640311 -0.03019708 -0.9984664 -0.0482288 -0.0399816 -0.9980359 -0.04821127 -0.03998786 -0.9980364 0.4371932 -0.5184741 -0.7348788 0.5304353 0.1598184 0.8325242 0.6419805 -0.3200496 0.6967275</float_array>
          <technique_common>
            <accessor source="#Mesh_007-mesh-normals-array" count="2270" stride="3">
              <param name="X" type="float"/>
              <param name="Y" type="float"/>
              <param name="Z" type="float"/>
            </accessor>
          </technique_common>
        </source>
        <source id="Mesh_007-mesh-map-0">
          <float_array id="Mesh_007-mesh-map-0-array" count="11760">0.375 0.3125 0.40625 0.6884399 0.375 0.6884399 0.40625 0.3125 0.4375 0.6884399 0.40625 0.6884399 0.46875 0.3125 0.4375 0.6884399 0.4375 0.3125 0.5 0.3125 0.46875 0.6884399 0.46875 0.3125 0.53125 0.3125 0.5 0.6884399 0.5 0.3125 0.5625 0.3125 0.53125 0.6884399 0.53125 0.3125 0.5625 0.3125 0.59375 0.6884399 0.5625 0.6884399 0.59375 0.3125 0.625 0.6884399 0.59375 0.6884399 0.34375 0.15625 0.3895146 0.04576456 0.5 0 0.5 0.6875 0.6104854 0.7332646 0.5 1 0.6104854 0.9542354 0.5 1 0.6104854 0.9542354 0.5 1 0.3895146 0.9542354 0.5 1 0.3895146 0.9542354 0.34375 0.84375 0.3895146 0.9542354 0.34375 0.84375 0.3895146 0.7332646 0.34375 0.84375 0.5 0.6875 0.3895146 0.7332646 0.3895146 0.7332646 0.6104854 0.7332646 0.5 0.6875 0.5 0.6875 0.65625 0.84375 0.6104854 0.7332646 0.6104854 0.7332646 0.6104854 0.9542354 0.65625 0.84375 0.65625 0.84375 0.6104854 0.9542354 0.5 1 0.6104854 0.9542354 0.5 1 0.3895146 0.9542354 0.5 1 0.3895146 0.9542354 0.34375 0.84375 0.3895146 0.9542354 0.34375 0.84375 0.3895146 0.7332646 0.34375 0.84375 0.5 0.6875 0.3895146 0.7332646 0.3895146 0.7332646 0.6104854 0.7332646 0.5 0.6875 0.5 0.6875 0.65625 0.84375 0.6104854 0.7332646 0.6104854 0.7332646 0.6104854 0.9542354 0.65625 0.84375 0.65625 0.84375 0.6104854 0.9542354 0.5 1 0.6104854 0.9542354 0.5 1 0.3895146 0.9542354 0.5 1 0.3895146 0.9542354 0.34375 0.84375 0.3895146 0.9542354 0.3895146 0.7332646 0.34375 0.84375 0.34375 0.84375 0.5 0.6875 0.3895146 0.7332646 0.3895146 0.7332646 0.6104854 0.7332646 0.5 0.6875 0.5 0.6875 0.65625 0.84375 0.6104854 0.7332646 0.6104854 0.7332646 0.65625 0.84375 0.6104854 0.9542354 0.65625 0.84375 0.65625 0.84375 0.6104854 0.7332646 0.6104854 0.7332646 0.6104854 0.7332646 0.5 0.6875 0.5 0.6875 0.5 0.6875 0.3895146 0.7332646 0.3895146 0.7332646 0.34375 0.84375 0.3895146 0.7332646 0.34375 0.84375 0.3895146 0.9542354 0.34375 0.84375 0.3895146 0.9542354 0.5 1 0.3895146 0.9542354 0.5 1 0.6104854 0.9542354 0.5 1 0.6104854 0.9542354 0.6104854 0.9542354 0.65625 0.84375 0.65625 0.84375 0.53125 0.3125 0.53125 0.6884399 0.53125 0.6884399 0.59375 0.3125 0.59375 0.6884399 0.59375 0.3125 0.65625 0.15625 0.6104854 0.04576456 0.6104854 0.04576456 0.5 0.3125 0.3895146 0.2667354 0.5 0.3125 0.34375 0.15625 0.3895146 0.2667354 0.3895146 0.2667354 0.3895146 0.04576456 0.34375 0.15625 0.34375 0.15625 0.3895146 0.04576456 0.5 0 0.3895146 0.04576456 0.5 0 0.6104854 0.04576456 0.5 0 0.5 0.6875 0.5 0.6875 0.5 0.6875 0.65625 0.84375 0.65625 0.84375 0.65625 0.84375 0.5 0.6875 0.5 0.6875 0.5 0.6875 0.65625 0.84375 0.65625 0.84375 0.65625 0.84375 0.6104854 0.7332646 0.5 0.6875 0.6104854 0.7332646 0.5 0.6875 0.5 0.6875 0.5 0.6875 0.65625 0.84375 0.65625 0.84375 0.65625 0.84375 0.65625 0.84375 0.6104854 0.7332646 0.65625 0.84375 0.65625 0.84375 0.65625 0.84375 0.65625 0.84375 0.5 0.6875 0.5 0.6875 0.5 0.6875 0.375 0.3125 0.40625 0.6884399 0.375 0.6884399 0.4375 0.3125 0.40625 0.6884399 0.40625 0.3125 0.46875 0.3125 0.4375 0.6884399 0.4375 0.3125 0.5 0.3125 0.46875 0.6884399 0.46875 0.3125 0.53125 0.3125 0.5 0.6884399 0.5 0.3125 0.53125 0.3125 0.5625 0.6884399 0.53125 0.6884399 0.5625 0.3125 0.59375 0.6884399 0.5625 0.6884399 0.59375 0.3125 0.625 0.6884399 0.59375 0.6884399 0.34375 0.15625 0.3895146 0.04576456 0.6104854 0.04576456 0.65625 0.84375 0.3895146 0.7332646 0.6104854 0.7332646 0.5 1 0.6104854 0.9542354 0.6104854 0.9542354 0.5 1 0.3895146 0.9542354 0.5 1 0.3895146 0.9542354 0.34375 0.84375 0.3895146 0.9542354 0.34375 0.84375 0.3895146 0.7332646 0.34375 0.84375 0.3895146 0.7332646 0.5 0.6875 0.3895146 0.7332646 0.6104854 0.7332646 0.5 0.6875 0.5 0.6875 0.65625 0.84375 0.6104854 0.7332646 0.6104854 0.7332646 0.6104854 0.9542354 0.65625 0.84375 0.65625 0.84375 0.6104854 0.9542354 0.5 1 0.6104854 0.9542354 0.3895146 0.9542354 0.5 1 0.5 1 0.34375 0.84375 0.3895146 0.9542354 0.3895146 0.9542354 0.3895146 0.7332646 0.34375 0.84375 0.34375 0.84375 0.5 0.6875 0.3895146 0.7332646 0.3895146 0.7332646 0.5 0.6875 0.6104854 0.7332646 0.5 0.6875 0.6104854 0.7332646 0.65625 0.84375 0.6104854 0.7332646 0.65625 0.84375 0.6104854 0.9542354 0.65625 0.84375 0.6104854 0.9542354 0.5 1 0.6104854 0.9542354 0.3895146 0.9542354 0.5 1 0.5 1 0.34375 0.84375 0.3895146 0.9542354 0.3895146 0.9542354 0.3895146 0.7332646 0.34375 0.84375 0.34375 0.84375 0.5 0.6875 0.3895146 0.7332646 0.3895146 0.7332646 0.5 0.6875 0.6104854 0.7332646 0.5 0.6875 0.6104854 0.7332646 0.65625 0.84375 0.6104854 0.7332646 0.65625 0.84375 0.6104854 0.9542354 0.65625 0.84375 0.6104854 0.7332646 0.65625 0.84375 0.6104854 0.7332646 0.6104854 0.7332646 0.5 0.6875 0.5 0.6875 0.5 0.6875 0.3895146 0.7332646 0.3895146 0.7332646 0.3895146 0.7332646 0.34375 0.84375 0.34375 0.84375 0.34375 0.84375 0.3895146 0.9542354 0.3895146 0.9542354 0.5 1 0.3895146 0.9542354 0.5 1 0.6104854 0.9542354 0.5 1 0.6104854 0.9542354 0.65625 0.84375 0.6104854 0.9542354 0.65625 0.84375 0.5 0.3125 0.5 0.6884399 0.5 0.6884399 0.5625 0.3125 0.5625 0.6884399 0.5625 0.3125 0.6104854 0.04576456 0.65625 0.15625 0.6104854 0.04576456 0.6104854 0.2667354 0.65625 0.15625 0.65625 0.15625 0.3895146 0.2667354 0.34375 0.15625 0.3895146 0.2667354 0.3895146 0.04576456 0.34375 0.15625 0.34375 0.15625 0.5 0 0.3895146 0.04576456 0.3895146 0.04576456 0.5 0 0.6104854 0.04576456 0.5 0 0.6104854 0.9542354 0.5 1 0.6104854 0.9542354 0.3895146 0.9542354 0.5 1 0.5 1 0.34375 0.84375 0.3895146 0.9542354 0.3895146 0.9542354 0.3895146 0.7332646 0.34375 0.84375 0.34375 0.84375 0.6104854 0.7332646 0.65625 0.84375 0.6104854 0.7332646 0.65625 0.84375 0.6104854 0.9542354 0.65625 0.84375 0.3895146 0.7332646 0.3895146 0.7332646 0.3895146 0.7332646 0.6104854 0.7332646 0.6104854 0.7332646 0.6104854 0.7332646 0.3895146 0.7332646 0.3895146 0.7332646 0.3895146 0.7332646 0.6104854 0.7332646 0.6104854 0.7332646 0.6104854 0.7332646 0.3895146 0.7332646 0.3895146 0.7332646 0.3895146 0.7332646 0.6104854 0.7332646 0.6104854 0.7332646 0.6104854 0.7332646 0.6104854 0.7332646 0.6104854 0.7332646 0.6104854 0.7332646 0.3895146 0.7332646 0.3895146 0.7332646 0.3895146 0.7332646 0.375 0.3125 0.40625 0.6884399 0.375 0.6884399 0.4375 0.3125 0.40625 0.6884399 0.40625 0.3125 0.46875 0.3125 0.4375 0.6884399 0.4375 0.3125 0.5 0.3125 0.46875 0.6884399 0.46875 0.3125 0.5 0.3125 0.53125 0.6884399 0.5 0.6884399 0.53125 0.3125 0.5625 0.6884399 0.53125 0.6884399 0.5625 0.3125 0.59375 0.6884399 0.5625 0.6884399 0.59375 0.3125 0.625 0.6884399 0.59375 0.6884399 0.3895146 0.04576456 0.5 0 0.65625 0.15625 0.65625 0.84375 0.5 1 0.34375 0.84375 0.5 1 0.6104854 0.9542354 0.6104854 0.9542354 0.3895146 0.9542354 0.5 1 0.5 1 0.3895146 0.9542354 0.34375 0.84375 0.3895146 0.9542354 0.34375 0.84375 0.3895146 0.7332646 0.34375 0.84375 0.3895146 0.7332646 0.5 0.6875 0.3895146 0.7332646 0.5 0.6875 0.6104854 0.7332646 0.5 0.6875 0.65625 0.84375 0.6104854 0.7332646 0.6104854 0.7332646 0.6104854 0.9542354 0.65625 0.84375 0.65625 0.84375 0.5 1 0.6104854 0.9542354 0.6104854 0.9542354 0.5 1 0.3895146 0.9542354 0.5 1 0.3895146 0.9542354 0.34375 0.84375 0.3895146 0.9542354 0.34375 0.84375 0.3895146 0.7332646 0.34375 0.84375 0.3895146 0.7332646 0.5 0.6875 0.3895146 0.7332646 0.6104854 0.7332646 0.5 0.6875 0.5 0.6875 0.65625 0.84375 0.6104854 0.7332646 0.6104854 0.7332646 0.6104854 0.9542354 0.65625 0.84375 0.65625 0.84375 0.5 1 0.6104854 0.9542354 0.6104854 0.9542354 0.3895146 0.9542354 0.5 1 0.5 1 0.34375 0.84375 0.3895146 0.9542354 0.3895146 0.9542354 0.34375 0.84375 0.3895146 0.7332646 0.34375 0.84375 0.5 0.6875 0.3895146 0.7332646 0.3895146 0.7332646 0.5 0.6875 0.6104854 0.7332646 0.5 0.6875 0.6104854 0.7332646 0.65625 0.84375 0.6104854 0.7332646 0.6104854 0.9542354 0.65625 0.84375 0.65625 0.84375 0.6104854 0.7332646 0.65625 0.84375 0.6104854 0.7332646 0.5 0.6875 0.6104854 0.7332646 0.5 0.6875 0.3895146 0.7332646 0.5 0.6875 0.3895146 0.7332646 0.34375 0.84375 0.3895146 0.7332646 0.34375 0.84375 0.34375 0.84375 0.3895146 0.9542354 0.3895146 0.9542354 0.3895146 0.9542354 0.5 1 0.5 1 0.5 1 0.6104854 0.9542354 0.6104854 0.9542354 0.6104854 0.9542354 0.65625 0.84375 0.65625 0.84375 0.5 0.3125 0.5 0.6884399 0.5 0.6884399 0.5625 0.3125 0.5625 0.6884399 0.5625 0.3125 0.6104854 0.04576456 0.65625 0.15625 0.6104854 0.04576456 0.65625 0.15625 0.6104854 0.2667354 0.65625 0.15625 0.3895146 0.2667354 0.34375 0.15625 0.3895146 0.2667354 0.3895146 0.04576456 0.34375 0.15625 0.34375 0.15625 0.5 0 0.3895146 0.04576456 0.3895146 0.04576456 0.5 0 0.6104854 0.04576456 0.5 0 0.5 1 0.6104854 0.9542354 0.6104854 0.9542354 0.3895146 0.9542354 0.5 1 0.5 1 0.34375 0.84375 0.3895146 0.9542354 0.3895146 0.9542354 0.34375 0.84375 0.3895146 0.7332646 0.34375 0.84375 0.65625 0.84375 0.6104854 0.7332646 0.6104854 0.7332646 0.6104854 0.9542354 0.65625 0.84375 0.65625 0.84375 0.3895146 0.7332646 0.3895146 0.7332646 0.3895146 0.7332646 0.6104854 0.7332646 0.6104854 0.7332646 0.6104854 0.7332646 0.3895146 0.7332646 0.3895146 0.7332646 0.3895146 0.7332646 0.6104854 0.7332646 0.6104854 0.7332646 0.6104854 0.7332646 0.3895146 0.7332646 0.3895146 0.7332646 0.3895146 0.7332646 0.6104854 0.7332646 0.6104854 0.7332646 0.6104854 0.7332646 0.6104854 0.7332646 0.6104854 0.7332646 0.6104854 0.7332646 0.3895146 0.7332646 0.3895146 0.7332646 0.3895146 0.7332646 0.375 0.3125 0.40625 0.6884399 0.375 0.6884399 0.4375 0.3125 0.40625 0.6884399 0.40625 0.3125 0.46875 0.3125 0.4375 0.6884399 0.4375 0.3125 0.5 0.3125 0.46875 0.6884399 0.46875 0.3125 0.53125 0.3125 0.5 0.6884399 0.5 0.3125 0.53125 0.3125 0.5625 0.6884399 0.53125 0.6884399 0.5625 0.3125 0.59375 0.6884399 0.5625 0.6884399 0.59375 0.3125 0.625 0.6884399 0.59375 0.6884399 0.34375 0.15625 0.3895146 0.04576456 0.65625 0.15625 0.6104854 0.7332646 0.65625 0.84375 0.34375 0.84375 0.5 1 0.6104854 0.9542354 0.6104854 0.9542354 0.5 1 0.3895146 0.9542354 0.5 1 0.3895146 0.9542354 0.34375 0.84375 0.3895146 0.9542354 0.34375 0.84375 0.3895146 0.7332646 0.34375 0.84375 0.3895146 0.7332646 0.5 0.6875 0.3895146 0.7332646 0.6104854 0.7332646 0.5 0.6875 0.5 0.6875 0.65625 0.84375 0.6104854 0.7332646 0.6104854 0.7332646 0.6104854 0.9542354 0.65625 0.84375 0.65625 0.84375 0.6104854 0.9542354 0.5 1 0.6104854 0.9542354 0.3895146 0.9542354 0.5 1 0.5 1 0.34375 0.84375 0.3895146 0.9542354 0.3895146 0.9542354 0.3895146 0.7332646 0.34375 0.84375 0.34375 0.84375 0.5 0.6875 0.3895146 0.7332646 0.3895146 0.7332646 0.5 0.6875 0.6104854 0.7332646 0.5 0.6875 0.6104854 0.7332646 0.65625 0.84375 0.6104854 0.7332646 0.65625 0.84375 0.6104854 0.9542354 0.65625 0.84375 0.6104854 0.9542354 0.5 1 0.6104854 0.9542354 0.3895146 0.9542354 0.5 1 0.5 1 0.34375 0.84375 0.3895146 0.9542354 0.3895146 0.9542354 0.3895146 0.7332646 0.34375 0.84375 0.34375 0.84375 0.5 0.6875 0.3895146 0.7332646 0.3895146 0.7332646 0.5 0.6875 0.6104854 0.7332646 0.5 0.6875 0.6104854 0.7332646 0.65625 0.84375 0.6104854 0.7332646 0.65625 0.84375 0.6104854 0.9542354 0.65625 0.84375 0.6104854 0.7332646 0.65625 0.84375 0.6104854 0.7332646 0.5 0.6875 0.6104854 0.7332646 0.5 0.6875 0.5 0.6875 0.3895146 0.7332646 0.3895146 0.7332646 0.3895146 0.7332646 0.34375 0.84375 0.34375 0.84375 0.34375 0.84375 0.3895146 0.9542354 0.3895146 0.9542354 0.3895146 0.9542354 0.5 1 0.5 1 0.6104854 0.9542354 0.5 1 0.6104854 0.9542354 0.65625 0.84375 0.6104854 0.9542354 0.65625 0.84375 0.5 0.3125 0.5 0.6884399 0.5 0.6884399 0.5625 0.3125 0.5625 0.6884399 0.5625 0.3125 0.6104854 0.04576456 0.65625 0.15625 0.6104854 0.04576456 0.6104854 0.2667354 0.65625 0.15625 0.65625 0.15625 0.3895146 0.2667354 0.34375 0.15625 0.3895146 0.2667354 0.3895146 0.04576456 0.34375 0.15625 0.34375 0.15625 0.5 0 0.3895146 0.04576456 0.3895146 0.04576456 0.5 0 0.6104854 0.04576456 0.5 0 0.3895146 0.7332646 0.3895146 0.7332646 0.3895146 0.7332646 0.6104854 0.7332646 0.6104854 0.7332646 0.6104854 0.7332646 0.3895146 0.7332646 0.3895146 0.7332646 0.3895146 0.7332646 0.6104854 0.7332646 0.6104854 0.7332646 0.6104854 0.7332646 0.5 0.6875 0.3895146 0.7332646 0.5 0.6875 0.3895146 0.7332646 0.3895146 0.7332646 0.3895146 0.7332646 0.6104854 0.7332646 0.6104854 0.7332646 0.6104854 0.7332646 0.5 0.6875 0.6104854 0.7332646 0.6104854 0.7332646 0.6104854 0.7332646 0.6104854 0.7332646 0.6104854 0.7332646 0.3895146 0.7332646 0.3895146 0.7332646 0.3895146 0.7332646 0.40625 0.3125 0.375 0.3398284 0.375 0.3125 0.4375 0.3125 0.40625 0.3398284 0.40625 0.3125 0.4375 0.3125 0.46875 0.3398284 0.4375 0.3398284 0.46875 0.3125 0.5 0.3398284 0.46875 0.3398284 0.5 0.3125 0.53125 0.3398284 0.5 0.3398284 0.53125 0.3125 0.5625 0.3398284 0.53125 0.3398284 0.5625 0.3125 0.59375 0.3398284 0.5625 0.3398284 0.625 0.3125 0.59375 0.3398284 0.59375 0.3125 0.5 0 0.6104854 0.04576456 0.5 0.15 0.3895146 0.04576456 0.5 0 0.5 0.15 0.34375 0.15625 0.3895146 0.04576456 0.5 0.15 0.3895146 0.2667354 0.34375 0.15625 0.5 0.15 0.5 0.3125 0.3895146 0.2667354 0.5 0.15 0.6104854 0.2667354 0.5 0.3125 0.5 0.15 0.65625 0.15625 0.6104854 0.2667354 0.5 0.15 0.6104854 0.04576456 0.65625 0.15625 0.5 0.15 0.6104854 0.9542354 0.5 1 0.5 0.8375 0.5 1 0.3895146 0.9542354 0.5 0.8375 0.3895146 0.9542354 0.34375 0.84375 0.5 0.8375 0.34375 0.84375 0.3895146 0.7332646 0.5 0.8375 0.3895146 0.7332646 0.5 0.6875 0.5 0.8375 0.5 0.6875 0.6104854 0.7332646 0.5 0.8375 0.6104854 0.7332646 0.65625 0.84375 0.5 0.8375 0.65625 0.84375 0.6104854 0.9542354 0.5 0.8375 0.5 1 0.6104854 0.9542354 0.6104854 0.9542354 0.5 1 0.3895146 0.9542354 0.5 1 0.3895146 0.9542354 0.34375 0.84375 0.3895146 0.9542354 0.34375 0.84375 0.3895146 0.7332646 0.34375 0.84375 0.3895146 0.7332646 0.5 0.6875 0.3895146 0.7332646 0.6104854 0.7332646 0.5 0.6875 0.5 0.6875 0.65625 0.84375 0.6104854 0.7332646 0.6104854 0.7332646 0.6104854 0.9542354 0.65625 0.84375 0.65625 0.84375 0.59375 0.4382487 0.5625 0.5637217 0.5625 0.4382487 0.5625 0.4382487 0.53125 0.5637217 0.53125 0.4382487 0.5 0.4382487 0.53125 0.5637217 0.5 0.5637217 0.46875 0.4382487 0.5 0.5637217 0.46875 0.5637217 0.4375 0.4382487 0.46875 0.5637217 0.4375 0.5637217 0.40625 0.4382487 0.4375 0.5637217 0.40625 0.5637217 0.40625 0.4382487 0.375 0.5637217 0.375 0.4382487 0.625 0.4382487 0.59375 0.5637217 0.59375 0.4382487 0.59375 0.5637217 0.5625 0.6884399 0.5625 0.5637217 0.53125 0.5637217 0.5625 0.6884399 0.53125 0.6884399 0.5 0.5637217 0.53125 0.6884399 0.5 0.6884399 0.46875 0.5637217 0.5 0.6884399 0.46875 0.6884399 0.4375 0.5637217 0.46875 0.6884399 0.4375 0.6884399 0.4375 0.5637217 0.40625 0.6884399 0.40625 0.5637217 0.40625 0.5637217 0.375 0.6884399 0.375 0.5637217 0.625 0.5637217 0.59375 0.6884399 0.59375 0.5637217 0.34375 0.84375 0.3895146 0.7332646 0.34375 0.84375 0.34375 0.84375 0.3895146 0.9542354 0.3895146 0.9542354 0.3895146 0.9542354 0.5 1 0.5 1 0.5 1 0.6104854 0.9542354 0.6104854 0.9542354 0.6104854 0.9542354 0.65625 0.84375 0.65625 0.84375 0.6104854 0.7332646 0.65625 0.84375 0.6104854 0.7332646 0.5 0.6875 0.6104854 0.7332646 0.5 0.6875 0.3895146 0.7332646 0.5 0.6875 0.3895146 0.7332646 0.5 1 0.3895146 0.9542354 0.5 1 0.3895146 0.9542354 0.3895146 0.9542354 0.3895146 0.9542354 0.5 1 0.3895146 0.9542354 0.3895146 0.9542354 0.5 1 0.6104854 0.9542354 0.6104854 0.9542354 0.5 1 0.6104854 0.9542354 0.5 1 0.6104854 0.9542354 0.6104854 0.9542354 0.6104854 0.9542354 0.4375 0.3398284 0.40625 0.4382487 0.40625 0.3398284 0.375 0.3398284 0.40625 0.4382487 0.375 0.4382487 0.59375 0.3398284 0.625 0.4382487 0.59375 0.4382487 0.5625 0.3398284 0.59375 0.4382487 0.5625 0.4382487 0.53125 0.3398284 0.5625 0.4382487 0.53125 0.4382487 0.5 0.3398284 0.53125 0.4382487 0.5 0.4382487 0.5 0.3398284 0.46875 0.4382487 0.46875 0.3398284 0.46875 0.3398284 0.4375 0.4382487 0.4375 0.3398284 0.6104854 0.04576456 0.5 0 0.5 0 0.5 0 0.3895146 0.04576456 0.3895146 0.04576456 0.3895146 0.04576456 0.34375 0.15625 0.34375 0.15625 0.34375 0.15625 0.3895146 0.2667354 0.3895146 0.2667354 0.3895146 0.2667354 0.5 0.3125 0.5 0.3125 0.5 0.3125 0.6104854 0.2667354 0.6104854 0.2667354 0.6104854 0.2667354 0.65625 0.15625 0.65625 0.15625 0.65625 0.15625 0.6104854 0.04576456 0.6104854 0.04576456 0.40625 0.3125 0.375 0.6884399 0.375 0.3125 0.40625 0.3125 0.4375 0.6884399 0.40625 0.6884399 0.4375 0.3125 0.46875 0.6884399 0.4375 0.6884399 0.46875 0.3125 0.5 0.6884399 0.46875 0.6884399 0.5 0.3125 0.53125 0.6884399 0.5 0.6884399 0.5625 0.3125 0.53125 0.6884399 0.53125 0.3125 0.59375 0.3125 0.5625 0.6884399 0.5625 0.3125 0.625 0.3125 0.59375 0.6884399 0.59375 0.3125 0.34375 0.15625 0.3895146 0.04576456 0.6104854 0.04576456 0.5 0.6875 0.6104854 0.7332646 0.34375 0.84375 0.6104854 0.9542354 0.5 1 0.6104854 0.9542354 0.5 1 0.3895146 0.9542354 0.5 1 0.34375 0.84375 0.3895146 0.9542354 0.3895146 0.9542354 0.3895146 0.7332646 0.34375 0.84375 0.34375 0.84375 0.5 0.6875 0.3895146 0.7332646 0.3895146 0.7332646 0.6104854 0.7332646 0.5 0.6875 0.5 0.6875 0.6104854 0.7332646 0.65625 0.84375 0.6104854 0.7332646 0.65625 0.84375 0.6104854 0.9542354 0.65625 0.84375 0.5 1 0.6104854 0.9542354 0.6104854 0.9542354 0.5 1 0.3895146 0.9542354 0.5 1 0.3895146 0.9542354 0.34375 0.84375 0.3895146 0.9542354 0.34375 0.84375 0.3895146 0.7332646 0.34375 0.84375 0.3895146 0.7332646 0.5 0.6875 0.3895146 0.7332646 0.6104854 0.7332646 0.5 0.6875 0.5 0.6875 0.65625 0.84375 0.6104854 0.7332646 0.6104854 0.7332646 0.6104854 0.9542354 0.65625 0.84375 0.65625 0.84375 0.65625 0.84375 0.6104854 0.7332646 0.6104854 0.7332646 0.6104854 0.7332646 0.5 0.6875 0.5 0.6875 0.5 0.6875 0.3895146 0.7332646 0.3895146 0.7332646 0.3895146 0.7332646 0.34375 0.84375 0.34375 0.84375 0.3895146 0.9542354 0.34375 0.84375 0.3895146 0.9542354 0.5 1 0.3895146 0.9542354 0.5 1 0.6104854 0.9542354 0.5 1 0.6104854 0.9542354 0.65625 0.84375 0.6104854 0.9542354 0.65625 0.84375 0.65625 0.84375 0.6104854 0.7332646 0.6104854 0.7332646 0.6104854 0.7332646 0.5 0.6875 0.5 0.6875 0.3895146 0.7332646 0.5 0.6875 0.3895146 0.7332646 0.34375 0.84375 0.3895146 0.7332646 0.34375 0.84375 0.3895146 0.9542354 0.34375 0.84375 0.3895146 0.9542354 0.5 1 0.3895146 0.9542354 0.5 1 0.5 1 0.6104854 0.9542354 0.6104854 0.9542354 0.6104854 0.9542354 0.65625 0.84375 0.65625 0.84375 0.4375 0.3125 0.4375 0.6884399 0.4375 0.3125 0.40625 0.3125 0.40625 0.6884399 0.40625 0.6884399 0.65625 0.15625 0.6104854 0.04576456 0.6104854 0.04576456 0.6104854 0.2667354 0.65625 0.15625 0.65625 0.15625 0.5 0.3125 0.6104854 0.2667354 0.6104854 0.2667354 0.5 0.3125 0.3895146 0.2667354 0.5 0.3125 0.3895146 0.2667354 0.34375 0.15625 0.3895146 0.2667354 0.34375 0.15625 0.3895146 0.04576456 0.34375 0.15625 0.5 0 0.6104854 0.04576456 0.5 0 0.5 1 0.6104854 0.9542354 0.6104854 0.9542354 0.6104854 0.9542354 0.6104854 0.9542354 0.6104854 0.9542354 0.3895146 0.9542354 0.3895146 0.9542354 0.3895146 0.9542354 0.6104854 0.9542354 0.6104854 0.9542354 0.6104854 0.9542354 0.3895146 0.9542354 0.3895146 0.9542354 0.3895146 0.9542354 0.3895146 0.9542354 0.3895146 0.9542354 0.3895146 0.9542354 0.5 1 0.3895146 0.9542354 0.3895146 0.9542354 0.5 1 0.6104854 0.9542354 0.5 1 0.6104854 0.9542354 0.6104854 0.9542354 0.6104854 0.9542354 0.3895146 0.9542354 0.3895146 0.9542354 0.3895146 0.9542354 0.6104854 0.9542354 0.6104854 0.9542354 0.6104854 0.9542354 0.40625 0.3125 0.375 0.6884399 0.375 0.3125 0.4375 0.3125 0.40625 0.6884399 0.40625 0.3125 0.46875 0.3125 0.4375 0.6884399 0.4375 0.3125 0.5 0.3125 0.46875 0.6884399 0.46875 0.3125 0.5 0.3125 0.53125 0.6884399 0.5 0.6884399 0.53125 0.3125 0.5625 0.6884399 0.53125 0.6884399 0.5625 0.3125 0.59375 0.6884399 0.5625 0.6884399 0.59375 0.3125 0.625 0.6884399 0.59375 0.6884399 0.3895146 0.04576456 0.5 0 0.65625 0.15625 0.5 1 0.6104854 0.9542354 0.6104854 0.9542354 0.3895146 0.9542354 0.5 1 0.5 1 0.3895146 0.9542354 0.34375 0.84375 0.3895146 0.9542354 0.34375 0.84375 0.3895146 0.7332646 0.34375 0.84375 0.3895146 0.7332646 0.5 0.6875 0.3895146 0.7332646 0.5 0.6875 0.6104854 0.7332646 0.5 0.6875 0.65625 0.84375 0.6104854 0.7332646 0.6104854 0.7332646 0.6104854 0.9542354 0.65625 0.84375 0.65625 0.84375 0.5 1 0.6104854 0.9542354 0.6104854 0.9542354 0.5 1 0.3895146 0.9542354 0.5 1 0.3895146 0.9542354 0.34375 0.84375 0.3895146 0.9542354 0.34375 0.84375 0.3895146 0.7332646 0.34375 0.84375 0.3895146 0.7332646 0.5 0.6875 0.3895146 0.7332646 0.6104854 0.7332646 0.5 0.6875 0.5 0.6875 0.65625 0.84375 0.6104854 0.7332646 0.6104854 0.7332646 0.6104854 0.9542354 0.65625 0.84375 0.65625 0.84375 0.6104854 0.7332646 0.65625 0.84375 0.6104854 0.7332646 0.5 0.6875 0.6104854 0.7332646 0.5 0.6875 0.5 0.6875 0.3895146 0.7332646 0.3895146 0.7332646 0.3895146 0.7332646 0.34375 0.84375 0.34375 0.84375 0.34375 0.84375 0.3895146 0.9542354 0.3895146 0.9542354 0.3895146 0.9542354 0.5 1 0.5 1 0.6104854 0.9542354 0.5 1 0.6104854 0.9542354 0.65625 0.84375 0.6104854 0.9542354 0.65625 0.84375 0.6104854 0.7332646 0.65625 0.84375 0.6104854 0.7332646 0.5 0.6875 0.6104854 0.7332646 0.5 0.6875 0.5 0.6875 0.3895146 0.7332646 0.3895146 0.7332646 0.3895146 0.7332646 0.34375 0.84375 0.34375 0.84375 0.34375 0.84375 0.3895146 0.9542354 0.3895146 0.9542354 0.3895146 0.9542354 0.5 1 0.5 1 0.6104854 0.9542354 0.5 1 0.6104854 0.9542354 0.65625 0.84375 0.6104854 0.9542354 0.65625 0.84375 0.6104854 0.7332646 0.65625 0.84375 0.6104854 0.7332646 0.5 0.6875 0.6104854 0.7332646 0.5 0.6875 0.5 0.6875 0.3895146 0.7332646 0.3895146 0.7332646 0.3895146 0.7332646 0.34375 0.84375 0.34375 0.84375 0.34375 0.84375 0.3895146 0.9542354 0.3895146 0.9542354 0.3895146 0.9542354 0.5 1 0.5 1 0.6104854 0.9542354 0.5 1 0.6104854 0.9542354 0.65625 0.84375 0.6104854 0.9542354 0.65625 0.84375 0.6104854 0.7332646 0.65625 0.84375 0.3895146 0.9542354 0.5 0.3125 0.5 0.6884399 0.5 0.6884399 0.5625 0.3125 0.5625 0.6884399 0.5625 0.3125 0.6104854 0.04576456 0.65625 0.15625 0.6104854 0.04576456 0.6104854 0.2667354 0.65625 0.15625 0.65625 0.15625 0.3895146 0.2667354 0.34375 0.15625 0.3895146 0.2667354 0.3895146 0.04576456 0.34375 0.15625 0.34375 0.15625 0.5 0 0.3895146 0.04576456 0.3895146 0.04576456 0.6104854 0.04576456 0.5 0 0.5 0 0.3895146 0.7332646 0.3895146 0.7332646 0.3895146 0.7332646 0.6104854 0.7332646 0.6104854 0.7332646 0.6104854 0.7332646 0.3895146 0.7332646 0.3895146 0.7332646 0.3895146 0.7332646 0.6104854 0.7332646 0.6104854 0.7332646 0.6104854 0.7332646 0.6104854 0.7332646 0.6104854 0.7332646 0.6104854 0.7332646 0.3895146 0.7332646 0.3895146 0.7332646 0.3895146 0.7332646 0.6104854 0.7332646 0.6104854 0.7332646 0.6104854 0.7332646 0.5 0.6875 0.6104854 0.7332646 0.6104854 0.7332646 0.5 0.6875 0.3895146 0.7332646 0.5 0.6875 0.3895146 0.7332646 0.3895146 0.7332646 0.3895146 0.7332646 0.6104854 0.7332646 0.6104854 0.7332646 0.6104854 0.7332646 0.3895146 0.7332646 0.3895146 0.7332646 0.3895146 0.7332646 0.40625 0.3125 0.375 0.6884399 0.375 0.3125 0.40625 0.3125 0.4375 0.6884399 0.40625 0.6884399 0.4375 0.3125 0.46875 0.6884399 0.4375 0.6884399 0.46875 0.3125 0.5 0.6884399 0.46875 0.6884399 0.5 0.3125 0.53125 0.6884399 0.5 0.6884399 0.5625 0.3125 0.53125 0.6884399 0.53125 0.3125 0.59375 0.3125 0.5625 0.6884399 0.5625 0.3125 0.625 0.3125 0.59375 0.6884399 0.59375 0.3125 0.34375 0.15625 0.3895146 0.04576456 0.6104854 0.04576456 0.65625 0.84375 0.3895146 0.7332646 0.6104854 0.7332646 0.5 1 0.6104854 0.9542354 0.6104854 0.9542354 0.5 1 0.3895146 0.9542354 0.5 1 0.3895146 0.9542354 0.34375 0.84375 0.3895146 0.9542354 0.34375 0.84375 0.3895146 0.7332646 0.34375 0.84375 0.3895146 0.7332646 0.5 0.6875 0.3895146 0.7332646 0.6104854 0.7332646 0.5 0.6875 0.5 0.6875 0.65625 0.84375 0.6104854 0.7332646 0.6104854 0.7332646 0.6104854 0.9542354 0.65625 0.84375 0.65625 0.84375 0.5 1 0.6104854 0.9542354 0.6104854 0.9542354 0.3895146 0.9542354 0.5 1 0.5 1 0.34375 0.84375 0.3895146 0.9542354 0.3895146 0.9542354 0.34375 0.84375 0.3895146 0.7332646 0.34375 0.84375 0.3895146 0.7332646 0.5 0.6875 0.3895146 0.7332646 0.6104854 0.7332646 0.5 0.6875 0.5 0.6875 0.65625 0.84375 0.6104854 0.7332646 0.6104854 0.7332646 0.6104854 0.9542354 0.65625 0.84375 0.65625 0.84375 0.5 1 0.6104854 0.9542354 0.6104854 0.9542354 0.5 1 0.3895146 0.9542354 0.5 1 0.3895146 0.9542354 0.34375 0.84375 0.3895146 0.9542354 0.34375 0.84375 0.3895146 0.7332646 0.34375 0.84375 0.3895146 0.7332646 0.5 0.6875 0.3895146 0.7332646 0.6104854 0.7332646 0.5 0.6875 0.5 0.6875 0.65625 0.84375 0.6104854 0.7332646 0.6104854 0.7332646 0.6104854 0.9542354 0.65625 0.84375 0.65625 0.84375 0.375 0.3125 0.375 0.6884399 0.375 0.6884399 0.4375 0.3125 0.4375 0.6884399 0.4375 0.3125 0.6104854 0.04576456 0.65625 0.15625 0.6104854 0.04576456 0.6104854 0.2667354 0.65625 0.15625 0.65625 0.15625 0.5 0.3125 0.6104854 0.2667354 0.6104854 0.2667354 0.5 0.3125 0.3895146 0.2667354 0.5 0.3125 0.3895146 0.2667354 0.34375 0.15625 0.3895146 0.2667354 0.3895146 0.04576456 0.34375 0.15625 0.34375 0.15625 0.6104854 0.9542354 0.6104854 0.9542354 0.6104854 0.9542354 0.3895146 0.9542354 0.3895146 0.9542354 0.3895146 0.9542354 0.6104854 0.9542354 0.6104854 0.9542354 0.6104854 0.9542354 0.3895146 0.9542354 0.3895146 0.9542354 0.3895146 0.9542354 0.5 1 0.6104854 0.9542354 0.5 1 0.6104854 0.9542354 0.6104854 0.9542354 0.6104854 0.9542354 0.3895146 0.9542354 0.3895146 0.9542354 0.3895146 0.9542354 0.5 1 0.3895146 0.9542354 0.3895146 0.9542354 0.40625 0.3125 0.375 0.6884399 0.375 0.3125 0.40625 0.3125 0.4375 0.6884399 0.40625 0.6884399 0.4375 0.3125 0.46875 0.6884399 0.4375 0.6884399 0.46875 0.3125 0.5 0.6884399 0.46875 0.6884399 0.5 0.3125 0.53125 0.6884399 0.5 0.6884399 0.5625 0.3125 0.53125 0.6884399 0.53125 0.3125 0.59375 0.3125 0.5625 0.6884399 0.5625 0.3125 0.625 0.3125 0.59375 0.6884399 0.59375 0.3125 0.34375 0.15625 0.3895146 0.04576456 0.65625 0.15625 0.6104854 0.7332646 0.65625 0.84375 0.34375 0.84375 0.6104854 0.9542354 0.5 1 0.6104854 0.9542354 0.3895146 0.9542354 0.5 1 0.5 1 0.34375 0.84375 0.3895146 0.9542354 0.3895146 0.9542354 0.3895146 0.7332646 0.34375 0.84375 0.34375 0.84375 0.5 0.6875 0.3895146 0.7332646 0.3895146 0.7332646 0.5 0.6875 0.6104854 0.7332646 0.5 0.6875 0.6104854 0.7332646 0.65625 0.84375 0.6104854 0.7332646 0.65625 0.84375 0.6104854 0.9542354 0.65625 0.84375 0.5 1 0.6104854 0.9542354 0.6104854 0.9542354 0.5 1 0.3895146 0.9542354 0.5 1 0.3895146 0.9542354 0.34375 0.84375 0.3895146 0.9542354 0.34375 0.84375 0.3895146 0.7332646 0.34375 0.84375 0.3895146 0.7332646 0.5 0.6875 0.3895146 0.7332646 0.6104854 0.7332646 0.5 0.6875 0.5 0.6875 0.65625 0.84375 0.6104854 0.7332646 0.6104854 0.7332646 0.6104854 0.9542354 0.65625 0.84375 0.65625 0.84375 0.65625 0.84375 0.6104854 0.7332646 0.6104854 0.7332646 0.6104854 0.7332646 0.5 0.6875 0.5 0.6875 0.3895146 0.7332646 0.5 0.6875 0.3895146 0.7332646 0.34375 0.84375 0.3895146 0.7332646 0.34375 0.84375 0.3895146 0.9542354 0.34375 0.84375 0.3895146 0.9542354 0.5 1 0.3895146 0.9542354 0.5 1 0.5 1 0.6104854 0.9542354 0.6104854 0.9542354 0.6104854 0.9542354 0.65625 0.84375 0.65625 0.84375 0.65625 0.84375 0.6104854 0.7332646 0.6104854 0.7332646 0.6104854 0.7332646 0.5 0.6875 0.5 0.6875 0.3895146 0.7332646 0.5 0.6875 0.3895146 0.7332646 0.34375 0.84375 0.3895146 0.7332646 0.34375 0.84375 0.3895146 0.9542354 0.34375 0.84375 0.3895146 0.9542354 0.5 1 0.3895146 0.9542354 0.5 1 0.5 1 0.6104854 0.9542354 0.6104854 0.9542354 0.6104854 0.9542354 0.65625 0.84375 0.65625 0.84375 0.375 0.3125 0.375 0.6884399 0.375 0.6884399 0.4375 0.3125 0.4375 0.6884399 0.4375 0.3125 0.6104854 0.04576456 0.65625 0.15625 0.6104854 0.04576456 0.6104854 0.2667354 0.65625 0.15625 0.65625 0.15625 0.5 0.3125 0.6104854 0.2667354 0.6104854 0.2667354 0.5 0.3125 0.3895146 0.2667354 0.5 0.3125 0.3895146 0.2667354 0.34375 0.15625 0.3895146 0.2667354 0.3895146 0.04576456 0.34375 0.15625 0.34375 0.15625 0.3895146 0.9542354 0.34375 0.84375 0.3895146 0.9542354 0.34375 0.84375 0.3895146 0.7332646 0.34375 0.84375 0.3895146 0.7332646 0.5 0.6875 0.3895146 0.7332646 0.6104854 0.7332646 0.5 0.6875 0.5 0.6875 0.65625 0.84375 0.6104854 0.7332646 0.6104854 0.7332646 0.6104854 0.9542354 0.65625 0.84375 0.65625 0.84375 0.6104854 0.9542354 0.6104854 0.9542354 0.6104854 0.9542354 0.3895146 0.9542354 0.3895146 0.9542354 0.3895146 0.9542354 0.6104854 0.9542354 0.6104854 0.9542354 0.6104854 0.9542354 0.3895146 0.9542354 0.3895146 0.9542354 0.3895146 0.9542354 0.3895146 0.9542354 0.3895146 0.9542354 0.3895146 0.9542354 0.6104854 0.9542354 0.6104854 0.9542354 0.6104854 0.9542354 0.3895146 0.9542354 0.3895146 0.9542354 0.3895146 0.9542354 0.6104854 0.9542354 0.6104854 0.9542354 0.6104854 0.9542354 0.375 0.3125 0.40625 0.6884399 0.375 0.6884399 0.40625 0.3125 0.4375 0.6884399 0.40625 0.6884399 0.46875 0.3125 0.4375 0.6884399 0.4375 0.3125 0.5 0.3125 0.46875 0.6884399 0.46875 0.3125 0.53125 0.3125 0.5 0.6884399 0.5 0.3125 0.5625 0.3125 0.53125 0.6884399 0.53125 0.3125 0.5625 0.3125 0.59375 0.6884399 0.5625 0.6884399 0.59375 0.3125 0.625 0.6884399 0.59375 0.6884399 0.34375 0.15625 0.3895146 0.04576456 0.5 0 0.6104854 0.9542354 0.5 1 0.6104854 0.9542354 0.5 1 0.3895146 0.9542354 0.5 1 0.3895146 0.9542354 0.34375 0.84375 0.3895146 0.9542354 0.34375 0.84375 0.3895146 0.7332646 0.34375 0.84375 0.5 0.6875 0.3895146 0.7332646 0.3895146 0.7332646 0.6104854 0.7332646 0.5 0.6875 0.5 0.6875 0.65625 0.84375 0.6104854 0.7332646 0.6104854 0.7332646 0.6104854 0.9542354 0.65625 0.84375 0.65625 0.84375 0.5 1 0.6104854 0.9542354 0.6104854 0.9542354 0.5 1 0.3895146 0.9542354 0.5 1 0.3895146 0.9542354 0.34375 0.84375 0.3895146 0.9542354 0.34375 0.84375 0.3895146 0.7332646 0.34375 0.84375 0.3895146 0.7332646 0.5 0.6875 0.3895146 0.7332646 0.6104854 0.7332646 0.5 0.6875 0.5 0.6875 0.65625 0.84375 0.6104854 0.7332646 0.6104854 0.7332646 0.6104854 0.9542354 0.65625 0.84375 0.65625 0.84375 0.6104854 0.7332646 0.65625 0.84375 0.6104854 0.7332646 0.5 0.6875 0.6104854 0.7332646 0.5 0.6875 0.5 0.6875 0.3895146 0.7332646 0.3895146 0.7332646 0.3895146 0.7332646 0.34375 0.84375 0.34375 0.84375 0.34375 0.84375 0.3895146 0.9542354 0.3895146 0.9542354 0.3895146 0.9542354 0.5 1 0.5 1 0.6104854 0.9542354 0.5 1 0.6104854 0.9542354 0.65625 0.84375 0.6104854 0.9542354 0.65625 0.84375 0.6104854 0.7332646 0.65625 0.84375 0.6104854 0.7332646 0.5 0.6875 0.6104854 0.7332646 0.5 0.6875 0.5 0.6875 0.3895146 0.7332646 0.3895146 0.7332646 0.3895146 0.7332646 0.34375 0.84375 0.34375 0.84375 0.34375 0.84375 0.3895146 0.9542354 0.3895146 0.9542354 0.3895146 0.9542354 0.5 1 0.5 1 0.6104854 0.9542354 0.5 1 0.6104854 0.9542354 0.65625 0.84375 0.6104854 0.9542354 0.65625 0.84375 0.6104854 0.7332646 0.65625 0.84375 0.6104854 0.7332646 0.5 0.6875 0.6104854 0.7332646 0.5 0.6875 0.5 0.6875 0.3895146 0.7332646 0.3895146 0.7332646 0.3895146 0.7332646 0.34375 0.84375 0.34375 0.84375 0.34375 0.84375 0.3895146 0.9542354 0.3895146 0.9542354 0.3895146 0.9542354 0.5 1 0.5 1 0.6104854 0.9542354 0.5 1 0.6104854 0.9542354 0.65625 0.84375 0.6104854 0.9542354 0.65625 0.84375 0.65625 0.84375 0.6104854 0.9542354 0.3895146 0.7332646 0.5 0.3125 0.5 0.6884399 0.5 0.6884399 0.5625 0.3125 0.5625 0.6884399 0.5625 0.3125 0.6104854 0.04576456 0.65625 0.15625 0.6104854 0.04576456 0.6104854 0.2667354 0.65625 0.15625 0.65625 0.15625 0.3895146 0.2667354 0.34375 0.15625 0.3895146 0.2667354 0.3895146 0.04576456 0.34375 0.15625 0.34375 0.15625 0.3895146 0.04576456 0.5 0 0.3895146 0.04576456 0.5 0 0.6104854 0.04576456 0.5 0 0.3895146 0.7332646 0.3895146 0.7332646 0.3895146 0.7332646 0.6104854 0.7332646 0.6104854 0.7332646 0.6104854 0.7332646 0.3895146 0.7332646 0.3895146 0.7332646 0.3895146 0.7332646 0.6104854 0.7332646 0.6104854 0.7332646 0.6104854 0.7332646 0.6104854 0.7332646 0.6104854 0.7332646 0.6104854 0.7332646 0.3895146 0.7332646 0.3895146 0.7332646 0.3895146 0.7332646 0.6104854 0.7332646 0.6104854 0.7332646 0.6104854 0.7332646 0.5 0.6875 0.6104854 0.7332646 0.6104854 0.7332646 0.5 0.6875 0.3895146 0.7332646 0.5 0.6875 0.3895146 0.7332646 0.3895146 0.7332646 0.3895146 0.7332646 0.6104854 0.7332646 0.6104854 0.7332646 0.6104854 0.7332646 0.3895146 0.7332646 0.3895146 0.7332646 0.3895146 0.7332646 0.40625 0.3125 0.375 0.6884399 0.375 0.3125 0.40625 0.3125 0.4375 0.6884399 0.40625 0.6884399 0.4375 0.3125 0.46875 0.6884399 0.4375 0.6884399 0.46875 0.3125 0.5 0.6884399 0.46875 0.6884399 0.5 0.3125 0.53125 0.6884399 0.5 0.6884399 0.5625 0.3125 0.53125 0.6884399 0.53125 0.3125 0.59375 0.3125 0.5625 0.6884399 0.5625 0.3125 0.625 0.3125 0.59375 0.6884399 0.59375 0.3125 0.34375 0.15625 0.3895146 0.04576456 0.6104854 0.04576456 0.65625 0.84375 0.3895146 0.7332646 0.6104854 0.7332646 0.5 1 0.6104854 0.9542354 0.6104854 0.9542354 0.3895146 0.9542354 0.5 1 0.5 1 0.34375 0.84375 0.3895146 0.9542354 0.3895146 0.9542354 0.3895146 0.7332646 0.34375 0.84375 0.34375 0.84375 0.3895146 0.7332646 0.5 0.6875 0.3895146 0.7332646 0.5 0.6875 0.6104854 0.7332646 0.5 0.6875 0.6104854 0.7332646 0.65625 0.84375 0.6104854 0.7332646 0.65625 0.84375 0.6104854 0.9542354 0.65625 0.84375 0.5 1 0.6104854 0.9542354 0.6104854 0.9542354 0.5 1 0.3895146 0.9542354 0.5 1 0.3895146 0.9542354 0.34375 0.84375 0.3895146 0.9542354 0.34375 0.84375 0.3895146 0.7332646 0.34375 0.84375 0.3895146 0.7332646 0.5 0.6875 0.3895146 0.7332646 0.6104854 0.7332646 0.5 0.6875 0.5 0.6875 0.65625 0.84375 0.6104854 0.7332646 0.6104854 0.7332646 0.6104854 0.9542354 0.65625 0.84375 0.65625 0.84375 0.5 1 0.6104854 0.9542354 0.6104854 0.9542354 0.5 1 0.3895146 0.9542354 0.5 1 0.3895146 0.9542354 0.34375 0.84375 0.3895146 0.9542354 0.34375 0.84375 0.3895146 0.7332646 0.34375 0.84375 0.3895146 0.7332646 0.5 0.6875 0.3895146 0.7332646 0.6104854 0.7332646 0.5 0.6875 0.5 0.6875 0.65625 0.84375 0.6104854 0.7332646 0.6104854 0.7332646 0.6104854 0.9542354 0.65625 0.84375 0.65625 0.84375 0.65625 0.84375 0.6104854 0.7332646 0.6104854 0.7332646 0.6104854 0.7332646 0.5 0.6875 0.5 0.6875 0.3895146 0.7332646 0.5 0.6875 0.3895146 0.7332646 0.34375 0.84375 0.3895146 0.7332646 0.34375 0.84375 0.3895146 0.9542354 0.34375 0.84375 0.3895146 0.9542354 0.5 1 0.3895146 0.9542354 0.5 1 0.5 1 0.6104854 0.9542354 0.6104854 0.9542354 0.6104854 0.9542354 0.65625 0.84375 0.65625 0.84375 0.6104854 0.7332646 0.65625 0.84375 0.6104854 0.7332646 0.5 0.6875 0.6104854 0.7332646 0.5 0.6875 0.5 0.6875 0.3895146 0.7332646 0.3895146 0.7332646 0.3895146 0.7332646 0.34375 0.84375 0.34375 0.84375 0.34375 0.84375 0.3895146 0.9542354 0.3895146 0.9542354 0.3895146 0.9542354 0.5 1 0.5 1 0.6104854 0.9542354 0.5 1 0.6104854 0.9542354 0.65625 0.84375 0.6104854 0.9542354 0.65625 0.84375 0.5 0.6875 0.6104854 0.7332646 0.5 0.6875 0.3895146 0.7332646 0.5 0.6875 0.3895146 0.7332646 0.34375 0.84375 0.3895146 0.7332646 0.34375 0.84375 0.34375 0.84375 0.3895146 0.9542354 0.3895146 0.9542354 0.3895146 0.9542354 0.5 1 0.5 1 0.5 1 0.6104854 0.9542354 0.6104854 0.9542354 0.6104854 0.9542354 0.65625 0.84375 0.65625 0.84375 0.6104854 0.7332646 0.65625 0.84375 0.6104854 0.7332646 0.375 0.3125 0.375 0.6884399 0.375 0.6884399 0.4375 0.3125 0.4375 0.6884399 0.4375 0.3125 0.6104854 0.04576456 0.65625 0.15625 0.6104854 0.04576456 0.6104854 0.2667354 0.65625 0.15625 0.65625 0.15625 0.5 0.3125 0.6104854 0.2667354 0.6104854 0.2667354 0.5 0.3125 0.3895146 0.2667354 0.5 0.3125 0.3895146 0.2667354 0.34375 0.15625 0.3895146 0.2667354 0.3895146 0.04576456 0.34375 0.15625 0.34375 0.15625 0.6104854 0.9542354 0.6104854 0.9542354 0.6104854 0.9542354 0.3895146 0.9542354 0.3895146 0.9542354 0.3895146 0.9542354 0.6104854 0.9542354 0.6104854 0.9542354 0.6104854 0.9542354 0.3895146 0.9542354 0.3895146 0.9542354 0.3895146 0.9542354 0.6104854 0.9542354 0.6104854 0.9542354 0.6104854 0.9542354 0.3895146 0.9542354 0.3895146 0.9542354 0.3895146 0.9542354 0.3895146 0.9542354 0.3895146 0.9542354 0.3895146 0.9542354 0.6104854 0.9542354 0.6104854 0.9542354 0.6104854 0.9542354 0.3895146 0.9542354 0.3895146 0.9542354 0.3895146 0.9542354 0.6104854 0.9542354 0.6104854 0.9542354 0.6104854 0.9542354 0.3895146 0.9542354 0.3895146 0.9542354 0.3895146 0.9542354 0.5 1 0.3895146 0.9542354 0.3895146 0.9542354 0.5 1 0.6104854 0.9542354 0.5 1 0.6104854 0.9542354 0.6104854 0.9542354 0.6104854 0.9542354 0.375 0.3125 0.40625 0.6884399 0.375 0.6884399 0.4375 0.3125 0.40625 0.6884399 0.40625 0.3125 0.46875 0.3125 0.4375 0.6884399 0.4375 0.3125 0.5 0.3125 0.46875 0.6884399 0.46875 0.3125 0.53125 0.3125 0.5 0.6884399 0.5 0.3125 0.53125 0.3125 0.5625 0.6884399 0.53125 0.6884399 0.5625 0.3125 0.59375 0.6884399 0.5625 0.6884399 0.59375 0.3125 0.625 0.6884399 0.59375 0.6884399 0.34375 0.15625 0.3895146 0.04576456 0.6104854 0.04576456 0.65625 0.84375 0.5 1 0.34375 0.84375 0.6104854 0.9542354 0.5 1 0.6104854 0.9542354 0.5 1 0.3895146 0.9542354 0.5 1 0.3895146 0.9542354 0.34375 0.84375 0.3895146 0.9542354 0.34375 0.84375 0.3895146 0.7332646 0.34375 0.84375 0.3895146 0.7332646 0.5 0.6875 0.3895146 0.7332646 0.6104854 0.7332646 0.5 0.6875 0.5 0.6875 0.65625 0.84375 0.6104854 0.7332646 0.6104854 0.7332646 0.6104854 0.9542354 0.65625 0.84375 0.65625 0.84375 0.5 1 0.6104854 0.9542354 0.6104854 0.9542354 0.5 1 0.3895146 0.9542354 0.5 1 0.3895146 0.9542354 0.34375 0.84375 0.3895146 0.9542354 0.34375 0.84375 0.3895146 0.7332646 0.34375 0.84375 0.3895146 0.7332646 0.5 0.6875 0.3895146 0.7332646 0.6104854 0.7332646 0.5 0.6875 0.5 0.6875 0.65625 0.84375 0.6104854 0.7332646 0.6104854 0.7332646 0.6104854 0.9542354 0.65625 0.84375 0.65625 0.84375 0.6104854 0.9542354 0.5 1 0.6104854 0.9542354 0.3895146 0.9542354 0.5 1 0.5 1 0.34375 0.84375 0.3895146 0.9542354 0.3895146 0.9542354 0.3895146 0.7332646 0.34375 0.84375 0.34375 0.84375 0.5 0.6875 0.3895146 0.7332646 0.3895146 0.7332646 0.5 0.6875 0.6104854 0.7332646 0.5 0.6875 0.6104854 0.7332646 0.65625 0.84375 0.6104854 0.7332646 0.65625 0.84375 0.6104854 0.9542354 0.65625 0.84375 0.6104854 0.7332646 0.65625 0.84375 0.6104854 0.7332646 0.5 0.6875 0.6104854 0.7332646 0.5 0.6875 0.5 0.6875 0.3895146 0.7332646 0.3895146 0.7332646 0.3895146 0.7332646 0.34375 0.84375 0.34375 0.84375 0.34375 0.84375 0.3895146 0.9542354 0.3895146 0.9542354 0.3895146 0.9542354 0.5 1 0.5 1 0.6104854 0.9542354 0.5 1 0.6104854 0.9542354 0.65625 0.84375 0.6104854 0.9542354 0.65625 0.84375 0.5 0.6875 0.6104854 0.7332646 0.5 0.6875 0.5 0.6875 0.3895146 0.7332646 0.3895146 0.7332646 0.3895146 0.7332646 0.34375 0.84375 0.34375 0.84375 0.34375 0.84375 0.3895146 0.9542354 0.3895146 0.9542354 0.3895146 0.9542354 0.5 1 0.5 1 0.6104854 0.9542354 0.5 1 0.6104854 0.9542354 0.65625 0.84375 0.6104854 0.9542354 0.65625 0.84375 0.6104854 0.7332646 0.65625 0.84375 0.6104854 0.7332646 0.6104854 0.7332646 0.65625 0.84375 0.6104854 0.7332646 0.5 0.6875 0.6104854 0.7332646 0.5 0.6875 0.5 0.6875 0.3895146 0.7332646 0.3895146 0.7332646 0.3895146 0.7332646 0.34375 0.84375 0.34375 0.84375 0.34375 0.84375 0.3895146 0.9542354 0.3895146 0.9542354 0.3895146 0.9542354 0.5 1 0.5 1 0.6104854 0.9542354 0.5 1 0.6104854 0.9542354 0.65625 0.84375 0.6104854 0.9542354 0.65625 0.84375 0.5 0.3125 0.5 0.6884399 0.5 0.6884399 0.5625 0.3125 0.5625 0.6884399 0.5625 0.3125 0.6104854 0.04576456 0.65625 0.15625 0.6104854 0.04576456 0.65625 0.15625 0.6104854 0.2667354 0.65625 0.15625 0.34375 0.15625 0.3895146 0.2667354 0.3895146 0.2667354 0.3895146 0.04576456 0.34375 0.15625 0.34375 0.15625 0.5 0 0.3895146 0.04576456 0.3895146 0.04576456 0.5 0 0.6104854 0.04576456 0.5 0 0.6104854 0.9542354 0.5 1 0.6104854 0.9542354 0.3895146 0.9542354 0.5 1 0.5 1 0.34375 0.84375 0.3895146 0.9542354 0.3895146 0.9542354 0.34375 0.84375 0.3895146 0.7332646 0.34375 0.84375 0.65625 0.84375 0.6104854 0.7332646 0.6104854 0.7332646 0.65625 0.84375 0.6104854 0.9542354 0.65625 0.84375 0.3895146 0.7332646 0.3895146 0.7332646 0.3895146 0.7332646 0.6104854 0.7332646 0.6104854 0.7332646 0.6104854 0.7332646 0.3895146 0.7332646 0.3895146 0.7332646 0.3895146 0.7332646 0.6104854 0.7332646 0.6104854 0.7332646 0.6104854 0.7332646 0.3895146 0.7332646 0.3895146 0.7332646 0.3895146 0.7332646 0.6104854 0.7332646 0.6104854 0.7332646 0.6104854 0.7332646 0.6104854 0.7332646 0.6104854 0.7332646 0.6104854 0.7332646 0.3895146 0.7332646 0.3895146 0.7332646 0.3895146 0.7332646 0.6104854 0.7332646 0.6104854 0.7332646 0.6104854 0.7332646 0.3895146 0.7332646 0.3895146 0.7332646 0.3895146 0.7332646 0.6104854 0.7332646 0.6104854 0.7332646 0.6104854 0.7332646 0.3895146 0.7332646 0.3895146 0.7332646 0.3895146 0.7332646 0.375 0.3125 0.40625 0.6884399 0.375 0.6884399 0.4375 0.3125 0.40625 0.6884399 0.40625 0.3125 0.46875 0.3125 0.4375 0.6884399 0.4375 0.3125 0.5 0.3125 0.46875 0.6884399 0.46875 0.3125 0.53125 0.3125 0.5 0.6884399 0.5 0.3125 0.53125 0.3125 0.5625 0.6884399 0.53125 0.6884399 0.5625 0.3125 0.59375 0.6884399 0.5625 0.6884399 0.59375 0.3125 0.625 0.6884399 0.59375 0.6884399 0.34375 0.15625 0.3895146 0.04576456 0.6104854 0.04576456 0.65625 0.84375 0.3895146 0.7332646 0.6104854 0.7332646 0.6104854 0.9542354 0.5 1 0.6104854 0.9542354 0.5 1 0.3895146 0.9542354 0.5 1 0.3895146 0.9542354 0.34375 0.84375 0.3895146 0.9542354 0.34375 0.84375 0.3895146 0.7332646 0.34375 0.84375 0.3895146 0.7332646 0.5 0.6875 0.3895146 0.7332646 0.6104854 0.7332646 0.5 0.6875 0.5 0.6875 0.65625 0.84375 0.6104854 0.7332646 0.6104854 0.7332646 0.6104854 0.9542354 0.65625 0.84375 0.65625 0.84375 0.5 1 0.6104854 0.9542354 0.6104854 0.9542354 0.5 1 0.3895146 0.9542354 0.5 1 0.3895146 0.9542354 0.34375 0.84375 0.3895146 0.9542354 0.34375 0.84375 0.3895146 0.7332646 0.34375 0.84375 0.3895146 0.7332646 0.5 0.6875 0.3895146 0.7332646 0.6104854 0.7332646 0.5 0.6875 0.5 0.6875 0.65625 0.84375 0.6104854 0.7332646 0.6104854 0.7332646 0.6104854 0.9542354 0.65625 0.84375 0.65625 0.84375 0.6104854 0.9542354 0.5 1 0.6104854 0.9542354 0.3895146 0.9542354 0.5 1 0.5 1 0.34375 0.84375 0.3895146 0.9542354 0.3895146 0.9542354 0.3895146 0.7332646 0.34375 0.84375 0.34375 0.84375 0.5 0.6875 0.3895146 0.7332646 0.3895146 0.7332646 0.5 0.6875 0.6104854 0.7332646 0.5 0.6875 0.6104854 0.7332646 0.65625 0.84375 0.6104854 0.7332646 0.65625 0.84375 0.6104854 0.9542354 0.65625 0.84375 0.6104854 0.7332646 0.65625 0.84375 0.6104854 0.7332646 0.5 0.6875 0.6104854 0.7332646 0.5 0.6875 0.5 0.6875 0.3895146 0.7332646 0.3895146 0.7332646 0.3895146 0.7332646 0.34375 0.84375 0.34375 0.84375 0.34375 0.84375 0.3895146 0.9542354 0.3895146 0.9542354 0.3895146 0.9542354 0.5 1 0.5 1 0.6104854 0.9542354 0.5 1 0.6104854 0.9542354 0.65625 0.84375 0.6104854 0.9542354 0.65625 0.84375 0.5 0.6875 0.6104854 0.7332646 0.5 0.6875 0.5 0.6875 0.3895146 0.7332646 0.3895146 0.7332646 0.3895146 0.7332646 0.34375 0.84375 0.34375 0.84375 0.34375 0.84375 0.3895146 0.9542354 0.3895146 0.9542354 0.3895146 0.9542354 0.5 1 0.5 1 0.6104854 0.9542354 0.5 1 0.6104854 0.9542354 0.65625 0.84375 0.6104854 0.9542354 0.65625 0.84375 0.6104854 0.7332646 0.65625 0.84375 0.6104854 0.7332646 0.6104854 0.7332646 0.65625 0.84375 0.6104854 0.7332646 0.5 0.6875 0.6104854 0.7332646 0.5 0.6875 0.5 0.6875 0.3895146 0.7332646 0.3895146 0.7332646 0.3895146 0.7332646 0.34375 0.84375 0.34375 0.84375 0.34375 0.84375 0.3895146 0.9542354 0.3895146 0.9542354 0.3895146 0.9542354 0.5 1 0.5 1 0.6104854 0.9542354 0.5 1 0.6104854 0.9542354 0.65625 0.84375 0.6104854 0.9542354 0.65625 0.84375 0.53125 0.3125 0.53125 0.6884399 0.53125 0.6884399 0.59375 0.3125 0.59375 0.6884399 0.59375 0.3125 0.65625 0.15625 0.6104854 0.04576456 0.6104854 0.04576456 0.5 0.3125 0.3895146 0.2667354 0.5 0.3125 0.34375 0.15625 0.3895146 0.2667354 0.3895146 0.2667354 0.3895146 0.04576456 0.34375 0.15625 0.34375 0.15625 0.5 0 0.3895146 0.04576456 0.3895146 0.04576456 0.5 0 0.6104854 0.04576456 0.5 0 0.5 0.6875 0.5 0.6875 0.5 0.6875 0.65625 0.84375 0.65625 0.84375 0.65625 0.84375 0.5 0.6875 0.5 0.6875 0.5 0.6875 0.65625 0.84375 0.65625 0.84375 0.65625 0.84375 0.5 0.6875 0.6104854 0.7332646 0.6104854 0.7332646 0.5 0.6875 0.5 0.6875 0.5 0.6875 0.65625 0.84375 0.65625 0.84375 0.65625 0.84375 0.6104854 0.7332646 0.65625 0.84375 0.65625 0.84375 0.65625 0.84375 0.65625 0.84375 0.65625 0.84375 0.5 0.6875 0.5 0.6875 0.5 0.6875 0.5 0.6875 0.5 0.6875 0.5 0.6875 0.65625 0.84375 0.65625 0.84375 0.65625 0.84375 0.65625 0.84375 0.65625 0.84375 0.65625 0.84375 0.5 0.6875 0.5 0.6875 0.5 0.6875 0.40625 0.3125 0.375 0.6884399 0.375 0.3125 0.40625 0.3125 0.4375 0.6884399 0.40625 0.6884399 0.4375 0.3125 0.46875 0.6884399 0.4375 0.6884399 0.46875 0.3125 0.5 0.6884399 0.46875 0.6884399 0.5 0.3125 0.53125 0.6884399 0.5 0.6884399 0.53125 0.3125 0.5625 0.6884399 0.53125 0.6884399 0.59375 0.3125 0.5625 0.6884399 0.5625 0.3125 0.625 0.3125 0.59375 0.6884399 0.59375 0.3125 0.34375 0.15625 0.3895146 0.04576456 0.5 0 0.5 0.6875 0.6104854 0.7332646 0.65625 0.84375 0.5 1 0.6104854 0.9542354 0.6104854 0.9542354 0.5 1 0.3895146 0.9542354 0.5 1 0.3895146 0.9542354 0.34375 0.84375 0.3895146 0.9542354 0.34375 0.84375 0.3895146 0.7332646 0.34375 0.84375 0.3895146 0.7332646 0.5 0.6875 0.3895146 0.7332646 0.6104854 0.7332646 0.5 0.6875 0.5 0.6875 0.65625 0.84375 0.6104854 0.7332646 0.6104854 0.7332646 0.6104854 0.9542354 0.65625 0.84375 0.65625 0.84375 0.5 1 0.6104854 0.9542354 0.6104854 0.9542354 0.3895146 0.9542354 0.5 1 0.5 1 0.34375 0.84375 0.3895146 0.9542354 0.3895146 0.9542354 0.34375 0.84375 0.3895146 0.7332646 0.34375 0.84375 0.3895146 0.7332646 0.5 0.6875 0.3895146 0.7332646 0.5 0.6875 0.6104854 0.7332646 0.5 0.6875 0.6104854 0.7332646 0.65625 0.84375 0.6104854 0.7332646 0.6104854 0.9542354 0.65625 0.84375 0.65625 0.84375 0.5 1 0.6104854 0.9542354 0.6104854 0.9542354 0.5 1 0.3895146 0.9542354 0.5 1 0.3895146 0.9542354 0.34375 0.84375 0.3895146 0.9542354 0.34375 0.84375 0.3895146 0.7332646 0.34375 0.84375 0.3895146 0.7332646 0.5 0.6875 0.3895146 0.7332646 0.5 0.6875 0.6104854 0.7332646 0.5 0.6875 0.65625 0.84375 0.6104854 0.7332646 0.6104854 0.7332646 0.6104854 0.9542354 0.65625 0.84375 0.65625 0.84375 0.40625 0.3125 0.40625 0.6884399 0.40625 0.6884399 0.46875 0.3125 0.46875 0.6884399 0.46875 0.3125 0.65625 0.15625 0.6104854 0.04576456 0.6104854 0.04576456 0.6104854 0.2667354 0.65625 0.15625 0.65625 0.15625 0.6104854 0.2667354 0.5 0.3125 0.6104854 0.2667354 0.5 0.3125 0.3895146 0.2667354 0.5 0.3125 0.34375 0.15625 0.3895146 0.2667354 0.3895146 0.2667354 0.5 0 0.6104854 0.04576456 0.5 0 0.5 1 0.5 1 0.5 1 0.34375 0.84375 0.34375 0.84375 0.34375 0.84375 0.5 1 0.5 1 0.5 1 0.34375 0.84375 0.34375 0.84375 0.34375 0.84375 0.3895146 0.9542354 0.5 1 0.3895146 0.9542354 0.5 1 0.5 1 0.5 1 0.34375 0.84375 0.34375 0.84375 0.34375 0.84375 0.3895146 0.9542354 0.34375 0.84375 0.34375 0.84375 0.375 0.3125 0.40625 0.3125 0.40625 0.6884399 0.40625 0.3125 0.4375 0.3125 0.4375 0.6884399 0.46875 0.3125 0.46875 0.6884399 0.4375 0.6884399 0.5 0.3125 0.5 0.6884399 0.46875 0.6884399 0.53125 0.3125 0.53125 0.6884399 0.5 0.6884399 0.5625 0.3125 0.5625 0.6884399 0.53125 0.6884399 0.5625 0.3125 0.59375 0.3125 0.59375 0.6884399 0.59375 0.3125 0.625 0.3125 0.625 0.6884399 0.5 0 0.6104854 0.04576456 0.3895146 0.2667354 0.6104854 0.04576456 0.65625 0.15625 0.5 0.3125 0.65625 0.15625 0.6104854 0.2667354 0.5 0.3125 0.5 0.3125 0.3895146 0.2667354 0.6104854 0.04576456 0.3895146 0.2667354 0.34375 0.15625 0.5 0 0.65625 0.84375 0.6104854 0.9542354 0.6104854 0.7332646 0.6104854 0.9542354 0.5 1 0.6104854 0.7332646 0.5 1 0.3895146 0.9542354 0.5 0.6875 0.3895146 0.9542354 0.34375 0.84375 0.3895146 0.7332646 0.5 0.6875 0.3895146 0.9542354 0.3895146 0.7332646 0.6104854 0.9542354 0.5 1 0.5 1 0.5 1 0.3895146 0.9542354 0.3895146 0.9542354 0.3895146 0.9542354 0.34375 0.84375 0.34375 0.84375 0.34375 0.84375 0.3895146 0.7332646 0.3895146 0.7332646 0.5 0.6875 0.5 0.6875 0.3895146 0.7332646 0.6104854 0.7332646 0.6104854 0.7332646 0.5 0.6875 0.65625 0.84375 0.65625 0.84375 0.6104854 0.7332646 0.6104854 0.9542354 0.6104854 0.9542354 0.65625 0.84375 0.6104854 0.9542354 0.5 1 0.5 1 0.5 1 0.3895146 0.9542354 0.3895146 0.9542354 0.3895146 0.9542354 0.34375 0.84375 0.34375 0.84375 0.34375 0.84375 0.3895146 0.7332646 0.3895146 0.7332646 0.5 0.6875 0.5 0.6875 0.3895146 0.7332646 0.6104854 0.7332646 0.6104854 0.7332646 0.5 0.6875 0.65625 0.84375 0.65625 0.84375 0.6104854 0.7332646 0.6104854 0.9542354 0.6104854 0.9542354 0.65625 0.84375 0.6104854 0.9542354 0.5 1 0.5 1 0.5 1 0.3895146 0.9542354 0.3895146 0.9542354 0.3895146 0.9542354 0.34375 0.84375 0.34375 0.84375 0.3895146 0.7332646 0.3895146 0.7332646 0.34375 0.84375 0.5 0.6875 0.5 0.6875 0.3895146 0.7332646 0.6104854 0.7332646 0.6104854 0.7332646 0.5 0.6875 0.65625 0.84375 0.65625 0.84375 0.6104854 0.7332646 0.65625 0.84375 0.6104854 0.9542354 0.6104854 0.9542354 0.65625 0.84375 0.65625 0.84375 0.6104854 0.7332646 0.6104854 0.7332646 0.6104854 0.7332646 0.5 0.6875 0.5 0.6875 0.5 0.6875 0.3895146 0.7332646 0.34375 0.84375 0.3895146 0.7332646 0.3895146 0.7332646 0.3895146 0.9542354 0.34375 0.84375 0.34375 0.84375 0.5 1 0.3895146 0.9542354 0.3895146 0.9542354 0.6104854 0.9542354 0.5 1 0.5 1 0.6104854 0.9542354 0.6104854 0.9542354 0.65625 0.84375 0.53125 0.3125 0.53125 0.3125 0.53125 0.6884399 0.59375 0.3125 0.59375 0.6884399 0.59375 0.6884399 0.65625 0.15625 0.65625 0.15625 0.6104854 0.04576456 0.5 0.3125 0.3895146 0.2667354 0.3895146 0.2667354 0.34375 0.15625 0.34375 0.15625 0.3895146 0.2667354 0.3895146 0.04576456 0.3895146 0.04576456 0.34375 0.15625 0.3895146 0.04576456 0.5 0 0.5 0 0.5 0 0.6104854 0.04576456 0.6104854 0.04576456 0.5 0.6875 0.5 0.6875 0.5 0.6875 0.65625 0.84375 0.65625 0.84375 0.65625 0.84375 0.5 0.6875 0.5 0.6875 0.5 0.6875 0.65625 0.84375 0.65625 0.84375 0.65625 0.84375 0.6104854 0.7332646 0.5 0.6875 0.5 0.6875 0.5 0.6875 0.5 0.6875 0.5 0.6875 0.65625 0.84375 0.65625 0.84375 0.65625 0.84375 0.65625 0.84375 0.6104854 0.7332646 0.6104854 0.7332646 0.65625 0.84375 0.65625 0.84375 0.65625 0.84375 0.5 0.6875 0.5 0.6875 0.5 0.6875 0.375 0.3125 0.40625 0.3125 0.40625 0.6884399 0.4375 0.3125 0.4375 0.6884399 0.40625 0.6884399 0.46875 0.3125 0.46875 0.6884399 0.4375 0.6884399 0.5 0.3125 0.5 0.6884399 0.46875 0.6884399 0.53125 0.3125 0.53125 0.6884399 0.5 0.6884399 0.53125 0.3125 0.5625 0.3125 0.5625 0.6884399 0.5625 0.3125 0.59375 0.3125 0.59375 0.6884399 0.59375 0.3125 0.625 0.3125 0.625 0.6884399 0.5 0 0.6104854 0.04576456 0.3895146 0.04576456 0.6104854 0.04576456 0.65625 0.15625 0.34375 0.15625 0.65625 0.15625 0.6104854 0.2667354 0.3895146 0.2667354 0.6104854 0.2667354 0.5 0.3125 0.3895146 0.2667354 0.3895146 0.2667354 0.34375 0.15625 0.65625 0.15625 0.65625 0.84375 0.6104854 0.9542354 0.34375 0.84375 0.6104854 0.9542354 0.5 1 0.3895146 0.9542354 0.34375 0.84375 0.6104854 0.9542354 0.3895146 0.9542354 0.34375 0.84375 0.3895146 0.7332646 0.65625 0.84375 0.3895146 0.7332646 0.5 0.6875 0.6104854 0.7332646 0.5 1 0.5 1 0.6104854 0.9542354 0.5 1 0.3895146 0.9542354 0.3895146 0.9542354 0.3895146 0.9542354 0.34375 0.84375 0.34375 0.84375 0.34375 0.84375 0.3895146 0.7332646 0.3895146 0.7332646 0.3895146 0.7332646 0.5 0.6875 0.5 0.6875 0.6104854 0.7332646 0.6104854 0.7332646 0.5 0.6875 0.65625 0.84375 0.65625 0.84375 0.6104854 0.7332646 0.6104854 0.9542354 0.6104854 0.9542354 0.65625 0.84375 0.6104854 0.9542354 0.5 1 0.5 1 0.3895146 0.9542354 0.3895146 0.9542354 0.5 1 0.34375 0.84375 0.34375 0.84375 0.3895146 0.9542354 0.3895146 0.7332646 0.3895146 0.7332646 0.34375 0.84375 0.5 0.6875 0.5 0.6875 0.3895146 0.7332646 0.5 0.6875 0.6104854 0.7332646 0.6104854 0.7332646 0.6104854 0.7332646 0.65625 0.84375 0.65625 0.84375 0.65625 0.84375 0.6104854 0.9542354 0.6104854 0.9542354 0.6104854 0.9542354 0.5 1 0.5 1 0.3895146 0.9542354 0.3895146 0.9542354 0.5 1 0.34375 0.84375 0.34375 0.84375 0.3895146 0.9542354 0.3895146 0.7332646 0.3895146 0.7332646 0.34375 0.84375 0.5 0.6875 0.5 0.6875 0.3895146 0.7332646 0.5 0.6875 0.6104854 0.7332646 0.6104854 0.7332646 0.6104854 0.7332646 0.65625 0.84375 0.65625 0.84375 0.65625 0.84375 0.6104854 0.9542354 0.6104854 0.9542354 0.6104854 0.7332646 0.65625 0.84375 0.65625 0.84375 0.6104854 0.7332646 0.6104854 0.7332646 0.5 0.6875 0.5 0.6875 0.5 0.6875 0.3895146 0.7332646 0.3895146 0.7332646 0.3895146 0.7332646 0.34375 0.84375 0.34375 0.84375 0.34375 0.84375 0.3895146 0.9542354 0.5 1 0.3895146 0.9542354 0.3895146 0.9542354 0.6104854 0.9542354 0.5 1 0.5 1 0.65625 0.84375 0.6104854 0.9542354 0.6104854 0.9542354 0.5 0.3125 0.5 0.3125 0.5 0.6884399 0.5625 0.3125 0.5625 0.6884399 0.5625 0.6884399 0.6104854 0.04576456 0.65625 0.15625 0.65625 0.15625 0.6104854 0.2667354 0.6104854 0.2667354 0.65625 0.15625 0.3895146 0.2667354 0.34375 0.15625 0.34375 0.15625 0.3895146 0.04576456 0.3895146 0.04576456 0.34375 0.15625 0.5 0 0.5 0 0.3895146 0.04576456 0.5 0 0.6104854 0.04576456 0.6104854 0.04576456 0.6104854 0.9542354 0.5 1 0.5 1 0.3895146 0.9542354 0.3895146 0.9542354 0.5 1 0.34375 0.84375 0.34375 0.84375 0.3895146 0.9542354 0.3895146 0.7332646 0.3895146 0.7332646 0.34375 0.84375 0.6104854 0.7332646 0.65625 0.84375 0.65625 0.84375 0.65625 0.84375 0.6104854 0.9542354 0.6104854 0.9542354 0.3895146 0.7332646 0.3895146 0.7332646 0.3895146 0.7332646 0.6104854 0.7332646 0.6104854 0.7332646 0.6104854 0.7332646 0.3895146 0.7332646 0.3895146 0.7332646 0.3895146 0.7332646 0.6104854 0.7332646 0.6104854 0.7332646 0.6104854 0.7332646 0.3895146 0.7332646 0.3895146 0.7332646 0.3895146 0.7332646 0.6104854 0.7332646 0.6104854 0.7332646 0.6104854 0.7332646 0.6104854 0.7332646 0.6104854 0.7332646 0.6104854 0.7332646 0.3895146 0.7332646 0.3895146 0.7332646 0.3895146 0.7332646 0.375 0.3125 0.40625 0.3125 0.40625 0.6884399 0.4375 0.3125 0.4375 0.6884399 0.40625 0.6884399 0.46875 0.3125 0.46875 0.6884399 0.4375 0.6884399 0.5 0.3125 0.5 0.6884399 0.46875 0.6884399 0.5 0.3125 0.53125 0.3125 0.53125 0.6884399 0.53125 0.3125 0.5625 0.3125 0.5625 0.6884399 0.5625 0.3125 0.59375 0.3125 0.59375 0.6884399 0.59375 0.3125 0.625 0.3125 0.625 0.6884399 0.5 0 0.6104854 0.04576456 0.65625 0.15625 0.65625 0.15625 0.6104854 0.2667354 0.34375 0.15625 0.6104854 0.2667354 0.5 0.3125 0.3895146 0.2667354 0.34375 0.15625 0.6104854 0.2667354 0.3895146 0.2667354 0.34375 0.15625 0.3895146 0.04576456 0.65625 0.15625 0.65625 0.84375 0.6104854 0.9542354 0.5 1 0.5 1 0.3895146 0.9542354 0.34375 0.84375 0.34375 0.84375 0.3895146 0.7332646 0.65625 0.84375 0.3895146 0.7332646 0.5 0.6875 0.6104854 0.7332646 0.65625 0.84375 0.3895146 0.7332646 0.6104854 0.7332646 0.5 1 0.5 1 0.6104854 0.9542354 0.3895146 0.9542354 0.3895146 0.9542354 0.5 1 0.3895146 0.9542354 0.34375 0.84375 0.34375 0.84375 0.34375 0.84375 0.3895146 0.7332646 0.3895146 0.7332646 0.3895146 0.7332646 0.5 0.6875 0.5 0.6875 0.5 0.6875 0.6104854 0.7332646 0.6104854 0.7332646 0.65625 0.84375 0.65625 0.84375 0.6104854 0.7332646 0.6104854 0.9542354 0.6104854 0.9542354 0.65625 0.84375 0.5 1 0.5 1 0.6104854 0.9542354 0.5 1 0.3895146 0.9542354 0.3895146 0.9542354 0.3895146 0.9542354 0.34375 0.84375 0.34375 0.84375 0.34375 0.84375 0.3895146 0.7332646 0.3895146 0.7332646 0.3895146 0.7332646 0.5 0.6875 0.5 0.6875 0.6104854 0.7332646 0.6104854 0.7332646 0.5 0.6875 0.65625 0.84375 0.65625 0.84375 0.6104854 0.7332646 0.6104854 0.9542354 0.6104854 0.9542354 0.65625 0.84375 0.5 1 0.5 1 0.6104854 0.9542354 0.3895146 0.9542354 0.3895146 0.9542354 0.5 1 0.34375 0.84375 0.34375 0.84375 0.3895146 0.9542354 0.34375 0.84375 0.3895146 0.7332646 0.3895146 0.7332646 0.5 0.6875 0.5 0.6875 0.3895146 0.7332646 0.5 0.6875 0.6104854 0.7332646 0.6104854 0.7332646 0.6104854 0.7332646 0.65625 0.84375 0.65625 0.84375 0.6104854 0.9542354 0.6104854 0.9542354 0.65625 0.84375 0.6104854 0.7332646 0.65625 0.84375 0.65625 0.84375 0.5 0.6875 0.6104854 0.7332646 0.6104854 0.7332646 0.3895146 0.7332646 0.5 0.6875 0.5 0.6875 0.34375 0.84375 0.3895146 0.7332646 0.3895146 0.7332646 0.34375 0.84375 0.34375 0.84375 0.3895146 0.9542354 0.3895146 0.9542354 0.3895146 0.9542354 0.5 1 0.5 1 0.5 1 0.6104854 0.9542354 0.6104854 0.9542354 0.6104854 0.9542354 0.65625 0.84375 0.5 0.3125 0.5 0.3125 0.5 0.6884399 0.5625 0.3125 0.5625 0.6884399 0.5625 0.6884399 0.6104854 0.04576456 0.65625 0.15625 0.65625 0.15625 0.65625 0.15625 0.6104854 0.2667354 0.6104854 0.2667354 0.3895146 0.2667354 0.34375 0.15625 0.34375 0.15625 0.3895146 0.04576456 0.3895146 0.04576456 0.34375 0.15625 0.5 0 0.5 0 0.3895146 0.04576456 0.5 0 0.6104854 0.04576456 0.6104854 0.04576456 0.5 1 0.5 1 0.6104854 0.9542354 0.3895146 0.9542354 0.3895146 0.9542354 0.5 1 0.34375 0.84375 0.34375 0.84375 0.3895146 0.9542354 0.34375 0.84375 0.3895146 0.7332646 0.3895146 0.7332646 0.65625 0.84375 0.65625 0.84375 0.6104854 0.7332646 0.6104854 0.9542354 0.6104854 0.9542354 0.65625 0.84375 0.3895146 0.7332646 0.3895146 0.7332646 0.3895146 0.7332646 0.6104854 0.7332646 0.6104854 0.7332646 0.6104854 0.7332646 0.3895146 0.7332646 0.3895146 0.7332646 0.3895146 0.7332646 0.6104854 0.7332646 0.6104854 0.7332646 0.6104854 0.7332646 0.3895146 0.7332646 0.3895146 0.7332646 0.3895146 0.7332646 0.6104854 0.7332646 0.6104854 0.7332646 0.6104854 0.7332646 0.6104854 0.7332646 0.6104854 0.7332646 0.6104854 0.7332646 0.3895146 0.7332646 0.3895146 0.7332646 0.3895146 0.7332646 0.375 0.3125 0.40625 0.3125 0.40625 0.6884399 0.4375 0.3125 0.4375 0.6884399 0.40625 0.6884399 0.46875 0.3125 0.46875 0.6884399 0.4375 0.6884399 0.5 0.3125 0.5 0.6884399 0.46875 0.6884399 0.53125 0.3125 0.53125 0.6884399 0.5 0.6884399 0.53125 0.3125 0.5625 0.3125 0.5625 0.6884399 0.5625 0.3125 0.59375 0.3125 0.59375 0.6884399 0.59375 0.3125 0.625 0.3125 0.625 0.6884399 0.5 0 0.6104854 0.04576456 0.3895146 0.04576456 0.6104854 0.04576456 0.65625 0.15625 0.3895146 0.04576456 0.65625 0.15625 0.6104854 0.2667354 0.34375 0.15625 0.6104854 0.2667354 0.5 0.3125 0.3895146 0.2667354 0.34375 0.15625 0.6104854 0.2667354 0.3895146 0.2667354 0.65625 0.84375 0.6104854 0.9542354 0.3895146 0.9542354 0.6104854 0.9542354 0.5 1 0.3895146 0.9542354 0.3895146 0.9542354 0.34375 0.84375 0.65625 0.84375 0.34375 0.84375 0.3895146 0.7332646 0.6104854 0.7332646 0.3895146 0.7332646 0.5 0.6875 0.6104854 0.7332646 0.5 1 0.5 1 0.6104854 0.9542354 0.5 1 0.3895146 0.9542354 0.3895146 0.9542354 0.3895146 0.9542354 0.34375 0.84375 0.34375 0.84375 0.34375 0.84375 0.3895146 0.7332646 0.3895146 0.7332646 0.3895146 0.7332646 0.5 0.6875 0.5 0.6875 0.6104854 0.7332646 0.6104854 0.7332646 0.5 0.6875 0.65625 0.84375 0.65625 0.84375 0.6104854 0.7332646 0.6104854 0.9542354 0.6104854 0.9542354 0.65625 0.84375 0.6104854 0.9542354 0.5 1 0.5 1 0.3895146 0.9542354 0.3895146 0.9542354 0.5 1 0.34375 0.84375 0.34375 0.84375 0.3895146 0.9542354 0.3895146 0.7332646 0.3895146 0.7332646 0.34375 0.84375 0.5 0.6875 0.5 0.6875 0.3895146 0.7332646 0.5 0.6875 0.6104854 0.7332646 0.6104854 0.7332646 0.6104854 0.7332646 0.65625 0.84375 0.65625 0.84375 0.65625 0.84375 0.6104854 0.9542354 0.6104854 0.9542354 0.6104854 0.9542354 0.5 1 0.5 1 0.3895146 0.9542354 0.3895146 0.9542354 0.5 1 0.34375 0.84375 0.34375 0.84375 0.3895146 0.9542354 0.3895146 0.7332646 0.3895146 0.7332646 0.34375 0.84375 0.5 0.6875 0.5 0.6875 0.3895146 0.7332646 0.5 0.6875 0.6104854 0.7332646 0.6104854 0.7332646 0.6104854 0.7332646 0.65625 0.84375 0.65625 0.84375 0.65625 0.84375 0.6104854 0.9542354 0.6104854 0.9542354 0.6104854 0.7332646 0.65625 0.84375 0.65625 0.84375 0.5 0.6875 0.6104854 0.7332646 0.6104854 0.7332646 0.5 0.6875 0.5 0.6875 0.3895146 0.7332646 0.3895146 0.7332646 0.3895146 0.7332646 0.34375 0.84375 0.34375 0.84375 0.34375 0.84375 0.3895146 0.9542354 0.3895146 0.9542354 0.3895146 0.9542354 0.5 1 0.6104854 0.9542354 0.5 1 0.5 1 0.65625 0.84375 0.6104854 0.9542354 0.6104854 0.9542354 0.5 0.3125 0.5 0.3125 0.5 0.6884399 0.5625 0.3125 0.5625 0.6884399 0.5625 0.6884399 0.6104854 0.04576456 0.65625 0.15625 0.65625 0.15625 0.6104854 0.2667354 0.6104854 0.2667354 0.65625 0.15625 0.3895146 0.2667354 0.34375 0.15625 0.34375 0.15625 0.3895146 0.04576456 0.3895146 0.04576456 0.34375 0.15625 0.5 0 0.5 0 0.3895146 0.04576456 0.5 0 0.6104854 0.04576456 0.6104854 0.04576456 0.3895146 0.7332646 0.3895146 0.7332646 0.3895146 0.7332646 0.6104854 0.7332646 0.6104854 0.7332646 0.6104854 0.7332646 0.3895146 0.7332646 0.3895146 0.7332646 0.3895146 0.7332646 0.6104854 0.7332646 0.6104854 0.7332646 0.6104854 0.7332646 0.5 0.6875 0.3895146 0.7332646 0.3895146 0.7332646 0.3895146 0.7332646 0.3895146 0.7332646 0.3895146 0.7332646 0.6104854 0.7332646 0.6104854 0.7332646 0.6104854 0.7332646 0.5 0.6875 0.5 0.6875 0.6104854 0.7332646 0.6104854 0.7332646 0.6104854 0.7332646 0.6104854 0.7332646 0.3895146 0.7332646 0.3895146 0.7332646 0.3895146 0.7332646 0.40625 0.3125 0.40625 0.3398284 0.375 0.3398284 0.4375 0.3125 0.4375 0.3398284 0.40625 0.3398284 0.4375 0.3125 0.46875 0.3125 0.46875 0.3398284 0.46875 0.3125 0.5 0.3125 0.5 0.3398284 0.5 0.3125 0.53125 0.3125 0.53125 0.3398284 0.53125 0.3125 0.5625 0.3125 0.5625 0.3398284 0.5625 0.3125 0.59375 0.3125 0.59375 0.3398284 0.625 0.3125 0.625 0.3398284 0.59375 0.3398284 0.5 1 0.5 1 0.6104854 0.9542354 0.5 1 0.3895146 0.9542354 0.3895146 0.9542354 0.3895146 0.9542354 0.34375 0.84375 0.34375 0.84375 0.34375 0.84375 0.3895146 0.7332646 0.3895146 0.7332646 0.3895146 0.7332646 0.5 0.6875 0.5 0.6875 0.6104854 0.7332646 0.6104854 0.7332646 0.5 0.6875 0.65625 0.84375 0.65625 0.84375 0.6104854 0.7332646 0.6104854 0.9542354 0.6104854 0.9542354 0.65625 0.84375 0.59375 0.4382487 0.59375 0.5637217 0.5625 0.5637217 0.5625 0.4382487 0.5625 0.5637217 0.53125 0.5637217 0.5 0.4382487 0.53125 0.4382487 0.53125 0.5637217 0.46875 0.4382487 0.5 0.4382487 0.5 0.5637217 0.4375 0.4382487 0.46875 0.4382487 0.46875 0.5637217 0.40625 0.4382487 0.4375 0.4382487 0.4375 0.5637217 0.40625 0.4382487 0.40625 0.5637217 0.375 0.5637217 0.625 0.4382487 0.625 0.5637217 0.59375 0.5637217 0.59375 0.5637217 0.59375 0.6884399 0.5625 0.6884399 0.53125 0.5637217 0.5625 0.5637217 0.5625 0.6884399 0.5 0.5637217 0.53125 0.5637217 0.53125 0.6884399 0.46875 0.5637217 0.5 0.5637217 0.5 0.6884399 0.4375 0.5637217 0.46875 0.5637217 0.46875 0.6884399 0.4375 0.5637217 0.4375 0.6884399 0.40625 0.6884399 0.40625 0.5637217 0.40625 0.6884399 0.375 0.6884399 0.625 0.5637217 0.625 0.6884399 0.59375 0.6884399 0.34375 0.84375 0.3895146 0.7332646 0.3895146 0.7332646 0.34375 0.84375 0.34375 0.84375 0.3895146 0.9542354 0.3895146 0.9542354 0.3895146 0.9542354 0.5 1 0.5 1 0.5 1 0.6104854 0.9542354 0.6104854 0.9542354 0.6104854 0.9542354 0.65625 0.84375 0.6104854 0.7332646 0.65625 0.84375 0.65625 0.84375 0.5 0.6875 0.6104854 0.7332646 0.6104854 0.7332646 0.3895146 0.7332646 0.5 0.6875 0.5 0.6875 0.5 1 0.3895146 0.9542354 0.3895146 0.9542354 0.3895146 0.9542354 0.3895146 0.9542354 0.3895146 0.9542354 0.5 1 0.5 1 0.3895146 0.9542354 0.5 1 0.5 1 0.6104854 0.9542354 0.5 1 0.6104854 0.9542354 0.6104854 0.9542354 0.6104854 0.9542354 0.6104854 0.9542354 0.6104854 0.9542354 0.4375 0.3398284 0.4375 0.4382487 0.40625 0.4382487 0.375 0.3398284 0.40625 0.3398284 0.40625 0.4382487 0.59375 0.3398284 0.625 0.3398284 0.625 0.4382487 0.5625 0.3398284 0.59375 0.3398284 0.59375 0.4382487 0.53125 0.3398284 0.5625 0.3398284 0.5625 0.4382487 0.5 0.3398284 0.53125 0.3398284 0.53125 0.4382487 0.5 0.3398284 0.5 0.4382487 0.46875 0.4382487 0.46875 0.3398284 0.46875 0.4382487 0.4375 0.4382487 0.6104854 0.04576456 0.6104854 0.04576456 0.5 0 0.5 0 0.5 0 0.3895146 0.04576456 0.3895146 0.04576456 0.3895146 0.04576456 0.34375 0.15625 0.34375 0.15625 0.34375 0.15625 0.3895146 0.2667354 0.3895146 0.2667354 0.3895146 0.2667354 0.5 0.3125 0.5 0.3125 0.5 0.3125 0.6104854 0.2667354 0.6104854 0.2667354 0.6104854 0.2667354 0.65625 0.15625 0.65625 0.15625 0.65625 0.15625 0.6104854 0.04576456 0.40625 0.3125 0.40625 0.6884399 0.375 0.6884399 0.40625 0.3125 0.4375 0.3125 0.4375 0.6884399 0.4375 0.3125 0.46875 0.3125 0.46875 0.6884399 0.46875 0.3125 0.5 0.3125 0.5 0.6884399 0.5 0.3125 0.53125 0.3125 0.53125 0.6884399 0.5625 0.3125 0.5625 0.6884399 0.53125 0.6884399 0.59375 0.3125 0.59375 0.6884399 0.5625 0.6884399 0.625 0.3125 0.625 0.6884399 0.59375 0.6884399 0.5 0 0.6104854 0.04576456 0.3895146 0.04576456 0.6104854 0.04576456 0.65625 0.15625 0.34375 0.15625 0.65625 0.15625 0.6104854 0.2667354 0.34375 0.15625 0.6104854 0.2667354 0.5 0.3125 0.3895146 0.2667354 0.34375 0.15625 0.6104854 0.2667354 0.3895146 0.2667354 0.65625 0.84375 0.6104854 0.9542354 0.5 1 0.5 1 0.3895146 0.9542354 0.65625 0.84375 0.3895146 0.9542354 0.34375 0.84375 0.6104854 0.7332646 0.65625 0.84375 0.3895146 0.9542354 0.6104854 0.7332646 0.34375 0.84375 0.3895146 0.7332646 0.5 0.6875 0.6104854 0.9542354 0.5 1 0.5 1 0.5 1 0.3895146 0.9542354 0.3895146 0.9542354 0.34375 0.84375 0.34375 0.84375 0.3895146 0.9542354 0.3895146 0.7332646 0.3895146 0.7332646 0.34375 0.84375 0.5 0.6875 0.5 0.6875 0.3895146 0.7332646 0.6104854 0.7332646 0.6104854 0.7332646 0.5 0.6875 0.6104854 0.7332646 0.65625 0.84375 0.65625 0.84375 0.65625 0.84375 0.6104854 0.9542354 0.6104854 0.9542354 0.5 1 0.5 1 0.6104854 0.9542354 0.5 1 0.3895146 0.9542354 0.3895146 0.9542354 0.3895146 0.9542354 0.34375 0.84375 0.34375 0.84375 0.34375 0.84375 0.3895146 0.7332646 0.3895146 0.7332646 0.3895146 0.7332646 0.5 0.6875 0.5 0.6875 0.6104854 0.7332646 0.6104854 0.7332646 0.5 0.6875 0.65625 0.84375 0.65625 0.84375 0.6104854 0.7332646 0.6104854 0.9542354 0.6104854 0.9542354 0.65625 0.84375 0.65625 0.84375 0.65625 0.84375 0.6104854 0.7332646 0.6104854 0.7332646 0.6104854 0.7332646 0.5 0.6875 0.5 0.6875 0.5 0.6875 0.3895146 0.7332646 0.3895146 0.7332646 0.3895146 0.7332646 0.34375 0.84375 0.3895146 0.9542354 0.34375 0.84375 0.34375 0.84375 0.5 1 0.3895146 0.9542354 0.3895146 0.9542354 0.6104854 0.9542354 0.5 1 0.5 1 0.65625 0.84375 0.6104854 0.9542354 0.6104854 0.9542354 0.65625 0.84375 0.65625 0.84375 0.6104854 0.7332646 0.6104854 0.7332646 0.6104854 0.7332646 0.5 0.6875 0.3895146 0.7332646 0.5 0.6875 0.5 0.6875 0.34375 0.84375 0.3895146 0.7332646 0.3895146 0.7332646 0.3895146 0.9542354 0.34375 0.84375 0.34375 0.84375 0.5 1 0.3895146 0.9542354 0.3895146 0.9542354 0.5 1 0.5 1 0.6104854 0.9542354 0.6104854 0.9542354 0.6104854 0.9542354 0.65625 0.84375 0.4375 0.3125 0.4375 0.6884399 0.4375 0.6884399 0.40625 0.3125 0.40625 0.3125 0.40625 0.6884399 0.65625 0.15625 0.65625 0.15625 0.6104854 0.04576456 0.6104854 0.2667354 0.6104854 0.2667354 0.65625 0.15625 0.5 0.3125 0.5 0.3125 0.6104854 0.2667354 0.5 0.3125 0.3895146 0.2667354 0.3895146 0.2667354 0.3895146 0.2667354 0.34375 0.15625 0.34375 0.15625 0.34375 0.15625 0.3895146 0.04576456 0.3895146 0.04576456 0.5 0 0.6104854 0.04576456 0.6104854 0.04576456 0.5 1 0.5 1 0.6104854 0.9542354 0.6104854 0.9542354 0.6104854 0.9542354 0.6104854 0.9542354 0.3895146 0.9542354 0.3895146 0.9542354 0.3895146 0.9542354 0.6104854 0.9542354 0.6104854 0.9542354 0.6104854 0.9542354 0.3895146 0.9542354 0.3895146 0.9542354 0.3895146 0.9542354 0.3895146 0.9542354 0.3895146 0.9542354 0.3895146 0.9542354 0.5 1 0.5 1 0.3895146 0.9542354 0.5 1 0.6104854 0.9542354 0.6104854 0.9542354 0.6104854 0.9542354 0.6104854 0.9542354 0.6104854 0.9542354 0.3895146 0.9542354 0.3895146 0.9542354 0.3895146 0.9542354 0.6104854 0.9542354 0.6104854 0.9542354 0.6104854 0.9542354 0.40625 0.3125 0.40625 0.6884399 0.375 0.6884399 0.4375 0.3125 0.4375 0.6884399 0.40625 0.6884399 0.46875 0.3125 0.46875 0.6884399 0.4375 0.6884399 0.5 0.3125 0.5 0.6884399 0.46875 0.6884399 0.5 0.3125 0.53125 0.3125 0.53125 0.6884399 0.53125 0.3125 0.5625 0.3125 0.5625 0.6884399 0.5625 0.3125 0.59375 0.3125 0.59375 0.6884399 0.59375 0.3125 0.625 0.3125 0.625 0.6884399 0.5 0 0.6104854 0.04576456 0.65625 0.15625 0.65625 0.15625 0.6104854 0.2667354 0.34375 0.15625 0.6104854 0.2667354 0.5 0.3125 0.3895146 0.2667354 0.34375 0.15625 0.6104854 0.2667354 0.3895146 0.2667354 0.34375 0.15625 0.3895146 0.04576456 0.65625 0.15625 0.5 1 0.5 1 0.6104854 0.9542354 0.3895146 0.9542354 0.3895146 0.9542354 0.5 1 0.3895146 0.9542354 0.34375 0.84375 0.34375 0.84375 0.34375 0.84375 0.3895146 0.7332646 0.3895146 0.7332646 0.3895146 0.7332646 0.5 0.6875 0.5 0.6875 0.5 0.6875 0.6104854 0.7332646 0.6104854 0.7332646 0.65625 0.84375 0.65625 0.84375 0.6104854 0.7332646 0.6104854 0.9542354 0.6104854 0.9542354 0.65625 0.84375 0.5 1 0.5 1 0.6104854 0.9542354 0.5 1 0.3895146 0.9542354 0.3895146 0.9542354 0.3895146 0.9542354 0.34375 0.84375 0.34375 0.84375 0.34375 0.84375 0.3895146 0.7332646 0.3895146 0.7332646 0.3895146 0.7332646 0.5 0.6875 0.5 0.6875 0.6104854 0.7332646 0.6104854 0.7332646 0.5 0.6875 0.65625 0.84375 0.65625 0.84375 0.6104854 0.7332646 0.6104854 0.9542354 0.6104854 0.9542354 0.65625 0.84375 0.6104854 0.7332646 0.65625 0.84375 0.65625 0.84375 0.5 0.6875 0.6104854 0.7332646 0.6104854 0.7332646 0.5 0.6875 0.5 0.6875 0.3895146 0.7332646 0.3895146 0.7332646 0.3895146 0.7332646 0.34375 0.84375 0.34375 0.84375 0.34375 0.84375 0.3895146 0.9542354 0.3895146 0.9542354 0.3895146 0.9542354 0.5 1 0.6104854 0.9542354 0.5 1 0.5 1 0.65625 0.84375 0.6104854 0.9542354 0.6104854 0.9542354 0.6104854 0.7332646 0.65625 0.84375 0.65625 0.84375 0.5 0.6875 0.6104854 0.7332646 0.6104854 0.7332646 0.5 0.6875 0.5 0.6875 0.3895146 0.7332646 0.3895146 0.7332646 0.3895146 0.7332646 0.34375 0.84375 0.34375 0.84375 0.34375 0.84375 0.3895146 0.9542354 0.3895146 0.9542354 0.3895146 0.9542354 0.5 1 0.6104854 0.9542354 0.5 1 0.5 1 0.65625 0.84375 0.6104854 0.9542354 0.6104854 0.9542354 0.6104854 0.7332646 0.65625 0.84375 0.65625 0.84375 0.5 0.6875 0.6104854 0.7332646 0.6104854 0.7332646 0.5 0.6875 0.5 0.6875 0.3895146 0.7332646 0.3895146 0.7332646 0.3895146 0.7332646 0.34375 0.84375 0.34375 0.84375 0.34375 0.84375 0.3895146 0.9542354 0.3895146 0.9542354 0.3895146 0.9542354 0.5 1 0.6104854 0.9542354 0.5 1 0.5 1 0.65625 0.84375 0.6104854 0.9542354 0.6104854 0.9542354 0.6104854 0.9542354 0.5 1 0.65625 0.84375 0.5 1 0.3895146 0.9542354 0.65625 0.84375 0.3895146 0.9542354 0.34375 0.84375 0.6104854 0.7332646 0.34375 0.84375 0.3895146 0.7332646 0.5 0.6875 0.6104854 0.7332646 0.34375 0.84375 0.5 0.6875 0.5 0.3125 0.5 0.3125 0.5 0.6884399 0.5625 0.3125 0.5625 0.6884399 0.5625 0.6884399 0.6104854 0.04576456 0.65625 0.15625 0.65625 0.15625 0.6104854 0.2667354 0.6104854 0.2667354 0.65625 0.15625 0.3895146 0.2667354 0.34375 0.15625 0.34375 0.15625 0.3895146 0.04576456 0.3895146 0.04576456 0.34375 0.15625 0.5 0 0.5 0 0.3895146 0.04576456 0.6104854 0.04576456 0.6104854 0.04576456 0.5 0 0.3895146 0.7332646 0.3895146 0.7332646 0.3895146 0.7332646 0.6104854 0.7332646 0.6104854 0.7332646 0.6104854 0.7332646 0.3895146 0.7332646 0.3895146 0.7332646 0.3895146 0.7332646 0.6104854 0.7332646 0.6104854 0.7332646 0.6104854 0.7332646 0.6104854 0.7332646 0.6104854 0.7332646 0.6104854 0.7332646 0.3895146 0.7332646 0.3895146 0.7332646 0.3895146 0.7332646 0.6104854 0.7332646 0.6104854 0.7332646 0.6104854 0.7332646 0.5 0.6875 0.5 0.6875 0.6104854 0.7332646 0.5 0.6875 0.3895146 0.7332646 0.3895146 0.7332646 0.3895146 0.7332646 0.3895146 0.7332646 0.3895146 0.7332646 0.6104854 0.7332646 0.6104854 0.7332646 0.6104854 0.7332646 0.3895146 0.7332646 0.3895146 0.7332646 0.3895146 0.7332646 0.40625 0.3125 0.40625 0.6884399 0.375 0.6884399 0.40625 0.3125 0.4375 0.3125 0.4375 0.6884399 0.4375 0.3125 0.46875 0.3125 0.46875 0.6884399 0.46875 0.3125 0.5 0.3125 0.5 0.6884399 0.5 0.3125 0.53125 0.3125 0.53125 0.6884399 0.5625 0.3125 0.5625 0.6884399 0.53125 0.6884399 0.59375 0.3125 0.59375 0.6884399 0.5625 0.6884399 0.625 0.3125 0.625 0.6884399 0.59375 0.6884399 0.5 0 0.6104854 0.04576456 0.3895146 0.04576456 0.6104854 0.04576456 0.65625 0.15625 0.34375 0.15625 0.65625 0.15625 0.6104854 0.2667354 0.3895146 0.2667354 0.6104854 0.2667354 0.5 0.3125 0.3895146 0.2667354 0.3895146 0.2667354 0.34375 0.15625 0.65625 0.15625 0.65625 0.84375 0.6104854 0.9542354 0.34375 0.84375 0.6104854 0.9542354 0.5 1 0.3895146 0.9542354 0.34375 0.84375 0.6104854 0.9542354 0.3895146 0.9542354 0.34375 0.84375 0.3895146 0.7332646 0.65625 0.84375 0.3895146 0.7332646 0.5 0.6875 0.6104854 0.7332646 0.5 1 0.5 1 0.6104854 0.9542354 0.5 1 0.3895146 0.9542354 0.3895146 0.9542354 0.3895146 0.9542354 0.34375 0.84375 0.34375 0.84375 0.34375 0.84375 0.3895146 0.7332646 0.3895146 0.7332646 0.3895146 0.7332646 0.5 0.6875 0.5 0.6875 0.6104854 0.7332646 0.6104854 0.7332646 0.5 0.6875 0.65625 0.84375 0.65625 0.84375 0.6104854 0.7332646 0.6104854 0.9542354 0.6104854 0.9542354 0.65625 0.84375 0.5 1 0.5 1 0.6104854 0.9542354 0.3895146 0.9542354 0.3895146 0.9542354 0.5 1 0.34375 0.84375 0.34375 0.84375 0.3895146 0.9542354 0.34375 0.84375 0.3895146 0.7332646 0.3895146 0.7332646 0.3895146 0.7332646 0.5 0.6875 0.5 0.6875 0.6104854 0.7332646 0.6104854 0.7332646 0.5 0.6875 0.65625 0.84375 0.65625 0.84375 0.6104854 0.7332646 0.6104854 0.9542354 0.6104854 0.9542354 0.65625 0.84375 0.5 1 0.5 1 0.6104854 0.9542354 0.5 1 0.3895146 0.9542354 0.3895146 0.9542354 0.3895146 0.9542354 0.34375 0.84375 0.34375 0.84375 0.34375 0.84375 0.3895146 0.7332646 0.3895146 0.7332646 0.3895146 0.7332646 0.5 0.6875 0.5 0.6875 0.6104854 0.7332646 0.6104854 0.7332646 0.5 0.6875 0.65625 0.84375 0.65625 0.84375 0.6104854 0.7332646 0.6104854 0.9542354 0.6104854 0.9542354 0.65625 0.84375 0.375 0.3125 0.375 0.3125 0.375 0.6884399 0.4375 0.3125 0.4375 0.6884399 0.4375 0.6884399 0.6104854 0.04576456 0.65625 0.15625 0.65625 0.15625 0.6104854 0.2667354 0.6104854 0.2667354 0.65625 0.15625 0.5 0.3125 0.5 0.3125 0.6104854 0.2667354 0.5 0.3125 0.3895146 0.2667354 0.3895146 0.2667354 0.3895146 0.2667354 0.34375 0.15625 0.34375 0.15625 0.3895146 0.04576456 0.3895146 0.04576456 0.34375 0.15625 0.6104854 0.9542354 0.6104854 0.9542354 0.6104854 0.9542354 0.3895146 0.9542354 0.3895146 0.9542354 0.3895146 0.9542354 0.6104854 0.9542354 0.6104854 0.9542354 0.6104854 0.9542354 0.3895146 0.9542354 0.3895146 0.9542354 0.3895146 0.9542354 0.5 1 0.6104854 0.9542354 0.6104854 0.9542354 0.6104854 0.9542354 0.6104854 0.9542354 0.6104854 0.9542354 0.3895146 0.9542354 0.3895146 0.9542354 0.3895146 0.9542354 0.5 1 0.5 1 0.3895146 0.9542354 0.40625 0.3125 0.40625 0.6884399 0.375 0.6884399 0.40625 0.3125 0.4375 0.3125 0.4375 0.6884399 0.4375 0.3125 0.46875 0.3125 0.46875 0.6884399 0.46875 0.3125 0.5 0.3125 0.5 0.6884399 0.5 0.3125 0.53125 0.3125 0.53125 0.6884399 0.5625 0.3125 0.5625 0.6884399 0.53125 0.6884399 0.59375 0.3125 0.59375 0.6884399 0.5625 0.6884399 0.625 0.3125 0.625 0.6884399 0.59375 0.6884399 0.5 0 0.6104854 0.04576456 0.3895146 0.04576456 0.6104854 0.04576456 0.65625 0.15625 0.3895146 0.04576456 0.65625 0.15625 0.6104854 0.2667354 0.3895146 0.2667354 0.6104854 0.2667354 0.5 0.3125 0.3895146 0.2667354 0.3895146 0.2667354 0.34375 0.15625 0.65625 0.15625 0.65625 0.84375 0.6104854 0.9542354 0.34375 0.84375 0.6104854 0.9542354 0.5 1 0.3895146 0.9542354 0.34375 0.84375 0.6104854 0.9542354 0.3895146 0.9542354 0.34375 0.84375 0.3895146 0.7332646 0.6104854 0.7332646 0.3895146 0.7332646 0.5 0.6875 0.6104854 0.7332646 0.6104854 0.9542354 0.5 1 0.5 1 0.3895146 0.9542354 0.3895146 0.9542354 0.5 1 0.34375 0.84375 0.34375 0.84375 0.3895146 0.9542354 0.3895146 0.7332646 0.3895146 0.7332646 0.34375 0.84375 0.5 0.6875 0.5 0.6875 0.3895146 0.7332646 0.5 0.6875 0.6104854 0.7332646 0.6104854 0.7332646 0.6104854 0.7332646 0.65625 0.84375 0.65625 0.84375 0.65625 0.84375 0.6104854 0.9542354 0.6104854 0.9542354 0.5 1 0.5 1 0.6104854 0.9542354 0.5 1 0.3895146 0.9542354 0.3895146 0.9542354 0.3895146 0.9542354 0.34375 0.84375 0.34375 0.84375 0.34375 0.84375 0.3895146 0.7332646 0.3895146 0.7332646 0.3895146 0.7332646 0.5 0.6875 0.5 0.6875 0.6104854 0.7332646 0.6104854 0.7332646 0.5 0.6875 0.65625 0.84375 0.65625 0.84375 0.6104854 0.7332646 0.6104854 0.9542354 0.6104854 0.9542354 0.65625 0.84375 0.65625 0.84375 0.65625 0.84375 0.6104854 0.7332646 0.6104854 0.7332646 0.6104854 0.7332646 0.5 0.6875 0.3895146 0.7332646 0.5 0.6875 0.5 0.6875 0.34375 0.84375 0.3895146 0.7332646 0.3895146 0.7332646 0.3895146 0.9542354 0.34375 0.84375 0.34375 0.84375 0.5 1 0.3895146 0.9542354 0.3895146 0.9542354 0.5 1 0.5 1 0.6104854 0.9542354 0.6104854 0.9542354 0.6104854 0.9542354 0.65625 0.84375 0.65625 0.84375 0.65625 0.84375 0.6104854 0.7332646 0.6104854 0.7332646 0.6104854 0.7332646 0.5 0.6875 0.3895146 0.7332646 0.5 0.6875 0.5 0.6875 0.34375 0.84375 0.3895146 0.7332646 0.3895146 0.7332646 0.3895146 0.9542354 0.34375 0.84375 0.34375 0.84375 0.5 1 0.3895146 0.9542354 0.3895146 0.9542354 0.5 1 0.5 1 0.6104854 0.9542354 0.6104854 0.9542354 0.6104854 0.9542354 0.65625 0.84375 0.375 0.3125 0.375 0.3125 0.375 0.6884399 0.4375 0.3125 0.4375 0.6884399 0.4375 0.6884399 0.6104854 0.04576456 0.65625 0.15625 0.65625 0.15625 0.6104854 0.2667354 0.6104854 0.2667354 0.65625 0.15625 0.5 0.3125 0.5 0.3125 0.6104854 0.2667354 0.5 0.3125 0.3895146 0.2667354 0.3895146 0.2667354 0.3895146 0.2667354 0.34375 0.15625 0.34375 0.15625 0.3895146 0.04576456 0.3895146 0.04576456 0.34375 0.15625 0.3895146 0.9542354 0.34375 0.84375 0.34375 0.84375 0.34375 0.84375 0.3895146 0.7332646 0.3895146 0.7332646 0.3895146 0.7332646 0.5 0.6875 0.5 0.6875 0.6104854 0.7332646 0.6104854 0.7332646 0.5 0.6875 0.65625 0.84375 0.65625 0.84375 0.6104854 0.7332646 0.6104854 0.9542354 0.6104854 0.9542354 0.65625 0.84375 0.6104854 0.9542354 0.6104854 0.9542354 0.6104854 0.9542354 0.3895146 0.9542354 0.3895146 0.9542354 0.3895146 0.9542354 0.6104854 0.9542354 0.6104854 0.9542354 0.6104854 0.9542354 0.3895146 0.9542354 0.3895146 0.9542354 0.3895146 0.9542354 0.3895146 0.9542354 0.3895146 0.9542354 0.3895146 0.9542354 0.6104854 0.9542354 0.6104854 0.9542354 0.6104854 0.9542354 0.3895146 0.9542354 0.3895146 0.9542354 0.3895146 0.9542354 0.6104854 0.9542354 0.6104854 0.9542354 0.6104854 0.9542354 0.375 0.3125 0.40625 0.3125 0.40625 0.6884399 0.40625 0.3125 0.4375 0.3125 0.4375 0.6884399 0.46875 0.3125 0.46875 0.6884399 0.4375 0.6884399 0.5 0.3125 0.5 0.6884399 0.46875 0.6884399 0.53125 0.3125 0.53125 0.6884399 0.5 0.6884399 0.5625 0.3125 0.5625 0.6884399 0.53125 0.6884399 0.5625 0.3125 0.59375 0.3125 0.59375 0.6884399 0.59375 0.3125 0.625 0.3125 0.625 0.6884399 0.5 0 0.6104854 0.04576456 0.34375 0.15625 0.6104854 0.04576456 0.65625 0.15625 0.34375 0.15625 0.65625 0.15625 0.6104854 0.2667354 0.3895146 0.2667354 0.6104854 0.2667354 0.5 0.3125 0.3895146 0.2667354 0.3895146 0.2667354 0.34375 0.15625 0.65625 0.15625 0.6104854 0.9542354 0.5 1 0.5 1 0.5 1 0.3895146 0.9542354 0.3895146 0.9542354 0.3895146 0.9542354 0.34375 0.84375 0.34375 0.84375 0.34375 0.84375 0.3895146 0.7332646 0.3895146 0.7332646 0.5 0.6875 0.5 0.6875 0.3895146 0.7332646 0.6104854 0.7332646 0.6104854 0.7332646 0.5 0.6875 0.65625 0.84375 0.65625 0.84375 0.6104854 0.7332646 0.6104854 0.9542354 0.6104854 0.9542354 0.65625 0.84375 0.5 1 0.5 1 0.6104854 0.9542354 0.5 1 0.3895146 0.9542354 0.3895146 0.9542354 0.3895146 0.9542354 0.34375 0.84375 0.34375 0.84375 0.34375 0.84375 0.3895146 0.7332646 0.3895146 0.7332646 0.3895146 0.7332646 0.5 0.6875 0.5 0.6875 0.6104854 0.7332646 0.6104854 0.7332646 0.5 0.6875 0.65625 0.84375 0.65625 0.84375 0.6104854 0.7332646 0.6104854 0.9542354 0.6104854 0.9542354 0.65625 0.84375 0.6104854 0.7332646 0.65625 0.84375 0.65625 0.84375 0.5 0.6875 0.6104854 0.7332646 0.6104854 0.7332646 0.5 0.6875 0.5 0.6875 0.3895146 0.7332646 0.3895146 0.7332646 0.3895146 0.7332646 0.34375 0.84375 0.34375 0.84375 0.34375 0.84375 0.3895146 0.9542354 0.3895146 0.9542354 0.3895146 0.9542354 0.5 1 0.6104854 0.9542354 0.5 1 0.5 1 0.65625 0.84375 0.6104854 0.9542354 0.6104854 0.9542354 0.6104854 0.7332646 0.65625 0.84375 0.65625 0.84375 0.5 0.6875 0.6104854 0.7332646 0.6104854 0.7332646 0.5 0.6875 0.5 0.6875 0.3895146 0.7332646 0.3895146 0.7332646 0.3895146 0.7332646 0.34375 0.84375 0.34375 0.84375 0.34375 0.84375 0.3895146 0.9542354 0.3895146 0.9542354 0.3895146 0.9542354 0.5 1 0.6104854 0.9542354 0.5 1 0.5 1 0.65625 0.84375 0.6104854 0.9542354 0.6104854 0.9542354 0.6104854 0.7332646 0.65625 0.84375 0.65625 0.84375 0.5 0.6875 0.6104854 0.7332646 0.6104854 0.7332646 0.5 0.6875 0.5 0.6875 0.3895146 0.7332646 0.3895146 0.7332646 0.3895146 0.7332646 0.34375 0.84375 0.34375 0.84375 0.34375 0.84375 0.3895146 0.9542354 0.3895146 0.9542354 0.3895146 0.9542354 0.5 1 0.6104854 0.9542354 0.5 1 0.5 1 0.65625 0.84375 0.6104854 0.9542354 0.6104854 0.9542354 0.6104854 0.9542354 0.5 1 0.34375 0.84375 0.5 1 0.3895146 0.9542354 0.34375 0.84375 0.34375 0.84375 0.3895146 0.7332646 0.6104854 0.9542354 0.3895146 0.7332646 0.5 0.6875 0.65625 0.84375 0.5 0.6875 0.6104854 0.7332646 0.65625 0.84375 0.5 0.3125 0.5 0.3125 0.5 0.6884399 0.5625 0.3125 0.5625 0.6884399 0.5625 0.6884399 0.6104854 0.04576456 0.65625 0.15625 0.65625 0.15625 0.6104854 0.2667354 0.6104854 0.2667354 0.65625 0.15625 0.3895146 0.2667354 0.34375 0.15625 0.34375 0.15625 0.3895146 0.04576456 0.3895146 0.04576456 0.34375 0.15625 0.3895146 0.04576456 0.5 0 0.5 0 0.5 0 0.6104854 0.04576456 0.6104854 0.04576456 0.3895146 0.7332646 0.3895146 0.7332646 0.3895146 0.7332646 0.6104854 0.7332646 0.6104854 0.7332646 0.6104854 0.7332646 0.3895146 0.7332646 0.3895146 0.7332646 0.3895146 0.7332646 0.6104854 0.7332646 0.6104854 0.7332646 0.6104854 0.7332646 0.6104854 0.7332646 0.6104854 0.7332646 0.6104854 0.7332646 0.3895146 0.7332646 0.3895146 0.7332646 0.3895146 0.7332646 0.6104854 0.7332646 0.6104854 0.7332646 0.6104854 0.7332646 0.5 0.6875 0.5 0.6875 0.6104854 0.7332646 0.5 0.6875 0.3895146 0.7332646 0.3895146 0.7332646 0.3895146 0.7332646 0.3895146 0.7332646 0.3895146 0.7332646 0.6104854 0.7332646 0.6104854 0.7332646 0.6104854 0.7332646 0.3895146 0.7332646 0.3895146 0.7332646 0.3895146 0.7332646 0.40625 0.3125 0.40625 0.6884399 0.375 0.6884399 0.40625 0.3125 0.4375 0.3125 0.4375 0.6884399 0.4375 0.3125 0.46875 0.3125 0.46875 0.6884399 0.46875 0.3125 0.5 0.3125 0.5 0.6884399 0.5 0.3125 0.53125 0.3125 0.53125 0.6884399 0.5625 0.3125 0.5625 0.6884399 0.53125 0.6884399 0.59375 0.3125 0.59375 0.6884399 0.5625 0.6884399 0.625 0.3125 0.625 0.6884399 0.59375 0.6884399 0.5 0 0.6104854 0.04576456 0.3895146 0.04576456 0.6104854 0.04576456 0.65625 0.15625 0.34375 0.15625 0.65625 0.15625 0.6104854 0.2667354 0.3895146 0.2667354 0.6104854 0.2667354 0.5 0.3125 0.3895146 0.2667354 0.3895146 0.2667354 0.34375 0.15625 0.65625 0.15625 0.65625 0.84375 0.6104854 0.9542354 0.34375 0.84375 0.6104854 0.9542354 0.5 1 0.3895146 0.9542354 0.34375 0.84375 0.6104854 0.9542354 0.3895146 0.9542354 0.34375 0.84375 0.3895146 0.7332646 0.65625 0.84375 0.3895146 0.7332646 0.5 0.6875 0.6104854 0.7332646 0.5 1 0.5 1 0.6104854 0.9542354 0.3895146 0.9542354 0.3895146 0.9542354 0.5 1 0.34375 0.84375 0.34375 0.84375 0.3895146 0.9542354 0.3895146 0.7332646 0.3895146 0.7332646 0.34375 0.84375 0.3895146 0.7332646 0.5 0.6875 0.5 0.6875 0.5 0.6875 0.6104854 0.7332646 0.6104854 0.7332646 0.6104854 0.7332646 0.65625 0.84375 0.65625 0.84375 0.65625 0.84375 0.6104854 0.9542354 0.6104854 0.9542354 0.5 1 0.5 1 0.6104854 0.9542354 0.5 1 0.3895146 0.9542354 0.3895146 0.9542354 0.3895146 0.9542354 0.34375 0.84375 0.34375 0.84375 0.34375 0.84375 0.3895146 0.7332646 0.3895146 0.7332646 0.3895146 0.7332646 0.5 0.6875 0.5 0.6875 0.6104854 0.7332646 0.6104854 0.7332646 0.5 0.6875 0.65625 0.84375 0.65625 0.84375 0.6104854 0.7332646 0.6104854 0.9542354 0.6104854 0.9542354 0.65625 0.84375 0.5 1 0.5 1 0.6104854 0.9542354 0.5 1 0.3895146 0.9542354 0.3895146 0.9542354 0.3895146 0.9542354 0.34375 0.84375 0.34375 0.84375 0.34375 0.84375 0.3895146 0.7332646 0.3895146 0.7332646 0.3895146 0.7332646 0.5 0.6875 0.5 0.6875 0.6104854 0.7332646 0.6104854 0.7332646 0.5 0.6875 0.65625 0.84375 0.65625 0.84375 0.6104854 0.7332646 0.6104854 0.9542354 0.6104854 0.9542354 0.65625 0.84375 0.65625 0.84375 0.65625 0.84375 0.6104854 0.7332646 0.6104854 0.7332646 0.6104854 0.7332646 0.5 0.6875 0.3895146 0.7332646 0.5 0.6875 0.5 0.6875 0.34375 0.84375 0.3895146 0.7332646 0.3895146 0.7332646 0.3895146 0.9542354 0.34375 0.84375 0.34375 0.84375 0.5 1 0.3895146 0.9542354 0.3895146 0.9542354 0.5 1 0.5 1 0.6104854 0.9542354 0.6104854 0.9542354 0.6104854 0.9542354 0.65625 0.84375 0.6104854 0.7332646 0.65625 0.84375 0.65625 0.84375 0.5 0.6875 0.6104854 0.7332646 0.6104854 0.7332646 0.5 0.6875 0.5 0.6875 0.3895146 0.7332646 0.3895146 0.7332646 0.3895146 0.7332646 0.34375 0.84375 0.34375 0.84375 0.34375 0.84375 0.3895146 0.9542354 0.3895146 0.9542354 0.3895146 0.9542354 0.5 1 0.6104854 0.9542354 0.5 1 0.5 1 0.65625 0.84375 0.6104854 0.9542354 0.6104854 0.9542354 0.5 0.6875 0.6104854 0.7332646 0.6104854 0.7332646 0.3895146 0.7332646 0.5 0.6875 0.5 0.6875 0.34375 0.84375 0.3895146 0.7332646 0.3895146 0.7332646 0.34375 0.84375 0.34375 0.84375 0.3895146 0.9542354 0.3895146 0.9542354 0.3895146 0.9542354 0.5 1 0.5 1 0.5 1 0.6104854 0.9542354 0.6104854 0.9542354 0.6104854 0.9542354 0.65625 0.84375 0.6104854 0.7332646 0.65625 0.84375 0.65625 0.84375 0.375 0.3125 0.375 0.3125 0.375 0.6884399 0.4375 0.3125 0.4375 0.6884399 0.4375 0.6884399 0.6104854 0.04576456 0.65625 0.15625 0.65625 0.15625 0.6104854 0.2667354 0.6104854 0.2667354 0.65625 0.15625 0.5 0.3125 0.5 0.3125 0.6104854 0.2667354 0.5 0.3125 0.3895146 0.2667354 0.3895146 0.2667354 0.3895146 0.2667354 0.34375 0.15625 0.34375 0.15625 0.3895146 0.04576456 0.3895146 0.04576456 0.34375 0.15625 0.6104854 0.9542354 0.6104854 0.9542354 0.6104854 0.9542354 0.3895146 0.9542354 0.3895146 0.9542354 0.3895146 0.9542354 0.6104854 0.9542354 0.6104854 0.9542354 0.6104854 0.9542354 0.3895146 0.9542354 0.3895146 0.9542354 0.3895146 0.9542354 0.6104854 0.9542354 0.6104854 0.9542354 0.6104854 0.9542354 0.3895146 0.9542354 0.3895146 0.9542354 0.3895146 0.9542354 0.3895146 0.9542354 0.3895146 0.9542354 0.3895146 0.9542354 0.6104854 0.9542354 0.6104854 0.9542354 0.6104854 0.9542354 0.3895146 0.9542354 0.3895146 0.9542354 0.3895146 0.9542354 0.6104854 0.9542354 0.6104854 0.9542354 0.6104854 0.9542354 0.3895146 0.9542354 0.3895146 0.9542354 0.3895146 0.9542354 0.5 1 0.5 1 0.3895146 0.9542354 0.5 1 0.6104854 0.9542354 0.6104854 0.9542354 0.6104854 0.9542354 0.6104854 0.9542354 0.6104854 0.9542354 0.375 0.3125 0.40625 0.3125 0.40625 0.6884399 0.4375 0.3125 0.4375 0.6884399 0.40625 0.6884399 0.46875 0.3125 0.46875 0.6884399 0.4375 0.6884399 0.5 0.3125 0.5 0.6884399 0.46875 0.6884399 0.53125 0.3125 0.53125 0.6884399 0.5 0.6884399 0.53125 0.3125 0.5625 0.3125 0.5625 0.6884399 0.5625 0.3125 0.59375 0.3125 0.59375 0.6884399 0.59375 0.3125 0.625 0.3125 0.625 0.6884399 0.5 0 0.6104854 0.04576456 0.3895146 0.04576456 0.6104854 0.04576456 0.65625 0.15625 0.34375 0.15625 0.65625 0.15625 0.6104854 0.2667354 0.3895146 0.2667354 0.6104854 0.2667354 0.5 0.3125 0.3895146 0.2667354 0.3895146 0.2667354 0.34375 0.15625 0.65625 0.15625 0.65625 0.84375 0.6104854 0.9542354 0.5 1 0.5 1 0.3895146 0.9542354 0.34375 0.84375 0.34375 0.84375 0.3895146 0.7332646 0.65625 0.84375 0.3895146 0.7332646 0.5 0.6875 0.6104854 0.7332646 0.65625 0.84375 0.3895146 0.7332646 0.6104854 0.7332646 0.6104854 0.9542354 0.5 1 0.5 1 0.5 1 0.3895146 0.9542354 0.3895146 0.9542354 0.3895146 0.9542354 0.34375 0.84375 0.34375 0.84375 0.34375 0.84375 0.3895146 0.7332646 0.3895146 0.7332646 0.3895146 0.7332646 0.5 0.6875 0.5 0.6875 0.6104854 0.7332646 0.6104854 0.7332646 0.5 0.6875 0.65625 0.84375 0.65625 0.84375 0.6104854 0.7332646 0.6104854 0.9542354 0.6104854 0.9542354 0.65625 0.84375 0.5 1 0.5 1 0.6104854 0.9542354 0.5 1 0.3895146 0.9542354 0.3895146 0.9542354 0.3895146 0.9542354 0.34375 0.84375 0.34375 0.84375 0.34375 0.84375 0.3895146 0.7332646 0.3895146 0.7332646 0.3895146 0.7332646 0.5 0.6875 0.5 0.6875 0.6104854 0.7332646 0.6104854 0.7332646 0.5 0.6875 0.65625 0.84375 0.65625 0.84375 0.6104854 0.7332646 0.6104854 0.9542354 0.6104854 0.9542354 0.65625 0.84375 0.6104854 0.9542354 0.5 1 0.5 1 0.3895146 0.9542354 0.3895146 0.9542354 0.5 1 0.34375 0.84375 0.34375 0.84375 0.3895146 0.9542354 0.3895146 0.7332646 0.3895146 0.7332646 0.34375 0.84375 0.5 0.6875 0.5 0.6875 0.3895146 0.7332646 0.5 0.6875 0.6104854 0.7332646 0.6104854 0.7332646 0.6104854 0.7332646 0.65625 0.84375 0.65625 0.84375 0.65625 0.84375 0.6104854 0.9542354 0.6104854 0.9542354 0.6104854 0.7332646 0.65625 0.84375 0.65625 0.84375 0.5 0.6875 0.6104854 0.7332646 0.6104854 0.7332646 0.5 0.6875 0.5 0.6875 0.3895146 0.7332646 0.3895146 0.7332646 0.3895146 0.7332646 0.34375 0.84375 0.34375 0.84375 0.34375 0.84375 0.3895146 0.9542354 0.3895146 0.9542354 0.3895146 0.9542354 0.5 1 0.6104854 0.9542354 0.5 1 0.5 1 0.65625 0.84375 0.6104854 0.9542354 0.6104854 0.9542354 0.5 0.6875 0.6104854 0.7332646 0.6104854 0.7332646 0.5 0.6875 0.5 0.6875 0.3895146 0.7332646 0.3895146 0.7332646 0.3895146 0.7332646 0.34375 0.84375 0.34375 0.84375 0.34375 0.84375 0.3895146 0.9542354 0.3895146 0.9542354 0.3895146 0.9542354 0.5 1 0.6104854 0.9542354 0.5 1 0.5 1 0.65625 0.84375 0.6104854 0.9542354 0.6104854 0.9542354 0.6104854 0.7332646 0.65625 0.84375 0.65625 0.84375 0.6104854 0.7332646 0.65625 0.84375 0.65625 0.84375 0.5 0.6875 0.6104854 0.7332646 0.6104854 0.7332646 0.5 0.6875 0.5 0.6875 0.3895146 0.7332646 0.3895146 0.7332646 0.3895146 0.7332646 0.34375 0.84375 0.34375 0.84375 0.34375 0.84375 0.3895146 0.9542354 0.3895146 0.9542354 0.3895146 0.9542354 0.5 1 0.6104854 0.9542354 0.5 1 0.5 1 0.65625 0.84375 0.6104854 0.9542354 0.6104854 0.9542354 0.5 0.3125 0.5 0.3125 0.5 0.6884399 0.5625 0.3125 0.5625 0.6884399 0.5625 0.6884399 0.6104854 0.04576456 0.65625 0.15625 0.65625 0.15625 0.65625 0.15625 0.6104854 0.2667354 0.6104854 0.2667354 0.34375 0.15625 0.34375 0.15625 0.3895146 0.2667354 0.3895146 0.04576456 0.3895146 0.04576456 0.34375 0.15625 0.5 0 0.5 0 0.3895146 0.04576456 0.5 0 0.6104854 0.04576456 0.6104854 0.04576456 0.6104854 0.9542354 0.5 1 0.5 1 0.3895146 0.9542354 0.3895146 0.9542354 0.5 1 0.34375 0.84375 0.34375 0.84375 0.3895146 0.9542354 0.34375 0.84375 0.3895146 0.7332646 0.3895146 0.7332646 0.65625 0.84375 0.65625 0.84375 0.6104854 0.7332646 0.65625 0.84375 0.6104854 0.9542354 0.6104854 0.9542354 0.3895146 0.7332646 0.3895146 0.7332646 0.3895146 0.7332646 0.6104854 0.7332646 0.6104854 0.7332646 0.6104854 0.7332646 0.3895146 0.7332646 0.3895146 0.7332646 0.3895146 0.7332646 0.6104854 0.7332646 0.6104854 0.7332646 0.6104854 0.7332646 0.3895146 0.7332646 0.3895146 0.7332646 0.3895146 0.7332646 0.6104854 0.7332646 0.6104854 0.7332646 0.6104854 0.7332646 0.6104854 0.7332646 0.6104854 0.7332646 0.6104854 0.7332646 0.3895146 0.7332646 0.3895146 0.7332646 0.3895146 0.7332646 0.6104854 0.7332646 0.6104854 0.7332646 0.6104854 0.7332646 0.3895146 0.7332646 0.3895146 0.7332646 0.3895146 0.7332646 0.6104854 0.7332646 0.6104854 0.7332646 0.6104854 0.7332646 0.3895146 0.7332646 0.3895146 0.7332646 0.3895146 0.7332646 0.375 0.3125 0.40625 0.3125 0.40625 0.6884399 0.4375 0.3125 0.4375 0.6884399 0.40625 0.6884399 0.46875 0.3125 0.46875 0.6884399 0.4375 0.6884399 0.5 0.3125 0.5 0.6884399 0.46875 0.6884399 0.53125 0.3125 0.53125 0.6884399 0.5 0.6884399 0.53125 0.3125 0.5625 0.3125 0.5625 0.6884399 0.5625 0.3125 0.59375 0.3125 0.59375 0.6884399 0.59375 0.3125 0.625 0.3125 0.625 0.6884399 0.5 0 0.6104854 0.04576456 0.3895146 0.04576456 0.6104854 0.04576456 0.65625 0.15625 0.3895146 0.2667354 0.34375 0.15625 0.6104854 0.04576456 0.3895146 0.2667354 0.65625 0.15625 0.6104854 0.2667354 0.3895146 0.2667354 0.6104854 0.2667354 0.5 0.3125 0.3895146 0.2667354 0.65625 0.84375 0.6104854 0.9542354 0.34375 0.84375 0.6104854 0.9542354 0.5 1 0.3895146 0.9542354 0.34375 0.84375 0.6104854 0.9542354 0.3895146 0.9542354 0.34375 0.84375 0.3895146 0.7332646 0.65625 0.84375 0.3895146 0.7332646 0.5 0.6875 0.6104854 0.7332646 0.6104854 0.9542354 0.5 1 0.5 1 0.5 1 0.3895146 0.9542354 0.3895146 0.9542354 0.3895146 0.9542354 0.34375 0.84375 0.34375 0.84375 0.34375 0.84375 0.3895146 0.7332646 0.3895146 0.7332646 0.3895146 0.7332646 0.5 0.6875 0.5 0.6875 0.6104854 0.7332646 0.6104854 0.7332646 0.5 0.6875 0.65625 0.84375 0.65625 0.84375 0.6104854 0.7332646 0.6104854 0.9542354 0.6104854 0.9542354 0.65625 0.84375 0.5 1 0.5 1 0.6104854 0.9542354 0.5 1 0.3895146 0.9542354 0.3895146 0.9542354 0.3895146 0.9542354 0.34375 0.84375 0.34375 0.84375 0.34375 0.84375 0.3895146 0.7332646 0.3895146 0.7332646 0.3895146 0.7332646 0.5 0.6875 0.5 0.6875 0.6104854 0.7332646 0.6104854 0.7332646 0.5 0.6875 0.65625 0.84375 0.65625 0.84375 0.6104854 0.7332646 0.6104854 0.9542354 0.6104854 0.9542354 0.65625 0.84375 0.6104854 0.9542354 0.5 1 0.5 1 0.3895146 0.9542354 0.3895146 0.9542354 0.5 1 0.34375 0.84375 0.34375 0.84375 0.3895146 0.9542354 0.3895146 0.7332646 0.3895146 0.7332646 0.34375 0.84375 0.5 0.6875 0.5 0.6875 0.3895146 0.7332646 0.5 0.6875 0.6104854 0.7332646 0.6104854 0.7332646 0.6104854 0.7332646 0.65625 0.84375 0.65625 0.84375 0.65625 0.84375 0.6104854 0.9542354 0.6104854 0.9542354 0.6104854 0.7332646 0.65625 0.84375 0.65625 0.84375 0.5 0.6875 0.6104854 0.7332646 0.6104854 0.7332646 0.5 0.6875 0.5 0.6875 0.3895146 0.7332646 0.3895146 0.7332646 0.3895146 0.7332646 0.34375 0.84375 0.34375 0.84375 0.34375 0.84375 0.3895146 0.9542354 0.3895146 0.9542354 0.3895146 0.9542354 0.5 1 0.6104854 0.9542354 0.5 1 0.5 1 0.65625 0.84375 0.6104854 0.9542354 0.6104854 0.9542354 0.5 0.6875 0.6104854 0.7332646 0.6104854 0.7332646 0.5 0.6875 0.5 0.6875 0.3895146 0.7332646 0.3895146 0.7332646 0.3895146 0.7332646 0.34375 0.84375 0.34375 0.84375 0.34375 0.84375 0.3895146 0.9542354 0.3895146 0.9542354 0.3895146 0.9542354 0.5 1 0.6104854 0.9542354 0.5 1 0.5 1 0.65625 0.84375 0.6104854 0.9542354 0.6104854 0.9542354 0.6104854 0.7332646 0.65625 0.84375 0.65625 0.84375 0.6104854 0.7332646 0.65625 0.84375 0.65625 0.84375 0.5 0.6875 0.6104854 0.7332646 0.6104854 0.7332646 0.5 0.6875 0.5 0.6875 0.3895146 0.7332646 0.3895146 0.7332646 0.3895146 0.7332646 0.34375 0.84375 0.34375 0.84375 0.34375 0.84375 0.3895146 0.9542354 0.3895146 0.9542354 0.3895146 0.9542354 0.5 1 0.6104854 0.9542354 0.5 1 0.5 1 0.65625 0.84375 0.6104854 0.9542354 0.6104854 0.9542354 0.53125 0.3125 0.53125 0.3125 0.53125 0.6884399 0.59375 0.3125 0.59375 0.6884399 0.59375 0.6884399 0.65625 0.15625 0.65625 0.15625 0.6104854 0.04576456 0.5 0.3125 0.3895146 0.2667354 0.3895146 0.2667354 0.34375 0.15625 0.34375 0.15625 0.3895146 0.2667354 0.3895146 0.04576456 0.3895146 0.04576456 0.34375 0.15625 0.5 0 0.5 0 0.3895146 0.04576456 0.5 0 0.6104854 0.04576456 0.6104854 0.04576456 0.5 0.6875 0.5 0.6875 0.5 0.6875 0.65625 0.84375 0.65625 0.84375 0.65625 0.84375 0.5 0.6875 0.5 0.6875 0.5 0.6875 0.65625 0.84375 0.65625 0.84375 0.65625 0.84375 0.5 0.6875 0.5 0.6875 0.6104854 0.7332646 0.5 0.6875 0.5 0.6875 0.5 0.6875 0.65625 0.84375 0.65625 0.84375 0.65625 0.84375 0.6104854 0.7332646 0.6104854 0.7332646 0.65625 0.84375 0.65625 0.84375 0.65625 0.84375 0.65625 0.84375 0.5 0.6875 0.5 0.6875 0.5 0.6875 0.5 0.6875 0.5 0.6875 0.5 0.6875 0.65625 0.84375 0.65625 0.84375 0.65625 0.84375 0.65625 0.84375 0.65625 0.84375 0.65625 0.84375 0.5 0.6875 0.5 0.6875 0.5 0.6875 0.40625 0.3125 0.40625 0.6884399 0.375 0.6884399 0.40625 0.3125 0.4375 0.3125 0.4375 0.6884399 0.4375 0.3125 0.46875 0.3125 0.46875 0.6884399 0.46875 0.3125 0.5 0.3125 0.5 0.6884399 0.5 0.3125 0.53125 0.3125 0.53125 0.6884399 0.53125 0.3125 0.5625 0.3125 0.5625 0.6884399 0.59375 0.3125 0.59375 0.6884399 0.5625 0.6884399 0.625 0.3125 0.625 0.6884399 0.59375 0.6884399 0.5 0 0.6104854 0.04576456 0.34375 0.15625 0.6104854 0.04576456 0.65625 0.15625 0.3895146 0.2667354 0.3895146 0.2667354 0.65625 0.15625 0.5 0.3125 0.65625 0.15625 0.6104854 0.2667354 0.5 0.3125 0.3895146 0.2667354 0.34375 0.15625 0.6104854 0.04576456 0.65625 0.84375 0.6104854 0.9542354 0.3895146 0.7332646 0.6104854 0.9542354 0.5 1 0.34375 0.84375 0.5 1 0.3895146 0.9542354 0.34375 0.84375 0.34375 0.84375 0.3895146 0.7332646 0.6104854 0.9542354 0.3895146 0.7332646 0.5 0.6875 0.65625 0.84375 0.5 1 0.5 1 0.6104854 0.9542354 0.5 1 0.3895146 0.9542354 0.3895146 0.9542354 0.3895146 0.9542354 0.34375 0.84375 0.34375 0.84375 0.34375 0.84375 0.3895146 0.7332646 0.3895146 0.7332646 0.3895146 0.7332646 0.5 0.6875 0.5 0.6875 0.6104854 0.7332646 0.6104854 0.7332646 0.5 0.6875 0.65625 0.84375 0.65625 0.84375 0.6104854 0.7332646 0.6104854 0.9542354 0.6104854 0.9542354 0.65625 0.84375 0.5 1 0.5 1 0.6104854 0.9542354 0.3895146 0.9542354 0.3895146 0.9542354 0.5 1 0.34375 0.84375 0.34375 0.84375 0.3895146 0.9542354 0.34375 0.84375 0.3895146 0.7332646 0.3895146 0.7332646 0.3895146 0.7332646 0.5 0.6875 0.5 0.6875 0.5 0.6875 0.6104854 0.7332646 0.6104854 0.7332646 0.6104854 0.7332646 0.65625 0.84375 0.65625 0.84375 0.6104854 0.9542354 0.6104854 0.9542354 0.65625 0.84375 0.5 1 0.5 1 0.6104854 0.9542354 0.5 1 0.3895146 0.9542354 0.3895146 0.9542354 0.3895146 0.9542354 0.34375 0.84375 0.34375 0.84375 0.34375 0.84375 0.3895146 0.7332646 0.3895146 0.7332646 0.3895146 0.7332646 0.5 0.6875 0.5 0.6875 0.5 0.6875 0.6104854 0.7332646 0.6104854 0.7332646 0.65625 0.84375 0.65625 0.84375 0.6104854 0.7332646 0.6104854 0.9542354 0.6104854 0.9542354 0.65625 0.84375 0.40625 0.3125 0.40625 0.3125 0.40625 0.6884399 0.46875 0.3125 0.46875 0.6884399 0.46875 0.6884399 0.65625 0.15625 0.65625 0.15625 0.6104854 0.04576456 0.6104854 0.2667354 0.6104854 0.2667354 0.65625 0.15625 0.6104854 0.2667354 0.5 0.3125 0.5 0.3125 0.5 0.3125 0.3895146 0.2667354 0.3895146 0.2667354 0.34375 0.15625 0.34375 0.15625 0.3895146 0.2667354 0.5 0 0.6104854 0.04576456 0.6104854 0.04576456 0.5 1 0.5 1 0.5 1 0.34375 0.84375 0.34375 0.84375 0.34375 0.84375 0.5 1 0.5 1 0.5 1 0.34375 0.84375 0.34375 0.84375 0.34375 0.84375 0.3895146 0.9542354 0.5 1 0.5 1 0.5 1 0.5 1 0.5 1 0.34375 0.84375 0.34375 0.84375 0.34375 0.84375 0.3895146 0.9542354 0.3895146 0.9542354 0.34375 0.84375</float_array>
          <technique_common>
            <accessor source="#Mesh_007-mesh-map-0-array" count="5880" stride="2">
              <param name="S" type="float"/>
              <param name="T" type="float"/>
            </accessor>
          </technique_common>
        </source>
        <vertices id="Mesh_007-mesh-vertices">
          <input semantic="POSITION" source="#Mesh_007-mesh-positions"/>
        </vertices>
        <triangles count="1960">
          <input semantic="VERTEX" source="#Mesh_007-mesh-vertices" offset="0"/>
          <input semantic="NORMAL" source="#Mesh_007-mesh-normals" offset="1"/>
          <input semantic="TEXCOORD" source="#Mesh_007-mesh-map-0" offset="2" set="0"/>
          <p>0 0 0 8 1 1 7 2 2 1 3 3 9 4 4 8 5 5 3 6 6 9 7 7 2 8 8 4 9 9 10 10 10 3 11 11 5 12 12 11 13 13 4 14 14 44 15 15 46 16 16 43 17 17 44 18 18 48 19 19 45 20 20 6 21 21 7 22 22 13 23 23 51 24 24 52 25 25 53 26 26 33 27 27 34 28 28 29 29 29 7 2 30 15 30 31 14 31 32 8 5 33 16 32 34 15 33 35 9 7 36 17 34 37 16 35 38 10 10 39 18 36 40 17 37 41 12 38 42 18 39 43 11 13 44 45 40 45 55 41 46 46 16 47 48 19 48 54 42 49 45 20 50 7 22 51 20 43 52 13 23 53 14 31 54 41 44 55 42 45 56 15 33 57 40 46 58 41 47 59 16 35 60 39 48 61 40 49 62 17 37 63 38 50 64 39 51 65 19 52 66 38 53 67 18 39 68 54 54 69 58 55 70 55 41 71 56 56 72 57 57 73 54 42 74 14 58 75 36 59 76 20 43 77 21 60 78 29 61 79 28 62 80 22 63 81 30 64 82 29 65 83 23 66 84 31 67 85 30 68 86 25 69 87 31 70 88 24 71 89 26 72 90 32 73 91 25 74 92 61 75 93 63 76 94 60 77 95 64 78 96 62 79 97 61 80 98 27 81 99 28 82 100 35 83 101 59 84 102 61 80 103 57 57 104 57 85 105 60 86 106 58 55 107 37 87 108 25 88 109 38 53 110 39 51 111 25 69 112 24 71 113 40 49 114 24 89 115 23 66 116 41 47 117 23 90 118 22 63 119 42 45 120 22 91 121 21 60 122 42 92 123 27 81 124 36 59 125 5 93 126 46 94 127 12 95 128 6 96 129 48 97 130 47 98 131 6 21 132 49 99 133 0 100 134 5 12 135 50 101 136 43 102 137 3 11 138 50 103 139 4 9 140 2 8 141 51 104 142 3 6 143 2 105 144 53 106 145 52 107 146 1 108 147 49 109 148 53 110 149 19 111 150 46 94 151 55 112 152 20 113 153 48 97 154 13 114 155 37 115 156 55 112 157 58 116 158 36 117 159 56 118 160 20 113 161 34 28 162 63 119 163 62 120 164 33 121 165 60 122 166 63 123 167 35 124 168 64 125 169 27 126 170 35 127 171 62 120 172 65 128 173 27 126 174 59 129 175 36 117 176 26 130 177 58 116 178 60 122 179 66 131 180 74 132 181 73 133 182 68 134 183 74 135 184 67 136 185 69 137 186 75 138 187 68 139 188 70 140 189 76 141 190 69 142 191 109 143 192 111 144 193 108 145 194 109 146 195 113 147 196 110 148 197 71 149 198 79 150 199 78 151 200 72 152 201 73 153 202 79 154 203 116 155 204 117 156 205 115 157 206 126 158 207 123 159 208 125 160 209 74 132 210 107 161 211 73 133 212 74 135 213 105 162 214 106 163 215 75 138 216 104 164 217 105 165 218 76 141 219 103 166 220 104 167 221 111 144 222 127 168 223 128 169 224 113 147 225 127 170 226 110 148 227 79 150 228 102 171 229 78 151 230 73 153 231 101 172 232 79 154 233 80 173 234 88 174 235 87 175 236 82 176 237 88 177 238 81 178 239 83 179 240 89 180 241 82 181 242 84 182 243 90 183 244 83 184 245 131 185 246 133 186 247 130 187 248 131 188 249 135 189 250 132 190 251 85 191 252 93 192 253 92 193 254 86 194 255 87 195 256 93 196 257 87 175 258 95 197 259 94 198 260 89 199 261 95 200 262 88 177 263 90 201 264 96 202 265 89 180 266 91 203 267 97 204 268 90 183 269 132 205 270 123 206 271 133 186 272 132 190 273 125 207 274 124 208 275 92 193 276 100 209 277 99 210 278 93 196 279 94 211 280 100 209 281 102 171 282 86 212 283 85 191 284 129 213 285 131 188 286 127 170 287 127 168 288 130 187 289 128 169 290 103 166 291 83 184 292 104 167 293 104 164 294 82 181 295 105 165 296 106 163 297 82 176 298 81 178 299 107 161 300 81 214 301 80 173 302 101 172 303 80 215 304 86 194 305 70 216 306 111 217 307 77 218 308 71 219 309 113 220 310 112 221 311 66 222 312 114 223 313 115 224 314 71 149 315 114 225 316 72 226 317 70 140 318 116 227 319 108 228 320 68 139 321 116 229 322 69 137 323 67 136 324 117 230 325 68 134 326 67 231 327 115 232 328 118 233 329 94 198 330 120 234 331 119 235 332 96 236 333 120 237 334 95 200 335 97 204 336 121 238 337 96 202 338 98 239 339 122 240 340 97 204 341 99 210 342 126 241 343 125 242 344 100 209 345 119 243 346 126 241 347 77 218 348 128 244 349 103 245 350 78 246 351 129 247 352 113 220 353 91 248 354 130 249 355 133 250 356 92 251 357 134 252 358 85 253 359 98 239 360 133 250 361 123 254 362 99 210 363 135 255 364 92 251 365 85 253 366 129 247 367 102 256 368 84 257 369 128 244 370 130 249 371 136 258 372 144 259 373 143 260 374 138 261 375 144 262 376 137 263 377 139 264 378 145 265 379 138 266 380 140 267 381 146 268 382 139 269 383 178 270 384 180 271 385 181 272 386 179 273 387 183 274 388 180 275 389 141 276 390 149 277 391 148 278 392 142 279 393 143 280 394 149 281 395 187 282 396 188 283 397 184 284 398 196 285 399 190 286 400 192 287 401 144 259 402 150 288 403 143 260 404 145 289 405 151 290 406 144 262 407 145 265 408 153 291 409 152 292 410 146 268 411 154 293 412 153 294 413 181 272 414 197 295 415 198 296 416 180 275 417 199 297 418 197 298 419 149 277 420 155 299 421 148 278 422 143 280 423 156 300 424 149 281 425 151 301 426 177 302 427 150 288 428 151 290 429 175 303 430 176 304 431 152 292 432 174 305 433 175 306 434 153 294 435 173 307 436 174 308 437 198 296 438 200 309 439 201 310 440 199 297 441 200 311 442 197 298 443 156 312 444 172 313 445 155 299 446 150 314 447 171 315 448 156 300 449 158 316 450 164 317 451 157 318 452 159 319 453 165 320 454 158 321 455 160 322 456 166 323 457 159 324 458 160 325 459 168 326 460 167 327 461 204 328 462 193 329 463 203 330 464 204 331 465 195 332 466 194 333 467 162 334 468 170 335 469 169 336 470 157 337 471 170 335 472 163 338 473 172 313 474 163 339 475 162 334 476 200 311 477 205 340 478 204 341 479 201 310 480 204 342 481 203 343 482 174 308 483 161 344 484 160 325 485 174 305 486 159 324 487 175 306 488 175 303 489 158 321 490 176 304 491 176 345 492 157 318 493 177 302 494 177 346 495 163 338 496 171 315 497 140 347 498 181 348 499 147 349 500 141 350 501 183 351 502 182 352 503 136 353 504 184 354 505 185 355 506 142 356 507 182 357 508 184 358 509 140 267 510 186 359 511 178 360 512 138 266 513 186 361 514 139 264 515 137 263 516 187 362 517 138 261 518 137 363 519 185 364 520 188 365 521 165 366 522 189 367 523 164 317 524 166 368 525 190 369 526 165 320 527 167 327 528 191 370 529 166 323 530 167 327 531 193 371 532 192 372 533 170 335 534 195 373 535 169 336 536 164 374 537 196 375 538 170 335 539 154 376 540 181 348 541 198 377 542 155 378 543 183 351 544 148 379 545 173 380 546 198 377 547 201 381 548 172 382 549 199 383 550 155 378 551 168 326 552 203 384 553 193 371 554 169 336 555 205 385 556 162 386 557 162 386 558 202 387 559 172 382 560 161 388 561 201 381 562 203 384 563 206 389 564 214 390 565 213 391 566 208 392 567 214 393 568 207 394 569 209 395 570 215 396 571 208 397 572 210 398 573 216 399 574 209 400 575 250 401 576 252 402 577 249 403 578 250 404 579 254 405 580 251 406 581 211 407 582 219 408 583 218 409 584 212 410 585 213 411 586 219 412 587 257 413 588 258 414 589 255 415 590 240 416 591 241 417 592 237 418 593 214 390 594 248 419 595 213 391 596 214 393 597 246 420 598 247 421 599 215 396 600 245 422 601 246 423 602 216 399 603 244 424 604 245 425 605 252 402 606 260 426 607 261 427 608 254 405 609 260 428 610 251 406 611 219 408 612 243 429 613 218 409 614 213 411 615 242 430 616 219 412 617 220 431 618 228 432 619 227 433 620 222 434 621 228 435 622 221 436 623 223 437 624 229 438 625 222 439 626 224 440 627 230 441 628 223 442 629 264 443 630 266 444 631 263 445 632 264 446 633 268 447 634 265 448 635 225 449 636 233 450 637 232 451 638 226 452 639 227 453 640 233 454 641 227 433 642 235 455 643 234 456 644 229 457 645 235 458 646 228 435 647 230 459 648 236 460 649 229 438 650 231 461 651 237 462 652 230 441 653 265 463 654 270 464 655 266 444 656 265 448 657 271 465 658 269 466 659 232 451 660 241 467 661 240 468 662 233 454 663 234 469 664 241 470 665 243 429 666 226 471 667 225 449 668 260 428 669 267 472 670 264 446 671 260 426 672 263 445 673 261 427 674 244 424 675 223 442 676 245 425 677 245 422 678 222 439 679 246 423 680 246 420 681 221 436 682 247 421 683 248 419 684 221 473 685 220 431 686 242 430 687 220 474 688 226 452 689 210 475 690 252 476 691 217 477 692 211 478 693 254 479 694 253 480 695 206 481 696 255 482 697 256 483 698 211 407 699 255 484 700 212 485 701 210 398 702 257 486 703 249 487 704 208 397 705 257 488 706 209 395 707 207 394 708 258 489 709 208 392 710 207 490 711 256 491 712 259 492 713 217 477 714 261 493 715 244 494 716 218 495 717 262 496 718 254 479 719 231 497 720 263 498 721 266 499 722 232 500 723 267 501 724 225 502 725 239 503 726 270 504 727 269 505 728 238 506 729 266 499 730 270 507 731 240 508 732 268 509 733 232 500 734 239 503 735 271 510 736 240 416 737 225 502 738 262 496 739 243 511 740 224 512 741 261 493 742 263 498 743 273 513 744 329 514 745 272 515 746 274 516 747 328 517 748 273 518 749 274 519 750 334 520 751 327 521 752 275 522 753 333 523 754 334 524 755 276 525 756 332 526 757 333 527 758 277 528 759 331 529 760 332 530 761 278 531 762 330 532 763 331 533 764 272 534 765 330 535 766 279 536 767 336 537 768 335 537 769 337 537 770 338 537 771 336 537 772 337 537 773 339 537 774 338 537 775 337 537 776 340 537 777 339 537 778 337 537 779 341 537 780 340 537 781 337 537 782 342 537 783 341 537 784 337 537 785 343 537 786 342 537 787 337 537 788 335 537 789 343 537 790 337 537 791 288 538 792 289 539 793 290 540 794 289 539 795 291 541 796 290 540 797 291 541 798 292 542 799 290 540 800 292 542 801 293 543 802 290 540 803 293 543 804 294 544 805 290 540 806 294 544 807 295 545 808 290 540 809 295 545 810 296 546 811 290 540 812 296 546 813 288 538 814 290 540 815 281 547 816 317 548 817 280 549 818 281 550 819 315 551 820 316 552 821 282 553 822 314 554 823 315 555 824 283 556 825 313 557 826 314 558 827 284 559 828 320 560 829 313 561 830 286 562 831 320 563 832 285 564 833 287 565 834 319 566 835 286 567 836 280 568 837 318 569 838 287 570 839 297 571 840 306 572 841 298 573 842 298 574 843 307 575 844 299 576 845 300 577 846 307 578 847 308 579 848 301 580 849 308 581 850 309 582 851 302 583 852 309 584 853 310 585 854 303 586 855 310 587 856 311 588 857 303 589 858 312 590 859 304 591 860 304 592 861 305 593 862 297 594 863 305 595 864 286 567 865 306 572 866 307 575 867 286 562 868 285 564 869 308 579 870 285 596 871 284 559 872 309 582 873 284 597 874 283 556 875 310 585 876 283 598 877 282 553 878 310 587 879 281 550 880 311 588 881 311 599 882 280 549 883 312 590 884 312 600 885 287 570 886 305 593 887 314 558 888 293 601 889 292 602 890 314 554 891 291 603 892 315 555 893 321 604 894 324 605 895 322 606 896 322 607 897 326 608 898 325 609 899 317 610 900 296 611 901 318 569 902 319 566 903 296 612 904 295 613 905 320 563 906 295 614 907 294 615 908 313 561 909 294 616 910 293 617 911 316 618 912 321 619 913 322 620 914 291 621 915 321 622 916 315 623 917 289 539 918 323 624 919 291 541 920 316 618 921 325 625 922 317 626 923 289 539 924 326 627 925 324 628 926 288 629 927 325 630 928 326 631 929 327 632 930 303 586 931 328 517 932 329 514 933 303 589 934 304 591 935 330 535 936 304 592 937 297 594 938 331 533 939 297 571 940 298 573 941 332 530 942 298 574 943 299 576 944 333 527 945 299 633 946 300 577 947 333 523 948 301 580 949 334 524 950 334 520 951 302 583 952 327 521 953 272 515 954 336 634 955 273 513 956 273 518 957 338 635 958 274 516 959 274 519 960 339 636 961 275 637 962 275 522 963 340 638 964 276 639 965 276 525 966 341 640 967 277 641 968 277 528 969 342 642 970 278 643 971 278 531 972 343 644 973 279 645 974 279 536 975 335 646 976 272 534 977 345 647 978 352 648 979 344 649 980 389 650 981 391 651 982 392 652 983 346 653 984 355 654 985 354 655 986 347 656 987 356 657 988 355 658 989 348 659 990 357 660 991 356 661 992 350 662 993 357 663 994 349 664 995 351 665 996 358 666 997 350 667 998 344 668 999 359 669 1000 351 670 1001 398 671 1002 390 672 1003 394 673 1004 372 674 1005 373 675 1006 370 676 1007 399 677 1008 400 678 1009 401 679 1010 392 652 1011 402 680 1012 400 681 1013 355 654 1014 387 682 1015 354 655 1016 356 657 1017 386 683 1018 355 658 1019 357 660 1020 385 684 1021 356 661 1022 358 685 1023 384 686 1024 357 663 1025 358 666 1026 382 687 1027 383 688 1028 359 669 1029 388 689 1030 382 690 1031 404 691 1032 406 692 1033 403 693 1034 404 694 1035 408 695 1036 405 696 1037 361 697 1038 379 698 1039 380 699 1040 362 700 1041 378 701 1042 379 702 1043 363 703 1044 377 704 1045 378 705 1046 365 706 1047 377 707 1048 364 708 1049 366 709 1050 376 710 1051 365 711 1052 360 712 1053 375 713 1054 366 714 1055 375 715 1056 373 716 1057 376 710 1058 376 717 1059 372 718 1060 377 707 1061 377 704 1062 371 719 1063 378 705 1064 378 701 1065 370 720 1066 379 702 1067 380 699 1068 370 721 1069 369 722 1070 405 696 1071 409 723 1072 410 724 1073 406 692 1074 410 725 1075 411 726 1076 375 713 1077 367 727 1078 374 728 1079 382 687 1080 365 711 1081 383 688 1082 383 729 1083 364 708 1084 384 686 1085 385 684 1086 364 730 1087 363 703 1088 386 683 1089 363 731 1090 362 700 1091 387 682 1092 362 732 1093 361 697 1094 400 681 1095 407 733 1096 404 694 1097 400 678 1098 403 693 1099 401 679 1100 388 689 1101 366 714 1102 382 690 1103 346 734 1104 391 735 1105 390 736 1106 345 737 1107 392 738 1108 353 739 1109 351 670 1110 394 740 1111 344 668 1112 350 667 1113 393 741 1114 351 665 1115 349 664 1116 395 742 1117 350 662 1118 349 743 1119 397 744 1120 396 745 1121 348 746 1122 398 747 1123 397 748 1124 347 749 1125 390 750 1126 398 751 1127 345 647 1128 394 752 1129 389 753 1130 353 754 1131 399 755 1132 352 756 1133 388 757 1134 399 758 1135 401 759 1136 354 760 1137 402 761 1138 391 735 1139 381 762 1140 403 763 1141 406 764 1142 380 765 1143 407 766 1144 361 767 1145 369 768 1146 408 769 1147 380 765 1148 368 770 1149 409 771 1150 369 772 1151 368 770 1152 411 773 1153 410 774 1154 367 775 1155 406 764 1156 411 776 1157 361 767 1158 402 761 1159 387 777 1160 360 778 1161 401 759 1162 403 763 1163 413 779 1164 419 780 1165 412 781 1166 414 782 1167 420 783 1168 413 784 1169 415 785 1170 421 786 1171 414 787 1172 416 788 1173 422 789 1174 415 790 1175 462 791 1176 464 792 1177 465 793 1178 463 794 1179 467 795 1180 464 796 1181 417 797 1182 425 798 1183 424 799 1184 418 800 1185 419 801 1186 425 802 1187 471 803 1188 472 804 1189 468 805 1190 420 806 1191 447 807 1192 419 780 1193 421 808 1194 446 809 1195 420 783 1196 421 786 1197 444 810 1198 445 811 1199 422 789 1200 443 812 1201 444 813 1202 465 793 1203 473 814 1204 474 815 1205 464 796 1206 475 816 1207 473 817 1208 425 798 1209 442 818 1210 424 799 1211 419 801 1212 441 819 1213 425 802 1214 427 820 1215 461 821 1216 426 822 1217 427 823 1218 459 824 1219 460 825 1220 428 826 1221 458 827 1222 459 828 1223 429 829 1224 457 830 1225 458 831 1226 476 832 1227 478 833 1228 479 834 1229 480 835 1230 478 836 1231 477 837 1232 432 838 1233 456 839 1234 431 840 1235 426 841 1236 455 842 1237 432 843 1238 442 818 1239 432 838 1240 431 840 1241 473 817 1242 480 835 1243 477 837 1244 473 814 1245 476 832 1246 474 815 1247 443 812 1248 429 829 1249 444 813 1250 444 810 1251 428 826 1252 445 811 1253 445 844 1254 427 823 1255 446 809 1256 447 807 1257 427 820 1258 426 822 1259 441 819 1260 426 841 1261 432 843 1262 449 845 1263 440 846 1264 439 847 1265 483 848 1266 484 849 1267 485 850 1268 483 851 1269 487 852 1270 486 853 1271 450 854 1272 436 855 1273 451 856 1274 451 857 1275 435 858 1276 452 859 1277 452 860 1278 434 861 1279 453 862 1280 454 863 1281 434 864 1282 433 865 1283 448 866 1284 433 867 1285 440 868 1286 456 839 1287 448 869 1288 449 845 1289 478 836 1290 482 870 1291 483 848 1292 478 833 1293 486 853 1294 479 834 1295 457 830 1296 451 856 1297 458 831 1298 458 827 1299 452 859 1300 459 828 1301 459 824 1302 453 862 1303 460 825 1304 461 821 1305 453 871 1306 454 863 1307 455 842 1308 454 872 1309 448 866 1310 439 873 1311 440 874 1312 435 875 1313 416 876 1314 465 877 1315 423 878 1316 417 879 1317 467 880 1318 466 881 1319 412 882 1320 468 883 1321 469 884 1322 417 797 1323 468 885 1324 418 886 1325 416 788 1326 470 887 1327 462 888 1328 414 787 1329 470 889 1330 415 785 1331 413 784 1332 471 890 1333 414 782 1334 412 781 1335 472 891 1336 413 779 1337 443 892 1338 465 877 1339 474 893 1340 442 894 1341 467 880 1342 424 895 1343 430 896 1344 479 897 1345 457 898 1346 431 899 1347 481 900 1348 480 901 1349 431 899 1350 475 902 1351 442 894 1352 430 896 1353 474 893 1354 476 903 1355 439 904 1356 482 905 1357 449 906 1358 438 907 1359 484 908 1360 439 873 1361 438 907 1362 487 909 1363 485 910 1364 437 911 1365 486 912 1366 487 913 1367 449 906 1368 481 900 1369 456 914 1370 450 915 1371 479 897 1372 486 912 1373 525 916 1374 527 917 1375 524 918 1376 525 919 1377 529 920 1378 526 921 1379 489 922 1380 497 923 1381 496 924 1382 490 925 1383 498 926 1384 497 927 1385 491 928 1386 499 929 1387 498 930 1388 493 931 1389 499 932 1390 492 933 1391 494 934 1392 500 935 1393 493 936 1394 488 937 1395 501 938 1396 494 939 1397 534 940 1398 528 941 1399 524 942 1400 523 943 1401 520 944 1402 522 945 1403 526 946 1404 536 947 1405 527 917 1406 526 921 1407 537 948 1408 535 949 1409 496 924 1410 504 950 1411 503 951 1412 497 927 1413 505 952 1414 504 953 1415 498 930 1416 506 954 1417 505 955 1418 500 956 1419 506 957 1420 499 932 1421 501 958 1422 507 959 1423 500 935 1424 495 960 1425 508 961 1426 501 938 1427 535 962 1428 539 963 1429 536 947 1430 537 948 1431 538 964 1432 535 949 1433 504 950 1434 510 965 1435 503 951 1436 504 953 1437 512 966 1438 511 967 1439 505 955 1440 513 968 1441 512 969 1442 507 970 1443 513 971 1444 506 957 1445 508 972 1446 514 973 1447 507 959 1448 502 974 1449 515 975 1450 508 961 1451 538 976 1452 542 977 1453 539 963 1454 538 964 1455 543 978 1456 541 979 1457 510 965 1458 519 980 1459 518 981 1460 511 967 1461 520 982 1462 519 983 1463 512 969 1464 521 984 1465 520 985 1466 514 986 1467 521 987 1468 513 971 1469 515 988 1470 522 989 1471 514 973 1472 509 990 1473 523 991 1474 515 975 1475 488 992 1476 527 993 1477 495 994 1478 489 995 1479 529 996 1480 528 997 1481 488 937 1482 530 998 1483 524 999 1484 493 936 1485 530 1000 1486 494 934 1487 492 933 1488 531 1001 1489 493 931 1490 492 1002 1491 533 1003 1492 532 1004 1493 491 1005 1494 534 1006 1495 533 1007 1496 489 922 1497 534 1008 1498 490 1009 1499 502 1010 1500 527 993 1501 536 1011 1502 503 1012 1503 529 996 1504 496 1013 1505 502 1010 1506 539 1014 1507 509 1015 1508 503 1012 1509 540 1016 1510 537 1017 1511 517 1018 1512 542 1019 1513 541 1020 1514 516 1021 1515 539 1014 1516 542 1022 1517 518 1023 1518 540 1016 1519 510 1024 1520 517 1018 1521 543 1025 1522 518 1026 1523 587 1027 1524 589 1028 1525 586 1029 1526 587 1030 1527 591 1031 1528 588 1032 1529 545 1033 1530 553 1034 1531 552 1035 1532 546 1036 1533 554 1037 1534 553 1038 1535 547 1039 1536 555 1040 1537 554 1041 1538 549 1042 1539 555 1043 1540 548 1044 1541 550 1045 1542 556 1046 1543 549 1047 1544 544 1048 1545 557 1049 1546 550 1050 1547 596 1051 1548 590 1052 1549 592 1053 1550 603 1054 1551 604 1055 1552 600 1056 1553 589 1028 1554 605 1057 1555 606 1058 1556 591 1031 1557 605 1059 1558 588 1032 1559 553 1034 1560 584 1060 1561 552 1035 1562 554 1037 1563 583 1061 1564 553 1038 1565 555 1040 1566 582 1062 1567 554 1041 1568 555 1043 1569 580 1063 1570 581 1064 1571 556 1046 1572 579 1065 1573 580 1066 1574 557 1049 1575 585 1067 1576 579 1068 1577 609 1069 1578 611 1070 1579 608 1071 1580 609 1072 1581 613 1073 1582 610 1074 1583 559 1075 1584 576 1076 1585 577 1077 1586 560 1078 1587 575 1079 1588 576 1080 1589 561 1081 1590 574 1082 1591 575 1083 1592 563 1084 1593 574 1085 1594 562 1086 1595 564 1087 1596 573 1088 1597 563 1089 1598 558 1090 1599 572 1091 1600 564 1092 1601 572 1093 1602 570 1094 1603 573 1088 1604 573 1095 1605 569 1096 1606 574 1085 1607 575 1083 1608 569 1097 1609 568 1098 1610 576 1080 1611 568 1099 1612 567 1100 1613 577 1077 1614 567 1100 1615 566 1101 1616 610 1074 1617 599 1102 1618 598 1103 1619 610 1104 1620 597 1105 1621 611 1070 1622 578 1106 1623 571 1107 1624 572 1091 1625 579 1065 1626 563 1089 1627 580 1066 1628 580 1063 1629 562 1086 1630 581 1064 1631 582 1062 1632 562 1108 1633 561 1081 1634 583 1061 1635 561 1109 1636 560 1078 1637 584 1060 1638 560 1110 1639 559 1075 1640 605 1059 1641 612 1111 1642 609 1072 1643 605 1057 1644 608 1071 1645 606 1058 1646 585 1067 1647 564 1092 1648 579 1068 1649 544 1112 1650 589 1113 1651 551 1114 1652 545 1115 1653 591 1116 1654 590 1117 1655 544 1048 1656 592 1118 1657 586 1119 1658 549 1047 1659 592 1120 1660 550 1045 1661 548 1044 1662 593 1121 1663 549 1042 1664 548 1122 1665 595 1123 1666 594 1124 1667 547 1125 1668 596 1126 1669 595 1127 1670 545 1033 1671 596 1128 1672 546 1129 1673 566 1101 1674 600 1130 1675 599 1131 1676 567 1100 1677 601 1132 1678 600 1130 1679 568 1098 1680 602 1133 1681 601 1134 1682 570 1135 1683 602 1136 1684 569 1096 1685 571 1107 1686 603 1137 1687 570 1094 1688 565 1138 1689 604 1139 1690 571 1107 1691 551 1114 1692 606 1140 1693 585 1141 1694 552 1142 1695 607 1143 1696 591 1116 1697 578 1144 1698 608 1145 1699 611 1146 1700 577 1147 1701 612 1148 1702 559 1149 1703 566 1101 1704 613 1150 1705 577 1147 1706 565 1138 1707 611 1146 1708 597 1151 1709 559 1149 1710 607 1143 1711 584 1152 1712 558 1153 1713 606 1140 1714 608 1145 1715 614 1154 1716 622 1155 1717 621 1156 1718 615 1157 1719 623 1158 1720 622 1159 1721 617 1160 1722 623 1161 1723 616 1162 1724 618 1163 1725 624 1164 1726 617 1165 1727 665 1166 1728 667 1167 1729 664 1168 1730 668 1169 1731 666 1170 1732 665 1171 1733 619 1172 1734 627 1173 1735 626 1174 1736 620 1175 1737 621 1176 1738 627 1177 1739 672 1178 1740 673 1179 1741 674 1180 1742 621 1156 1743 648 1181 1744 649 1182 1745 622 1159 1746 647 1183 1747 648 1184 1748 623 1161 1749 646 1185 1750 647 1186 1751 624 1164 1752 645 1187 1753 646 1188 1754 666 1189 1755 676 1190 1756 667 1167 1757 669 1191 1758 675 1192 1759 666 1170 1760 627 1173 1761 644 1193 1762 626 1174 1763 621 1176 1764 643 1194 1765 627 1177 1766 629 1195 1767 663 1196 1768 628 1197 1769 629 1198 1770 661 1199 1771 662 1200 1772 630 1201 1773 660 1202 1774 661 1203 1775 631 1204 1776 659 1205 1777 660 1206 1778 678 1207 1779 680 1208 1780 681 1209 1781 682 1210 1782 680 1211 1783 679 1212 1784 634 1213 1785 658 1214 1786 633 1215 1787 628 1216 1788 657 1217 1789 634 1218 1790 644 1193 1791 634 1213 1792 633 1215 1793 675 1192 1794 682 1210 1795 679 1212 1796 675 1219 1797 678 1207 1798 676 1190 1799 645 1187 1800 631 1204 1801 646 1188 1802 646 1185 1803 630 1201 1804 647 1186 1805 647 1183 1806 629 1198 1807 648 1184 1808 649 1182 1809 629 1195 1810 628 1197 1811 643 1194 1812 628 1216 1813 634 1218 1814 651 1220 1815 642 1221 1816 641 1222 1817 685 1223 1818 686 1224 1819 687 1225 1820 685 1226 1821 689 1227 1822 688 1228 1823 652 1229 1824 638 1230 1825 653 1231 1826 653 1232 1827 637 1233 1828 654 1234 1829 654 1235 1830 636 1236 1831 655 1237 1832 656 1238 1833 636 1239 1834 635 1240 1835 650 1241 1836 635 1242 1837 642 1243 1838 658 1214 1839 650 1244 1840 651 1220 1841 680 1211 1842 684 1245 1843 685 1223 1844 680 1208 1845 688 1228 1846 681 1209 1847 659 1205 1848 653 1231 1849 660 1206 1850 660 1202 1851 654 1234 1852 661 1203 1853 661 1199 1854 655 1237 1855 662 1200 1856 663 1196 1857 655 1246 1858 656 1238 1859 657 1217 1860 656 1247 1861 650 1241 1862 642 1248 1863 635 1249 1864 639 1250 1865 618 1251 1866 667 1252 1867 625 1253 1868 619 1254 1869 669 1255 1870 668 1256 1871 614 1257 1872 670 1258 1873 671 1259 1874 619 1172 1875 670 1260 1876 620 1261 1877 618 1163 1878 672 1262 1879 664 1263 1880 616 1162 1881 672 1264 1882 617 1160 1883 616 1265 1884 674 1266 1885 673 1267 1886 615 1268 1887 671 1269 1888 674 1270 1889 645 1271 1890 667 1252 1891 676 1272 1892 644 1273 1893 669 1255 1894 626 1274 1895 632 1275 1896 681 1276 1897 659 1277 1898 633 1278 1899 683 1279 1900 682 1280 1901 633 1278 1902 677 1281 1903 644 1273 1904 632 1275 1905 676 1272 1906 678 1282 1907 641 1283 1908 684 1284 1909 651 1285 1910 640 1286 1911 686 1287 1912 641 1288 1913 640 1286 1914 689 1289 1915 687 1290 1916 639 1291 1917 688 1292 1918 689 1293 1919 651 1285 1920 683 1279 1921 658 1294 1922 652 1295 1923 681 1276 1924 688 1292 1925 748 1296 1926 750 1297 1927 747 1298 1928 748 1299 1929 752 1300 1930 749 1301 1931 691 1302 1932 699 1303 1933 698 1304 1934 692 1305 1935 700 1306 1936 699 1307 1937 693 1308 1938 701 1309 1939 700 1310 1940 695 1311 1941 701 1312 1942 694 1313 1943 696 1314 1944 702 1315 1945 695 1316 1946 690 1317 1947 703 1318 1948 696 1319 1949 757 1320 1950 751 1321 1951 747 1322 1952 725 1323 1953 722 1324 1954 724 1325 1955 749 1326 1956 759 1327 1957 750 1297 1958 752 1300 1959 758 1328 1960 749 1301 1961 699 1303 1962 731 1329 1963 698 1304 1964 700 1306 1965 730 1330 1966 699 1307 1967 700 1310 1968 728 1331 1969 729 1332 1970 701 1312 1971 727 1333 1972 728 1334 1973 702 1315 1974 726 1335 1975 727 1336 1976 703 1318 1977 732 1337 1978 726 1338 1979 762 1339 1980 764 1340 1981 761 1341 1982 762 1342 1983 766 1343 1984 763 1344 1985 705 1345 1986 737 1346 1987 738 1347 1988 706 1348 1989 736 1349 1990 737 1350 1991 707 1351 1992 735 1352 1993 736 1353 1994 709 1354 1995 735 1355 1996 708 1356 1997 710 1357 1998 734 1358 1999 709 1359 2000 704 1360 2001 733 1361 2002 710 1362 2003 768 1363 2004 770 1364 2005 767 1365 2006 768 1366 2007 772 1367 2008 769 1368 2009 712 1369 2010 743 1370 2011 744 1371 2012 713 1372 2013 742 1373 2014 743 1374 2015 714 1375 2016 741 1376 2017 742 1377 2018 716 1378 2019 741 1379 2020 715 1380 2021 717 1381 2022 740 1382 2023 716 1383 2024 711 1384 2025 746 1385 2026 717 1386 2027 726 1335 2028 709 1359 2029 727 1336 2030 727 1333 2031 708 1356 2032 728 1334 2033 729 1332 2034 708 1387 2035 707 1351 2036 730 1330 2037 707 1388 2038 706 1348 2039 731 1329 2040 706 1389 2041 705 1345 2042 758 1328 2043 765 1390 2044 762 1342 2045 758 1391 2046 761 1341 2047 759 1327 2048 732 1337 2049 710 1362 2050 726 1338 2051 734 1358 2052 717 1381 2053 716 1383 2054 735 1355 2055 716 1378 2056 715 1380 2057 735 1352 2058 714 1375 2059 736 1353 2060 736 1349 2061 713 1372 2062 737 1350 2063 737 1346 2064 712 1369 2065 738 1347 2066 766 1343 2067 768 1366 2068 763 1344 2069 764 1340 2070 768 1363 2071 767 1365 2072 733 1361 2073 711 1384 2074 717 1386 2075 741 1379 2076 724 1392 2077 723 1393 2078 742 1377 2079 723 1394 2080 722 1395 2081 743 1374 2082 722 1396 2083 721 1397 2084 743 1370 2085 720 1398 2086 744 1371 2087 772 1367 2088 774 1399 2089 769 1368 2090 769 1400 2091 775 1401 2092 770 1364 2093 745 1402 2094 725 1403 2095 746 1385 2096 740 1382 2097 725 1404 2098 724 1405 2099 690 1406 2100 750 1407 2101 697 1408 2102 691 1409 2103 752 1410 2104 751 1411 2105 690 1317 2106 753 1412 2107 747 1413 2108 695 1316 2109 753 1414 2110 696 1314 2111 694 1313 2112 754 1415 2113 695 1311 2114 694 1416 2115 756 1417 2116 755 1418 2117 693 1419 2118 757 1420 2119 756 1421 2120 691 1302 2121 757 1422 2122 692 1423 2123 697 1408 2124 759 1424 2125 732 1425 2126 698 1426 2127 760 1427 2128 752 1410 2129 739 1428 2130 761 1429 2131 764 1430 2132 738 1431 2133 765 1432 2134 705 1433 2135 745 1434 2136 767 1435 2137 770 1436 2138 744 1437 2139 771 1438 2140 712 1439 2141 705 1433 2142 760 1427 2143 731 1440 2144 704 1441 2145 759 1424 2146 761 1429 2147 738 1431 2148 771 1438 2149 766 1442 2150 739 1428 2151 767 1435 2152 711 1443 2153 720 1444 2154 772 1445 2155 744 1437 2156 719 1446 2157 773 1447 2158 720 1448 2159 719 1446 2160 775 1449 2161 774 1450 2162 718 1451 2163 770 1436 2164 775 1452 2165 776 1453 2166 784 1454 2167 783 1455 2168 778 1456 2169 784 1457 2170 777 1458 2171 779 1459 2172 785 1460 2173 778 1461 2174 780 1462 2175 786 1463 2176 779 1464 2177 833 1465 2178 835 1466 2179 832 1467 2180 833 1468 2181 837 1469 2182 834 1470 2183 781 1471 2184 789 1472 2185 788 1473 2186 782 1474 2187 783 1475 2188 789 1476 2189 840 1477 2190 841 1478 2191 839 1479 2192 850 1480 2193 844 1481 2194 846 1482 2195 783 1455 2196 816 1483 2197 817 1484 2198 784 1457 2199 815 1485 2200 816 1486 2201 785 1460 2202 814 1487 2203 815 1488 2204 786 1463 2205 813 1489 2206 814 1490 2207 835 1466 2208 851 1491 2209 852 1492 2210 837 1469 2211 851 1493 2212 834 1470 2213 789 1472 2214 812 1494 2215 788 1473 2216 783 1475 2217 811 1495 2218 789 1476 2219 791 1496 2220 823 1497 2221 790 1498 2222 791 1499 2223 821 1500 2224 822 1501 2225 792 1502 2226 820 1503 2227 821 1504 2228 793 1505 2229 819 1506 2230 820 1507 2231 854 1508 2232 856 1509 2233 857 1510 2234 858 1511 2235 856 1512 2236 855 1513 2237 796 1514 2238 818 1515 2239 795 1516 2240 790 1517 2241 824 1518 2242 796 1519 2243 797 1520 2244 805 1521 2245 804 1522 2246 799 1523 2247 805 1524 2248 798 1525 2249 800 1526 2250 806 1527 2251 799 1528 2252 801 1529 2253 807 1530 2254 800 1531 2255 861 1532 2256 847 1533 2257 860 1534 2258 861 1535 2259 849 1536 2260 848 1537 2261 802 1538 2262 810 1539 2263 809 1540 2264 803 1541 2265 804 1542 2266 810 1543 2267 812 1494 2268 796 1514 2269 795 1516 2270 851 1493 2271 858 1511 2272 855 1513 2273 851 1491 2274 854 1508 2275 852 1492 2276 813 1489 2277 793 1505 2278 814 1490 2279 814 1487 2280 792 1502 2281 815 1488 2282 815 1485 2283 791 1499 2284 816 1486 2285 817 1484 2286 791 1496 2287 790 1498 2288 811 1495 2289 790 1517 2290 796 1519 2291 856 1512 2292 863 1544 2293 864 1545 2294 856 1509 2295 865 1546 2296 857 1510 2297 819 1506 2298 828 1547 2299 820 1507 2300 820 1503 2301 829 1548 2302 821 1504 2303 821 1500 2304 830 1549 2305 822 1501 2306 823 1497 2307 830 1550 2308 831 1551 2309 824 1518 2310 831 1552 2311 825 1553 2312 818 1515 2313 825 1554 2314 826 1555 2315 826 1555 2316 803 1556 2317 802 1538 2318 864 1545 2319 862 1557 2320 861 1535 2321 864 1558 2322 860 1534 2323 865 1546 2324 827 1559 2325 800 1531 2326 828 1547 2327 828 1560 2328 799 1528 2329 829 1548 2330 829 1561 2331 798 1525 2332 830 1549 2333 831 1551 2334 798 1562 2335 797 1520 2336 825 1553 2337 797 1563 2338 803 1541 2339 780 1564 2340 835 1565 2341 787 1566 2342 781 1567 2343 837 1568 2344 836 1569 2345 776 1570 2346 838 1571 2347 839 1572 2348 782 1573 2349 836 1574 2350 838 1575 2351 779 1464 2352 832 1576 2353 780 1462 2354 778 1461 2355 840 1577 2356 779 1459 2357 777 1458 2358 841 1578 2359 778 1456 2360 777 1579 2361 839 1580 2362 842 1581 2363 804 1522 2364 844 1582 2365 843 1583 2366 806 1584 2367 844 1585 2368 805 1524 2369 807 1586 2370 845 1587 2371 806 1527 2372 807 1586 2373 847 1588 2374 846 1589 2375 810 1543 2376 849 1590 2377 809 1591 2378 810 1543 2379 843 1592 2380 850 1593 2381 813 1594 2382 835 1565 2383 852 1595 2384 812 1596 2385 837 1568 2386 788 1597 2387 794 1598 2388 857 1599 2389 819 1600 2390 795 1601 2391 859 1602 2392 858 1603 2393 808 1604 2394 860 1605 2395 847 1588 2396 809 1591 2397 862 1606 2398 802 1607 2399 795 1601 2400 853 1608 2401 812 1596 2402 794 1598 2403 852 1595 2404 854 1609 2405 826 1610 2406 859 1602 2407 818 1611 2408 827 1612 2409 857 1599 2410 865 1613 2411 802 1607 2412 863 1614 2413 826 1610 2414 801 1615 2415 865 1613 2416 860 1605 2417 866 1616 2418 874 1617 2419 873 1618 2420 868 1619 2421 874 1620 2422 867 1621 2423 869 1622 2424 875 1623 2425 868 1624 2426 870 1625 2427 876 1626 2428 869 1627 2429 871 1628 2430 877 1629 2431 870 1630 2432 923 1631 2433 925 1632 2434 926 1633 2435 924 1634 2436 928 1635 2437 925 1636 2438 872 1637 2439 873 1638 2440 879 1639 2441 931 1640 2442 932 1641 2443 929 1642 2444 901 1643 2445 898 1644 2446 900 1645 2447 873 1618 2448 907 1646 2449 908 1647 2450 874 1620 2451 906 1648 2452 907 1649 2453 875 1623 2454 905 1650 2455 906 1651 2456 876 1626 2457 904 1652 2458 905 1653 2459 877 1629 2460 903 1654 2461 904 1655 2462 925 1632 2463 935 1656 2464 926 1633 2465 928 1635 2466 934 1657 2467 925 1636 2468 873 1638 2469 902 1658 2470 879 1639 2471 881 1659 2472 914 1660 2473 880 1661 2474 881 1662 2475 912 1663 2476 913 1664 2477 882 1665 2478 911 1666 2479 912 1667 2480 883 1668 2481 910 1669 2482 911 1670 2483 884 1671 2484 909 1672 2485 910 1673 2486 938 1674 2487 940 1675 2488 937 1676 2489 941 1677 2490 939 1678 2491 938 1679 2492 880 1680 2493 915 1681 2494 886 1682 2495 887 1683 2496 895 1684 2497 894 1685 2498 889 1686 2499 895 1687 2500 888 1688 2501 890 1689 2502 896 1690 2503 889 1691 2504 891 1692 2505 897 1693 2506 890 1694 2507 892 1695 2508 898 1696 2509 891 1697 2510 943 1698 2511 945 1699 2512 946 1700 2513 944 1701 2514 948 1702 2515 945 1703 2516 893 1704 2517 894 1705 2518 901 1706 2519 934 1657 2520 941 1677 2521 938 1679 2522 935 1656 2523 938 1674 2524 937 1676 2525 903 1654 2526 884 1671 2527 904 1655 2528 904 1652 2529 883 1668 2530 905 1653 2531 905 1650 2532 882 1665 2533 906 1651 2534 906 1648 2535 881 1662 2536 907 1649 2537 908 1647 2538 881 1659 2539 880 1661 2540 902 1658 2541 880 1680 2542 886 1682 2543 940 1675 2544 949 1707 2545 950 1708 2546 909 1672 2547 918 1709 2548 910 1673 2549 910 1669 2550 919 1710 2551 911 1670 2552 911 1666 2553 920 1711 2554 912 1667 2555 912 1663 2556 921 1712 2557 913 1664 2558 914 1660 2559 921 1713 2560 922 1714 2561 915 1681 2562 922 1715 2563 916 1716 2564 939 1678 2565 951 1717 2566 949 1718 2567 949 1718 2568 947 1719 2569 944 1701 2570 950 1708 2571 944 1720 2572 943 1698 2573 917 1721 2574 891 1697 2575 918 1709 2576 918 1722 2577 890 1694 2578 919 1710 2579 919 1723 2580 889 1691 2581 920 1711 2582 920 1724 2583 888 1688 2584 921 1712 2585 922 1714 2586 888 1725 2587 887 1683 2588 916 1716 2589 887 1726 2590 893 1704 2591 871 1727 2592 926 1728 2593 878 1729 2594 872 1730 2595 928 1731 2596 927 1732 2597 872 1637 2598 929 1733 2599 866 1734 2600 871 1628 2601 930 1735 2602 923 1736 2603 869 1627 2604 930 1737 2605 870 1625 2606 868 1624 2607 931 1738 2608 869 1622 2609 867 1621 2610 932 1739 2611 868 1619 2612 867 1740 2613 929 1741 2614 933 1742 2615 903 1743 2616 926 1728 2617 935 1744 2618 902 1745 2619 928 1731 2620 879 1746 2621 885 1747 2622 940 1748 2623 909 1749 2624 886 1750 2625 942 1751 2626 941 1752 2627 899 1753 2628 945 1754 2629 900 1645 2630 899 1755 2631 943 1756 2632 946 1757 2633 901 1758 2634 947 1759 2635 893 1760 2636 900 1645 2637 948 1761 2638 901 1643 2639 886 1762 2640 936 1763 2641 902 1745 2642 885 1747 2643 935 1744 2644 937 1764 2645 917 1765 2646 940 1748 2647 950 1766 2648 916 1767 2649 942 1751 2650 915 1768 2651 893 1760 2652 951 1769 2653 916 1767 2654 892 1770 2655 950 1766 2656 943 1756 2657 953 1771 2658 959 1772 2659 952 1773 2660 988 1774 2661 990 1775 2662 991 1776 2663 989 1777 2664 993 1778 2665 990 1779 2666 954 1780 2667 962 1781 2668 961 1782 2669 955 1783 2670 963 1784 2671 962 1785 2672 956 1786 2673 964 1787 2674 963 1788 2675 958 1789 2676 964 1790 2677 957 1791 2678 952 1792 2679 965 1793 2680 958 1794 2681 992 1795 2682 989 1796 2683 988 1797 2684 985 1798 2685 986 1799 2686 987 1800 2687 960 1801 2688 966 1802 2689 959 1772 2690 991 1776 2691 999 1803 2692 1000 1804 2693 990 1779 2694 1001 1805 2695 999 1806 2696 961 1782 2697 969 1807 2698 968 1808 2699 962 1785 2700 970 1809 2701 969 1810 2702 964 1787 2703 970 1811 2704 963 1788 2705 965 1812 2706 971 1813 2707 964 1790 2708 959 1814 2709 972 1815 2710 965 1793 2711 967 1816 2712 973 1817 2713 966 1802 2714 999 1803 2715 1003 1818 2716 1000 1804 2717 1001 1805 2718 1002 1819 2719 999 1806 2720 968 1808 2721 976 1820 2722 975 1821 2723 969 1810 2724 977 1822 2725 976 1823 2726 970 1811 2727 978 1824 2728 977 1825 2729 971 1813 2730 979 1826 2731 978 1827 2732 966 1828 2733 979 1829 2734 972 1815 2735 974 1830 2736 980 1831 2737 973 1817 2738 1003 1818 2739 1005 1832 2740 1006 1833 2741 1002 1819 2742 1007 1834 2743 1005 1835 2744 975 1821 2745 984 1836 2746 983 1837 2747 976 1823 2748 985 1838 2749 984 1839 2750 977 1825 2751 986 1840 2752 985 1841 2753 979 1826 2754 986 1842 2755 978 1827 2756 973 1843 2757 987 1844 2758 979 1829 2759 953 1845 2760 991 1846 2761 960 1847 2762 954 1848 2763 993 1849 2764 992 1850 2765 958 1794 2766 995 1851 2767 952 1792 2768 957 1791 2769 994 1852 2770 958 1789 2771 957 1853 2772 997 1854 2773 996 1855 2774 956 1856 2775 998 1857 2776 997 1858 2777 954 1780 2778 998 1859 2779 955 1860 2780 953 1771 2781 995 1861 2782 988 1862 2783 967 1863 2784 991 1846 2785 1000 1864 2786 968 1865 2787 993 1849 2788 961 1866 2789 967 1863 2790 1003 1867 2791 974 1868 2792 975 1869 2793 1001 1870 2794 968 1865 2795 982 1871 2796 1006 1872 2797 1005 1873 2798 981 1874 2799 1003 1867 2800 1006 1875 2801 983 1876 2802 1004 1877 2803 975 1869 2804 982 1871 2805 1007 1878 2806 983 1879 2807 0 0 2808 1 108 2809 8 1 2810 1 3 2811 2 105 2812 9 4 2813 3 6 2814 10 1880 2815 9 7 2816 4 9 2817 11 1881 2818 10 10 2819 5 12 2820 12 38 2821 11 13 2822 44 15 2823 45 40 2824 46 16 2825 44 18 2826 47 1882 2827 48 19 2828 6 21 2829 0 100 2830 7 22 2831 53 26 2832 49 1883 2833 50 1884 2834 49 1883 2835 47 1885 2836 43 1886 2837 47 1885 2838 44 1887 2839 43 1886 2840 43 1886 2841 50 1884 2842 49 1883 2843 50 1884 2844 51 24 2845 53 26 2846 35 127 2847 28 1888 2848 34 28 2849 28 1888 2850 29 29 2851 34 28 2852 29 29 2853 30 1889 2854 33 27 2855 30 1889 2856 31 1890 2857 32 1891 2858 33 27 2859 30 1889 2860 32 1891 2861 7 2 2862 8 1 2863 15 30 2864 8 5 2865 9 4 2866 16 32 2867 9 7 2868 10 1880 2869 17 34 2870 10 10 2871 11 1881 2872 18 36 2873 12 38 2874 19 52 2875 18 39 2876 45 40 2877 54 54 2878 55 41 2879 48 19 2880 56 56 2881 54 42 2882 7 22 2883 14 58 2884 20 43 2885 14 31 2886 15 30 2887 41 44 2888 15 33 2889 16 32 2890 40 46 2891 16 35 2892 17 34 2893 39 48 2894 17 37 2895 18 36 2896 38 50 2897 19 52 2898 37 87 2899 38 53 2900 54 54 2901 57 85 2902 58 55 2903 56 56 2904 59 84 2905 57 57 2906 14 58 2907 42 92 2908 36 59 2909 21 60 2910 22 91 2911 29 61 2912 22 63 2913 23 90 2914 30 64 2915 23 66 2916 24 89 2917 31 67 2918 25 69 2919 32 1892 2920 31 70 2921 26 72 2922 33 1893 2923 32 73 2924 61 75 2925 62 1894 2926 63 76 2927 64 78 2928 65 1895 2929 62 79 2930 27 81 2931 21 1896 2932 28 82 2933 59 84 2934 64 78 2935 61 80 2936 57 85 2937 61 1897 2938 60 86 2939 37 87 2940 26 1898 2941 25 88 2942 39 51 2943 38 50 2944 25 69 2945 40 49 2946 39 48 2947 24 89 2948 41 47 2949 40 46 2950 23 90 2951 42 45 2952 41 44 2953 22 91 2954 42 92 2955 21 1896 2956 27 81 2957 5 93 2958 43 1899 2959 46 94 2960 6 96 2961 13 114 2962 48 97 2963 6 21 2964 47 1900 2965 49 99 2966 5 12 2967 4 14 2968 50 101 2969 3 11 2970 51 1901 2971 50 103 2972 2 8 2973 52 1902 2974 51 104 2975 2 105 2976 1 3 2977 53 106 2978 1 108 2979 0 0 2980 49 109 2981 19 111 2982 12 95 2983 46 94 2984 20 113 2985 56 118 2986 48 97 2987 37 115 2988 19 111 2989 55 112 2990 36 117 2991 59 129 2992 56 118 2993 34 28 2994 33 27 2995 63 119 2996 33 121 2997 26 130 2998 60 122 2999 35 124 3000 65 1903 3001 64 125 3002 35 127 3003 34 28 3004 62 120 3005 27 126 3006 64 125 3007 59 129 3008 26 130 3009 37 115 3010 58 116 3011 66 131 3012 67 231 3013 74 132 3014 68 134 3015 75 1904 3016 74 135 3017 69 137 3018 76 1905 3019 75 138 3020 70 140 3021 77 1906 3022 76 141 3023 109 143 3024 110 1907 3025 111 144 3026 109 146 3027 112 1908 3028 113 147 3029 71 149 3030 72 226 3031 79 150 3032 72 152 3033 66 222 3034 73 153 3035 118 1909 3036 115 157 3037 117 156 3038 115 157 3039 114 1910 3040 116 155 3041 114 1910 3042 112 1911 3043 108 1912 3044 112 1911 3045 109 1913 3046 108 1912 3047 108 1912 3048 116 155 3049 114 1910 3050 126 158 3051 119 1914 3052 122 1915 3053 119 1914 3054 120 1916 3055 121 1917 3056 122 1915 3057 119 1914 3058 121 1917 3059 122 1915 3060 123 159 3061 126 158 3062 123 159 3063 124 1918 3064 125 160 3065 74 132 3066 106 1919 3067 107 161 3068 74 135 3069 75 1904 3070 105 162 3071 75 138 3072 76 1905 3073 104 164 3074 76 141 3075 77 1906 3076 103 166 3077 111 144 3078 110 1907 3079 127 168 3080 113 147 3081 129 213 3082 127 170 3083 79 150 3084 101 1920 3085 102 171 3086 73 153 3087 107 1921 3088 101 172 3089 80 173 3090 81 214 3091 88 174 3092 82 176 3093 89 199 3094 88 177 3095 83 179 3096 90 201 3097 89 180 3098 84 182 3099 91 203 3100 90 183 3101 131 185 3102 132 205 3103 133 186 3104 131 188 3105 134 1922 3106 135 189 3107 85 191 3108 86 212 3109 93 192 3110 86 194 3111 80 215 3112 87 195 3113 87 175 3114 88 174 3115 95 197 3116 89 199 3117 96 236 3118 95 200 3119 90 201 3120 97 204 3121 96 202 3122 91 203 3123 98 239 3124 97 204 3125 132 205 3126 124 1923 3127 123 206 3128 132 190 3129 135 189 3130 125 207 3131 92 193 3132 93 192 3133 100 209 3134 93 196 3135 87 195 3136 94 211 3137 102 171 3138 101 1920 3139 86 212 3140 129 213 3141 134 1922 3142 131 188 3143 127 168 3144 131 185 3145 130 187 3146 103 166 3147 84 182 3148 83 184 3149 104 164 3150 83 179 3151 82 181 3152 106 163 3153 105 162 3154 82 176 3155 107 161 3156 106 1919 3157 81 214 3158 101 172 3159 107 1921 3160 80 215 3161 70 216 3162 108 1924 3163 111 217 3164 71 219 3165 78 246 3166 113 220 3167 66 222 3168 72 152 3169 114 223 3170 71 149 3171 112 1925 3172 114 225 3173 70 140 3174 69 142 3175 116 227 3176 68 139 3177 117 1926 3178 116 229 3179 67 136 3180 118 1927 3181 117 230 3182 67 231 3183 66 131 3184 115 232 3185 94 198 3186 95 197 3187 120 234 3188 96 236 3189 121 1928 3190 120 237 3191 97 204 3192 122 240 3193 121 238 3194 98 239 3195 123 254 3196 122 240 3197 99 210 3198 100 209 3199 126 241 3200 100 209 3201 94 211 3202 119 243 3203 77 218 3204 111 217 3205 128 244 3206 78 246 3207 102 256 3208 129 247 3209 91 248 3210 84 257 3211 130 249 3212 92 251 3213 135 255 3214 134 252 3215 98 239 3216 91 248 3217 133 250 3218 99 210 3219 125 242 3220 135 255 3221 85 253 3222 134 252 3223 129 247 3224 84 257 3225 103 245 3226 128 244 3227 136 258 3228 137 363 3229 144 259 3230 138 261 3231 145 289 3232 144 262 3233 139 264 3234 146 1929 3235 145 265 3236 140 267 3237 147 1930 3238 146 268 3239 178 270 3240 179 1931 3241 180 271 3242 179 273 3243 182 1932 3244 183 274 3245 141 276 3246 142 356 3247 149 277 3248 142 279 3249 136 353 3250 143 280 3251 188 283 3252 185 1933 3253 184 284 3254 184 284 3255 182 1934 3256 186 1935 3257 182 1934 3258 179 1936 3259 178 1937 3260 186 1935 3261 182 1934 3262 178 1937 3263 186 1935 3264 187 282 3265 184 284 3266 196 285 3267 189 1938 3268 190 286 3269 190 286 3270 191 1939 3271 192 287 3272 192 287 3273 193 1940 3274 196 285 3275 193 1940 3276 194 1941 3277 195 1942 3278 196 285 3279 193 1940 3280 195 1942 3281 144 259 3282 151 301 3283 150 288 3284 145 289 3285 152 1943 3286 151 290 3287 145 265 3288 146 1929 3289 153 291 3290 146 268 3291 147 1930 3292 154 293 3293 181 272 3294 180 271 3295 197 295 3296 180 275 3297 183 274 3298 199 297 3299 149 277 3300 156 312 3301 155 299 3302 143 280 3303 150 314 3304 156 300 3305 151 301 3306 176 345 3307 177 302 3308 151 290 3309 152 1943 3310 175 303 3311 152 292 3312 153 291 3313 174 305 3314 153 294 3315 154 293 3316 173 307 3317 198 296 3318 197 295 3319 200 309 3320 199 297 3321 202 1944 3322 200 311 3323 156 312 3324 171 1945 3325 172 313 3326 150 314 3327 177 346 3328 171 315 3329 158 316 3330 165 366 3331 164 317 3332 159 319 3333 166 368 3334 165 320 3335 160 322 3336 167 327 3337 166 323 3338 160 325 3339 161 344 3340 168 326 3341 204 328 3342 194 1946 3343 193 329 3344 204 331 3345 205 1947 3346 195 332 3347 162 334 3348 163 339 3349 170 335 3350 157 337 3351 164 374 3352 170 335 3353 172 313 3354 171 1945 3355 163 339 3356 200 311 3357 202 1944 3358 205 340 3359 201 310 3360 200 309 3361 204 342 3362 174 308 3363 173 307 3364 161 344 3365 174 305 3366 160 322 3367 159 324 3368 175 303 3369 159 319 3370 158 321 3371 176 345 3372 158 316 3373 157 318 3374 177 346 3375 157 337 3376 163 338 3377 140 347 3378 178 1948 3379 181 348 3380 141 350 3381 148 379 3382 183 351 3383 136 353 3384 142 279 3385 184 354 3386 142 356 3387 141 276 3388 182 357 3389 140 267 3390 139 269 3391 186 359 3392 138 266 3393 187 1949 3394 186 361 3395 137 263 3396 188 1950 3397 187 362 3398 137 363 3399 136 258 3400 185 364 3401 165 366 3402 190 1951 3403 189 367 3404 166 368 3405 191 1952 3406 190 369 3407 167 327 3408 192 372 3409 191 370 3410 167 327 3411 168 326 3412 193 371 3413 170 335 3414 196 375 3415 195 373 3416 164 374 3417 189 1953 3418 196 375 3419 154 376 3420 147 349 3421 181 348 3422 155 378 3423 199 383 3424 183 351 3425 173 380 3426 154 376 3427 198 377 3428 172 382 3429 202 387 3430 199 383 3431 168 326 3432 161 388 3433 203 384 3434 169 336 3435 195 373 3436 205 385 3437 162 386 3438 205 385 3439 202 387 3440 161 388 3441 173 380 3442 201 381 3443 206 389 3444 207 490 3445 214 390 3446 208 392 3447 215 1954 3448 214 393 3449 209 395 3450 216 1955 3451 215 396 3452 210 398 3453 217 1956 3454 216 399 3455 250 401 3456 251 1957 3457 252 402 3458 250 404 3459 253 1958 3460 254 405 3461 211 407 3462 212 485 3463 219 408 3464 212 410 3465 206 481 3466 213 411 3467 259 1959 3468 256 1960 3469 258 414 3470 256 1960 3471 255 415 3472 258 414 3473 255 415 3474 253 1961 3475 257 413 3476 253 1961 3477 250 1962 3478 249 1963 3479 257 413 3480 253 1961 3481 249 1963 3482 241 417 3483 234 1964 3484 236 1965 3485 234 1964 3486 235 1966 3487 236 1965 3488 236 1965 3489 237 418 3490 241 417 3491 237 418 3492 238 1967 3493 240 416 3494 238 1967 3495 239 503 3496 240 416 3497 214 390 3498 247 1968 3499 248 419 3500 214 393 3501 215 1954 3502 246 420 3503 215 396 3504 216 1955 3505 245 422 3506 216 399 3507 217 1956 3508 244 424 3509 252 402 3510 251 1957 3511 260 426 3512 254 405 3513 262 1969 3514 260 428 3515 219 408 3516 242 1970 3517 243 429 3518 213 411 3519 248 1971 3520 242 430 3521 220 431 3522 221 473 3523 228 432 3524 222 434 3525 229 457 3526 228 435 3527 223 437 3528 230 459 3529 229 438 3530 224 440 3531 231 461 3532 230 441 3533 264 443 3534 265 463 3535 266 444 3536 264 446 3537 267 472 3538 268 447 3539 225 449 3540 226 471 3541 233 450 3542 226 452 3543 220 474 3544 227 453 3545 227 433 3546 228 432 3547 235 455 3548 229 457 3549 236 1972 3550 235 458 3551 230 459 3552 237 1973 3553 236 460 3554 231 461 3555 238 1974 3556 237 462 3557 265 463 3558 269 1975 3559 270 464 3560 265 448 3561 268 447 3562 271 465 3563 232 451 3564 233 450 3565 241 467 3566 233 454 3567 227 453 3568 234 469 3569 243 429 3570 242 1970 3571 226 471 3572 260 428 3573 262 1969 3574 267 472 3575 260 426 3576 264 443 3577 263 445 3578 244 424 3579 224 440 3580 223 442 3581 245 422 3582 223 437 3583 222 439 3584 246 420 3585 222 434 3586 221 436 3587 248 419 3588 247 1968 3589 221 473 3590 242 430 3591 248 1971 3592 220 474 3593 210 475 3594 249 1976 3595 252 476 3596 211 478 3597 218 495 3598 254 479 3599 206 481 3600 212 410 3601 255 482 3602 211 407 3603 253 1977 3604 255 484 3605 210 398 3606 209 400 3607 257 486 3608 208 397 3609 258 1978 3610 257 488 3611 207 394 3612 259 1979 3613 258 489 3614 207 490 3615 206 389 3616 256 491 3617 217 477 3618 252 476 3619 261 493 3620 218 495 3621 243 511 3622 262 496 3623 231 497 3624 224 512 3625 263 498 3626 232 500 3627 268 509 3628 267 501 3629 239 503 3630 238 1967 3631 270 504 3632 238 506 3633 231 497 3634 266 499 3635 240 508 3636 271 1980 3637 268 509 3638 239 503 3639 269 505 3640 271 510 3641 225 502 3642 267 501 3643 262 496 3644 224 512 3645 244 494 3646 261 493 3647 273 513 3648 328 1981 3649 329 514 3650 274 516 3651 327 632 3652 328 517 3653 274 519 3654 275 637 3655 334 520 3656 275 522 3657 276 639 3658 333 523 3659 276 525 3660 277 641 3661 332 526 3662 277 528 3663 278 643 3664 331 529 3665 278 531 3666 279 645 3667 330 532 3668 272 534 3669 329 1982 3670 330 535 3671 281 547 3672 316 1983 3673 317 548 3674 281 550 3675 282 1984 3676 315 551 3677 282 553 3678 283 598 3679 314 554 3680 283 556 3681 284 597 3682 313 557 3683 284 559 3684 285 596 3685 320 560 3686 286 562 3687 319 1985 3688 320 563 3689 287 565 3690 318 1986 3691 319 566 3692 280 568 3693 317 610 3694 318 569 3695 297 571 3696 305 595 3697 306 572 3698 298 574 3699 306 1987 3700 307 575 3701 300 577 3702 299 633 3703 307 578 3704 301 580 3705 300 1988 3706 308 581 3707 302 583 3708 301 1989 3709 309 584 3710 303 586 3711 302 1990 3712 310 587 3713 303 589 3714 311 599 3715 312 590 3716 304 592 3717 312 600 3718 305 593 3719 305 595 3720 287 565 3721 286 567 3722 307 575 3723 306 1987 3724 286 562 3725 308 579 3726 307 578 3727 285 596 3728 309 582 3729 308 581 3730 284 597 3731 310 585 3732 309 584 3733 283 598 3734 310 587 3735 282 1984 3736 281 550 3737 311 599 3738 281 547 3739 280 549 3740 312 600 3741 280 568 3742 287 570 3743 314 558 3744 313 557 3745 293 601 3746 314 554 3747 292 1991 3748 291 603 3749 321 604 3750 323 1992 3751 324 605 3752 322 607 3753 324 1993 3754 326 608 3755 317 610 3756 288 1994 3757 296 611 3758 319 566 3759 318 1986 3760 296 612 3761 320 563 3762 319 1985 3763 295 614 3764 313 561 3765 320 560 3766 294 616 3767 316 618 3768 315 1995 3769 321 619 3770 291 621 3771 323 1996 3772 321 622 3773 289 539 3774 324 628 3775 323 624 3776 316 618 3777 322 620 3778 325 625 3779 289 539 3780 288 538 3781 326 627 3782 288 629 3783 317 1997 3784 325 630 3785 327 632 3786 302 1990 3787 303 586 3788 329 514 3789 328 1981 3790 303 589 3791 330 535 3792 329 1982 3793 304 592 3794 331 533 3795 330 532 3796 297 571 3797 332 530 3798 331 529 3799 298 574 3800 333 527 3801 332 526 3802 299 633 3803 333 523 3804 300 1988 3805 301 580 3806 334 520 3807 301 1989 3808 302 583 3809 272 515 3810 335 1998 3811 336 634 3812 273 518 3813 336 1999 3814 338 635 3815 274 519 3816 338 2000 3817 339 636 3818 275 522 3819 339 2001 3820 340 638 3821 276 525 3822 340 2002 3823 341 640 3824 277 528 3825 341 2003 3826 342 642 3827 278 531 3828 342 2004 3829 343 644 3830 279 536 3831 343 2005 3832 335 646 3833 345 647 3834 353 2006 3835 352 648 3836 389 650 3837 390 2007 3838 391 651 3839 346 653 3840 347 749 3841 355 654 3842 347 656 3843 348 746 3844 356 657 3845 348 659 3846 349 743 3847 357 660 3848 350 662 3849 358 685 3850 357 663 3851 351 665 3852 359 2008 3853 358 666 3854 344 668 3855 352 2009 3856 359 669 3857 389 2010 3858 394 673 3859 390 672 3860 394 673 3861 393 2011 3862 398 671 3863 393 2011 3864 395 2012 3865 398 671 3866 395 2012 3867 396 2013 3868 397 2014 3869 398 671 3870 395 2012 3871 397 2014 3872 374 2015 3873 367 2016 3874 368 770 3875 368 770 3876 369 772 3877 374 2015 3878 369 772 3879 370 676 3880 373 675 3881 374 2015 3882 369 772 3883 373 675 3884 370 676 3885 371 2017 3886 372 674 3887 399 677 3888 392 2018 3889 400 678 3890 392 652 3891 391 651 3892 402 680 3893 355 654 3894 386 2019 3895 387 682 3896 356 657 3897 385 2020 3898 386 683 3899 357 660 3900 384 2021 3901 385 684 3902 358 685 3903 383 729 3904 384 686 3905 358 666 3906 359 2008 3907 382 687 3908 359 669 3909 352 2009 3910 388 689 3911 404 691 3912 405 2022 3913 406 692 3914 404 694 3915 407 733 3916 408 695 3917 361 697 3918 362 732 3919 379 698 3920 362 700 3921 363 731 3922 378 701 3923 363 703 3924 364 730 3925 377 704 3926 365 706 3927 376 717 3928 377 707 3929 366 709 3930 375 715 3931 376 710 3932 360 712 3933 381 2023 3934 375 713 3935 375 715 3936 374 2024 3937 373 716 3938 376 717 3939 373 2025 3940 372 718 3941 377 704 3942 372 2026 3943 371 719 3944 378 701 3945 371 2027 3946 370 720 3947 380 699 3948 379 698 3949 370 721 3950 405 696 3951 408 695 3952 409 723 3953 406 692 3954 405 2022 3955 410 725 3956 375 713 3957 381 2023 3958 367 727 3959 382 687 3960 366 709 3961 365 711 3962 383 729 3963 365 706 3964 364 708 3965 385 684 3966 384 2021 3967 364 730 3968 386 683 3969 385 2020 3970 363 731 3971 387 682 3972 386 2019 3973 362 732 3974 400 681 3975 402 680 3976 407 733 3977 400 678 3978 404 691 3979 403 693 3980 388 689 3981 360 712 3982 366 714 3983 346 734 3984 354 760 3985 391 735 3986 345 737 3987 389 2028 3988 392 738 3989 351 670 3990 393 2029 3991 394 740 3992 350 667 3993 395 2030 3994 393 741 3995 349 664 3996 396 2031 3997 395 742 3998 349 743 3999 348 659 4000 397 744 4001 348 746 4002 347 656 4003 398 747 4004 347 749 4005 346 653 4006 390 750 4007 345 647 4008 344 649 4009 394 752 4010 353 754 4011 392 2032 4012 399 755 4013 388 757 4014 352 2033 4015 399 758 4016 354 760 4017 387 777 4018 402 761 4019 381 762 4020 360 778 4021 403 763 4022 380 765 4023 408 769 4024 407 766 4025 369 768 4026 409 2034 4027 408 769 4028 368 770 4029 410 774 4030 409 771 4031 368 770 4032 367 2016 4033 411 773 4034 367 775 4035 381 762 4036 406 764 4037 361 767 4038 407 766 4039 402 761 4040 360 778 4041 388 757 4042 401 759 4043 413 779 4044 420 806 4045 419 780 4046 414 782 4047 421 808 4048 420 783 4049 415 785 4050 422 2035 4051 421 786 4052 416 788 4053 423 2036 4054 422 789 4055 462 791 4056 463 2037 4057 464 792 4058 463 794 4059 466 2038 4060 467 795 4061 417 797 4062 418 886 4063 425 798 4064 418 800 4065 412 882 4066 419 801 4067 472 804 4068 469 2039 4069 468 805 4070 468 805 4071 466 2040 4072 470 2041 4073 466 2040 4074 463 2042 4075 462 2043 4076 470 2041 4077 466 2040 4078 462 2043 4079 470 2041 4080 471 803 4081 468 805 4082 420 806 4083 446 2044 4084 447 807 4085 421 808 4086 445 844 4087 446 809 4088 421 786 4089 422 2035 4090 444 810 4091 422 789 4092 423 2036 4093 443 812 4094 465 793 4095 464 792 4096 473 814 4097 464 796 4098 467 795 4099 475 816 4100 425 798 4101 441 2045 4102 442 818 4103 419 801 4104 447 2046 4105 441 819 4106 427 820 4107 460 2047 4108 461 821 4109 427 823 4110 428 2048 4111 459 824 4112 428 826 4113 429 2049 4114 458 827 4115 429 829 4116 430 2050 4117 457 830 4118 476 832 4119 477 2051 4120 478 833 4121 480 835 4122 481 2052 4123 478 836 4124 432 838 4125 455 2053 4126 456 839 4127 426 841 4128 461 2054 4129 455 842 4130 442 818 4131 441 2045 4132 432 838 4133 473 817 4134 475 816 4135 480 835 4136 473 814 4137 477 2051 4138 476 832 4139 443 812 4140 430 2050 4141 429 829 4142 444 810 4143 429 2049 4144 428 826 4145 445 844 4146 428 2048 4147 427 823 4148 447 807 4149 446 2044 4150 427 820 4151 441 819 4152 447 2046 4153 426 841 4154 449 845 4155 448 869 4156 440 846 4157 483 848 4158 482 870 4159 484 849 4160 483 851 4161 485 2055 4162 487 852 4163 450 854 4164 437 2056 4165 436 855 4166 451 857 4167 436 2057 4168 435 858 4169 452 860 4170 435 2058 4171 434 861 4172 454 863 4173 453 871 4174 434 864 4175 448 866 4176 454 872 4177 433 867 4178 456 839 4179 455 2053 4180 448 869 4181 478 836 4182 481 2052 4183 482 870 4184 478 833 4185 483 851 4186 486 853 4187 457 830 4188 450 854 4189 451 856 4190 458 827 4191 451 857 4192 452 859 4193 459 824 4194 452 860 4195 453 862 4196 461 821 4197 460 2047 4198 453 871 4199 455 842 4200 461 2054 4201 454 872 4202 433 2059 4203 434 2060 4204 440 874 4205 434 2060 4206 435 875 4207 440 874 4208 435 875 4209 436 2061 4210 439 873 4211 436 2061 4212 437 2062 4213 438 907 4214 439 873 4215 436 2061 4216 438 907 4217 416 876 4218 462 2063 4219 465 877 4220 417 879 4221 424 895 4222 467 880 4223 412 882 4224 418 800 4225 468 883 4226 417 797 4227 466 2064 4228 468 885 4229 416 788 4230 415 790 4231 470 887 4232 414 787 4233 471 2065 4234 470 889 4235 413 784 4236 472 2066 4237 471 890 4238 412 781 4239 469 2067 4240 472 891 4241 443 892 4242 423 878 4243 465 877 4244 442 894 4245 475 902 4246 467 880 4247 430 896 4248 476 903 4249 479 897 4250 431 899 4251 456 914 4252 481 900 4253 431 899 4254 480 901 4255 475 902 4256 430 896 4257 443 892 4258 474 893 4259 439 904 4260 484 2068 4261 482 905 4262 438 907 4263 485 910 4264 484 908 4265 438 907 4266 437 2062 4267 487 909 4268 437 911 4269 450 915 4270 486 912 4271 449 906 4272 482 905 4273 481 900 4274 450 915 4275 457 898 4276 479 897 4277 525 916 4278 526 946 4279 527 917 4280 525 919 4281 528 2069 4282 529 920 4283 489 922 4284 490 1009 4285 497 923 4286 490 925 4287 491 1005 4288 498 926 4289 491 928 4290 492 1002 4291 499 929 4292 493 931 4293 500 956 4294 499 932 4295 494 934 4296 501 958 4297 500 935 4298 488 937 4299 495 960 4300 501 938 4301 525 2070 4302 524 942 4303 528 941 4304 524 942 4305 530 2071 4306 534 940 4307 530 2071 4308 531 2072 4309 533 2073 4310 531 2072 4311 532 2074 4312 533 2073 4313 533 2073 4314 534 940 4315 530 2071 4316 523 943 4317 516 2075 4318 519 2076 4319 516 2075 4320 517 1018 4321 518 1026 4322 519 2076 4323 516 2075 4324 518 1026 4325 519 2076 4326 520 944 4327 523 943 4328 520 944 4329 521 2077 4330 522 945 4331 526 946 4332 535 962 4333 536 947 4334 526 921 4335 529 920 4336 537 948 4337 496 924 4338 497 923 4339 504 950 4340 497 927 4341 498 926 4342 505 952 4343 498 930 4344 499 929 4345 506 954 4346 500 956 4347 507 970 4348 506 957 4349 501 958 4350 508 972 4351 507 959 4352 495 960 4353 502 974 4354 508 961 4355 535 962 4356 538 976 4357 539 963 4358 537 948 4359 540 2078 4360 538 964 4361 504 950 4362 511 2079 4363 510 965 4364 504 953 4365 505 952 4366 512 966 4367 505 955 4368 506 954 4369 513 968 4370 507 970 4371 514 986 4372 513 971 4373 508 972 4374 515 988 4375 514 973 4376 502 974 4377 509 990 4378 515 975 4379 538 976 4380 541 2080 4381 542 977 4382 538 964 4383 540 2078 4384 543 978 4385 510 965 4386 511 2079 4387 519 980 4388 511 967 4389 512 966 4390 520 982 4391 512 969 4392 513 968 4393 521 984 4394 514 986 4395 522 2081 4396 521 987 4397 515 988 4398 523 2082 4399 522 989 4400 509 990 4401 516 2083 4402 523 991 4403 488 992 4404 524 2084 4405 527 993 4406 489 995 4407 496 1013 4408 529 996 4409 488 937 4410 494 939 4411 530 998 4412 493 936 4413 531 2085 4414 530 1000 4415 492 933 4416 532 2086 4417 531 1001 4418 492 1002 4419 491 928 4420 533 1003 4421 491 1005 4422 490 925 4423 534 1006 4424 489 922 4425 528 2087 4426 534 1008 4427 502 1010 4428 495 994 4429 527 993 4430 503 1012 4431 537 1017 4432 529 996 4433 502 1010 4434 536 1011 4435 539 1014 4436 503 1012 4437 510 1024 4438 540 1016 4439 517 1018 4440 516 2075 4441 542 1019 4442 516 1021 4443 509 1015 4444 539 1014 4445 518 1023 4446 543 2088 4447 540 1016 4448 517 1018 4449 541 1020 4450 543 1025 4451 587 1027 4452 588 2089 4453 589 1028 4454 587 1030 4455 590 2090 4456 591 1031 4457 545 1033 4458 546 1129 4459 553 1034 4460 546 1036 4461 547 1125 4462 554 1037 4463 547 1039 4464 548 1122 4465 555 1040 4466 549 1042 4467 556 2091 4468 555 1043 4469 550 1045 4470 557 2092 4471 556 1046 4472 544 1048 4473 551 2093 4474 557 1049 4475 587 2094 4476 586 2095 4477 590 1052 4478 586 2095 4479 592 1053 4480 590 1052 4481 592 1053 4482 593 2096 4483 595 2097 4484 593 2096 4485 594 2098 4486 595 2097 4487 595 2097 4488 596 1051 4489 592 1053 4490 604 1055 4491 597 2099 4492 600 1056 4493 597 2099 4494 598 2100 4495 599 2101 4496 600 1056 4497 597 2099 4498 599 2101 4499 600 1056 4500 601 2102 4501 603 1054 4502 601 2102 4503 602 2103 4504 603 1054 4505 589 1028 4506 588 2089 4507 605 1057 4508 591 1031 4509 607 2104 4510 605 1059 4511 553 1034 4512 583 2105 4513 584 1060 4514 554 1037 4515 582 2106 4516 583 1061 4517 555 1040 4518 581 2107 4519 582 1062 4520 555 1043 4521 556 2091 4522 580 1063 4523 556 1046 4524 557 2092 4525 579 1065 4526 557 1049 4527 551 2093 4528 585 1067 4529 609 1069 4530 610 1104 4531 611 1070 4532 609 1072 4533 612 1111 4534 613 1073 4535 559 1075 4536 560 1110 4537 576 1076 4538 560 1078 4539 561 1109 4540 575 1079 4541 561 1081 4542 562 1108 4543 574 1082 4544 563 1084 4545 573 1095 4546 574 1085 4547 564 1087 4548 572 1093 4549 573 1088 4550 558 1090 4551 578 1106 4552 572 1091 4553 572 1093 4554 571 1107 4555 570 1094 4556 573 1095 4557 570 1135 4558 569 1096 4559 575 1083 4560 574 1082 4561 569 1097 4562 576 1080 4563 575 1079 4564 568 1099 4565 577 1077 4566 576 1076 4567 567 1100 4568 610 1074 4569 613 1073 4570 599 1102 4571 610 1104 4572 598 2108 4573 597 1105 4574 578 1106 4575 565 1138 4576 571 1107 4577 579 1065 4578 564 1087 4579 563 1089 4580 580 1063 4581 563 1084 4582 562 1086 4583 582 1062 4584 581 2107 4585 562 1108 4586 583 1061 4587 582 2106 4588 561 1109 4589 584 1060 4590 583 2105 4591 560 1110 4592 605 1059 4593 607 2104 4594 612 1111 4595 605 1057 4596 609 1069 4597 608 1071 4598 585 1067 4599 558 1090 4600 564 1092 4601 544 1112 4602 586 2109 4603 589 1113 4604 545 1115 4605 552 1142 4606 591 1116 4607 544 1048 4608 550 1050 4609 592 1118 4610 549 1047 4611 593 2110 4612 592 1120 4613 548 1044 4614 594 2111 4615 593 1121 4616 548 1122 4617 547 1039 4618 595 1123 4619 547 1125 4620 546 1036 4621 596 1126 4622 545 1033 4623 590 2112 4624 596 1128 4625 566 1101 4626 567 1100 4627 600 1130 4628 567 1100 4629 568 1099 4630 601 1132 4631 568 1098 4632 569 1097 4633 602 1133 4634 570 1135 4635 603 2113 4636 602 1136 4637 571 1107 4638 604 1139 4639 603 1137 4640 565 1138 4641 597 1151 4642 604 1139 4643 551 1114 4644 589 1113 4645 606 1140 4646 552 1142 4647 584 1152 4648 607 1143 4649 578 1144 4650 558 1153 4651 608 1145 4652 577 1147 4653 613 1150 4654 612 1148 4655 566 1101 4656 599 1131 4657 613 1150 4658 565 1138 4659 578 1144 4660 611 1146 4661 559 1149 4662 612 1148 4663 607 1143 4664 558 1153 4665 585 1141 4666 606 1140 4667 614 1154 4668 615 1268 4669 622 1155 4670 615 1157 4671 616 1265 4672 623 1158 4673 617 1160 4674 624 2114 4675 623 1161 4676 618 1163 4677 625 2115 4678 624 1164 4679 665 1166 4680 666 1189 4681 667 1167 4682 668 1169 4683 669 1191 4684 666 1170 4685 619 1172 4686 620 1261 4687 627 1173 4688 620 1175 4689 614 1257 4690 621 1176 4691 674 1180 4692 671 2116 4693 672 1178 4694 671 2116 4695 670 2117 4696 672 1178 4697 670 2117 4698 668 2118 4699 664 2119 4700 668 2118 4701 665 2120 4702 664 2119 4703 664 2119 4704 672 1178 4705 670 2117 4706 621 1156 4707 622 1155 4708 648 1181 4709 622 1159 4710 623 1158 4711 647 1183 4712 623 1161 4713 624 2114 4714 646 1185 4715 624 1164 4716 625 2115 4717 645 1187 4718 666 1189 4719 675 1219 4720 676 1190 4721 669 1191 4722 677 2121 4723 675 1192 4724 627 1173 4725 643 2122 4726 644 1193 4727 621 1176 4728 649 2123 4729 643 1194 4730 629 1195 4731 662 2124 4732 663 1196 4733 629 1198 4734 630 2125 4735 661 1199 4736 630 1201 4737 631 2126 4738 660 1202 4739 631 1204 4740 632 2127 4741 659 1205 4742 678 1207 4743 679 2128 4744 680 1208 4745 682 1210 4746 683 2129 4747 680 1211 4748 634 1213 4749 657 2130 4750 658 1214 4751 628 1216 4752 663 2131 4753 657 1217 4754 644 1193 4755 643 2122 4756 634 1213 4757 675 1192 4758 677 2121 4759 682 1210 4760 675 1219 4761 679 2128 4762 678 1207 4763 645 1187 4764 632 2127 4765 631 1204 4766 646 1185 4767 631 2126 4768 630 1201 4769 647 1183 4770 630 2125 4771 629 1198 4772 649 1182 4773 648 1181 4774 629 1195 4775 643 1194 4776 649 2123 4777 628 1216 4778 651 1220 4779 650 1244 4780 642 1221 4781 685 1223 4782 684 1245 4783 686 1224 4784 685 1226 4785 687 2132 4786 689 1227 4787 652 1229 4788 639 2133 4789 638 1230 4790 653 1232 4791 638 2134 4792 637 1233 4793 654 1235 4794 637 2135 4795 636 1236 4796 656 1238 4797 655 1246 4798 636 1239 4799 650 1241 4800 656 1247 4801 635 1242 4802 658 1214 4803 657 2130 4804 650 1244 4805 680 1211 4806 683 2129 4807 684 1245 4808 680 1208 4809 685 1226 4810 688 1228 4811 659 1205 4812 652 1229 4813 653 1231 4814 660 1202 4815 653 1232 4816 654 1234 4817 661 1199 4818 654 1235 4819 655 1237 4820 663 1196 4821 662 2124 4822 655 1246 4823 657 1217 4824 663 2131 4825 656 1247 4826 635 1249 4827 636 2136 4828 638 2137 4829 636 2136 4830 637 2138 4831 638 2137 4832 638 2137 4833 639 1250 4834 635 1249 4835 639 1250 4836 640 1286 4837 642 1248 4838 640 1286 4839 641 1288 4840 642 1248 4841 618 1251 4842 664 2139 4843 667 1252 4844 619 1254 4845 626 1274 4846 669 1255 4847 614 1257 4848 620 1175 4849 670 1258 4850 619 1172 4851 668 2140 4852 670 1260 4853 618 1163 4854 617 1165 4855 672 1262 4856 616 1162 4857 673 2141 4858 672 1264 4859 616 1265 4860 615 1157 4861 674 1266 4862 615 1268 4863 614 1154 4864 671 1269 4865 645 1271 4866 625 1253 4867 667 1252 4868 644 1273 4869 677 1281 4870 669 1255 4871 632 1275 4872 678 1282 4873 681 1276 4874 633 1278 4875 658 1294 4876 683 1279 4877 633 1278 4878 682 1280 4879 677 1281 4880 632 1275 4881 645 1271 4882 676 1272 4883 641 1283 4884 686 2142 4885 684 1284 4886 640 1286 4887 687 1290 4888 686 1287 4889 640 1286 4890 639 1250 4891 689 1289 4892 639 1291 4893 652 1295 4894 688 1292 4895 651 1285 4896 684 1284 4897 683 1279 4898 652 1295 4899 659 1277 4900 681 1276 4901 748 1296 4902 749 1326 4903 750 1297 4904 748 1299 4905 751 2143 4906 752 1300 4907 691 1302 4908 692 1423 4909 699 1303 4910 692 1305 4911 693 1419 4912 700 1306 4913 693 1308 4914 694 1416 4915 701 1309 4916 695 1311 4917 702 2144 4918 701 1312 4919 696 1314 4920 703 2145 4921 702 1315 4922 690 1317 4923 697 2146 4924 703 1318 4925 748 2147 4926 747 1322 4927 751 1321 4928 747 1322 4929 753 2148 4930 757 1320 4931 753 2148 4932 754 2149 4933 756 2150 4934 754 2149 4935 755 2151 4936 756 2150 4937 756 2150 4938 757 1320 4939 753 2148 4940 725 1323 4941 718 2152 4942 721 2153 4943 718 2152 4944 719 1446 4945 720 1448 4946 721 2153 4947 718 2152 4948 720 1448 4949 721 2153 4950 722 1324 4951 725 1323 4952 722 1324 4953 723 2154 4954 724 1325 4955 749 1326 4956 758 1391 4957 759 1327 4958 752 1300 4959 760 2155 4960 758 1328 4961 699 1303 4962 730 2156 4963 731 1329 4964 700 1306 4965 729 2157 4966 730 1330 4967 700 1310 4968 701 1309 4969 728 1331 4970 701 1312 4971 702 2144 4972 727 1333 4973 702 1315 4974 703 2145 4975 726 1335 4976 703 1318 4977 697 2146 4978 732 1337 4979 762 1339 4980 763 2158 4981 764 1340 4982 762 1342 4983 765 1390 4984 766 1343 4985 705 1345 4986 706 1389 4987 737 1346 4988 706 1348 4989 707 1388 4990 736 1349 4991 707 1351 4992 708 1387 4993 735 1352 4994 709 1354 4995 734 2159 4996 735 1355 4997 710 1357 4998 733 2160 4999 734 1358 5000 704 1360 5001 739 2161 5002 733 1361 5003 768 1363 5004 769 1400 5005 770 1364 5006 768 1366 5007 771 2162 5008 772 1367 5009 712 1369 5010 713 2163 5011 743 1370 5012 713 1372 5013 714 2164 5014 742 1373 5015 714 1375 5016 715 2165 5017 741 1376 5018 716 1378 5019 740 2166 5020 741 1379 5021 717 1381 5022 746 2167 5023 740 1382 5024 711 1384 5025 745 1402 5026 746 1385 5027 726 1335 5028 710 1357 5029 709 1359 5030 727 1333 5031 709 1354 5032 708 1356 5033 729 1332 5034 728 1331 5035 708 1387 5036 730 1330 5037 729 2157 5038 707 1388 5039 731 1329 5040 730 2156 5041 706 1389 5042 758 1328 5043 760 2155 5044 765 1390 5045 758 1391 5046 762 1339 5047 761 1341 5048 732 1337 5049 704 1360 5050 710 1362 5051 734 1358 5052 733 2160 5053 717 1381 5054 735 1355 5055 734 2159 5056 716 1378 5057 735 1352 5058 715 2165 5059 714 1375 5060 736 1349 5061 714 2164 5062 713 1372 5063 737 1346 5064 713 2163 5065 712 1369 5066 766 1343 5067 771 2162 5068 768 1366 5069 764 1340 5070 763 2158 5071 768 1363 5072 733 1361 5073 739 2161 5074 711 1384 5075 741 1379 5076 740 2166 5077 724 1392 5078 742 1377 5079 741 1376 5080 723 1394 5081 743 1374 5082 742 1373 5083 722 1396 5084 743 1370 5085 721 2168 5086 720 1398 5087 772 1367 5088 773 2169 5089 774 1399 5090 769 1400 5091 774 2170 5092 775 1401 5093 745 1402 5094 718 2171 5095 725 1403 5096 740 1382 5097 746 2167 5098 725 1404 5099 690 1406 5100 747 2172 5101 750 1407 5102 691 1409 5103 698 1426 5104 752 1410 5105 690 1317 5106 696 1319 5107 753 1412 5108 695 1316 5109 754 2173 5110 753 1414 5111 694 1313 5112 755 2174 5113 754 1415 5114 694 1416 5115 693 1308 5116 756 1417 5117 693 1419 5118 692 1305 5119 757 1420 5120 691 1302 5121 751 2175 5122 757 1422 5123 697 1408 5124 750 1407 5125 759 1424 5126 698 1426 5127 731 1440 5128 760 1427 5129 739 1428 5130 704 1441 5131 761 1429 5132 738 1431 5133 766 1442 5134 765 1432 5135 745 1434 5136 711 1443 5137 767 1435 5138 744 1437 5139 772 1445 5140 771 1438 5141 705 1433 5142 765 1432 5143 760 1427 5144 704 1441 5145 732 1425 5146 759 1424 5147 738 1431 5148 712 1439 5149 771 1438 5150 739 1428 5151 764 1430 5152 767 1435 5153 720 1444 5154 773 2176 5155 772 1445 5156 719 1446 5157 774 1450 5158 773 1447 5159 719 1446 5160 718 2152 5161 775 1449 5162 718 1451 5163 745 1434 5164 770 1436 5165 776 1453 5166 777 1579 5167 784 1454 5168 778 1456 5169 785 2177 5170 784 1457 5171 779 1459 5172 786 2178 5173 785 1460 5174 780 1462 5175 787 2179 5176 786 1463 5177 833 1465 5178 834 2180 5179 835 1466 5180 833 1468 5181 836 2181 5182 837 1469 5183 781 1471 5184 782 1573 5185 789 1472 5186 782 1474 5187 776 1570 5188 783 1475 5189 842 2182 5190 839 1479 5191 841 1478 5192 839 1479 5193 838 2183 5194 840 1477 5195 838 2183 5196 836 2184 5197 832 2185 5198 836 2184 5199 833 2186 5200 832 2185 5201 832 2185 5202 840 1477 5203 838 2183 5204 850 1480 5205 843 2187 5206 844 1481 5207 844 1481 5208 845 2188 5209 846 1482 5210 846 1482 5211 847 2189 5212 850 1480 5213 847 2189 5214 848 2190 5215 849 2191 5216 850 1480 5217 847 2189 5218 849 2191 5219 783 1455 5220 784 1454 5221 816 1483 5222 784 1457 5223 785 2177 5224 815 1485 5225 785 1460 5226 786 2178 5227 814 1487 5228 786 1463 5229 787 2179 5230 813 1489 5231 835 1466 5232 834 2180 5233 851 1491 5234 837 1469 5235 853 2192 5236 851 1493 5237 789 1472 5238 811 2193 5239 812 1494 5240 783 1475 5241 817 2194 5242 811 1495 5243 791 1496 5244 822 2195 5245 823 1497 5246 791 1499 5247 792 2196 5248 821 1500 5249 792 1502 5250 793 2197 5251 820 1503 5252 793 1505 5253 794 2198 5254 819 1506 5255 854 1508 5256 855 2199 5257 856 1509 5258 858 1511 5259 859 2200 5260 856 1512 5261 796 1514 5262 824 2201 5263 818 1515 5264 790 1517 5265 823 2202 5266 824 1518 5267 797 1520 5268 798 1562 5269 805 1521 5270 799 1523 5271 806 1584 5272 805 1524 5273 800 1526 5274 807 1586 5275 806 1527 5276 801 1529 5277 808 2203 5278 807 1530 5279 861 1532 5280 848 2204 5281 847 1533 5282 861 1535 5283 862 1557 5284 849 1536 5285 802 1538 5286 803 1556 5287 810 1539 5288 803 1541 5289 797 1563 5290 804 1542 5291 812 1494 5292 811 2193 5293 796 1514 5294 851 1493 5295 853 2192 5296 858 1511 5297 851 1491 5298 855 2199 5299 854 1508 5300 813 1489 5301 794 2198 5302 793 1505 5303 814 1487 5304 793 2197 5305 792 1502 5306 815 1485 5307 792 2196 5308 791 1499 5309 817 1484 5310 816 1483 5311 791 1496 5312 811 1495 5313 817 2194 5314 790 1517 5315 856 1512 5316 859 2200 5317 863 1544 5318 856 1509 5319 864 1558 5320 865 1546 5321 819 1506 5322 827 1559 5323 828 1547 5324 820 1503 5325 828 1560 5326 829 1548 5327 821 1500 5328 829 1561 5329 830 1549 5330 823 1497 5331 822 2195 5332 830 1550 5333 824 1518 5334 823 2202 5335 831 1552 5336 818 1515 5337 824 2201 5338 825 1554 5339 826 1555 5340 825 1554 5341 803 1556 5342 864 1545 5343 863 1544 5344 862 1557 5345 864 1558 5346 861 1532 5347 860 1534 5348 827 1559 5349 801 1529 5350 800 1531 5351 828 1560 5352 800 1526 5353 799 1528 5354 829 1561 5355 799 1523 5356 798 1525 5357 831 1551 5358 830 1550 5359 798 1562 5360 825 1553 5361 831 1552 5362 797 1563 5363 780 1564 5364 832 2205 5365 835 1565 5366 781 1567 5367 788 1597 5368 837 1568 5369 776 1570 5370 782 1474 5371 838 1571 5372 782 1573 5373 781 1471 5374 836 1574 5375 779 1464 5376 840 2206 5377 832 1576 5378 778 1461 5379 841 2207 5380 840 1577 5381 777 1458 5382 842 2208 5383 841 1578 5384 777 1579 5385 776 1453 5386 839 1580 5387 804 1522 5388 805 1521 5389 844 1582 5390 806 1584 5391 845 2209 5392 844 1585 5393 807 1586 5394 846 1589 5395 845 1587 5396 807 1586 5397 808 1604 5398 847 1588 5399 810 1543 5400 850 1593 5401 849 1590 5402 810 1543 5403 804 1542 5404 843 1592 5405 813 1594 5406 787 1566 5407 835 1565 5408 812 1596 5409 853 1608 5410 837 1568 5411 794 1598 5412 854 1609 5413 857 1599 5414 795 1601 5415 818 1611 5416 859 1602 5417 808 1604 5418 801 1615 5419 860 1605 5420 809 1591 5421 849 1590 5422 862 1606 5423 795 1601 5424 858 1603 5425 853 1608 5426 794 1598 5427 813 1594 5428 852 1595 5429 826 1610 5430 863 1614 5431 859 1602 5432 827 1612 5433 819 1600 5434 857 1599 5435 802 1607 5436 862 1606 5437 863 1614 5438 801 1615 5439 827 1612 5440 865 1613 5441 866 1616 5442 867 1740 5443 874 1617 5444 868 1619 5445 875 2210 5446 874 1620 5447 869 1622 5448 876 2211 5449 875 1623 5450 870 1625 5451 877 2212 5452 876 1626 5453 871 1628 5454 878 2213 5455 877 1629 5456 923 1631 5457 924 2214 5458 925 1632 5459 924 1634 5460 927 2215 5461 928 1635 5462 872 1637 5463 866 1734 5464 873 1638 5465 933 2216 5466 929 1642 5467 932 1641 5468 929 1642 5469 927 2217 5470 930 2218 5471 931 1640 5472 929 1642 5473 930 2218 5474 927 2217 5475 924 2219 5476 930 2218 5477 924 2219 5478 923 2220 5479 930 2218 5480 901 1643 5481 894 2221 5482 897 2222 5483 894 2221 5484 895 2223 5485 896 2224 5486 897 2222 5487 894 2221 5488 896 2224 5489 897 2222 5490 898 1644 5491 901 1643 5492 898 1644 5493 899 1753 5494 900 1645 5495 873 1618 5496 874 1617 5497 907 1646 5498 874 1620 5499 875 2210 5500 906 1648 5501 875 1623 5502 876 2211 5503 905 1650 5504 876 1626 5505 877 2212 5506 904 1652 5507 877 1629 5508 878 2213 5509 903 1654 5510 925 1632 5511 934 2225 5512 935 1656 5513 928 1635 5514 936 2226 5515 934 1657 5516 873 1638 5517 908 2227 5518 902 1658 5519 881 1659 5520 913 2228 5521 914 1660 5522 881 1662 5523 882 2229 5524 912 1663 5525 882 1665 5526 883 2230 5527 911 1666 5528 883 1668 5529 884 2231 5530 910 1669 5531 884 1671 5532 885 2232 5533 909 1672 5534 938 1674 5535 939 2233 5536 940 1675 5537 941 1677 5538 942 2234 5539 939 1678 5540 880 1680 5541 914 2235 5542 915 1681 5543 887 1683 5544 888 1725 5545 895 1684 5546 889 1686 5547 896 2236 5548 895 1687 5549 890 1689 5550 897 2237 5551 896 1690 5552 891 1692 5553 898 2238 5554 897 1693 5555 892 1695 5556 899 2239 5557 898 1696 5558 943 1698 5559 944 1720 5560 945 1699 5561 944 1701 5562 947 1719 5563 948 1702 5564 893 1704 5565 887 1726 5566 894 1705 5567 934 1657 5568 936 2226 5569 941 1677 5570 935 1656 5571 934 2225 5572 938 1674 5573 903 1654 5574 885 2232 5575 884 1671 5576 904 1652 5577 884 2231 5578 883 1668 5579 905 1650 5580 883 2230 5581 882 1665 5582 906 1648 5583 882 2229 5584 881 1662 5585 908 1647 5586 907 1646 5587 881 1659 5588 902 1658 5589 908 2227 5590 880 1680 5591 940 1675 5592 939 2233 5593 949 1707 5594 909 1672 5595 917 1721 5596 918 1709 5597 910 1669 5598 918 1722 5599 919 1710 5600 911 1666 5601 919 1723 5602 920 1711 5603 912 1663 5604 920 1724 5605 921 1712 5606 914 1660 5607 913 2228 5608 921 1713 5609 915 1681 5610 914 2235 5611 922 1715 5612 939 1678 5613 942 2234 5614 951 1717 5615 949 1718 5616 951 1717 5617 947 1719 5618 950 1708 5619 949 1707 5620 944 1720 5621 917 1721 5622 892 1695 5623 891 1697 5624 918 1722 5625 891 1692 5626 890 1694 5627 919 1723 5628 890 1689 5629 889 1691 5630 920 1724 5631 889 1686 5632 888 1688 5633 922 1714 5634 921 1713 5635 888 1725 5636 916 1716 5637 922 1715 5638 887 1726 5639 871 1727 5640 923 2240 5641 926 1728 5642 872 1730 5643 879 1746 5644 928 1731 5645 872 1637 5646 927 2241 5647 929 1733 5648 871 1628 5649 870 1630 5650 930 1735 5651 869 1627 5652 931 2242 5653 930 1737 5654 868 1624 5655 932 2243 5656 931 1738 5657 867 1621 5658 933 2244 5659 932 1739 5660 867 1740 5661 866 1616 5662 929 1741 5663 903 1743 5664 878 1729 5665 926 1728 5666 902 1745 5667 936 1763 5668 928 1731 5669 885 1747 5670 937 1764 5671 940 1748 5672 886 1750 5673 915 1768 5674 942 1751 5675 899 1753 5676 946 2245 5677 945 1754 5678 899 1755 5679 892 1770 5680 943 1756 5681 901 1758 5682 948 2246 5683 947 1759 5684 900 1645 5685 945 1754 5686 948 1761 5687 886 1762 5688 941 2247 5689 936 1763 5690 885 1747 5691 903 1743 5692 935 1744 5693 917 1765 5694 909 1749 5695 940 1748 5696 916 1767 5697 951 1769 5698 942 1751 5699 893 1760 5700 947 1759 5701 951 1769 5702 892 1770 5703 917 1765 5704 950 1766 5705 953 1771 5706 960 1801 5707 959 1772 5708 988 1774 5709 989 2248 5710 990 1775 5711 989 1777 5712 992 2249 5713 993 1778 5714 954 1780 5715 955 1860 5716 962 1781 5717 955 1783 5718 956 1856 5719 963 1784 5720 956 1786 5721 957 1853 5722 964 1787 5723 958 1789 5724 965 1812 5725 964 1790 5726 952 1792 5727 959 1814 5728 965 1793 5729 988 1797 5730 995 2250 5731 992 1795 5732 995 2250 5733 994 2251 5734 998 2252 5735 998 2252 5736 994 2251 5737 997 2253 5738 994 2251 5739 996 2254 5740 997 2253 5741 998 2252 5742 992 1795 5743 995 2250 5744 987 1800 5745 980 2255 5746 984 2256 5747 980 2255 5748 981 2257 5749 983 1879 5750 981 2257 5751 982 1871 5752 983 1879 5753 983 1879 5754 984 2256 5755 980 2255 5756 984 2256 5757 985 1798 5758 987 1800 5759 960 1801 5760 967 1816 5761 966 1802 5762 991 1776 5763 990 1775 5764 999 1803 5765 990 1779 5766 993 1778 5767 1001 1805 5768 961 1782 5769 962 1781 5770 969 1807 5771 962 1785 5772 963 1784 5773 970 1809 5774 964 1787 5775 971 2258 5776 970 1811 5777 965 1812 5778 972 2259 5779 971 1813 5780 959 1814 5781 966 1828 5782 972 1815 5783 967 1816 5784 974 1830 5785 973 1817 5786 999 1803 5787 1002 2260 5788 1003 1818 5789 1001 1805 5790 1004 2261 5791 1002 1819 5792 968 1808 5793 969 1807 5794 976 1820 5795 969 1810 5796 970 1809 5797 977 1822 5798 970 1811 5799 971 2258 5800 978 1824 5801 971 1813 5802 972 2259 5803 979 1826 5804 966 1828 5805 973 1843 5806 979 1829 5807 974 1830 5808 981 2262 5809 980 1831 5810 1003 1818 5811 1002 2260 5812 1005 1832 5813 1002 1819 5814 1004 2261 5815 1007 1834 5816 975 1821 5817 976 1820 5818 984 1836 5819 976 1823 5820 977 1822 5821 985 1838 5822 977 1825 5823 978 1824 5824 986 1840 5825 979 1826 5826 987 2263 5827 986 1842 5828 973 1843 5829 980 2264 5830 987 1844 5831 953 1845 5832 988 2265 5833 991 1846 5834 954 1848 5835 961 1866 5836 993 1849 5837 958 1794 5838 994 2266 5839 995 1851 5840 957 1791 5841 996 2267 5842 994 1852 5843 957 1853 5844 956 1786 5845 997 1854 5846 956 1856 5847 955 1783 5848 998 1857 5849 954 1780 5850 992 2268 5851 998 1859 5852 953 1771 5853 952 1773 5854 995 1861 5855 967 1863 5856 960 1847 5857 991 1846 5858 968 1865 5859 1001 1870 5860 993 1849 5861 967 1863 5862 1000 1864 5863 1003 1867 5864 975 1869 5865 1004 1877 5866 1001 1870 5867 982 1871 5868 981 2257 5869 1006 1872 5870 981 1874 5871 974 1868 5872 1003 1867 5873 983 1876 5874 1007 2269 5875 1004 1877 5876 982 1871 5877 1005 1873 5878 1007 1878 5879</p>
        </triangles>
      </mesh>
    </geometry>
    <geometry id="Mesh_006-mesh" name="Mesh.006">
      <mesh>
        <source id="Mesh_006-mesh-positions">
          <float_array id="Mesh_006-mesh-positions-array" count="3024">0.09372878 6.046776 -0.04638397 0.06457293 6.020945 -0.04143869 0.04693996 6.00484 -0.01204335 0.05115783 6.007895 0.02458202 0.07475638 6.028321 0.04698383 0.1039116 6.054151 0.04203855 0.117327 6.067201 -0.02398216 0.03539752 6.136445 -0.04517686 0.006241798 6.110614 -0.0402323 -0.01139128 6.09451 -0.01083672 -0.007173418 6.097564 0.02578842 0.01642537 6.117989 0.04819095 0.0455805 6.14382 0.04324567 0.05899584 6.15687 -0.02277553 -0.08704245 6.280191 -0.06269228 -0.1078454 6.262302 -0.05919015 -0.1200734 6.250586 -0.03844964 -0.1165633 6.251909 -0.01261889 -0.09937131 6.265495 0.003170847 -0.07856798 6.283383 -3.30806e-4 -0.06985032 6.293776 -0.04690325 -0.317538 6.633975 -0.03358066 -0.3287182 6.62786 -0.0312072 -0.3334596 6.619706 -0.02189505 -0.3289851 6.61429 -0.01109898 -0.3179156 6.614785 -0.005143284 -0.3067355 6.620902 -0.007516264 -0.3064687 6.634471 -0.02762496 -0.3634085 6.781403 0.05083787 -0.3676876 6.779061 0.05174648 -0.3695027 6.77594 0.0553106 -0.3677898 6.773867 0.05944287 -0.3635531 6.774057 0.06172215 -0.3592737 6.776399 0.06081402 -0.357459 6.77952 0.05724966 -0.3591719 6.781593 0.05311787 -0.1971722 6.434697 -0.07769858 -0.202068 6.422867 -0.04309403 -0.2185192 6.410303 -0.04010331 -0.2329424 6.402637 -0.05144536 -0.2368888 6.404362 -0.07047688 -0.2280465 6.414467 -0.08604896 -0.2115951 6.427031 -0.08904087 0.1125333 6.051544 0.04615771 0.135151 6.069432 0.01528799 0.07281541 6.17074 0.01762735 0.05310642 6.153115 0.0515269 0.1269919 6.065609 -0.02499711 0.06919503 6.167551 -0.02459013 0.1021106 6.033891 -0.04655683 0.08313822 6.015436 0.04681074 0.05953979 5.995011 0.02440917 0.05532193 5.991955 -0.01221621 0.07295489 6.008061 -0.04161179 -0.05787098 6.307209 -0.01749122 -0.07240867 6.294234 0.007909417 -0.06028938 6.305335 -0.04855525 -0.1828994 6.443113 -0.05547297 -0.1939368 6.430871 -0.03475129 -0.1866385 6.444942 -0.07927668 -0.2956891 6.624181 1.3721e-4 -0.289587 6.63554 -0.01405227 -0.3454403 6.783952 0.0596131 -0.3473157 6.777735 0.06776487 -0.2947309 6.642752 -0.029549 -0.3470926 6.789122 0.05089414 -0.1555411 -1.189168 -0.08844363 -0.2104759 -1.23704 0.007573246 -0.1989238 -1.217715 0.1238352 -0.1276513 -1.142514 0.1922389 -0.03840911 -1.055489 0.1727133 0.004973769 -1.026942 -0.03956544 -0.06629884 -1.102143 -0.1079686 -0.3487818 -0.9085579 -0.08818566 -0.397857 -0.9513228 -0.002411246 -0.387537 -0.9340596 0.1014491 -0.3238673 -0.8668811 0.1625558 -0.2441442 -0.7891388 0.1451135 -0.205389 -0.7636371 -0.04452168 -0.2690592 -0.8308163 -0.1056283 -1.014923 -0.2300491 -0.1214412 -1.048981 -0.2535815 -0.06634414 -1.039867 -0.2464628 6.12855e-4 -0.9929199 -0.2128605 0.0402075 -0.9356403 -0.172461 0.02924597 -0.9106965 -0.1560478 -0.09280812 -0.957644 -0.1896486 -0.1324027 -1.254506 0.2817197 -0.09011161 -1.270002 0.2649927 -0.06013047 -1.267989 0.2728472 -0.02413594 -1.249647 0.300684 -0.003212332 -1.22572 0.3321943 -0.009617209 -1.212237 0.3410668 -0.07559239 -1.230579 0.3132305 -0.09651601 -1.633466 0.6865544 -0.1052573 -1.639083 0.680491 -0.09438931 -1.638353 0.6833387 -0.08134114 -1.631704 0.693429 -0.07375657 -1.62303 0.7048512 -0.07607829 -1.618143 0.7080674 -0.09999454 -1.624792 0.6979771 -0.1075791 -0.6719925 -0.5774794 -0.1342891 -0.6178031 -0.5293365 -0.08537805 -0.6487284 -0.549686 0.06594431 -0.7157276 -0.6062579 0.07971251 -0.769917 -0.6544013 0.03080141 -0.7795532 -0.6659131 -0.05213773 -0.7389917 -0.6340518 -0.1205204 -0.01674437 -1.059165 0.1837579 0.05130732 -1.0059 0.08397543 -0.1748573 -0.7133899 0.06673777 -0.228538 -0.7604134 0.1644679 0.02934312 -1.028839 -0.0417546 -0.1846232 -0.7315164 -0.05041396 -0.04329121 -1.133684 -0.1063922 -0.1325334 -1.220709 -0.08686721 -0.1046437 -1.174056 0.1938153 -0.1759159 -1.249256 0.1254116 -0.187468 -1.268581 0.00914967 -1.660349 0.71348 -0.1080831 -1.665966 0.7074165 -0.09721505 -1.665237 0.7102642 -0.08416688 -1.658588 0.7203541 -0.07658231 -1.628329 0.7325282 -0.06743943 -1.618141 0.7520857 -0.08301579 -1.620738 0.7375245 -0.1045855 -1.651675 0.7249026 -0.1104048 -0.5885332 -0.4843488 0.004891037 -0.6329751 -0.521059 0.08523666 -0.5969219 -0.4973354 -0.09117639 -0.9137309 -0.1503281 0.04973185 -0.8750212 -0.1229982 -0.01785361 -1.185773 0.3775902 -0.03176009 -1.205976 0.356545 0.01072609 -0.8834348 -0.1303935 -0.09851014 -1.18711 0.3689609 -0.0815891 0.05316126 5.445347 -0.1079915 0.0050354 5.444321 -0.109155 -0.03002619 5.467544 -0.08285701 -0.03148543 5.501411 -0.04450452 0.001512885 5.526085 -0.01656281 0.08470022 5.50389 -0.04169738 0.08615934 5.470023 -0.08004987 0.05316126 5.562158 -0.1839936 0.0050354 5.56113 -0.1851571 -0.03002619 5.584353 -0.1588591 -0.03148543 5.61822 -0.1205066 0.001513004 5.642894 -0.09256446 0.08470046 5.620699 -0.117699 0.08615934 5.586832 -0.1560524 0.02772593 5.749001 -0.34345 -0.006245255 5.74873 -0.3445548 -0.03100085 5.76467 -0.3257059 -0.03203845 5.787486 -0.297944 -0.008750677 5.803812 -0.277532 0.04997611 5.788143 -0.2952761 0.05101382 5.765327 -0.3230375 0.02216887 6.232464 -0.6188339 0.006144046 6.235911 -0.6205348 -0.006138563 6.240017 -0.6102809 -0.007483959 6.242382 -0.5940789 0.002895832 6.241616 -0.5814194 0.03120338 6.234063 -0.5899724 0.03254878 6.231699 -0.6061744 0.05574631 6.470087 -0.6292409 0.04961287 6.471405 -0.6298918 0.04491162 6.472977 -0.6259674 0.04439675 6.473882 -0.6197661 0.04836952 6.473588 -0.6149205 0.05920422 6.470698 -0.6181945 0.0597192 6.469795 -0.6243953 0.0215317 5.940372 -0.4976853 0.02035498 5.953939 -0.4751514 -0.02461516 5.965938 -0.461564 -0.0420655 5.957341 -0.4784702 -0.04088866 5.943774 -0.5010041 -0.02177381 5.933186 -0.5159658 0.004081368 5.931777 -0.5145916 0.001091241 5.522953 0.002933621 0.05730104 5.525044 0.01130545 0.05940401 5.665795 -0.07331407 7.09772e-4 5.665666 -0.07314145 0.09424018 5.498099 -0.02521073 0.1033918 5.638268 -0.1041663 0.08615934 5.444175 -0.06323277 0.05316126 5.419501 -0.09117448 -0.03148543 5.475564 -0.02768743 -0.03002619 5.441697 -0.06603991 0.0050354 5.418475 -0.09233796 0.0610733 6.501733 -0.6321992 0.05493986 6.503052 -0.6328501 0.0502386 6.504624 -0.6289257 0.04972374 6.505528 -0.6227244 0.05004894 6.492349 -0.6027459 0.06427168 6.494083 -0.5961298 0.07082831 6.486805 -0.6090244 0.06504619 6.501441 -0.6273536 0.03465378 5.829193 -0.2615451 -0.009298443 5.829735 -0.2608141 0.06813085 5.809076 -0.2842091 0.01108813 5.984515 -0.4406003 -0.02506339 5.986246 -0.4407829 0.03865146 5.969246 -0.4600338 0.00162971 6.251917 -0.5553674 0.02822589 6.246829 -0.5545548 0.04945719 6.239157 -0.5698179 0.03128075 -2.286214 -0.09759271 -0.0989027 -2.315098 -0.08696973 -0.1960778 -2.267506 -0.0059551 -0.2033202 -2.171317 0.09799492 -0.1163879 -2.082877 0.1639872 0.1109704 -2.101585 0.07234966 0.1182131 -2.197774 -0.03160035 -0.04449057 -1.967261 -0.2984403 -0.1607873 -1.993064 -0.2889508 -0.2475967 -1.950549 -0.2165778 -0.2540667 -1.86462 -0.1237162 -0.1764073 -1.785614 -0.06476294 0.02669882 -1.802326 -0.1466253 0.03316867 -1.888256 -0.2394875 -0.3195183 -1.195818 -0.9920172 -0.3951717 -1.207925 -0.9885753 -0.4502428 -1.185061 -0.9393281 -0.4524715 -1.140619 -0.8731231 -0.4005523 -1.100633 -0.8287429 -0.2698276 -1.11139 -0.8814315 -0.2675991 -1.155831 -0.9476365 -0.4163616 -0.6115804 -1.233188 -0.4562645 -0.6226387 -1.22819 -0.4870236 -0.6057658 -1.204708 -0.4906206 -0.5708451 -1.176496 -0.4649484 -0.5383329 -1.160082 -0.3942862 -0.5441475 -1.188562 -0.3906891 -0.5790687 -1.216774 -0.5733466 -0.1509628 -1.626727 -0.5878115 -0.1549715 -1.624915 -0.5989618 -0.1488552 -1.616402 -0.6002658 -0.1361966 -1.606175 -0.5909596 -0.1244106 -1.600225 -0.5764945 -0.1204023 -1.602037 -0.5653443 -0.1265187 -1.61055 -0.5640404 -0.1391773 -1.620777 -0.1499671 -1.597752 -0.6535128 -0.1540327 -1.535343 -0.5757631 -0.3161042 -1.522007 -0.5104398 -0.3791709 -1.578892 -0.5611314 -0.3751054 -1.6413 -0.6388806 -0.3062892 -1.672675 -0.6981434 -0.2130339 -1.654637 -0.7042044 -0.1148401 -2.084297 0.180111 0.02265965 -2.052714 0.1751648 -0.05372679 -1.737788 -0.06172692 -0.178584 -1.764649 -0.05029141 0.1208521 -2.103691 0.08511412 0.04042088 -1.78267 -0.1385625 0.1228172 -2.218667 -0.01703393 0.03588485 -2.307107 -0.08302628 -0.1987159 -2.19221 0.1125613 -0.1914734 -2.288399 0.008611321 -0.0942986 -2.335991 -0.07240331 -0.2165925 -1.481621 -0.5043391 -0.318203 -1.501117 -0.4959053 -0.1403305 -1.515754 -0.5675973 -0.4016583 -1.083962 -0.8101105 -0.3171806 -1.071171 -0.8156461 -0.4177559 -0.5081062 -1.149876 -0.4665604 -0.520184 -1.142789 -0.254442 -1.096076 -0.8694462 -0.3793106 -0.5273633 -1.177955 -0.5705271 -0.1002306 -1.590266 -0.5933237 -0.1035537 -1.585096 -0.5510454 -0.1070327 -1.602136 0.2332752 -3.653694 -0.2677716 0.02733695 -3.653694 -0.353074 -0.1786012 -3.653694 -0.2677716 -0.2639039 -3.653694 -0.06183326 -0.1786012 -3.653694 0.144105 0.02733695 -3.653694 0.2294074 0.2332752 -3.653694 0.144105 0.3185778 -3.653694 -0.06183326 0.1071943 6.182228 -0.1040714 0.01976513 6.194836 -0.1327928 -0.06322848 6.194683 -0.09158694 -0.09317064 6.181854 -0.004591345 -0.05252039 6.163869 0.077232 0.03490877 6.151259 0.1059542 0.1179026 6.151413 0.06474745 0.1478445 6.164241 -0.02224767 0.1283956 7.993594 0.2651359 0.09475278 8.001317 0.2553641 0.0976659 7.980653 0.29834 0.06281602 7.996938 0.2707669 0.05129337 7.98302 0.3023235 0.06693637 7.967713 0.3315455 0.1005799 7.959989 0.3413159 0.1325159 7.964369 0.3259136 0.1440377 7.978279 0.294357 0.195685 -0.3425117 0.1176534 0.1141092 -0.3290992 0.2752477 -0.05629253 -0.3168883 0.3295637 -0.2157013 -0.3130307 0.2487837 -0.2707379 -0.319788 0.08022749 -0.1891622 -0.3332 -0.0773667 -0.0187602 -0.3454118 -0.1316832 0.1406484 -0.3492684 -0.0509032 0.2614899 2.912933 -0.2233051 0.2015414 2.907908 -0.1036781 0.07317793 2.912699 -0.06007993 -0.04840695 2.9245 -0.1180514 -0.09199094 2.936396 -0.2436326 -0.03204238 2.941421 -0.3632597 0.09632086 2.93663 -0.4068574 0.2179057 2.92483 -0.3488859 -0.009639024 6.831459 0.0589739 -0.04131245 6.845473 -0.004779696 -0.01798236 6.855468 -0.07256305 0.04668343 6.855587 -0.1046689 0.1148049 6.845766 -0.08229053 0.146478 6.831748 -0.01853644 0.1231484 6.821758 0.04924595 0.05848276 6.821638 0.08135187 -0.03197491 6.868047 -0.1001375 0.04505598 6.867799 -0.1330684 0.04882347 8.009518 0.2431923 0.09312534 8.013529 0.2269645 0.1255426 6.857609 -0.1115149 0.1391333 8.005438 0.2359114 -0.1759757 -3.233039 -0.2722377 0.02223956 -3.235693 -0.3508061 0.2180658 -3.236531 -0.266487 0.2967908 -3.235063 -0.06867206 0.2122981 -3.232148 0.1267596 0.01408278 -3.229495 0.2053281 -0.1817433 -3.228656 0.121008 -0.2604683 -3.230125 -0.07680594 0.2332752 -4.567225 -0.2677716 0.02733695 -4.567225 -0.353074 0.02733695 -4.567225 -0.06183326 -0.1786012 -4.567225 -0.2677716 -0.2639039 -4.567225 -0.06183326 -0.1786012 -4.567225 0.144105 0.02733695 -4.567225 0.2294074 0.2332752 -4.567225 0.144105 0.3185778 -4.567225 -0.06183326 0.07343316 2.328883 -0.2681798 0.005732655 2.336828 -0.27569 -0.04931223 2.304955 -0.245561 -0.05945694 2.251933 -0.1954416 -0.01875877 2.208822 -0.1546906 0.04894173 2.200877 -0.1471804 0.1039866 2.232751 -0.1773098 0.1141312 2.285773 -0.2274292 0.1049022 2.629468 -0.1045612 -0.009016275 2.642838 -0.1171983 -0.1016393 2.589204 -0.06650054 -0.1187099 2.499985 0.01783382 -0.05022788 2.427445 0.08640396 0.06369066 2.414075 0.09904158 0.1563137 2.467709 0.0483433 0.173384 2.556929 -0.03599154 0.04422628 3.646577 0.6838914 -0.04955875 3.628294 0.7011739 -0.05803155 3.604476 0.7485658 -0.02765703 3.588232 0.7887989 0.02377152 3.589076 0.7983061 0.06612801 3.606514 0.7715169 0.07460057 3.630332 0.724125 -0.08252263 4.845937 1.123127 -0.09737753 4.845693 1.120381 -0.1096124 4.840657 1.128119 -0.1120597 4.833777 1.141808 -0.103286 4.829085 1.15343 -0.08843088 4.829329 1.156176 -0.07619607 4.834365 1.148438 -0.07374882 4.841246 1.134749 -0.01557207 4.252379 0.8445908 -0.02127504 4.236348 0.8764907 -0.04978561 4.22461 0.8945228 -0.08440268 4.22404 0.8881236 -0.104848 4.234975 0.8610422 -0.09914505 4.251008 0.8291417 -0.03601741 4.263314 0.8175088 0.1560552 2.98208 0.4079262 0.1428499 2.922262 0.4756538 0.072824 2.8849 0.5156037 -0.01300251 2.891879 0.5043732 -0.06435346 2.939112 0.4485418 -0.05114805 2.99893 0.3808147 0.1047043 3.029313 0.3520948 -0.00530827 2.329226 -0.3017868 -0.06035315 2.297352 -0.2716578 -0.1236329 2.612683 -0.08861148 -0.01740729 2.668969 -0.141816 0.1141312 2.253181 -0.2528333 0.07343316 2.296291 -0.2935838 0.1039866 2.200159 -0.2027138 0.04894173 2.168285 -0.1725844 -0.01875877 2.176231 -0.1800945 -0.05945694 2.219341 -0.2208455 0.110202 2.664343 -0.1270068 0.009751796 3.065628 0.3142072 0.1101152 3.05857 0.3251735 -0.07318508 3.022836 0.3589512 0.05023026 3.66424 0.6502673 -0.01582205 3.662131 0.64039 -0.07922899 4.278811 0.7769924 -0.0299884 4.280729 0.783753 -0.07130968 3.640547 0.6726638 -0.1208964 4.263007 0.8005053 -0.1317822 4.858391 1.101571 -0.1056764 4.866131 1.091277 -0.07695055 4.86908 1.091467 -0.03960108 3.930972 -0.1844877 -0.03006613 3.938241 -0.09420287 0.02612733 3.990431 -0.03837621 0.09606134 4.056968 -0.04971015 0.1387696 4.098875 -0.1215652 0.0730412 4.039416 -0.2676762 0.003107309 3.972879 -0.2563428 -0.1897017 4.145808 -0.181382 -0.1801671 4.153079 -0.09109723 -0.1239734 4.205267 -0.03527104 -0.05403947 4.271804 -0.04660451 -0.01133143 4.313712 -0.1184595 -0.07705986 4.254252 -0.2645711 -0.1469936 4.187715 -0.2532371 -0.5787532 4.563143 -0.09899365 -0.5665689 4.561781 -0.03982198 -0.5351095 4.602624 -0.001975893 -0.5028036 4.661746 -0.00762546 -0.4885752 4.704516 -0.05346143 -0.5322189 4.665035 -0.1504791 -0.5645251 4.605911 -0.1448291 -1.121982 5.128376 0.01603281 -1.119692 5.130311 0.03852999 -1.105605 5.143191 0.05243837 -1.087972 5.159466 0.04961168 -1.077121 5.169605 0.03170454 -1.079412 5.16767 0.009207844 -1.093498 5.154789 -0.004701018 -1.111132 5.138514 -0.001873373 -0.3428407 4.376428 -0.198058 -0.2922726 4.43915 -0.2064665 -0.2379105 4.488327 -0.08562219 -0.2659609 4.445976 -0.02715814 -0.316529 4.383255 -0.01875007 -0.3599928 4.336906 -0.06532275 -0.3708911 4.334078 -0.1395944 -0.9603138 4.794021 -0.002501845 -0.9235556 4.825711 -0.007986903 -0.8898482 4.856204 0.06694281 -0.9126444 4.837144 0.1034647 -0.9494019 4.805456 0.1089493 -0.9785891 4.779698 0.08018457 -0.983109 4.774963 0.03401958 -0.8010473 4.618575 -0.03245913 -0.7790861 4.674386 -0.03532302 -0.7401342 4.709622 0.05126535 -0.7459612 4.668407 0.08999502 -0.7679224 4.612597 0.09285843 -0.7931528 4.574884 0.05817854 -0.8068743 4.57736 0.006270051 0.1624484 4.09596 -0.1238931 0.1602911 4.089281 -0.2251237 -0.001932382 4.332895 -0.2251943 0.01077294 4.342548 -0.1224416 0.09165871 4.031922 -0.2812547 -0.06487917 4.27411 -0.2906131 0.02446365 3.942312 -0.2567843 -0.01824474 3.900404 -0.1849292 0.1174176 4.0264 -0.0501517 0.04748368 3.959864 -0.03881776 -0.008709788 3.907674 -0.09464442 -0.233705 4.515576 -0.1757067 -0.2189421 4.520661 -0.08933198 -0.2831664 4.462561 -0.2321008 -0.4782188 4.740077 -0.05490958 -0.4937134 4.740973 -0.1263259 -0.7465656 4.747086 -0.01441276 -0.7289822 4.744395 0.04941332 -0.5312872 4.69207 -0.1728781 -0.7771673 4.700806 -0.05769956 -0.9088085 4.842849 -0.03421008 -0.873035 4.875094 0.004096627 -1.075707 5.167609 -0.03129231 -1.056613 5.185019 -0.006250262 -0.8652845 4.882223 0.0625416 -1.049314 5.191486 0.02737963 0.07531583 4.849373 -0.09449183 -0.02440893 4.856235 -0.09276616 -0.04677796 4.812931 -0.06049096 -0.02783966 4.766782 -0.02893006 0.02131223 4.744825 -0.01657092 0.07188522 4.759921 -0.03065526 0.09425425 4.803226 -0.06293141 0.08251357 4.954251 0.01417839 -0.01721119 4.961112 0.01590406 -0.03958022 4.917807 0.04817926 -0.02064192 4.871661 0.07974112 0.02851009 4.849704 0.09209883 0.07908296 4.864798 0.07801544 0.1014518 4.908103 0.04573929 0.08022487 5.103551 0.188695 0.006158947 5.108648 0.1899768 -0.01075732 5.072289 0.2087537 0.003005504 5.033817 0.2269989 0.03938543 5.01577 0.2340251 0.07707154 5.02872 0.2257171 0.09398782 5.06508 0.2069412 0.07444524 5.215173 0.3869954 0.03000748 5.218231 0.3877651 0.02026164 5.202318 0.4050571 0.02892255 5.185138 0.4220296 0.05091679 5.176755 0.4287416 0.07336032 5.182081 0.421261 0.08310604 5.197994 0.4039694 0.07324981 5.368409 0.510398 0.06220161 5.372619 0.5070268 0.05092775 5.369944 0.5107843 0.04603219 5.36195 0.5194708 0.05038273 5.353321 0.5279962 0.06143093 5.34911 0.5313679 0.07270479 5.351784 0.52761 0.07760035 5.359778 0.5189244 0.07876849 4.849932 -0.1074928 0.02606022 4.875658 -0.1255191 0.03405547 4.993832 -0.009715437 0.09041428 4.970027 0.003409504 -0.02822744 4.857294 -0.1056412 -0.02383005 4.977888 0.005386471 0.0932846 4.789098 -0.07757127 0.07091557 4.745793 -0.04529511 0.02034258 4.730697 -0.03121078 -0.0288093 4.752655 -0.04356992 -0.04774761 4.798803 -0.07513082 0.04466128 5.140891 0.1723185 0.08810567 5.120867 0.179947 -2.15054e-4 5.126944 0.1814752 0.05319821 5.241927 0.3696476 0.08224296 5.231285 0.3770148 0.0235517 5.235323 0.3780309 0.06271481 5.387017 0.4945113 0.0810101 5.382308 0.4977571 0.04419386 5.38484 0.4983941 0.03370523 1.717379 -0.261112 0.03632164 1.717379 -0.134648 0.06018841 1.648894 -0.1089389 0.08297169 1.58041 -0.1356132 0.09132504 1.552043 -0.1990449 0.0803554 1.58041 -0.2620771 0.05648839 1.648894 -0.2877858 0.2966082 1.893486 -0.309737 0.3010106 1.893486 -0.09693837 0.3411707 1.778249 -0.05367827 0.3795073 1.663012 -0.098562 0.3935635 1.615279 -0.2052977 0.3751049 1.663012 -0.3113606 0.3349447 1.778249 -0.3546207 1.38444 2.418291 -0.2741311 1.38644 2.418291 -0.1775047 1.419116 2.376386 -0.1581604 1.450963 2.334481 -0.1788394 1.463328 2.317124 -0.2274291 1.448964 2.334481 -0.2754657 1.416289 2.376386 -0.2948105 2.225196 3.291421 -0.2571523 2.225773 3.291421 -0.2292416 2.235212 3.279318 -0.223654 2.244411 3.267213 -0.2296273 2.247983 3.2622 -0.2436625 2.243834 3.267213 -0.2575376 2.234395 3.279318 -0.2631257 1.754763 2.888116 -0.2794683 1.776757 2.859909 -0.2664473 1.786425 2.848226 -0.2341134 1.778103 2.859909 -0.2014076 1.756666 2.888116 -0.1874878 1.734671 2.916322 -0.2005088 1.733325 2.916322 -0.265549 0.8923642 1.939603 -0.3292086 0.9291598 1.857332 -0.2966998 0.9457774 1.823254 -0.2167222 0.9324818 1.857332 -0.1361258 0.8970622 1.939603 -0.102123 0.8602666 2.021873 -0.1346318 0.8569446 2.021873 -0.2952054 4.52161e-4 1.72831 -0.2690928 -0.01686143 1.767261 -0.1968066 0.2656212 1.99115 -0.2026507 0.2808687 1.938867 -0.3266294 0.003427028 1.72831 -0.1252987 0.2859831 1.938867 -0.07940936 0.01366293 1.62909 -0.2868998 0.03752994 1.560606 -0.2611911 0.04849958 1.532239 -0.1981589 0.04014623 1.560606 -0.1347272 0.01736295 1.62909 -0.1080529 2.230711 3.330309 -0.2659843 2.223075 3.350096 -0.2431471 2.231649 3.330309 -0.2206451 2.269509 3.315169 -0.2243635 2.278708 3.303064 -0.2303369 2.28228 3.298051 -0.2443721 2.278131 3.303064 -0.2582471 2.268692 3.315169 -0.2638352 0.8274739 2.106221 -0.2142746 0.8416685 2.067579 -0.3121407 0.845704 2.067579 -0.117079 1.356523 2.455371 -0.2909978 1.341937 2.476257 -0.2249181 1.694577 2.968322 -0.2322132 1.705151 2.953207 -0.2824261 1.359243 2.455371 -0.1594979 1.707219 2.953207 -0.182481 0.2049775 3.178908 -0.224953 0.1333259 3.120635 -0.2863945 0.02663779 3.116695 -0.2905487 -0.05259001 3.169396 -0.2349828 -0.05794692 3.247866 -0.1522468 0.1203927 3.310079 -0.0866512 0.1996206 3.257379 -0.142217 0.2049775 3.431096 -0.4011883 0.1333259 3.372822 -0.4626302 0.02663779 3.368882 -0.4667834 -0.05259001 3.421583 -0.4112181 -0.05794692 3.500054 -0.328482 0.1203927 3.562268 -0.2628869 0.1996206 3.509566 -0.3184522 0.226865 3.896436 -0.8856696 0.1786022 3.850509 -0.9195455 0.1084476 3.855127 -0.9292249 0.05749738 3.907584 -0.9090384 0.0555967 3.977153 -0.8708099 0.174014 4.018464 -0.8272547 0.2249648 3.966005 -0.8474416 0.2664478 4.529052 -1.558568 0.2485942 4.514678 -1.573977 0.2220118 4.513551 -1.574912 0.2022728 4.526327 -1.560822 0.200939 4.545523 -1.539963 0.2187929 4.559897 -1.524553 0.2453749 4.561024 -1.523619 0.2651144 4.548249 -1.537708 0.2124332 3.713361 -0.5683311 0.1477587 3.765938 -0.5309738 2.59161e-4 3.714483 -0.5852259 0.003837227 3.640593 -0.6450547 0.06851148 3.588018 -0.682412 0.1563969 3.587553 -0.6754145 0.2160111 3.639472 -0.6281604 0.329732 4.167037 -1.336256 0.2894634 4.191191 -1.306737 0.1980056 4.159287 -1.340376 0.2003915 4.121917 -1.383829 0.2406593 4.097764 -1.413347 0.2952224 4.100972 -1.41164 0.3321171 4.129668 -1.379708 0.3206068 3.969414 -1.139833 0.2772639 4.019709 -1.130037 0.1715763 3.98284 -1.16891 0.1711423 3.917274 -1.194808 0.2144849 3.86698 -1.204603 0.2762153 3.861418 -1.192559 0.3201723 3.903849 -1.16573 -0.06652855 3.243121 -0.138923 0.006005883 3.304902 -0.0690087 0.003917455 3.576869 -0.2533878 -0.07472503 3.514379 -0.3190011 0.1198126 3.308125 -0.07038438 0.1193033 3.582066 -0.2476352 0.1996206 3.236472 -0.1276067 0.2049775 3.158001 -0.2103427 -0.05259001 3.148488 -0.2203725 0.02663779 3.095788 -0.2759384 0.1333259 3.099728 -0.2717842 0.05042564 3.787405 -0.5269636 -0.0163027 3.731229 -0.5778636 0.1467888 3.788123 -0.5178765 0.04095029 3.996292 -0.8691744 0.09560239 4.047463 -0.8315233 0.2072323 4.04958 -1.1365 0.1569765 4.001555 -1.166601 0.1742674 4.042798 -0.8201388 0.2772609 4.043517 -1.12236 0.2881386 4.209074 -1.289786 0.2250024 4.204595 -1.293141 0.2441592 4.576072 -1.504455 0.2096585 4.572181 -1.508303 0.1811603 4.171754 -1.329134 0.1838859 4.555046 -1.526625 0.2022718 -2.353182 -0.1128801 -0.0938301 -2.316568 -0.1565059 -0.1820385 -2.409802 -0.04541671 -0.1475977 -2.518202 0.08374369 -0.0106827 -2.578269 0.155314 0.148504 -2.554816 0.1273695 0.2367125 -2.461582 0.01627981 0.2022718 -1.950887 0.1358934 -0.09382998 -1.914273 0.09226763 -0.1820387 -2.007508 0.2033573 -0.1475977 -2.115909 0.3325173 -0.0106827 -2.175976 0.4040877 0.148504 -2.152523 0.3761431 0.2367125 -2.059288 0.2650534 0.1292991 -0.6989079 1.06232 -0.06893754 -0.6743946 1.033113 -0.127478 -0.757489 1.09121 -0.1039056 -0.8507366 1.161404 -0.01202952 -0.8995149 1.202578 0.09433102 -0.8752492 1.190611 0.1528713 -0.7921555 1.132514 0.0642873 0.07538795 1.818025 -0.08706259 0.09410333 1.795725 -0.1321496 0.04666376 1.852643 -0.1145454 -0.008525371 1.918796 -0.04456245 -0.03913784 1.955434 0.03680443 -0.02724075 1.941095 0.08189153 0.02019691 1.884178 -0.002542018 0.8285441 2.338187 -0.01987326 0.8361254 2.329114 -0.0400238 0.833179 2.332665 -0.05118954 0.8214307 2.346761 -0.04682981 0.8077631 2.363143 -0.02949857 0.8001819 2.372217 -0.009348154 0.8031287 2.368666 0.001817703 0.8148766 2.35457 0.1684046 -1.47408 0.8316676 0.09602761 -1.561903 0.9144784 -0.03497004 -1.58579 0.9338971 -0.1478514 -1.531747 0.8785468 -0.1764926 -1.431432 0.7808524 -0.1041157 -1.343609 0.6980406 0.1397634 -1.373765 0.7339722 0.1381276 -0.2909002 1.425395 0.0863682 -0.3560224 1.482897 -0.007395029 -0.374054 1.49606 -0.08823645 -0.3344321 1.457172 -0.1088006 -0.2603664 1.389014 -0.05704104 -0.1952433 1.331513 0.1175634 -0.216834 1.357237 0.02377676 0.4222779 2.101109 -0.02593898 0.4150086 2.10987 -0.06869912 0.4337134 2.087484 -0.07945549 0.4674349 2.047064 -0.05190694 0.4964204 2.012287 0.04056906 0.4849849 2.025912 0.05132532 0.4512634 2.066332 0.2139291 -2.361206 -0.1401427 0.07132792 -2.296368 -0.2269915 0.07297849 -1.856786 0.03363811 0.22525 -1.921493 0.110241 -0.09838163 -2.322587 -0.1861566 -0.1028382 -1.880923 0.06190264 0.2367125 -2.502274 -0.00888288 0.148504 -2.595508 0.1022068 -0.0106827 -2.618961 0.1301513 -0.1475977 -2.558894 0.05858099 -0.1820385 -2.450494 -0.0705794 0.03453934 -1.287196 0.646763 0.1624813 -1.346003 0.707215 -0.1128529 -1.311957 0.666649 0.1522169 -0.6756816 1.031879 0.04510879 -0.6228213 0.9858662 0.0442053 -0.1397519 1.290723 0.1398066 -0.1846117 1.334658 -0.07761132 -0.6472621 0.9980165 -0.06573903 -0.1591958 1.304374 0.08665645 0.1064772 1.794874 0.001803517 0.1431603 1.753467 0.005470275 0.5360007 1.971507 0.06360423 0.5127425 1.999001 -0.09591519 0.1290531 1.767975 -0.06089806 0.5281382 1.980657 -0.04891014 0.8698025 2.30463 -0.012928 0.8707914 2.303411 0.02023482 0.8612528 2.314817 0.1223622 0.09378671 -0.06657195 0.01169955 0.05251455 -0.1025707 -0.1022224 0.09067201 -0.0752542 -0.1526696 0.1859045 -6.22988e-4 -0.1100909 0.2824273 0.07760548 0.1144937 0.2855415 0.08628773 0.164941 0.1903085 0.01165556 0.1287828 0.345922 -0.2992933 0.01812005 0.3046508 -0.3352926 -0.09580194 0.3428078 -0.3079755 -0.1462491 0.4380403 -0.2333447 -0.1036704 0.5345636 -0.1551163 0.1209143 0.5376778 -0.146434 0.1713615 0.4424448 -0.2210662 0.1098123 1.109122 -0.8513343 0.03091025 1.073644 -0.8693845 -0.04985105 1.106908 -0.857507 -0.08516347 1.189429 -0.8226588 -0.05433988 1.272866 -0.7852542 0.1053234 1.27508 -0.7790821 0.1406362 1.192561 -0.8139298 0.09374248 1.714598 -1.770933 0.05980086 1.703328 -1.783135 0.02479827 1.713642 -1.773598 0.009238839 1.739497 -1.747912 0.02223718 1.765749 -1.721121 0.09118139 1.766705 -1.718456 0.1067408 1.740849 -1.744142 0.07809913 2.067037 -2.001987 0.0647757 2.062613 -2.006776 0.05103588 2.066662 -2.003033 0.04492831 2.076811 -1.99295 0.05003058 2.087116 -1.982434 0.07709372 2.087491 -1.981387 0.0832014 2.077342 -1.99147 0.1552131 0.7631459 -0.5464947 0.11248 0.818243 -0.4679644 -0.07616853 0.8156271 -0.4752572 -0.111576 0.7594462 -0.5568087 -0.068843 0.7043491 -0.6353381 0.0269984 0.6826096 -0.6648457 0.1198054 0.706965 -0.6280453 0.09498989 1.361663 -1.157374 -0.01660597 1.360116 -1.161687 -0.03846585 1.298947 -1.178896 -0.01410114 1.238419 -1.194317 0.04221558 1.213988 -1.198919 0.09749484 1.239966 -1.190004 0.1193546 1.301135 -1.172795 0.1142475 1.463388 -1.497091 0.09434044 1.502351 -1.470158 0.005315303 1.501116 -1.4736 -0.01165294 1.461642 -1.501957 0.00825417 1.422679 -1.528891 0.05337548 1.407052 -1.538621 0.09727931 1.423914 -1.525449 -0.1303201 0.2819476 0.1401956 -0.003140926 0.3388095 0.2056481 0.003859758 0.6596689 -0.06024622 -0.1414099 0.6117063 -0.1020662 0.1298352 0.2855549 0.150253 0.1528617 0.615787 -0.09068989 0.163062 0.1165189 0.07976222 0.1204832 0.01999711 0.0015347 -0.1545484 0.1121149 0.06748366 -0.1041014 0.01688241 -0.00714755 0.00982058 -0.02127504 -0.03446412 0.07958757 2.149549 -2.062282 0.06626415 2.145125 -2.067071 0.05252432 2.149174 -2.063328 0.04641675 2.159323 -2.053245 0.03149664 2.16346 -1.982837 0.06173872 2.19876 -1.964196 0.09404075 2.164327 -1.980419 0.08468985 2.159854 -2.051765 0.01338744 0.9195595 -0.3753903 -0.1132353 0.887959 -0.4178665 0.1435198 0.89152 -0.4079406 -0.09095227 1.353834 -0.7457254 0.02180671 1.402173 -0.7207315 0.03667593 1.490775 -1.128773 -0.05275356 1.456502 -1.140727 0.1371129 1.356997 -0.7369087 0.127435 1.459001 -1.133762 -0.0160638 1.838003 -1.663381 0.05290567 1.855733 -1.64506 0.1234257 1.839938 -1.657988 0.126411 1.587501 -1.425175 0.04643583 1.611196 -1.413058 -0.03185975 1.585307 -1.431295 -0.04936844 0.4791341 -0.08509862 -0.05279141 0.4438787 0.01424801 -0.003467261 0.4764733 0.1013208 0.06971138 0.5578222 0.1251126 0.1238783 0.6402745 0.07168734 0.1273017 0.6755285 -0.02765977 0.004797399 0.561585 -0.1385239 -0.2419334 0.6945119 -0.03541934 -0.2453569 0.6592574 0.06392729 -0.1960321 0.6918521 0.1509996 -0.1228535 0.773201 0.1747919 -0.06868702 0.8556523 0.1213661 -0.0652638 0.8909078 0.0220195 -0.1877676 0.7769628 -0.08884465 -0.6906434 1.346449 0.1105009 -0.6868309 1.316143 0.1795364 -0.6580111 1.344558 0.2430316 -0.6210653 1.415049 0.2637926 -0.5976364 1.486322 0.2296563 -0.6014479 1.516628 0.1606208 -0.6672145 1.417723 0.07636463 -1.441778 1.863656 0.3408276 -1.443781 1.854029 0.3715721 -1.427687 1.862839 0.3980557 -1.402926 1.884925 0.4047634 -1.384002 1.90735 0.387767 -1.382 1.916977 0.3570224 -1.422854 1.88608 0.3238307 -1.627764 2.164715 0.4082257 -1.62855 2.160936 0.4202939 -1.622233 2.164394 0.4306899 -1.612513 2.173064 0.433323 -1.605085 2.181867 0.4266511 -1.604299 2.185646 0.4145829 -1.610616 2.182188 0.4041869 -1.620336 2.173518 0.4015538 -0.45111 1.050911 0.001251816 -0.3296982 1.116545 0.08950245 -0.3379954 1.095741 0.1743804 -0.396583 1.047751 0.222703 -0.4711408 1.000686 0.2061644 -0.5179945 0.9821158 0.1344524 -0.5096971 1.002921 0.04957449 -0.9213063 1.583043 0.2400766 -0.9155728 1.560852 0.287562 -0.9245383 1.5086 0.3095709 -0.9429513 1.456897 0.2932102 -0.9600259 1.436028 0.2480646 -0.9657594 1.458219 0.2005788 -0.9567939 1.510469 0.1785699 -1.221813 1.649068 0.2593347 -1.176361 1.695701 0.304062 -1.176808 1.681297 0.3432146 -1.196082 1.647577 0.3638402 -1.222892 1.614295 0.3538572 -1.241534 1.600945 0.3191129 -1.241087 1.61535 0.2799608 0.152848 0.6755347 -0.04213273 0.1062063 0.6419387 -0.1451715 -0.1033647 0.8857727 -0.09734237 -0.04529315 0.9257722 0.001437783 0.02020519 0.5521607 -0.1621721 -0.1872857 0.7925949 -0.1281021 -0.01992088 0.4461975 -0.09269559 0.1533258 0.607338 0.06409037 0.09915894 0.5248861 0.1175156 0.02598029 0.4435372 0.09372389 -0.02334386 0.4109426 0.006651043 -0.3645572 1.123666 -0.01528537 -0.3077799 1.149252 0.06878197 -0.449876 1.066217 -0.03804862 -0.5872794 1.553192 0.1417809 -0.6222884 1.519719 0.06664478 -0.9386815 1.595991 0.1652418 -0.9151808 1.626491 0.2232457 -0.6698641 1.434546 0.03805696 -0.9630345 1.530107 0.1411958 -1.360039 1.949666 0.3357307 -1.386064 1.933907 0.297505 -1.598903 2.205642 0.3736831 -1.581601 2.217409 0.3930041 -1.422164 1.901299 0.284422 -1.619608 2.188664 0.362125 -1.188372 1.711658 0.2369548 -1.161022 1.733709 0.2847554 -1.223642 1.666247 0.2206813 0.0774486 5.13879 -0.1611802 0.05486679 5.175135 -0.1232244 0.08373987 5.145874 -0.03093075 0.1182817 5.097409 -0.03065705 0.1408644 5.061064 -0.06861281 0.1382576 5.05813 -0.122564 0.1119899 5.090326 -0.160907 0.1859467 5.243668 -0.170624 0.163364 5.280014 -0.1326687 0.1922382 5.250752 -0.04037451 0.2267805 5.202287 -0.04010081 0.2493618 5.165944 -0.07805705 0.2467563 5.163009 -0.1320078 0.2204883 5.195203 -0.1703507 0.3570122 5.398292 -0.1681602 0.3423828 5.427043 -0.1400582 0.3565147 5.399309 -0.07121062 0.3769977 5.359067 -0.07079434 0.3916271 5.330316 -0.09889626 0.3918338 5.329895 -0.139054 0.377496 5.358052 -0.1677443 0.5502151 5.519416 -0.1481745 0.5389449 5.534224 -0.1310865 0.5559354 5.525923 -0.09055542 0.574243 5.507677 -0.09085488 0.5855132 5.492869 -0.1079428 0.5831442 5.490174 -0.1318089 0.5685238 5.50117 -0.1484735 0.6716664 5.674292 -0.1585028 0.6660051 5.68173 -0.1499192 0.6671951 5.683085 -0.1379311 0.6745396 5.67756 -0.1295597 0.6837359 5.668395 -0.1297104 0.6893973 5.660957 -0.1382939 0.6882072 5.659604 -0.1502826 0.680863 5.665126 -0.158653 0.0387082 5.176904 -0.1225144 0.03615653 5.182462 -0.06157803 0.1535958 5.303145 -0.07011055 0.1494042 5.301244 -0.1328451 0.07012212 5.14507 -0.02209973 0.1833699 5.266819 -0.02430796 0.0943489 5.073274 -0.1593716 0.05980753 5.121738 -0.1596448 0.1206165 5.041078 -0.1210286 0.1232234 5.044013 -0.06707739 0.1006406 5.080357 -0.02912163 0.3317927 5.449419 -0.09184718 0.3308777 5.450087 -0.1404459 0.3490648 5.4166 -0.05536007 0.5300479 5.557688 -0.09810757 0.5259543 5.555813 -0.1313397 0.5477935 5.542716 -0.07471442 0.6543249 5.700412 -0.1299216 0.6497908 5.700691 -0.1498878 0.6650136 5.693255 -0.1135723</float_array>
          <technique_common>
            <accessor source="#Mesh_006-mesh-positions-array" count="1008" stride="3">
              <param name="X" type="float"/>
              <param name="Y" type="float"/>
              <param name="Z" type="float"/>
            </accessor>
          </technique_common>
        </source>
        <source id="Mesh_006-mesh-normals">
          <float_array id="Mesh_006-mesh-normals-array" count="6810">-0.1141828 -0.06095302 -0.9915881 -0.06930911 -0.1116627 -0.9913262 -0.0643199 -0.1173726 -0.9910029 -0.6582551 -0.4198186 -0.6248621 -0.6160508 -0.4738255 -0.6292622 -0.6096234 -0.4814739 -0.629716 -0.8290433 -0.541215 0.1406192 -0.8258314 -0.5461059 0.1406095 -0.8290501 -0.5412046 0.140619 -0.4861198 -0.3271224 0.810357 -0.5388801 -0.2565127 0.8023775 -0.4861141 -0.3271217 0.8103607 -0.01225477 0.1281577 0.9916781 0.01616388 0.1706405 0.9852008 0.1939074 0.01716387 0.9808697 0.6580895 0.3584648 0.6621339 0.5819586 0.5261549 0.6200689 0.6506289 0.3449038 0.6765525 0.8488494 0.4915803 -0.1944318 0.7814018 0.6126731 -0.118503 0.784699 0.6103635 -0.1081846 0.3594925 0.4046121 -0.8408652 0.4893902 0.3229331 -0.8100688 0.4894759 0.3228573 -0.8100473 0.6617813 -0.749572 -0.01369404 0.6618118 -0.7495452 -0.01368206 0.6617754 -0.7495772 -0.01369136 -0.3391453 0.7867539 0.5157508 -0.3561124 0.7764546 0.5199059 -0.318992 0.7876088 0.5271779 -0.02478671 -0.1627807 -0.9863509 -0.02475136 -0.1642148 -0.9861141 -0.5683891 -0.5272462 -0.6316212 -0.5643485 -0.5306336 -0.6324071 -0.8161085 -0.5605526 0.1405264 -0.8131296 -0.5650999 0.13958 -0.5666121 -0.212088 0.7962221 -0.564993 -0.2125099 0.7972593 0.005553722 0.1825148 0.9831875 -0.05394279 0.2497888 0.9667967 0.5699288 0.5495371 0.6108929 0.4931806 0.6271104 0.6029142 0.73785 0.6674299 -0.1005724 0.5005481 0.3083776 -0.8089222 -0.1312535 -0.06086128 -0.989479 -0.1432636 -0.0470494 -0.9885656 -0.6507397 -0.4143137 -0.6363034 -0.6775063 -0.3792095 -0.6302265 -0.8420643 -0.5238565 0.1284611 -0.8521378 -0.5065852 0.1312736 -0.5035197 -0.2726579 0.8198328 -0.4985767 -0.2786331 0.8208441 -0.05297064 0.2505788 0.966646 0.07660931 0.1307877 0.9884461 0.4928112 0.6267684 0.6035715 0.6164997 0.4901894 0.6161512 0.7393532 0.666103 -0.0983051 0.8006511 0.5934495 -0.08231449 0.5017486 0.305683 -0.8092011 0.4625425 0.3430179 -0.8175532 -0.3021644 0.1923849 -0.9336407 -0.3811752 0.3672508 -0.8484295 -0.3811822 0.3672484 -0.8484272 -0.8268306 -0.1414681 -0.5443693 -0.8956092 0.01310801 -0.4446485 -0.8956076 0.01310956 -0.4446518 -0.9025055 -0.3930964 0.1759521 -0.9209126 -0.321408 0.2204923 -0.920912 -0.3214086 0.2204946 -0.428168 -0.3802111 0.8198242 -0.4073014 -0.4502841 0.7945754 -0.4263499 -0.386528 0.8178153 0.342778 -0.2784461 0.8972018 0.3427937 -0.2784354 0.8971991 0.3427777 -0.2784463 0.8972019 0.8858819 0.09885454 0.4532564 0.9199814 0.1704073 0.3529812 0.8842275 0.09597718 0.4570889 0.8840675 0.4584363 -0.09088945 0.9427405 0.3334276 0.008147776 0.8788489 0.4688868 -0.08814728 0.404405 0.4579048 -0.7916944 0.3779939 0.5458209 -0.7477969 0.3779994 0.5458218 -0.7477935 0.8113832 0.5786486 -0.08260238 0.643597 0.4583435 0.6129472 0.7642069 0.3008176 0.5705233 0.08903354 0.1174561 0.989079 0.2331883 -0.05126219 0.9710795 -0.8980801 -0.4068235 0.1671729 -0.8134182 -0.1647323 -0.5578658 -0.2995305 0.1852632 -0.9359269 0.4580075 0.3492959 -0.8174483 -0.4861488 -0.3272656 0.8102818 -0.5431138 -0.272377 0.7942533 -0.5371825 -0.2782883 0.7962354 -0.1140834 -0.06072694 -0.9916135 -0.02466922 -0.1410548 -0.9896945 -0.1141326 -0.06075048 -0.9916064 0.4154388 0.372579 -0.8298166 0.5580009 0.2758458 -0.782652 0.04011517 0.101011 0.9940763 -0.33893 0.2920927 0.8943201 -0.486125 -0.3271169 0.8103562 -0.8290395 -0.5412201 0.1406213 -0.6582546 -0.4198128 -0.6248664 -0.6582449 -0.4198315 -0.6248641 -0.6582471 -0.4198176 -0.6248711 -0.1141844 -0.06095302 -0.9915879 -0.1141746 -0.06096601 -0.9915883 -0.114179 -0.06095886 -0.9915882 -0.5697684 -0.2662443 0.7774819 -0.5698145 -0.2662766 0.777437 0.0285843 -0.1652119 -0.9858438 -0.03506064 -0.1317586 -0.9906617 -0.5094539 -0.3168447 0.8000414 -0.5006294 -0.3264329 0.8017556 -0.1064507 -0.04311567 -0.9933828 0.03112989 -0.1670151 -0.9854628 -0.3821285 0.7768702 0.5004504 -0.3820805 0.7673733 0.5149298 -0.4005586 -0.4787398 0.7812562 -0.4260566 -0.4268773 0.7976537 -0.4006074 -0.478748 0.781226 -0.3721051 0.3412311 -0.8631913 -0.3073455 0.2196043 -0.9259119 -0.2961311 0.2011032 -0.9337366 -0.3427059 0.7761838 0.5292367 -0.3789571 0.7627519 0.5240239 -0.1330098 -0.01564121 -0.9909913 -0.4277822 -0.4234445 0.7985595 -0.6551472 -0.456144 -0.6022581 -0.5451192 -0.5836064 -0.601871 -0.5433566 -0.5848862 -0.6022223 -0.8238474 -0.5401964 0.1716493 -0.7140276 -0.6759185 0.1824799 -0.8236076 -0.5405509 0.1716843 -0.5004268 -0.273045 0.8215957 -0.4578697 -0.321047 0.8290261 -0.4994307 -0.2741948 0.8218188 -0.07443612 0.2268964 0.9710702 0.01079982 0.2098697 0.9776697 0.1546334 0.1019544 0.9826973 0.6015908 0.4752749 0.6420298 0.4816092 0.6514049 0.58628 0.5960838 0.4648517 0.6546732 0.790527 0.5698513 -0.2243584 0.6449117 0.7437794 -0.1757307 0.6498457 0.7414177 -0.1673338 0.2984545 0.4165338 -0.8587343 0.384503 0.3959494 -0.8338954 0.3876321 0.3919631 -0.8343299 -0.1269026 -0.09146529 -0.9876892 -0.08295154 -0.1371859 -0.987066 -0.08419811 -0.135344 -0.9872146 0.7518754 -0.6560502 0.06543362 0.7027292 -0.7098256 0.04815781 0.7027288 -0.7098262 0.04815769 -0.5816393 0.8133917 -0.009474456 -0.603935 0.796868 -0.01624739 -0.6121197 0.7905426 -0.01876169 -0.5416368 -0.5909307 -0.597855 -0.7088676 -0.6824718 0.1781545 -0.7181226 -0.6730006 0.1771163 -0.4553508 -0.3272661 0.827981 -0.4611513 -0.3210186 0.8272161 0.01457107 0.2180764 0.9758229 0.02118194 0.2118139 0.9770805 0.473859 0.6711257 0.5701299 0.4750074 0.6704378 0.5699836 0.6293501 0.7605463 -0.1596495 0.3871088 0.4038534 -0.8288844 -0.08062934 -0.1433931 -0.9863759 -0.6997507 -0.3894069 -0.5989252 -0.7096176 -0.3877328 -0.5883078 -0.6953331 -0.4083701 -0.5913931 -0.8648191 -0.473103 0.1681122 -0.869013 -0.4697052 0.1555424 -0.8648794 -0.4728081 0.1686304 -0.5204132 -0.2389363 0.8198046 -0.5429067 -0.2397273 0.8048498 -0.5186004 -0.2407183 0.8204318 0.08654278 0.1444414 0.9857217 0.07393991 0.1449487 0.9866726 0.0856927 0.1451401 0.9856933 0.6577677 0.4880752 0.5736936 0.6442263 0.5296173 0.5517953 0.6549078 0.4905344 0.5748669 0.8127889 0.5661671 -0.1372194 0.7876825 0.6060276 -0.110846 0.7796393 0.6154386 -0.1157496 0.4608516 0.327638 -0.8247843 0.4492366 0.3289799 -0.8306375 0.4373756 0.3385597 -0.8331145 -0.1480314 -0.05800658 -0.9872801 -0.1745221 -0.06101512 -0.982761 -0.1569674 -0.07552176 -0.984712 -0.5687305 -0.5573552 -0.6048974 -0.5684264 -0.5576546 -0.6049073 -0.8605762 -0.4844102 0.1573392 -0.7412905 -0.6459219 0.1824101 -0.5280335 -0.2547431 0.8101152 -0.4700412 -0.3111203 0.8259935 0.06093263 0.1546247 0.9860926 -0.1922124 0.02210497 0.9811044 0.6287667 0.544144 0.5554816 0.3300784 0.492509 0.8052846 0.605567 0.6346659 -0.4800914 0.6015141 0.6266587 -0.4954592 0.2047171 0.2156105 -0.9547792 0.1134873 0.07412099 -0.9907708 -0.09532707 -0.1282492 -0.98715 0.4602235 0.3280994 -0.8249517 0.6383949 0.7534062 -0.1575791 -0.6965909 -0.3939014 -0.599669 -0.1454274 -0.06051152 -0.9875168 -0.4738944 -0.2820388 0.8341932 -0.414283 -0.3434212 0.842871 -0.4233347 -0.3375429 0.8407453 -0.0973488 -0.09884226 -0.9903299 -0.03607803 -0.1582103 -0.9867461 -0.09663105 -0.09838587 -0.9904457 -0.125709 -0.09269589 -0.9877271 -0.09815394 -0.1209675 -0.9877918 -0.09815329 -0.120968 -0.9877919 0.4162124 0.3398119 -0.8433831 0.5239886 0.2815272 -0.8038523 0.0387209 0.1540851 0.9872986 -0.3741879 0.3610547 0.8541797 -0.4731322 -0.3037937 0.8269554 -0.7995797 -0.574515 0.1749426 -0.6545143 -0.4569813 -0.6023116 -0.6292563 -0.4891972 -0.6039228 -0.6292556 -0.4891989 -0.6039221 -0.5306446 -0.5933312 -0.6052888 -0.5306442 -0.5933312 -0.6052891 -0.7411725 -0.6460517 0.18243 -0.7047837 -0.6838781 0.188655 -0.4312903 -0.3430422 0.8344524 -0.2859704 -0.1213032 0.9505296 -0.2569637 -0.2586816 0.9311572 0.1370095 -0.06632429 -0.9883469 -0.09715175 -0.2382907 -0.9663225 -0.05513584 -0.1585065 -0.9858173 -0.4368732 -0.3248798 0.8388056 -0.4282355 -0.3310499 0.8408451 -0.04613935 -0.1522278 -0.9872679 -0.05984759 -0.1400295 -0.988337 -0.499696 -0.2783398 0.8202629 -0.5080247 -0.2584653 0.8216487 -0.4934781 -0.2852715 0.8216444 -0.1267275 -0.09657734 -0.9872249 -0.1347928 -0.07705903 -0.987873 -0.1306138 -0.08130854 -0.9880936 -0.4584177 -0.4171495 0.7847545 -0.1192729 -0.1039766 -0.9874022 -0.05020207 -0.146292 -0.9879668 -0.5045799 -0.262407 0.8225217 0.03187876 -0.545094 -0.8377687 0.03196972 -0.6075859 -0.7936103 0.03209847 -0.6054587 -0.7952293 -0.7035132 -0.3875818 -0.5956926 -0.7068882 -0.4431335 -0.5513092 -0.7035112 -0.3875853 -0.5956927 -0.9995847 -0.01571607 -0.02415442 -0.9995918 -0.01964271 -0.02074855 -0.9995847 -0.01571595 -0.0241546 -0.7924001 0.4199956 0.4423865 -0.7484309 0.4341809 0.5013365 -0.7098662 0.3266325 0.6240203 -0.1137636 0.5035936 0.8564177 -0.009173631 0.6446589 0.7644153 0.00842905 0.6449717 0.7641599 0.7507073 0.2964918 0.5903654 0.6916939 0.495709 0.5251974 0.6789709 0.5156697 0.5225737 0.9711158 0.2137082 -0.1061269 0.9961564 0.08110177 -0.03309154 0.9958185 0.08397459 -0.03596955 0.7452182 -0.3636605 -0.5589284 0.7455508 -0.3678169 -0.5557561 0.7455748 -0.3679354 -0.5556454 -1.65161e-6 -0.7495777 0.6619164 -4.66764e-6 -0.7495828 0.6619107 0.04617261 -0.6680038 0.7427241 0.3231797 0.9075056 0.268307 0.2210358 0.96751 -0.1227508 0.3218808 0.9097874 0.262068 0.0307753 -0.6600514 -0.7505898 -0.7069156 -0.4466331 -0.5484426 -0.7052269 -0.4971684 -0.5054489 -0.9993993 -0.03355139 -0.008692085 -0.9993267 -0.03585541 -0.007797837 -0.7455134 0.4761433 0.4663661 -0.7446193 0.4755488 0.4683968 0.0175547 0.7548378 0.6556766 0.01955336 0.7547824 0.6556837 0.6638162 0.605621 0.4388293 0.6630843 0.6062921 0.4390091 0.9901788 0.1230065 -0.06644874 0.7465931 -0.3823595 -0.5444264 0.02971303 -0.6620471 -0.7488731 0.01730865 -0.5349932 -0.8446791 -0.6922824 -0.3730394 -0.6177271 -0.691823 -0.3789792 -0.6146184 -0.9987439 -6.72348e-4 -0.05010271 -0.9985814 0.002506554 -0.05318719 -0.7314867 0.4185694 0.5382629 -0.7311054 0.4107252 0.5447842 0.02383589 0.602172 0.7980105 0.02508443 0.5919387 0.8055925 0.6675671 0.4497928 0.59333 0.9903058 0.1229889 -0.06456178 0.9976288 0.06831336 0.008373558 0.7461707 -0.3853076 -0.5429249 0.7359912 -0.3475595 -0.5809643 0.05014568 -0.246243 -0.9679101 0.09258282 -0.05995458 -0.9938983 0.04657667 -0.2612184 -0.9641553 -0.6589702 -0.112543 -0.7437018 -0.6227093 0.08068549 -0.7782821 -0.6591734 -0.1137639 -0.7433359 -0.988423 0.1145285 -0.09951496 -0.9730826 0.2023453 -0.1103032 -0.987577 0.1207458 -0.1005586 -0.7304496 0.3009273 0.6130956 -0.9709465 0.058797 0.2319611 -0.9333085 0.1784777 0.3115786 -0.01113259 0.1935467 0.981028 -0.4090418 0.2106302 0.8878737 0.006760179 0.1920229 0.9813672 0.6125336 0.06996756 0.7873418 0.8675155 -0.04149883 0.4956763 0.8790405 -0.04840034 0.4742839 0.9958693 -0.03304356 0.08457213 0.946412 -0.1921588 -0.2595751 0.8909201 -0.3218706 -0.320407 0.7475022 -0.2190142 -0.6271151 0.7454679 -0.2285535 -0.6261317 0.995674 -0.03860002 0.08451992 0.626791 0.2754282 0.7288844 0.6248174 0.2763986 0.7302104 0.04445743 0.3920842 0.9188545 0.04685533 0.3916269 0.9189304 -0.7285928 0.3085231 0.6115278 0.01758861 -0.5180813 -0.8551506 0.7357069 -0.3399944 -0.5857809 -0.9995905 -0.01550269 -0.02405673 -0.9992699 -0.03774112 0.005966365 -0.9993798 -0.03514844 0.002214491 0.7453292 -0.3634878 -0.5588928 0.7528736 -0.3881088 -0.5315573 0.7452896 -0.3635024 -0.5589361 0.745218 -0.3636626 -0.5589272 0.7452185 -0.3636605 -0.558928 0.7452158 -0.363668 -0.5589268 0.9998907 -0.01409488 0.004490256 0.9303591 0.2521463 -0.2661846 0.9914167 -0.07130032 -0.109587 -0.7899902 0.4170218 0.4494535 -0.8420728 0.5350925 0.06774586 -0.9995847 -0.01571589 -0.02415472 -0.7035096 -0.38758 -0.5956979 0.03187662 -0.5451004 -0.8377647 0.0318768 -0.5451011 -0.8377642 0.0318771 -0.5451127 -0.8377565 0.09249067 -0.06036919 -0.9938818 0.08225536 -0.106472 -0.9909076 -0.6228342 0.08019095 -0.7782333 -0.6336433 0.0344125 -0.7728597 -0.9823024 0.1556051 -0.1042543 -0.9800406 0.1752721 -0.0938102 -0.9872766 0.1563292 0.02908957 0.7654129 -0.1688253 -0.6210001 0.7615234 -0.1389471 -0.6330686 0.8277923 -0.200626 -0.5239362 -0.998626 -0.04198586 0.03135859 -0.9985121 -0.04315388 0.0333392 0.7648785 -0.3952445 -0.5086677 0.7520094 -0.3857377 -0.5344983 -0.999786 -1.78214e-4 -0.02068954 -0.9994365 0.01074218 -0.03180396 0.7530991 -0.3475419 -0.55862 0.7653554 -0.3963749 -0.5070683 -0.9894691 0.1114219 -0.09239047 0.7492499 -0.2324644 -0.6201491 0.7490821 -0.2348945 -0.6194357 0.7514017 -0.338329 -0.5665061 -0.9902411 0.1061005 -0.09036189 0.04761201 -0.5267255 -0.848701 0.0854451 -0.6625034 -0.7441697 0.08472728 -0.6587081 -0.7476128 -0.6886791 -0.4777915 -0.5453773 -0.6618456 -0.6086255 -0.4376478 -0.6886205 -0.4783015 -0.5450042 -0.9901929 -0.1299597 0.05126899 -0.9795932 -0.1771557 0.09493678 -0.9900509 -0.1307465 0.05200648 -0.8010119 0.4028167 0.4428529 -0.7669084 0.3583444 0.5323917 -0.7107045 0.2333186 0.6636729 -0.09183615 0.5731508 0.8142877 -0.100094 0.7343935 0.6713028 -0.1011821 0.5683732 0.8165257 0.7018999 0.5197038 0.4870775 0.6321057 0.6800636 0.3714241 0.6284906 0.6821714 0.3736867 0.9227955 0.2924206 -0.2508758 0.9543088 0.2501429 -0.1634725 0.9553368 0.2472459 -0.1618677 0.7281678 -0.2354429 -0.6436913 0.7456576 -0.2840574 -0.6027488 0.7451379 -0.2815181 -0.6045802 0.2271038 -0.6756311 0.7013891 0.2122925 -0.7098274 0.6716227 0.2268059 -0.6763451 0.7007971 -0.2665592 0.5838644 -0.7668433 -0.2593999 0.5906192 -0.7641209 -0.2593997 0.590613 -0.7641258 0.08250147 -0.6692839 -0.7384122 -0.6568526 -0.61583 -0.435084 -0.6577137 -0.6119064 -0.4392987 -0.978246 -0.1833704 0.09700518 -0.9796765 -0.1782146 0.09205251 -0.7619175 0.366335 0.5341167 -0.7600536 0.3588443 0.5418021 -0.08989751 0.7468588 0.6588781 -0.08736997 0.7401147 0.6667809 0.6182609 0.6940793 0.3687918 0.9528481 0.2582901 -0.1592698 0.7453863 -0.2903021 -0.6001033 0.03347772 -0.4610164 -0.88676 0.02070075 -0.4577925 -0.8888182 0.02473348 -0.4741447 -0.8800995 -0.6964656 -0.4122046 -0.5873866 -0.6879042 -0.4101321 -0.5988152 -0.6965113 -0.4158071 -0.5847876 -0.9947156 -0.09755599 0.03199601 -0.9949656 -0.1000797 0.005258798 -0.9943965 -0.0999419 0.03445827 -0.7413055 0.2908468 0.6048755 -0.74915 0.2919523 0.5945908 -0.7416201 0.291395 0.6042257 -0.02959996 0.5558332 0.8307667 -0.03276079 0.5751906 0.8173632 -0.03077292 0.5561485 0.8305131 0.6678604 0.5082316 0.5437492 0.6635712 0.5267117 0.5312703 0.6603155 0.5420129 0.519813 0.9786474 0.1843103 -0.0909897 0.9772625 0.184964 -0.1036646 0.9739806 0.1946139 -0.116135 0.7217954 -0.2027364 -0.6617472 0.7031092 -0.2040873 -0.681165 0.7117319 -0.2190355 -0.6674287 0.07855319 -0.6319568 -0.7710124 0.07855284 -0.6319568 -0.7710124 -0.6871919 -0.4298964 -0.5856248 -0.6708294 -0.5803598 -0.461704 -0.9931309 -0.1148495 0.02237373 -0.9825448 -0.1671588 0.08163118 -0.7542132 0.301563 0.5832858 -0.7719683 0.3376645 0.5385607 -0.03529763 0.5875081 0.8084481 0.03808659 0.7395251 0.6720507 0.5368776 0.7035086 0.465659 0.531853 0.7052901 0.4687199 0.9597396 0.2295968 -0.1618182 0.9597397 0.2295971 -0.1618179 0.7395434 -0.2734456 -0.6150634 0.7395432 -0.2734459 -0.6150636 0.9784308 0.1850387 -0.09183669 0.6682061 0.5101622 0.5415119 0.03427737 -0.4618819 -0.8862789 0.7228831 -0.2047411 -0.6599403 -0.9870757 -0.1375544 0.08222264 -0.9699618 -0.1985042 0.1406062 -0.972386 -0.1927858 0.1315264 0.7466552 -0.244078 -0.618815 0.7680053 -0.3062055 -0.5625001 0.7469957 -0.2438028 -0.6185125 0.7284771 -0.2362245 -0.6430545 0.740182 -0.2671111 -0.6170757 0.74018 -0.2671083 -0.6170793 0.9763537 0.1846337 -0.1124448 0.9913564 0.1288248 -0.02483606 -0.7546693 0.2918829 0.5876043 -0.8202629 0.5575177 0.1278398 -0.9837142 -0.1608185 0.08027422 -0.6838781 -0.5126478 -0.519137 0.04769998 -0.5270503 -0.8484944 0.0574758 -0.5624186 -0.8248527 0.05747509 -0.5624147 -0.8248554 -0.9765787 -0.1800722 0.1177636 -0.974241 -0.1863166 0.1270461 0.7642217 -0.3005276 -0.570656 0.7590954 -0.2875251 -0.5840408 -0.9882592 -0.1417863 0.05692577 -0.9921467 -0.1167027 0.0450043 -0.9866147 -0.1495511 0.06500816 0.7294191 -0.2475044 -0.6377221 0.7267921 -0.2221734 -0.6499325 0.7284542 -0.226254 -0.6466557 -0.2743337 0.5540179 -0.7860058 -0.2571923 0.5452973 -0.7978114 -0.2746216 0.5439459 -0.7929099 -0.9769088 -0.1864326 0.1043661 -0.9769085 -0.1864354 0.1043635 0.7491515 -0.2932909 -0.5939298 0.7327191 -0.2549237 -0.6309807 -0.290719 0.5475737 -0.7846308 0.7630064 -0.2937167 -0.5758054 -0.9914536 -0.1209293 0.04894888 0.3834061 0.004801452 -0.9235674 0.4060325 0.06629705 -0.9114506 0.381465 0.005737185 -0.9243655 -0.3818526 -3.58978e-4 -0.9242231 -0.3556262 0.05397832 -0.9330682 -0.3839237 8.08229e-4 -0.9233645 -0.923546 -0.001461446 -0.3834848 -0.9122164 0.01976758 -0.4092319 -0.9116621 0.02071118 -0.4104184 -0.9241749 0.004810214 0.3819392 -0.9332533 -0.01713955 0.3588098 -0.9336489 -0.01597034 0.3578337 -0.3833666 0.01317888 0.9235023 -0.4054568 -0.03398197 0.9134824 -0.4082242 -0.03343635 0.9122693 0.3818627 0.01822614 0.9240394 0.3566517 -0.01992291 0.9340249 0.3538321 -0.01999866 0.9350953 0.9234291 0.01715356 0.3833854 0.9130233 0.01494413 0.4076336 0.911794 0.01545494 0.4103572 0.9241039 0.01262307 -0.3819329 0.9320461 0.05001312 -0.3588715 0.9233092 0.01332169 -0.3838268 0 -1 0 0.08713078 0.9062227 0.4137254 0.07655978 0.9125226 0.4017973 0.08266901 0.9003212 0.4273027 0.07152009 0.9104393 0.407413 0.08266222 0.9003153 0.4273165 0.08263272 0.9003138 0.4273253 0.08260041 0.9003348 0.4272872 0.08269453 0.900367 0.4272015 0.08280456 0.9003033 0.4273141 0.3482581 0.07743602 -0.9341948 0.3155595 0.02751618 -0.9485068 0.3466606 0.07916015 -0.9346444 -0.4155573 0.06902223 -0.9069444 -0.4440785 0.05615258 -0.8942267 -0.4440782 0.05615264 -0.8942267 -0.9360648 0.02936607 -0.3505999 -0.944342 0.1179487 -0.3070933 -0.9441968 0.1191878 -0.3070618 -0.9091232 -0.01433771 0.4162807 -0.894489 0.01055997 0.4469653 -0.8947994 0.006456255 0.4464219 -0.3440496 -0.04090344 0.9380601 -0.3212806 -0.07984 0.9436125 -0.3220221 -0.08862042 0.9425753 0.4160455 -0.03356915 0.908724 0.4425354 -0.1079029 0.8902357 0.4181504 -0.03310114 0.9077745 0.9347218 0.008020281 0.3552899 0.9466518 -0.04397332 0.319244 0.9353397 0.008518695 0.3536484 0.9109207 0.05200022 -0.4092917 0.8992504 0.06314873 -0.4328523 0.90981 0.0546 -0.411418 0.8896549 0.0170899 0.4563137 0.8914192 0.0168755 0.4528653 0.8889328 0.01786601 0.4576891 0.3078969 0.02812975 0.9510039 0.3186998 0.04147064 0.9469481 0.3064579 0.03288495 0.9513161 -0.4501215 0.03651142 0.8922206 -0.4307948 0.05551731 0.9007408 -0.4302909 0.04663085 0.9014852 -0.9498564 0.02556514 0.3116396 -0.9443949 0.0439406 0.3258645 -0.9443434 0.03744006 0.326824 -0.8887503 0.01323872 -0.4582007 -0.8918057 0.0157749 -0.4521437 -0.8924714 0.01662856 -0.4507976 -0.3059909 0.00258249 -0.952031 -0.3176466 -0.008784055 -0.9481686 -0.3168607 -0.01083517 -0.9484103 0.4498226 -0.00339061 -0.8931115 0.4338141 -0.02372795 -0.9006899 0.4515286 -0.0010432 -0.8922562 0.9498321 0.004574179 -0.312727 0.9460725 -0.01188522 -0.323737 0.9503766 0.003119051 -0.3110861 0.8920717 0.01589953 0.4516142 -0.3437039 -0.04482644 0.9380077 -0.9086552 -0.01959598 0.4170872 -0.9362592 0.02726143 -0.3502509 0.4332512 -0.01410943 -0.9011628 0.9458566 -0.004891395 -0.3245483 -0.8913303 -0.04909133 0.4506889 -0.8910651 -0.04926818 0.4511936 -0.9478204 0.152684 -0.2798644 -0.3745836 0.2921868 -0.8799512 -0.3531858 0.2923483 -0.8887027 -0.3751398 0.2921805 -0.8797163 0.2797796 0.2751839 -0.9197811 0.2329081 0.2825521 -0.9305473 0.2810355 0.274976 -0.9194604 0.8993636 0.06724083 -0.432 0.8997471 0.1166362 -0.4205368 0.9472627 -0.08272516 0.3095968 0.9473192 -0.08269143 0.3094328 0.4474783 -0.2147809 0.86812 0.4480096 -0.2147579 0.8678517 -0.3160936 -0.2010936 0.9271712 -0.315501 -0.2011963 0.9273507 -0.0879513 -0.9196738 -0.3827074 -0.1661948 -0.9222208 -0.349125 -0.0893777 -0.9168372 -0.3891289 -0.9015083 -0.06488049 0.427871 -0.9015094 -0.06488084 0.4278685 -0.9015094 -0.06488084 0.4278684 0.06081354 0.9189298 0.3897048 -0.009510993 -0.923938 -0.3824242 -0.009124815 -0.9255731 -0.3784589 0.08915632 0.9134912 0.3969698 0.07293599 0.9177191 0.390477 0.9464579 -0.1037376 0.3057057 0.9464575 -0.1037383 0.3057068 0.946458 -0.1037376 0.3057057 -0.3523668 0.05356168 -0.934328 -0.4492831 0.0337423 0.892752 0.382683 0 -0.9238797 -0.3826832 0 -0.9238798 -0.9238793 0 -0.3826839 -0.9244173 -0.002536475 -0.3813743 -0.9238793 0 0.3826839 -0.9233812 0.003647506 0.383867 -0.3826833 0 0.9238797 -0.3815032 0.01177704 0.9242926 0.3826831 0 0.9238797 0.3838635 0.01684904 0.9232362 0.9238796 0 0.3826834 0.9242736 0.01612389 0.3813901 0.9238796 0 -0.3826834 0.2062978 0.5383232 -0.8170982 0.1510687 0.4603583 -0.8747848 0.09925711 0.4045366 -0.9091195 -0.5831852 0.3185505 -0.7472755 -0.5881074 0.5336484 -0.6077411 -0.5871936 0.5468188 -0.5968189 -0.9850426 0.1258843 -0.1176618 -0.9901547 0.0931406 -0.1044927 -0.9903295 0.1019285 -0.09411758 -0.8220688 -0.4636334 0.3305256 -0.8238188 -0.3890854 0.4122318 -0.8237788 -0.3846544 0.4164487 -0.1593916 -0.7314472 0.6630077 -0.1581885 -0.6821646 0.7138824 -0.1585756 -0.6822707 0.7136949 0.6224362 -0.6010512 0.501309 0.6225496 -0.5548786 0.551853 0.6225087 -0.5993727 0.5032249 0.9808494 -0.1946287 -0.007364273 0.989847 -0.1231954 0.07089322 0.9814391 -0.1917287 -0.004182994 0.7997309 0.2313035 -0.554012 0.8212407 0.3595321 -0.4430578 0.800467 0.2341195 -0.5517614 -0.05063074 -0.6384918 -0.7679615 -0.1401444 -0.5415201 -0.8289244 -0.05786544 -0.6311919 -0.7734652 -0.09482216 0.8962078 0.4333826 -0.09484118 0.8961842 0.433427 -0.09482717 0.8961853 0.4334279 0.1053746 0.7474947 -0.6558567 0.1257945 0.6362831 -0.7611304 0.1275341 0.6378394 -0.7595368 -0.5972376 0.5252848 -0.6061214 -0.5969319 0.5124768 -0.6172844 -0.9890854 0.1210629 -0.08398658 -0.8150351 -0.2976633 0.497106 -0.1529921 -0.5372235 0.8294482 0.622201 -0.5520225 0.5551011 0.6094134 -0.4258026 0.6688105 0.9864013 -0.03538525 0.1605008 0.9869819 -0.04278421 0.155036 0.8190203 0.3879171 -0.4227604 0.8184762 0.3931863 -0.4189291 0.1256436 0.3850256 -0.9143134 0.11963 0.3300202 -0.9363628 0.1265248 0.386036 -0.9137657 -0.5622044 0.2756224 -0.7797171 -0.5465348 0.2220848 -0.8074516 -0.5466056 0.2357781 -0.8035117 -0.9866008 0.02994728 -0.1603816 -0.9838812 -0.00565207 -0.1787343 -0.9845677 0.002036511 -0.1749926 -0.8179956 -0.2041794 0.5377676 -0.8189092 -0.1916462 0.5409803 -0.8190685 -0.1971507 0.5387566 -0.1670921 -0.3056488 0.9373682 -0.1717453 -0.2544094 0.9517245 -0.1717194 -0.2548092 0.9516221 0.5786323 -0.1908048 0.7929554 0.5698497 -0.1402566 0.809691 0.5801675 -0.201646 0.7891417 0.9773082 0.05491888 0.2045787 0.9757316 0.06743395 0.208328 0.9780189 0.049147 0.2026416 0.8167269 0.2926733 -0.4972924 0.8184118 0.255657 -0.5146278 0.816367 0.2995423 -0.4937809 0.9769067 0.06023013 0.205002 0.9836148 0.00843966 0.1800854 0.5723818 -0.1525941 0.8056638 0.5936697 -0.2872997 0.7516749 -0.1601914 -0.400582 0.902149 -0.8185489 -0.2519181 0.516251 -0.9873701 0.05735439 -0.1476852 -0.9873701 0.05735427 -0.147685 -0.4429364 0.4071637 -0.7987647 -0.4371182 0.4089682 -0.8010449 -0.03486096 0.4612376 -0.8865916 -0.04142332 0.4604546 -0.8867163 0.813808 0.319566 -0.4853805 0.8138075 0.3195663 -0.4853811 0.6076938 -0.4130772 0.6782886 -0.1665809 -0.3064923 0.9371837 -0.8175942 -0.208745 0.5366238 -0.987055 0.03886103 -0.1556031 -0.5646759 0.2889664 -0.7730717 -0.7866801 -0.4205213 0.4519916 -0.8272318 -0.375691 0.4177845 -0.7846276 -0.4214159 0.4547176 0.8743419 0.232596 -0.4259405 0.9695446 0.1466197 -0.1961786 0.9731375 0.1411168 -0.181905 0.8215409 0.3505083 -0.4496827 0.990253 -0.08562469 0.1098514 0.6187805 -0.4829387 0.6195813 -0.1593911 -0.7312157 0.6632633 -0.1576448 -0.6070806 0.7788461 -0.1576485 -0.6070803 0.7788457 -0.8222924 -0.4613155 0.3332018 -0.8215438 -0.3505079 0.4496777 -0.8215441 -0.350511 0.4496749 -0.9723358 -0.0584172 -0.2261649 -0.9458572 0.2738149 0.1742976 -0.9999482 -0.00625813 0.008028745 0.2220532 0.6795123 -0.6992534 0.3883705 0.8275551 -0.4053651 0.05543541 -0.6521514 -0.7560592 0.0352444 -0.5698406 -0.8209992 0.02916127 -0.5441052 -0.8385101 0.9890004 -0.05695074 0.1365092 0.9917185 -0.09642404 0.08483392 0.9881246 -0.04796093 0.1459776 -0.82852 -0.3775219 0.41356 -0.8180463 -0.3106623 0.4840342 0.9804304 0.03586041 0.1935724 0.9795563 0.04131937 0.1968812 0.9812706 0.02953565 0.1903565 -0.8190319 -0.2244224 0.5280353 -0.818714 -0.218554 0.5309818 -0.8185551 -0.2226958 0.5295037 -0.8200317 -0.2701376 0.5045531 -0.8190623 -0.2290816 0.5259835 -0.05836546 0.8551708 0.51505 -0.008934557 0.8211178 0.5706889 -0.0620613 0.8797762 0.4713199 -0.09504264 0.8057457 0.584586 -0.0511083 0.8103734 0.5836805 0.985875 -0.008790791 0.1672523 0.9858946 -0.00872153 0.16714 -0.8192198 -0.3189352 0.4766125 0.9802774 0.03562849 0.1943882 -0.811726 -0.5690313 0.1315461 -0.7642757 -0.6313269 0.1315639 -0.811726 -0.5690315 0.1315447 -0.4792768 -0.3465098 0.8063651 -0.4284704 -0.4034837 0.8084641 -0.4792794 -0.346511 0.8063632 0.1048446 0.05890601 0.9927425 0.1135132 0.04912334 0.9923214 0.1048446 0.05890756 0.9927424 0.514103 0.5196187 0.6824182 0.583166 0.5003575 0.6399688 0.704723 0.3819266 0.597911 0.8340917 0.5464527 -0.07536983 0.7373512 0.6606034 -0.1411255 0.7292398 0.6671169 -0.1521992 0.4752531 0.2839065 -0.8327854 0.4022276 0.4415594 -0.8020213 0.3967285 0.4590296 -0.7949203 -0.2295826 0.005100488 -0.9732758 -0.1592518 -0.002430975 -0.9872351 -0.1601288 1.61235e-4 -0.9870961 -0.6381888 -0.4367229 -0.6340255 -0.6300863 -0.4471984 -0.6348268 -0.6300373 -0.4468411 -0.6351269 0.6880064 -0.7255651 -0.01423388 0.6880086 -0.725563 -0.01423513 0.7380557 -0.6722022 -0.05846518 -0.7596055 -0.6369657 0.1314319 -0.710667 -0.6912645 0.1307899 -0.4238113 -0.408347 0.808478 -0.374751 -0.458476 0.8058298 0.1177521 0.0381264 0.9923109 0.1176514 0.03817099 0.9923211 0.5295319 0.5464532 0.6488335 0.5289512 0.5462394 0.6494868 0.6097317 0.7785979 -0.1483659 0.6096308 0.7783449 -0.1500979 0.2951387 0.5532377 -0.7789872 0.2960324 0.5510123 -0.7802245 -0.2125717 0.04120808 -0.9762762 -0.6249063 -0.458409 -0.6319441 -0.4783357 -0.8747349 0.07767707 -0.4155976 -0.9070581 0.06726282 -0.5154264 -0.8524734 0.08731955 -0.1476081 -0.6080664 0.7800431 -0.0917859 -0.6406218 0.762351 -0.07170218 -0.6489401 0.7574535 0.2220883 -0.02699166 0.9746529 0.246676 -0.04763102 0.9679269 0.2548542 -0.05155593 0.9656041 0.44423 0.5834006 0.6799291 0.4265173 0.588595 0.6867598 0.4201021 0.5897547 0.6897128 0.4024865 0.9120465 -0.07858753 0.3059573 0.9507664 -0.04933172 0.3031768 0.9518876 -0.04465347 0.08577007 0.6535645 -0.7519953 -0.004316389 0.6882302 -0.7254796 0.08927935 0.65186 -0.7530657 -0.295457 0.07199662 -0.9526394 -0.3127989 0.07711195 -0.9466841 -0.2829953 0.06519401 -0.9569031 -0.523308 -0.5350701 -0.6632111 -0.4969532 -0.5560154 -0.6662466 -0.5455842 -0.5218179 -0.6557773 -0.3758463 -0.4574589 0.8058977 -0.1340228 -0.01616168 -0.9908465 -0.1135956 -0.04872429 -0.9923316 -0.1139494 -0.04893743 -0.9922806 0.501829 0.3796401 -0.7772008 0.6122132 0.3376834 -0.714958 0.6173186 0.342004 -0.7084851 0.7893694 0.5857923 -0.1836938 0.8343541 0.4842442 -0.2633645 0.7933564 0.581906 -0.1788051 0.6072869 0.4826814 0.6310479 0.6298859 0.4477759 0.6346184 0.6053158 0.4846953 0.631398 0.05789196 0.1046984 0.9928176 0.003964662 0.1668877 0.985968 0.06370103 0.09459656 0.9934756 -0.5201715 -0.3026238 0.7986491 -0.6177463 -0.1567807 0.7705904 -0.5067182 -0.3217214 0.7998326 -0.8362828 -0.5310656 0.1363841 -0.9255552 -0.3573377 0.12513 -0.9255759 -0.3573436 0.1249597 -0.6780562 -0.3865574 -0.6251506 -0.7221346 -0.3150282 -0.6158563 -0.7221125 -0.3150157 -0.6158885 -0.1381673 -0.01188218 -0.9903377 0.4875963 0.3907045 -0.7807689 -0.8411726 -0.5230299 0.1373628 -0.6755818 -0.3928956 -0.6238769 -0.6724568 0.7401061 -0.006710588 -0.6777271 0.7352917 0.005669176 -0.6777616 0.7352599 0.005662262 0.1047355 0.05858612 0.9927731 0.1381239 0.03130388 0.9899202 0.1326889 0.03526848 0.9905301 -0.6382302 -0.4370015 -0.6337916 -0.6082535 -0.4674503 -0.6414967 -0.638177 -0.4369771 -0.6338621 -0.6381907 -0.4367243 -0.6340226 -0.6381887 -0.4367241 -0.6340247 -0.6381927 -0.4367269 -0.6340188 -0.1783937 -0.02109938 -0.9837329 -0.02279818 -0.09986674 -0.9947397 0.5714933 0.4843513 0.6624191 0.1538683 0.6701453 0.7261059 0.104843 0.0589087 0.9927425 -0.4792799 -0.3465063 0.8063647 -0.8117274 -0.5690292 0.131547 0.1534477 0.0226351 0.9878976 0.1524345 0.0225473 0.9880564 -0.5933048 -0.4783937 -0.6474016 -0.6120573 -0.4640348 -0.6403573 0.2420452 -0.02931219 0.9698222 0.2686493 -0.03475809 0.9626107 0.282876 -0.04094523 0.9582822 -0.5060693 -0.5384533 -0.673767 -0.4803982 -0.5461422 -0.6862552 -0.4961106 -0.5430136 -0.6775031 -0.5944563 -0.4784951 -0.6462695 0.2544515 -0.03392696 0.9664903 -0.6921769 -0.350113 -0.6311197 -0.6699196 -0.3865061 -0.6338934 -0.6652621 -0.3944679 -0.6338939 -0.6592437 0.7513594 -0.02927529 -0.6341898 0.7709102 -0.05916798 -0.6156162 0.7879384 -0.01303565 -0.6213337 0.7826229 -0.03802365 0.04405772 0.1386371 0.9893628 0.0694372 0.1065178 0.9918833 0.04451471 0.1389668 0.9892961 -0.4685453 -0.5518749 -0.6898547 0.07717472 0.09669566 0.9923175 0.4811844 0.5753986 -0.6613456 0.4304882 0.654014 -0.6220495 0.4995705 0.5610631 -0.6600286 -0.4257352 0.6272808 -0.6521261 -0.362359 0.7014096 -0.6137757 -0.3511126 0.7092021 -0.611353 -0.9322518 0.352518 -0.08147192 -0.9233999 0.327434 -0.2002993 -0.9233322 0.3309097 -0.1948246 -0.9424253 -0.2072658 0.2624416 -0.9377052 -0.1836718 0.2949129 -0.9363636 -0.1800955 0.301312 -0.4420996 -0.6306158 0.6378649 -0.4361584 -0.5992465 0.6713193 -0.4350059 -0.596616 0.6744029 0.3779508 -0.6785713 0.6298367 0.3772848 -0.6457536 0.6638213 0.3779546 -0.6785709 0.6298348 0.9238866 -0.3041011 0.2322846 0.9227787 -0.2797064 0.2650358 0.9238868 -0.3041024 0.2322825 0.9606404 0.2530578 -0.1145943 0.9454513 0.2299372 -0.2307615 0.9199057 0.1762026 -0.3503231 -0.05007767 -0.5121529 -0.8574331 -0.04910242 -0.4955736 -0.8671769 -0.04904383 -0.494541 -0.8677696 0.06136071 0.7169519 0.694417 0.06136214 0.7169628 0.6944056 0.06136059 0.7169685 0.6943998 0.4206198 0.6639366 -0.6182776 0.4320318 0.7308205 -0.5284411 -0.348988 0.7808047 -0.5182195 -0.3500806 0.7853323 -0.5105848 -0.9232107 0.3563501 -0.1438636 -0.9236767 0.3588544 -0.1343315 -0.9317484 -0.1821979 0.3140843 -0.9329243 -0.1869734 0.3077228 -0.4342612 -0.6161345 0.6571115 -0.4351284 -0.6236685 0.6493851 0.3766118 -0.6438886 0.6660114 0.3727017 -0.6637238 0.6485093 0.922053 -0.2761682 0.2712001 0.9176002 -0.2777878 0.2843304 0.9459521 0.2335303 -0.2250296 0.9505662 0.2559574 -0.1758118 0.431065 0.7372904 -0.5201787 0.4180749 0.7351365 -0.5336551 -0.3329979 0.7784529 -0.5320934 -0.9129957 0.3773183 -0.1551446 -0.9366075 -0.1719006 0.3053139 -0.9368072 -0.1724282 0.3044024 -0.4369802 -0.6168411 0.6546415 -0.4363917 -0.6164101 0.6554395 0.3721743 -0.6700388 0.6422885 0.3753347 -0.6625233 0.6482182 0.9180384 -0.2826323 0.2780725 0.9233104 -0.2676002 0.2754781 0.9505729 0.2609064 -0.1683428 0.9421601 0.2801418 -0.1839972 0.4124667 0.7348616 -0.5383768 0.2988966 0.610283 -0.7336318 -0.2398379 0.6414016 -0.7287537 -0.2287489 0.6435802 -0.7303962 -0.921121 0.3138037 -0.2303549 -0.9211213 0.3138033 -0.2303545 -0.9258956 -0.1096341 0.3615215 -0.9258952 -0.1096344 0.3615224 -0.4126337 -0.4473102 0.7935031 -0.4126335 -0.4473103 0.7935031 0.374561 -0.6649613 0.646166 0.3780663 -0.4905554 0.7851251 0.9234185 -0.2685334 0.2742049 0.9211634 -0.2041001 0.3313624 0.9408767 0.2846397 -0.1836605 0.9408039 0.2170173 -0.2603681 0.9238882 -0.3040945 0.2322871 0.9231365 -0.2919129 0.2502115 0.9232631 -0.2933811 0.2480179 -0.9424174 -0.2072769 0.2624612 -0.9397984 -0.1954361 0.2803278 -0.9424176 -0.2072766 0.2624608 0.9541663 0.2310513 -0.1902156 0.904729 0.3412785 0.2549406 0.9238863 -0.3041065 0.2322785 0.3779537 -0.6785855 0.6298198 -0.4421041 -0.6306174 0.6378602 -0.442107 -0.630633 0.6378429 -0.4421093 -0.6306363 0.637838 -0.9424252 -0.2072661 0.2624415 -0.9424269 -0.2072698 0.2624326 -0.9424262 -0.2072696 0.2624356 -0.9307169 0.3294323 -0.1588724 -0.9075593 0.2704335 -0.3212504 0.9239972 -0.3019564 0.234631 0.9243323 -0.3044905 0.2299904 -0.9422746 -0.2053681 0.2644667 -0.9401659 -0.1969253 0.2780439 0.9224901 -0.2847309 0.2606542 0.9229506 -0.291083 0.2518588 -0.9380444 -0.1884189 0.290811 -0.9429833 -0.2076413 0.2601301 0.06299483 0.6671874 0.7422214 0.03120684 0.6586894 0.7517675 0.05825567 0.6537618 0.7544547 0.9218248 -0.2375044 0.3063181 0.9221949 -0.2368723 0.305693 -0.9309129 -0.1423729 0.3363499 -0.9395192 -0.1948105 0.2816959 0.08514469 0.6554962 0.7503834 0.068668 0.706729 0.7041441 -0.5854927 0.6644282 -0.4644712 -0.3385794 0.8512828 -0.4008511 -0.585764 0.6465686 -0.4887019 -0.5657819 0.6644281 0.4882892 -0.3217101 0.8512815 0.4145147 -0.3161607 0.8572249 0.4064578 -0.1881288 0.2382105 0.9528187 -0.110659 0.3170409 0.9419341 -0.1056232 0.3180078 0.9421862 0.001716911 -0.3624389 0.932006 0.1114387 -0.3287284 0.9378268 0.1135755 -0.3278914 0.9378635 0.213039 -0.8811544 0.4221155 0.2851043 -0.8609238 0.4213383 0.2854298 -0.8606247 0.4217286 0.1953985 -0.881154 -0.4305661 0.2674344 -0.8609237 -0.4327692 0.1964604 -0.8808861 -0.4306308 -0.03683257 -0.362434 -0.9312815 0.07259464 -0.3288443 -0.9415898 -0.03378403 -0.3615463 -0.9317419 -0.2273749 0.2382063 -0.9442238 -0.1495209 0.3170386 -0.9365522 -0.4009944 0.2614525 -0.8779785 -0.9744178 -0.2238383 0.02015882 -0.9778555 -0.2083012 0.02023005 -0.9744178 -0.2238386 0.02015882 0.7921356 0.6101252 -0.01638609 0.5691133 0.8221748 -0.01178628 0.5691283 0.8221644 -0.01177608 -0.3613992 0.8474763 -0.3888119 -0.3537605 0.8509431 -0.3882644 -0.3450101 0.8474775 0.4034228 -0.08038765 0.3335185 0.93931 0.2331805 -0.2834921 0.9301931 0.4783328 -0.7773724 0.4085219 0.4610269 -0.7773718 -0.4279572 0.4538417 -0.781867 -0.427448 0.1945106 -0.283494 -0.9390404 0.1883724 -0.2871721 -0.9391741 -0.1191691 0.3335203 -0.9351807 -0.1137465 0.3365302 -0.9347776 -0.6469911 0.6737123 -0.3570914 -0.6893904 0.6455686 -0.3286065 -0.6371456 0.6820722 -0.3589192 -0.6316699 0.6737141 0.3835395 -0.6752091 0.6455692 0.3568379 -0.6660214 0.6523455 0.361747 -0.1993545 0.2773313 0.9398645 -0.2338522 0.2512362 0.9392517 -0.2248775 0.2583548 0.9395121 0.3197509 -0.2149354 0.9228013 0.3293939 -0.2045468 0.9217702 0.3211985 -0.2114346 0.9231072 0.7011079 -0.5967582 0.3902915 0.7397744 -0.551611 0.3853043 0.7321993 -0.5607165 0.3866282 0.6843662 -0.5967576 -0.4189552 0.7232077 -0.5516145 -0.4155627 0.6773025 -0.6048631 -0.4188101 0.2813217 -0.2149445 -0.935231 0.2909839 -0.2045421 -0.9346073 0.275523 -0.220691 -0.9356188 -0.2380568 0.2773329 -0.9308145 -0.2724952 0.2512326 -0.9287781 -0.227245 0.2852195 -0.9311336 0.2826518 -0.2113183 -0.9356562 0.2358452 -0.2496554 -0.9391747 0.7156041 -0.5607436 -0.4165062 0.6019057 -0.6764581 -0.4243985 0.6189495 -0.6764617 0.3991254 0.6191533 -0.676256 0.3991578 0.2745205 -0.2496226 0.9286158 0.01477223 0.09232014 0.9956198 0.09417438 -0.03662037 0.994882 -0.423888 0.6074423 0.6718131 -0.4175068 0.5975678 0.6845443 -0.6804137 0.6523449 -0.3338915 -0.4513103 0.6074413 -0.6537081 -0.2635392 0.2583508 -0.9294095 -0.02641683 0.09231919 -0.9953791 0.6939435 -0.6047475 0.390798 0.3139743 -0.2206826 0.9234281 -0.1885374 0.2852163 0.9397369 -0.6217573 0.6820739 0.3849585 0.09299272 -0.3764365 -0.9217635 0.08209031 -0.3199718 -0.9438641 0.07745784 -0.3191505 -0.9445334 0.1310375 -0.3764365 0.9171285 0.1210566 -0.3199714 0.9396615 0.1340928 -0.3794594 0.9154396 -0.03859812 0.288226 -0.9567843 0.2920045 0.2064809 -0.9338625 0.1241039 -0.3105314 -0.942427 0.3707187 -0.8210842 -0.4340376 0.2141025 -0.880886 0.4221377 0.3883527 -0.8210842 0.4183335 0.3883526 -0.8210836 0.418335 0.004781544 -0.3615517 0.9323399 0.162977 -0.310537 0.9364857 0.1629764 -0.3105362 0.936486 0.001004397 0.2882308 0.9575605 -0.3643412 0.2614579 0.8938094 0.09304499 -0.1638749 0.9820833 0.2704926 -0.3233145 0.9068084 0.277581 -0.2471722 0.9283614 0.6676622 -0.6308926 0.3952238 0.6676631 -0.6308938 0.3952203 0.6021211 -0.6762691 -0.4243943 0.6507359 -0.6308942 -0.4225109 0.2389565 -0.2471824 -0.9390425 0.0529434 -0.03661668 -0.9979261 0.05235064 -0.1638803 -0.9850902 0.1747671 -0.2897013 -0.9410259 0.1662019 -0.2931067 -0.941523 0.1164561 -0.3191501 0.9405218 0.2135375 -0.2897026 0.9329921 0.2669363 -0.225326 -0.9370024 0.2678493 -0.2247665 -0.9368762 0.2595809 -0.2307155 -0.937757 0.3054572 -0.2253213 0.9251629 0.3063667 -0.2247655 0.9249972 0.3001036 -0.2302653 0.9256975 0.2981392 -0.2307104 0.9262212 0.2327454 -0.323324 -0.9172194 0.2049546 -0.2931271 0.933847 0.2615622 -0.2302662 -0.9373168 0.7598297 -0.3723983 -0.5328961 0.7632386 -0.4300906 -0.4821713 0.7633762 -0.4345362 -0.4779491 0.05299395 -0.572011 -0.8185323 0.05346542 -0.6347579 -0.7708592 0.05339545 -0.6396917 -0.7667748 -0.6909885 -0.4140646 -0.5925247 -0.6916475 -0.4249104 -0.5840161 -0.6909896 -0.4140679 -0.5925211 -0.9836798 0.06137526 -0.1691364 -0.9951748 0.0291872 -0.09367674 -0.995508 -0.08371353 0.0442261 -0.7778249 0.3349056 0.5318146 -0.7590028 0.4734613 0.4469333 -0.78516 0.3258782 0.5266188 -0.0187655 0.5572118 0.8301584 -0.06002163 0.674263 0.7360482 -0.005887031 0.5611068 0.8277225 0.7219937 0.5204281 0.4559382 0.6956506 0.4767695 0.5373649 0.6947457 0.4755634 0.5395998 0.9988737 0.02718019 0.03889453 0.9987155 0.01741862 0.04758197 0.9986864 0.01733738 0.04821842 -0.024024 -0.6919283 0.7215664 -2.21382e-6 -0.7255679 0.6881507 -9.1128e-7 -0.7255674 0.6881512 0.7621483 -0.4852223 -0.4285898 0.7621799 -0.4842668 -0.4296133 0.05365705 -0.6943649 -0.7176199 0.05351459 -0.6938149 -0.7181623 -0.6888716 -0.4356831 -0.5793411 -0.6888146 -0.4355728 -0.5794919 -0.9863706 0.07252931 -0.1476911 -0.9860678 0.07319849 -0.1493732 -0.7545913 0.4861846 0.4407002 -0.7439009 0.5737885 0.342605 -0.06655102 0.6808055 0.7294346 -0.06349062 0.781903 0.6201587 0.7026295 0.5225461 0.4829674 0.9986354 0.006427228 0.05182981 0.7456606 -0.6360602 -0.1985393 0.7303505 -0.6682946 -0.1413177 0.7469277 -0.6306539 -0.2106531 0.008247315 -0.8757997 -0.4826043 6.80171e-4 -0.9078232 -0.4193528 0.002000033 -0.904273 -0.4269499 -0.7159945 -0.510724 -0.4759337 -0.7180264 -0.5314577 -0.4494341 -0.7190657 -0.5340092 -0.4447233 -0.9672043 0.1028007 -0.2322666 -0.9622361 0.1077204 -0.2499961 -0.959052 0.1101573 -0.2609307 -0.7234395 0.6774358 0.1331019 -0.7006489 0.7122389 0.04250818 -0.6945748 0.7192606 0.01516908 -0.006963074 0.9126884 0.4085972 0.01539748 0.9502122 0.3112231 -0.01171803 0.9005092 0.434679 0.7291275 0.5581365 0.3960515 0.734897 0.5631249 0.3779112 0.7260681 0.5484737 0.4147309 0.985817 -0.05831968 0.1573649 0.9800593 -0.078767 0.1824265 0.9891298 -0.04940146 0.1384991 -0.744987 0.5719116 0.3433824 0.6877252 0.4597278 0.561858 0.6914409 0.4250357 0.5841697 0.6917607 0.424884 0.5839014 -0.08882033 0.5964604 0.7977131 -0.1448776 0.4948653 0.8568075 -0.1512176 0.4946422 0.8558402 -0.7392094 0.40318 0.5394585 -0.6896607 0.3437184 0.6373586 -0.7416217 0.4147509 0.5272371 -0.9975534 0.01547032 -0.06817787 -0.998719 -0.01701009 -0.04765421 -0.9971832 0.01974409 -0.07236105 -0.6828906 -0.3642386 -0.6332383 -0.6738995 -0.2935937 -0.6779839 -0.6817537 -0.3710914 -0.6304786 0.05779266 -0.5332275 -0.8439956 0.04819411 -0.3599026 -0.9317444 0.05887019 -0.5271326 -0.8477415 0.7510434 -0.3284163 -0.5727797 0.7217988 -0.1805467 -0.6681388 0.721902 -0.1804774 -0.6680459 0.9973052 0.07293075 -0.007964849 0.9889163 0.1352326 -0.0612908 0.9889156 0.1352537 -0.06125593 0.6880214 0.462014 0.5596155 -0.08612233 0.5934957 0.8002161 0.7523323 -0.3466246 -0.5602211 0.9980348 0.06262832 -0.002061367 -0.007431089 0.7355718 -0.6774062 -0.007441103 0.7355576 -0.6774214 -0.0138632 0.7380357 -0.6746193 -0.6908588 -0.4142447 -0.59255 -0.6975439 -0.4445161 -0.5619947 -0.6966201 -0.4411599 -0.5657725 0.9988819 0.02697962 0.03882378 0.9973815 -4.55421e-4 0.07231968 0.9988791 0.02700793 0.03887164 0.9988737 0.02718079 0.03889513 0.9988737 0.02717977 0.03889453 0.9988735 0.02718102 0.03889566 0.701889 0.4468628 0.5546761 0.6636499 0.3455292 0.6634594 -0.9968319 7.89461e-4 -0.07953482 -0.8508566 0.2650977 -0.4536147 -0.6909867 -0.4140609 -0.5925293 0.05299413 -0.5720109 -0.8185325 0.05299419 -0.5720105 -0.8185328 0.05299407 -0.5720105 -0.8185327 0.7598294 -0.3724005 -0.5328954 0.7598297 -0.3723962 -0.5328977 0.7598289 -0.3724008 -0.5328957 -0.7026407 -0.4550968 -0.5469762 -0.7022176 -0.4549062 -0.5476776 0.9960699 -0.008875548 0.08812546 0.9977391 0.003404617 0.06711995 -0.7250795 -0.5139747 -0.4583555 -0.7357014 -0.5210735 -0.4326959 -0.7390949 -0.5261666 -0.42058 0.9823162 -0.06071692 0.177111 0.9768632 -0.06591188 0.2034552 0.9796463 -0.06493824 0.1899375 0.9961404 -0.008664608 0.08734565 -0.7286623 -0.5182452 -0.4477423 0.9940633 0.106725 -0.02116239 0.9972758 0.07362985 0.004451394 0.9978402 0.06444412 0.01272565 -0.001947104 0.758547 -0.6516155 -0.01579385 0.7885727 -0.6147388 -0.006388306 0.7406698 -0.6718389 -0.06969678 0.7715027 -0.6323969 -0.04518735 0.7845206 -0.6184541 -0.6885775 -0.328284 -0.6465992 -0.6910681 -0.3652521 -0.6237112 -0.6888231 -0.3281593 -0.6464011 0.9733905 -0.07128179 0.2177838 -0.6917239 -0.3729441 -0.6184099 0.5893509 0.3929892 -0.7058506 0.5533894 0.5499649 -0.6255389 0.6013018 0.3836306 -0.7009021 -0.2593528 0.4757329 -0.8404846 -0.2111045 0.63124 -0.7463049 -0.2032368 0.6329894 -0.7470068 -0.873309 0.3703483 -0.3165023 -0.8548343 0.3345782 -0.3966308 -0.8546072 0.3357084 -0.3961647 -0.9793573 -0.1063133 0.1719208 -0.9797552 -0.1247908 0.1565473 -0.979761 -0.1254124 0.1560139 -0.5596665 -0.4358614 0.7048392 -0.5636518 -0.5139223 0.6466689 -0.5638064 -0.5165309 0.6444519 0.2211757 -0.5129203 0.8294543 0.2234618 -0.595328 0.7717833 0.2211763 -0.5129215 0.8294532 0.8519533 -0.275394 0.445347 0.8532634 -0.2946236 0.4302771 0.8519532 -0.2753944 0.4453466 0.9799633 0.1942282 -0.04413086 0.9789052 0.163218 -0.1229014 0.9670087 0.04934573 -0.2499186 0.01273256 -0.7216807 -0.6921091 0.01634001 -0.7084915 -0.7055302 0.01658117 -0.7076027 -0.706416 5.84834e-4 0.7679484 0.6405114 5.85367e-4 0.7679443 0.6405164 5.8249e-4 0.7679467 0.6405135 0.5470042 0.5589672 -0.623171 0.5494365 0.5381243 -0.6391727 -0.2045288 0.6031394 -0.7709676 -0.8550119 0.32515 -0.40402 -0.9770826 -0.09217059 0.1918701 -0.5593771 -0.4650374 0.686176 -0.556989 -0.4476435 0.699556 0.2175543 -0.5286622 0.8204795 0.2192057 -0.5383567 0.8137081 0.846779 -0.2606939 0.4636855 0.849216 -0.2719043 0.4526591 0.9794358 0.154055 -0.1302795 0.9792262 0.1650337 -0.1178128 0.5252603 0.4151841 -0.7427811 0.5479047 0.593257 -0.5897852 0.5240275 0.4066554 -0.7483492 -0.1821386 0.4832801 -0.8563095 -0.2060653 0.6758117 -0.7076833 -0.2075052 0.6770505 -0.7060766 -0.8481274 0.2845022 -0.4469211 -0.8573055 0.3452032 -0.3819189 -0.8581004 0.3488413 -0.3767934 -0.9705668 -0.07083392 0.2301799 -0.979393 -0.1345131 0.1506509 -0.9797005 -0.1392479 0.1442118 -0.5321868 -0.3496481 0.7710535 -0.5641068 -0.5403205 0.6243696 -0.5653696 -0.5492704 0.6153531 0.1960224 -0.4178583 0.8871132 0.224253 -0.6249792 0.7477377 0.1946428 -0.4067249 0.8925745 0.8333769 -0.2364159 0.4995903 0.852833 -0.3048968 0.4239265 0.8295484 -0.2248753 0.5111562 0.9779199 0.1157572 -0.1739918 0.9789215 0.1733333 -0.1080206 0.9774007 0.1108042 -0.180029 0.5447166 0.6265536 -0.5574178 0.5313257 0.4818165 -0.6968112 0.5441737 0.6343212 -0.5491009 -0.2041544 0.7099789 -0.6739815 -0.1826166 0.5605889 -0.8077075 -0.184411 0.5650377 -0.8041922 -0.8539136 0.3765482 -0.3592258 -0.8542355 0.3259308 -0.4050322 -0.8542672 0.3308833 -0.4009288 -0.980013 -0.1277183 0.1525207 -0.9709765 -0.02454847 0.2379118 -0.9720925 -0.0314064 0.2324864 -0.5647414 -0.5476795 0.6173445 -0.5459493 -0.3226991 0.7731784 -0.5475676 -0.3330338 0.7676316 0.2247878 -0.6343594 0.7396342 0.2153998 -0.3987255 0.8914152 0.22403 -0.6275427 0.7456547 0.8541435 -0.2984946 0.4258403 0.8406202 -0.1907454 0.5069262 0.8537706 -0.2974115 0.4273433 0.9751196 0.2042186 -0.08623617 0.979157 0.1549958 -0.1312552 0.9748662 0.2052941 -0.08654767 -0.5291484 -0.3358187 0.7792482 -0.9681271 -0.05970484 0.2432396 -0.8468701 0.2794093 -0.4524836 -0.1817104 0.4766668 -0.860099 0.5481657 0.5227795 -0.6528522 0.2222573 -0.5474551 0.8067805 0.2222592 -0.5474549 0.8067801 -0.5619115 -0.4692025 0.6812522 -0.5619118 -0.4692023 0.681252 -0.9780954 -0.08337521 0.1907303 -0.9780954 -0.08337533 0.1907304 -0.8529328 0.375296 -0.3628482 -0.05543351 0.688701 -0.7229233 0.5278419 0.4931598 -0.6915031 0.4180336 0.6504246 -0.6341891 0.9788765 0.1606441 -0.1264688 0.9749343 0.2036951 -0.08950763 0.8496886 -0.2516276 0.4633712 0.8496886 -0.2516277 0.4633713 0.8518723 -0.2755537 0.4454029 0.8568369 -0.3097255 0.4121901 0.8563838 -0.3061754 0.4157685 -0.9793284 -0.1064748 0.171986 -0.9806469 -0.1393949 0.13748 -0.9793378 -0.1064545 0.1719452 0.982328 0.1413057 -0.1227374 0.8832523 0.3878455 0.2635171 0.8519528 -0.2753921 0.445349 0.2211758 -0.5129181 0.8294554 -0.5596657 -0.4358615 0.7048398 -0.5596674 -0.4358595 0.7048397 -0.5596657 -0.4358601 0.7048407 -0.9793573 -0.1063129 0.1719216 -0.9793574 -0.1063125 0.171921 -0.9793572 -0.1063122 0.1719225 -0.8624711 0.3127642 -0.3978971 -0.8283718 0.21376 -0.5177905 0.8541651 -0.272006 0.4431871 0.8552288 -0.2799664 0.4361224 -0.9805997 -0.1356534 0.141501 -0.9801499 -0.1023237 0.169812 0.8606351 -0.311593 0.4027618 0.8540415 -0.2351632 0.4640167 0.8622724 -0.3202515 0.3923332 -0.9817993 -0.1404728 0.1278186 -0.9793609 -0.06693339 0.190715 -0.9791335 -0.06371921 0.1929702 0.8468284 -0.2459032 0.4716072 0.8547879 -0.2982811 0.4246953 0.8483851 -0.2525609 0.4652481 -0.9767115 -0.07778799 0.1999597 -0.9802076 -0.1277683 0.1512232 -0.980695 -0.1416575 0.1347984 -0.9806136 -0.1108815 0.1615621 0.8538309 -0.232306 0.4658398 -0.9819217 -0.1493455 0.1163007 0.85712 -0.3115462 0.4102247 -0.9804026 -0.1163575 0.1589707 -0.9776319 -0.08482152 0.192461 0.003620862 0.680431 0.7328033 0.02211201 0.600292 0.7994753 0.01677298 0.7305291 0.6826757 -0.1054053 0.6135221 0.7826113 -0.04243612 0.6005202 0.7984827 0.8547964 -0.2860405 0.4330173 0.8548614 -0.285952 0.4329476 0.4418008 -0.6145132 -0.6535944 0.4407227 -0.6045468 -0.6635411 0.4397203 -0.6043558 -0.6643795 -0.3735765 -0.6239866 -0.6863537 -0.3711522 -0.6152857 -0.6954635 -0.3735765 -0.6239864 -0.6863539 -0.9200541 -0.2528244 -0.2992997 -0.9182527 -0.2414724 -0.3138525 -0.9200544 -0.2528235 -0.2992998 -0.9066795 0.420143 0.03757983 -0.9448946 0.2592999 0.1998447 -0.9598227 0.2082821 0.1880397 -0.5251144 0.5057311 0.684464 -0.419166 0.6384312 0.6455274 -0.5613617 0.4776284 0.6758286 0.457422 0.5166912 0.7237371 0.3509029 0.6476314 0.6763436 0.3334581 0.6625784 0.6706681 0.8916094 0.4400377 0.1067692 0.9208927 0.2788448 0.2724006 0.9221587 0.2811302 0.2656864 0.945585 -0.2333604 -0.2267422 0.9446687 -0.2220268 -0.2414649 0.9447262 -0.2199644 -0.2431215 -0.02644371 -0.5023952 0.8642336 -0.0215556 -0.6237313 0.7813417 -0.02155655 -0.623733 0.7813402 3.14968e-4 0.9386551 -0.3448573 0.01737952 0.7099372 -0.7040506 3.51661e-4 0.9384067 -0.3455329 0.432317 -0.5272576 -0.7315064 0.4284574 -0.5305802 -0.7313746 -0.3576536 -0.5379366 -0.7633532 -0.359125 -0.5346855 -0.764945 -0.912614 -0.2057886 -0.3532518 -0.9134761 -0.2018789 -0.3532795 -0.9389708 0.2612721 0.2237653 -0.938439 0.2588759 0.228726 -0.3871133 0.6247805 0.6780801 -0.3835691 0.6244267 0.6804161 0.3167126 0.6332589 0.7061702 0.9130609 0.2807595 0.2957938 0.9413466 -0.1865423 -0.2811917 0.4319015 -0.602949 -0.670756 0.4432941 -0.8113631 -0.3810254 0.434664 -0.630728 -0.6428449 -0.3627853 -0.6126348 -0.7021862 -0.3909528 -0.8219463 -0.4141983 -0.3911802 -0.8233975 -0.4110896 -0.9079343 -0.2350584 -0.3469913 -0.922745 -0.3123524 -0.2257823 -0.9225102 -0.313411 -0.2252746 -0.9467515 0.2684648 0.1777312 -0.9429572 0.3320417 0.02408903 -0.9431743 0.3318692 0.01688867 -0.4243847 0.6959142 0.5793108 -0.3830681 0.8874136 0.2564293 -0.3792245 0.8897364 0.2540829 0.3598228 0.7057178 0.6103197 0.3382474 0.896912 0.2848466 0.3689879 0.7272606 0.57874 0.9242681 0.2881462 0.2504001 0.9310015 0.3519957 0.09661936 0.9276733 0.3071245 0.2123602 0.936832 -0.2158614 -0.2752267 0.9438619 -0.2926535 -0.1532279 0.940607 -0.2327825 -0.2471254 0.4371383 -0.5384144 -0.7204306 0.4341052 -0.4867314 -0.7580536 0.4341846 -0.4876701 -0.7574045 -0.3657979 -0.5476308 -0.7525241 -0.361238 -0.4955922 -0.7898707 -0.3657532 -0.5501167 -0.7507306 -0.9143778 -0.2037283 -0.3498688 -0.9112625 -0.1807555 -0.370038 -0.9145346 -0.2069234 -0.3475762 -0.9443007 0.2538933 0.2093667 -0.9443473 0.2528085 0.2104666 -0.9442797 0.2540641 0.2092541 -0.363348 0.6616438 0.6559007 -0.7541024 0.4609928 0.467777 -0.3487399 0.6650547 0.6603657 0.2936381 0.6693812 0.6824263 0.7045577 0.4770395 0.5253874 0.7351968 0.4514765 0.5056229 0.919672 0.2734134 0.2818663 0.9196585 0.2723204 0.2829665 0.9196583 0.2723206 0.2829667 0.9427977 -0.1844687 -0.2776759 0.9407684 -0.1616219 -0.298049 0.974879 -0.1708763 -0.1428714 0.3143566 0.7806463 0.5401586 0.3115949 0.7766798 0.5474278 -0.375905 0.7723549 0.5120189 -0.9430372 0.3022913 0.1389272 -0.9194523 -0.2786356 -0.2774342 -0.3755564 -0.7200158 -0.5835535 0.4383838 -0.710454 -0.5505223 0.4383314 -0.7077554 -0.5540288 0.9438512 -0.2591149 -0.2049501 0.9439502 -0.2567334 -0.2074759 0.9228208 0.3219736 0.2115065 0.9221914 0.3216776 0.2146782 0.9196561 0.2735813 0.2817552 0.278629 0.672545 0.6856013 -0.3736212 0.7679513 0.5202483 -0.9426586 0.3019192 0.1422662 -0.9194121 -0.2762848 -0.2799078 -0.3753402 -0.7178189 -0.5863922 0.4369182 -0.5412503 -0.7184363 0.9428482 -0.1877064 -0.2753248 -0.9207715 -0.2506744 -0.2989014 -0.9228581 -0.2469447 -0.2955529 -0.9226635 -0.247769 -0.2954703 0.9462225 -0.2312021 -0.2262933 0.9477646 -0.228049 -0.2230154 0.946023 -0.2314757 -0.226847 0.9455849 -0.2333604 -0.2267425 0.9455848 -0.2333593 -0.2267438 0.9455848 -0.2333593 -0.2267438 0.9377876 0.2281043 0.2617686 0.9168835 0.3970808 -0.04063946 0.9788396 0.124772 0.1621881 -0.9192585 0.3775104 -0.1115784 -0.9200543 -0.252823 -0.2993001 -0.3735762 -0.6239837 -0.6863566 0.441801 -0.6145128 -0.6535946 0.441801 -0.6145101 -0.6535972 0.441801 -0.6145101 -0.6535972 0.4374755 -0.5356802 -0.7222617 0.4374742 -0.5356806 -0.7222622 -0.3613347 -0.4964634 -0.7892791 -0.3660628 -0.5447383 -0.754492 -0.9570805 -0.1908138 -0.2181446 -0.9170563 -0.2243525 -0.329657 -0.9193851 -0.201963 -0.3375528 -0.9584481 -0.1688537 -0.2299254 0.9467574 -0.1826603 -0.2651142 0.9708768 -0.2310439 0.06338024 0.9443442 -0.2050217 -0.2572551 0.9766717 -0.1488354 -0.1547916 -0.9211254 -0.2183179 -0.3222817 -0.9197587 -0.2149222 -0.328409 0.9476912 -0.1989435 -0.2496055 0.9478464 -0.2280526 -0.2226641 -0.9178877 -0.2663101 -0.294213 -0.9319468 -0.3116825 -0.1852816 -0.9328529 -0.310474 -0.1827331 0.9433279 -0.2468236 -0.2218347 0.9498643 -0.2918102 -0.1122698 0.9433597 -0.2576836 -0.2089777 -0.9678575 -0.2512398 -0.01143091 -0.9163188 -0.2194223 -0.3349834 0.9439122 -0.2001012 -0.2626581 0.9441723 -0.2023667 -0.2599741 0.9467272 -0.1955385 -0.2558756 -0.9186655 -0.2771396 -0.2815092 0.9480019 -0.2585297 -0.1856203 0.9505419 -0.2906109 -0.1096156 -0.9251188 -0.2781947 -0.2583855 -0.924182 -0.2725438 -0.2675962 0.9476648 -0.2529674 -0.1947796 -0.9167327 -0.2216747 -0.3323574 -0.7502485 -0.6145147 -0.243924 -0.7594804 -0.6045755 -0.2401624 -0.7600092 -0.6043846 -0.2389675 -0.5563476 -0.6239904 0.5487381 -0.5658877 -0.6151976 0.5489108 -0.5563476 -0.6239906 0.5487378 -0.03332048 -0.2528235 0.9669386 -0.04784536 -0.2414452 0.9692343 -0.03332036 -0.2528229 0.9669387 0.4792776 0.2333564 0.8460721 0.4532427 0.2593017 0.8528387 0.4792768 0.2333566 0.8460724 0.6385175 0.6927874 0.3351731 0.7083254 0.6582483 0.2549203 0.8056226 0.561626 0.1885429 0.610382 0.6117075 -0.5032374 0.529983 0.6418046 -0.5542607 0.5210755 0.6391236 -0.5656868 0.03703498 0.1834458 -0.982332 0.03295892 0.2759378 -0.9606102 0.02959841 0.2907404 -0.9563441 -0.594711 -0.1838856 -0.7826271 -0.4931414 -0.2220543 -0.8411322 -0.4947128 -0.2200199 -0.8407441 0.7568548 -0.6237353 -0.195257 0.7568572 -0.6237317 -0.1952584 0.7744585 -0.574128 -0.2656898 -0.6819663 0.7014148 0.2072182 -0.6814432 0.7099161 0.1779165 -0.696667 0.6840179 0.2162745 -0.8225048 -0.5272573 -0.2132739 -0.8213113 -0.5305796 -0.2096021 -0.6347814 -0.5378969 0.5547248 -0.6358407 -0.5347241 0.5565758 -0.08722668 -0.2057884 0.9747014 -0.08701461 -0.2018783 0.9755376 0.4746279 0.2612432 0.8405238 0.4792483 0.2588463 0.8386416 0.7566426 0.6137073 0.2255111 0.7603898 0.6099745 0.2230219 0.5549599 0.6149299 -0.5602506 0.05333536 0.2944337 -0.9541825 -0.5304378 -0.186542 -0.826945 -0.7640068 -0.6029497 -0.2296636 -0.4887135 -0.811362 -0.3207039 -0.7379463 -0.6307292 -0.240033 -0.5745481 -0.6126351 0.5427457 -0.2899946 -0.8219459 0.4902124 -0.2868987 -0.8234159 0.4895668 -0.08250629 -0.235061 0.9684726 0.03816944 -0.3123481 0.9492006 0.03844839 -0.3134181 0.9488366 0.4325475 0.2684434 0.8607211 0.2837988 0.3320416 0.8995592 0.2769381 0.3318691 0.9017584 0.6863944 0.6780135 0.2629837 0.3474394 0.8652087 0.3615242 0.3426086 0.8660731 0.3640561 0.477935 0.6935338 -0.5390632 0.1329101 0.8582488 -0.4957259 0.4542438 0.7160911 -0.5299776 0.003983557 0.3136659 -0.9495251 -0.1446715 0.3874657 -0.9104617 -0.03138244 0.333007 -0.9424021 -0.5234571 -0.2158619 -0.8242551 -0.4080722 -0.2926489 -0.8647737 -0.4974952 -0.2327825 -0.8356501 -0.8131926 -0.5384142 -0.2209709 -0.8524572 -0.4805191 -0.2059568 -0.8524572 -0.4805195 -0.2059559 -0.6221 -0.5476341 0.5595431 -0.6635258 -0.489315 0.5659544 -0.6203889 -0.5501208 0.5590034 -0.08347767 -0.2037189 0.9754641 -0.1082949 -0.1757549 0.9784592 -0.08123272 -0.2069143 0.9749809 0.4622272 0.2538926 0.849638 0.4632924 0.2527997 0.8493836 0.4621132 0.2540633 0.849649 0.7533063 0.6121235 0.2404879 0.7730296 0.5892947 0.2348553 0.7524318 0.6131783 0.240539 0.5218477 0.6018213 -0.6045546 0.4564355 0.5316962 -0.7134184 0.4489153 0.5260034 -0.7223542 0.06585073 0.3092715 -0.9486911 0.1713151 0.3868798 -0.9060768 0.1802086 0.3938323 -0.9013441 -0.5274637 -0.1844698 -0.8293088 -0.5507019 -0.1566649 -0.8198681 -0.5507014 -0.1566647 -0.8198683 0.3704915 0.7438396 -0.5562722 0.3749134 0.7407574 -0.5574213 0.5875242 0.7566284 0.2869301 0.3941829 0.3022861 0.8678958 -0.01251667 -0.2786118 0.9603223 -0.4570055 -0.7200155 0.5222296 -0.6502478 -0.7104518 -0.2691396 -0.6536058 -0.7077518 -0.2681175 -0.4578275 -0.2591524 -0.8504317 -0.4603181 -0.25674 -0.8498187 -0.02507334 0.3512338 -0.935952 -0.01856327 0.3500041 -0.9365643 0.06180697 0.3067919 -0.9497677 0.5237076 0.6044946 -0.6002638 0.5902792 0.7551341 0.2852073 0.3972861 0.3019136 0.8666095 -0.01486754 -0.2762911 0.960959 -0.4597955 -0.7178173 0.5228065 -0.8112154 -0.5412497 -0.2213107 -0.5252174 -0.1877075 -0.8300077 0.4791527 0.2320465 0.846503 0.4512377 0.2471597 0.8574945 0.4546895 0.2445584 0.8564162 -0.7508358 -0.6132479 -0.245301 -0.7416426 -0.6196631 -0.2568734 -0.7509179 -0.6133377 -0.2448249 -0.5532 -0.2024368 -0.8080774 -0.3989795 -0.263086 -0.8784083 0.6876026 0.6624315 0.2973 0.2920124 0.8054201 0.5157784 0.4792766 0.2333563 0.8460726 -0.03332012 -0.252823 0.9669387 -0.5563477 -0.6239909 0.5487373 -0.7502471 -0.6145166 -0.2439239 -0.750249 -0.6145143 -0.2439233 -0.750246 -0.6145184 -0.2439226 0.4735838 0.2239006 0.8518139 0.4798783 0.2192127 0.8495073 -0.8031907 -0.5464788 -0.2371621 -0.7422257 -0.6190831 -0.2565878 0.4385696 0.2692663 0.8574103 0.320638 0.3049159 0.8967819 0.3172203 0.3038299 0.8983645 -0.3986108 -0.8486485 -0.3477143 -0.4583255 -0.8165944 -0.3508723 -0.3984924 -0.8495922 -0.3455387 -0.6978554 0.6881315 0.1986783 -0.7040001 0.6682564 0.2404522 0.4884425 0.2237523 0.8434209 0.4813827 0.227938 0.846354 0.4885193 0.2238559 0.843349 -0.8312404 -0.5136262 -0.212668 -0.8061532 -0.5470185 -0.2255831 -0.8033993 -0.5507441 -0.2263421 -0.691156 0.6773286 0.2520503 -0.8620426 -0.4823377 -0.1556697 -0.8092042 -0.5393421 -0.233021 0.4231314 0.2801008 0.8616865 0.4112511 0.2746964 0.8691458 0.420726 0.2699658 0.8660879 -0.6484444 -0.7065197 -0.2834605 -0.4551352 -0.8173388 -0.3532837 -0.6590136 -0.6981578 -0.27978 0.480165 0.2291569 0.8467165 -0.3629397 0.5011189 -0.7855919 -0.4714818 0.479776 -0.739946 -0.5815502 0.4212607 -0.6959446 -0.7243196 0.6863502 -0.06545644 -0.6828736 0.7304145 0.01336008 -0.6865192 0.7265907 0.02752083 -0.4519653 0.4479045 0.7714331 -0.4298634 0.5404956 0.7232441 -0.4275539 0.5550937 0.7134906 0.1885738 0.07504439 0.9791876 0.08102589 0.0628575 0.994728 0.08775287 0.06634676 0.9939303 0.5033895 -0.4546051 0.7348015 0.5367149 -0.4269782 0.7277546 0.5418257 -0.4231918 0.7261775 0.6952409 -0.7187557 0.005506098 0.7293356 -0.6841498 0.002950906 0.7297623 -0.6836972 0.00223577 0.4372067 -0.5184778 -0.7348681 0.4698858 -0.4910687 -0.733525 0.4372014 -0.518472 -0.7348753 -0.04821342 -0.03998959 -0.9980363 -0.01675593 -0.01780998 -0.999701 -0.04821282 -0.03998899 -0.9980363 -0.8672233 -0.4837504 0.1179378 -0.7545582 -0.6556268 0.02820461 -0.8648565 -0.4885066 0.1156923 0.6968384 0.7017045 -0.1484157 0.6968229 0.7017276 -0.1483787 0.6968675 0.7016788 -0.1484 -0.4671365 0.4830986 -0.7405399 -0.3901032 0.5332891 -0.7506147 -0.5737891 0.8187224 0.02144348 -0.5717514 0.8201195 0.02246165 -0.3658337 0.5991681 0.7121541 -0.3576434 0.6023975 0.7135884 0.1010538 0.06378918 0.9928339 0.0945034 0.05917048 0.9937646 0.5254039 -0.4414626 0.7273663 0.5146071 -0.4507121 0.7294095 0.7098686 -0.704266 0.009804904 0.4745628 -0.4880015 -0.7325604 0.4869974 -0.4873486 -0.724793 -0.01073372 -0.01402074 -0.9998441 0.0376845 0.008205354 -0.999256 -0.3786343 0.5411981 -0.7508267 -0.3861889 0.5500956 -0.740441 -0.5761231 0.8169981 0.02442193 -0.3802348 0.6102888 0.6949598 0.09158802 0.07431811 0.9930199 0.09080171 0.07397353 0.9931178 0.5179527 -0.4454465 0.7302755 0.5245357 -0.4398638 0.7289597 0.7074927 -0.7066789 0.007691204 0.71741 -0.6966248 0.006083726 0.4774498 -0.4812749 -0.73513 0.4800813 -0.4779199 -0.735605 0.04533219 0.01341497 -0.9988819 0.02875536 0.03309005 -0.9990386 -0.3925761 0.5473292 -0.7391312 -0.5686799 0.3979445 -0.7198913 -0.7385777 0.6540857 0.1633247 -0.7369475 0.6525098 0.1764631 -0.5221742 0.590097 0.615727 -0.528207 0.5949716 0.6058104 0.1501196 0.1345213 0.9794734 0.1501206 0.1345203 0.9794735 0.6660583 -0.2873599 0.6883246 0.6660574 -0.2873595 0.6883257 0.8484063 -0.5287754 -0.02456313 0.8484058 -0.5287759 -0.02456742 0.5332782 -0.411288 -0.739227 0.02814638 0.03689295 -0.9989228 -0.04640299 -0.0301972 -0.9984664 -0.04822766 -0.03998249 -0.9980359 -0.02943867 -0.0282706 -0.9991668 -0.03196102 -0.0297659 -0.9990459 0.5033878 -0.4549006 0.7346198 0.5224812 -0.4415239 0.7294313 0.5033337 -0.4548594 0.7346823 -0.04821217 -0.03998881 -0.9980364 0.4372005 -0.5184835 -0.7348677 0.6952403 -0.7187564 0.005506455 0.695231 -0.7187654 0.005502581 0.6952309 -0.7187654 0.005503594 0.5033844 -0.4546009 0.7348076 0.5033791 -0.4546117 0.7348046 0.5033733 -0.4546062 0.734812 0.1359139 0.06236243 0.988756 -0.04003417 0.01757442 0.9990438 -0.4186075 0.4849778 -0.7678309 0.02560687 0.5649039 -0.8247594 0.008734941 -0.0120064 -0.9998899 0.01416718 -0.00976783 -0.999852 0.4706334 -0.4773655 0.7420421 0.5204197 -0.443112 0.729942 -0.01868373 -0.02358776 -0.9995472 -0.008555233 -0.01696354 -0.9998196 0.5093868 -0.4473178 0.7351409 0.4614281 -0.4832225 0.7440297 0.7324305 0.6573228 -0.1774046 0.7537011 0.6380379 -0.1576144 0.7473153 0.6391184 -0.1817903 -0.07572531 -0.06261318 -0.9951609 -0.07547599 -0.06289058 -0.9951624 0.6424978 -0.3208853 0.6958659 0.5279406 -0.4330515 0.7305787 0.7355574 0.6460617 -0.2038617 0.7037703 0.6914285 -0.1631994 -0.8261593 -0.5456054 0.1406257 -0.5402342 -0.2549535 0.8019638 0.848688 0.4820446 -0.2176277 0.7253885 -0.688246 0.0113554 0.7225428 -0.6912512 0.01018309 0.7389951 -0.6734957 0.01702594 0.7408576 -0.6714259 0.01781761 0.5843709 -0.8104264 -0.04147177 -0.319054 0.7874436 0.5273873 -0.318973 0.7875831 0.5272277 -0.3189823 0.7875233 0.5273115 -0.3190281 0.7874012 0.5274661 -0.4072989 -0.4502837 0.7945768 0.3427944 -0.2784349 0.897199 0.9217984 0.1752918 0.3457756 0.944216 0.3289328 0.01610547 0.4021813 0.4660813 -0.7880473 0.7645141 0.3011974 0.5699107 0.2338804 -0.05081582 0.9709365 -0.4861185 -0.3272526 0.8103054 0.005085647 0.5594189 -0.8288695 -0.4861143 -0.3271202 0.8103612 -0.8290535 -0.541199 0.1406208 -0.3717461 0.3414397 -0.8632634 -0.7189706 -0.670601 0.1826901 -0.4600164 -0.3182287 0.8289243 0.01232844 0.2072143 0.9782179 0.4820058 0.6574378 0.5791769 0.7911016 0.5622983 -0.2407884 0.7027336 -0.7098213 0.04815948 0.7535654 -0.6540465 0.06604897 0.7660631 -0.6388714 0.07064497 0.7671539 -0.6375162 0.07104933 0.6411731 -0.7668889 0.02790594 -0.8017587 0.5916748 -0.08428698 -0.5876708 0.8090212 -0.01130551 -0.8017808 0.5916427 -0.08430045 -0.8017494 0.5916869 -0.08428931 -0.9191984 0.3687283 -0.1382526 -0.5446702 -0.5883953 -0.5975998 0.3953797 0.3959452 -0.8287957 -0.08568835 -0.1383762 -0.9866659 0.8128823 0.5660905 -0.1369818 0.3209259 0.4820963 0.8152238 -0.4732959 -0.2816399 0.8346676 -0.03336691 0.5411447 -0.8402674 -0.4731307 -0.3037973 0.826955 -0.7995795 -0.5745155 0.1749419 -0.7047829 -0.6838792 0.1886541 -0.9995923 -0.01978731 -0.02058762 -0.7486017 0.434401 0.5008906 -0.1451705 0.5113883 0.8469993 0.7698189 0.2743555 0.5762881 -2.05741e-5 -0.7495681 0.6619274 0.05860602 -0.644055 0.762731 0.04907071 -0.6625008 0.7474522 -0.05232852 -0.828107 0.5581223 0.05647999 -0.6482077 0.7593662 0.2210803 0.9675019 -0.1227334 0.2210271 0.9675153 -0.1227241 0.3074358 0.9313363 0.1951819 0.1009422 0.887534 -0.4495489 0.3064258 0.9326015 0.1906771 -0.7057496 -0.4968283 -0.5050537 0.6678041 0.4619106 0.5836749 0.9978164 0.06502836 0.01156812 -0.4333027 0.2105182 0.8763167 0.5996757 0.0743919 0.7967778 -0.9995887 -0.01552498 -0.02411168 -0.9995847 -0.01571565 -0.02415502 -0.703506 -0.3875879 -0.5956971 0.08225464 -0.1064715 -0.9909077 -0.6336423 0.0344125 -0.7728604 0.7542994 -0.1858311 -0.6296819 -0.6621885 -0.6086696 -0.4370672 -0.9800646 -0.175213 0.09366828 -0.7666772 0.3546979 0.5351595 -0.09448146 0.7321883 0.6745174 0.7092923 0.5139026 0.4825025 0.2122945 -0.7098247 0.6716248 0.2122925 -0.709827 0.6716231 0.2319626 -0.6638011 0.7110285 0.1945332 -0.7474227 0.6352293 0.231781 -0.6642506 0.7106678 -0.2594001 0.5906023 -0.7641338 -0.259402 0.5906171 -0.7641218 -0.2594037 0.5905973 -0.7641365 -0.257043 0.5830436 -0.7707069 0.07972669 -0.6612173 -0.7459459 0.6193095 0.6911243 0.3725628 0.9556389 0.2517729 -0.1528557 0.7433964 -0.2844126 -0.6053689 -0.6708293 -0.5803599 -0.4617041 -0.9825448 -0.1671588 0.081631 -0.7719682 0.3376647 0.5385609 0.04412329 0.7405417 0.6705603 -0.98708 -0.1372585 0.08266323 0.7391284 0.4543788 -0.4972214 -0.9837136 -0.160821 0.08027565 -0.6838805 -0.5126435 -0.5191379 0.7491492 -0.2932935 -0.5939314 0.4068616 0.06537204 -0.9111478 0.9325512 0.04882723 -0.3577209 0.3155593 0.02751618 -0.9485069 -0.4164672 0.06907123 -0.9065233 0.4425681 -0.104492 0.8906262 0.9466424 -0.04518681 0.3191026 0.3178924 0.04299557 0.9471514 -0.9503906 0.02680832 0.3099017 -0.8879438 0.0125668 -0.4597805 -0.3045039 -0.00167638 -0.9525097 -0.9481224 0.1524913 -0.2789451 -0.3521501 0.2923521 -0.8891123 0.2307872 0.2828677 -0.9309797 0.8997582 0.1166287 -0.420515 -0.1662086 -0.9262741 -0.3382174 -0.9015082 -0.06488043 0.4278709 0.9464575 -0.1037383 0.3057069 0.3826831 0 -0.9238798 -0.3826832 0 -0.9238798 -0.9238793 0 -0.3826839 -0.9238793 0 0.3826839 -0.3826833 0 0.9238796 0.3826831 0 0.9238798 0.9238796 0 0.3826835 0.9238796 0 -0.3826835 0.1510688 0.4603582 -0.874785 -0.589258 0.3139067 -0.7444714 0.990189 -0.1167142 0.07683485 0.822261 0.3662909 -0.4355663 -0.1401441 -0.5415138 -0.8289285 2.05424e-6 -0.6869366 -0.7267175 -6.4938e-7 -0.6869358 -0.7267181 -4.82458e-6 -0.6869357 -0.7267183 -2.55426e-6 -0.6869456 -0.7267089 -0.09485435 0.8961861 0.4334204 -0.10461 0.8713734 0.4793382 -0.09485167 0.8961913 0.4334102 0.1032548 0.7474237 -0.6562746 -0.9886426 0.1280769 -0.07862681 -0.8151401 -0.3035989 0.49333 -0.1522381 -0.537707 0.8292737 0.1209814 0.3306662 -0.9359612 0.8181585 0.2616085 -0.5120329 0.9836148 0.008439719 0.1800853 0.5936692 -0.2872999 0.7516753 -0.1601919 -0.400582 0.902149 -0.8185488 -0.2519181 0.516251 0.8682801 0.2363004 -0.4361789 0.8215413 0.3505079 -0.4496824 0.9902531 -0.08562457 0.1098514 0.6187807 -0.4829387 0.6195812 0.06100648 -0.6739864 -0.7362204 0.9917524 -0.0962153 0.08467531 -0.8201102 -0.270081 0.504456 0.1139326 0.04930555 0.9922643 0.5859431 0.4984477 0.6389216 0.8311259 0.553434 -0.05422794 0.4655283 0.2683038 -0.843384 0.6880047 -0.7255666 -0.01423776 0.7550839 -0.65137 -0.07460165 0.7421994 -0.6672739 -0.06233465 0.6221545 -0.7819553 0.03834122 0.7524371 -0.6547115 -0.07205116 -0.7113369 -0.690597 0.1306735 -0.2143821 0.04219728 -0.975838 -0.6250618 -0.4582877 -0.6318783 -0.4250646 -0.9024916 0.06949192 -0.1578521 -0.6036178 0.7814911 0.2037881 -0.01813322 0.9788472 0.463001 0.5733783 0.6759197 0.4290377 0.8993304 -0.08444839 -0.03525668 0.6958174 -0.717353 -0.3238758 0.07981061 -0.9427273 -0.4925493 -0.5585072 -0.6674317 0.8315731 0.4834369 -0.2734501 0.629639 0.4476343 0.6349633 0.003998696 0.1669086 0.9859643 -0.6176477 -0.1567085 0.770684 -0.6776216 0.7353885 0.005726754 -0.6777664 0.7352554 0.005681097 -0.6777423 0.7352777 0.005680024 -0.6668843 0.745142 0.005376636 0.1048148 0.05862772 0.9927622 -0.533562 0.1740856 -0.8276508 0.1048429 0.05891007 0.9927424 -0.4792836 -0.3465091 0.8063614 -0.8117275 -0.5690295 0.1315454 -0.691874 -0.3498905 -0.631575 -0.4461131 0.6149399 -0.6502555 -0.05781304 -0.649631 -0.7580484 -0.05016022 -0.5135802 -0.8565743 -0.05389469 -0.5786803 -0.8137717 -0.05389845 -0.5786721 -0.8137775 -0.05389589 -0.5786971 -0.8137599 0.05315184 0.7078366 0.7043737 0.06135094 0.7169561 0.6944134 0.06136304 0.7170168 0.6943497 -0.3340183 0.7785254 -0.5313473 -0.9124429 0.3771182 -0.1588392 0.2883588 0.613653 -0.7350369 0.3780649 -0.4905555 0.7851257 0.9211633 -0.2041006 0.3313629 0.9408043 0.2170165 -0.2603673 0.9238886 -0.3040938 0.2322866 0.9238868 -0.3041069 0.2322761 0.3779541 -0.6785863 0.6298185 -0.8527878 0.4351975 0.288715 -0.9312327 -0.1417098 0.3357441 -0.3327013 0.8572255 -0.3930321 -0.5650509 0.6465685 0.5125102 0.2677707 -0.8607137 -0.4329792 0.07468938 -0.3278932 -0.9417577 -0.1444998 0.3180055 -0.9370126 -0.9003484 -0.4347709 0.01862633 -0.9778555 -0.2083013 0.02023023 -0.9463786 -0.322466 0.01957851 -0.9463788 -0.3224657 0.01957863 -0.9463793 -0.3224638 0.01957887 0.5987239 0.8008598 -0.01238614 0.9251521 0.3791146 -0.01913166 0.598723 0.8008607 -0.0123741 0.7921621 0.6100907 -0.01638764 0.7920266 0.610267 -0.01637655 -0.3374009 0.8509454 0.4025575 -0.07498598 0.336527 0.9386835 0.2270095 -0.2871928 0.9305843 0.4711326 -0.7818675 0.4083102 -0.4454609 0.5975664 -0.6666926 0.09611523 -0.3794594 -0.9202024 0.1241045 -0.3105317 -0.9424268 0.3707191 -0.8210848 -0.434036 0.3303793 0.2064844 0.9209852 0.6507362 -0.6308953 -0.4225087 -0.691932 -0.4242447 -0.5841633 -0.9950129 0.03176641 -0.09455347 -7.97273e-7 -0.7255636 0.6881552 -0.02593237 -0.6891681 0.7241374 -0.03281778 -0.6791065 0.7333058 -0.03398501 -0.6773794 0.7348484 0.02943027 -0.7639831 0.6445649 -0.06441092 0.7819143 0.6200495 0.703234 0.5223746 0.4822726 0.9986402 0.006471753 0.05172884 0.726829 -0.67577 -0.1226971 0.01607573 -0.8548614 -0.5186073 -0.7096765 -0.4979847 -0.498368 -0.9709672 0.09590011 -0.2191484 -0.7246584 0.6749874 0.1387879 0.01875352 0.9512221 0.3079366 0.7374916 0.5642526 0.3711135 0.9782365 -0.082488 0.1903923 -0.6855188 0.3462599 0.6404438 -0.9986985 -0.01722341 -0.04800909 -0.6739304 -0.2935799 -0.6779592 0.04802453 -0.3599027 -0.9317531 -0.00742805 0.7355454 -0.6774348 -0.007433176 0.735579 -0.6773982 -0.007384657 0.7356173 -0.6773572 -0.6908994 -0.4142259 -0.5925158 0.706288 0.699449 0.1092171 -0.6909887 -0.4140684 -0.5925218 0.9940499 0.1069046 -0.02088975 -0.2744462 0.4687862 -0.8395945 0.2233195 -0.5944373 0.7725107 0.853291 -0.2950253 0.4299471 0.9787023 0.1654087 -0.1215807 -0.01464283 -0.8126104 -0.5826234 0.01235431 -0.7230482 -0.6906871 -3.44725e-7 -0.7659807 -0.6428636 -3.85273e-7 -0.7659809 -0.6428633 -1.87495e-7 -0.7659819 -0.6428623 -0.03468185 0.7371 0.6748933 5.89692e-4 0.7679409 0.6405205 5.85292e-4 0.7679412 0.6405201 -0.2062141 0.6119636 -0.763529 -0.8562497 0.3355289 -0.3927554 -0.9783133 -0.1037277 0.1792868 0.5490372 0.6019102 -0.5798814 0.2253502 -0.62619 0.7463936 0.8539316 -0.3087858 0.4188702 0.9787886 0.1779616 -0.1015018 -0.2043018 0.7091146 -0.6748462 -0.8534712 0.376163 -0.3606777 -0.9798961 -0.1288558 0.1523154 -0.5639774 -0.5530694 0.6132241 0.2156368 -0.4024146 0.8896984 0.8417589 -0.1969769 0.5026354 -0.852933 0.3752958 -0.3628479 -0.04344904 0.688223 -0.724197 0.4073438 0.6541739 -0.6372814 0.9749342 0.2036952 -0.08950775 0.8518966 -0.2755366 0.4453673 0.851953 -0.2753934 0.4453478 0.2211769 -0.5129208 0.8294535 -0.8307318 0.5564829 0.01455157 -0.9804272 -0.1162621 0.1588895 -0.3720778 -0.6145701 -0.6956017 -0.9182231 -0.2393998 -0.3155221 -0.9456955 0.2614957 0.1930807 -0.4017853 0.6540709 0.6409054 0.495057 0.4893237 0.7179701 -0.02155613 -0.6237195 0.781351 -0.02646303 -0.5018793 0.8645328 -0.02710002 -0.4840635 0.8746132 -0.02711534 -0.4836229 0.8748564 -0.01576572 -0.7394478 0.6730293 0.01735144 0.709939 -0.7040495 0.01739859 0.709949 -0.7040382 0.004591047 0.8975933 -0.4408005 0.02833789 0.4476722 -0.8937487 0.004642605 0.8970313 -0.4419428 0.3130029 0.6322607 0.708714 0.9122029 0.2781853 0.3008304 0.9421254 -0.1827101 -0.2810995 0.4433298 -0.8128933 -0.377708 -0.3667052 -0.6395482 -0.6756519 -0.9135034 -0.2521 -0.3193076 -0.9476129 0.2874268 0.1393399 -0.4317303 0.7180252 0.5459386 0.3345124 0.8990835 0.2824009 0.9317787 0.3518208 0.08950263 0.9436118 -0.2937148 -0.1527367 -0.9443471 0.2528089 0.2104669 -0.7823987 0.4348868 0.4457868 -0.920524 -0.2509436 -0.2994379 -0.9907992 0.104551 0.08594346 -0.9200547 -0.2528216 -0.2993005 -0.3735761 -0.6239837 -0.6863566 -0.3660622 -0.5447386 -0.7544921 -0.5656508 -0.6145691 0.5498583 -0.04949778 -0.2393455 0.969672 0.4469339 0.2615364 0.8554817 0.7049752 0.6605457 0.2582428 0.6155329 0.6235758 -0.4819467 0.02581954 0.1620628 -0.9864426 0.756867 -0.6237195 -0.1952602 0.762804 -0.5672209 -0.3104681 0.7821345 -0.5707005 -0.2501331 0.7598734 -0.5918234 -0.2689565 0.875258 -0.405198 -0.2640799 -0.6814405 0.7099186 0.1779171 -0.6814424 0.7099167 0.1779176 -0.6814052 0.7099539 0.1779115 -0.6814328 0.7099255 0.1779193 0.5576478 0.611667 -0.5611529 0.05738854 0.293078 -0.9543647 -0.5305644 -0.1827098 -0.8277188 -0.4855776 -0.8128734 -0.3216386 -0.547964 -0.6395487 0.539178 -0.05439782 -0.2520745 0.9661778 0.3958476 0.2874311 0.8721743 0.65644 0.7029513 0.273763 0.1263372 0.8574249 -0.4988602 -0.1517685 0.3873239 -0.9093661 -0.4076167 -0.2937188 -0.864626 -0.6635265 -0.4893153 0.5659533 -0.1082947 -0.1757549 0.9784592 0.4632924 0.2527996 0.8493837 0.7730298 0.5892952 0.2348536 0.479407 0.2322449 0.8463046 -0.8432758 -0.03243571 -0.5365015 0.4792758 0.2333581 0.8460725 -0.03332024 -0.2528227 0.9669388 -0.5563475 -0.6239907 0.5487377 -0.710364 0.6647464 0.2312906 -0.8312401 -0.513633 -0.2126525 -0.8620346 -0.4833222 -0.15263 -0.7168427 0.6909985 -0.09304672 -0.4443179 0.4275692 0.7872524 -0.8580824 -0.5017282 0.1093784 -0.8124858 -0.578676 0.0707184 -0.8546447 -0.5082273 0.1062437 -0.8124825 -0.5786803 0.07072132 -0.8125004 -0.5786547 0.07072305 0.6968768 0.7016686 -0.1484049 0.6968712 0.7016698 -0.1484258 0.7106451 0.6880525 -0.1468583 0.7077313 -0.7064058 0.01036214 0.4818271 -0.4923625 -0.7248599 -0.5867342 0.8095009 0.021245 -0.3812198 0.6086183 0.6958845 -0.5686809 0.3979455 -0.7198899 0.5332791 -0.4112887 -0.739226 -0.04640311 -0.03019708 -0.9984664 -0.0482288 -0.0399816 -0.9980359 -0.04821127 -0.03998786 -0.9980364 0.4371932 -0.5184741 -0.7348788 0.5304353 0.1598184 0.8325242 0.6419805 -0.3200496 0.6967275</float_array>
          <technique_common>
            <accessor source="#Mesh_006-mesh-normals-array" count="2270" stride="3">
              <param name="X" type="float"/>
              <param name="Y" type="float"/>
              <param name="Z" type="float"/>
            </accessor>
          </technique_common>
        </source>
        <source id="Mesh_006-mesh-map-0">
          <float_array id="Mesh_006-mesh-map-0-array" count="11760">0.375 0.3125 0.40625 0.6884399 0.375 0.6884399 0.40625 0.3125 0.4375 0.6884399 0.40625 0.6884399 0.46875 0.3125 0.4375 0.6884399 0.4375 0.3125 0.5 0.3125 0.46875 0.6884399 0.46875 0.3125 0.53125 0.3125 0.5 0.6884399 0.5 0.3125 0.5625 0.3125 0.53125 0.6884399 0.53125 0.3125 0.5625 0.3125 0.59375 0.6884399 0.5625 0.6884399 0.59375 0.3125 0.625 0.6884399 0.59375 0.6884399 0.34375 0.15625 0.3895146 0.04576456 0.5 0 0.5 0.6875 0.6104854 0.7332646 0.5 1 0.6104854 0.9542354 0.5 1 0.6104854 0.9542354 0.5 1 0.3895146 0.9542354 0.5 1 0.3895146 0.9542354 0.34375 0.84375 0.3895146 0.9542354 0.34375 0.84375 0.3895146 0.7332646 0.34375 0.84375 0.5 0.6875 0.3895146 0.7332646 0.3895146 0.7332646 0.6104854 0.7332646 0.5 0.6875 0.5 0.6875 0.65625 0.84375 0.6104854 0.7332646 0.6104854 0.7332646 0.6104854 0.9542354 0.65625 0.84375 0.65625 0.84375 0.6104854 0.9542354 0.5 1 0.6104854 0.9542354 0.5 1 0.3895146 0.9542354 0.5 1 0.3895146 0.9542354 0.34375 0.84375 0.3895146 0.9542354 0.34375 0.84375 0.3895146 0.7332646 0.34375 0.84375 0.5 0.6875 0.3895146 0.7332646 0.3895146 0.7332646 0.6104854 0.7332646 0.5 0.6875 0.5 0.6875 0.65625 0.84375 0.6104854 0.7332646 0.6104854 0.7332646 0.6104854 0.9542354 0.65625 0.84375 0.65625 0.84375 0.6104854 0.9542354 0.5 1 0.6104854 0.9542354 0.5 1 0.3895146 0.9542354 0.5 1 0.3895146 0.9542354 0.34375 0.84375 0.3895146 0.9542354 0.3895146 0.7332646 0.34375 0.84375 0.34375 0.84375 0.5 0.6875 0.3895146 0.7332646 0.3895146 0.7332646 0.6104854 0.7332646 0.5 0.6875 0.5 0.6875 0.65625 0.84375 0.6104854 0.7332646 0.6104854 0.7332646 0.65625 0.84375 0.6104854 0.9542354 0.65625 0.84375 0.65625 0.84375 0.6104854 0.7332646 0.6104854 0.7332646 0.6104854 0.7332646 0.5 0.6875 0.5 0.6875 0.5 0.6875 0.3895146 0.7332646 0.3895146 0.7332646 0.34375 0.84375 0.3895146 0.7332646 0.34375 0.84375 0.3895146 0.9542354 0.34375 0.84375 0.3895146 0.9542354 0.5 1 0.3895146 0.9542354 0.5 1 0.6104854 0.9542354 0.5 1 0.6104854 0.9542354 0.6104854 0.9542354 0.65625 0.84375 0.65625 0.84375 0.53125 0.3125 0.53125 0.6884399 0.53125 0.6884399 0.59375 0.3125 0.59375 0.6884399 0.59375 0.3125 0.65625 0.15625 0.6104854 0.04576456 0.6104854 0.04576456 0.5 0.3125 0.3895146 0.2667354 0.5 0.3125 0.34375 0.15625 0.3895146 0.2667354 0.3895146 0.2667354 0.3895146 0.04576456 0.34375 0.15625 0.34375 0.15625 0.3895146 0.04576456 0.5 0 0.3895146 0.04576456 0.5 0 0.6104854 0.04576456 0.5 0 0.5 0.6875 0.5 0.6875 0.5 0.6875 0.65625 0.84375 0.65625 0.84375 0.65625 0.84375 0.5 0.6875 0.5 0.6875 0.5 0.6875 0.65625 0.84375 0.65625 0.84375 0.65625 0.84375 0.6104854 0.7332646 0.5 0.6875 0.6104854 0.7332646 0.5 0.6875 0.5 0.6875 0.5 0.6875 0.65625 0.84375 0.65625 0.84375 0.65625 0.84375 0.65625 0.84375 0.6104854 0.7332646 0.65625 0.84375 0.65625 0.84375 0.65625 0.84375 0.65625 0.84375 0.5 0.6875 0.5 0.6875 0.5 0.6875 0.375 0.3125 0.40625 0.6884399 0.375 0.6884399 0.4375 0.3125 0.40625 0.6884399 0.40625 0.3125 0.46875 0.3125 0.4375 0.6884399 0.4375 0.3125 0.5 0.3125 0.46875 0.6884399 0.46875 0.3125 0.53125 0.3125 0.5 0.6884399 0.5 0.3125 0.53125 0.3125 0.5625 0.6884399 0.53125 0.6884399 0.5625 0.3125 0.59375 0.6884399 0.5625 0.6884399 0.59375 0.3125 0.625 0.6884399 0.59375 0.6884399 0.34375 0.15625 0.3895146 0.04576456 0.6104854 0.04576456 0.65625 0.84375 0.3895146 0.7332646 0.6104854 0.7332646 0.5 1 0.6104854 0.9542354 0.6104854 0.9542354 0.5 1 0.3895146 0.9542354 0.5 1 0.3895146 0.9542354 0.34375 0.84375 0.3895146 0.9542354 0.34375 0.84375 0.3895146 0.7332646 0.34375 0.84375 0.3895146 0.7332646 0.5 0.6875 0.3895146 0.7332646 0.6104854 0.7332646 0.5 0.6875 0.5 0.6875 0.65625 0.84375 0.6104854 0.7332646 0.6104854 0.7332646 0.6104854 0.9542354 0.65625 0.84375 0.65625 0.84375 0.6104854 0.9542354 0.5 1 0.6104854 0.9542354 0.3895146 0.9542354 0.5 1 0.5 1 0.34375 0.84375 0.3895146 0.9542354 0.3895146 0.9542354 0.3895146 0.7332646 0.34375 0.84375 0.34375 0.84375 0.5 0.6875 0.3895146 0.7332646 0.3895146 0.7332646 0.5 0.6875 0.6104854 0.7332646 0.5 0.6875 0.6104854 0.7332646 0.65625 0.84375 0.6104854 0.7332646 0.65625 0.84375 0.6104854 0.9542354 0.65625 0.84375 0.6104854 0.9542354 0.5 1 0.6104854 0.9542354 0.3895146 0.9542354 0.5 1 0.5 1 0.34375 0.84375 0.3895146 0.9542354 0.3895146 0.9542354 0.3895146 0.7332646 0.34375 0.84375 0.34375 0.84375 0.5 0.6875 0.3895146 0.7332646 0.3895146 0.7332646 0.5 0.6875 0.6104854 0.7332646 0.5 0.6875 0.6104854 0.7332646 0.65625 0.84375 0.6104854 0.7332646 0.65625 0.84375 0.6104854 0.9542354 0.65625 0.84375 0.6104854 0.7332646 0.65625 0.84375 0.6104854 0.7332646 0.6104854 0.7332646 0.5 0.6875 0.5 0.6875 0.5 0.6875 0.3895146 0.7332646 0.3895146 0.7332646 0.3895146 0.7332646 0.34375 0.84375 0.34375 0.84375 0.34375 0.84375 0.3895146 0.9542354 0.3895146 0.9542354 0.5 1 0.3895146 0.9542354 0.5 1 0.6104854 0.9542354 0.5 1 0.6104854 0.9542354 0.65625 0.84375 0.6104854 0.9542354 0.65625 0.84375 0.5 0.3125 0.5 0.6884399 0.5 0.6884399 0.5625 0.3125 0.5625 0.6884399 0.5625 0.3125 0.6104854 0.04576456 0.65625 0.15625 0.6104854 0.04576456 0.6104854 0.2667354 0.65625 0.15625 0.65625 0.15625 0.3895146 0.2667354 0.34375 0.15625 0.3895146 0.2667354 0.3895146 0.04576456 0.34375 0.15625 0.34375 0.15625 0.5 0 0.3895146 0.04576456 0.3895146 0.04576456 0.5 0 0.6104854 0.04576456 0.5 0 0.6104854 0.9542354 0.5 1 0.6104854 0.9542354 0.3895146 0.9542354 0.5 1 0.5 1 0.34375 0.84375 0.3895146 0.9542354 0.3895146 0.9542354 0.3895146 0.7332646 0.34375 0.84375 0.34375 0.84375 0.6104854 0.7332646 0.65625 0.84375 0.6104854 0.7332646 0.65625 0.84375 0.6104854 0.9542354 0.65625 0.84375 0.3895146 0.7332646 0.3895146 0.7332646 0.3895146 0.7332646 0.6104854 0.7332646 0.6104854 0.7332646 0.6104854 0.7332646 0.3895146 0.7332646 0.3895146 0.7332646 0.3895146 0.7332646 0.6104854 0.7332646 0.6104854 0.7332646 0.6104854 0.7332646 0.3895146 0.7332646 0.3895146 0.7332646 0.3895146 0.7332646 0.6104854 0.7332646 0.6104854 0.7332646 0.6104854 0.7332646 0.6104854 0.7332646 0.6104854 0.7332646 0.6104854 0.7332646 0.3895146 0.7332646 0.3895146 0.7332646 0.3895146 0.7332646 0.375 0.3125 0.40625 0.6884399 0.375 0.6884399 0.4375 0.3125 0.40625 0.6884399 0.40625 0.3125 0.46875 0.3125 0.4375 0.6884399 0.4375 0.3125 0.5 0.3125 0.46875 0.6884399 0.46875 0.3125 0.5 0.3125 0.53125 0.6884399 0.5 0.6884399 0.53125 0.3125 0.5625 0.6884399 0.53125 0.6884399 0.5625 0.3125 0.59375 0.6884399 0.5625 0.6884399 0.59375 0.3125 0.625 0.6884399 0.59375 0.6884399 0.3895146 0.04576456 0.5 0 0.65625 0.15625 0.65625 0.84375 0.5 1 0.34375 0.84375 0.5 1 0.6104854 0.9542354 0.6104854 0.9542354 0.3895146 0.9542354 0.5 1 0.5 1 0.3895146 0.9542354 0.34375 0.84375 0.3895146 0.9542354 0.34375 0.84375 0.3895146 0.7332646 0.34375 0.84375 0.3895146 0.7332646 0.5 0.6875 0.3895146 0.7332646 0.5 0.6875 0.6104854 0.7332646 0.5 0.6875 0.65625 0.84375 0.6104854 0.7332646 0.6104854 0.7332646 0.6104854 0.9542354 0.65625 0.84375 0.65625 0.84375 0.5 1 0.6104854 0.9542354 0.6104854 0.9542354 0.5 1 0.3895146 0.9542354 0.5 1 0.3895146 0.9542354 0.34375 0.84375 0.3895146 0.9542354 0.34375 0.84375 0.3895146 0.7332646 0.34375 0.84375 0.3895146 0.7332646 0.5 0.6875 0.3895146 0.7332646 0.6104854 0.7332646 0.5 0.6875 0.5 0.6875 0.65625 0.84375 0.6104854 0.7332646 0.6104854 0.7332646 0.6104854 0.9542354 0.65625 0.84375 0.65625 0.84375 0.5 1 0.6104854 0.9542354 0.6104854 0.9542354 0.3895146 0.9542354 0.5 1 0.5 1 0.34375 0.84375 0.3895146 0.9542354 0.3895146 0.9542354 0.34375 0.84375 0.3895146 0.7332646 0.34375 0.84375 0.5 0.6875 0.3895146 0.7332646 0.3895146 0.7332646 0.5 0.6875 0.6104854 0.7332646 0.5 0.6875 0.6104854 0.7332646 0.65625 0.84375 0.6104854 0.7332646 0.6104854 0.9542354 0.65625 0.84375 0.65625 0.84375 0.6104854 0.7332646 0.65625 0.84375 0.6104854 0.7332646 0.5 0.6875 0.6104854 0.7332646 0.5 0.6875 0.3895146 0.7332646 0.5 0.6875 0.3895146 0.7332646 0.34375 0.84375 0.3895146 0.7332646 0.34375 0.84375 0.34375 0.84375 0.3895146 0.9542354 0.3895146 0.9542354 0.3895146 0.9542354 0.5 1 0.5 1 0.5 1 0.6104854 0.9542354 0.6104854 0.9542354 0.6104854 0.9542354 0.65625 0.84375 0.65625 0.84375 0.5 0.3125 0.5 0.6884399 0.5 0.6884399 0.5625 0.3125 0.5625 0.6884399 0.5625 0.3125 0.6104854 0.04576456 0.65625 0.15625 0.6104854 0.04576456 0.65625 0.15625 0.6104854 0.2667354 0.65625 0.15625 0.3895146 0.2667354 0.34375 0.15625 0.3895146 0.2667354 0.3895146 0.04576456 0.34375 0.15625 0.34375 0.15625 0.5 0 0.3895146 0.04576456 0.3895146 0.04576456 0.5 0 0.6104854 0.04576456 0.5 0 0.5 1 0.6104854 0.9542354 0.6104854 0.9542354 0.3895146 0.9542354 0.5 1 0.5 1 0.34375 0.84375 0.3895146 0.9542354 0.3895146 0.9542354 0.34375 0.84375 0.3895146 0.7332646 0.34375 0.84375 0.65625 0.84375 0.6104854 0.7332646 0.6104854 0.7332646 0.6104854 0.9542354 0.65625 0.84375 0.65625 0.84375 0.3895146 0.7332646 0.3895146 0.7332646 0.3895146 0.7332646 0.6104854 0.7332646 0.6104854 0.7332646 0.6104854 0.7332646 0.3895146 0.7332646 0.3895146 0.7332646 0.3895146 0.7332646 0.6104854 0.7332646 0.6104854 0.7332646 0.6104854 0.7332646 0.3895146 0.7332646 0.3895146 0.7332646 0.3895146 0.7332646 0.6104854 0.7332646 0.6104854 0.7332646 0.6104854 0.7332646 0.6104854 0.7332646 0.6104854 0.7332646 0.6104854 0.7332646 0.3895146 0.7332646 0.3895146 0.7332646 0.3895146 0.7332646 0.375 0.3125 0.40625 0.6884399 0.375 0.6884399 0.4375 0.3125 0.40625 0.6884399 0.40625 0.3125 0.46875 0.3125 0.4375 0.6884399 0.4375 0.3125 0.5 0.3125 0.46875 0.6884399 0.46875 0.3125 0.53125 0.3125 0.5 0.6884399 0.5 0.3125 0.53125 0.3125 0.5625 0.6884399 0.53125 0.6884399 0.5625 0.3125 0.59375 0.6884399 0.5625 0.6884399 0.59375 0.3125 0.625 0.6884399 0.59375 0.6884399 0.34375 0.15625 0.3895146 0.04576456 0.65625 0.15625 0.6104854 0.7332646 0.65625 0.84375 0.34375 0.84375 0.5 1 0.6104854 0.9542354 0.6104854 0.9542354 0.5 1 0.3895146 0.9542354 0.5 1 0.3895146 0.9542354 0.34375 0.84375 0.3895146 0.9542354 0.34375 0.84375 0.3895146 0.7332646 0.34375 0.84375 0.3895146 0.7332646 0.5 0.6875 0.3895146 0.7332646 0.6104854 0.7332646 0.5 0.6875 0.5 0.6875 0.65625 0.84375 0.6104854 0.7332646 0.6104854 0.7332646 0.6104854 0.9542354 0.65625 0.84375 0.65625 0.84375 0.6104854 0.9542354 0.5 1 0.6104854 0.9542354 0.3895146 0.9542354 0.5 1 0.5 1 0.34375 0.84375 0.3895146 0.9542354 0.3895146 0.9542354 0.3895146 0.7332646 0.34375 0.84375 0.34375 0.84375 0.5 0.6875 0.3895146 0.7332646 0.3895146 0.7332646 0.5 0.6875 0.6104854 0.7332646 0.5 0.6875 0.6104854 0.7332646 0.65625 0.84375 0.6104854 0.7332646 0.65625 0.84375 0.6104854 0.9542354 0.65625 0.84375 0.6104854 0.9542354 0.5 1 0.6104854 0.9542354 0.3895146 0.9542354 0.5 1 0.5 1 0.34375 0.84375 0.3895146 0.9542354 0.3895146 0.9542354 0.3895146 0.7332646 0.34375 0.84375 0.34375 0.84375 0.5 0.6875 0.3895146 0.7332646 0.3895146 0.7332646 0.5 0.6875 0.6104854 0.7332646 0.5 0.6875 0.6104854 0.7332646 0.65625 0.84375 0.6104854 0.7332646 0.65625 0.84375 0.6104854 0.9542354 0.65625 0.84375 0.6104854 0.7332646 0.65625 0.84375 0.6104854 0.7332646 0.5 0.6875 0.6104854 0.7332646 0.5 0.6875 0.5 0.6875 0.3895146 0.7332646 0.3895146 0.7332646 0.3895146 0.7332646 0.34375 0.84375 0.34375 0.84375 0.34375 0.84375 0.3895146 0.9542354 0.3895146 0.9542354 0.3895146 0.9542354 0.5 1 0.5 1 0.6104854 0.9542354 0.5 1 0.6104854 0.9542354 0.65625 0.84375 0.6104854 0.9542354 0.65625 0.84375 0.5 0.3125 0.5 0.6884399 0.5 0.6884399 0.5625 0.3125 0.5625 0.6884399 0.5625 0.3125 0.6104854 0.04576456 0.65625 0.15625 0.6104854 0.04576456 0.6104854 0.2667354 0.65625 0.15625 0.65625 0.15625 0.3895146 0.2667354 0.34375 0.15625 0.3895146 0.2667354 0.3895146 0.04576456 0.34375 0.15625 0.34375 0.15625 0.5 0 0.3895146 0.04576456 0.3895146 0.04576456 0.5 0 0.6104854 0.04576456 0.5 0 0.3895146 0.7332646 0.3895146 0.7332646 0.3895146 0.7332646 0.6104854 0.7332646 0.6104854 0.7332646 0.6104854 0.7332646 0.3895146 0.7332646 0.3895146 0.7332646 0.3895146 0.7332646 0.6104854 0.7332646 0.6104854 0.7332646 0.6104854 0.7332646 0.5 0.6875 0.3895146 0.7332646 0.5 0.6875 0.3895146 0.7332646 0.3895146 0.7332646 0.3895146 0.7332646 0.6104854 0.7332646 0.6104854 0.7332646 0.6104854 0.7332646 0.5 0.6875 0.6104854 0.7332646 0.6104854 0.7332646 0.6104854 0.7332646 0.6104854 0.7332646 0.6104854 0.7332646 0.3895146 0.7332646 0.3895146 0.7332646 0.3895146 0.7332646 0.40625 0.3125 0.375 0.3398284 0.375 0.3125 0.4375 0.3125 0.40625 0.3398284 0.40625 0.3125 0.4375 0.3125 0.46875 0.3398284 0.4375 0.3398284 0.46875 0.3125 0.5 0.3398284 0.46875 0.3398284 0.5 0.3125 0.53125 0.3398284 0.5 0.3398284 0.53125 0.3125 0.5625 0.3398284 0.53125 0.3398284 0.5625 0.3125 0.59375 0.3398284 0.5625 0.3398284 0.625 0.3125 0.59375 0.3398284 0.59375 0.3125 0.5 0 0.6104854 0.04576456 0.5 0.15 0.3895146 0.04576456 0.5 0 0.5 0.15 0.34375 0.15625 0.3895146 0.04576456 0.5 0.15 0.3895146 0.2667354 0.34375 0.15625 0.5 0.15 0.5 0.3125 0.3895146 0.2667354 0.5 0.15 0.6104854 0.2667354 0.5 0.3125 0.5 0.15 0.65625 0.15625 0.6104854 0.2667354 0.5 0.15 0.6104854 0.04576456 0.65625 0.15625 0.5 0.15 0.6104854 0.9542354 0.5 1 0.5 0.8375 0.5 1 0.3895146 0.9542354 0.5 0.8375 0.3895146 0.9542354 0.34375 0.84375 0.5 0.8375 0.34375 0.84375 0.3895146 0.7332646 0.5 0.8375 0.3895146 0.7332646 0.5 0.6875 0.5 0.8375 0.5 0.6875 0.6104854 0.7332646 0.5 0.8375 0.6104854 0.7332646 0.65625 0.84375 0.5 0.8375 0.65625 0.84375 0.6104854 0.9542354 0.5 0.8375 0.5 1 0.6104854 0.9542354 0.6104854 0.9542354 0.5 1 0.3895146 0.9542354 0.5 1 0.3895146 0.9542354 0.34375 0.84375 0.3895146 0.9542354 0.34375 0.84375 0.3895146 0.7332646 0.34375 0.84375 0.3895146 0.7332646 0.5 0.6875 0.3895146 0.7332646 0.6104854 0.7332646 0.5 0.6875 0.5 0.6875 0.65625 0.84375 0.6104854 0.7332646 0.6104854 0.7332646 0.6104854 0.9542354 0.65625 0.84375 0.65625 0.84375 0.59375 0.4382487 0.5625 0.5637217 0.5625 0.4382487 0.5625 0.4382487 0.53125 0.5637217 0.53125 0.4382487 0.5 0.4382487 0.53125 0.5637217 0.5 0.5637217 0.46875 0.4382487 0.5 0.5637217 0.46875 0.5637217 0.4375 0.4382487 0.46875 0.5637217 0.4375 0.5637217 0.40625 0.4382487 0.4375 0.5637217 0.40625 0.5637217 0.40625 0.4382487 0.375 0.5637217 0.375 0.4382487 0.625 0.4382487 0.59375 0.5637217 0.59375 0.4382487 0.59375 0.5637217 0.5625 0.6884399 0.5625 0.5637217 0.53125 0.5637217 0.5625 0.6884399 0.53125 0.6884399 0.5 0.5637217 0.53125 0.6884399 0.5 0.6884399 0.46875 0.5637217 0.5 0.6884399 0.46875 0.6884399 0.4375 0.5637217 0.46875 0.6884399 0.4375 0.6884399 0.4375 0.5637217 0.40625 0.6884399 0.40625 0.5637217 0.40625 0.5637217 0.375 0.6884399 0.375 0.5637217 0.625 0.5637217 0.59375 0.6884399 0.59375 0.5637217 0.34375 0.84375 0.3895146 0.7332646 0.34375 0.84375 0.34375 0.84375 0.3895146 0.9542354 0.3895146 0.9542354 0.3895146 0.9542354 0.5 1 0.5 1 0.5 1 0.6104854 0.9542354 0.6104854 0.9542354 0.6104854 0.9542354 0.65625 0.84375 0.65625 0.84375 0.6104854 0.7332646 0.65625 0.84375 0.6104854 0.7332646 0.5 0.6875 0.6104854 0.7332646 0.5 0.6875 0.3895146 0.7332646 0.5 0.6875 0.3895146 0.7332646 0.5 1 0.3895146 0.9542354 0.5 1 0.3895146 0.9542354 0.3895146 0.9542354 0.3895146 0.9542354 0.5 1 0.3895146 0.9542354 0.3895146 0.9542354 0.5 1 0.6104854 0.9542354 0.6104854 0.9542354 0.5 1 0.6104854 0.9542354 0.5 1 0.6104854 0.9542354 0.6104854 0.9542354 0.6104854 0.9542354 0.4375 0.3398284 0.40625 0.4382487 0.40625 0.3398284 0.375 0.3398284 0.40625 0.4382487 0.375 0.4382487 0.59375 0.3398284 0.625 0.4382487 0.59375 0.4382487 0.5625 0.3398284 0.59375 0.4382487 0.5625 0.4382487 0.53125 0.3398284 0.5625 0.4382487 0.53125 0.4382487 0.5 0.3398284 0.53125 0.4382487 0.5 0.4382487 0.5 0.3398284 0.46875 0.4382487 0.46875 0.3398284 0.46875 0.3398284 0.4375 0.4382487 0.4375 0.3398284 0.6104854 0.04576456 0.5 0 0.5 0 0.5 0 0.3895146 0.04576456 0.3895146 0.04576456 0.3895146 0.04576456 0.34375 0.15625 0.34375 0.15625 0.34375 0.15625 0.3895146 0.2667354 0.3895146 0.2667354 0.3895146 0.2667354 0.5 0.3125 0.5 0.3125 0.5 0.3125 0.6104854 0.2667354 0.6104854 0.2667354 0.6104854 0.2667354 0.65625 0.15625 0.65625 0.15625 0.65625 0.15625 0.6104854 0.04576456 0.6104854 0.04576456 0.40625 0.3125 0.375 0.6884399 0.375 0.3125 0.40625 0.3125 0.4375 0.6884399 0.40625 0.6884399 0.4375 0.3125 0.46875 0.6884399 0.4375 0.6884399 0.46875 0.3125 0.5 0.6884399 0.46875 0.6884399 0.5 0.3125 0.53125 0.6884399 0.5 0.6884399 0.5625 0.3125 0.53125 0.6884399 0.53125 0.3125 0.59375 0.3125 0.5625 0.6884399 0.5625 0.3125 0.625 0.3125 0.59375 0.6884399 0.59375 0.3125 0.34375 0.15625 0.3895146 0.04576456 0.6104854 0.04576456 0.5 0.6875 0.6104854 0.7332646 0.34375 0.84375 0.6104854 0.9542354 0.5 1 0.6104854 0.9542354 0.5 1 0.3895146 0.9542354 0.5 1 0.34375 0.84375 0.3895146 0.9542354 0.3895146 0.9542354 0.3895146 0.7332646 0.34375 0.84375 0.34375 0.84375 0.5 0.6875 0.3895146 0.7332646 0.3895146 0.7332646 0.6104854 0.7332646 0.5 0.6875 0.5 0.6875 0.6104854 0.7332646 0.65625 0.84375 0.6104854 0.7332646 0.65625 0.84375 0.6104854 0.9542354 0.65625 0.84375 0.5 1 0.6104854 0.9542354 0.6104854 0.9542354 0.5 1 0.3895146 0.9542354 0.5 1 0.3895146 0.9542354 0.34375 0.84375 0.3895146 0.9542354 0.34375 0.84375 0.3895146 0.7332646 0.34375 0.84375 0.3895146 0.7332646 0.5 0.6875 0.3895146 0.7332646 0.6104854 0.7332646 0.5 0.6875 0.5 0.6875 0.65625 0.84375 0.6104854 0.7332646 0.6104854 0.7332646 0.6104854 0.9542354 0.65625 0.84375 0.65625 0.84375 0.65625 0.84375 0.6104854 0.7332646 0.6104854 0.7332646 0.6104854 0.7332646 0.5 0.6875 0.5 0.6875 0.5 0.6875 0.3895146 0.7332646 0.3895146 0.7332646 0.3895146 0.7332646 0.34375 0.84375 0.34375 0.84375 0.3895146 0.9542354 0.34375 0.84375 0.3895146 0.9542354 0.5 1 0.3895146 0.9542354 0.5 1 0.6104854 0.9542354 0.5 1 0.6104854 0.9542354 0.65625 0.84375 0.6104854 0.9542354 0.65625 0.84375 0.65625 0.84375 0.6104854 0.7332646 0.6104854 0.7332646 0.6104854 0.7332646 0.5 0.6875 0.5 0.6875 0.3895146 0.7332646 0.5 0.6875 0.3895146 0.7332646 0.34375 0.84375 0.3895146 0.7332646 0.34375 0.84375 0.3895146 0.9542354 0.34375 0.84375 0.3895146 0.9542354 0.5 1 0.3895146 0.9542354 0.5 1 0.5 1 0.6104854 0.9542354 0.6104854 0.9542354 0.6104854 0.9542354 0.65625 0.84375 0.65625 0.84375 0.4375 0.3125 0.4375 0.6884399 0.4375 0.3125 0.40625 0.3125 0.40625 0.6884399 0.40625 0.6884399 0.65625 0.15625 0.6104854 0.04576456 0.6104854 0.04576456 0.6104854 0.2667354 0.65625 0.15625 0.65625 0.15625 0.5 0.3125 0.6104854 0.2667354 0.6104854 0.2667354 0.5 0.3125 0.3895146 0.2667354 0.5 0.3125 0.3895146 0.2667354 0.34375 0.15625 0.3895146 0.2667354 0.34375 0.15625 0.3895146 0.04576456 0.34375 0.15625 0.5 0 0.6104854 0.04576456 0.5 0 0.5 1 0.6104854 0.9542354 0.6104854 0.9542354 0.6104854 0.9542354 0.6104854 0.9542354 0.6104854 0.9542354 0.3895146 0.9542354 0.3895146 0.9542354 0.3895146 0.9542354 0.6104854 0.9542354 0.6104854 0.9542354 0.6104854 0.9542354 0.3895146 0.9542354 0.3895146 0.9542354 0.3895146 0.9542354 0.3895146 0.9542354 0.3895146 0.9542354 0.3895146 0.9542354 0.5 1 0.3895146 0.9542354 0.3895146 0.9542354 0.5 1 0.6104854 0.9542354 0.5 1 0.6104854 0.9542354 0.6104854 0.9542354 0.6104854 0.9542354 0.3895146 0.9542354 0.3895146 0.9542354 0.3895146 0.9542354 0.6104854 0.9542354 0.6104854 0.9542354 0.6104854 0.9542354 0.40625 0.3125 0.375 0.6884399 0.375 0.3125 0.4375 0.3125 0.40625 0.6884399 0.40625 0.3125 0.46875 0.3125 0.4375 0.6884399 0.4375 0.3125 0.5 0.3125 0.46875 0.6884399 0.46875 0.3125 0.5 0.3125 0.53125 0.6884399 0.5 0.6884399 0.53125 0.3125 0.5625 0.6884399 0.53125 0.6884399 0.5625 0.3125 0.59375 0.6884399 0.5625 0.6884399 0.59375 0.3125 0.625 0.6884399 0.59375 0.6884399 0.3895146 0.04576456 0.5 0 0.65625 0.15625 0.5 1 0.6104854 0.9542354 0.6104854 0.9542354 0.3895146 0.9542354 0.5 1 0.5 1 0.3895146 0.9542354 0.34375 0.84375 0.3895146 0.9542354 0.34375 0.84375 0.3895146 0.7332646 0.34375 0.84375 0.3895146 0.7332646 0.5 0.6875 0.3895146 0.7332646 0.5 0.6875 0.6104854 0.7332646 0.5 0.6875 0.65625 0.84375 0.6104854 0.7332646 0.6104854 0.7332646 0.6104854 0.9542354 0.65625 0.84375 0.65625 0.84375 0.5 1 0.6104854 0.9542354 0.6104854 0.9542354 0.5 1 0.3895146 0.9542354 0.5 1 0.3895146 0.9542354 0.34375 0.84375 0.3895146 0.9542354 0.34375 0.84375 0.3895146 0.7332646 0.34375 0.84375 0.3895146 0.7332646 0.5 0.6875 0.3895146 0.7332646 0.6104854 0.7332646 0.5 0.6875 0.5 0.6875 0.65625 0.84375 0.6104854 0.7332646 0.6104854 0.7332646 0.6104854 0.9542354 0.65625 0.84375 0.65625 0.84375 0.6104854 0.7332646 0.65625 0.84375 0.6104854 0.7332646 0.5 0.6875 0.6104854 0.7332646 0.5 0.6875 0.5 0.6875 0.3895146 0.7332646 0.3895146 0.7332646 0.3895146 0.7332646 0.34375 0.84375 0.34375 0.84375 0.34375 0.84375 0.3895146 0.9542354 0.3895146 0.9542354 0.3895146 0.9542354 0.5 1 0.5 1 0.6104854 0.9542354 0.5 1 0.6104854 0.9542354 0.65625 0.84375 0.6104854 0.9542354 0.65625 0.84375 0.6104854 0.7332646 0.65625 0.84375 0.6104854 0.7332646 0.5 0.6875 0.6104854 0.7332646 0.5 0.6875 0.5 0.6875 0.3895146 0.7332646 0.3895146 0.7332646 0.3895146 0.7332646 0.34375 0.84375 0.34375 0.84375 0.34375 0.84375 0.3895146 0.9542354 0.3895146 0.9542354 0.3895146 0.9542354 0.5 1 0.5 1 0.6104854 0.9542354 0.5 1 0.6104854 0.9542354 0.65625 0.84375 0.6104854 0.9542354 0.65625 0.84375 0.6104854 0.7332646 0.65625 0.84375 0.6104854 0.7332646 0.5 0.6875 0.6104854 0.7332646 0.5 0.6875 0.5 0.6875 0.3895146 0.7332646 0.3895146 0.7332646 0.3895146 0.7332646 0.34375 0.84375 0.34375 0.84375 0.34375 0.84375 0.3895146 0.9542354 0.3895146 0.9542354 0.3895146 0.9542354 0.5 1 0.5 1 0.6104854 0.9542354 0.5 1 0.6104854 0.9542354 0.65625 0.84375 0.6104854 0.9542354 0.65625 0.84375 0.6104854 0.7332646 0.65625 0.84375 0.3895146 0.9542354 0.5 0.3125 0.5 0.6884399 0.5 0.6884399 0.5625 0.3125 0.5625 0.6884399 0.5625 0.3125 0.6104854 0.04576456 0.65625 0.15625 0.6104854 0.04576456 0.6104854 0.2667354 0.65625 0.15625 0.65625 0.15625 0.3895146 0.2667354 0.34375 0.15625 0.3895146 0.2667354 0.3895146 0.04576456 0.34375 0.15625 0.34375 0.15625 0.5 0 0.3895146 0.04576456 0.3895146 0.04576456 0.6104854 0.04576456 0.5 0 0.5 0 0.3895146 0.7332646 0.3895146 0.7332646 0.3895146 0.7332646 0.6104854 0.7332646 0.6104854 0.7332646 0.6104854 0.7332646 0.3895146 0.7332646 0.3895146 0.7332646 0.3895146 0.7332646 0.6104854 0.7332646 0.6104854 0.7332646 0.6104854 0.7332646 0.6104854 0.7332646 0.6104854 0.7332646 0.6104854 0.7332646 0.3895146 0.7332646 0.3895146 0.7332646 0.3895146 0.7332646 0.6104854 0.7332646 0.6104854 0.7332646 0.6104854 0.7332646 0.5 0.6875 0.6104854 0.7332646 0.6104854 0.7332646 0.5 0.6875 0.3895146 0.7332646 0.5 0.6875 0.3895146 0.7332646 0.3895146 0.7332646 0.3895146 0.7332646 0.6104854 0.7332646 0.6104854 0.7332646 0.6104854 0.7332646 0.3895146 0.7332646 0.3895146 0.7332646 0.3895146 0.7332646 0.40625 0.3125 0.375 0.6884399 0.375 0.3125 0.40625 0.3125 0.4375 0.6884399 0.40625 0.6884399 0.4375 0.3125 0.46875 0.6884399 0.4375 0.6884399 0.46875 0.3125 0.5 0.6884399 0.46875 0.6884399 0.5 0.3125 0.53125 0.6884399 0.5 0.6884399 0.5625 0.3125 0.53125 0.6884399 0.53125 0.3125 0.59375 0.3125 0.5625 0.6884399 0.5625 0.3125 0.625 0.3125 0.59375 0.6884399 0.59375 0.3125 0.34375 0.15625 0.3895146 0.04576456 0.6104854 0.04576456 0.65625 0.84375 0.3895146 0.7332646 0.6104854 0.7332646 0.5 1 0.6104854 0.9542354 0.6104854 0.9542354 0.5 1 0.3895146 0.9542354 0.5 1 0.3895146 0.9542354 0.34375 0.84375 0.3895146 0.9542354 0.34375 0.84375 0.3895146 0.7332646 0.34375 0.84375 0.3895146 0.7332646 0.5 0.6875 0.3895146 0.7332646 0.6104854 0.7332646 0.5 0.6875 0.5 0.6875 0.65625 0.84375 0.6104854 0.7332646 0.6104854 0.7332646 0.6104854 0.9542354 0.65625 0.84375 0.65625 0.84375 0.5 1 0.6104854 0.9542354 0.6104854 0.9542354 0.3895146 0.9542354 0.5 1 0.5 1 0.34375 0.84375 0.3895146 0.9542354 0.3895146 0.9542354 0.34375 0.84375 0.3895146 0.7332646 0.34375 0.84375 0.3895146 0.7332646 0.5 0.6875 0.3895146 0.7332646 0.6104854 0.7332646 0.5 0.6875 0.5 0.6875 0.65625 0.84375 0.6104854 0.7332646 0.6104854 0.7332646 0.6104854 0.9542354 0.65625 0.84375 0.65625 0.84375 0.5 1 0.6104854 0.9542354 0.6104854 0.9542354 0.5 1 0.3895146 0.9542354 0.5 1 0.3895146 0.9542354 0.34375 0.84375 0.3895146 0.9542354 0.34375 0.84375 0.3895146 0.7332646 0.34375 0.84375 0.3895146 0.7332646 0.5 0.6875 0.3895146 0.7332646 0.6104854 0.7332646 0.5 0.6875 0.5 0.6875 0.65625 0.84375 0.6104854 0.7332646 0.6104854 0.7332646 0.6104854 0.9542354 0.65625 0.84375 0.65625 0.84375 0.375 0.3125 0.375 0.6884399 0.375 0.6884399 0.4375 0.3125 0.4375 0.6884399 0.4375 0.3125 0.6104854 0.04576456 0.65625 0.15625 0.6104854 0.04576456 0.6104854 0.2667354 0.65625 0.15625 0.65625 0.15625 0.5 0.3125 0.6104854 0.2667354 0.6104854 0.2667354 0.5 0.3125 0.3895146 0.2667354 0.5 0.3125 0.3895146 0.2667354 0.34375 0.15625 0.3895146 0.2667354 0.3895146 0.04576456 0.34375 0.15625 0.34375 0.15625 0.6104854 0.9542354 0.6104854 0.9542354 0.6104854 0.9542354 0.3895146 0.9542354 0.3895146 0.9542354 0.3895146 0.9542354 0.6104854 0.9542354 0.6104854 0.9542354 0.6104854 0.9542354 0.3895146 0.9542354 0.3895146 0.9542354 0.3895146 0.9542354 0.5 1 0.6104854 0.9542354 0.5 1 0.6104854 0.9542354 0.6104854 0.9542354 0.6104854 0.9542354 0.3895146 0.9542354 0.3895146 0.9542354 0.3895146 0.9542354 0.5 1 0.3895146 0.9542354 0.3895146 0.9542354 0.40625 0.3125 0.375 0.6884399 0.375 0.3125 0.40625 0.3125 0.4375 0.6884399 0.40625 0.6884399 0.4375 0.3125 0.46875 0.6884399 0.4375 0.6884399 0.46875 0.3125 0.5 0.6884399 0.46875 0.6884399 0.5 0.3125 0.53125 0.6884399 0.5 0.6884399 0.5625 0.3125 0.53125 0.6884399 0.53125 0.3125 0.59375 0.3125 0.5625 0.6884399 0.5625 0.3125 0.625 0.3125 0.59375 0.6884399 0.59375 0.3125 0.34375 0.15625 0.3895146 0.04576456 0.65625 0.15625 0.6104854 0.7332646 0.65625 0.84375 0.34375 0.84375 0.6104854 0.9542354 0.5 1 0.6104854 0.9542354 0.3895146 0.9542354 0.5 1 0.5 1 0.34375 0.84375 0.3895146 0.9542354 0.3895146 0.9542354 0.3895146 0.7332646 0.34375 0.84375 0.34375 0.84375 0.5 0.6875 0.3895146 0.7332646 0.3895146 0.7332646 0.5 0.6875 0.6104854 0.7332646 0.5 0.6875 0.6104854 0.7332646 0.65625 0.84375 0.6104854 0.7332646 0.65625 0.84375 0.6104854 0.9542354 0.65625 0.84375 0.5 1 0.6104854 0.9542354 0.6104854 0.9542354 0.5 1 0.3895146 0.9542354 0.5 1 0.3895146 0.9542354 0.34375 0.84375 0.3895146 0.9542354 0.34375 0.84375 0.3895146 0.7332646 0.34375 0.84375 0.3895146 0.7332646 0.5 0.6875 0.3895146 0.7332646 0.6104854 0.7332646 0.5 0.6875 0.5 0.6875 0.65625 0.84375 0.6104854 0.7332646 0.6104854 0.7332646 0.6104854 0.9542354 0.65625 0.84375 0.65625 0.84375 0.65625 0.84375 0.6104854 0.7332646 0.6104854 0.7332646 0.6104854 0.7332646 0.5 0.6875 0.5 0.6875 0.3895146 0.7332646 0.5 0.6875 0.3895146 0.7332646 0.34375 0.84375 0.3895146 0.7332646 0.34375 0.84375 0.3895146 0.9542354 0.34375 0.84375 0.3895146 0.9542354 0.5 1 0.3895146 0.9542354 0.5 1 0.5 1 0.6104854 0.9542354 0.6104854 0.9542354 0.6104854 0.9542354 0.65625 0.84375 0.65625 0.84375 0.65625 0.84375 0.6104854 0.7332646 0.6104854 0.7332646 0.6104854 0.7332646 0.5 0.6875 0.5 0.6875 0.3895146 0.7332646 0.5 0.6875 0.3895146 0.7332646 0.34375 0.84375 0.3895146 0.7332646 0.34375 0.84375 0.3895146 0.9542354 0.34375 0.84375 0.3895146 0.9542354 0.5 1 0.3895146 0.9542354 0.5 1 0.5 1 0.6104854 0.9542354 0.6104854 0.9542354 0.6104854 0.9542354 0.65625 0.84375 0.65625 0.84375 0.375 0.3125 0.375 0.6884399 0.375 0.6884399 0.4375 0.3125 0.4375 0.6884399 0.4375 0.3125 0.6104854 0.04576456 0.65625 0.15625 0.6104854 0.04576456 0.6104854 0.2667354 0.65625 0.15625 0.65625 0.15625 0.5 0.3125 0.6104854 0.2667354 0.6104854 0.2667354 0.5 0.3125 0.3895146 0.2667354 0.5 0.3125 0.3895146 0.2667354 0.34375 0.15625 0.3895146 0.2667354 0.3895146 0.04576456 0.34375 0.15625 0.34375 0.15625 0.3895146 0.9542354 0.34375 0.84375 0.3895146 0.9542354 0.34375 0.84375 0.3895146 0.7332646 0.34375 0.84375 0.3895146 0.7332646 0.5 0.6875 0.3895146 0.7332646 0.6104854 0.7332646 0.5 0.6875 0.5 0.6875 0.65625 0.84375 0.6104854 0.7332646 0.6104854 0.7332646 0.6104854 0.9542354 0.65625 0.84375 0.65625 0.84375 0.6104854 0.9542354 0.6104854 0.9542354 0.6104854 0.9542354 0.3895146 0.9542354 0.3895146 0.9542354 0.3895146 0.9542354 0.6104854 0.9542354 0.6104854 0.9542354 0.6104854 0.9542354 0.3895146 0.9542354 0.3895146 0.9542354 0.3895146 0.9542354 0.3895146 0.9542354 0.3895146 0.9542354 0.3895146 0.9542354 0.6104854 0.9542354 0.6104854 0.9542354 0.6104854 0.9542354 0.3895146 0.9542354 0.3895146 0.9542354 0.3895146 0.9542354 0.6104854 0.9542354 0.6104854 0.9542354 0.6104854 0.9542354 0.375 0.3125 0.40625 0.6884399 0.375 0.6884399 0.40625 0.3125 0.4375 0.6884399 0.40625 0.6884399 0.46875 0.3125 0.4375 0.6884399 0.4375 0.3125 0.5 0.3125 0.46875 0.6884399 0.46875 0.3125 0.53125 0.3125 0.5 0.6884399 0.5 0.3125 0.5625 0.3125 0.53125 0.6884399 0.53125 0.3125 0.5625 0.3125 0.59375 0.6884399 0.5625 0.6884399 0.59375 0.3125 0.625 0.6884399 0.59375 0.6884399 0.34375 0.15625 0.3895146 0.04576456 0.5 0 0.6104854 0.9542354 0.5 1 0.6104854 0.9542354 0.5 1 0.3895146 0.9542354 0.5 1 0.3895146 0.9542354 0.34375 0.84375 0.3895146 0.9542354 0.34375 0.84375 0.3895146 0.7332646 0.34375 0.84375 0.5 0.6875 0.3895146 0.7332646 0.3895146 0.7332646 0.6104854 0.7332646 0.5 0.6875 0.5 0.6875 0.65625 0.84375 0.6104854 0.7332646 0.6104854 0.7332646 0.6104854 0.9542354 0.65625 0.84375 0.65625 0.84375 0.5 1 0.6104854 0.9542354 0.6104854 0.9542354 0.5 1 0.3895146 0.9542354 0.5 1 0.3895146 0.9542354 0.34375 0.84375 0.3895146 0.9542354 0.34375 0.84375 0.3895146 0.7332646 0.34375 0.84375 0.3895146 0.7332646 0.5 0.6875 0.3895146 0.7332646 0.6104854 0.7332646 0.5 0.6875 0.5 0.6875 0.65625 0.84375 0.6104854 0.7332646 0.6104854 0.7332646 0.6104854 0.9542354 0.65625 0.84375 0.65625 0.84375 0.6104854 0.7332646 0.65625 0.84375 0.6104854 0.7332646 0.5 0.6875 0.6104854 0.7332646 0.5 0.6875 0.5 0.6875 0.3895146 0.7332646 0.3895146 0.7332646 0.3895146 0.7332646 0.34375 0.84375 0.34375 0.84375 0.34375 0.84375 0.3895146 0.9542354 0.3895146 0.9542354 0.3895146 0.9542354 0.5 1 0.5 1 0.6104854 0.9542354 0.5 1 0.6104854 0.9542354 0.65625 0.84375 0.6104854 0.9542354 0.65625 0.84375 0.6104854 0.7332646 0.65625 0.84375 0.6104854 0.7332646 0.5 0.6875 0.6104854 0.7332646 0.5 0.6875 0.5 0.6875 0.3895146 0.7332646 0.3895146 0.7332646 0.3895146 0.7332646 0.34375 0.84375 0.34375 0.84375 0.34375 0.84375 0.3895146 0.9542354 0.3895146 0.9542354 0.3895146 0.9542354 0.5 1 0.5 1 0.6104854 0.9542354 0.5 1 0.6104854 0.9542354 0.65625 0.84375 0.6104854 0.9542354 0.65625 0.84375 0.6104854 0.7332646 0.65625 0.84375 0.6104854 0.7332646 0.5 0.6875 0.6104854 0.7332646 0.5 0.6875 0.5 0.6875 0.3895146 0.7332646 0.3895146 0.7332646 0.3895146 0.7332646 0.34375 0.84375 0.34375 0.84375 0.34375 0.84375 0.3895146 0.9542354 0.3895146 0.9542354 0.3895146 0.9542354 0.5 1 0.5 1 0.6104854 0.9542354 0.5 1 0.6104854 0.9542354 0.65625 0.84375 0.6104854 0.9542354 0.65625 0.84375 0.65625 0.84375 0.6104854 0.9542354 0.3895146 0.7332646 0.5 0.3125 0.5 0.6884399 0.5 0.6884399 0.5625 0.3125 0.5625 0.6884399 0.5625 0.3125 0.6104854 0.04576456 0.65625 0.15625 0.6104854 0.04576456 0.6104854 0.2667354 0.65625 0.15625 0.65625 0.15625 0.3895146 0.2667354 0.34375 0.15625 0.3895146 0.2667354 0.3895146 0.04576456 0.34375 0.15625 0.34375 0.15625 0.3895146 0.04576456 0.5 0 0.3895146 0.04576456 0.5 0 0.6104854 0.04576456 0.5 0 0.3895146 0.7332646 0.3895146 0.7332646 0.3895146 0.7332646 0.6104854 0.7332646 0.6104854 0.7332646 0.6104854 0.7332646 0.3895146 0.7332646 0.3895146 0.7332646 0.3895146 0.7332646 0.6104854 0.7332646 0.6104854 0.7332646 0.6104854 0.7332646 0.6104854 0.7332646 0.6104854 0.7332646 0.6104854 0.7332646 0.3895146 0.7332646 0.3895146 0.7332646 0.3895146 0.7332646 0.6104854 0.7332646 0.6104854 0.7332646 0.6104854 0.7332646 0.5 0.6875 0.6104854 0.7332646 0.6104854 0.7332646 0.5 0.6875 0.3895146 0.7332646 0.5 0.6875 0.3895146 0.7332646 0.3895146 0.7332646 0.3895146 0.7332646 0.6104854 0.7332646 0.6104854 0.7332646 0.6104854 0.7332646 0.3895146 0.7332646 0.3895146 0.7332646 0.3895146 0.7332646 0.40625 0.3125 0.375 0.6884399 0.375 0.3125 0.40625 0.3125 0.4375 0.6884399 0.40625 0.6884399 0.4375 0.3125 0.46875 0.6884399 0.4375 0.6884399 0.46875 0.3125 0.5 0.6884399 0.46875 0.6884399 0.5 0.3125 0.53125 0.6884399 0.5 0.6884399 0.5625 0.3125 0.53125 0.6884399 0.53125 0.3125 0.59375 0.3125 0.5625 0.6884399 0.5625 0.3125 0.625 0.3125 0.59375 0.6884399 0.59375 0.3125 0.34375 0.15625 0.3895146 0.04576456 0.6104854 0.04576456 0.65625 0.84375 0.3895146 0.7332646 0.6104854 0.7332646 0.5 1 0.6104854 0.9542354 0.6104854 0.9542354 0.3895146 0.9542354 0.5 1 0.5 1 0.34375 0.84375 0.3895146 0.9542354 0.3895146 0.9542354 0.3895146 0.7332646 0.34375 0.84375 0.34375 0.84375 0.3895146 0.7332646 0.5 0.6875 0.3895146 0.7332646 0.5 0.6875 0.6104854 0.7332646 0.5 0.6875 0.6104854 0.7332646 0.65625 0.84375 0.6104854 0.7332646 0.65625 0.84375 0.6104854 0.9542354 0.65625 0.84375 0.5 1 0.6104854 0.9542354 0.6104854 0.9542354 0.5 1 0.3895146 0.9542354 0.5 1 0.3895146 0.9542354 0.34375 0.84375 0.3895146 0.9542354 0.34375 0.84375 0.3895146 0.7332646 0.34375 0.84375 0.3895146 0.7332646 0.5 0.6875 0.3895146 0.7332646 0.6104854 0.7332646 0.5 0.6875 0.5 0.6875 0.65625 0.84375 0.6104854 0.7332646 0.6104854 0.7332646 0.6104854 0.9542354 0.65625 0.84375 0.65625 0.84375 0.5 1 0.6104854 0.9542354 0.6104854 0.9542354 0.5 1 0.3895146 0.9542354 0.5 1 0.3895146 0.9542354 0.34375 0.84375 0.3895146 0.9542354 0.34375 0.84375 0.3895146 0.7332646 0.34375 0.84375 0.3895146 0.7332646 0.5 0.6875 0.3895146 0.7332646 0.6104854 0.7332646 0.5 0.6875 0.5 0.6875 0.65625 0.84375 0.6104854 0.7332646 0.6104854 0.7332646 0.6104854 0.9542354 0.65625 0.84375 0.65625 0.84375 0.65625 0.84375 0.6104854 0.7332646 0.6104854 0.7332646 0.6104854 0.7332646 0.5 0.6875 0.5 0.6875 0.3895146 0.7332646 0.5 0.6875 0.3895146 0.7332646 0.34375 0.84375 0.3895146 0.7332646 0.34375 0.84375 0.3895146 0.9542354 0.34375 0.84375 0.3895146 0.9542354 0.5 1 0.3895146 0.9542354 0.5 1 0.5 1 0.6104854 0.9542354 0.6104854 0.9542354 0.6104854 0.9542354 0.65625 0.84375 0.65625 0.84375 0.6104854 0.7332646 0.65625 0.84375 0.6104854 0.7332646 0.5 0.6875 0.6104854 0.7332646 0.5 0.6875 0.5 0.6875 0.3895146 0.7332646 0.3895146 0.7332646 0.3895146 0.7332646 0.34375 0.84375 0.34375 0.84375 0.34375 0.84375 0.3895146 0.9542354 0.3895146 0.9542354 0.3895146 0.9542354 0.5 1 0.5 1 0.6104854 0.9542354 0.5 1 0.6104854 0.9542354 0.65625 0.84375 0.6104854 0.9542354 0.65625 0.84375 0.5 0.6875 0.6104854 0.7332646 0.5 0.6875 0.3895146 0.7332646 0.5 0.6875 0.3895146 0.7332646 0.34375 0.84375 0.3895146 0.7332646 0.34375 0.84375 0.34375 0.84375 0.3895146 0.9542354 0.3895146 0.9542354 0.3895146 0.9542354 0.5 1 0.5 1 0.5 1 0.6104854 0.9542354 0.6104854 0.9542354 0.6104854 0.9542354 0.65625 0.84375 0.65625 0.84375 0.6104854 0.7332646 0.65625 0.84375 0.6104854 0.7332646 0.375 0.3125 0.375 0.6884399 0.375 0.6884399 0.4375 0.3125 0.4375 0.6884399 0.4375 0.3125 0.6104854 0.04576456 0.65625 0.15625 0.6104854 0.04576456 0.6104854 0.2667354 0.65625 0.15625 0.65625 0.15625 0.5 0.3125 0.6104854 0.2667354 0.6104854 0.2667354 0.5 0.3125 0.3895146 0.2667354 0.5 0.3125 0.3895146 0.2667354 0.34375 0.15625 0.3895146 0.2667354 0.3895146 0.04576456 0.34375 0.15625 0.34375 0.15625 0.6104854 0.9542354 0.6104854 0.9542354 0.6104854 0.9542354 0.3895146 0.9542354 0.3895146 0.9542354 0.3895146 0.9542354 0.6104854 0.9542354 0.6104854 0.9542354 0.6104854 0.9542354 0.3895146 0.9542354 0.3895146 0.9542354 0.3895146 0.9542354 0.6104854 0.9542354 0.6104854 0.9542354 0.6104854 0.9542354 0.3895146 0.9542354 0.3895146 0.9542354 0.3895146 0.9542354 0.3895146 0.9542354 0.3895146 0.9542354 0.3895146 0.9542354 0.6104854 0.9542354 0.6104854 0.9542354 0.6104854 0.9542354 0.3895146 0.9542354 0.3895146 0.9542354 0.3895146 0.9542354 0.6104854 0.9542354 0.6104854 0.9542354 0.6104854 0.9542354 0.3895146 0.9542354 0.3895146 0.9542354 0.3895146 0.9542354 0.5 1 0.3895146 0.9542354 0.3895146 0.9542354 0.5 1 0.6104854 0.9542354 0.5 1 0.6104854 0.9542354 0.6104854 0.9542354 0.6104854 0.9542354 0.375 0.3125 0.40625 0.6884399 0.375 0.6884399 0.4375 0.3125 0.40625 0.6884399 0.40625 0.3125 0.46875 0.3125 0.4375 0.6884399 0.4375 0.3125 0.5 0.3125 0.46875 0.6884399 0.46875 0.3125 0.53125 0.3125 0.5 0.6884399 0.5 0.3125 0.53125 0.3125 0.5625 0.6884399 0.53125 0.6884399 0.5625 0.3125 0.59375 0.6884399 0.5625 0.6884399 0.59375 0.3125 0.625 0.6884399 0.59375 0.6884399 0.34375 0.15625 0.3895146 0.04576456 0.6104854 0.04576456 0.65625 0.84375 0.5 1 0.34375 0.84375 0.6104854 0.9542354 0.5 1 0.6104854 0.9542354 0.5 1 0.3895146 0.9542354 0.5 1 0.3895146 0.9542354 0.34375 0.84375 0.3895146 0.9542354 0.34375 0.84375 0.3895146 0.7332646 0.34375 0.84375 0.3895146 0.7332646 0.5 0.6875 0.3895146 0.7332646 0.6104854 0.7332646 0.5 0.6875 0.5 0.6875 0.65625 0.84375 0.6104854 0.7332646 0.6104854 0.7332646 0.6104854 0.9542354 0.65625 0.84375 0.65625 0.84375 0.5 1 0.6104854 0.9542354 0.6104854 0.9542354 0.5 1 0.3895146 0.9542354 0.5 1 0.3895146 0.9542354 0.34375 0.84375 0.3895146 0.9542354 0.34375 0.84375 0.3895146 0.7332646 0.34375 0.84375 0.3895146 0.7332646 0.5 0.6875 0.3895146 0.7332646 0.6104854 0.7332646 0.5 0.6875 0.5 0.6875 0.65625 0.84375 0.6104854 0.7332646 0.6104854 0.7332646 0.6104854 0.9542354 0.65625 0.84375 0.65625 0.84375 0.6104854 0.9542354 0.5 1 0.6104854 0.9542354 0.3895146 0.9542354 0.5 1 0.5 1 0.34375 0.84375 0.3895146 0.9542354 0.3895146 0.9542354 0.3895146 0.7332646 0.34375 0.84375 0.34375 0.84375 0.5 0.6875 0.3895146 0.7332646 0.3895146 0.7332646 0.5 0.6875 0.6104854 0.7332646 0.5 0.6875 0.6104854 0.7332646 0.65625 0.84375 0.6104854 0.7332646 0.65625 0.84375 0.6104854 0.9542354 0.65625 0.84375 0.6104854 0.7332646 0.65625 0.84375 0.6104854 0.7332646 0.5 0.6875 0.6104854 0.7332646 0.5 0.6875 0.5 0.6875 0.3895146 0.7332646 0.3895146 0.7332646 0.3895146 0.7332646 0.34375 0.84375 0.34375 0.84375 0.34375 0.84375 0.3895146 0.9542354 0.3895146 0.9542354 0.3895146 0.9542354 0.5 1 0.5 1 0.6104854 0.9542354 0.5 1 0.6104854 0.9542354 0.65625 0.84375 0.6104854 0.9542354 0.65625 0.84375 0.5 0.6875 0.6104854 0.7332646 0.5 0.6875 0.5 0.6875 0.3895146 0.7332646 0.3895146 0.7332646 0.3895146 0.7332646 0.34375 0.84375 0.34375 0.84375 0.34375 0.84375 0.3895146 0.9542354 0.3895146 0.9542354 0.3895146 0.9542354 0.5 1 0.5 1 0.6104854 0.9542354 0.5 1 0.6104854 0.9542354 0.65625 0.84375 0.6104854 0.9542354 0.65625 0.84375 0.6104854 0.7332646 0.65625 0.84375 0.6104854 0.7332646 0.6104854 0.7332646 0.65625 0.84375 0.6104854 0.7332646 0.5 0.6875 0.6104854 0.7332646 0.5 0.6875 0.5 0.6875 0.3895146 0.7332646 0.3895146 0.7332646 0.3895146 0.7332646 0.34375 0.84375 0.34375 0.84375 0.34375 0.84375 0.3895146 0.9542354 0.3895146 0.9542354 0.3895146 0.9542354 0.5 1 0.5 1 0.6104854 0.9542354 0.5 1 0.6104854 0.9542354 0.65625 0.84375 0.6104854 0.9542354 0.65625 0.84375 0.5 0.3125 0.5 0.6884399 0.5 0.6884399 0.5625 0.3125 0.5625 0.6884399 0.5625 0.3125 0.6104854 0.04576456 0.65625 0.15625 0.6104854 0.04576456 0.65625 0.15625 0.6104854 0.2667354 0.65625 0.15625 0.34375 0.15625 0.3895146 0.2667354 0.3895146 0.2667354 0.3895146 0.04576456 0.34375 0.15625 0.34375 0.15625 0.5 0 0.3895146 0.04576456 0.3895146 0.04576456 0.5 0 0.6104854 0.04576456 0.5 0 0.6104854 0.9542354 0.5 1 0.6104854 0.9542354 0.3895146 0.9542354 0.5 1 0.5 1 0.34375 0.84375 0.3895146 0.9542354 0.3895146 0.9542354 0.34375 0.84375 0.3895146 0.7332646 0.34375 0.84375 0.65625 0.84375 0.6104854 0.7332646 0.6104854 0.7332646 0.65625 0.84375 0.6104854 0.9542354 0.65625 0.84375 0.3895146 0.7332646 0.3895146 0.7332646 0.3895146 0.7332646 0.6104854 0.7332646 0.6104854 0.7332646 0.6104854 0.7332646 0.3895146 0.7332646 0.3895146 0.7332646 0.3895146 0.7332646 0.6104854 0.7332646 0.6104854 0.7332646 0.6104854 0.7332646 0.3895146 0.7332646 0.3895146 0.7332646 0.3895146 0.7332646 0.6104854 0.7332646 0.6104854 0.7332646 0.6104854 0.7332646 0.6104854 0.7332646 0.6104854 0.7332646 0.6104854 0.7332646 0.3895146 0.7332646 0.3895146 0.7332646 0.3895146 0.7332646 0.6104854 0.7332646 0.6104854 0.7332646 0.6104854 0.7332646 0.3895146 0.7332646 0.3895146 0.7332646 0.3895146 0.7332646 0.6104854 0.7332646 0.6104854 0.7332646 0.6104854 0.7332646 0.3895146 0.7332646 0.3895146 0.7332646 0.3895146 0.7332646 0.375 0.3125 0.40625 0.6884399 0.375 0.6884399 0.4375 0.3125 0.40625 0.6884399 0.40625 0.3125 0.46875 0.3125 0.4375 0.6884399 0.4375 0.3125 0.5 0.3125 0.46875 0.6884399 0.46875 0.3125 0.53125 0.3125 0.5 0.6884399 0.5 0.3125 0.53125 0.3125 0.5625 0.6884399 0.53125 0.6884399 0.5625 0.3125 0.59375 0.6884399 0.5625 0.6884399 0.59375 0.3125 0.625 0.6884399 0.59375 0.6884399 0.34375 0.15625 0.3895146 0.04576456 0.6104854 0.04576456 0.65625 0.84375 0.3895146 0.7332646 0.6104854 0.7332646 0.6104854 0.9542354 0.5 1 0.6104854 0.9542354 0.5 1 0.3895146 0.9542354 0.5 1 0.3895146 0.9542354 0.34375 0.84375 0.3895146 0.9542354 0.34375 0.84375 0.3895146 0.7332646 0.34375 0.84375 0.3895146 0.7332646 0.5 0.6875 0.3895146 0.7332646 0.6104854 0.7332646 0.5 0.6875 0.5 0.6875 0.65625 0.84375 0.6104854 0.7332646 0.6104854 0.7332646 0.6104854 0.9542354 0.65625 0.84375 0.65625 0.84375 0.5 1 0.6104854 0.9542354 0.6104854 0.9542354 0.5 1 0.3895146 0.9542354 0.5 1 0.3895146 0.9542354 0.34375 0.84375 0.3895146 0.9542354 0.34375 0.84375 0.3895146 0.7332646 0.34375 0.84375 0.3895146 0.7332646 0.5 0.6875 0.3895146 0.7332646 0.6104854 0.7332646 0.5 0.6875 0.5 0.6875 0.65625 0.84375 0.6104854 0.7332646 0.6104854 0.7332646 0.6104854 0.9542354 0.65625 0.84375 0.65625 0.84375 0.6104854 0.9542354 0.5 1 0.6104854 0.9542354 0.3895146 0.9542354 0.5 1 0.5 1 0.34375 0.84375 0.3895146 0.9542354 0.3895146 0.9542354 0.3895146 0.7332646 0.34375 0.84375 0.34375 0.84375 0.5 0.6875 0.3895146 0.7332646 0.3895146 0.7332646 0.5 0.6875 0.6104854 0.7332646 0.5 0.6875 0.6104854 0.7332646 0.65625 0.84375 0.6104854 0.7332646 0.65625 0.84375 0.6104854 0.9542354 0.65625 0.84375 0.6104854 0.7332646 0.65625 0.84375 0.6104854 0.7332646 0.5 0.6875 0.6104854 0.7332646 0.5 0.6875 0.5 0.6875 0.3895146 0.7332646 0.3895146 0.7332646 0.3895146 0.7332646 0.34375 0.84375 0.34375 0.84375 0.34375 0.84375 0.3895146 0.9542354 0.3895146 0.9542354 0.3895146 0.9542354 0.5 1 0.5 1 0.6104854 0.9542354 0.5 1 0.6104854 0.9542354 0.65625 0.84375 0.6104854 0.9542354 0.65625 0.84375 0.5 0.6875 0.6104854 0.7332646 0.5 0.6875 0.5 0.6875 0.3895146 0.7332646 0.3895146 0.7332646 0.3895146 0.7332646 0.34375 0.84375 0.34375 0.84375 0.34375 0.84375 0.3895146 0.9542354 0.3895146 0.9542354 0.3895146 0.9542354 0.5 1 0.5 1 0.6104854 0.9542354 0.5 1 0.6104854 0.9542354 0.65625 0.84375 0.6104854 0.9542354 0.65625 0.84375 0.6104854 0.7332646 0.65625 0.84375 0.6104854 0.7332646 0.6104854 0.7332646 0.65625 0.84375 0.6104854 0.7332646 0.5 0.6875 0.6104854 0.7332646 0.5 0.6875 0.5 0.6875 0.3895146 0.7332646 0.3895146 0.7332646 0.3895146 0.7332646 0.34375 0.84375 0.34375 0.84375 0.34375 0.84375 0.3895146 0.9542354 0.3895146 0.9542354 0.3895146 0.9542354 0.5 1 0.5 1 0.6104854 0.9542354 0.5 1 0.6104854 0.9542354 0.65625 0.84375 0.6104854 0.9542354 0.65625 0.84375 0.53125 0.3125 0.53125 0.6884399 0.53125 0.6884399 0.59375 0.3125 0.59375 0.6884399 0.59375 0.3125 0.65625 0.15625 0.6104854 0.04576456 0.6104854 0.04576456 0.5 0.3125 0.3895146 0.2667354 0.5 0.3125 0.34375 0.15625 0.3895146 0.2667354 0.3895146 0.2667354 0.3895146 0.04576456 0.34375 0.15625 0.34375 0.15625 0.5 0 0.3895146 0.04576456 0.3895146 0.04576456 0.5 0 0.6104854 0.04576456 0.5 0 0.5 0.6875 0.5 0.6875 0.5 0.6875 0.65625 0.84375 0.65625 0.84375 0.65625 0.84375 0.5 0.6875 0.5 0.6875 0.5 0.6875 0.65625 0.84375 0.65625 0.84375 0.65625 0.84375 0.5 0.6875 0.6104854 0.7332646 0.6104854 0.7332646 0.5 0.6875 0.5 0.6875 0.5 0.6875 0.65625 0.84375 0.65625 0.84375 0.65625 0.84375 0.6104854 0.7332646 0.65625 0.84375 0.65625 0.84375 0.65625 0.84375 0.65625 0.84375 0.65625 0.84375 0.5 0.6875 0.5 0.6875 0.5 0.6875 0.5 0.6875 0.5 0.6875 0.5 0.6875 0.65625 0.84375 0.65625 0.84375 0.65625 0.84375 0.65625 0.84375 0.65625 0.84375 0.65625 0.84375 0.5 0.6875 0.5 0.6875 0.5 0.6875 0.40625 0.3125 0.375 0.6884399 0.375 0.3125 0.40625 0.3125 0.4375 0.6884399 0.40625 0.6884399 0.4375 0.3125 0.46875 0.6884399 0.4375 0.6884399 0.46875 0.3125 0.5 0.6884399 0.46875 0.6884399 0.5 0.3125 0.53125 0.6884399 0.5 0.6884399 0.53125 0.3125 0.5625 0.6884399 0.53125 0.6884399 0.59375 0.3125 0.5625 0.6884399 0.5625 0.3125 0.625 0.3125 0.59375 0.6884399 0.59375 0.3125 0.34375 0.15625 0.3895146 0.04576456 0.5 0 0.5 0.6875 0.6104854 0.7332646 0.65625 0.84375 0.5 1 0.6104854 0.9542354 0.6104854 0.9542354 0.5 1 0.3895146 0.9542354 0.5 1 0.3895146 0.9542354 0.34375 0.84375 0.3895146 0.9542354 0.34375 0.84375 0.3895146 0.7332646 0.34375 0.84375 0.3895146 0.7332646 0.5 0.6875 0.3895146 0.7332646 0.6104854 0.7332646 0.5 0.6875 0.5 0.6875 0.65625 0.84375 0.6104854 0.7332646 0.6104854 0.7332646 0.6104854 0.9542354 0.65625 0.84375 0.65625 0.84375 0.5 1 0.6104854 0.9542354 0.6104854 0.9542354 0.3895146 0.9542354 0.5 1 0.5 1 0.34375 0.84375 0.3895146 0.9542354 0.3895146 0.9542354 0.34375 0.84375 0.3895146 0.7332646 0.34375 0.84375 0.3895146 0.7332646 0.5 0.6875 0.3895146 0.7332646 0.5 0.6875 0.6104854 0.7332646 0.5 0.6875 0.6104854 0.7332646 0.65625 0.84375 0.6104854 0.7332646 0.6104854 0.9542354 0.65625 0.84375 0.65625 0.84375 0.5 1 0.6104854 0.9542354 0.6104854 0.9542354 0.5 1 0.3895146 0.9542354 0.5 1 0.3895146 0.9542354 0.34375 0.84375 0.3895146 0.9542354 0.34375 0.84375 0.3895146 0.7332646 0.34375 0.84375 0.3895146 0.7332646 0.5 0.6875 0.3895146 0.7332646 0.5 0.6875 0.6104854 0.7332646 0.5 0.6875 0.65625 0.84375 0.6104854 0.7332646 0.6104854 0.7332646 0.6104854 0.9542354 0.65625 0.84375 0.65625 0.84375 0.40625 0.3125 0.40625 0.6884399 0.40625 0.6884399 0.46875 0.3125 0.46875 0.6884399 0.46875 0.3125 0.65625 0.15625 0.6104854 0.04576456 0.6104854 0.04576456 0.6104854 0.2667354 0.65625 0.15625 0.65625 0.15625 0.6104854 0.2667354 0.5 0.3125 0.6104854 0.2667354 0.5 0.3125 0.3895146 0.2667354 0.5 0.3125 0.34375 0.15625 0.3895146 0.2667354 0.3895146 0.2667354 0.5 0 0.6104854 0.04576456 0.5 0 0.5 1 0.5 1 0.5 1 0.34375 0.84375 0.34375 0.84375 0.34375 0.84375 0.5 1 0.5 1 0.5 1 0.34375 0.84375 0.34375 0.84375 0.34375 0.84375 0.3895146 0.9542354 0.5 1 0.3895146 0.9542354 0.5 1 0.5 1 0.5 1 0.34375 0.84375 0.34375 0.84375 0.34375 0.84375 0.3895146 0.9542354 0.34375 0.84375 0.34375 0.84375 0.375 0.3125 0.40625 0.3125 0.40625 0.6884399 0.40625 0.3125 0.4375 0.3125 0.4375 0.6884399 0.46875 0.3125 0.46875 0.6884399 0.4375 0.6884399 0.5 0.3125 0.5 0.6884399 0.46875 0.6884399 0.53125 0.3125 0.53125 0.6884399 0.5 0.6884399 0.5625 0.3125 0.5625 0.6884399 0.53125 0.6884399 0.5625 0.3125 0.59375 0.3125 0.59375 0.6884399 0.59375 0.3125 0.625 0.3125 0.625 0.6884399 0.5 0 0.6104854 0.04576456 0.3895146 0.2667354 0.6104854 0.04576456 0.65625 0.15625 0.5 0.3125 0.65625 0.15625 0.6104854 0.2667354 0.5 0.3125 0.5 0.3125 0.3895146 0.2667354 0.6104854 0.04576456 0.3895146 0.2667354 0.34375 0.15625 0.5 0 0.65625 0.84375 0.6104854 0.9542354 0.6104854 0.7332646 0.6104854 0.9542354 0.5 1 0.6104854 0.7332646 0.5 1 0.3895146 0.9542354 0.5 0.6875 0.3895146 0.9542354 0.34375 0.84375 0.3895146 0.7332646 0.5 0.6875 0.3895146 0.9542354 0.3895146 0.7332646 0.6104854 0.9542354 0.5 1 0.5 1 0.5 1 0.3895146 0.9542354 0.3895146 0.9542354 0.3895146 0.9542354 0.34375 0.84375 0.34375 0.84375 0.34375 0.84375 0.3895146 0.7332646 0.3895146 0.7332646 0.5 0.6875 0.5 0.6875 0.3895146 0.7332646 0.6104854 0.7332646 0.6104854 0.7332646 0.5 0.6875 0.65625 0.84375 0.65625 0.84375 0.6104854 0.7332646 0.6104854 0.9542354 0.6104854 0.9542354 0.65625 0.84375 0.6104854 0.9542354 0.5 1 0.5 1 0.5 1 0.3895146 0.9542354 0.3895146 0.9542354 0.3895146 0.9542354 0.34375 0.84375 0.34375 0.84375 0.34375 0.84375 0.3895146 0.7332646 0.3895146 0.7332646 0.5 0.6875 0.5 0.6875 0.3895146 0.7332646 0.6104854 0.7332646 0.6104854 0.7332646 0.5 0.6875 0.65625 0.84375 0.65625 0.84375 0.6104854 0.7332646 0.6104854 0.9542354 0.6104854 0.9542354 0.65625 0.84375 0.6104854 0.9542354 0.5 1 0.5 1 0.5 1 0.3895146 0.9542354 0.3895146 0.9542354 0.3895146 0.9542354 0.34375 0.84375 0.34375 0.84375 0.3895146 0.7332646 0.3895146 0.7332646 0.34375 0.84375 0.5 0.6875 0.5 0.6875 0.3895146 0.7332646 0.6104854 0.7332646 0.6104854 0.7332646 0.5 0.6875 0.65625 0.84375 0.65625 0.84375 0.6104854 0.7332646 0.65625 0.84375 0.6104854 0.9542354 0.6104854 0.9542354 0.65625 0.84375 0.65625 0.84375 0.6104854 0.7332646 0.6104854 0.7332646 0.6104854 0.7332646 0.5 0.6875 0.5 0.6875 0.5 0.6875 0.3895146 0.7332646 0.34375 0.84375 0.3895146 0.7332646 0.3895146 0.7332646 0.3895146 0.9542354 0.34375 0.84375 0.34375 0.84375 0.5 1 0.3895146 0.9542354 0.3895146 0.9542354 0.6104854 0.9542354 0.5 1 0.5 1 0.6104854 0.9542354 0.6104854 0.9542354 0.65625 0.84375 0.53125 0.3125 0.53125 0.3125 0.53125 0.6884399 0.59375 0.3125 0.59375 0.6884399 0.59375 0.6884399 0.65625 0.15625 0.65625 0.15625 0.6104854 0.04576456 0.5 0.3125 0.3895146 0.2667354 0.3895146 0.2667354 0.34375 0.15625 0.34375 0.15625 0.3895146 0.2667354 0.3895146 0.04576456 0.3895146 0.04576456 0.34375 0.15625 0.3895146 0.04576456 0.5 0 0.5 0 0.5 0 0.6104854 0.04576456 0.6104854 0.04576456 0.5 0.6875 0.5 0.6875 0.5 0.6875 0.65625 0.84375 0.65625 0.84375 0.65625 0.84375 0.5 0.6875 0.5 0.6875 0.5 0.6875 0.65625 0.84375 0.65625 0.84375 0.65625 0.84375 0.6104854 0.7332646 0.5 0.6875 0.5 0.6875 0.5 0.6875 0.5 0.6875 0.5 0.6875 0.65625 0.84375 0.65625 0.84375 0.65625 0.84375 0.65625 0.84375 0.6104854 0.7332646 0.6104854 0.7332646 0.65625 0.84375 0.65625 0.84375 0.65625 0.84375 0.5 0.6875 0.5 0.6875 0.5 0.6875 0.375 0.3125 0.40625 0.3125 0.40625 0.6884399 0.4375 0.3125 0.4375 0.6884399 0.40625 0.6884399 0.46875 0.3125 0.46875 0.6884399 0.4375 0.6884399 0.5 0.3125 0.5 0.6884399 0.46875 0.6884399 0.53125 0.3125 0.53125 0.6884399 0.5 0.6884399 0.53125 0.3125 0.5625 0.3125 0.5625 0.6884399 0.5625 0.3125 0.59375 0.3125 0.59375 0.6884399 0.59375 0.3125 0.625 0.3125 0.625 0.6884399 0.5 0 0.6104854 0.04576456 0.3895146 0.04576456 0.6104854 0.04576456 0.65625 0.15625 0.34375 0.15625 0.65625 0.15625 0.6104854 0.2667354 0.3895146 0.2667354 0.6104854 0.2667354 0.5 0.3125 0.3895146 0.2667354 0.3895146 0.2667354 0.34375 0.15625 0.65625 0.15625 0.65625 0.84375 0.6104854 0.9542354 0.34375 0.84375 0.6104854 0.9542354 0.5 1 0.3895146 0.9542354 0.34375 0.84375 0.6104854 0.9542354 0.3895146 0.9542354 0.34375 0.84375 0.3895146 0.7332646 0.65625 0.84375 0.3895146 0.7332646 0.5 0.6875 0.6104854 0.7332646 0.5 1 0.5 1 0.6104854 0.9542354 0.5 1 0.3895146 0.9542354 0.3895146 0.9542354 0.3895146 0.9542354 0.34375 0.84375 0.34375 0.84375 0.34375 0.84375 0.3895146 0.7332646 0.3895146 0.7332646 0.3895146 0.7332646 0.5 0.6875 0.5 0.6875 0.6104854 0.7332646 0.6104854 0.7332646 0.5 0.6875 0.65625 0.84375 0.65625 0.84375 0.6104854 0.7332646 0.6104854 0.9542354 0.6104854 0.9542354 0.65625 0.84375 0.6104854 0.9542354 0.5 1 0.5 1 0.3895146 0.9542354 0.3895146 0.9542354 0.5 1 0.34375 0.84375 0.34375 0.84375 0.3895146 0.9542354 0.3895146 0.7332646 0.3895146 0.7332646 0.34375 0.84375 0.5 0.6875 0.5 0.6875 0.3895146 0.7332646 0.5 0.6875 0.6104854 0.7332646 0.6104854 0.7332646 0.6104854 0.7332646 0.65625 0.84375 0.65625 0.84375 0.65625 0.84375 0.6104854 0.9542354 0.6104854 0.9542354 0.6104854 0.9542354 0.5 1 0.5 1 0.3895146 0.9542354 0.3895146 0.9542354 0.5 1 0.34375 0.84375 0.34375 0.84375 0.3895146 0.9542354 0.3895146 0.7332646 0.3895146 0.7332646 0.34375 0.84375 0.5 0.6875 0.5 0.6875 0.3895146 0.7332646 0.5 0.6875 0.6104854 0.7332646 0.6104854 0.7332646 0.6104854 0.7332646 0.65625 0.84375 0.65625 0.84375 0.65625 0.84375 0.6104854 0.9542354 0.6104854 0.9542354 0.6104854 0.7332646 0.65625 0.84375 0.65625 0.84375 0.6104854 0.7332646 0.6104854 0.7332646 0.5 0.6875 0.5 0.6875 0.5 0.6875 0.3895146 0.7332646 0.3895146 0.7332646 0.3895146 0.7332646 0.34375 0.84375 0.34375 0.84375 0.34375 0.84375 0.3895146 0.9542354 0.5 1 0.3895146 0.9542354 0.3895146 0.9542354 0.6104854 0.9542354 0.5 1 0.5 1 0.65625 0.84375 0.6104854 0.9542354 0.6104854 0.9542354 0.5 0.3125 0.5 0.3125 0.5 0.6884399 0.5625 0.3125 0.5625 0.6884399 0.5625 0.6884399 0.6104854 0.04576456 0.65625 0.15625 0.65625 0.15625 0.6104854 0.2667354 0.6104854 0.2667354 0.65625 0.15625 0.3895146 0.2667354 0.34375 0.15625 0.34375 0.15625 0.3895146 0.04576456 0.3895146 0.04576456 0.34375 0.15625 0.5 0 0.5 0 0.3895146 0.04576456 0.5 0 0.6104854 0.04576456 0.6104854 0.04576456 0.6104854 0.9542354 0.5 1 0.5 1 0.3895146 0.9542354 0.3895146 0.9542354 0.5 1 0.34375 0.84375 0.34375 0.84375 0.3895146 0.9542354 0.3895146 0.7332646 0.3895146 0.7332646 0.34375 0.84375 0.6104854 0.7332646 0.65625 0.84375 0.65625 0.84375 0.65625 0.84375 0.6104854 0.9542354 0.6104854 0.9542354 0.3895146 0.7332646 0.3895146 0.7332646 0.3895146 0.7332646 0.6104854 0.7332646 0.6104854 0.7332646 0.6104854 0.7332646 0.3895146 0.7332646 0.3895146 0.7332646 0.3895146 0.7332646 0.6104854 0.7332646 0.6104854 0.7332646 0.6104854 0.7332646 0.3895146 0.7332646 0.3895146 0.7332646 0.3895146 0.7332646 0.6104854 0.7332646 0.6104854 0.7332646 0.6104854 0.7332646 0.6104854 0.7332646 0.6104854 0.7332646 0.6104854 0.7332646 0.3895146 0.7332646 0.3895146 0.7332646 0.3895146 0.7332646 0.375 0.3125 0.40625 0.3125 0.40625 0.6884399 0.4375 0.3125 0.4375 0.6884399 0.40625 0.6884399 0.46875 0.3125 0.46875 0.6884399 0.4375 0.6884399 0.5 0.3125 0.5 0.6884399 0.46875 0.6884399 0.5 0.3125 0.53125 0.3125 0.53125 0.6884399 0.53125 0.3125 0.5625 0.3125 0.5625 0.6884399 0.5625 0.3125 0.59375 0.3125 0.59375 0.6884399 0.59375 0.3125 0.625 0.3125 0.625 0.6884399 0.5 0 0.6104854 0.04576456 0.65625 0.15625 0.65625 0.15625 0.6104854 0.2667354 0.34375 0.15625 0.6104854 0.2667354 0.5 0.3125 0.3895146 0.2667354 0.34375 0.15625 0.6104854 0.2667354 0.3895146 0.2667354 0.34375 0.15625 0.3895146 0.04576456 0.65625 0.15625 0.65625 0.84375 0.6104854 0.9542354 0.5 1 0.5 1 0.3895146 0.9542354 0.34375 0.84375 0.34375 0.84375 0.3895146 0.7332646 0.65625 0.84375 0.3895146 0.7332646 0.5 0.6875 0.6104854 0.7332646 0.65625 0.84375 0.3895146 0.7332646 0.6104854 0.7332646 0.5 1 0.5 1 0.6104854 0.9542354 0.3895146 0.9542354 0.3895146 0.9542354 0.5 1 0.3895146 0.9542354 0.34375 0.84375 0.34375 0.84375 0.34375 0.84375 0.3895146 0.7332646 0.3895146 0.7332646 0.3895146 0.7332646 0.5 0.6875 0.5 0.6875 0.5 0.6875 0.6104854 0.7332646 0.6104854 0.7332646 0.65625 0.84375 0.65625 0.84375 0.6104854 0.7332646 0.6104854 0.9542354 0.6104854 0.9542354 0.65625 0.84375 0.5 1 0.5 1 0.6104854 0.9542354 0.5 1 0.3895146 0.9542354 0.3895146 0.9542354 0.3895146 0.9542354 0.34375 0.84375 0.34375 0.84375 0.34375 0.84375 0.3895146 0.7332646 0.3895146 0.7332646 0.3895146 0.7332646 0.5 0.6875 0.5 0.6875 0.6104854 0.7332646 0.6104854 0.7332646 0.5 0.6875 0.65625 0.84375 0.65625 0.84375 0.6104854 0.7332646 0.6104854 0.9542354 0.6104854 0.9542354 0.65625 0.84375 0.5 1 0.5 1 0.6104854 0.9542354 0.3895146 0.9542354 0.3895146 0.9542354 0.5 1 0.34375 0.84375 0.34375 0.84375 0.3895146 0.9542354 0.34375 0.84375 0.3895146 0.7332646 0.3895146 0.7332646 0.5 0.6875 0.5 0.6875 0.3895146 0.7332646 0.5 0.6875 0.6104854 0.7332646 0.6104854 0.7332646 0.6104854 0.7332646 0.65625 0.84375 0.65625 0.84375 0.6104854 0.9542354 0.6104854 0.9542354 0.65625 0.84375 0.6104854 0.7332646 0.65625 0.84375 0.65625 0.84375 0.5 0.6875 0.6104854 0.7332646 0.6104854 0.7332646 0.3895146 0.7332646 0.5 0.6875 0.5 0.6875 0.34375 0.84375 0.3895146 0.7332646 0.3895146 0.7332646 0.34375 0.84375 0.34375 0.84375 0.3895146 0.9542354 0.3895146 0.9542354 0.3895146 0.9542354 0.5 1 0.5 1 0.5 1 0.6104854 0.9542354 0.6104854 0.9542354 0.6104854 0.9542354 0.65625 0.84375 0.5 0.3125 0.5 0.3125 0.5 0.6884399 0.5625 0.3125 0.5625 0.6884399 0.5625 0.6884399 0.6104854 0.04576456 0.65625 0.15625 0.65625 0.15625 0.65625 0.15625 0.6104854 0.2667354 0.6104854 0.2667354 0.3895146 0.2667354 0.34375 0.15625 0.34375 0.15625 0.3895146 0.04576456 0.3895146 0.04576456 0.34375 0.15625 0.5 0 0.5 0 0.3895146 0.04576456 0.5 0 0.6104854 0.04576456 0.6104854 0.04576456 0.5 1 0.5 1 0.6104854 0.9542354 0.3895146 0.9542354 0.3895146 0.9542354 0.5 1 0.34375 0.84375 0.34375 0.84375 0.3895146 0.9542354 0.34375 0.84375 0.3895146 0.7332646 0.3895146 0.7332646 0.65625 0.84375 0.65625 0.84375 0.6104854 0.7332646 0.6104854 0.9542354 0.6104854 0.9542354 0.65625 0.84375 0.3895146 0.7332646 0.3895146 0.7332646 0.3895146 0.7332646 0.6104854 0.7332646 0.6104854 0.7332646 0.6104854 0.7332646 0.3895146 0.7332646 0.3895146 0.7332646 0.3895146 0.7332646 0.6104854 0.7332646 0.6104854 0.7332646 0.6104854 0.7332646 0.3895146 0.7332646 0.3895146 0.7332646 0.3895146 0.7332646 0.6104854 0.7332646 0.6104854 0.7332646 0.6104854 0.7332646 0.6104854 0.7332646 0.6104854 0.7332646 0.6104854 0.7332646 0.3895146 0.7332646 0.3895146 0.7332646 0.3895146 0.7332646 0.375 0.3125 0.40625 0.3125 0.40625 0.6884399 0.4375 0.3125 0.4375 0.6884399 0.40625 0.6884399 0.46875 0.3125 0.46875 0.6884399 0.4375 0.6884399 0.5 0.3125 0.5 0.6884399 0.46875 0.6884399 0.53125 0.3125 0.53125 0.6884399 0.5 0.6884399 0.53125 0.3125 0.5625 0.3125 0.5625 0.6884399 0.5625 0.3125 0.59375 0.3125 0.59375 0.6884399 0.59375 0.3125 0.625 0.3125 0.625 0.6884399 0.5 0 0.6104854 0.04576456 0.3895146 0.04576456 0.6104854 0.04576456 0.65625 0.15625 0.3895146 0.04576456 0.65625 0.15625 0.6104854 0.2667354 0.34375 0.15625 0.6104854 0.2667354 0.5 0.3125 0.3895146 0.2667354 0.34375 0.15625 0.6104854 0.2667354 0.3895146 0.2667354 0.65625 0.84375 0.6104854 0.9542354 0.3895146 0.9542354 0.6104854 0.9542354 0.5 1 0.3895146 0.9542354 0.3895146 0.9542354 0.34375 0.84375 0.65625 0.84375 0.34375 0.84375 0.3895146 0.7332646 0.6104854 0.7332646 0.3895146 0.7332646 0.5 0.6875 0.6104854 0.7332646 0.5 1 0.5 1 0.6104854 0.9542354 0.5 1 0.3895146 0.9542354 0.3895146 0.9542354 0.3895146 0.9542354 0.34375 0.84375 0.34375 0.84375 0.34375 0.84375 0.3895146 0.7332646 0.3895146 0.7332646 0.3895146 0.7332646 0.5 0.6875 0.5 0.6875 0.6104854 0.7332646 0.6104854 0.7332646 0.5 0.6875 0.65625 0.84375 0.65625 0.84375 0.6104854 0.7332646 0.6104854 0.9542354 0.6104854 0.9542354 0.65625 0.84375 0.6104854 0.9542354 0.5 1 0.5 1 0.3895146 0.9542354 0.3895146 0.9542354 0.5 1 0.34375 0.84375 0.34375 0.84375 0.3895146 0.9542354 0.3895146 0.7332646 0.3895146 0.7332646 0.34375 0.84375 0.5 0.6875 0.5 0.6875 0.3895146 0.7332646 0.5 0.6875 0.6104854 0.7332646 0.6104854 0.7332646 0.6104854 0.7332646 0.65625 0.84375 0.65625 0.84375 0.65625 0.84375 0.6104854 0.9542354 0.6104854 0.9542354 0.6104854 0.9542354 0.5 1 0.5 1 0.3895146 0.9542354 0.3895146 0.9542354 0.5 1 0.34375 0.84375 0.34375 0.84375 0.3895146 0.9542354 0.3895146 0.7332646 0.3895146 0.7332646 0.34375 0.84375 0.5 0.6875 0.5 0.6875 0.3895146 0.7332646 0.5 0.6875 0.6104854 0.7332646 0.6104854 0.7332646 0.6104854 0.7332646 0.65625 0.84375 0.65625 0.84375 0.65625 0.84375 0.6104854 0.9542354 0.6104854 0.9542354 0.6104854 0.7332646 0.65625 0.84375 0.65625 0.84375 0.5 0.6875 0.6104854 0.7332646 0.6104854 0.7332646 0.5 0.6875 0.5 0.6875 0.3895146 0.7332646 0.3895146 0.7332646 0.3895146 0.7332646 0.34375 0.84375 0.34375 0.84375 0.34375 0.84375 0.3895146 0.9542354 0.3895146 0.9542354 0.3895146 0.9542354 0.5 1 0.6104854 0.9542354 0.5 1 0.5 1 0.65625 0.84375 0.6104854 0.9542354 0.6104854 0.9542354 0.5 0.3125 0.5 0.3125 0.5 0.6884399 0.5625 0.3125 0.5625 0.6884399 0.5625 0.6884399 0.6104854 0.04576456 0.65625 0.15625 0.65625 0.15625 0.6104854 0.2667354 0.6104854 0.2667354 0.65625 0.15625 0.3895146 0.2667354 0.34375 0.15625 0.34375 0.15625 0.3895146 0.04576456 0.3895146 0.04576456 0.34375 0.15625 0.5 0 0.5 0 0.3895146 0.04576456 0.5 0 0.6104854 0.04576456 0.6104854 0.04576456 0.3895146 0.7332646 0.3895146 0.7332646 0.3895146 0.7332646 0.6104854 0.7332646 0.6104854 0.7332646 0.6104854 0.7332646 0.3895146 0.7332646 0.3895146 0.7332646 0.3895146 0.7332646 0.6104854 0.7332646 0.6104854 0.7332646 0.6104854 0.7332646 0.5 0.6875 0.3895146 0.7332646 0.3895146 0.7332646 0.3895146 0.7332646 0.3895146 0.7332646 0.3895146 0.7332646 0.6104854 0.7332646 0.6104854 0.7332646 0.6104854 0.7332646 0.5 0.6875 0.5 0.6875 0.6104854 0.7332646 0.6104854 0.7332646 0.6104854 0.7332646 0.6104854 0.7332646 0.3895146 0.7332646 0.3895146 0.7332646 0.3895146 0.7332646 0.40625 0.3125 0.40625 0.3398284 0.375 0.3398284 0.4375 0.3125 0.4375 0.3398284 0.40625 0.3398284 0.4375 0.3125 0.46875 0.3125 0.46875 0.3398284 0.46875 0.3125 0.5 0.3125 0.5 0.3398284 0.5 0.3125 0.53125 0.3125 0.53125 0.3398284 0.53125 0.3125 0.5625 0.3125 0.5625 0.3398284 0.5625 0.3125 0.59375 0.3125 0.59375 0.3398284 0.625 0.3125 0.625 0.3398284 0.59375 0.3398284 0.5 1 0.5 1 0.6104854 0.9542354 0.5 1 0.3895146 0.9542354 0.3895146 0.9542354 0.3895146 0.9542354 0.34375 0.84375 0.34375 0.84375 0.34375 0.84375 0.3895146 0.7332646 0.3895146 0.7332646 0.3895146 0.7332646 0.5 0.6875 0.5 0.6875 0.6104854 0.7332646 0.6104854 0.7332646 0.5 0.6875 0.65625 0.84375 0.65625 0.84375 0.6104854 0.7332646 0.6104854 0.9542354 0.6104854 0.9542354 0.65625 0.84375 0.59375 0.4382487 0.59375 0.5637217 0.5625 0.5637217 0.5625 0.4382487 0.5625 0.5637217 0.53125 0.5637217 0.5 0.4382487 0.53125 0.4382487 0.53125 0.5637217 0.46875 0.4382487 0.5 0.4382487 0.5 0.5637217 0.4375 0.4382487 0.46875 0.4382487 0.46875 0.5637217 0.40625 0.4382487 0.4375 0.4382487 0.4375 0.5637217 0.40625 0.4382487 0.40625 0.5637217 0.375 0.5637217 0.625 0.4382487 0.625 0.5637217 0.59375 0.5637217 0.59375 0.5637217 0.59375 0.6884399 0.5625 0.6884399 0.53125 0.5637217 0.5625 0.5637217 0.5625 0.6884399 0.5 0.5637217 0.53125 0.5637217 0.53125 0.6884399 0.46875 0.5637217 0.5 0.5637217 0.5 0.6884399 0.4375 0.5637217 0.46875 0.5637217 0.46875 0.6884399 0.4375 0.5637217 0.4375 0.6884399 0.40625 0.6884399 0.40625 0.5637217 0.40625 0.6884399 0.375 0.6884399 0.625 0.5637217 0.625 0.6884399 0.59375 0.6884399 0.34375 0.84375 0.3895146 0.7332646 0.3895146 0.7332646 0.34375 0.84375 0.34375 0.84375 0.3895146 0.9542354 0.3895146 0.9542354 0.3895146 0.9542354 0.5 1 0.5 1 0.5 1 0.6104854 0.9542354 0.6104854 0.9542354 0.6104854 0.9542354 0.65625 0.84375 0.6104854 0.7332646 0.65625 0.84375 0.65625 0.84375 0.5 0.6875 0.6104854 0.7332646 0.6104854 0.7332646 0.3895146 0.7332646 0.5 0.6875 0.5 0.6875 0.5 1 0.3895146 0.9542354 0.3895146 0.9542354 0.3895146 0.9542354 0.3895146 0.9542354 0.3895146 0.9542354 0.5 1 0.5 1 0.3895146 0.9542354 0.5 1 0.5 1 0.6104854 0.9542354 0.5 1 0.6104854 0.9542354 0.6104854 0.9542354 0.6104854 0.9542354 0.6104854 0.9542354 0.6104854 0.9542354 0.4375 0.3398284 0.4375 0.4382487 0.40625 0.4382487 0.375 0.3398284 0.40625 0.3398284 0.40625 0.4382487 0.59375 0.3398284 0.625 0.3398284 0.625 0.4382487 0.5625 0.3398284 0.59375 0.3398284 0.59375 0.4382487 0.53125 0.3398284 0.5625 0.3398284 0.5625 0.4382487 0.5 0.3398284 0.53125 0.3398284 0.53125 0.4382487 0.5 0.3398284 0.5 0.4382487 0.46875 0.4382487 0.46875 0.3398284 0.46875 0.4382487 0.4375 0.4382487 0.6104854 0.04576456 0.6104854 0.04576456 0.5 0 0.5 0 0.5 0 0.3895146 0.04576456 0.3895146 0.04576456 0.3895146 0.04576456 0.34375 0.15625 0.34375 0.15625 0.34375 0.15625 0.3895146 0.2667354 0.3895146 0.2667354 0.3895146 0.2667354 0.5 0.3125 0.5 0.3125 0.5 0.3125 0.6104854 0.2667354 0.6104854 0.2667354 0.6104854 0.2667354 0.65625 0.15625 0.65625 0.15625 0.65625 0.15625 0.6104854 0.04576456 0.40625 0.3125 0.40625 0.6884399 0.375 0.6884399 0.40625 0.3125 0.4375 0.3125 0.4375 0.6884399 0.4375 0.3125 0.46875 0.3125 0.46875 0.6884399 0.46875 0.3125 0.5 0.3125 0.5 0.6884399 0.5 0.3125 0.53125 0.3125 0.53125 0.6884399 0.5625 0.3125 0.5625 0.6884399 0.53125 0.6884399 0.59375 0.3125 0.59375 0.6884399 0.5625 0.6884399 0.625 0.3125 0.625 0.6884399 0.59375 0.6884399 0.5 0 0.6104854 0.04576456 0.3895146 0.04576456 0.6104854 0.04576456 0.65625 0.15625 0.34375 0.15625 0.65625 0.15625 0.6104854 0.2667354 0.34375 0.15625 0.6104854 0.2667354 0.5 0.3125 0.3895146 0.2667354 0.34375 0.15625 0.6104854 0.2667354 0.3895146 0.2667354 0.65625 0.84375 0.6104854 0.9542354 0.5 1 0.5 1 0.3895146 0.9542354 0.65625 0.84375 0.3895146 0.9542354 0.34375 0.84375 0.6104854 0.7332646 0.65625 0.84375 0.3895146 0.9542354 0.6104854 0.7332646 0.34375 0.84375 0.3895146 0.7332646 0.5 0.6875 0.6104854 0.9542354 0.5 1 0.5 1 0.5 1 0.3895146 0.9542354 0.3895146 0.9542354 0.34375 0.84375 0.34375 0.84375 0.3895146 0.9542354 0.3895146 0.7332646 0.3895146 0.7332646 0.34375 0.84375 0.5 0.6875 0.5 0.6875 0.3895146 0.7332646 0.6104854 0.7332646 0.6104854 0.7332646 0.5 0.6875 0.6104854 0.7332646 0.65625 0.84375 0.65625 0.84375 0.65625 0.84375 0.6104854 0.9542354 0.6104854 0.9542354 0.5 1 0.5 1 0.6104854 0.9542354 0.5 1 0.3895146 0.9542354 0.3895146 0.9542354 0.3895146 0.9542354 0.34375 0.84375 0.34375 0.84375 0.34375 0.84375 0.3895146 0.7332646 0.3895146 0.7332646 0.3895146 0.7332646 0.5 0.6875 0.5 0.6875 0.6104854 0.7332646 0.6104854 0.7332646 0.5 0.6875 0.65625 0.84375 0.65625 0.84375 0.6104854 0.7332646 0.6104854 0.9542354 0.6104854 0.9542354 0.65625 0.84375 0.65625 0.84375 0.65625 0.84375 0.6104854 0.7332646 0.6104854 0.7332646 0.6104854 0.7332646 0.5 0.6875 0.5 0.6875 0.5 0.6875 0.3895146 0.7332646 0.3895146 0.7332646 0.3895146 0.7332646 0.34375 0.84375 0.3895146 0.9542354 0.34375 0.84375 0.34375 0.84375 0.5 1 0.3895146 0.9542354 0.3895146 0.9542354 0.6104854 0.9542354 0.5 1 0.5 1 0.65625 0.84375 0.6104854 0.9542354 0.6104854 0.9542354 0.65625 0.84375 0.65625 0.84375 0.6104854 0.7332646 0.6104854 0.7332646 0.6104854 0.7332646 0.5 0.6875 0.3895146 0.7332646 0.5 0.6875 0.5 0.6875 0.34375 0.84375 0.3895146 0.7332646 0.3895146 0.7332646 0.3895146 0.9542354 0.34375 0.84375 0.34375 0.84375 0.5 1 0.3895146 0.9542354 0.3895146 0.9542354 0.5 1 0.5 1 0.6104854 0.9542354 0.6104854 0.9542354 0.6104854 0.9542354 0.65625 0.84375 0.4375 0.3125 0.4375 0.6884399 0.4375 0.6884399 0.40625 0.3125 0.40625 0.3125 0.40625 0.6884399 0.65625 0.15625 0.65625 0.15625 0.6104854 0.04576456 0.6104854 0.2667354 0.6104854 0.2667354 0.65625 0.15625 0.5 0.3125 0.5 0.3125 0.6104854 0.2667354 0.5 0.3125 0.3895146 0.2667354 0.3895146 0.2667354 0.3895146 0.2667354 0.34375 0.15625 0.34375 0.15625 0.34375 0.15625 0.3895146 0.04576456 0.3895146 0.04576456 0.5 0 0.6104854 0.04576456 0.6104854 0.04576456 0.5 1 0.5 1 0.6104854 0.9542354 0.6104854 0.9542354 0.6104854 0.9542354 0.6104854 0.9542354 0.3895146 0.9542354 0.3895146 0.9542354 0.3895146 0.9542354 0.6104854 0.9542354 0.6104854 0.9542354 0.6104854 0.9542354 0.3895146 0.9542354 0.3895146 0.9542354 0.3895146 0.9542354 0.3895146 0.9542354 0.3895146 0.9542354 0.3895146 0.9542354 0.5 1 0.5 1 0.3895146 0.9542354 0.5 1 0.6104854 0.9542354 0.6104854 0.9542354 0.6104854 0.9542354 0.6104854 0.9542354 0.6104854 0.9542354 0.3895146 0.9542354 0.3895146 0.9542354 0.3895146 0.9542354 0.6104854 0.9542354 0.6104854 0.9542354 0.6104854 0.9542354 0.40625 0.3125 0.40625 0.6884399 0.375 0.6884399 0.4375 0.3125 0.4375 0.6884399 0.40625 0.6884399 0.46875 0.3125 0.46875 0.6884399 0.4375 0.6884399 0.5 0.3125 0.5 0.6884399 0.46875 0.6884399 0.5 0.3125 0.53125 0.3125 0.53125 0.6884399 0.53125 0.3125 0.5625 0.3125 0.5625 0.6884399 0.5625 0.3125 0.59375 0.3125 0.59375 0.6884399 0.59375 0.3125 0.625 0.3125 0.625 0.6884399 0.5 0 0.6104854 0.04576456 0.65625 0.15625 0.65625 0.15625 0.6104854 0.2667354 0.34375 0.15625 0.6104854 0.2667354 0.5 0.3125 0.3895146 0.2667354 0.34375 0.15625 0.6104854 0.2667354 0.3895146 0.2667354 0.34375 0.15625 0.3895146 0.04576456 0.65625 0.15625 0.5 1 0.5 1 0.6104854 0.9542354 0.3895146 0.9542354 0.3895146 0.9542354 0.5 1 0.3895146 0.9542354 0.34375 0.84375 0.34375 0.84375 0.34375 0.84375 0.3895146 0.7332646 0.3895146 0.7332646 0.3895146 0.7332646 0.5 0.6875 0.5 0.6875 0.5 0.6875 0.6104854 0.7332646 0.6104854 0.7332646 0.65625 0.84375 0.65625 0.84375 0.6104854 0.7332646 0.6104854 0.9542354 0.6104854 0.9542354 0.65625 0.84375 0.5 1 0.5 1 0.6104854 0.9542354 0.5 1 0.3895146 0.9542354 0.3895146 0.9542354 0.3895146 0.9542354 0.34375 0.84375 0.34375 0.84375 0.34375 0.84375 0.3895146 0.7332646 0.3895146 0.7332646 0.3895146 0.7332646 0.5 0.6875 0.5 0.6875 0.6104854 0.7332646 0.6104854 0.7332646 0.5 0.6875 0.65625 0.84375 0.65625 0.84375 0.6104854 0.7332646 0.6104854 0.9542354 0.6104854 0.9542354 0.65625 0.84375 0.6104854 0.7332646 0.65625 0.84375 0.65625 0.84375 0.5 0.6875 0.6104854 0.7332646 0.6104854 0.7332646 0.5 0.6875 0.5 0.6875 0.3895146 0.7332646 0.3895146 0.7332646 0.3895146 0.7332646 0.34375 0.84375 0.34375 0.84375 0.34375 0.84375 0.3895146 0.9542354 0.3895146 0.9542354 0.3895146 0.9542354 0.5 1 0.6104854 0.9542354 0.5 1 0.5 1 0.65625 0.84375 0.6104854 0.9542354 0.6104854 0.9542354 0.6104854 0.7332646 0.65625 0.84375 0.65625 0.84375 0.5 0.6875 0.6104854 0.7332646 0.6104854 0.7332646 0.5 0.6875 0.5 0.6875 0.3895146 0.7332646 0.3895146 0.7332646 0.3895146 0.7332646 0.34375 0.84375 0.34375 0.84375 0.34375 0.84375 0.3895146 0.9542354 0.3895146 0.9542354 0.3895146 0.9542354 0.5 1 0.6104854 0.9542354 0.5 1 0.5 1 0.65625 0.84375 0.6104854 0.9542354 0.6104854 0.9542354 0.6104854 0.7332646 0.65625 0.84375 0.65625 0.84375 0.5 0.6875 0.6104854 0.7332646 0.6104854 0.7332646 0.5 0.6875 0.5 0.6875 0.3895146 0.7332646 0.3895146 0.7332646 0.3895146 0.7332646 0.34375 0.84375 0.34375 0.84375 0.34375 0.84375 0.3895146 0.9542354 0.3895146 0.9542354 0.3895146 0.9542354 0.5 1 0.6104854 0.9542354 0.5 1 0.5 1 0.65625 0.84375 0.6104854 0.9542354 0.6104854 0.9542354 0.6104854 0.9542354 0.5 1 0.65625 0.84375 0.5 1 0.3895146 0.9542354 0.65625 0.84375 0.3895146 0.9542354 0.34375 0.84375 0.6104854 0.7332646 0.34375 0.84375 0.3895146 0.7332646 0.5 0.6875 0.6104854 0.7332646 0.34375 0.84375 0.5 0.6875 0.5 0.3125 0.5 0.3125 0.5 0.6884399 0.5625 0.3125 0.5625 0.6884399 0.5625 0.6884399 0.6104854 0.04576456 0.65625 0.15625 0.65625 0.15625 0.6104854 0.2667354 0.6104854 0.2667354 0.65625 0.15625 0.3895146 0.2667354 0.34375 0.15625 0.34375 0.15625 0.3895146 0.04576456 0.3895146 0.04576456 0.34375 0.15625 0.5 0 0.5 0 0.3895146 0.04576456 0.6104854 0.04576456 0.6104854 0.04576456 0.5 0 0.3895146 0.7332646 0.3895146 0.7332646 0.3895146 0.7332646 0.6104854 0.7332646 0.6104854 0.7332646 0.6104854 0.7332646 0.3895146 0.7332646 0.3895146 0.7332646 0.3895146 0.7332646 0.6104854 0.7332646 0.6104854 0.7332646 0.6104854 0.7332646 0.6104854 0.7332646 0.6104854 0.7332646 0.6104854 0.7332646 0.3895146 0.7332646 0.3895146 0.7332646 0.3895146 0.7332646 0.6104854 0.7332646 0.6104854 0.7332646 0.6104854 0.7332646 0.5 0.6875 0.5 0.6875 0.6104854 0.7332646 0.5 0.6875 0.3895146 0.7332646 0.3895146 0.7332646 0.3895146 0.7332646 0.3895146 0.7332646 0.3895146 0.7332646 0.6104854 0.7332646 0.6104854 0.7332646 0.6104854 0.7332646 0.3895146 0.7332646 0.3895146 0.7332646 0.3895146 0.7332646 0.40625 0.3125 0.40625 0.6884399 0.375 0.6884399 0.40625 0.3125 0.4375 0.3125 0.4375 0.6884399 0.4375 0.3125 0.46875 0.3125 0.46875 0.6884399 0.46875 0.3125 0.5 0.3125 0.5 0.6884399 0.5 0.3125 0.53125 0.3125 0.53125 0.6884399 0.5625 0.3125 0.5625 0.6884399 0.53125 0.6884399 0.59375 0.3125 0.59375 0.6884399 0.5625 0.6884399 0.625 0.3125 0.625 0.6884399 0.59375 0.6884399 0.5 0 0.6104854 0.04576456 0.3895146 0.04576456 0.6104854 0.04576456 0.65625 0.15625 0.34375 0.15625 0.65625 0.15625 0.6104854 0.2667354 0.3895146 0.2667354 0.6104854 0.2667354 0.5 0.3125 0.3895146 0.2667354 0.3895146 0.2667354 0.34375 0.15625 0.65625 0.15625 0.65625 0.84375 0.6104854 0.9542354 0.34375 0.84375 0.6104854 0.9542354 0.5 1 0.3895146 0.9542354 0.34375 0.84375 0.6104854 0.9542354 0.3895146 0.9542354 0.34375 0.84375 0.3895146 0.7332646 0.65625 0.84375 0.3895146 0.7332646 0.5 0.6875 0.6104854 0.7332646 0.5 1 0.5 1 0.6104854 0.9542354 0.5 1 0.3895146 0.9542354 0.3895146 0.9542354 0.3895146 0.9542354 0.34375 0.84375 0.34375 0.84375 0.34375 0.84375 0.3895146 0.7332646 0.3895146 0.7332646 0.3895146 0.7332646 0.5 0.6875 0.5 0.6875 0.6104854 0.7332646 0.6104854 0.7332646 0.5 0.6875 0.65625 0.84375 0.65625 0.84375 0.6104854 0.7332646 0.6104854 0.9542354 0.6104854 0.9542354 0.65625 0.84375 0.5 1 0.5 1 0.6104854 0.9542354 0.3895146 0.9542354 0.3895146 0.9542354 0.5 1 0.34375 0.84375 0.34375 0.84375 0.3895146 0.9542354 0.34375 0.84375 0.3895146 0.7332646 0.3895146 0.7332646 0.3895146 0.7332646 0.5 0.6875 0.5 0.6875 0.6104854 0.7332646 0.6104854 0.7332646 0.5 0.6875 0.65625 0.84375 0.65625 0.84375 0.6104854 0.7332646 0.6104854 0.9542354 0.6104854 0.9542354 0.65625 0.84375 0.5 1 0.5 1 0.6104854 0.9542354 0.5 1 0.3895146 0.9542354 0.3895146 0.9542354 0.3895146 0.9542354 0.34375 0.84375 0.34375 0.84375 0.34375 0.84375 0.3895146 0.7332646 0.3895146 0.7332646 0.3895146 0.7332646 0.5 0.6875 0.5 0.6875 0.6104854 0.7332646 0.6104854 0.7332646 0.5 0.6875 0.65625 0.84375 0.65625 0.84375 0.6104854 0.7332646 0.6104854 0.9542354 0.6104854 0.9542354 0.65625 0.84375 0.375 0.3125 0.375 0.3125 0.375 0.6884399 0.4375 0.3125 0.4375 0.6884399 0.4375 0.6884399 0.6104854 0.04576456 0.65625 0.15625 0.65625 0.15625 0.6104854 0.2667354 0.6104854 0.2667354 0.65625 0.15625 0.5 0.3125 0.5 0.3125 0.6104854 0.2667354 0.5 0.3125 0.3895146 0.2667354 0.3895146 0.2667354 0.3895146 0.2667354 0.34375 0.15625 0.34375 0.15625 0.3895146 0.04576456 0.3895146 0.04576456 0.34375 0.15625 0.6104854 0.9542354 0.6104854 0.9542354 0.6104854 0.9542354 0.3895146 0.9542354 0.3895146 0.9542354 0.3895146 0.9542354 0.6104854 0.9542354 0.6104854 0.9542354 0.6104854 0.9542354 0.3895146 0.9542354 0.3895146 0.9542354 0.3895146 0.9542354 0.5 1 0.6104854 0.9542354 0.6104854 0.9542354 0.6104854 0.9542354 0.6104854 0.9542354 0.6104854 0.9542354 0.3895146 0.9542354 0.3895146 0.9542354 0.3895146 0.9542354 0.5 1 0.5 1 0.3895146 0.9542354 0.40625 0.3125 0.40625 0.6884399 0.375 0.6884399 0.40625 0.3125 0.4375 0.3125 0.4375 0.6884399 0.4375 0.3125 0.46875 0.3125 0.46875 0.6884399 0.46875 0.3125 0.5 0.3125 0.5 0.6884399 0.5 0.3125 0.53125 0.3125 0.53125 0.6884399 0.5625 0.3125 0.5625 0.6884399 0.53125 0.6884399 0.59375 0.3125 0.59375 0.6884399 0.5625 0.6884399 0.625 0.3125 0.625 0.6884399 0.59375 0.6884399 0.5 0 0.6104854 0.04576456 0.3895146 0.04576456 0.6104854 0.04576456 0.65625 0.15625 0.3895146 0.04576456 0.65625 0.15625 0.6104854 0.2667354 0.3895146 0.2667354 0.6104854 0.2667354 0.5 0.3125 0.3895146 0.2667354 0.3895146 0.2667354 0.34375 0.15625 0.65625 0.15625 0.65625 0.84375 0.6104854 0.9542354 0.34375 0.84375 0.6104854 0.9542354 0.5 1 0.3895146 0.9542354 0.34375 0.84375 0.6104854 0.9542354 0.3895146 0.9542354 0.34375 0.84375 0.3895146 0.7332646 0.6104854 0.7332646 0.3895146 0.7332646 0.5 0.6875 0.6104854 0.7332646 0.6104854 0.9542354 0.5 1 0.5 1 0.3895146 0.9542354 0.3895146 0.9542354 0.5 1 0.34375 0.84375 0.34375 0.84375 0.3895146 0.9542354 0.3895146 0.7332646 0.3895146 0.7332646 0.34375 0.84375 0.5 0.6875 0.5 0.6875 0.3895146 0.7332646 0.5 0.6875 0.6104854 0.7332646 0.6104854 0.7332646 0.6104854 0.7332646 0.65625 0.84375 0.65625 0.84375 0.65625 0.84375 0.6104854 0.9542354 0.6104854 0.9542354 0.5 1 0.5 1 0.6104854 0.9542354 0.5 1 0.3895146 0.9542354 0.3895146 0.9542354 0.3895146 0.9542354 0.34375 0.84375 0.34375 0.84375 0.34375 0.84375 0.3895146 0.7332646 0.3895146 0.7332646 0.3895146 0.7332646 0.5 0.6875 0.5 0.6875 0.6104854 0.7332646 0.6104854 0.7332646 0.5 0.6875 0.65625 0.84375 0.65625 0.84375 0.6104854 0.7332646 0.6104854 0.9542354 0.6104854 0.9542354 0.65625 0.84375 0.65625 0.84375 0.65625 0.84375 0.6104854 0.7332646 0.6104854 0.7332646 0.6104854 0.7332646 0.5 0.6875 0.3895146 0.7332646 0.5 0.6875 0.5 0.6875 0.34375 0.84375 0.3895146 0.7332646 0.3895146 0.7332646 0.3895146 0.9542354 0.34375 0.84375 0.34375 0.84375 0.5 1 0.3895146 0.9542354 0.3895146 0.9542354 0.5 1 0.5 1 0.6104854 0.9542354 0.6104854 0.9542354 0.6104854 0.9542354 0.65625 0.84375 0.65625 0.84375 0.65625 0.84375 0.6104854 0.7332646 0.6104854 0.7332646 0.6104854 0.7332646 0.5 0.6875 0.3895146 0.7332646 0.5 0.6875 0.5 0.6875 0.34375 0.84375 0.3895146 0.7332646 0.3895146 0.7332646 0.3895146 0.9542354 0.34375 0.84375 0.34375 0.84375 0.5 1 0.3895146 0.9542354 0.3895146 0.9542354 0.5 1 0.5 1 0.6104854 0.9542354 0.6104854 0.9542354 0.6104854 0.9542354 0.65625 0.84375 0.375 0.3125 0.375 0.3125 0.375 0.6884399 0.4375 0.3125 0.4375 0.6884399 0.4375 0.6884399 0.6104854 0.04576456 0.65625 0.15625 0.65625 0.15625 0.6104854 0.2667354 0.6104854 0.2667354 0.65625 0.15625 0.5 0.3125 0.5 0.3125 0.6104854 0.2667354 0.5 0.3125 0.3895146 0.2667354 0.3895146 0.2667354 0.3895146 0.2667354 0.34375 0.15625 0.34375 0.15625 0.3895146 0.04576456 0.3895146 0.04576456 0.34375 0.15625 0.3895146 0.9542354 0.34375 0.84375 0.34375 0.84375 0.34375 0.84375 0.3895146 0.7332646 0.3895146 0.7332646 0.3895146 0.7332646 0.5 0.6875 0.5 0.6875 0.6104854 0.7332646 0.6104854 0.7332646 0.5 0.6875 0.65625 0.84375 0.65625 0.84375 0.6104854 0.7332646 0.6104854 0.9542354 0.6104854 0.9542354 0.65625 0.84375 0.6104854 0.9542354 0.6104854 0.9542354 0.6104854 0.9542354 0.3895146 0.9542354 0.3895146 0.9542354 0.3895146 0.9542354 0.6104854 0.9542354 0.6104854 0.9542354 0.6104854 0.9542354 0.3895146 0.9542354 0.3895146 0.9542354 0.3895146 0.9542354 0.3895146 0.9542354 0.3895146 0.9542354 0.3895146 0.9542354 0.6104854 0.9542354 0.6104854 0.9542354 0.6104854 0.9542354 0.3895146 0.9542354 0.3895146 0.9542354 0.3895146 0.9542354 0.6104854 0.9542354 0.6104854 0.9542354 0.6104854 0.9542354 0.375 0.3125 0.40625 0.3125 0.40625 0.6884399 0.40625 0.3125 0.4375 0.3125 0.4375 0.6884399 0.46875 0.3125 0.46875 0.6884399 0.4375 0.6884399 0.5 0.3125 0.5 0.6884399 0.46875 0.6884399 0.53125 0.3125 0.53125 0.6884399 0.5 0.6884399 0.5625 0.3125 0.5625 0.6884399 0.53125 0.6884399 0.5625 0.3125 0.59375 0.3125 0.59375 0.6884399 0.59375 0.3125 0.625 0.3125 0.625 0.6884399 0.5 0 0.6104854 0.04576456 0.34375 0.15625 0.6104854 0.04576456 0.65625 0.15625 0.34375 0.15625 0.65625 0.15625 0.6104854 0.2667354 0.3895146 0.2667354 0.6104854 0.2667354 0.5 0.3125 0.3895146 0.2667354 0.3895146 0.2667354 0.34375 0.15625 0.65625 0.15625 0.6104854 0.9542354 0.5 1 0.5 1 0.5 1 0.3895146 0.9542354 0.3895146 0.9542354 0.3895146 0.9542354 0.34375 0.84375 0.34375 0.84375 0.34375 0.84375 0.3895146 0.7332646 0.3895146 0.7332646 0.5 0.6875 0.5 0.6875 0.3895146 0.7332646 0.6104854 0.7332646 0.6104854 0.7332646 0.5 0.6875 0.65625 0.84375 0.65625 0.84375 0.6104854 0.7332646 0.6104854 0.9542354 0.6104854 0.9542354 0.65625 0.84375 0.5 1 0.5 1 0.6104854 0.9542354 0.5 1 0.3895146 0.9542354 0.3895146 0.9542354 0.3895146 0.9542354 0.34375 0.84375 0.34375 0.84375 0.34375 0.84375 0.3895146 0.7332646 0.3895146 0.7332646 0.3895146 0.7332646 0.5 0.6875 0.5 0.6875 0.6104854 0.7332646 0.6104854 0.7332646 0.5 0.6875 0.65625 0.84375 0.65625 0.84375 0.6104854 0.7332646 0.6104854 0.9542354 0.6104854 0.9542354 0.65625 0.84375 0.6104854 0.7332646 0.65625 0.84375 0.65625 0.84375 0.5 0.6875 0.6104854 0.7332646 0.6104854 0.7332646 0.5 0.6875 0.5 0.6875 0.3895146 0.7332646 0.3895146 0.7332646 0.3895146 0.7332646 0.34375 0.84375 0.34375 0.84375 0.34375 0.84375 0.3895146 0.9542354 0.3895146 0.9542354 0.3895146 0.9542354 0.5 1 0.6104854 0.9542354 0.5 1 0.5 1 0.65625 0.84375 0.6104854 0.9542354 0.6104854 0.9542354 0.6104854 0.7332646 0.65625 0.84375 0.65625 0.84375 0.5 0.6875 0.6104854 0.7332646 0.6104854 0.7332646 0.5 0.6875 0.5 0.6875 0.3895146 0.7332646 0.3895146 0.7332646 0.3895146 0.7332646 0.34375 0.84375 0.34375 0.84375 0.34375 0.84375 0.3895146 0.9542354 0.3895146 0.9542354 0.3895146 0.9542354 0.5 1 0.6104854 0.9542354 0.5 1 0.5 1 0.65625 0.84375 0.6104854 0.9542354 0.6104854 0.9542354 0.6104854 0.7332646 0.65625 0.84375 0.65625 0.84375 0.5 0.6875 0.6104854 0.7332646 0.6104854 0.7332646 0.5 0.6875 0.5 0.6875 0.3895146 0.7332646 0.3895146 0.7332646 0.3895146 0.7332646 0.34375 0.84375 0.34375 0.84375 0.34375 0.84375 0.3895146 0.9542354 0.3895146 0.9542354 0.3895146 0.9542354 0.5 1 0.6104854 0.9542354 0.5 1 0.5 1 0.65625 0.84375 0.6104854 0.9542354 0.6104854 0.9542354 0.6104854 0.9542354 0.5 1 0.34375 0.84375 0.5 1 0.3895146 0.9542354 0.34375 0.84375 0.34375 0.84375 0.3895146 0.7332646 0.6104854 0.9542354 0.3895146 0.7332646 0.5 0.6875 0.65625 0.84375 0.5 0.6875 0.6104854 0.7332646 0.65625 0.84375 0.5 0.3125 0.5 0.3125 0.5 0.6884399 0.5625 0.3125 0.5625 0.6884399 0.5625 0.6884399 0.6104854 0.04576456 0.65625 0.15625 0.65625 0.15625 0.6104854 0.2667354 0.6104854 0.2667354 0.65625 0.15625 0.3895146 0.2667354 0.34375 0.15625 0.34375 0.15625 0.3895146 0.04576456 0.3895146 0.04576456 0.34375 0.15625 0.3895146 0.04576456 0.5 0 0.5 0 0.5 0 0.6104854 0.04576456 0.6104854 0.04576456 0.3895146 0.7332646 0.3895146 0.7332646 0.3895146 0.7332646 0.6104854 0.7332646 0.6104854 0.7332646 0.6104854 0.7332646 0.3895146 0.7332646 0.3895146 0.7332646 0.3895146 0.7332646 0.6104854 0.7332646 0.6104854 0.7332646 0.6104854 0.7332646 0.6104854 0.7332646 0.6104854 0.7332646 0.6104854 0.7332646 0.3895146 0.7332646 0.3895146 0.7332646 0.3895146 0.7332646 0.6104854 0.7332646 0.6104854 0.7332646 0.6104854 0.7332646 0.5 0.6875 0.5 0.6875 0.6104854 0.7332646 0.5 0.6875 0.3895146 0.7332646 0.3895146 0.7332646 0.3895146 0.7332646 0.3895146 0.7332646 0.3895146 0.7332646 0.6104854 0.7332646 0.6104854 0.7332646 0.6104854 0.7332646 0.3895146 0.7332646 0.3895146 0.7332646 0.3895146 0.7332646 0.40625 0.3125 0.40625 0.6884399 0.375 0.6884399 0.40625 0.3125 0.4375 0.3125 0.4375 0.6884399 0.4375 0.3125 0.46875 0.3125 0.46875 0.6884399 0.46875 0.3125 0.5 0.3125 0.5 0.6884399 0.5 0.3125 0.53125 0.3125 0.53125 0.6884399 0.5625 0.3125 0.5625 0.6884399 0.53125 0.6884399 0.59375 0.3125 0.59375 0.6884399 0.5625 0.6884399 0.625 0.3125 0.625 0.6884399 0.59375 0.6884399 0.5 0 0.6104854 0.04576456 0.3895146 0.04576456 0.6104854 0.04576456 0.65625 0.15625 0.34375 0.15625 0.65625 0.15625 0.6104854 0.2667354 0.3895146 0.2667354 0.6104854 0.2667354 0.5 0.3125 0.3895146 0.2667354 0.3895146 0.2667354 0.34375 0.15625 0.65625 0.15625 0.65625 0.84375 0.6104854 0.9542354 0.34375 0.84375 0.6104854 0.9542354 0.5 1 0.3895146 0.9542354 0.34375 0.84375 0.6104854 0.9542354 0.3895146 0.9542354 0.34375 0.84375 0.3895146 0.7332646 0.65625 0.84375 0.3895146 0.7332646 0.5 0.6875 0.6104854 0.7332646 0.5 1 0.5 1 0.6104854 0.9542354 0.3895146 0.9542354 0.3895146 0.9542354 0.5 1 0.34375 0.84375 0.34375 0.84375 0.3895146 0.9542354 0.3895146 0.7332646 0.3895146 0.7332646 0.34375 0.84375 0.3895146 0.7332646 0.5 0.6875 0.5 0.6875 0.5 0.6875 0.6104854 0.7332646 0.6104854 0.7332646 0.6104854 0.7332646 0.65625 0.84375 0.65625 0.84375 0.65625 0.84375 0.6104854 0.9542354 0.6104854 0.9542354 0.5 1 0.5 1 0.6104854 0.9542354 0.5 1 0.3895146 0.9542354 0.3895146 0.9542354 0.3895146 0.9542354 0.34375 0.84375 0.34375 0.84375 0.34375 0.84375 0.3895146 0.7332646 0.3895146 0.7332646 0.3895146 0.7332646 0.5 0.6875 0.5 0.6875 0.6104854 0.7332646 0.6104854 0.7332646 0.5 0.6875 0.65625 0.84375 0.65625 0.84375 0.6104854 0.7332646 0.6104854 0.9542354 0.6104854 0.9542354 0.65625 0.84375 0.5 1 0.5 1 0.6104854 0.9542354 0.5 1 0.3895146 0.9542354 0.3895146 0.9542354 0.3895146 0.9542354 0.34375 0.84375 0.34375 0.84375 0.34375 0.84375 0.3895146 0.7332646 0.3895146 0.7332646 0.3895146 0.7332646 0.5 0.6875 0.5 0.6875 0.6104854 0.7332646 0.6104854 0.7332646 0.5 0.6875 0.65625 0.84375 0.65625 0.84375 0.6104854 0.7332646 0.6104854 0.9542354 0.6104854 0.9542354 0.65625 0.84375 0.65625 0.84375 0.65625 0.84375 0.6104854 0.7332646 0.6104854 0.7332646 0.6104854 0.7332646 0.5 0.6875 0.3895146 0.7332646 0.5 0.6875 0.5 0.6875 0.34375 0.84375 0.3895146 0.7332646 0.3895146 0.7332646 0.3895146 0.9542354 0.34375 0.84375 0.34375 0.84375 0.5 1 0.3895146 0.9542354 0.3895146 0.9542354 0.5 1 0.5 1 0.6104854 0.9542354 0.6104854 0.9542354 0.6104854 0.9542354 0.65625 0.84375 0.6104854 0.7332646 0.65625 0.84375 0.65625 0.84375 0.5 0.6875 0.6104854 0.7332646 0.6104854 0.7332646 0.5 0.6875 0.5 0.6875 0.3895146 0.7332646 0.3895146 0.7332646 0.3895146 0.7332646 0.34375 0.84375 0.34375 0.84375 0.34375 0.84375 0.3895146 0.9542354 0.3895146 0.9542354 0.3895146 0.9542354 0.5 1 0.6104854 0.9542354 0.5 1 0.5 1 0.65625 0.84375 0.6104854 0.9542354 0.6104854 0.9542354 0.5 0.6875 0.6104854 0.7332646 0.6104854 0.7332646 0.3895146 0.7332646 0.5 0.6875 0.5 0.6875 0.34375 0.84375 0.3895146 0.7332646 0.3895146 0.7332646 0.34375 0.84375 0.34375 0.84375 0.3895146 0.9542354 0.3895146 0.9542354 0.3895146 0.9542354 0.5 1 0.5 1 0.5 1 0.6104854 0.9542354 0.6104854 0.9542354 0.6104854 0.9542354 0.65625 0.84375 0.6104854 0.7332646 0.65625 0.84375 0.65625 0.84375 0.375 0.3125 0.375 0.3125 0.375 0.6884399 0.4375 0.3125 0.4375 0.6884399 0.4375 0.6884399 0.6104854 0.04576456 0.65625 0.15625 0.65625 0.15625 0.6104854 0.2667354 0.6104854 0.2667354 0.65625 0.15625 0.5 0.3125 0.5 0.3125 0.6104854 0.2667354 0.5 0.3125 0.3895146 0.2667354 0.3895146 0.2667354 0.3895146 0.2667354 0.34375 0.15625 0.34375 0.15625 0.3895146 0.04576456 0.3895146 0.04576456 0.34375 0.15625 0.6104854 0.9542354 0.6104854 0.9542354 0.6104854 0.9542354 0.3895146 0.9542354 0.3895146 0.9542354 0.3895146 0.9542354 0.6104854 0.9542354 0.6104854 0.9542354 0.6104854 0.9542354 0.3895146 0.9542354 0.3895146 0.9542354 0.3895146 0.9542354 0.6104854 0.9542354 0.6104854 0.9542354 0.6104854 0.9542354 0.3895146 0.9542354 0.3895146 0.9542354 0.3895146 0.9542354 0.3895146 0.9542354 0.3895146 0.9542354 0.3895146 0.9542354 0.6104854 0.9542354 0.6104854 0.9542354 0.6104854 0.9542354 0.3895146 0.9542354 0.3895146 0.9542354 0.3895146 0.9542354 0.6104854 0.9542354 0.6104854 0.9542354 0.6104854 0.9542354 0.3895146 0.9542354 0.3895146 0.9542354 0.3895146 0.9542354 0.5 1 0.5 1 0.3895146 0.9542354 0.5 1 0.6104854 0.9542354 0.6104854 0.9542354 0.6104854 0.9542354 0.6104854 0.9542354 0.6104854 0.9542354 0.375 0.3125 0.40625 0.3125 0.40625 0.6884399 0.4375 0.3125 0.4375 0.6884399 0.40625 0.6884399 0.46875 0.3125 0.46875 0.6884399 0.4375 0.6884399 0.5 0.3125 0.5 0.6884399 0.46875 0.6884399 0.53125 0.3125 0.53125 0.6884399 0.5 0.6884399 0.53125 0.3125 0.5625 0.3125 0.5625 0.6884399 0.5625 0.3125 0.59375 0.3125 0.59375 0.6884399 0.59375 0.3125 0.625 0.3125 0.625 0.6884399 0.5 0 0.6104854 0.04576456 0.3895146 0.04576456 0.6104854 0.04576456 0.65625 0.15625 0.34375 0.15625 0.65625 0.15625 0.6104854 0.2667354 0.3895146 0.2667354 0.6104854 0.2667354 0.5 0.3125 0.3895146 0.2667354 0.3895146 0.2667354 0.34375 0.15625 0.65625 0.15625 0.65625 0.84375 0.6104854 0.9542354 0.5 1 0.5 1 0.3895146 0.9542354 0.34375 0.84375 0.34375 0.84375 0.3895146 0.7332646 0.65625 0.84375 0.3895146 0.7332646 0.5 0.6875 0.6104854 0.7332646 0.65625 0.84375 0.3895146 0.7332646 0.6104854 0.7332646 0.6104854 0.9542354 0.5 1 0.5 1 0.5 1 0.3895146 0.9542354 0.3895146 0.9542354 0.3895146 0.9542354 0.34375 0.84375 0.34375 0.84375 0.34375 0.84375 0.3895146 0.7332646 0.3895146 0.7332646 0.3895146 0.7332646 0.5 0.6875 0.5 0.6875 0.6104854 0.7332646 0.6104854 0.7332646 0.5 0.6875 0.65625 0.84375 0.65625 0.84375 0.6104854 0.7332646 0.6104854 0.9542354 0.6104854 0.9542354 0.65625 0.84375 0.5 1 0.5 1 0.6104854 0.9542354 0.5 1 0.3895146 0.9542354 0.3895146 0.9542354 0.3895146 0.9542354 0.34375 0.84375 0.34375 0.84375 0.34375 0.84375 0.3895146 0.7332646 0.3895146 0.7332646 0.3895146 0.7332646 0.5 0.6875 0.5 0.6875 0.6104854 0.7332646 0.6104854 0.7332646 0.5 0.6875 0.65625 0.84375 0.65625 0.84375 0.6104854 0.7332646 0.6104854 0.9542354 0.6104854 0.9542354 0.65625 0.84375 0.6104854 0.9542354 0.5 1 0.5 1 0.3895146 0.9542354 0.3895146 0.9542354 0.5 1 0.34375 0.84375 0.34375 0.84375 0.3895146 0.9542354 0.3895146 0.7332646 0.3895146 0.7332646 0.34375 0.84375 0.5 0.6875 0.5 0.6875 0.3895146 0.7332646 0.5 0.6875 0.6104854 0.7332646 0.6104854 0.7332646 0.6104854 0.7332646 0.65625 0.84375 0.65625 0.84375 0.65625 0.84375 0.6104854 0.9542354 0.6104854 0.9542354 0.6104854 0.7332646 0.65625 0.84375 0.65625 0.84375 0.5 0.6875 0.6104854 0.7332646 0.6104854 0.7332646 0.5 0.6875 0.5 0.6875 0.3895146 0.7332646 0.3895146 0.7332646 0.3895146 0.7332646 0.34375 0.84375 0.34375 0.84375 0.34375 0.84375 0.3895146 0.9542354 0.3895146 0.9542354 0.3895146 0.9542354 0.5 1 0.6104854 0.9542354 0.5 1 0.5 1 0.65625 0.84375 0.6104854 0.9542354 0.6104854 0.9542354 0.5 0.6875 0.6104854 0.7332646 0.6104854 0.7332646 0.5 0.6875 0.5 0.6875 0.3895146 0.7332646 0.3895146 0.7332646 0.3895146 0.7332646 0.34375 0.84375 0.34375 0.84375 0.34375 0.84375 0.3895146 0.9542354 0.3895146 0.9542354 0.3895146 0.9542354 0.5 1 0.6104854 0.9542354 0.5 1 0.5 1 0.65625 0.84375 0.6104854 0.9542354 0.6104854 0.9542354 0.6104854 0.7332646 0.65625 0.84375 0.65625 0.84375 0.6104854 0.7332646 0.65625 0.84375 0.65625 0.84375 0.5 0.6875 0.6104854 0.7332646 0.6104854 0.7332646 0.5 0.6875 0.5 0.6875 0.3895146 0.7332646 0.3895146 0.7332646 0.3895146 0.7332646 0.34375 0.84375 0.34375 0.84375 0.34375 0.84375 0.3895146 0.9542354 0.3895146 0.9542354 0.3895146 0.9542354 0.5 1 0.6104854 0.9542354 0.5 1 0.5 1 0.65625 0.84375 0.6104854 0.9542354 0.6104854 0.9542354 0.5 0.3125 0.5 0.3125 0.5 0.6884399 0.5625 0.3125 0.5625 0.6884399 0.5625 0.6884399 0.6104854 0.04576456 0.65625 0.15625 0.65625 0.15625 0.65625 0.15625 0.6104854 0.2667354 0.6104854 0.2667354 0.34375 0.15625 0.34375 0.15625 0.3895146 0.2667354 0.3895146 0.04576456 0.3895146 0.04576456 0.34375 0.15625 0.5 0 0.5 0 0.3895146 0.04576456 0.5 0 0.6104854 0.04576456 0.6104854 0.04576456 0.6104854 0.9542354 0.5 1 0.5 1 0.3895146 0.9542354 0.3895146 0.9542354 0.5 1 0.34375 0.84375 0.34375 0.84375 0.3895146 0.9542354 0.34375 0.84375 0.3895146 0.7332646 0.3895146 0.7332646 0.65625 0.84375 0.65625 0.84375 0.6104854 0.7332646 0.65625 0.84375 0.6104854 0.9542354 0.6104854 0.9542354 0.3895146 0.7332646 0.3895146 0.7332646 0.3895146 0.7332646 0.6104854 0.7332646 0.6104854 0.7332646 0.6104854 0.7332646 0.3895146 0.7332646 0.3895146 0.7332646 0.3895146 0.7332646 0.6104854 0.7332646 0.6104854 0.7332646 0.6104854 0.7332646 0.3895146 0.7332646 0.3895146 0.7332646 0.3895146 0.7332646 0.6104854 0.7332646 0.6104854 0.7332646 0.6104854 0.7332646 0.6104854 0.7332646 0.6104854 0.7332646 0.6104854 0.7332646 0.3895146 0.7332646 0.3895146 0.7332646 0.3895146 0.7332646 0.6104854 0.7332646 0.6104854 0.7332646 0.6104854 0.7332646 0.3895146 0.7332646 0.3895146 0.7332646 0.3895146 0.7332646 0.6104854 0.7332646 0.6104854 0.7332646 0.6104854 0.7332646 0.3895146 0.7332646 0.3895146 0.7332646 0.3895146 0.7332646 0.375 0.3125 0.40625 0.3125 0.40625 0.6884399 0.4375 0.3125 0.4375 0.6884399 0.40625 0.6884399 0.46875 0.3125 0.46875 0.6884399 0.4375 0.6884399 0.5 0.3125 0.5 0.6884399 0.46875 0.6884399 0.53125 0.3125 0.53125 0.6884399 0.5 0.6884399 0.53125 0.3125 0.5625 0.3125 0.5625 0.6884399 0.5625 0.3125 0.59375 0.3125 0.59375 0.6884399 0.59375 0.3125 0.625 0.3125 0.625 0.6884399 0.5 0 0.6104854 0.04576456 0.3895146 0.04576456 0.6104854 0.04576456 0.65625 0.15625 0.3895146 0.2667354 0.34375 0.15625 0.6104854 0.04576456 0.3895146 0.2667354 0.65625 0.15625 0.6104854 0.2667354 0.3895146 0.2667354 0.6104854 0.2667354 0.5 0.3125 0.3895146 0.2667354 0.65625 0.84375 0.6104854 0.9542354 0.34375 0.84375 0.6104854 0.9542354 0.5 1 0.3895146 0.9542354 0.34375 0.84375 0.6104854 0.9542354 0.3895146 0.9542354 0.34375 0.84375 0.3895146 0.7332646 0.65625 0.84375 0.3895146 0.7332646 0.5 0.6875 0.6104854 0.7332646 0.6104854 0.9542354 0.5 1 0.5 1 0.5 1 0.3895146 0.9542354 0.3895146 0.9542354 0.3895146 0.9542354 0.34375 0.84375 0.34375 0.84375 0.34375 0.84375 0.3895146 0.7332646 0.3895146 0.7332646 0.3895146 0.7332646 0.5 0.6875 0.5 0.6875 0.6104854 0.7332646 0.6104854 0.7332646 0.5 0.6875 0.65625 0.84375 0.65625 0.84375 0.6104854 0.7332646 0.6104854 0.9542354 0.6104854 0.9542354 0.65625 0.84375 0.5 1 0.5 1 0.6104854 0.9542354 0.5 1 0.3895146 0.9542354 0.3895146 0.9542354 0.3895146 0.9542354 0.34375 0.84375 0.34375 0.84375 0.34375 0.84375 0.3895146 0.7332646 0.3895146 0.7332646 0.3895146 0.7332646 0.5 0.6875 0.5 0.6875 0.6104854 0.7332646 0.6104854 0.7332646 0.5 0.6875 0.65625 0.84375 0.65625 0.84375 0.6104854 0.7332646 0.6104854 0.9542354 0.6104854 0.9542354 0.65625 0.84375 0.6104854 0.9542354 0.5 1 0.5 1 0.3895146 0.9542354 0.3895146 0.9542354 0.5 1 0.34375 0.84375 0.34375 0.84375 0.3895146 0.9542354 0.3895146 0.7332646 0.3895146 0.7332646 0.34375 0.84375 0.5 0.6875 0.5 0.6875 0.3895146 0.7332646 0.5 0.6875 0.6104854 0.7332646 0.6104854 0.7332646 0.6104854 0.7332646 0.65625 0.84375 0.65625 0.84375 0.65625 0.84375 0.6104854 0.9542354 0.6104854 0.9542354 0.6104854 0.7332646 0.65625 0.84375 0.65625 0.84375 0.5 0.6875 0.6104854 0.7332646 0.6104854 0.7332646 0.5 0.6875 0.5 0.6875 0.3895146 0.7332646 0.3895146 0.7332646 0.3895146 0.7332646 0.34375 0.84375 0.34375 0.84375 0.34375 0.84375 0.3895146 0.9542354 0.3895146 0.9542354 0.3895146 0.9542354 0.5 1 0.6104854 0.9542354 0.5 1 0.5 1 0.65625 0.84375 0.6104854 0.9542354 0.6104854 0.9542354 0.5 0.6875 0.6104854 0.7332646 0.6104854 0.7332646 0.5 0.6875 0.5 0.6875 0.3895146 0.7332646 0.3895146 0.7332646 0.3895146 0.7332646 0.34375 0.84375 0.34375 0.84375 0.34375 0.84375 0.3895146 0.9542354 0.3895146 0.9542354 0.3895146 0.9542354 0.5 1 0.6104854 0.9542354 0.5 1 0.5 1 0.65625 0.84375 0.6104854 0.9542354 0.6104854 0.9542354 0.6104854 0.7332646 0.65625 0.84375 0.65625 0.84375 0.6104854 0.7332646 0.65625 0.84375 0.65625 0.84375 0.5 0.6875 0.6104854 0.7332646 0.6104854 0.7332646 0.5 0.6875 0.5 0.6875 0.3895146 0.7332646 0.3895146 0.7332646 0.3895146 0.7332646 0.34375 0.84375 0.34375 0.84375 0.34375 0.84375 0.3895146 0.9542354 0.3895146 0.9542354 0.3895146 0.9542354 0.5 1 0.6104854 0.9542354 0.5 1 0.5 1 0.65625 0.84375 0.6104854 0.9542354 0.6104854 0.9542354 0.53125 0.3125 0.53125 0.3125 0.53125 0.6884399 0.59375 0.3125 0.59375 0.6884399 0.59375 0.6884399 0.65625 0.15625 0.65625 0.15625 0.6104854 0.04576456 0.5 0.3125 0.3895146 0.2667354 0.3895146 0.2667354 0.34375 0.15625 0.34375 0.15625 0.3895146 0.2667354 0.3895146 0.04576456 0.3895146 0.04576456 0.34375 0.15625 0.5 0 0.5 0 0.3895146 0.04576456 0.5 0 0.6104854 0.04576456 0.6104854 0.04576456 0.5 0.6875 0.5 0.6875 0.5 0.6875 0.65625 0.84375 0.65625 0.84375 0.65625 0.84375 0.5 0.6875 0.5 0.6875 0.5 0.6875 0.65625 0.84375 0.65625 0.84375 0.65625 0.84375 0.5 0.6875 0.5 0.6875 0.6104854 0.7332646 0.5 0.6875 0.5 0.6875 0.5 0.6875 0.65625 0.84375 0.65625 0.84375 0.65625 0.84375 0.6104854 0.7332646 0.6104854 0.7332646 0.65625 0.84375 0.65625 0.84375 0.65625 0.84375 0.65625 0.84375 0.5 0.6875 0.5 0.6875 0.5 0.6875 0.5 0.6875 0.5 0.6875 0.5 0.6875 0.65625 0.84375 0.65625 0.84375 0.65625 0.84375 0.65625 0.84375 0.65625 0.84375 0.65625 0.84375 0.5 0.6875 0.5 0.6875 0.5 0.6875 0.40625 0.3125 0.40625 0.6884399 0.375 0.6884399 0.40625 0.3125 0.4375 0.3125 0.4375 0.6884399 0.4375 0.3125 0.46875 0.3125 0.46875 0.6884399 0.46875 0.3125 0.5 0.3125 0.5 0.6884399 0.5 0.3125 0.53125 0.3125 0.53125 0.6884399 0.53125 0.3125 0.5625 0.3125 0.5625 0.6884399 0.59375 0.3125 0.59375 0.6884399 0.5625 0.6884399 0.625 0.3125 0.625 0.6884399 0.59375 0.6884399 0.5 0 0.6104854 0.04576456 0.34375 0.15625 0.6104854 0.04576456 0.65625 0.15625 0.3895146 0.2667354 0.3895146 0.2667354 0.65625 0.15625 0.5 0.3125 0.65625 0.15625 0.6104854 0.2667354 0.5 0.3125 0.3895146 0.2667354 0.34375 0.15625 0.6104854 0.04576456 0.65625 0.84375 0.6104854 0.9542354 0.3895146 0.7332646 0.6104854 0.9542354 0.5 1 0.34375 0.84375 0.5 1 0.3895146 0.9542354 0.34375 0.84375 0.34375 0.84375 0.3895146 0.7332646 0.6104854 0.9542354 0.3895146 0.7332646 0.5 0.6875 0.65625 0.84375 0.5 1 0.5 1 0.6104854 0.9542354 0.5 1 0.3895146 0.9542354 0.3895146 0.9542354 0.3895146 0.9542354 0.34375 0.84375 0.34375 0.84375 0.34375 0.84375 0.3895146 0.7332646 0.3895146 0.7332646 0.3895146 0.7332646 0.5 0.6875 0.5 0.6875 0.6104854 0.7332646 0.6104854 0.7332646 0.5 0.6875 0.65625 0.84375 0.65625 0.84375 0.6104854 0.7332646 0.6104854 0.9542354 0.6104854 0.9542354 0.65625 0.84375 0.5 1 0.5 1 0.6104854 0.9542354 0.3895146 0.9542354 0.3895146 0.9542354 0.5 1 0.34375 0.84375 0.34375 0.84375 0.3895146 0.9542354 0.34375 0.84375 0.3895146 0.7332646 0.3895146 0.7332646 0.3895146 0.7332646 0.5 0.6875 0.5 0.6875 0.5 0.6875 0.6104854 0.7332646 0.6104854 0.7332646 0.6104854 0.7332646 0.65625 0.84375 0.65625 0.84375 0.6104854 0.9542354 0.6104854 0.9542354 0.65625 0.84375 0.5 1 0.5 1 0.6104854 0.9542354 0.5 1 0.3895146 0.9542354 0.3895146 0.9542354 0.3895146 0.9542354 0.34375 0.84375 0.34375 0.84375 0.34375 0.84375 0.3895146 0.7332646 0.3895146 0.7332646 0.3895146 0.7332646 0.5 0.6875 0.5 0.6875 0.5 0.6875 0.6104854 0.7332646 0.6104854 0.7332646 0.65625 0.84375 0.65625 0.84375 0.6104854 0.7332646 0.6104854 0.9542354 0.6104854 0.9542354 0.65625 0.84375 0.40625 0.3125 0.40625 0.3125 0.40625 0.6884399 0.46875 0.3125 0.46875 0.6884399 0.46875 0.6884399 0.65625 0.15625 0.65625 0.15625 0.6104854 0.04576456 0.6104854 0.2667354 0.6104854 0.2667354 0.65625 0.15625 0.6104854 0.2667354 0.5 0.3125 0.5 0.3125 0.5 0.3125 0.3895146 0.2667354 0.3895146 0.2667354 0.34375 0.15625 0.34375 0.15625 0.3895146 0.2667354 0.5 0 0.6104854 0.04576456 0.6104854 0.04576456 0.5 1 0.5 1 0.5 1 0.34375 0.84375 0.34375 0.84375 0.34375 0.84375 0.5 1 0.5 1 0.5 1 0.34375 0.84375 0.34375 0.84375 0.34375 0.84375 0.3895146 0.9542354 0.5 1 0.5 1 0.5 1 0.5 1 0.5 1 0.34375 0.84375 0.34375 0.84375 0.34375 0.84375 0.3895146 0.9542354 0.3895146 0.9542354 0.34375 0.84375</float_array>
          <technique_common>
            <accessor source="#Mesh_006-mesh-map-0-array" count="5880" stride="2">
              <param name="S" type="float"/>
              <param name="T" type="float"/>
            </accessor>
          </technique_common>
        </source>
        <vertices id="Mesh_006-mesh-vertices">
          <input semantic="POSITION" source="#Mesh_006-mesh-positions"/>
        </vertices>
        <triangles material="deadTree_002-material" count="1032">
          <input semantic="VERTEX" source="#Mesh_006-mesh-vertices" offset="0"/>
          <input semantic="NORMAL" source="#Mesh_006-mesh-normals" offset="1"/>
          <input semantic="TEXCOORD" source="#Mesh_006-mesh-map-0" offset="2" set="0"/>
          <p>0 0 0 8 1 1 7 2 2 1 3 3 9 4 4 8 5 5 3 6 6 9 7 7 2 8 8 4 9 9 10 10 10 3 11 11 5 12 12 11 13 13 4 14 14 6 21 21 7 22 22 13 23 23 33 27 27 34 28 28 29 29 29 7 2 30 15 30 31 14 31 32 8 5 33 16 32 34 15 33 35 9 7 36 17 34 37 16 35 38 10 10 39 18 36 40 17 37 41 12 38 42 18 39 43 11 13 44 7 22 51 20 43 52 13 23 53 14 31 54 41 44 55 42 45 56 15 33 57 40 46 58 41 47 59 16 35 60 39 48 61 40 49 62 17 37 63 38 50 64 39 51 65 19 52 66 38 53 67 18 39 68 14 58 75 36 59 76 20 43 77 21 60 78 29 61 79 28 62 80 22 63 81 30 64 82 29 65 83 23 66 84 31 67 85 30 68 86 25 69 87 31 70 88 24 71 89 26 72 90 32 73 91 25 74 92 27 81 99 28 82 100 35 83 101 37 87 108 25 88 109 38 53 110 39 51 111 25 69 112 24 71 113 40 49 114 24 89 115 23 66 116 41 47 117 23 90 118 22 63 119 42 45 120 22 91 121 21 60 122 42 92 123 27 81 124 36 59 125 66 131 180 74 132 181 73 133 182 68 134 183 74 135 184 67 136 185 69 137 186 75 138 187 68 139 188 70 140 189 76 141 190 69 142 191 71 149 198 79 150 199 78 151 200 72 152 201 73 153 202 79 154 203 74 132 210 107 161 211 73 133 212 74 135 213 105 162 214 106 163 215 75 138 216 104 164 217 105 165 218 76 141 219 103 166 220 104 167 221 79 150 228 102 171 229 78 151 230 73 153 231 101 172 232 79 154 233 80 173 234 88 174 235 87 175 236 82 176 237 88 177 238 81 178 239 83 179 240 89 180 241 82 181 242 84 182 243 90 183 244 83 184 245 85 191 252 93 192 253 92 193 254 86 194 255 87 195 256 93 196 257 87 175 258 95 197 259 94 198 260 89 199 261 95 200 262 88 177 263 90 201 264 96 202 265 89 180 266 91 203 267 97 204 268 90 183 269 92 193 276 100 209 277 99 210 278 93 196 279 94 211 280 100 209 281 102 171 282 86 212 283 85 191 284 103 166 291 83 184 292 104 167 293 104 164 294 82 181 295 105 165 296 106 163 297 82 176 298 81 178 299 107 161 300 81 214 301 80 173 302 101 172 303 80 215 304 86 194 305 136 258 372 144 259 373 143 260 374 138 261 375 144 262 376 137 263 377 139 264 378 145 265 379 138 266 380 140 267 381 146 268 382 139 269 383 141 276 390 149 277 391 148 278 392 142 279 393 143 280 394 149 281 395 144 259 402 150 288 403 143 260 404 145 289 405 151 290 406 144 262 407 145 265 408 153 291 409 152 292 410 146 268 411 154 293 412 153 294 413 149 277 420 155 299 421 148 278 422 143 280 423 156 300 424 149 281 425 151 301 426 177 302 427 150 288 428 151 290 429 175 303 430 176 304 431 152 292 432 174 305 433 175 306 434 153 294 435 173 307 436 174 308 437 156 312 444 172 313 445 155 299 446 150 314 447 171 315 448 156 300 449 158 316 450 164 317 451 157 318 452 159 319 453 165 320 454 158 321 455 160 322 456 166 323 457 159 324 458 160 325 459 168 326 460 167 327 461 162 334 468 170 335 469 169 336 470 157 337 471 170 335 472 163 338 473 172 313 474 163 339 475 162 334 476 174 308 483 161 344 484 160 325 485 174 305 486 159 324 487 175 306 488 175 303 489 158 321 490 176 304 491 176 345 492 157 318 493 177 302 494 177 346 495 163 338 496 171 315 497 206 389 564 214 390 565 213 391 566 208 392 567 214 393 568 207 394 569 209 395 570 215 396 571 208 397 572 210 398 573 216 399 574 209 400 575 211 407 582 219 408 583 218 409 584 212 410 585 213 411 586 219 412 587 240 416 591 241 417 592 237 418 593 214 390 594 248 419 595 213 391 596 214 393 597 246 420 598 247 421 599 215 396 600 245 422 601 246 423 602 216 399 603 244 424 604 245 425 605 219 408 612 243 429 613 218 409 614 213 411 615 242 430 616 219 412 617 220 431 618 228 432 619 227 433 620 222 434 621 228 435 622 221 436 623 223 437 624 229 438 625 222 439 626 224 440 627 230 441 628 223 442 629 225 449 636 233 450 637 232 451 638 226 452 639 227 453 640 233 454 641 227 433 642 235 455 643 234 456 644 229 457 645 235 458 646 228 435 647 230 459 648 236 460 649 229 438 650 231 461 651 237 462 652 230 441 653 232 451 660 241 467 661 240 468 662 233 454 663 234 469 664 241 470 665 243 429 666 226 471 667 225 449 668 244 424 675 223 442 676 245 425 677 245 422 678 222 439 679 246 423 680 246 420 681 221 436 682 247 421 683 248 419 684 221 473 685 220 431 686 242 430 687 220 474 688 226 452 689 273 513 744 329 514 745 272 515 746 274 516 747 328 517 748 273 518 749 274 519 750 334 520 751 327 521 752 275 522 753 333 523 754 334 524 755 276 525 756 332 526 757 333 527 758 277 528 759 331 529 760 332 530 761 278 531 762 330 532 763 331 533 764 272 534 765 330 535 766 279 536 767 336 537 768 335 537 769 337 537 770 338 537 771 336 537 772 337 537 773 339 537 774 338 537 775 337 537 776 340 537 777 339 537 778 337 537 779 341 537 780 340 537 781 337 537 782 342 537 783 341 537 784 337 537 785 343 537 786 342 537 787 337 537 788 335 537 789 343 537 790 337 537 791 288 538 792 289 539 793 290 540 794 289 539 795 291 541 796 290 540 797 291 541 798 292 542 799 290 540 800 292 542 801 293 543 802 290 540 803 293 543 804 294 544 805 290 540 806 294 544 807 295 545 808 290 540 809 295 545 810 296 546 811 290 540 812 296 546 813 288 538 814 290 540 815 281 547 816 317 548 817 280 549 818 281 550 819 315 551 820 316 552 821 282 553 822 314 554 823 315 555 824 283 556 825 313 557 826 314 558 827 284 559 828 320 560 829 313 561 830 286 562 831 320 563 832 285 564 833 287 565 834 319 566 835 286 567 836 280 568 837 318 569 838 287 570 839 297 571 840 306 572 841 298 573 842 298 574 843 307 575 844 299 576 845 300 577 846 307 578 847 308 579 848 301 580 849 308 581 850 309 582 851 302 583 852 309 584 853 310 585 854 303 586 855 310 587 856 311 588 857 303 589 858 312 590 859 304 591 860 304 592 861 305 593 862 297 594 863 305 595 864 286 567 865 306 572 866 307 575 867 286 562 868 285 564 869 308 579 870 285 596 871 284 559 872 309 582 873 284 597 874 283 556 875 310 585 876 283 598 877 282 553 878 310 587 879 281 550 880 311 588 881 311 599 882 280 549 883 312 590 884 312 600 885 287 570 886 305 593 887 314 558 888 293 601 889 292 602 890 314 554 891 291 603 892 315 555 893 317 610 900 296 611 901 318 569 902 319 566 903 296 612 904 295 613 905 320 563 906 295 614 907 294 615 908 313 561 909 294 616 910 293 617 911 327 632 930 303 586 931 328 517 932 329 514 933 303 589 934 304 591 935 330 535 936 304 592 937 297 594 938 331 533 939 297 571 940 298 573 941 332 530 942 298 574 943 299 576 944 333 527 945 299 633 946 300 577 947 333 523 948 301 580 949 334 524 950 334 520 951 302 583 952 327 521 953 272 515 954 336 634 955 273 513 956 273 518 957 338 635 958 274 516 959 274 519 960 339 636 961 275 637 962 275 522 963 340 638 964 276 639 965 276 525 966 341 640 967 277 641 968 277 528 969 342 642 970 278 643 971 278 531 972 343 644 973 279 645 974 279 536 975 335 646 976 272 534 977 345 647 978 352 648 979 344 649 980 346 653 984 355 654 985 354 655 986 347 656 987 356 657 988 355 658 989 348 659 990 357 660 991 356 661 992 350 662 993 357 663 994 349 664 995 351 665 996 358 666 997 350 667 998 344 668 999 359 669 1000 351 670 1001 372 674 1005 373 675 1006 370 676 1007 355 654 1014 387 682 1015 354 655 1016 356 657 1017 386 683 1018 355 658 1019 357 660 1020 385 684 1021 356 661 1022 358 685 1023 384 686 1024 357 663 1025 358 666 1026 382 687 1027 383 688 1028 359 669 1029 388 689 1030 382 690 1031 361 697 1038 379 698 1039 380 699 1040 362 700 1041 378 701 1042 379 702 1043 363 703 1044 377 704 1045 378 705 1046 365 706 1047 377 707 1048 364 708 1049 366 709 1050 376 710 1051 365 711 1052 360 712 1053 375 713 1054 366 714 1055 375 715 1056 373 716 1057 376 710 1058 376 717 1059 372 718 1060 377 707 1061 377 704 1062 371 719 1063 378 705 1064 378 701 1065 370 720 1066 379 702 1067 380 699 1068 370 721 1069 369 722 1070 375 713 1077 367 727 1078 374 728 1079 382 687 1080 365 711 1081 383 688 1082 383 729 1083 364 708 1084 384 686 1085 385 684 1086 364 730 1087 363 703 1088 386 683 1089 363 731 1090 362 700 1091 387 682 1092 362 732 1093 361 697 1094 388 689 1101 366 714 1102 382 690 1103 413 779 1164 419 780 1165 412 781 1166 414 782 1167 420 783 1168 413 784 1169 415 785 1170 421 786 1171 414 787 1172 416 788 1173 422 789 1174 415 790 1175 417 797 1182 425 798 1183 424 799 1184 418 800 1185 419 801 1186 425 802 1187 420 806 1191 447 807 1192 419 780 1193 421 808 1194 446 809 1195 420 783 1196 421 786 1197 444 810 1198 445 811 1199 422 789 1200 443 812 1201 444 813 1202 425 798 1209 442 818 1210 424 799 1211 419 801 1212 441 819 1213 425 802 1214 427 820 1215 461 821 1216 426 822 1217 427 823 1218 459 824 1219 460 825 1220 428 826 1221 458 827 1222 459 828 1223 429 829 1224 457 830 1225 458 831 1226 432 838 1233 456 839 1234 431 840 1235 426 841 1236 455 842 1237 432 843 1238 442 818 1239 432 838 1240 431 840 1241 443 812 1248 429 829 1249 444 813 1250 444 810 1251 428 826 1252 445 811 1253 445 844 1254 427 823 1255 446 809 1256 447 807 1257 427 820 1258 426 822 1259 441 819 1260 426 841 1261 432 843 1262 449 845 1263 440 846 1264 439 847 1265 450 854 1272 436 855 1273 451 856 1274 451 857 1275 435 858 1276 452 859 1277 452 860 1278 434 861 1279 453 862 1280 454 863 1281 434 864 1282 433 865 1283 448 866 1284 433 867 1285 440 868 1286 456 839 1287 448 869 1288 449 845 1289 457 830 1296 451 856 1297 458 831 1298 458 827 1299 452 859 1300 459 828 1301 459 824 1302 453 862 1303 460 825 1304 461 821 1305 453 871 1306 454 863 1307 455 842 1308 454 872 1309 448 866 1310 439 873 1311 440 874 1312 435 875 1313 489 922 1380 497 923 1381 496 924 1382 490 925 1383 498 926 1384 497 927 1385 491 928 1386 499 929 1387 498 930 1388 493 931 1389 499 932 1390 492 933 1391 494 934 1392 500 935 1393 493 936 1394 488 937 1395 501 938 1396 494 939 1397 523 943 1401 520 944 1402 522 945 1403 496 924 1410 504 950 1411 503 951 1412 497 927 1413 505 952 1414 504 953 1415 498 930 1416 506 954 1417 505 955 1418 500 956 1419 506 957 1420 499 932 1421 501 958 1422 507 959 1423 500 935 1424 495 960 1425 508 961 1426 501 938 1427 504 950 1434 510 965 1435 503 951 1436 504 953 1437 512 966 1438 511 967 1439 505 955 1440 513 968 1441 512 969 1442 507 970 1443 513 971 1444 506 957 1445 508 972 1446 514 973 1447 507 959 1448 502 974 1449 515 975 1450 508 961 1451 510 965 1458 519 980 1459 518 981 1460 511 967 1461 520 982 1462 519 983 1463 512 969 1464 521 984 1465 520 985 1466 514 986 1467 521 987 1468 513 971 1469 515 988 1470 522 989 1471 514 973 1472 509 990 1473 523 991 1474 515 975 1475 545 1033 1530 553 1034 1531 552 1035 1532 546 1036 1533 554 1037 1534 553 1038 1535 547 1039 1536 555 1040 1537 554 1041 1538 549 1042 1539 555 1043 1540 548 1044 1541 550 1045 1542 556 1046 1543 549 1047 1544 544 1048 1545 557 1049 1546 550 1050 1547 553 1034 1560 584 1060 1561 552 1035 1562 554 1037 1563 583 1061 1564 553 1038 1565 555 1040 1566 582 1062 1567 554 1041 1568 555 1043 1569 580 1063 1570 581 1064 1571 556 1046 1572 579 1065 1573 580 1066 1574 557 1049 1575 585 1067 1576 579 1068 1577 559 1075 1584 576 1076 1585 577 1077 1586 560 1078 1587 575 1079 1588 576 1080 1589 561 1081 1590 574 1082 1591 575 1083 1592 563 1084 1593 574 1085 1594 562 1086 1595 564 1087 1596 573 1088 1597 563 1089 1598 558 1090 1599 572 1091 1600 564 1092 1601 572 1093 1602 570 1094 1603 573 1088 1604 573 1095 1605 569 1096 1606 574 1085 1607 575 1083 1608 569 1097 1609 568 1098 1610 576 1080 1611 568 1099 1612 567 1100 1613 577 1077 1614 567 1100 1615 566 1101 1616 578 1106 1623 571 1107 1624 572 1091 1625 579 1065 1626 563 1089 1627 580 1066 1628 580 1063 1629 562 1086 1630 581 1064 1631 582 1062 1632 562 1108 1633 561 1081 1634 583 1061 1635 561 1109 1636 560 1078 1637 584 1060 1638 560 1110 1639 559 1075 1640 585 1067 1647 564 1092 1648 579 1068 1649 614 1154 1716 622 1155 1717 621 1156 1718 615 1157 1719 623 1158 1720 622 1159 1721 617 1160 1722 623 1161 1723 616 1162 1724 618 1163 1725 624 1164 1726 617 1165 1727 619 1172 1734 627 1173 1735 626 1174 1736 620 1175 1737 621 1176 1738 627 1177 1739 621 1156 1743 648 1181 1744 649 1182 1745 622 1159 1746 647 1183 1747 648 1184 1748 623 1161 1749 646 1185 1750 647 1186 1751 624 1164 1752 645 1187 1753 646 1188 1754 627 1173 1761 644 1193 1762 626 1174 1763 621 1176 1764 643 1194 1765 627 1177 1766 629 1195 1767 663 1196 1768 628 1197 1769 629 1198 1770 661 1199 1771 662 1200 1772 630 1201 1773 660 1202 1774 661 1203 1775 631 1204 1776 659 1205 1777 660 1206 1778 634 1213 1785 658 1214 1786 633 1215 1787 628 1216 1788 657 1217 1789 634 1218 1790 644 1193 1791 634 1213 1792 633 1215 1793 645 1187 1800 631 1204 1801 646 1188 1802 646 1185 1803 630 1201 1804 647 1186 1805 647 1183 1806 629 1198 1807 648 1184 1808 649 1182 1809 629 1195 1810 628 1197 1811 643 1194 1812 628 1216 1813 634 1218 1814 651 1220 1815 642 1221 1816 641 1222 1817 652 1229 1824 638 1230 1825 653 1231 1826 653 1232 1827 637 1233 1828 654 1234 1829 654 1235 1830 636 1236 1831 655 1237 1832 656 1238 1833 636 1239 1834 635 1240 1835 650 1241 1836 635 1242 1837 642 1243 1838 658 1214 1839 650 1244 1840 651 1220 1841 659 1205 1848 653 1231 1849 660 1206 1850 660 1202 1851 654 1234 1852 661 1203 1853 661 1199 1854 655 1237 1855 662 1200 1856 663 1196 1857 655 1246 1858 656 1238 1859 657 1217 1860 656 1247 1861 650 1241 1862 642 1248 1863 635 1249 1864 639 1250 1865 691 1302 1932 699 1303 1933 698 1304 1934 692 1305 1935 700 1306 1936 699 1307 1937 693 1308 1938 701 1309 1939 700 1310 1940 695 1311 1941 701 1312 1942 694 1313 1943 696 1314 1944 702 1315 1945 695 1316 1946 690 1317 1947 703 1318 1948 696 1319 1949 725 1323 1953 722 1324 1954 724 1325 1955 699 1303 1962 731 1329 1963 698 1304 1964 700 1306 1965 730 1330 1966 699 1307 1967 700 1310 1968 728 1331 1969 729 1332 1970 701 1312 1971 727 1333 1972 728 1334 1973 702 1315 1974 726 1335 1975 727 1336 1976 703 1318 1977 732 1337 1978 726 1338 1979 705 1345 1986 737 1346 1987 738 1347 1988 706 1348 1989 736 1349 1990 737 1350 1991 707 1351 1992 735 1352 1993 736 1353 1994 709 1354 1995 735 1355 1996 708 1356 1997 710 1357 1998 734 1358 1999 709 1359 2000 704 1360 2001 733 1361 2002 710 1362 2003 712 1369 2010 743 1370 2011 744 1371 2012 713 1372 2013 742 1373 2014 743 1374 2015 714 1375 2016 741 1376 2017 742 1377 2018 716 1378 2019 741 1379 2020 715 1380 2021 717 1381 2022 740 1382 2023 716 1383 2024 711 1384 2025 746 1385 2026 717 1386 2027 726 1335 2028 709 1359 2029 727 1336 2030 727 1333 2031 708 1356 2032 728 1334 2033 729 1332 2034 708 1387 2035 707 1351 2036 730 1330 2037 707 1388 2038 706 1348 2039 731 1329 2040 706 1389 2041 705 1345 2042 732 1337 2049 710 1362 2050 726 1338 2051 734 1358 2052 717 1381 2053 716 1383 2054 735 1355 2055 716 1378 2056 715 1380 2057 735 1352 2058 714 1375 2059 736 1353 2060 736 1349 2061 713 1372 2062 737 1350 2063 737 1346 2064 712 1369 2065 738 1347 2066 733 1361 2073 711 1384 2074 717 1386 2075 741 1379 2076 724 1392 2077 723 1393 2078 742 1377 2079 723 1394 2080 722 1395 2081 743 1374 2082 722 1396 2083 721 1397 2084 743 1370 2085 720 1398 2086 744 1371 2087 745 1402 2094 725 1403 2095 746 1385 2096 740 1382 2097 725 1404 2098 724 1405 2099 776 1453 2166 784 1454 2167 783 1455 2168 778 1456 2169 784 1457 2170 777 1458 2171 779 1459 2172 785 1460 2173 778 1461 2174 780 1462 2175 786 1463 2176 779 1464 2177 781 1471 2184 789 1472 2185 788 1473 2186 782 1474 2187 783 1475 2188 789 1476 2189 783 1455 2196 816 1483 2197 817 1484 2198 784 1457 2199 815 1485 2200 816 1486 2201 785 1460 2202 814 1487 2203 815 1488 2204 786 1463 2205 813 1489 2206 814 1490 2207 789 1472 2214 812 1494 2215 788 1473 2216 783 1475 2217 811 1495 2218 789 1476 2219 791 1496 2220 823 1497 2221 790 1498 2222 791 1499 2223 821 1500 2224 822 1501 2225 792 1502 2226 820 1503 2227 821 1504 2228 793 1505 2229 819 1506 2230 820 1507 2231 796 1514 2238 818 1515 2239 795 1516 2240 790 1517 2241 824 1518 2242 796 1519 2243 797 1520 2244 805 1521 2245 804 1522 2246 799 1523 2247 805 1524 2248 798 1525 2249 800 1526 2250 806 1527 2251 799 1528 2252 801 1529 2253 807 1530 2254 800 1531 2255 802 1538 2262 810 1539 2263 809 1540 2264 803 1541 2265 804 1542 2266 810 1543 2267 812 1494 2268 796 1514 2269 795 1516 2270 813 1489 2277 793 1505 2278 814 1490 2279 814 1487 2280 792 1502 2281 815 1488 2282 815 1485 2283 791 1499 2284 816 1486 2285 817 1484 2286 791 1496 2287 790 1498 2288 811 1495 2289 790 1517 2290 796 1519 2291 819 1506 2298 828 1547 2299 820 1507 2300 820 1503 2301 829 1548 2302 821 1504 2303 821 1500 2304 830 1549 2305 822 1501 2306 823 1497 2307 830 1550 2308 831 1551 2309 824 1518 2310 831 1552 2311 825 1553 2312 818 1515 2313 825 1554 2314 826 1555 2315 826 1555 2316 803 1556 2317 802 1538 2318 827 1559 2325 800 1531 2326 828 1547 2327 828 1560 2328 799 1528 2329 829 1548 2330 829 1561 2331 798 1525 2332 830 1549 2333 831 1551 2334 798 1562 2335 797 1520 2336 825 1553 2337 797 1563 2338 803 1541 2339 866 1616 2418 874 1617 2419 873 1618 2420 868 1619 2421 874 1620 2422 867 1621 2423 869 1622 2424 875 1623 2425 868 1624 2426 870 1625 2427 876 1626 2428 869 1627 2429 871 1628 2430 877 1629 2431 870 1630 2432 872 1637 2439 873 1638 2440 879 1639 2441 901 1643 2445 898 1644 2446 900 1645 2447 873 1618 2448 907 1646 2449 908 1647 2450 874 1620 2451 906 1648 2452 907 1649 2453 875 1623 2454 905 1650 2455 906 1651 2456 876 1626 2457 904 1652 2458 905 1653 2459 877 1629 2460 903 1654 2461 904 1655 2462 873 1638 2469 902 1658 2470 879 1639 2471 881 1659 2472 914 1660 2473 880 1661 2474 881 1662 2475 912 1663 2476 913 1664 2477 882 1665 2478 911 1666 2479 912 1667 2480 883 1668 2481 910 1669 2482 911 1670 2483 884 1671 2484 909 1672 2485 910 1673 2486 880 1680 2493 915 1681 2494 886 1682 2495 887 1683 2496 895 1684 2497 894 1685 2498 889 1686 2499 895 1687 2500 888 1688 2501 890 1689 2502 896 1690 2503 889 1691 2504 891 1692 2505 897 1693 2506 890 1694 2507 892 1695 2508 898 1696 2509 891 1697 2510 893 1704 2517 894 1705 2518 901 1706 2519 903 1654 2526 884 1671 2527 904 1655 2528 904 1652 2529 883 1668 2530 905 1653 2531 905 1650 2532 882 1665 2533 906 1651 2534 906 1648 2535 881 1662 2536 907 1649 2537 908 1647 2538 881 1659 2539 880 1661 2540 902 1658 2541 880 1680 2542 886 1682 2543 909 1672 2547 918 1709 2548 910 1673 2549 910 1669 2550 919 1710 2551 911 1670 2552 911 1666 2553 920 1711 2554 912 1667 2555 912 1663 2556 921 1712 2557 913 1664 2558 914 1660 2559 921 1713 2560 922 1714 2561 915 1681 2562 922 1715 2563 916 1716 2564 917 1721 2574 891 1697 2575 918 1709 2576 918 1722 2577 890 1694 2578 919 1710 2579 919 1723 2580 889 1691 2581 920 1711 2582 920 1724 2583 888 1688 2584 921 1712 2585 922 1714 2586 888 1725 2587 887 1683 2588 916 1716 2589 887 1726 2590 893 1704 2591 953 1771 2658 959 1772 2659 952 1773 2660 954 1780 2667 962 1781 2668 961 1782 2669 955 1783 2670 963 1784 2671 962 1785 2672 956 1786 2673 964 1787 2674 963 1788 2675 958 1789 2676 964 1790 2677 957 1791 2678 952 1792 2679 965 1793 2680 958 1794 2681 985 1798 2685 986 1799 2686 987 1800 2687 960 1801 2688 966 1802 2689 959 1772 2690 961 1782 2697 969 1807 2698 968 1808 2699 962 1785 2700 970 1809 2701 969 1810 2702 964 1787 2703 970 1811 2704 963 1788 2705 965 1812 2706 971 1813 2707 964 1790 2708 959 1814 2709 972 1815 2710 965 1793 2711 967 1816 2712 973 1817 2713 966 1802 2714 968 1808 2721 976 1820 2722 975 1821 2723 969 1810 2724 977 1822 2725 976 1823 2726 970 1811 2727 978 1824 2728 977 1825 2729 971 1813 2730 979 1826 2731 978 1827 2732 966 1828 2733 979 1829 2734 972 1815 2735 974 1830 2736 980 1831 2737 973 1817 2738 975 1821 2745 984 1836 2746 983 1837 2747 976 1823 2748 985 1838 2749 984 1839 2750 977 1825 2751 986 1840 2752 985 1841 2753 979 1826 2754 986 1842 2755 978 1827 2756 973 1843 2757 987 1844 2758 979 1829 2759 0 0 2808 1 108 2809 8 1 2810 1 3 2811 2 105 2812 9 4 2813 3 6 2814 10 1880 2815 9 7 2816 4 9 2817 11 1881 2818 10 10 2819 5 12 2820 12 38 2821 11 13 2822 6 21 2829 0 100 2830 7 22 2831 35 127 2847 28 1888 2848 34 28 2849 28 1888 2850 29 29 2851 34 28 2852 29 29 2853 30 1889 2854 33 27 2855 30 1889 2856 31 1890 2857 32 1891 2858 33 27 2859 30 1889 2860 32 1891 2861 7 2 2862 8 1 2863 15 30 2864 8 5 2865 9 4 2866 16 32 2867 9 7 2868 10 1880 2869 17 34 2870 10 10 2871 11 1881 2872 18 36 2873 12 38 2874 19 52 2875 18 39 2876 7 22 2883 14 58 2884 20 43 2885 14 31 2886 15 30 2887 41 44 2888 15 33 2889 16 32 2890 40 46 2891 16 35 2892 17 34 2893 39 48 2894 17 37 2895 18 36 2896 38 50 2897 19 52 2898 37 87 2899 38 53 2900 14 58 2907 42 92 2908 36 59 2909 21 60 2910 22 91 2911 29 61 2912 22 63 2913 23 90 2914 30 64 2915 23 66 2916 24 89 2917 31 67 2918 25 69 2919 32 1892 2920 31 70 2921 26 72 2922 33 1893 2923 32 73 2924 27 81 2931 21 1896 2932 28 82 2933 37 87 2940 26 1898 2941 25 88 2942 39 51 2943 38 50 2944 25 69 2945 40 49 2946 39 48 2947 24 89 2948 41 47 2949 40 46 2950 23 90 2951 42 45 2952 41 44 2953 22 91 2954 42 92 2955 21 1896 2956 27 81 2957 66 131 3012 67 231 3013 74 132 3014 68 134 3015 75 1904 3016 74 135 3017 69 137 3018 76 1905 3019 75 138 3020 70 140 3021 77 1906 3022 76 141 3023 71 149 3030 72 226 3031 79 150 3032 72 152 3033 66 222 3034 73 153 3035 74 132 3066 106 1919 3067 107 161 3068 74 135 3069 75 1904 3070 105 162 3071 75 138 3072 76 1905 3073 104 164 3074 76 141 3075 77 1906 3076 103 166 3077 79 150 3084 101 1920 3085 102 171 3086 73 153 3087 107 1921 3088 101 172 3089 80 173 3090 81 214 3091 88 174 3092 82 176 3093 89 199 3094 88 177 3095 83 179 3096 90 201 3097 89 180 3098 84 182 3099 91 203 3100 90 183 3101 85 191 3108 86 212 3109 93 192 3110 86 194 3111 80 215 3112 87 195 3113 87 175 3114 88 174 3115 95 197 3116 89 199 3117 96 236 3118 95 200 3119 90 201 3120 97 204 3121 96 202 3122 91 203 3123 98 239 3124 97 204 3125 92 193 3132 93 192 3133 100 209 3134 93 196 3135 87 195 3136 94 211 3137 102 171 3138 101 1920 3139 86 212 3140 103 166 3147 84 182 3148 83 184 3149 104 164 3150 83 179 3151 82 181 3152 106 163 3153 105 162 3154 82 176 3155 107 161 3156 106 1919 3157 81 214 3158 101 172 3159 107 1921 3160 80 215 3161 136 258 3228 137 363 3229 144 259 3230 138 261 3231 145 289 3232 144 262 3233 139 264 3234 146 1929 3235 145 265 3236 140 267 3237 147 1930 3238 146 268 3239 141 276 3246 142 356 3247 149 277 3248 142 279 3249 136 353 3250 143 280 3251 144 259 3282 151 301 3283 150 288 3284 145 289 3285 152 1943 3286 151 290 3287 145 265 3288 146 1929 3289 153 291 3290 146 268 3291 147 1930 3292 154 293 3293 149 277 3300 156 312 3301 155 299 3302 143 280 3303 150 314 3304 156 300 3305 151 301 3306 176 345 3307 177 302 3308 151 290 3309 152 1943 3310 175 303 3311 152 292 3312 153 291 3313 174 305 3314 153 294 3315 154 293 3316 173 307 3317 156 312 3324 171 1945 3325 172 313 3326 150 314 3327 177 346 3328 171 315 3329 158 316 3330 165 366 3331 164 317 3332 159 319 3333 166 368 3334 165 320 3335 160 322 3336 167 327 3337 166 323 3338 160 325 3339 161 344 3340 168 326 3341 162 334 3348 163 339 3349 170 335 3350 157 337 3351 164 374 3352 170 335 3353 172 313 3354 171 1945 3355 163 339 3356 174 308 3363 173 307 3364 161 344 3365 174 305 3366 160 322 3367 159 324 3368 175 303 3369 159 319 3370 158 321 3371 176 345 3372 158 316 3373 157 318 3374 177 346 3375 157 337 3376 163 338 3377 206 389 3444 207 490 3445 214 390 3446 208 392 3447 215 1954 3448 214 393 3449 209 395 3450 216 1955 3451 215 396 3452 210 398 3453 217 1956 3454 216 399 3455 211 407 3462 212 485 3463 219 408 3464 212 410 3465 206 481 3466 213 411 3467 241 417 3483 234 1964 3484 236 1965 3485 234 1964 3486 235 1966 3487 236 1965 3488 236 1965 3489 237 418 3490 241 417 3491 237 418 3492 238 1967 3493 240 416 3494 238 1967 3495 239 503 3496 240 416 3497 214 390 3498 247 1968 3499 248 419 3500 214 393 3501 215 1954 3502 246 420 3503 215 396 3504 216 1955 3505 245 422 3506 216 399 3507 217 1956 3508 244 424 3509 219 408 3516 242 1970 3517 243 429 3518 213 411 3519 248 1971 3520 242 430 3521 220 431 3522 221 473 3523 228 432 3524 222 434 3525 229 457 3526 228 435 3527 223 437 3528 230 459 3529 229 438 3530 224 440 3531 231 461 3532 230 441 3533 225 449 3540 226 471 3541 233 450 3542 226 452 3543 220 474 3544 227 453 3545 227 433 3546 228 432 3547 235 455 3548 229 457 3549 236 1972 3550 235 458 3551 230 459 3552 237 1973 3553 236 460 3554 231 461 3555 238 1974 3556 237 462 3557 232 451 3564 233 450 3565 241 467 3566 233 454 3567 227 453 3568 234 469 3569 243 429 3570 242 1970 3571 226 471 3572 244 424 3579 224 440 3580 223 442 3581 245 422 3582 223 437 3583 222 439 3584 246 420 3585 222 434 3586 221 436 3587 248 419 3588 247 1968 3589 221 473 3590 242 430 3591 248 1971 3592 220 474 3593 273 513 3648 328 1981 3649 329 514 3650 274 516 3651 327 632 3652 328 517 3653 274 519 3654 275 637 3655 334 520 3656 275 522 3657 276 639 3658 333 523 3659 276 525 3660 277 641 3661 332 526 3662 277 528 3663 278 643 3664 331 529 3665 278 531 3666 279 645 3667 330 532 3668 272 534 3669 329 1982 3670 330 535 3671 281 547 3672 316 1983 3673 317 548 3674 281 550 3675 282 1984 3676 315 551 3677 282 553 3678 283 598 3679 314 554 3680 283 556 3681 284 597 3682 313 557 3683 284 559 3684 285 596 3685 320 560 3686 286 562 3687 319 1985 3688 320 563 3689 287 565 3690 318 1986 3691 319 566 3692 280 568 3693 317 610 3694 318 569 3695 297 571 3696 305 595 3697 306 572 3698 298 574 3699 306 1987 3700 307 575 3701 300 577 3702 299 633 3703 307 578 3704 301 580 3705 300 1988 3706 308 581 3707 302 583 3708 301 1989 3709 309 584 3710 303 586 3711 302 1990 3712 310 587 3713 303 589 3714 311 599 3715 312 590 3716 304 592 3717 312 600 3718 305 593 3719 305 595 3720 287 565 3721 286 567 3722 307 575 3723 306 1987 3724 286 562 3725 308 579 3726 307 578 3727 285 596 3728 309 582 3729 308 581 3730 284 597 3731 310 585 3732 309 584 3733 283 598 3734 310 587 3735 282 1984 3736 281 550 3737 311 599 3738 281 547 3739 280 549 3740 312 600 3741 280 568 3742 287 570 3743 314 558 3744 313 557 3745 293 601 3746 314 554 3747 292 1991 3748 291 603 3749 317 610 3756 288 1994 3757 296 611 3758 319 566 3759 318 1986 3760 296 612 3761 320 563 3762 319 1985 3763 295 614 3764 313 561 3765 320 560 3766 294 616 3767 327 632 3786 302 1990 3787 303 586 3788 329 514 3789 328 1981 3790 303 589 3791 330 535 3792 329 1982 3793 304 592 3794 331 533 3795 330 532 3796 297 571 3797 332 530 3798 331 529 3799 298 574 3800 333 527 3801 332 526 3802 299 633 3803 333 523 3804 300 1988 3805 301 580 3806 334 520 3807 301 1989 3808 302 583 3809 272 515 3810 335 1998 3811 336 634 3812 273 518 3813 336 1999 3814 338 635 3815 274 519 3816 338 2000 3817 339 636 3818 275 522 3819 339 2001 3820 340 638 3821 276 525 3822 340 2002 3823 341 640 3824 277 528 3825 341 2003 3826 342 642 3827 278 531 3828 342 2004 3829 343 644 3830 279 536 3831 343 2005 3832 335 646 3833 345 647 3834 353 2006 3835 352 648 3836 346 653 3840 347 749 3841 355 654 3842 347 656 3843 348 746 3844 356 657 3845 348 659 3846 349 743 3847 357 660 3848 350 662 3849 358 685 3850 357 663 3851 351 665 3852 359 2008 3853 358 666 3854 344 668 3855 352 2009 3856 359 669 3857 374 2015 3873 367 2016 3874 368 770 3875 368 770 3876 369 772 3877 374 2015 3878 369 772 3879 370 676 3880 373 675 3881 374 2015 3882 369 772 3883 373 675 3884 370 676 3885 371 2017 3886 372 674 3887 355 654 3894 386 2019 3895 387 682 3896 356 657 3897 385 2020 3898 386 683 3899 357 660 3900 384 2021 3901 385 684 3902 358 685 3903 383 729 3904 384 686 3905 358 666 3906 359 2008 3907 382 687 3908 359 669 3909 352 2009 3910 388 689 3911 361 697 3918 362 732 3919 379 698 3920 362 700 3921 363 731 3922 378 701 3923 363 703 3924 364 730 3925 377 704 3926 365 706 3927 376 717 3928 377 707 3929 366 709 3930 375 715 3931 376 710 3932 360 712 3933 381 2023 3934 375 713 3935 375 715 3936 374 2024 3937 373 716 3938 376 717 3939 373 2025 3940 372 718 3941 377 704 3942 372 2026 3943 371 719 3944 378 701 3945 371 2027 3946 370 720 3947 380 699 3948 379 698 3949 370 721 3950 375 713 3957 381 2023 3958 367 727 3959 382 687 3960 366 709 3961 365 711 3962 383 729 3963 365 706 3964 364 708 3965 385 684 3966 384 2021 3967 364 730 3968 386 683 3969 385 2020 3970 363 731 3971 387 682 3972 386 2019 3973 362 732 3974 388 689 3981 360 712 3982 366 714 3983 413 779 4044 420 806 4045 419 780 4046 414 782 4047 421 808 4048 420 783 4049 415 785 4050 422 2035 4051 421 786 4052 416 788 4053 423 2036 4054 422 789 4055 417 797 4062 418 886 4063 425 798 4064 418 800 4065 412 882 4066 419 801 4067 420 806 4083 446 2044 4084 447 807 4085 421 808 4086 445 844 4087 446 809 4088 421 786 4089 422 2035 4090 444 810 4091 422 789 4092 423 2036 4093 443 812 4094 425 798 4101 441 2045 4102 442 818 4103 419 801 4104 447 2046 4105 441 819 4106 427 820 4107 460 2047 4108 461 821 4109 427 823 4110 428 2048 4111 459 824 4112 428 826 4113 429 2049 4114 458 827 4115 429 829 4116 430 2050 4117 457 830 4118 432 838 4125 455 2053 4126 456 839 4127 426 841 4128 461 2054 4129 455 842 4130 442 818 4131 441 2045 4132 432 838 4133 443 812 4140 430 2050 4141 429 829 4142 444 810 4143 429 2049 4144 428 826 4145 445 844 4146 428 2048 4147 427 823 4148 447 807 4149 446 2044 4150 427 820 4151 441 819 4152 447 2046 4153 426 841 4154 449 845 4155 448 869 4156 440 846 4157 450 854 4164 437 2056 4165 436 855 4166 451 857 4167 436 2057 4168 435 858 4169 452 860 4170 435 2058 4171 434 861 4172 454 863 4173 453 871 4174 434 864 4175 448 866 4176 454 872 4177 433 867 4178 456 839 4179 455 2053 4180 448 869 4181 457 830 4188 450 854 4189 451 856 4190 458 827 4191 451 857 4192 452 859 4193 459 824 4194 452 860 4195 453 862 4196 461 821 4197 460 2047 4198 453 871 4199 455 842 4200 461 2054 4201 454 872 4202 433 2059 4203 434 2060 4204 440 874 4205 434 2060 4206 435 875 4207 440 874 4208 435 875 4209 436 2061 4210 439 873 4211 436 2061 4212 437 2062 4213 438 907 4214 439 873 4215 436 2061 4216 438 907 4217 489 922 4284 490 1009 4285 497 923 4286 490 925 4287 491 1005 4288 498 926 4289 491 928 4290 492 1002 4291 499 929 4292 493 931 4293 500 956 4294 499 932 4295 494 934 4296 501 958 4297 500 935 4298 488 937 4299 495 960 4300 501 938 4301 523 943 4317 516 2075 4318 519 2076 4319 516 2075 4320 517 1018 4321 518 1026 4322 519 2076 4323 516 2075 4324 518 1026 4325 519 2076 4326 520 944 4327 523 943 4328 520 944 4329 521 2077 4330 522 945 4331 496 924 4338 497 923 4339 504 950 4340 497 927 4341 498 926 4342 505 952 4343 498 930 4344 499 929 4345 506 954 4346 500 956 4347 507 970 4348 506 957 4349 501 958 4350 508 972 4351 507 959 4352 495 960 4353 502 974 4354 508 961 4355 504 950 4362 511 2079 4363 510 965 4364 504 953 4365 505 952 4366 512 966 4367 505 955 4368 506 954 4369 513 968 4370 507 970 4371 514 986 4372 513 971 4373 508 972 4374 515 988 4375 514 973 4376 502 974 4377 509 990 4378 515 975 4379 510 965 4386 511 2079 4387 519 980 4388 511 967 4389 512 966 4390 520 982 4391 512 969 4392 513 968 4393 521 984 4394 514 986 4395 522 2081 4396 521 987 4397 515 988 4398 523 2082 4399 522 989 4400 509 990 4401 516 2083 4402 523 991 4403 545 1033 4458 546 1129 4459 553 1034 4460 546 1036 4461 547 1125 4462 554 1037 4463 547 1039 4464 548 1122 4465 555 1040 4466 549 1042 4467 556 2091 4468 555 1043 4469 550 1045 4470 557 2092 4471 556 1046 4472 544 1048 4473 551 2093 4474 557 1049 4475 553 1034 4512 583 2105 4513 584 1060 4514 554 1037 4515 582 2106 4516 583 1061 4517 555 1040 4518 581 2107 4519 582 1062 4520 555 1043 4521 556 2091 4522 580 1063 4523 556 1046 4524 557 2092 4525 579 1065 4526 557 1049 4527 551 2093 4528 585 1067 4529 559 1075 4536 560 1110 4537 576 1076 4538 560 1078 4539 561 1109 4540 575 1079 4541 561 1081 4542 562 1108 4543 574 1082 4544 563 1084 4545 573 1095 4546 574 1085 4547 564 1087 4548 572 1093 4549 573 1088 4550 558 1090 4551 578 1106 4552 572 1091 4553 572 1093 4554 571 1107 4555 570 1094 4556 573 1095 4557 570 1135 4558 569 1096 4559 575 1083 4560 574 1082 4561 569 1097 4562 576 1080 4563 575 1079 4564 568 1099 4565 577 1077 4566 576 1076 4567 567 1100 4568 578 1106 4575 565 1138 4576 571 1107 4577 579 1065 4578 564 1087 4579 563 1089 4580 580 1063 4581 563 1084 4582 562 1086 4583 582 1062 4584 581 2107 4585 562 1108 4586 583 1061 4587 582 2106 4588 561 1109 4589 584 1060 4590 583 2105 4591 560 1110 4592 585 1067 4599 558 1090 4600 564 1092 4601 614 1154 4668 615 1268 4669 622 1155 4670 615 1157 4671 616 1265 4672 623 1158 4673 617 1160 4674 624 2114 4675 623 1161 4676 618 1163 4677 625 2115 4678 624 1164 4679 619 1172 4686 620 1261 4687 627 1173 4688 620 1175 4689 614 1257 4690 621 1176 4691 621 1156 4707 622 1155 4708 648 1181 4709 622 1159 4710 623 1158 4711 647 1183 4712 623 1161 4713 624 2114 4714 646 1185 4715 624 1164 4716 625 2115 4717 645 1187 4718 627 1173 4725 643 2122 4726 644 1193 4727 621 1176 4728 649 2123 4729 643 1194 4730 629 1195 4731 662 2124 4732 663 1196 4733 629 1198 4734 630 2125 4735 661 1199 4736 630 1201 4737 631 2126 4738 660 1202 4739 631 1204 4740 632 2127 4741 659 1205 4742 634 1213 4749 657 2130 4750 658 1214 4751 628 1216 4752 663 2131 4753 657 1217 4754 644 1193 4755 643 2122 4756 634 1213 4757 645 1187 4764 632 2127 4765 631 1204 4766 646 1185 4767 631 2126 4768 630 1201 4769 647 1183 4770 630 2125 4771 629 1198 4772 649 1182 4773 648 1181 4774 629 1195 4775 643 1194 4776 649 2123 4777 628 1216 4778 651 1220 4779 650 1244 4780 642 1221 4781 652 1229 4788 639 2133 4789 638 1230 4790 653 1232 4791 638 2134 4792 637 1233 4793 654 1235 4794 637 2135 4795 636 1236 4796 656 1238 4797 655 1246 4798 636 1239 4799 650 1241 4800 656 1247 4801 635 1242 4802 658 1214 4803 657 2130 4804 650 1244 4805 659 1205 4812 652 1229 4813 653 1231 4814 660 1202 4815 653 1232 4816 654 1234 4817 661 1199 4818 654 1235 4819 655 1237 4820 663 1196 4821 662 2124 4822 655 1246 4823 657 1217 4824 663 2131 4825 656 1247 4826 635 1249 4827 636 2136 4828 638 2137 4829 636 2136 4830 637 2138 4831 638 2137 4832 638 2137 4833 639 1250 4834 635 1249 4835 639 1250 4836 640 1286 4837 642 1248 4838 640 1286 4839 641 1288 4840 642 1248 4841 691 1302 4908 692 1423 4909 699 1303 4910 692 1305 4911 693 1419 4912 700 1306 4913 693 1308 4914 694 1416 4915 701 1309 4916 695 1311 4917 702 2144 4918 701 1312 4919 696 1314 4920 703 2145 4921 702 1315 4922 690 1317 4923 697 2146 4924 703 1318 4925 725 1323 4941 718 2152 4942 721 2153 4943 718 2152 4944 719 1446 4945 720 1448 4946 721 2153 4947 718 2152 4948 720 1448 4949 721 2153 4950 722 1324 4951 725 1323 4952 722 1324 4953 723 2154 4954 724 1325 4955 699 1303 4962 730 2156 4963 731 1329 4964 700 1306 4965 729 2157 4966 730 1330 4967 700 1310 4968 701 1309 4969 728 1331 4970 701 1312 4971 702 2144 4972 727 1333 4973 702 1315 4974 703 2145 4975 726 1335 4976 703 1318 4977 697 2146 4978 732 1337 4979 705 1345 4986 706 1389 4987 737 1346 4988 706 1348 4989 707 1388 4990 736 1349 4991 707 1351 4992 708 1387 4993 735 1352 4994 709 1354 4995 734 2159 4996 735 1355 4997 710 1357 4998 733 2160 4999 734 1358 5000 704 1360 5001 739 2161 5002 733 1361 5003 712 1369 5010 713 2163 5011 743 1370 5012 713 1372 5013 714 2164 5014 742 1373 5015 714 1375 5016 715 2165 5017 741 1376 5018 716 1378 5019 740 2166 5020 741 1379 5021 717 1381 5022 746 2167 5023 740 1382 5024 711 1384 5025 745 1402 5026 746 1385 5027 726 1335 5028 710 1357 5029 709 1359 5030 727 1333 5031 709 1354 5032 708 1356 5033 729 1332 5034 728 1331 5035 708 1387 5036 730 1330 5037 729 2157 5038 707 1388 5039 731 1329 5040 730 2156 5041 706 1389 5042 732 1337 5049 704 1360 5050 710 1362 5051 734 1358 5052 733 2160 5053 717 1381 5054 735 1355 5055 734 2159 5056 716 1378 5057 735 1352 5058 715 2165 5059 714 1375 5060 736 1349 5061 714 2164 5062 713 1372 5063 737 1346 5064 713 2163 5065 712 1369 5066 733 1361 5073 739 2161 5074 711 1384 5075 741 1379 5076 740 2166 5077 724 1392 5078 742 1377 5079 741 1376 5080 723 1394 5081 743 1374 5082 742 1373 5083 722 1396 5084 743 1370 5085 721 2168 5086 720 1398 5087 745 1402 5094 718 2171 5095 725 1403 5096 740 1382 5097 746 2167 5098 725 1404 5099 776 1453 5166 777 1579 5167 784 1454 5168 778 1456 5169 785 2177 5170 784 1457 5171 779 1459 5172 786 2178 5173 785 1460 5174 780 1462 5175 787 2179 5176 786 1463 5177 781 1471 5184 782 1573 5185 789 1472 5186 782 1474 5187 776 1570 5188 783 1475 5189 783 1455 5220 784 1454 5221 816 1483 5222 784 1457 5223 785 2177 5224 815 1485 5225 785 1460 5226 786 2178 5227 814 1487 5228 786 1463 5229 787 2179 5230 813 1489 5231 789 1472 5238 811 2193 5239 812 1494 5240 783 1475 5241 817 2194 5242 811 1495 5243 791 1496 5244 822 2195 5245 823 1497 5246 791 1499 5247 792 2196 5248 821 1500 5249 792 1502 5250 793 2197 5251 820 1503 5252 793 1505 5253 794 2198 5254 819 1506 5255 796 1514 5262 824 2201 5263 818 1515 5264 790 1517 5265 823 2202 5266 824 1518 5267 797 1520 5268 798 1562 5269 805 1521 5270 799 1523 5271 806 1584 5272 805 1524 5273 800 1526 5274 807 1586 5275 806 1527 5276 801 1529 5277 808 2203 5278 807 1530 5279 802 1538 5286 803 1556 5287 810 1539 5288 803 1541 5289 797 1563 5290 804 1542 5291 812 1494 5292 811 2193 5293 796 1514 5294 813 1489 5301 794 2198 5302 793 1505 5303 814 1487 5304 793 2197 5305 792 1502 5306 815 1485 5307 792 2196 5308 791 1499 5309 817 1484 5310 816 1483 5311 791 1496 5312 811 1495 5313 817 2194 5314 790 1517 5315 819 1506 5322 827 1559 5323 828 1547 5324 820 1503 5325 828 1560 5326 829 1548 5327 821 1500 5328 829 1561 5329 830 1549 5330 823 1497 5331 822 2195 5332 830 1550 5333 824 1518 5334 823 2202 5335 831 1552 5336 818 1515 5337 824 2201 5338 825 1554 5339 826 1555 5340 825 1554 5341 803 1556 5342 827 1559 5349 801 1529 5350 800 1531 5351 828 1560 5352 800 1526 5353 799 1528 5354 829 1561 5355 799 1523 5356 798 1525 5357 831 1551 5358 830 1550 5359 798 1562 5360 825 1553 5361 831 1552 5362 797 1563 5363 866 1616 5442 867 1740 5443 874 1617 5444 868 1619 5445 875 2210 5446 874 1620 5447 869 1622 5448 876 2211 5449 875 1623 5450 870 1625 5451 877 2212 5452 876 1626 5453 871 1628 5454 878 2213 5455 877 1629 5456 872 1637 5463 866 1734 5464 873 1638 5465 901 1643 5481 894 2221 5482 897 2222 5483 894 2221 5484 895 2223 5485 896 2224 5486 897 2222 5487 894 2221 5488 896 2224 5489 897 2222 5490 898 1644 5491 901 1643 5492 898 1644 5493 899 1753 5494 900 1645 5495 873 1618 5496 874 1617 5497 907 1646 5498 874 1620 5499 875 2210 5500 906 1648 5501 875 1623 5502 876 2211 5503 905 1650 5504 876 1626 5505 877 2212 5506 904 1652 5507 877 1629 5508 878 2213 5509 903 1654 5510 873 1638 5517 908 2227 5518 902 1658 5519 881 1659 5520 913 2228 5521 914 1660 5522 881 1662 5523 882 2229 5524 912 1663 5525 882 1665 5526 883 2230 5527 911 1666 5528 883 1668 5529 884 2231 5530 910 1669 5531 884 1671 5532 885 2232 5533 909 1672 5534 880 1680 5541 914 2235 5542 915 1681 5543 887 1683 5544 888 1725 5545 895 1684 5546 889 1686 5547 896 2236 5548 895 1687 5549 890 1689 5550 897 2237 5551 896 1690 5552 891 1692 5553 898 2238 5554 897 1693 5555 892 1695 5556 899 2239 5557 898 1696 5558 893 1704 5565 887 1726 5566 894 1705 5567 903 1654 5574 885 2232 5575 884 1671 5576 904 1652 5577 884 2231 5578 883 1668 5579 905 1650 5580 883 2230 5581 882 1665 5582 906 1648 5583 882 2229 5584 881 1662 5585 908 1647 5586 907 1646 5587 881 1659 5588 902 1658 5589 908 2227 5590 880 1680 5591 909 1672 5595 917 1721 5596 918 1709 5597 910 1669 5598 918 1722 5599 919 1710 5600 911 1666 5601 919 1723 5602 920 1711 5603 912 1663 5604 920 1724 5605 921 1712 5606 914 1660 5607 913 2228 5608 921 1713 5609 915 1681 5610 914 2235 5611 922 1715 5612 917 1721 5622 892 1695 5623 891 1697 5624 918 1722 5625 891 1692 5626 890 1694 5627 919 1723 5628 890 1689 5629 889 1691 5630 920 1724 5631 889 1686 5632 888 1688 5633 922 1714 5634 921 1713 5635 888 1725 5636 916 1716 5637 922 1715 5638 887 1726 5639 953 1771 5706 960 1801 5707 959 1772 5708 954 1780 5715 955 1860 5716 962 1781 5717 955 1783 5718 956 1856 5719 963 1784 5720 956 1786 5721 957 1853 5722 964 1787 5723 958 1789 5724 965 1812 5725 964 1790 5726 952 1792 5727 959 1814 5728 965 1793 5729 987 1800 5745 980 2255 5746 984 2256 5747 980 2255 5748 981 2257 5749 983 1879 5750 981 2257 5751 982 1871 5752 983 1879 5753 983 1879 5754 984 2256 5755 980 2255 5756 984 2256 5757 985 1798 5758 987 1800 5759 960 1801 5760 967 1816 5761 966 1802 5762 961 1782 5769 962 1781 5770 969 1807 5771 962 1785 5772 963 1784 5773 970 1809 5774 964 1787 5775 971 2258 5776 970 1811 5777 965 1812 5778 972 2259 5779 971 1813 5780 959 1814 5781 966 1828 5782 972 1815 5783 967 1816 5784 974 1830 5785 973 1817 5786 968 1808 5793 969 1807 5794 976 1820 5795 969 1810 5796 970 1809 5797 977 1822 5798 970 1811 5799 971 2258 5800 978 1824 5801 971 1813 5802 972 2259 5803 979 1826 5804 966 1828 5805 973 1843 5806 979 1829 5807 974 1830 5808 981 2262 5809 980 1831 5810 975 1821 5817 976 1820 5818 984 1836 5819 976 1823 5820 977 1822 5821 985 1838 5822 977 1825 5823 978 1824 5824 986 1840 5825 979 1826 5826 987 2263 5827 986 1842 5828 973 1843 5829 980 2264 5830 987 1844 5831</p>
        </triangles>
        <triangles material="deadTree_001-material" count="928">
          <input semantic="VERTEX" source="#Mesh_006-mesh-vertices" offset="0"/>
          <input semantic="NORMAL" source="#Mesh_006-mesh-normals" offset="1"/>
          <input semantic="TEXCOORD" source="#Mesh_006-mesh-map-0" offset="2" set="0"/>
          <p>44 15 15 46 16 16 43 17 17 44 18 18 48 19 19 45 20 20 51 24 24 52 25 25 53 26 26 45 40 45 55 41 46 46 16 47 48 19 48 54 42 49 45 20 50 54 54 69 58 55 70 55 41 71 56 56 72 57 57 73 54 42 74 61 75 93 63 76 94 60 77 95 64 78 96 62 79 97 61 80 98 59 84 102 61 80 103 57 57 104 57 85 105 60 86 106 58 55 107 5 93 126 46 94 127 12 95 128 6 96 129 48 97 130 47 98 131 6 21 132 49 99 133 0 100 134 5 12 135 50 101 136 43 102 137 3 11 138 50 103 139 4 9 140 2 8 141 51 104 142 3 6 143 2 105 144 53 106 145 52 107 146 1 108 147 49 109 148 53 110 149 19 111 150 46 94 151 55 112 152 20 113 153 48 97 154 13 114 155 37 115 156 55 112 157 58 116 158 36 117 159 56 118 160 20 113 161 34 28 162 63 119 163 62 120 164 33 121 165 60 122 166 63 123 167 35 124 168 64 125 169 27 126 170 35 127 171 62 120 172 65 128 173 27 126 174 59 129 175 36 117 176 26 130 177 58 116 178 60 122 179 109 143 192 111 144 193 108 145 194 109 146 195 113 147 196 110 148 197 116 155 204 117 156 205 115 157 206 126 158 207 123 159 208 125 160 209 111 144 222 127 168 223 128 169 224 113 147 225 127 170 226 110 148 227 131 185 246 133 186 247 130 187 248 131 188 249 135 189 250 132 190 251 132 205 270 123 206 271 133 186 272 132 190 273 125 207 274 124 208 275 129 213 285 131 188 286 127 170 287 127 168 288 130 187 289 128 169 290 70 216 306 111 217 307 77 218 308 71 219 309 113 220 310 112 221 311 66 222 312 114 223 313 115 224 314 71 149 315 114 225 316 72 226 317 70 140 318 116 227 319 108 228 320 68 139 321 116 229 322 69 137 323 67 136 324 117 230 325 68 134 326 67 231 327 115 232 328 118 233 329 94 198 330 120 234 331 119 235 332 96 236 333 120 237 334 95 200 335 97 204 336 121 238 337 96 202 338 98 239 339 122 240 340 97 204 341 99 210 342 126 241 343 125 242 344 100 209 345 119 243 346 126 241 347 77 218 348 128 244 349 103 245 350 78 246 351 129 247 352 113 220 353 91 248 354 130 249 355 133 250 356 92 251 357 134 252 358 85 253 359 98 239 360 133 250 361 123 254 362 99 210 363 135 255 364 92 251 365 85 253 366 129 247 367 102 256 368 84 257 369 128 244 370 130 249 371 178 270 384 180 271 385 181 272 386 179 273 387 183 274 388 180 275 389 187 282 396 188 283 397 184 284 398 196 285 399 190 286 400 192 287 401 181 272 414 197 295 415 198 296 416 180 275 417 199 297 418 197 298 419 198 296 438 200 309 439 201 310 440 199 297 441 200 311 442 197 298 443 204 328 462 193 329 463 203 330 464 204 331 465 195 332 466 194 333 467 200 311 477 205 340 478 204 341 479 201 310 480 204 342 481 203 343 482 140 347 498 181 348 499 147 349 500 141 350 501 183 351 502 182 352 503 136 353 504 184 354 505 185 355 506 142 356 507 182 357 508 184 358 509 140 267 510 186 359 511 178 360 512 138 266 513 186 361 514 139 264 515 137 263 516 187 362 517 138 261 518 137 363 519 185 364 520 188 365 521 165 366 522 189 367 523 164 317 524 166 368 525 190 369 526 165 320 527 167 327 528 191 370 529 166 323 530 167 327 531 193 371 532 192 372 533 170 335 534 195 373 535 169 336 536 164 374 537 196 375 538 170 335 539 154 376 540 181 348 541 198 377 542 155 378 543 183 351 544 148 379 545 173 380 546 198 377 547 201 381 548 172 382 549 199 383 550 155 378 551 168 326 552 203 384 553 193 371 554 169 336 555 205 385 556 162 386 557 162 386 558 202 387 559 172 382 560 161 388 561 201 381 562 203 384 563 250 401 576 252 402 577 249 403 578 250 404 579 254 405 580 251 406 581 257 413 588 258 414 589 255 415 590 252 402 606 260 426 607 261 427 608 254 405 609 260 428 610 251 406 611 264 443 630 266 444 631 263 445 632 264 446 633 268 447 634 265 448 635 265 463 654 270 464 655 266 444 656 265 448 657 271 465 658 269 466 659 260 428 669 267 472 670 264 446 671 260 426 672 263 445 673 261 427 674 210 475 690 252 476 691 217 477 692 211 478 693 254 479 694 253 480 695 206 481 696 255 482 697 256 483 698 211 407 699 255 484 700 212 485 701 210 398 702 257 486 703 249 487 704 208 397 705 257 488 706 209 395 707 207 394 708 258 489 709 208 392 710 207 490 711 256 491 712 259 492 713 217 477 714 261 493 715 244 494 716 218 495 717 262 496 718 254 479 719 231 497 720 263 498 721 266 499 722 232 500 723 267 501 724 225 502 725 239 503 726 270 504 727 269 505 728 238 506 729 266 499 730 270 507 731 240 508 732 268 509 733 232 500 734 239 503 735 271 510 736 240 416 737 225 502 738 262 496 739 243 511 740 224 512 741 261 493 742 263 498 743 321 604 894 324 605 895 322 606 896 322 607 897 326 608 898 325 609 899 316 618 912 321 619 913 322 620 914 291 621 915 321 622 916 315 623 917 289 539 918 323 624 919 291 541 920 316 618 921 325 625 922 317 626 923 289 539 924 326 627 925 324 628 926 288 629 927 325 630 928 326 631 929 389 650 981 391 651 982 392 652 983 398 671 1002 390 672 1003 394 673 1004 399 677 1008 400 678 1009 401 679 1010 392 652 1011 402 680 1012 400 681 1013 404 691 1032 406 692 1033 403 693 1034 404 694 1035 408 695 1036 405 696 1037 405 696 1071 409 723 1072 410 724 1073 406 692 1074 410 725 1075 411 726 1076 400 681 1095 407 733 1096 404 694 1097 400 678 1098 403 693 1099 401 679 1100 346 734 1104 391 735 1105 390 736 1106 345 737 1107 392 738 1108 353 739 1109 351 670 1110 394 740 1111 344 668 1112 350 667 1113 393 741 1114 351 665 1115 349 664 1116 395 742 1117 350 662 1118 349 743 1119 397 744 1120 396 745 1121 348 746 1122 398 747 1123 397 748 1124 347 749 1125 390 750 1126 398 751 1127 345 647 1128 394 752 1129 389 753 1130 353 754 1131 399 755 1132 352 756 1133 388 757 1134 399 758 1135 401 759 1136 354 760 1137 402 761 1138 391 735 1139 381 762 1140 403 763 1141 406 764 1142 380 765 1143 407 766 1144 361 767 1145 369 768 1146 408 769 1147 380 765 1148 368 770 1149 409 771 1150 369 772 1151 368 770 1152 411 773 1153 410 774 1154 367 775 1155 406 764 1156 411 776 1157 361 767 1158 402 761 1159 387 777 1160 360 778 1161 401 759 1162 403 763 1163 462 791 1176 464 792 1177 465 793 1178 463 794 1179 467 795 1180 464 796 1181 471 803 1188 472 804 1189 468 805 1190 465 793 1203 473 814 1204 474 815 1205 464 796 1206 475 816 1207 473 817 1208 476 832 1227 478 833 1228 479 834 1229 480 835 1230 478 836 1231 477 837 1232 473 817 1242 480 835 1243 477 837 1244 473 814 1245 476 832 1246 474 815 1247 483 848 1266 484 849 1267 485 850 1268 483 851 1269 487 852 1270 486 853 1271 478 836 1290 482 870 1291 483 848 1292 478 833 1293 486 853 1294 479 834 1295 416 876 1314 465 877 1315 423 878 1316 417 879 1317 467 880 1318 466 881 1319 412 882 1320 468 883 1321 469 884 1322 417 797 1323 468 885 1324 418 886 1325 416 788 1326 470 887 1327 462 888 1328 414 787 1329 470 889 1330 415 785 1331 413 784 1332 471 890 1333 414 782 1334 412 781 1335 472 891 1336 413 779 1337 443 892 1338 465 877 1339 474 893 1340 442 894 1341 467 880 1342 424 895 1343 430 896 1344 479 897 1345 457 898 1346 431 899 1347 481 900 1348 480 901 1349 431 899 1350 475 902 1351 442 894 1352 430 896 1353 474 893 1354 476 903 1355 439 904 1356 482 905 1357 449 906 1358 438 907 1359 484 908 1360 439 873 1361 438 907 1362 487 909 1363 485 910 1364 437 911 1365 486 912 1366 487 913 1367 449 906 1368 481 900 1369 456 914 1370 450 915 1371 479 897 1372 486 912 1373 525 916 1374 527 917 1375 524 918 1376 525 919 1377 529 920 1378 526 921 1379 534 940 1398 528 941 1399 524 942 1400 526 946 1404 536 947 1405 527 917 1406 526 921 1407 537 948 1408 535 949 1409 535 962 1428 539 963 1429 536 947 1430 537 948 1431 538 964 1432 535 949 1433 538 976 1452 542 977 1453 539 963 1454 538 964 1455 543 978 1456 541 979 1457 488 992 1476 527 993 1477 495 994 1478 489 995 1479 529 996 1480 528 997 1481 488 937 1482 530 998 1483 524 999 1484 493 936 1485 530 1000 1486 494 934 1487 492 933 1488 531 1001 1489 493 931 1490 492 1002 1491 533 1003 1492 532 1004 1493 491 1005 1494 534 1006 1495 533 1007 1496 489 922 1497 534 1008 1498 490 1009 1499 502 1010 1500 527 993 1501 536 1011 1502 503 1012 1503 529 996 1504 496 1013 1505 502 1010 1506 539 1014 1507 509 1015 1508 503 1012 1509 540 1016 1510 537 1017 1511 517 1018 1512 542 1019 1513 541 1020 1514 516 1021 1515 539 1014 1516 542 1022 1517 518 1023 1518 540 1016 1519 510 1024 1520 517 1018 1521 543 1025 1522 518 1026 1523 587 1027 1524 589 1028 1525 586 1029 1526 587 1030 1527 591 1031 1528 588 1032 1529 596 1051 1548 590 1052 1549 592 1053 1550 603 1054 1551 604 1055 1552 600 1056 1553 589 1028 1554 605 1057 1555 606 1058 1556 591 1031 1557 605 1059 1558 588 1032 1559 609 1069 1578 611 1070 1579 608 1071 1580 609 1072 1581 613 1073 1582 610 1074 1583 610 1074 1617 599 1102 1618 598 1103 1619 610 1104 1620 597 1105 1621 611 1070 1622 605 1059 1641 612 1111 1642 609 1072 1643 605 1057 1644 608 1071 1645 606 1058 1646 544 1112 1650 589 1113 1651 551 1114 1652 545 1115 1653 591 1116 1654 590 1117 1655 544 1048 1656 592 1118 1657 586 1119 1658 549 1047 1659 592 1120 1660 550 1045 1661 548 1044 1662 593 1121 1663 549 1042 1664 548 1122 1665 595 1123 1666 594 1124 1667 547 1125 1668 596 1126 1669 595 1127 1670 545 1033 1671 596 1128 1672 546 1129 1673 566 1101 1674 600 1130 1675 599 1131 1676 567 1100 1677 601 1132 1678 600 1130 1679 568 1098 1680 602 1133 1681 601 1134 1682 570 1135 1683 602 1136 1684 569 1096 1685 571 1107 1686 603 1137 1687 570 1094 1688 565 1138 1689 604 1139 1690 571 1107 1691 551 1114 1692 606 1140 1693 585 1141 1694 552 1142 1695 607 1143 1696 591 1116 1697 578 1144 1698 608 1145 1699 611 1146 1700 577 1147 1701 612 1148 1702 559 1149 1703 566 1101 1704 613 1150 1705 577 1147 1706 565 1138 1707 611 1146 1708 597 1151 1709 559 1149 1710 607 1143 1711 584 1152 1712 558 1153 1713 606 1140 1714 608 1145 1715 665 1166 1728 667 1167 1729 664 1168 1730 668 1169 1731 666 1170 1732 665 1171 1733 672 1178 1740 673 1179 1741 674 1180 1742 666 1189 1755 676 1190 1756 667 1167 1757 669 1191 1758 675 1192 1759 666 1170 1760 678 1207 1779 680 1208 1780 681 1209 1781 682 1210 1782 680 1211 1783 679 1212 1784 675 1192 1794 682 1210 1795 679 1212 1796 675 1219 1797 678 1207 1798 676 1190 1799 685 1223 1818 686 1224 1819 687 1225 1820 685 1226 1821 689 1227 1822 688 1228 1823 680 1211 1842 684 1245 1843 685 1223 1844 680 1208 1845 688 1228 1846 681 1209 1847 618 1251 1866 667 1252 1867 625 1253 1868 619 1254 1869 669 1255 1870 668 1256 1871 614 1257 1872 670 1258 1873 671 1259 1874 619 1172 1875 670 1260 1876 620 1261 1877 618 1163 1878 672 1262 1879 664 1263 1880 616 1162 1881 672 1264 1882 617 1160 1883 616 1265 1884 674 1266 1885 673 1267 1886 615 1268 1887 671 1269 1888 674 1270 1889 645 1271 1890 667 1252 1891 676 1272 1892 644 1273 1893 669 1255 1894 626 1274 1895 632 1275 1896 681 1276 1897 659 1277 1898 633 1278 1899 683 1279 1900 682 1280 1901 633 1278 1902 677 1281 1903 644 1273 1904 632 1275 1905 676 1272 1906 678 1282 1907 641 1283 1908 684 1284 1909 651 1285 1910 640 1286 1911 686 1287 1912 641 1288 1913 640 1286 1914 689 1289 1915 687 1290 1916 639 1291 1917 688 1292 1918 689 1293 1919 651 1285 1920 683 1279 1921 658 1294 1922 652 1295 1923 681 1276 1924 688 1292 1925 748 1296 1926 750 1297 1927 747 1298 1928 748 1299 1929 752 1300 1930 749 1301 1931 757 1320 1950 751 1321 1951 747 1322 1952 749 1326 1956 759 1327 1957 750 1297 1958 752 1300 1959 758 1328 1960 749 1301 1961 762 1339 1980 764 1340 1981 761 1341 1982 762 1342 1983 766 1343 1984 763 1344 1985 768 1363 2004 770 1364 2005 767 1365 2006 768 1366 2007 772 1367 2008 769 1368 2009 758 1328 2043 765 1390 2044 762 1342 2045 758 1391 2046 761 1341 2047 759 1327 2048 766 1343 2067 768 1366 2068 763 1344 2069 764 1340 2070 768 1363 2071 767 1365 2072 772 1367 2088 774 1399 2089 769 1368 2090 769 1400 2091 775 1401 2092 770 1364 2093 690 1406 2100 750 1407 2101 697 1408 2102 691 1409 2103 752 1410 2104 751 1411 2105 690 1317 2106 753 1412 2107 747 1413 2108 695 1316 2109 753 1414 2110 696 1314 2111 694 1313 2112 754 1415 2113 695 1311 2114 694 1416 2115 756 1417 2116 755 1418 2117 693 1419 2118 757 1420 2119 756 1421 2120 691 1302 2121 757 1422 2122 692 1423 2123 697 1408 2124 759 1424 2125 732 1425 2126 698 1426 2127 760 1427 2128 752 1410 2129 739 1428 2130 761 1429 2131 764 1430 2132 738 1431 2133 765 1432 2134 705 1433 2135 745 1434 2136 767 1435 2137 770 1436 2138 744 1437 2139 771 1438 2140 712 1439 2141 705 1433 2142 760 1427 2143 731 1440 2144 704 1441 2145 759 1424 2146 761 1429 2147 738 1431 2148 771 1438 2149 766 1442 2150 739 1428 2151 767 1435 2152 711 1443 2153 720 1444 2154 772 1445 2155 744 1437 2156 719 1446 2157 773 1447 2158 720 1448 2159 719 1446 2160 775 1449 2161 774 1450 2162 718 1451 2163 770 1436 2164 775 1452 2165 833 1465 2178 835 1466 2179 832 1467 2180 833 1468 2181 837 1469 2182 834 1470 2183 840 1477 2190 841 1478 2191 839 1479 2192 850 1480 2193 844 1481 2194 846 1482 2195 835 1466 2208 851 1491 2209 852 1492 2210 837 1469 2211 851 1493 2212 834 1470 2213 854 1508 2232 856 1509 2233 857 1510 2234 858 1511 2235 856 1512 2236 855 1513 2237 861 1532 2256 847 1533 2257 860 1534 2258 861 1535 2259 849 1536 2260 848 1537 2261 851 1493 2271 858 1511 2272 855 1513 2273 851 1491 2274 854 1508 2275 852 1492 2276 856 1512 2292 863 1544 2293 864 1545 2294 856 1509 2295 865 1546 2296 857 1510 2297 864 1545 2319 862 1557 2320 861 1535 2321 864 1558 2322 860 1534 2323 865 1546 2324 780 1564 2340 835 1565 2341 787 1566 2342 781 1567 2343 837 1568 2344 836 1569 2345 776 1570 2346 838 1571 2347 839 1572 2348 782 1573 2349 836 1574 2350 838 1575 2351 779 1464 2352 832 1576 2353 780 1462 2354 778 1461 2355 840 1577 2356 779 1459 2357 777 1458 2358 841 1578 2359 778 1456 2360 777 1579 2361 839 1580 2362 842 1581 2363 804 1522 2364 844 1582 2365 843 1583 2366 806 1584 2367 844 1585 2368 805 1524 2369 807 1586 2370 845 1587 2371 806 1527 2372 807 1586 2373 847 1588 2374 846 1589 2375 810 1543 2376 849 1590 2377 809 1591 2378 810 1543 2379 843 1592 2380 850 1593 2381 813 1594 2382 835 1565 2383 852 1595 2384 812 1596 2385 837 1568 2386 788 1597 2387 794 1598 2388 857 1599 2389 819 1600 2390 795 1601 2391 859 1602 2392 858 1603 2393 808 1604 2394 860 1605 2395 847 1588 2396 809 1591 2397 862 1606 2398 802 1607 2399 795 1601 2400 853 1608 2401 812 1596 2402 794 1598 2403 852 1595 2404 854 1609 2405 826 1610 2406 859 1602 2407 818 1611 2408 827 1612 2409 857 1599 2410 865 1613 2411 802 1607 2412 863 1614 2413 826 1610 2414 801 1615 2415 865 1613 2416 860 1605 2417 923 1631 2433 925 1632 2434 926 1633 2435 924 1634 2436 928 1635 2437 925 1636 2438 931 1640 2442 932 1641 2443 929 1642 2444 925 1632 2463 935 1656 2464 926 1633 2465 928 1635 2466 934 1657 2467 925 1636 2468 938 1674 2487 940 1675 2488 937 1676 2489 941 1677 2490 939 1678 2491 938 1679 2492 943 1698 2511 945 1699 2512 946 1700 2513 944 1701 2514 948 1702 2515 945 1703 2516 934 1657 2520 941 1677 2521 938 1679 2522 935 1656 2523 938 1674 2524 937 1676 2525 940 1675 2544 949 1707 2545 950 1708 2546 939 1678 2565 951 1717 2566 949 1718 2567 949 1718 2568 947 1719 2569 944 1701 2570 950 1708 2571 944 1720 2572 943 1698 2573 871 1727 2592 926 1728 2593 878 1729 2594 872 1730 2595 928 1731 2596 927 1732 2597 872 1637 2598 929 1733 2599 866 1734 2600 871 1628 2601 930 1735 2602 923 1736 2603 869 1627 2604 930 1737 2605 870 1625 2606 868 1624 2607 931 1738 2608 869 1622 2609 867 1621 2610 932 1739 2611 868 1619 2612 867 1740 2613 929 1741 2614 933 1742 2615 903 1743 2616 926 1728 2617 935 1744 2618 902 1745 2619 928 1731 2620 879 1746 2621 885 1747 2622 940 1748 2623 909 1749 2624 886 1750 2625 942 1751 2626 941 1752 2627 899 1753 2628 945 1754 2629 900 1645 2630 899 1755 2631 943 1756 2632 946 1757 2633 901 1758 2634 947 1759 2635 893 1760 2636 900 1645 2637 948 1761 2638 901 1643 2639 886 1762 2640 936 1763 2641 902 1745 2642 885 1747 2643 935 1744 2644 937 1764 2645 917 1765 2646 940 1748 2647 950 1766 2648 916 1767 2649 942 1751 2650 915 1768 2651 893 1760 2652 951 1769 2653 916 1767 2654 892 1770 2655 950 1766 2656 943 1756 2657 988 1774 2661 990 1775 2662 991 1776 2663 989 1777 2664 993 1778 2665 990 1779 2666 992 1795 2682 989 1796 2683 988 1797 2684 991 1776 2691 999 1803 2692 1000 1804 2693 990 1779 2694 1001 1805 2695 999 1806 2696 999 1803 2715 1003 1818 2716 1000 1804 2717 1001 1805 2718 1002 1819 2719 999 1806 2720 1003 1818 2739 1005 1832 2740 1006 1833 2741 1002 1819 2742 1007 1834 2743 1005 1835 2744 953 1845 2760 991 1846 2761 960 1847 2762 954 1848 2763 993 1849 2764 992 1850 2765 958 1794 2766 995 1851 2767 952 1792 2768 957 1791 2769 994 1852 2770 958 1789 2771 957 1853 2772 997 1854 2773 996 1855 2774 956 1856 2775 998 1857 2776 997 1858 2777 954 1780 2778 998 1859 2779 955 1860 2780 953 1771 2781 995 1861 2782 988 1862 2783 967 1863 2784 991 1846 2785 1000 1864 2786 968 1865 2787 993 1849 2788 961 1866 2789 967 1863 2790 1003 1867 2791 974 1868 2792 975 1869 2793 1001 1870 2794 968 1865 2795 982 1871 2796 1006 1872 2797 1005 1873 2798 981 1874 2799 1003 1867 2800 1006 1875 2801 983 1876 2802 1004 1877 2803 975 1869 2804 982 1871 2805 1007 1878 2806 983 1879 2807 44 15 2823 45 40 2824 46 16 2825 44 18 2826 47 1882 2827 48 19 2828 53 26 2832 49 1883 2833 50 1884 2834 49 1883 2835 47 1885 2836 43 1886 2837 47 1885 2838 44 1887 2839 43 1886 2840 43 1886 2841 50 1884 2842 49 1883 2843 50 1884 2844 51 24 2845 53 26 2846 45 40 2877 54 54 2878 55 41 2879 48 19 2880 56 56 2881 54 42 2882 54 54 2901 57 85 2902 58 55 2903 56 56 2904 59 84 2905 57 57 2906 61 75 2925 62 1894 2926 63 76 2927 64 78 2928 65 1895 2929 62 79 2930 59 84 2934 64 78 2935 61 80 2936 57 85 2937 61 1897 2938 60 86 2939 5 93 2958 43 1899 2959 46 94 2960 6 96 2961 13 114 2962 48 97 2963 6 21 2964 47 1900 2965 49 99 2966 5 12 2967 4 14 2968 50 101 2969 3 11 2970 51 1901 2971 50 103 2972 2 8 2973 52 1902 2974 51 104 2975 2 105 2976 1 3 2977 53 106 2978 1 108 2979 0 0 2980 49 109 2981 19 111 2982 12 95 2983 46 94 2984 20 113 2985 56 118 2986 48 97 2987 37 115 2988 19 111 2989 55 112 2990 36 117 2991 59 129 2992 56 118 2993 34 28 2994 33 27 2995 63 119 2996 33 121 2997 26 130 2998 60 122 2999 35 124 3000 65 1903 3001 64 125 3002 35 127 3003 34 28 3004 62 120 3005 27 126 3006 64 125 3007 59 129 3008 26 130 3009 37 115 3010 58 116 3011 109 143 3024 110 1907 3025 111 144 3026 109 146 3027 112 1908 3028 113 147 3029 118 1909 3036 115 157 3037 117 156 3038 115 157 3039 114 1910 3040 116 155 3041 114 1910 3042 112 1911 3043 108 1912 3044 112 1911 3045 109 1913 3046 108 1912 3047 108 1912 3048 116 155 3049 114 1910 3050 126 158 3051 119 1914 3052 122 1915 3053 119 1914 3054 120 1916 3055 121 1917 3056 122 1915 3057 119 1914 3058 121 1917 3059 122 1915 3060 123 159 3061 126 158 3062 123 159 3063 124 1918 3064 125 160 3065 111 144 3078 110 1907 3079 127 168 3080 113 147 3081 129 213 3082 127 170 3083 131 185 3102 132 205 3103 133 186 3104 131 188 3105 134 1922 3106 135 189 3107 132 205 3126 124 1923 3127 123 206 3128 132 190 3129 135 189 3130 125 207 3131 129 213 3141 134 1922 3142 131 188 3143 127 168 3144 131 185 3145 130 187 3146 70 216 3162 108 1924 3163 111 217 3164 71 219 3165 78 246 3166 113 220 3167 66 222 3168 72 152 3169 114 223 3170 71 149 3171 112 1925 3172 114 225 3173 70 140 3174 69 142 3175 116 227 3176 68 139 3177 117 1926 3178 116 229 3179 67 136 3180 118 1927 3181 117 230 3182 67 231 3183 66 131 3184 115 232 3185 94 198 3186 95 197 3187 120 234 3188 96 236 3189 121 1928 3190 120 237 3191 97 204 3192 122 240 3193 121 238 3194 98 239 3195 123 254 3196 122 240 3197 99 210 3198 100 209 3199 126 241 3200 100 209 3201 94 211 3202 119 243 3203 77 218 3204 111 217 3205 128 244 3206 78 246 3207 102 256 3208 129 247 3209 91 248 3210 84 257 3211 130 249 3212 92 251 3213 135 255 3214 134 252 3215 98 239 3216 91 248 3217 133 250 3218 99 210 3219 125 242 3220 135 255 3221 85 253 3222 134 252 3223 129 247 3224 84 257 3225 103 245 3226 128 244 3227 178 270 3240 179 1931 3241 180 271 3242 179 273 3243 182 1932 3244 183 274 3245 188 283 3252 185 1933 3253 184 284 3254 184 284 3255 182 1934 3256 186 1935 3257 182 1934 3258 179 1936 3259 178 1937 3260 186 1935 3261 182 1934 3262 178 1937 3263 186 1935 3264 187 282 3265 184 284 3266 196 285 3267 189 1938 3268 190 286 3269 190 286 3270 191 1939 3271 192 287 3272 192 287 3273 193 1940 3274 196 285 3275 193 1940 3276 194 1941 3277 195 1942 3278 196 285 3279 193 1940 3280 195 1942 3281 181 272 3294 180 271 3295 197 295 3296 180 275 3297 183 274 3298 199 297 3299 198 296 3318 197 295 3319 200 309 3320 199 297 3321 202 1944 3322 200 311 3323 204 328 3342 194 1946 3343 193 329 3344 204 331 3345 205 1947 3346 195 332 3347 200 311 3357 202 1944 3358 205 340 3359 201 310 3360 200 309 3361 204 342 3362 140 347 3378 178 1948 3379 181 348 3380 141 350 3381 148 379 3382 183 351 3383 136 353 3384 142 279 3385 184 354 3386 142 356 3387 141 276 3388 182 357 3389 140 267 3390 139 269 3391 186 359 3392 138 266 3393 187 1949 3394 186 361 3395 137 263 3396 188 1950 3397 187 362 3398 137 363 3399 136 258 3400 185 364 3401 165 366 3402 190 1951 3403 189 367 3404 166 368 3405 191 1952 3406 190 369 3407 167 327 3408 192 372 3409 191 370 3410 167 327 3411 168 326 3412 193 371 3413 170 335 3414 196 375 3415 195 373 3416 164 374 3417 189 1953 3418 196 375 3419 154 376 3420 147 349 3421 181 348 3422 155 378 3423 199 383 3424 183 351 3425 173 380 3426 154 376 3427 198 377 3428 172 382 3429 202 387 3430 199 383 3431 168 326 3432 161 388 3433 203 384 3434 169 336 3435 195 373 3436 205 385 3437 162 386 3438 205 385 3439 202 387 3440 161 388 3441 173 380 3442 201 381 3443 250 401 3456 251 1957 3457 252 402 3458 250 404 3459 253 1958 3460 254 405 3461 259 1959 3468 256 1960 3469 258 414 3470 256 1960 3471 255 415 3472 258 414 3473 255 415 3474 253 1961 3475 257 413 3476 253 1961 3477 250 1962 3478 249 1963 3479 257 413 3480 253 1961 3481 249 1963 3482 252 402 3510 251 1957 3511 260 426 3512 254 405 3513 262 1969 3514 260 428 3515 264 443 3534 265 463 3535 266 444 3536 264 446 3537 267 472 3538 268 447 3539 265 463 3558 269 1975 3559 270 464 3560 265 448 3561 268 447 3562 271 465 3563 260 428 3573 262 1969 3574 267 472 3575 260 426 3576 264 443 3577 263 445 3578 210 475 3594 249 1976 3595 252 476 3596 211 478 3597 218 495 3598 254 479 3599 206 481 3600 212 410 3601 255 482 3602 211 407 3603 253 1977 3604 255 484 3605 210 398 3606 209 400 3607 257 486 3608 208 397 3609 258 1978 3610 257 488 3611 207 394 3612 259 1979 3613 258 489 3614 207 490 3615 206 389 3616 256 491 3617 217 477 3618 252 476 3619 261 493 3620 218 495 3621 243 511 3622 262 496 3623 231 497 3624 224 512 3625 263 498 3626 232 500 3627 268 509 3628 267 501 3629 239 503 3630 238 1967 3631 270 504 3632 238 506 3633 231 497 3634 266 499 3635 240 508 3636 271 1980 3637 268 509 3638 239 503 3639 269 505 3640 271 510 3641 225 502 3642 267 501 3643 262 496 3644 224 512 3645 244 494 3646 261 493 3647 321 604 3750 323 1992 3751 324 605 3752 322 607 3753 324 1993 3754 326 608 3755 316 618 3768 315 1995 3769 321 619 3770 291 621 3771 323 1996 3772 321 622 3773 289 539 3774 324 628 3775 323 624 3776 316 618 3777 322 620 3778 325 625 3779 289 539 3780 288 538 3781 326 627 3782 288 629 3783 317 1997 3784 325 630 3785 389 650 3837 390 2007 3838 391 651 3839 389 2010 3858 394 673 3859 390 672 3860 394 673 3861 393 2011 3862 398 671 3863 393 2011 3864 395 2012 3865 398 671 3866 395 2012 3867 396 2013 3868 397 2014 3869 398 671 3870 395 2012 3871 397 2014 3872 399 677 3888 392 2018 3889 400 678 3890 392 652 3891 391 651 3892 402 680 3893 404 691 3912 405 2022 3913 406 692 3914 404 694 3915 407 733 3916 408 695 3917 405 696 3951 408 695 3952 409 723 3953 406 692 3954 405 2022 3955 410 725 3956 400 681 3975 402 680 3976 407 733 3977 400 678 3978 404 691 3979 403 693 3980 346 734 3984 354 760 3985 391 735 3986 345 737 3987 389 2028 3988 392 738 3989 351 670 3990 393 2029 3991 394 740 3992 350 667 3993 395 2030 3994 393 741 3995 349 664 3996 396 2031 3997 395 742 3998 349 743 3999 348 659 4000 397 744 4001 348 746 4002 347 656 4003 398 747 4004 347 749 4005 346 653 4006 390 750 4007 345 647 4008 344 649 4009 394 752 4010 353 754 4011 392 2032 4012 399 755 4013 388 757 4014 352 2033 4015 399 758 4016 354 760 4017 387 777 4018 402 761 4019 381 762 4020 360 778 4021 403 763 4022 380 765 4023 408 769 4024 407 766 4025 369 768 4026 409 2034 4027 408 769 4028 368 770 4029 410 774 4030 409 771 4031 368 770 4032 367 2016 4033 411 773 4034 367 775 4035 381 762 4036 406 764 4037 361 767 4038 407 766 4039 402 761 4040 360 778 4041 388 757 4042 401 759 4043 462 791 4056 463 2037 4057 464 792 4058 463 794 4059 466 2038 4060 467 795 4061 472 804 4068 469 2039 4069 468 805 4070 468 805 4071 466 2040 4072 470 2041 4073 466 2040 4074 463 2042 4075 462 2043 4076 470 2041 4077 466 2040 4078 462 2043 4079 470 2041 4080 471 803 4081 468 805 4082 465 793 4095 464 792 4096 473 814 4097 464 796 4098 467 795 4099 475 816 4100 476 832 4119 477 2051 4120 478 833 4121 480 835 4122 481 2052 4123 478 836 4124 473 817 4134 475 816 4135 480 835 4136 473 814 4137 477 2051 4138 476 832 4139 483 848 4158 482 870 4159 484 849 4160 483 851 4161 485 2055 4162 487 852 4163 478 836 4182 481 2052 4183 482 870 4184 478 833 4185 483 851 4186 486 853 4187 416 876 4218 462 2063 4219 465 877 4220 417 879 4221 424 895 4222 467 880 4223 412 882 4224 418 800 4225 468 883 4226 417 797 4227 466 2064 4228 468 885 4229 416 788 4230 415 790 4231 470 887 4232 414 787 4233 471 2065 4234 470 889 4235 413 784 4236 472 2066 4237 471 890 4238 412 781 4239 469 2067 4240 472 891 4241 443 892 4242 423 878 4243 465 877 4244 442 894 4245 475 902 4246 467 880 4247 430 896 4248 476 903 4249 479 897 4250 431 899 4251 456 914 4252 481 900 4253 431 899 4254 480 901 4255 475 902 4256 430 896 4257 443 892 4258 474 893 4259 439 904 4260 484 2068 4261 482 905 4262 438 907 4263 485 910 4264 484 908 4265 438 907 4266 437 2062 4267 487 909 4268 437 911 4269 450 915 4270 486 912 4271 449 906 4272 482 905 4273 481 900 4274 450 915 4275 457 898 4276 479 897 4277 525 916 4278 526 946 4279 527 917 4280 525 919 4281 528 2069 4282 529 920 4283 525 2070 4302 524 942 4303 528 941 4304 524 942 4305 530 2071 4306 534 940 4307 530 2071 4308 531 2072 4309 533 2073 4310 531 2072 4311 532 2074 4312 533 2073 4313 533 2073 4314 534 940 4315 530 2071 4316 526 946 4332 535 962 4333 536 947 4334 526 921 4335 529 920 4336 537 948 4337 535 962 4356 538 976 4357 539 963 4358 537 948 4359 540 2078 4360 538 964 4361 538 976 4380 541 2080 4381 542 977 4382 538 964 4383 540 2078 4384 543 978 4385 488 992 4404 524 2084 4405 527 993 4406 489 995 4407 496 1013 4408 529 996 4409 488 937 4410 494 939 4411 530 998 4412 493 936 4413 531 2085 4414 530 1000 4415 492 933 4416 532 2086 4417 531 1001 4418 492 1002 4419 491 928 4420 533 1003 4421 491 1005 4422 490 925 4423 534 1006 4424 489 922 4425 528 2087 4426 534 1008 4427 502 1010 4428 495 994 4429 527 993 4430 503 1012 4431 537 1017 4432 529 996 4433 502 1010 4434 536 1011 4435 539 1014 4436 503 1012 4437 510 1024 4438 540 1016 4439 517 1018 4440 516 2075 4441 542 1019 4442 516 1021 4443 509 1015 4444 539 1014 4445 518 1023 4446 543 2088 4447 540 1016 4448 517 1018 4449 541 1020 4450 543 1025 4451 587 1027 4452 588 2089 4453 589 1028 4454 587 1030 4455 590 2090 4456 591 1031 4457 587 2094 4476 586 2095 4477 590 1052 4478 586 2095 4479 592 1053 4480 590 1052 4481 592 1053 4482 593 2096 4483 595 2097 4484 593 2096 4485 594 2098 4486 595 2097 4487 595 2097 4488 596 1051 4489 592 1053 4490 604 1055 4491 597 2099 4492 600 1056 4493 597 2099 4494 598 2100 4495 599 2101 4496 600 1056 4497 597 2099 4498 599 2101 4499 600 1056 4500 601 2102 4501 603 1054 4502 601 2102 4503 602 2103 4504 603 1054 4505 589 1028 4506 588 2089 4507 605 1057 4508 591 1031 4509 607 2104 4510 605 1059 4511 609 1069 4530 610 1104 4531 611 1070 4532 609 1072 4533 612 1111 4534 613 1073 4535 610 1074 4569 613 1073 4570 599 1102 4571 610 1104 4572 598 2108 4573 597 1105 4574 605 1059 4593 607 2104 4594 612 1111 4595 605 1057 4596 609 1069 4597 608 1071 4598 544 1112 4602 586 2109 4603 589 1113 4604 545 1115 4605 552 1142 4606 591 1116 4607 544 1048 4608 550 1050 4609 592 1118 4610 549 1047 4611 593 2110 4612 592 1120 4613 548 1044 4614 594 2111 4615 593 1121 4616 548 1122 4617 547 1039 4618 595 1123 4619 547 1125 4620 546 1036 4621 596 1126 4622 545 1033 4623 590 2112 4624 596 1128 4625 566 1101 4626 567 1100 4627 600 1130 4628 567 1100 4629 568 1099 4630 601 1132 4631 568 1098 4632 569 1097 4633 602 1133 4634 570 1135 4635 603 2113 4636 602 1136 4637 571 1107 4638 604 1139 4639 603 1137 4640 565 1138 4641 597 1151 4642 604 1139 4643 551 1114 4644 589 1113 4645 606 1140 4646 552 1142 4647 584 1152 4648 607 1143 4649 578 1144 4650 558 1153 4651 608 1145 4652 577 1147 4653 613 1150 4654 612 1148 4655 566 1101 4656 599 1131 4657 613 1150 4658 565 1138 4659 578 1144 4660 611 1146 4661 559 1149 4662 612 1148 4663 607 1143 4664 558 1153 4665 585 1141 4666 606 1140 4667 665 1166 4680 666 1189 4681 667 1167 4682 668 1169 4683 669 1191 4684 666 1170 4685 674 1180 4692 671 2116 4693 672 1178 4694 671 2116 4695 670 2117 4696 672 1178 4697 670 2117 4698 668 2118 4699 664 2119 4700 668 2118 4701 665 2120 4702 664 2119 4703 664 2119 4704 672 1178 4705 670 2117 4706 666 1189 4719 675 1219 4720 676 1190 4721 669 1191 4722 677 2121 4723 675 1192 4724 678 1207 4743 679 2128 4744 680 1208 4745 682 1210 4746 683 2129 4747 680 1211 4748 675 1192 4758 677 2121 4759 682 1210 4760 675 1219 4761 679 2128 4762 678 1207 4763 685 1223 4782 684 1245 4783 686 1224 4784 685 1226 4785 687 2132 4786 689 1227 4787 680 1211 4806 683 2129 4807 684 1245 4808 680 1208 4809 685 1226 4810 688 1228 4811 618 1251 4842 664 2139 4843 667 1252 4844 619 1254 4845 626 1274 4846 669 1255 4847 614 1257 4848 620 1175 4849 670 1258 4850 619 1172 4851 668 2140 4852 670 1260 4853 618 1163 4854 617 1165 4855 672 1262 4856 616 1162 4857 673 2141 4858 672 1264 4859 616 1265 4860 615 1157 4861 674 1266 4862 615 1268 4863 614 1154 4864 671 1269 4865 645 1271 4866 625 1253 4867 667 1252 4868 644 1273 4869 677 1281 4870 669 1255 4871 632 1275 4872 678 1282 4873 681 1276 4874 633 1278 4875 658 1294 4876 683 1279 4877 633 1278 4878 682 1280 4879 677 1281 4880 632 1275 4881 645 1271 4882 676 1272 4883 641 1283 4884 686 2142 4885 684 1284 4886 640 1286 4887 687 1290 4888 686 1287 4889 640 1286 4890 639 1250 4891 689 1289 4892 639 1291 4893 652 1295 4894 688 1292 4895 651 1285 4896 684 1284 4897 683 1279 4898 652 1295 4899 659 1277 4900 681 1276 4901 748 1296 4902 749 1326 4903 750 1297 4904 748 1299 4905 751 2143 4906 752 1300 4907 748 2147 4926 747 1322 4927 751 1321 4928 747 1322 4929 753 2148 4930 757 1320 4931 753 2148 4932 754 2149 4933 756 2150 4934 754 2149 4935 755 2151 4936 756 2150 4937 756 2150 4938 757 1320 4939 753 2148 4940 749 1326 4956 758 1391 4957 759 1327 4958 752 1300 4959 760 2155 4960 758 1328 4961 762 1339 4980 763 2158 4981 764 1340 4982 762 1342 4983 765 1390 4984 766 1343 4985 768 1363 5004 769 1400 5005 770 1364 5006 768 1366 5007 771 2162 5008 772 1367 5009 758 1328 5043 760 2155 5044 765 1390 5045 758 1391 5046 762 1339 5047 761 1341 5048 766 1343 5067 771 2162 5068 768 1366 5069 764 1340 5070 763 2158 5071 768 1363 5072 772 1367 5088 773 2169 5089 774 1399 5090 769 1400 5091 774 2170 5092 775 1401 5093 690 1406 5100 747 2172 5101 750 1407 5102 691 1409 5103 698 1426 5104 752 1410 5105 690 1317 5106 696 1319 5107 753 1412 5108 695 1316 5109 754 2173 5110 753 1414 5111 694 1313 5112 755 2174 5113 754 1415 5114 694 1416 5115 693 1308 5116 756 1417 5117 693 1419 5118 692 1305 5119 757 1420 5120 691 1302 5121 751 2175 5122 757 1422 5123 697 1408 5124 750 1407 5125 759 1424 5126 698 1426 5127 731 1440 5128 760 1427 5129 739 1428 5130 704 1441 5131 761 1429 5132 738 1431 5133 766 1442 5134 765 1432 5135 745 1434 5136 711 1443 5137 767 1435 5138 744 1437 5139 772 1445 5140 771 1438 5141 705 1433 5142 765 1432 5143 760 1427 5144 704 1441 5145 732 1425 5146 759 1424 5147 738 1431 5148 712 1439 5149 771 1438 5150 739 1428 5151 764 1430 5152 767 1435 5153 720 1444 5154 773 2176 5155 772 1445 5156 719 1446 5157 774 1450 5158 773 1447 5159 719 1446 5160 718 2152 5161 775 1449 5162 718 1451 5163 745 1434 5164 770 1436 5165 833 1465 5178 834 2180 5179 835 1466 5180 833 1468 5181 836 2181 5182 837 1469 5183 842 2182 5190 839 1479 5191 841 1478 5192 839 1479 5193 838 2183 5194 840 1477 5195 838 2183 5196 836 2184 5197 832 2185 5198 836 2184 5199 833 2186 5200 832 2185 5201 832 2185 5202 840 1477 5203 838 2183 5204 850 1480 5205 843 2187 5206 844 1481 5207 844 1481 5208 845 2188 5209 846 1482 5210 846 1482 5211 847 2189 5212 850 1480 5213 847 2189 5214 848 2190 5215 849 2191 5216 850 1480 5217 847 2189 5218 849 2191 5219 835 1466 5232 834 2180 5233 851 1491 5234 837 1469 5235 853 2192 5236 851 1493 5237 854 1508 5256 855 2199 5257 856 1509 5258 858 1511 5259 859 2200 5260 856 1512 5261 861 1532 5280 848 2204 5281 847 1533 5282 861 1535 5283 862 1557 5284 849 1536 5285 851 1493 5295 853 2192 5296 858 1511 5297 851 1491 5298 855 2199 5299 854 1508 5300 856 1512 5316 859 2200 5317 863 1544 5318 856 1509 5319 864 1558 5320 865 1546 5321 864 1545 5343 863 1544 5344 862 1557 5345 864 1558 5346 861 1532 5347 860 1534 5348 780 1564 5364 832 2205 5365 835 1565 5366 781 1567 5367 788 1597 5368 837 1568 5369 776 1570 5370 782 1474 5371 838 1571 5372 782 1573 5373 781 1471 5374 836 1574 5375 779 1464 5376 840 2206 5377 832 1576 5378 778 1461 5379 841 2207 5380 840 1577 5381 777 1458 5382 842 2208 5383 841 1578 5384 777 1579 5385 776 1453 5386 839 1580 5387 804 1522 5388 805 1521 5389 844 1582 5390 806 1584 5391 845 2209 5392 844 1585 5393 807 1586 5394 846 1589 5395 845 1587 5396 807 1586 5397 808 1604 5398 847 1588 5399 810 1543 5400 850 1593 5401 849 1590 5402 810 1543 5403 804 1542 5404 843 1592 5405 813 1594 5406 787 1566 5407 835 1565 5408 812 1596 5409 853 1608 5410 837 1568 5411 794 1598 5412 854 1609 5413 857 1599 5414 795 1601 5415 818 1611 5416 859 1602 5417 808 1604 5418 801 1615 5419 860 1605 5420 809 1591 5421 849 1590 5422 862 1606 5423 795 1601 5424 858 1603 5425 853 1608 5426 794 1598 5427 813 1594 5428 852 1595 5429 826 1610 5430 863 1614 5431 859 1602 5432 827 1612 5433 819 1600 5434 857 1599 5435 802 1607 5436 862 1606 5437 863 1614 5438 801 1615 5439 827 1612 5440 865 1613 5441 923 1631 5457 924 2214 5458 925 1632 5459 924 1634 5460 927 2215 5461 928 1635 5462 933 2216 5466 929 1642 5467 932 1641 5468 929 1642 5469 927 2217 5470 930 2218 5471 931 1640 5472 929 1642 5473 930 2218 5474 927 2217 5475 924 2219 5476 930 2218 5477 924 2219 5478 923 2220 5479 930 2218 5480 925 1632 5511 934 2225 5512 935 1656 5513 928 1635 5514 936 2226 5515 934 1657 5516 938 1674 5535 939 2233 5536 940 1675 5537 941 1677 5538 942 2234 5539 939 1678 5540 943 1698 5559 944 1720 5560 945 1699 5561 944 1701 5562 947 1719 5563 948 1702 5564 934 1657 5568 936 2226 5569 941 1677 5570 935 1656 5571 934 2225 5572 938 1674 5573 940 1675 5592 939 2233 5593 949 1707 5594 939 1678 5613 942 2234 5614 951 1717 5615 949 1718 5616 951 1717 5617 947 1719 5618 950 1708 5619 949 1707 5620 944 1720 5621 871 1727 5640 923 2240 5641 926 1728 5642 872 1730 5643 879 1746 5644 928 1731 5645 872 1637 5646 927 2241 5647 929 1733 5648 871 1628 5649 870 1630 5650 930 1735 5651 869 1627 5652 931 2242 5653 930 1737 5654 868 1624 5655 932 2243 5656 931 1738 5657 867 1621 5658 933 2244 5659 932 1739 5660 867 1740 5661 866 1616 5662 929 1741 5663 903 1743 5664 878 1729 5665 926 1728 5666 902 1745 5667 936 1763 5668 928 1731 5669 885 1747 5670 937 1764 5671 940 1748 5672 886 1750 5673 915 1768 5674 942 1751 5675 899 1753 5676 946 2245 5677 945 1754 5678 899 1755 5679 892 1770 5680 943 1756 5681 901 1758 5682 948 2246 5683 947 1759 5684 900 1645 5685 945 1754 5686 948 1761 5687 886 1762 5688 941 2247 5689 936 1763 5690 885 1747 5691 903 1743 5692 935 1744 5693 917 1765 5694 909 1749 5695 940 1748 5696 916 1767 5697 951 1769 5698 942 1751 5699 893 1760 5700 947 1759 5701 951 1769 5702 892 1770 5703 917 1765 5704 950 1766 5705 988 1774 5709 989 2248 5710 990 1775 5711 989 1777 5712 992 2249 5713 993 1778 5714 988 1797 5730 995 2250 5731 992 1795 5732 995 2250 5733 994 2251 5734 998 2252 5735 998 2252 5736 994 2251 5737 997 2253 5738 994 2251 5739 996 2254 5740 997 2253 5741 998 2252 5742 992 1795 5743 995 2250 5744 991 1776 5763 990 1775 5764 999 1803 5765 990 1779 5766 993 1778 5767 1001 1805 5768 999 1803 5787 1002 2260 5788 1003 1818 5789 1001 1805 5790 1004 2261 5791 1002 1819 5792 1003 1818 5811 1002 2260 5812 1005 1832 5813 1002 1819 5814 1004 2261 5815 1007 1834 5816 953 1845 5832 988 2265 5833 991 1846 5834 954 1848 5835 961 1866 5836 993 1849 5837 958 1794 5838 994 2266 5839 995 1851 5840 957 1791 5841 996 2267 5842 994 1852 5843 957 1853 5844 956 1786 5845 997 1854 5846 956 1856 5847 955 1783 5848 998 1857 5849 954 1780 5850 992 2268 5851 998 1859 5852 953 1771 5853 952 1773 5854 995 1861 5855 967 1863 5856 960 1847 5857 991 1846 5858 968 1865 5859 1001 1870 5860 993 1849 5861 967 1863 5862 1000 1864 5863 1003 1867 5864 975 1869 5865 1004 1877 5866 1001 1870 5867 982 1871 5868 981 2257 5869 1006 1872 5870 981 1874 5871 974 1868 5872 1003 1867 5873 983 1876 5874 1007 2269 5875 1004 1877 5876 982 1871 5877 1005 1873 5878 1007 1878 5879</p>
        </triangles>
      </mesh>
    </geometry>
  </library_geometries>
  <library_visual_scenes>
    <visual_scene id="Scene" name="Scene">
      <node id="base00" name="base00" type="NODE">
        <matrix sid="transform">1 0 0 0 0 1 0 0 0 0 1 0 0 0 0 1</matrix>
        <node id="start01" name="start01" type="NODE">
          <matrix sid="transform">1 0 0 0 0 1 0 0 0 0 1 0 0 0 0 1</matrix>
          <node id="Dead_tree_four" name="Dead_tree_four" type="NODE">
            <matrix sid="transform">0.01 0 0 0 0 -1.62921e-9 -0.01 0 0 0.01 -1.62921e-9 0 0 0 0 1</matrix>
            <instance_geometry url="#Mesh_006-mesh" name="Dead_tree_four">
              <bind_material>
                <technique_common>
                  <instance_material symbol="deadTree_002-material" target="#deadTree_002-material">
                    <bind_vertex_input semantic="map1" input_semantic="TEXCOORD" input_set="0"/>
                  </instance_material>
                  <instance_material symbol="deadTree_001-material" target="#deadTree_001-material">
                    <bind_vertex_input semantic="map1" input_semantic="TEXCOORD" input_set="0"/>
                  </instance_material>
                </technique_common>
              </bind_material>
            </instance_geometry>
          </node>
          <node id="Colmesh-1" name="Colmesh-1" type="NODE">
            <matrix sid="transform">0.01 0 0 0 0 -1.62921e-9 -0.01 0 0 0.01 -1.62921e-9 0 0 0 0 1</matrix>
            <instance_geometry url="#Mesh_007-mesh" name="Colmesh-1"/>
          </node>
        </node>
      </node>
    </visual_scene>
  </library_visual_scenes>
  <scene>
    <instance_visual_scene url="#Scene"/>
  </scene>
</COLLADA>