<?xml version="1.0" encoding="utf-8"?>
<COLLADA xmlns="http://www.collada.org/2005/11/COLLADASchema" version="1.4.1" xmlns:xsi="http://www.w3.org/2001/XMLSchema-instance">
  <asset>
    <contributor>
      <author>Blender User</author>
      <authoring_tool>Blender 3.4.1 commit date:2022-12-19, commit time:17:00, hash:55485cb379f7</authoring_tool>
    </contributor>
    <created>2025-12-19T22:49:38</created>
    <modified>2025-12-19T22:49:38</modified>
    <unit name="meter" meter="1"/>
    <up_axis>Z_UP</up_axis>
  </asset>
  <library_effects>
    <effect id="sled_001-effect">
      <profile_COMMON>
        <technique sid="common">
          <lambert>
            <emission>
              <color sid="emission">0 0 0 1</color>
            </emission>
            <diffuse>
              <color sid="diffuse">0.19 0.09 0.06 1</color>
            </diffuse>
            <index_of_refraction>
              <float sid="ior">1.45</float>
            </index_of_refraction>
          </lambert>
        </technique>
      </profile_COMMON>
    </effect>
  </library_effects>
  <library_images/>
  <library_materials>
    <material id="sled_001-material" name="sled.001">
      <instance_effect url="#sled_001-effect"/>
    </material>
  </library_materials>
  <library_geometries>
    <geometry id="_371_Sled_001-mesh" name="1371 Sled.001">
      <mesh>
        <source id="_371_Sled_001-mesh-positions">
          <float_array id="_371_Sled_001-mesh-positions-array" count="1470">-16.04142 27.66039 -37.04375 -16.9001 27.17609 -37.04375 -16.6486 27.17609 -36.43657 -16.04142 27.17609 -36.18507 -15.43425 27.17609 -36.43657 -15.18275 27.17609 -37.04375 -15.43425 27.17609 -37.65092 -16.04142 27.17609 -37.90242 -16.6486 27.17609 -37.65092 -16.6486 27.51854 -37.04375 -16.47076 27.51854 -36.61441 -16.04142 27.51854 -36.43657 -15.61209 27.51854 -36.61441 -15.43425 27.51854 -37.04375 -15.61209 27.51854 -37.47308 -16.04142 27.51854 -37.65092 -16.47076 27.51854 -37.47308 -10.6817 27.66039 -37.04375 -11.54038 27.17609 -37.04375 -11.28888 27.17609 -36.43657 -10.6817 27.17609 -36.18507 -10.07452 27.17609 -36.43657 -9.823024 27.17609 -37.04375 -10.07452 27.17609 -37.65092 -10.6817 27.17609 -37.90242 -11.28888 27.17609 -37.65092 -11.28888 27.51854 -37.04375 -11.11104 27.51854 -36.61441 -10.6817 27.51854 -36.43657 -10.25236 27.51854 -36.61441 -10.07452 27.51854 -37.04375 -10.25236 27.51854 -37.47308 -10.6817 27.51854 -37.65092 -11.11104 27.51854 -37.47308 -5.397467 27.66039 -37.04375 -6.256144 27.17609 -37.04375 -6.004644 27.17609 -36.43657 -5.397467 27.17609 -36.18507 -4.790291 27.17609 -36.43657 -4.53879 27.17609 -37.04375 -4.790291 27.17609 -37.65092 -5.397467 27.17609 -37.90242 -6.004644 27.17609 -37.65092 -6.004644 27.51854 -37.04375 -5.826806 27.51854 -36.61441 -5.397467 27.51854 -36.43657 -4.968129 27.51854 -36.61441 -4.790291 27.51854 -37.04375 -4.968129 27.51854 -37.47308 -5.397467 27.51854 -37.65092 -5.826806 27.51854 -37.47308 0 27.66039 -37.04375 -0.858677 27.17609 -37.04375 -0.607176 27.17609 -36.43657 0 27.17609 -36.18507 0.607176 27.17609 -36.43657 0.858677 27.17609 -37.04375 0.607176 27.17609 -37.65092 0 27.17609 -37.90242 -0.607176 27.17609 -37.65092 -0.607176 27.51854 -37.04375 -0.429338 27.51854 -36.61441 0 27.51854 -36.43657 0.429338 27.51854 -36.61441 0.607176 27.51854 -37.04375 0.429338 27.51854 -37.47308 0 27.51854 -37.65092 -0.429338 27.51854 -37.47308 -16.04142 27.66039 15.42947 -16.9001 27.17609 15.42947 -16.6486 27.17609 16.03665 -16.04142 27.17609 16.28815 -15.43425 27.17609 16.03665 -15.18275 27.17609 15.42947 -15.43425 27.17609 14.82229 -16.04142 27.17609 14.57079 -16.6486 27.17609 14.82229 -16.6486 27.51854 15.42947 -16.47076 27.51854 15.85881 -16.04142 27.51854 16.03665 -15.61209 27.51854 15.85881 -15.43425 27.51854 15.42947 -15.61209 27.51854 15.00013 -16.04142 27.51854 14.82229 -16.47076 27.51854 15.00013 -10.6817 27.66039 15.42947 -11.54038 27.17609 15.42947 -11.28888 27.17609 16.03665 -10.6817 27.17609 16.28815 -10.07452 27.17609 16.03665 -9.823024 27.17609 15.42947 -10.07452 27.17609 14.82229 -10.6817 27.17609 14.57079 -11.28888 27.17609 14.82229 -11.28888 27.51854 15.42947 -11.11104 27.51854 15.85881 -10.6817 27.51854 16.03665 -10.25236 27.51854 15.85881 -10.07452 27.51854 15.42947 -10.25236 27.51854 15.00013 -10.6817 27.51854 14.82229 -11.11104 27.51854 15.00013 -5.397467 27.66039 15.42947 -6.256144 27.17609 15.42947 -6.004644 27.17609 16.03665 -5.397467 27.17609 16.28815 -4.790291 27.17609 16.03665 -4.53879 27.17609 15.42947 -4.790291 27.17609 14.82229 -5.397467 27.17609 14.57079 -6.004644 27.17609 14.82229 -6.004644 27.51854 15.42947 -5.826806 27.51854 15.85881 -5.397467 27.51854 16.03665 -4.968129 27.51854 15.85881 -4.790291 27.51854 15.42947 -4.968129 27.51854 15.00013 -5.397467 27.51854 14.82229 -5.826806 27.51854 15.00013 0 27.66039 15.42947 -0.858677 27.17609 15.42947 -0.607176 27.17609 16.03665 0 27.17609 16.28815 0.607176 27.17609 16.03665 0.858677 27.17609 15.42947 0.607176 27.17609 14.82229 0 27.17609 14.57079 -0.607176 27.17609 14.82229 -0.607176 27.51854 15.42947 -0.429338 27.51854 15.85881 0 27.51854 16.03665 0.429338 27.51854 15.85881 0.607176 27.51854 15.42947 0.429338 27.51854 15.00013 0 27.51854 14.82229 -0.429338 27.51854 15.00013 16.04142 27.66039 -37.04375 16.9001 27.17609 -37.04375 16.6486 27.17609 -36.43657 16.04142 27.17609 -36.18507 15.43425 27.17609 -36.43657 15.18275 27.17609 -37.04375 15.43425 27.17609 -37.65092 16.04142 27.17609 -37.90242 16.6486 27.17609 -37.65092 16.6486 27.51854 -37.04375 16.47076 27.51854 -36.61441 16.04142 27.51854 -36.43657 15.61209 27.51854 -36.61441 15.43425 27.51854 -37.04375 15.61209 27.51854 -37.47308 16.04142 27.51854 -37.65092 16.47076 27.51854 -37.47308 10.6817 27.66039 -37.04375 11.54038 27.17609 -37.04375 11.28888 27.17609 -36.43657 10.6817 27.17609 -36.18507 10.07452 27.17609 -36.43657 9.823024 27.17609 -37.04375 10.07452 27.17609 -37.65092 10.6817 27.17609 -37.90242 11.28888 27.17609 -37.65092 11.28888 27.51854 -37.04375 11.11104 27.51854 -36.61441 10.6817 27.51854 -36.43657 10.25236 27.51854 -36.61441 10.07452 27.51854 -37.04375 10.25236 27.51854 -37.47308 10.6817 27.51854 -37.65092 11.11104 27.51854 -37.47308 5.397467 27.66039 -37.04375 6.256144 27.17609 -37.04375 6.004644 27.17609 -36.43657 5.397467 27.17609 -36.18507 4.790291 27.17609 -36.43657 4.53879 27.17609 -37.04375 4.790291 27.17609 -37.65092 5.397467 27.17609 -37.90242 6.004644 27.17609 -37.65092 6.004644 27.51854 -37.04375 5.826806 27.51854 -36.61441 5.397467 27.51854 -36.43657 4.968129 27.51854 -36.61441 4.790291 27.51854 -37.04375 4.968129 27.51854 -37.47308 5.397467 27.51854 -37.65092 5.826806 27.51854 -37.47308 16.04142 27.66039 15.42947 16.9001 27.17609 15.42947 16.6486 27.17609 16.03665 16.04142 27.17609 16.28815 15.43425 27.17609 16.03665 15.18275 27.17609 15.42947 15.43425 27.17609 14.82229 16.04142 27.17609 14.57079 16.6486 27.17609 14.82229 16.6486 27.51854 15.42947 16.47076 27.51854 15.85881 16.04142 27.51854 16.03665 15.61209 27.51854 15.85881 15.43425 27.51854 15.42947 15.61209 27.51854 15.00013 16.04142 27.51854 14.82229 16.47076 27.51854 15.00013 10.6817 27.66039 15.42947 11.54038 27.17609 15.42947 11.28888 27.17609 16.03665 10.6817 27.17609 16.28815 10.07452 27.17609 16.03665 9.823024 27.17609 15.42947 10.07452 27.17609 14.82229 10.6817 27.17609 14.57079 11.28888 27.17609 14.82229 11.28888 27.51854 15.42947 11.11104 27.51854 15.85881 10.6817 27.51854 16.03665 10.25236 27.51854 15.85881 10.07452 27.51854 15.42947 10.25236 27.51854 15.00013 10.6817 27.51854 14.82229 11.11104 27.51854 15.00013 5.397467 27.66039 15.42947 6.256144 27.17609 15.42947 6.004644 27.17609 16.03665 5.397467 27.17609 16.28815 4.790291 27.17609 16.03665 4.53879 27.17609 15.42947 4.790291 27.17609 14.82229 5.397467 27.17609 14.57079 6.004644 27.17609 14.82229 6.004644 27.51854 15.42947 5.826806 27.51854 15.85881 5.397467 27.51854 16.03665 4.968129 27.51854 15.85881 4.790291 27.51854 15.42947 4.968129 27.51854 15.00013 5.397467 27.51854 14.82229 5.826806 27.51854 15.00013 -18.36595 27.93876 46.00923 -14.02525 20.43444 44.23402 -18.36595 2.975816 -48.1473 -14.02525 27.93876 46.00923 -14.02525 2.975816 22.16356 -14.02525 2.975816 -48.1473 -14.02525 12.04349 40.3041 -14.02525 4.868536 31.23383 -18.36595 2.975816 22.16356 -18.36595 20.43444 44.23402 -18.36595 12.04349 40.3041 -18.36595 4.868536 31.23383 -18.36595 27.25376 48.90489 -14.02525 19.45054 47.05896 -18.36595 2.45e-4 -48.1473 -14.02525 27.25376 48.90489 -14.02525 2.45e-4 22.47071 -14.02525 2.45e-4 -48.1473 -14.02525 10.14547 42.70092 -14.02525 2.09916 32.5291 -18.36595 2.45e-4 22.47071 -18.36595 19.45054 47.05896 -18.36595 10.14547 42.70092 -18.36595 2.09916 32.5291 -18.36595 2.975816 -39.14473 -14.02525 2.975816 -39.14473 -18.36595 2.45e-4 -39.10541 -14.02525 2.45e-4 -39.10541 -14.02525 2.975816 -34.91338 -18.36595 2.975816 -34.91338 -14.02525 2.45e-4 -34.85557 -18.36595 2.45e-4 -34.85557 -14.02525 2.975816 17.59864 -18.36595 2.975816 17.59864 -14.02525 2.45e-4 17.76294 -18.36595 2.45e-4 17.76294 -14.02525 2.975816 13.36725 -18.36595 2.975816 13.36725 -14.02525 2.45e-4 13.72729 -18.36595 2.45e-4 13.72729 -17.67811 2.975816 -35.60123 -17.67811 2.975816 -38.45689 -14.71309 2.975816 -38.45689 -14.71309 2.975816 -35.60123 -17.67811 2.975816 16.9108 -17.67811 2.975816 14.05509 -14.71309 2.975816 14.05509 -14.71309 2.975816 16.9108 -17.67811 22.20425 -35.60123 -17.67811 22.20425 -38.45689 -14.71309 22.20425 -38.45689 -14.71309 22.20425 -35.60123 -17.67811 22.20425 16.9108 -17.67811 22.20425 14.05509 -14.71309 22.20425 14.05509 -14.71309 22.20425 16.9108 -17.67811 25.59893 -35.60123 -17.67811 25.59893 -38.45689 -14.71309 25.59893 -38.45689 -14.71309 25.59893 -35.60123 -17.67811 25.59893 16.9108 -17.67811 25.59893 14.05509 -14.71309 25.59893 14.05509 -14.71309 25.59893 16.9108 0 22.20425 -38.45689 0 22.20425 -35.60123 0 25.59893 -38.45689 0 25.59893 -35.60123 0 22.20425 14.05509 0 22.20425 16.9108 0 25.59893 14.05509 0 25.59893 16.9108 -18.97241 22.20425 -35.60123 -18.97241 22.20425 -38.45689 -18.97241 25.59893 -35.60123 -18.97241 25.59893 -38.45689 -18.97241 22.20425 16.9108 -18.97241 22.20425 14.05509 -18.97241 25.59893 16.9108 -18.97241 25.59893 14.05509 -19.65644 22.78814 -35.60123 -19.65644 22.78814 -38.45689 -19.65644 25.01504 -35.60123 -19.65644 25.01504 -38.45689 -19.65644 22.78814 16.9108 -19.65644 22.78814 14.05509 -19.65644 25.01504 16.9108 -19.65644 25.01504 14.05509 18.36595 27.93876 46.00923 14.02525 20.43444 44.23402 18.36595 2.975816 -48.1473 14.02525 27.93876 46.00923 14.02525 2.975816 22.16356 14.02525 2.975816 -48.1473 14.02525 12.04349 40.3041 14.02525 4.868536 31.23383 18.36595 2.975816 22.16356 18.36595 20.43444 44.23402 18.36595 12.04349 40.3041 18.36595 4.868536 31.23383 18.36595 27.25376 48.90489 14.02525 19.45054 47.05896 18.36595 2.45e-4 -48.1473 14.02525 27.25376 48.90489 14.02525 2.45e-4 22.47071 14.02525 2.45e-4 -48.1473 14.02525 10.14547 42.70092 14.02525 2.09916 32.5291 18.36595 2.45e-4 22.47071 18.36595 19.45054 47.05896 18.36595 10.14547 42.70092 18.36595 2.09916 32.5291 18.36595 2.975816 -39.14473 14.02525 2.975816 -39.14473 18.36595 2.45e-4 -39.10541 14.02525 2.45e-4 -39.10541 14.02525 2.975816 -34.91338 18.36595 2.975816 -34.91338 14.02525 2.45e-4 -34.85557 18.36595 2.45e-4 -34.85557 14.02525 2.975816 17.59864 18.36595 2.975816 17.59864 14.02525 2.45e-4 17.76294 18.36595 2.45e-4 17.76294 14.02525 2.975816 13.36725 18.36595 2.975816 13.36725 14.02525 2.45e-4 13.72729 18.36595 2.45e-4 13.72729 17.67811 2.975816 -35.60123 17.67811 2.975816 -38.45689 14.71309 2.975816 -38.45689 14.71309 2.975816 -35.60123 17.67811 2.975816 16.9108 17.67811 2.975816 14.05509 14.71309 2.975816 14.05509 14.71309 2.975816 16.9108 17.67811 22.20425 -35.60123 17.67811 22.20425 -38.45689 14.71309 22.20425 -38.45689 14.71309 22.20425 -35.60123 17.67811 22.20425 16.9108 17.67811 22.20425 14.05509 14.71309 22.20425 14.05509 14.71309 22.20425 16.9108 17.67811 25.59893 -35.60123 17.67811 25.59893 -38.45689 14.71309 25.59893 -38.45689 14.71309 25.59893 -35.60123 17.67811 25.59893 16.9108 17.67811 25.59893 14.05509 14.71309 25.59893 14.05509 14.71309 25.59893 16.9108 18.97241 22.20425 -35.60123 18.97241 22.20425 -38.45689 18.97241 25.59893 -35.60123 18.97241 25.59893 -38.45689 18.97241 22.20425 16.9108 18.97241 22.20425 14.05509 18.97241 25.59893 16.9108 18.97241 25.59893 14.05509 19.65644 22.78814 -35.60123 19.65644 22.78814 -38.45689 19.65644 25.01504 -35.60123 19.65644 25.01504 -38.45689 19.65644 22.78814 16.9108 19.65644 22.78814 14.05509 19.65644 25.01504 16.9108 19.65644 25.01504 14.05509 14.50407 25.59893 -48.90489 14.50407 25.59893 46.39113 17.63596 25.59893 -48.90489 17.63596 25.59893 46.39113 16.88118 25.59893 47.55685 15.25885 25.59893 47.55685 14.50407 27.23116 -48.90489 14.50407 27.23116 46.39113 17.63596 27.23116 -48.90489 17.63596 27.23116 46.39113 16.88118 27.23116 47.55685 15.25885 27.23116 47.55685 9.166816 25.59893 -48.90489 9.166816 25.59893 25.78503 12.29871 25.59893 -48.90489 12.29871 25.59893 25.78503 11.54392 25.59893 26.95074 9.921605 25.59893 26.95074 9.166816 27.23116 -48.90489 9.166816 27.23116 25.78503 12.29871 27.23116 -48.90489 12.29871 27.23116 25.78503 11.54392 27.23116 26.95074 9.921605 27.23116 26.95074 3.829564 25.59893 -48.90489 3.829564 25.59893 25.78503 6.961459 25.59893 -48.90489 6.961459 25.59893 25.78503 6.206672 25.59893 26.95074 4.584351 25.59893 26.95074 3.829564 27.23116 -48.90489 3.829564 27.23116 25.78503 6.961459 27.23116 -48.90489 6.961459 27.23116 25.78503 6.206672 27.23116 26.95074 4.584351 27.23116 26.95074 -1.507688 25.59893 -48.90489 -1.507688 25.59893 25.78503 1.624207 25.59893 -48.90489 1.624207 25.59893 25.78503 0.86942 25.59893 26.95074 -0.752901 25.59893 26.95074 -1.507688 27.23116 -48.90489 -1.507688 27.23116 25.78503 1.624207 27.23116 -48.90489 1.624207 27.23116 25.78503 0.86942 27.23116 26.95074 -0.752901 27.23116 26.95074 -14.50407 25.59893 -48.90489 -14.50407 25.59893 46.39113 -17.63596 25.59893 -48.90489 -17.63596 25.59893 46.39113 -16.88118 25.59893 47.55685 -15.25885 25.59893 47.55685 -14.50407 27.23116 -48.90489 -14.50407 27.23116 46.39113 -17.63596 27.23116 -48.90489 -17.63596 27.23116 46.39113 -16.88118 27.23116 47.55685 -15.25885 27.23116 47.55685 -9.166816 25.59893 -48.90489 -9.166816 25.59893 25.78503 -12.29871 25.59893 -48.90489 -12.29871 25.59893 25.78503 -11.54392 25.59893 26.95074 -9.921605 25.59893 26.95074 -9.166816 27.23116 -48.90489 -9.166816 27.23116 25.78503 -12.29871 27.23116 -48.90489 -12.29871 27.23116 25.78503 -11.54392 27.23116 26.95074 -9.921605 27.23116 26.95074 -3.829564 25.59893 -48.90489 -3.829564 25.59893 25.78503 -6.961459 25.59893 -48.90489 -6.961459 25.59893 25.78503 -6.206672 25.59893 26.95074 -4.584351 25.59893 26.95074 -3.829564 27.23116 -48.90489 -3.829564 27.23116 25.78503 -6.961459 27.23116 -48.90489 -6.961459 27.23116 25.78503 -6.206672 27.23116 26.95074 -4.584351 27.23116 26.95074</float_array>
          <technique_common>
            <accessor source="#_371_Sled_001-mesh-positions-array" count="490" stride="3">
              <param name="X" type="float"/>
              <param name="Y" type="float"/>
              <param name="Z" type="float"/>
            </accessor>
          </technique_common>
        </source>
        <source id="_371_Sled_001-mesh-normals">
          <float_array id="_371_Sled_001-mesh-normals-array" count="1203">-0.764503 0.5614799 0.3166635 -0.316661 0.561473 0.764509 0.3166661 0.5614768 0.764504 0.7645083 0.5614715 0.3166656 0.7645112 0.561463 -0.3166733 0.3166813 0.5614648 -0.7645066 -0.316676 0.5614659 -0.7645079 -0.7645121 0.5614637 -0.3166701 -0.2264943 0.9694839 0.09381663 -0.09381622 0.969485 0.2264897 0.09381848 0.9694834 0.2264952 0.2264983 0.9694834 0.09381121 0.2264937 0.9694843 -0.09381371 0.09381979 0.9694826 -0.2264983 -0.09381848 0.9694834 -0.2264952 -0.2264888 0.9694848 -0.09381878 -0.7645075 0.5614727 0.3166653 -0.3166604 0.5614753 0.7645075 0.3166615 0.5614756 0.7645068 0.7645172 0.5614606 0.3166629 0.764516 0.5614595 -0.3166682 0.316676 0.5614659 -0.7645079 -0.7645097 0.5614654 -0.3166726 -0.09381663 0.9694846 0.2264907 0.09381651 0.9694848 0.2264903 0.2264943 0.9694839 0.09381663 0.2264904 0.9694845 -0.09381943 0.09381812 0.9694837 -0.2264942 -0.09381794 0.9694837 -0.2264938 -0.2264904 0.9694845 -0.09381943 -0.7645083 0.5614715 0.3166656 -0.3166614 0.5614712 0.7645102 0.316662 0.5614739 0.7645079 0.7645096 0.561469 0.3166667 0.764509 0.5614666 -0.3166723 0.3166765 0.5614642 -0.7645091 -0.3166766 0.5614636 -0.7645094 -0.764509 0.5614666 -0.3166723 -0.2264958 0.9694834 0.09381729 -0.09381675 0.9694846 0.2264909 0.09381723 0.969486 0.2264849 0.2264953 0.9694831 0.09382063 0.2264907 0.969484 -0.09382313 0.09381896 0.9694848 -0.2264892 -0.0938183 0.9694835 -0.2264947 -0.2264912 0.9694843 -0.09381979 -0.7645102 0.5614681 0.316667 -0.3166622 0.5614731 0.7645084 0.3166622 0.5614731 0.7645084 0.7645102 0.5614681 0.316667 0.7645088 0.5614669 -0.3166723 0.3166766 0.5614637 -0.7645094 -0.3166766 0.5614637 -0.7645094 -0.7645088 0.5614669 -0.3166723 -0.2264955 0.9694828 0.09382426 -0.09381699 0.9694844 0.2264915 0.09381699 0.9694844 0.2264915 0.2264955 0.9694828 0.09382426 0.226491 0.9694836 -0.09382683 0.09381866 0.9694833 -0.2264955 -0.09381866 0.9694833 -0.2264955 -0.226491 0.9694836 -0.09382683 -0.7645059 0.561475 0.3166646 -0.3166666 0.5614679 0.7645105 0.3166718 0.5614666 0.7645092 0.764511 0.5614666 -0.3166674 0.3166688 0.5614736 -0.7645053 -0.3166653 0.5614726 -0.7645074 -0.764512 0.5614672 -0.3166642 -0.2264909 0.9694846 0.09381675 -0.09381496 0.9694848 0.2264909 0.09381705 0.9694834 0.226496 0.2264949 0.9694842 0.09381133 0.2264966 0.9694837 -0.09381127 0.09381848 0.9694834 -0.2264952 -0.09381639 0.9694848 -0.2264901 -0.2264925 0.9694842 -0.09381669 0.3166666 0.5614679 0.7645105 0.7645143 0.5614637 0.3166646 0.7645172 0.5614606 -0.3166629 0.316664 0.561473 -0.7645078 -0.3166694 0.5614684 -0.7645089 -0.7645097 0.5614699 -0.3166648 -0.2264916 0.9694844 0.09381705 -0.0938149 0.9694848 0.2264907 0.09381514 0.9694847 0.2264913 0.2264916 0.9694844 0.09381705 0.2264925 0.9694842 -0.09381669 0.09381687 0.9694845 -0.2264913 -0.09381663 0.9694846 -0.2264907 -0.764509 0.5614702 0.3166659 -0.3166671 0.5614655 0.764512 0.316667 0.561466 0.7645116 0.7645074 0.5614708 0.3166688 0.7645103 0.5614678 -0.3166671 0.3166654 0.5614724 -0.7645077 -0.3166657 0.5614708 -0.7645085 -0.7645101 0.5614693 -0.3166649 -0.2264928 0.969484 0.09381753 -0.09381514 0.9694846 0.2264914 0.0938158 0.9694859 0.2264859 0.2264924 0.9694839 0.09382086 0.2264937 0.9694836 -0.09382069 0.09381723 0.9694859 -0.226485 -0.09381693 0.9694845 -0.2264913 -0.2264941 0.9694837 -0.09381735 -0.7645079 0.5614699 0.316669 -0.3166671 0.5614655 0.7645119 0.3166671 0.5614655 0.7645119 0.7645079 0.5614699 0.316669 0.7645105 0.5614675 -0.3166671 0.3166656 0.5614715 -0.7645083 -0.3166656 0.5614715 -0.7645083 -0.7645105 0.5614675 -0.3166671 -0.2264926 0.9694835 0.0938245 -0.0938155 0.9694844 0.2264922 0.0938155 0.9694844 0.2264922 0.2264926 0.9694835 0.0938245 0.2264938 0.9694832 -0.09382432 0.09381711 0.9694843 -0.2264918 -0.09381711 0.9694843 -0.2264918 -0.2264938 0.9694832 -0.09382432 0.7645158 0.5614581 0.3166713 0.3166621 0.5614733 0.7645084 -0.3166809 0.561464 0.7645073 -0.7645112 0.561463 -0.3166733 -0.3166766 0.5614737 -0.7645019 0.7645022 0.5614725 -0.316678 0.0938161 0.9694851 0.2264893 -0.0938183 0.9694835 0.2264947 -0.2264981 0.9694827 0.09381824 -0.2264937 0.9694843 -0.09381371 -0.09381997 0.9694825 -0.2264987 0.0938183 0.9694835 -0.2264947 0.2264888 0.9694848 -0.09381878 0.7645081 0.5614674 0.316673 0.3166612 0.5614769 0.7645061 -0.3166768 0.5614666 0.7645072 -0.7645019 0.5614776 0.3166697 -0.764516 0.5614595 -0.3166682 -0.3166728 0.5614755 -0.7645024 0.7644991 0.5614777 -0.3166767 0.09381675 0.9694846 0.2264909 -0.09381639 0.9694848 0.2264901 -0.093818 0.9694837 -0.226494 0.093818 0.9694837 -0.226494 0.3166623 0.5614727 0.7645086 -0.3166744 0.5614623 0.7645113 -0.7645049 0.561473 0.3166708 -0.3166719 0.5614721 -0.7645052 0.3166766 0.5614636 -0.7645094 0.7645018 0.5614734 -0.3166778 0.2264958 0.9694834 0.09381729 -0.09381723 0.969486 0.2264849 -0.2264954 0.9694835 0.09381711 -0.2264906 0.9694837 -0.09382665 -0.09381896 0.9694848 -0.2264892 0.2264912 0.9694843 -0.09381979 0.7645136 0.5614602 0.3166725 0.3166729 0.5614746 0.7645028 -0.3166718 0.5614666 0.7645092 -0.764511 0.5614666 -0.3166674 -0.31667 0.5614739 -0.7645047 0.3166754 0.5614717 -0.764504 0.7645083 0.5614687 -0.3166702 0.2264909 0.9694846 0.09381675 0.09381496 0.9694848 0.2264909 -0.09381687 0.9694834 0.2264956 -0.2264947 0.9694835 0.0938183 -0.2264966 0.9694837 -0.09381127 -0.09381866 0.9694833 -0.2264955 0.09381639 0.9694848 -0.2264901 0.7645081 0.5614661 0.3166751 0.3166732 0.5614738 0.7645034 -0.7645046 0.5614747 0.3166687 -0.7645172 0.5614606 -0.3166629 -0.3166647 0.561475 -0.764506 0.3166694 0.5614684 -0.7645089 0.7645104 0.5614687 -0.3166651 -0.09381526 0.9694845 0.2264917 -0.09381675 0.9694846 -0.2264909 0.09381675 0.9694846 -0.2264909 0.7645071 0.5614678 0.3166747 0.3166739 0.5614708 0.7645052 -0.316667 0.561466 0.7645116 -0.7645075 0.56147 0.3166699 -0.7645103 0.5614678 -0.3166671 -0.3166655 0.5614721 -0.7645079 0.3166766 0.5614674 -0.7645066 0.2264928 0.969484 0.09381753 -0.09381574 0.9694859 0.2264857 -0.2264924 0.9694841 0.09381735 -0.2264936 0.9694833 -0.0938242 -0.09381723 0.969486 -0.2264849 0.2264941 0.9694837 -0.09381735 0 -1 0 0 -0.2302064 0.9731419 0 -0.4241375 0.9055979 0 -0.978914 0.2042731 0 -0.7842851 0.6204007 0 1 0 0 0.2302047 -0.9731423 0 0.4241388 -0.9055972 0 0.9789141 -0.2042728 0 0.7842848 -0.6204011 -1 0 0 1 0 0 0 0 -1 -1 3.32494e-7 0 0 0.9731418 0.2302067 1 0 0 -1 -2.76722e-7 0 -1 -6.65111e-7 0 1 -4.43407e-7 0 1 -1.60957e-7 0 1 -4.59702e-7 0 -1 -1.27068e-6 0 1 2.80838e-7 0 1 2.27231e-7 0 -1 -8.44416e-7 0 0 1 1.59704e-7 0 1 1.59706e-7 0 0 1 -0.6492381 -0.7605854 0 -0.6492381 0.7605854 0 -0.6492386 -0.7605849 0 -0.6492386 0.7605849 0 0 -0.2302061 0.9731419 0 -0.424138 0.9055976 0 -0.978914 0.2042729 0 -0.7842856 0.6204001 0 0.2302045 -0.9731423 0 0.4241386 -0.9055974 0 0.978914 -0.2042728 0 0.7842847 -0.6204011 1 -3.15943e-7 0 1 3.32494e-7 0 0 0.9731417 0.2302068 1 -5.53444e-7 0 -1 -2.49537e-7 0 1 -7.48613e-7 0 1 -8.86814e-7 0 -1 0 0 1 0 0 1 0 0 1 -9.13301e-7 0 -1 -6.3534e-7 0 1 -6.13521e-7 0 0 1 -2.33806e-7 0 1 -2.33805e-7 0.6492381 -0.7605854 0 -5.00858e-6 0 1 0.6492381 0.7605854 0 -5.00859e-6 0 -1 0.6492371 -0.7605861 0 -3.75644e-6 0 1 0.6492371 0.7605861 0 1.25215e-6 0 -1 0 1 -1.04486e-6 -0.8394091 0 0.5435002 0.839411 0 0.5434971 -0.8394048 0 0.5435068 0.8394041 0 0.543508 0.8394048 0 0.5435068 -0.8394055 0 0.5435056 0.8394055 0 0.5435056 0 -1 -2.01709e-6 0 1 2.01713e-6 -0.8394033 0 0.5435092 0 1 -2.01713e-6 0 -1 -2.01713e-6 -0.7645158 0.5614581 0.3166713 -0.3166759 0.56147 0.7645051 0.3166809 0.561464 0.7645073 0.764497 0.5614811 -0.3166758 0.3166766 0.5614737 -0.7645019 -0.3166737 0.5614784 -0.7644997 -0.7645022 0.5614725 -0.316678 -0.7645081 0.5614674 0.316673 -0.316677 0.5614657 0.7645077 0.3166768 0.5614666 0.7645072 0.7645019 0.5614776 0.3166697 0.3166728 0.5614755 -0.7645024 -0.3166739 0.5614776 -0.7645002 -0.7644991 0.5614777 -0.3166767 0.3166744 0.5614623 0.7645113 0.7645049 0.561473 0.3166708 0.7645012 0.5614743 -0.3166776 0.3166719 0.5614721 -0.7645052 -0.316672 0.5614717 -0.7645055 -0.7645018 0.5614734 -0.3166778 -0.7645059 0.5614742 0.3166664 -0.316677 0.5614659 0.7645077 0.316677 0.5614659 0.7645077 0.7645059 0.5614741 0.3166664 0.7645024 0.5614753 -0.3166731 0.3166744 0.5614757 -0.7645014 -0.3166744 0.5614757 -0.7645014 -0.7645024 0.5614752 -0.3166731 -0.7645136 0.5614602 0.3166725 -0.3166729 0.5614746 0.7645028 0.3166788 0.5614725 0.7645021 0.7645061 0.5614696 0.3166742 0.764505 0.5614738 -0.3166689 0.3166809 0.561464 -0.7645073 -0.3166754 0.5614717 -0.764504 -0.7645083 0.5614687 -0.3166702 -0.7645081 0.5614661 0.3166751 -0.3166732 0.5614738 0.7645034 0.3166744 0.5614759 0.7645013 0.7645046 0.5614747 0.3166687 0.3166763 0.5614683 -0.7645061 -0.3166699 0.5614768 -0.7645025 -0.7645081 0.5614674 -0.316673 -0.7645071 0.5614678 0.3166747 -0.3166739 0.5614708 0.7645052 0.3166724 0.5614699 0.7645065 0.7645075 0.56147 0.3166699 0.7645073 0.5614704 -0.3166698 0.316674 0.5614635 -0.7645105 -0.3166766 0.5614674 -0.7645066 -0.7645089 0.5614706 0.3166655 -0.316675 0.5614736 0.7645027 0.316675 0.5614736 0.7645027 0.7645088 0.5614707 0.3166655 0.7645085 0.5614712 -0.3166654 0.3166766 0.5614673 -0.7645066 -0.3166766 0.5614673 -0.7645066 -0.7645084 0.5614712 -0.3166654 0.764503 0.5614799 0.3166635 0.3166763 0.5614683 0.7645061 -0.3166661 0.5614768 0.764504 -0.764498 0.5614793 -0.3166763 -0.3166813 0.5614648 -0.7645066 0.3166725 0.5614763 -0.7645018 0.7645121 0.5614637 -0.3166701 0.7645075 0.5614727 0.3166653 -0.3166615 0.5614756 0.7645068 -0.7645172 0.5614606 0.3166629 -0.7645001 0.5614759 -0.3166771 0.7645097 0.5614654 -0.3166726 -0.316662 0.5614739 0.7645079 -0.7645096 0.561469 0.3166667 -0.764501 0.5614747 -0.3166775 -0.3166765 0.5614642 -0.7645091 0.3166732 0.5614738 -0.7645034 0.7645059 0.561475 0.3166646 -0.3166775 0.5614704 0.764504 -0.7645061 0.5614696 0.3166742 -0.764504 0.5614755 -0.3166685 -0.3166809 0.561464 -0.7645073 0.3166653 0.5614726 -0.7645074 0.764512 0.5614672 -0.3166642 -0.7645143 0.5614637 0.3166646 -0.7645046 0.5614747 -0.3166687 -0.3166763 0.5614683 -0.7645061 0.3166687 0.5614746 -0.7645046 0.7645081 0.5614674 -0.316673 0.764509 0.5614702 0.3166659 0.3166671 0.5614655 0.764512 -0.3166724 0.5614699 0.7645065 -0.7645074 0.5614708 0.3166688 -0.7645075 0.56147 -0.3166699 -0.3166742 0.5614632 -0.7645108 0.3166657 0.5614708 -0.7645085 -1 -2.04238e-7 0 -1 4.99074e-7 0 1 -2.49537e-7 0 -1 -7.48613e-7 0 -1 7.9078e-7 0 1 0 0 -1 1.23085e-7 0 -1 -2.27231e-7 0 1 -6.3534e-7 0 -1 0 0 5.00858e-6 0 1 5.00859e-6 0 -1 -0.6492371 -0.7605861 0 3.75644e-6 0 1 -0.6492371 0.7605861 0 -1.25215e-6 0 -1 -1 0 0 1 2.49537e-7 0 -1 -1.24769e-7 0 1 5.93086e-7 0 -1 -4.43407e-7 0 -1 -1.60957e-7 0 -1 -4.59702e-7 0 -1 2.80838e-7 0 -1 2.27231e-7 0 0 1 2.33802e-7 0 1 2.33805e-7 0.6492386 -0.7605849 0 0.6492386 0.7605849 0 0 1 4.03419e-6 -0.839411 0 0.5434971 0.8394091 0 0.5435002 -0.8394041 0 0.543508 0.8394033 0 0.5435092 0 -1 -4.03425e-6 0 1 2.01709e-6</float_array>
          <technique_common>
            <accessor source="#_371_Sled_001-mesh-normals-array" count="401" stride="3">
              <param name="X" type="float"/>
              <param name="Y" type="float"/>
              <param name="Z" type="float"/>
            </accessor>
          </technique_common>
        </source>
        <source id="_371_Sled_001-mesh-map-0">
          <float_array id="_371_Sled_001-mesh-map-0-array" count="4944">0.180804 0.634533 0.179994 0.635505 0.180634 0.633976 0.182165 0.633345 0.180804 0.634533 0.180634 0.633976 0.182968 0.634536 0.182165 0.633345 0.183691 0.633982 0.1843169 0.635513 0.182968 0.634536 0.183691 0.633982 0.183677 0.637042 0.183411 0.63562 0.1843169 0.635513 0.181874 0.637149 0.183677 0.637042 0.182146 0.637673 0.18062 0.637037 0.181874 0.637149 0.182146 0.637673 0.180351 0.635615 0.18062 0.637037 0.179994 0.635505 0.181767 0.635662 0.180351 0.635615 0.180804 0.634533 0.181767 0.635662 0.180804 0.634533 0.181888 0.634086 0.181767 0.635662 0.181888 0.634086 0.182968 0.634536 0.181767 0.635662 0.182968 0.634536 0.183411 0.63562 0.181767 0.635662 0.183411 0.63562 0.182958 0.636702 0.181767 0.635662 0.182958 0.636702 0.181874 0.637149 0.181767 0.635662 0.181874 0.637149 0.180795 0.636698 0.181767 0.635662 0.180795 0.636698 0.180351 0.635615 0.194308 0.634556 0.193486 0.635529 0.194126 0.634 0.195657 0.633369 0.194308 0.634556 0.194126 0.634 0.196471 0.63456 0.195657 0.633369 0.1971819 0.634005 0.196914 0.635644 0.1971819 0.634005 0.197809 0.635537 0.197169 0.637066 0.196914 0.635644 0.197809 0.635537 0.195378 0.637172 0.197169 0.637066 0.195638 0.637697 0.194112 0.63706 0.195378 0.637172 0.195638 0.637697 0.193855 0.635638 0.194112 0.63706 0.193486 0.635529 0.195276 0.635686 0.193855 0.635638 0.194308 0.634556 0.195276 0.635686 0.194308 0.634556 0.1953909 0.63411 0.195276 0.635686 0.1953909 0.63411 0.196471 0.63456 0.195276 0.635686 0.196471 0.63456 0.196914 0.635644 0.195276 0.635686 0.196914 0.635644 0.196461 0.636726 0.195276 0.635686 0.196461 0.636726 0.195378 0.637172 0.195276 0.635686 0.195378 0.637172 0.194298 0.636722 0.195276 0.635686 0.194298 0.636722 0.193855 0.635638 0.207621 0.634579 0.206787 0.635552 0.207427 0.634023 0.208958 0.633392 0.207621 0.634579 0.207427 0.634023 0.209784 0.634583 0.208958 0.633392 0.210484 0.634029 0.210227 0.635667 0.210484 0.634029 0.2111099 0.63556 0.210471 0.637089 0.210227 0.635667 0.2111099 0.63556 0.208691 0.637196 0.210471 0.637089 0.20894 0.63772 0.207414 0.637084 0.208691 0.637196 0.20894 0.63772 0.207168 0.635662 0.207414 0.637084 0.206787 0.635552 0.208593 0.635709 0.207168 0.635662 0.207621 0.634579 0.208593 0.635709 0.207621 0.634579 0.2087039 0.634133 0.208593 0.635709 0.2087039 0.634133 0.209784 0.634583 0.208593 0.635709 0.209784 0.634583 0.210227 0.635667 0.208593 0.635709 0.210227 0.635667 0.209775 0.636749 0.208593 0.635709 0.209775 0.636749 0.208691 0.637196 0.208593 0.635709 0.208691 0.637196 0.207611 0.636745 0.208593 0.635709 0.207611 0.636745 0.207168 0.635662 0.221014 0.634047 0.220766 0.635685 0.220374 0.635576 0.222545 0.633416 0.221219 0.634603 0.221014 0.634047 0.2233819 0.634607 0.222545 0.633416 0.22407 0.634052 0.223826 0.635691 0.22407 0.634052 0.2246969 0.635584 0.224058 0.637113 0.223826 0.635691 0.2246969 0.635584 0.22229 0.637219 0.224058 0.637113 0.222527 0.637744 0.221001 0.637107 0.22229 0.637219 0.222527 0.637744 0.220766 0.635685 0.221001 0.637107 0.220374 0.635576 0.2221969 0.635733 0.220766 0.635685 0.221219 0.634603 0.2221969 0.635733 0.221219 0.634603 0.222302 0.634157 0.2221969 0.635733 0.222302 0.634157 0.2233819 0.634607 0.2221969 0.635733 0.2233819 0.634607 0.223826 0.635691 0.2221969 0.635733 0.223826 0.635691 0.2233729 0.636773 0.2221969 0.635733 0.2233729 0.636773 0.22229 0.637219 0.2221969 0.635733 0.22229 0.637219 0.22121 0.636769 0.2221969 0.635733 0.22121 0.636769 0.220766 0.635685 0.181403 0.502336 0.180593 0.503421 0.181232 0.501896 0.182485 0.501891 0.181232 0.501896 0.182762 0.501266 0.1842859 0.501901 0.182485 0.501891 0.182762 0.501266 0.184911 0.503429 0.183564 0.50234 0.1842859 0.501901 0.184272 0.504954 0.184006 0.503421 0.184911 0.503429 0.1827419 0.505584 0.1835539 0.504501 0.184272 0.504954 0.181393 0.504497 0.1827419 0.505584 0.181219 0.504949 0.1809509 0.503416 0.181219 0.504949 0.180593 0.503421 0.182365 0.503416 0.1809509 0.503416 0.181403 0.502336 0.182365 0.503416 0.181403 0.502336 0.182485 0.501891 0.182365 0.503416 0.182485 0.501891 0.183564 0.50234 0.182365 0.503416 0.183564 0.50234 0.184006 0.503421 0.182365 0.503416 0.184006 0.503421 0.1835539 0.504501 0.182365 0.503416 0.1835539 0.504501 0.182472 0.504947 0.182365 0.503416 0.182472 0.504947 0.181393 0.504497 0.182365 0.503416 0.181393 0.504497 0.1809509 0.503416 0.194891 0.50236 0.194069 0.503445 0.194708 0.501919 0.195973 0.501914 0.194708 0.501919 0.196238 0.501289 0.197762 0.501924 0.195973 0.501914 0.196238 0.501289 0.197494 0.503445 0.197762 0.501924 0.198387 0.503452 0.197748 0.504978 0.197494 0.503445 0.198387 0.503452 0.196219 0.505607 0.197042 0.504524 0.197748 0.504978 0.1946949 0.504972 0.19596 0.50497 0.196219 0.505607 0.194069 0.503445 0.194881 0.504521 0.1946949 0.504972 0.195858 0.50344 0.194438 0.503439 0.194891 0.50236 0.195858 0.50344 0.194891 0.50236 0.195973 0.501914 0.195858 0.50344 0.195973 0.501914 0.197051 0.502364 0.195858 0.50344 0.197051 0.502364 0.197494 0.503445 0.195858 0.50344 0.197494 0.503445 0.197042 0.504524 0.195858 0.50344 0.197042 0.504524 0.19596 0.50497 0.195858 0.50344 0.19596 0.50497 0.194881 0.504521 0.195858 0.50344 0.194881 0.504521 0.194438 0.503439 0.2081879 0.502383 0.207355 0.503468 0.207994 0.501942 0.209271 0.501937 0.207994 0.501942 0.209524 0.501313 0.211048 0.501948 0.209271 0.501937 0.209524 0.501313 0.210792 0.503468 0.211048 0.501948 0.211673 0.503475 0.211035 0.505001 0.210792 0.503468 0.211673 0.503475 0.209505 0.50563 0.21034 0.504548 0.211035 0.505001 0.2081789 0.504544 0.209505 0.50563 0.207981 0.504995 0.207355 0.503468 0.2081789 0.504544 0.207981 0.504995 0.20916 0.503463 0.207736 0.503463 0.2081879 0.502383 0.20916 0.503463 0.2081879 0.502383 0.209271 0.501937 0.20916 0.503463 0.209271 0.501937 0.210349 0.502387 0.20916 0.503463 0.210349 0.502387 0.210792 0.503468 0.20916 0.503463 0.210792 0.503468 0.21034 0.504548 0.20916 0.503463 0.21034 0.504548 0.209257 0.504993 0.20916 0.503463 0.209257 0.504993 0.2081789 0.504544 0.20916 0.503463 0.2081789 0.504544 0.207736 0.503463 0.221565 0.501966 0.221319 0.503486 0.220926 0.503491 0.222853 0.501961 0.221565 0.501966 0.223094 0.501336 0.224618 0.501971 0.222853 0.501961 0.223094 0.501336 0.224375 0.503492 0.224618 0.501971 0.225244 0.503499 0.224606 0.505024 0.224375 0.503492 0.225244 0.503499 0.223076 0.505654 0.223923 0.504571 0.224606 0.505024 0.221762 0.504568 0.223076 0.505654 0.221552 0.505019 0.221319 0.503486 0.221552 0.505019 0.220926 0.503491 0.222748 0.503486 0.221319 0.503486 0.221771 0.502407 0.222748 0.503486 0.221771 0.502407 0.222853 0.501961 0.222748 0.503486 0.222853 0.501961 0.223932 0.502411 0.222748 0.503486 0.223932 0.502411 0.224375 0.503492 0.222748 0.503486 0.224375 0.503492 0.223923 0.504571 0.222748 0.503486 0.223923 0.504571 0.22284 0.505017 0.222748 0.503486 0.22284 0.505017 0.221762 0.504568 0.222748 0.503486 0.221762 0.504568 0.221319 0.503486 0.263797 0.634678 0.265077 0.635654 0.264241 0.635761 0.263797 0.634678 0.262924 0.633486 0.26445 0.634123 0.261634 0.634674 0.262924 0.633486 0.262717 0.634227 0.261634 0.634674 0.260754 0.635647 0.261393 0.634118 0.261181 0.635756 0.261381 0.637178 0.260754 0.635647 0.262705 0.63729 0.261381 0.637178 0.261625 0.63684 0.262705 0.63729 0.264438 0.637183 0.262907 0.637814 0.264241 0.635761 0.264438 0.637183 0.263789 0.636843 0.264241 0.635761 0.262626 0.635804 0.263797 0.634678 0.263797 0.634678 0.262626 0.635804 0.262717 0.634227 0.262717 0.634227 0.262626 0.635804 0.261634 0.634674 0.261634 0.634674 0.262626 0.635804 0.261181 0.635756 0.261181 0.635756 0.262626 0.635804 0.261625 0.63684 0.261625 0.63684 0.262626 0.635804 0.262705 0.63729 0.262705 0.63729 0.262626 0.635804 0.263789 0.636843 0.263789 0.636843 0.262626 0.635804 0.264241 0.635761 0.250294 0.634654 0.251585 0.635631 0.250737 0.635738 0.250294 0.634654 0.249432 0.633463 0.250958 0.634099 0.24813 0.63465 0.249432 0.633463 0.2492139 0.634204 0.247678 0.635732 0.247902 0.634094 0.24813 0.63465 0.247678 0.635732 0.247889 0.637154 0.247262 0.635623 0.249202 0.637267 0.247889 0.637154 0.248122 0.636816 0.249202 0.637267 0.250946 0.63716 0.249415 0.637791 0.250737 0.635738 0.250946 0.63716 0.250285 0.63682 0.250737 0.635738 0.249118 0.63578 0.250294 0.634654 0.250294 0.634654 0.249118 0.63578 0.2492139 0.634204 0.2492139 0.634204 0.249118 0.63578 0.24813 0.63465 0.24813 0.63465 0.249118 0.63578 0.247678 0.635732 0.247678 0.635732 0.249118 0.63578 0.248122 0.636816 0.248122 0.636816 0.249118 0.63578 0.249202 0.637267 0.249202 0.637267 0.249118 0.63578 0.250285 0.63682 0.250285 0.63682 0.249118 0.63578 0.250737 0.635738 0.236981 0.634631 0.238284 0.635607 0.237424 0.635714 0.236981 0.634631 0.236131 0.63344 0.237657 0.634076 0.234817 0.634627 0.236131 0.63344 0.2359009 0.63418 0.234365 0.635709 0.2346 0.634071 0.234817 0.634627 0.234365 0.635709 0.234588 0.637131 0.233961 0.6356 0.235888 0.637243 0.234588 0.637131 0.234809 0.636793 0.235888 0.637243 0.237645 0.637136 0.236114 0.637767 0.237424 0.635714 0.237645 0.637136 0.236972 0.636797 0.237424 0.635714 0.2358 0.635757 0.236981 0.634631 0.236981 0.634631 0.2358 0.635757 0.2359009 0.63418 0.2359009 0.63418 0.2358 0.635757 0.234817 0.634627 0.234817 0.634627 0.2358 0.635757 0.234365 0.635709 0.234365 0.635709 0.2358 0.635757 0.234809 0.636793 0.234809 0.636793 0.2358 0.635757 0.235888 0.637243 0.235888 0.637243 0.2358 0.635757 0.236972 0.636797 0.236972 0.636797 0.2358 0.635757 0.237424 0.635714 0.2643 0.502481 0.265578 0.503569 0.264743 0.503562 0.263221 0.502032 0.264951 0.502042 0.2643 0.502481 0.263221 0.502032 0.261898 0.502036 0.263427 0.501407 0.262139 0.502477 0.26126 0.503562 0.261898 0.502036 0.261687 0.503557 0.261886 0.50509 0.26126 0.503562 0.26213 0.504638 0.263411 0.505725 0.261886 0.50509 0.264291 0.504642 0.263411 0.505725 0.263209 0.505087 0.264743 0.503562 0.26494 0.505095 0.264291 0.504642 0.264743 0.503562 0.26313 0.503557 0.2643 0.502481 0.2643 0.502481 0.26313 0.503557 0.263221 0.502032 0.263221 0.502032 0.26313 0.503557 0.262139 0.502477 0.262139 0.502477 0.26313 0.503557 0.261687 0.503557 0.261687 0.503557 0.26313 0.503557 0.26213 0.504638 0.26213 0.504638 0.26313 0.503557 0.263209 0.505087 0.263209 0.505087 0.26313 0.503557 0.264291 0.504642 0.264291 0.504642 0.26313 0.503557 0.264743 0.503562 0.250812 0.502457 0.252102 0.503546 0.251255 0.503539 0.249733 0.502008 0.251475 0.502018 0.250812 0.502457 0.249733 0.502008 0.248422 0.502013 0.249951 0.501383 0.248199 0.503533 0.248422 0.502013 0.248651 0.502454 0.248199 0.503533 0.2484099 0.505066 0.247784 0.503538 0.248643 0.504614 0.249934 0.505701 0.2484099 0.505066 0.249721 0.505064 0.251463 0.505071 0.249934 0.505701 0.250803 0.504618 0.252102 0.503546 0.251463 0.505071 0.251255 0.503539 0.249638 0.503533 0.250812 0.502457 0.250812 0.502457 0.249638 0.503533 0.249733 0.502008 0.249733 0.502008 0.249638 0.503533 0.248651 0.502454 0.248651 0.502454 0.249638 0.503533 0.248199 0.503533 0.248199 0.503533 0.249638 0.503533 0.248643 0.504614 0.248643 0.504614 0.249638 0.503533 0.249721 0.505064 0.249721 0.505064 0.249638 0.503533 0.250803 0.504618 0.250803 0.504618 0.249638 0.503533 0.251255 0.503539 0.237514 0.502434 0.238815 0.503523 0.237957 0.503515 0.236436 0.501985 0.238189 0.501995 0.237514 0.502434 0.236436 0.501985 0.235136 0.50199 0.236665 0.50136 0.234901 0.50351 0.235136 0.50199 0.2353529 0.50243 0.234901 0.50351 0.2351239 0.505043 0.234497 0.503515 0.235345 0.504591 0.236648 0.505678 0.2351239 0.505043 0.237506 0.504595 0.236648 0.505678 0.236423 0.505041 0.237506 0.504595 0.238815 0.503523 0.238177 0.505048 0.237957 0.503515 0.236335 0.50351 0.237514 0.502434 0.237514 0.502434 0.236335 0.50351 0.236436 0.501985 0.236436 0.501985 0.236335 0.50351 0.2353529 0.50243 0.2353529 0.50243 0.236335 0.50351 0.234901 0.50351 0.234901 0.50351 0.236335 0.50351 0.235345 0.504591 0.235345 0.504591 0.236335 0.50351 0.236423 0.505041 0.236423 0.505041 0.236335 0.50351 0.237506 0.504595 0.237506 0.504595 0.236335 0.50351 0.237957 0.503515 0.597125 0.577709 0.58635 0.588237 0.597115 0.588255 0.602295 0.367921 0.592922 0.360038 0.591004 0.367902 0.602295 0.367921 0.588812 0.382341 0.599836 0.38236 0.597788 0.41023 0.5865 0.435625 0.59725 0.435644 0.599836 0.38236 0.586983 0.410211 0.597788 0.41023 0.597827 0.611446 0.587002 0.588914 0.597847 0.588933 0.604633 0.367476 0.591234 0.374892 0.593086 0.367456 0.591234 0.374892 0.600321 0.387847 0.589243 0.387828 0.587593 0.412755 0.597982 0.435851 0.587151 0.435832 0.589243 0.387828 0.598473 0.412774 0.587593 0.412755 0.586489 0.447279 0.587151 0.435832 0.58714 0.447216 0.597095 0.610699 0.597847 0.588933 0.597115 0.588255 0.597095 0.610699 0.58698 0.611427 0.597827 0.611446 0.591234 0.374892 0.592922 0.360038 0.593086 0.367456 0.592922 0.360038 0.604633 0.367476 0.593086 0.367456 0.604446 0.360058 0.602554 0.374912 0.604633 0.367476 0.589243 0.387828 0.591004 0.367902 0.591234 0.374892 0.602295 0.367921 0.600321 0.387847 0.602554 0.374912 0.5865 0.435625 0.587593 0.412755 0.587151 0.435832 0.598473 0.412774 0.59725 0.435644 0.597982 0.435851 0.587593 0.412755 0.588812 0.382341 0.589243 0.387828 0.599836 0.38236 0.598473 0.412774 0.600321 0.387847 0.586328 0.610681 0.597115 0.588255 0.58635 0.588237 0.587151 0.435832 0.597972 0.447235 0.58714 0.447216 0.587002 0.588914 0.586328 0.610681 0.58635 0.588237 0.597856 0.578355 0.597115 0.588255 0.597847 0.588933 0.597231 0.457289 0.586361 0.577691 0.597125 0.577709 0.587012 0.578336 0.58635 0.588237 0.586361 0.577691 0.60197 0.591817 0.594124 0.584235 0.601977 0.584248 0.597962 0.45779 0.597125 0.577709 0.597856 0.578355 0.58714 0.447216 0.586479 0.45727 0.586489 0.447279 0.602088 0.452794 0.594251 0.445229 0.602094 0.445243 0.59725 0.435644 0.586489 0.447279 0.59724 0.447297 0.597982 0.435851 0.59724 0.447297 0.597972 0.447235 0.59724 0.447297 0.586479 0.45727 0.597231 0.457289 0.597972 0.447235 0.597231 0.457289 0.597962 0.45779 0.58713 0.457771 0.586361 0.577691 0.586479 0.45727 0.597856 0.578355 0.58713 0.457771 0.597962 0.45779 0.597856 0.578355 0.588729 0.580058 0.587012 0.578336 0.588729 0.580058 0.587002 0.588914 0.587012 0.578336 0.588722 0.587197 0.597847 0.588933 0.587002 0.588914 0.59613 0.58721 0.597856 0.578355 0.597847 0.588933 0.597972 0.447235 0.588855 0.448935 0.58714 0.447216 0.588855 0.448935 0.58713 0.457771 0.58714 0.447216 0.588848 0.456058 0.597962 0.45779 0.58713 0.457771 0.597962 0.45779 0.596254 0.448948 0.597972 0.447235 0.641015 0.445311 0.602088 0.452794 0.602094 0.445243 0.601056 0.58359 0.588729 0.580058 0.596136 0.580071 0.60105 0.591091 0.596136 0.580071 0.59613 0.58721 0.593266 0.591078 0.59613 0.58721 0.588722 0.587197 0.593273 0.583576 0.588722 0.587197 0.588729 0.580058 0.639746 0.445894 0.602094 0.445243 0.601173 0.445827 0.601173 0.445827 0.588855 0.448935 0.596254 0.448948 0.601167 0.45331 0.596254 0.448948 0.596247 0.456071 0.593393 0.453297 0.596247 0.456071 0.588848 0.456058 0.5934 0.445813 0.588848 0.456058 0.588855 0.448935 0.593266 0.591078 0.601056 0.58359 0.593273 0.583576 0.601977 0.584248 0.593273 0.583576 0.601056 0.58359 0.640941 0.591885 0.639676 0.583657 0.639672 0.591159 0.594117 0.591804 0.60105 0.591091 0.593266 0.591078 0.588745 0.584111 0.58821 0.591192 0.588218 0.58368 0.593393 0.453297 0.601173 0.445827 0.5934 0.445813 0.602094 0.445243 0.5934 0.445813 0.601173 0.445827 0.641011 0.452861 0.639746 0.445894 0.639742 0.453377 0.594244 0.45278 0.601167 0.45331 0.593393 0.453297 0.588878 0.445321 0.588343 0.453199 0.588351 0.445705 0.639672 0.591159 0.601056 0.58359 0.60105 0.591091 0.640941 0.591885 0.60105 0.591091 0.60197 0.591817 0.640945 0.584316 0.60197 0.591817 0.601977 0.584248 0.639676 0.583657 0.601977 0.584248 0.601056 0.58359 0.639742 0.453377 0.601173 0.445827 0.601167 0.45331 0.641011 0.452861 0.601167 0.45331 0.602088 0.452794 0.589876 0.58357 0.593266 0.591078 0.593273 0.583576 0.590696 0.584229 0.593273 0.583576 0.594124 0.584235 0.590689 0.591798 0.594124 0.584235 0.594117 0.591804 0.589869 0.591072 0.594117 0.591804 0.593266 0.591078 0.590007 0.445807 0.593393 0.453297 0.5934 0.445813 0.590827 0.445223 0.5934 0.445813 0.594251 0.445229 0.59082 0.452774 0.594251 0.445229 0.594244 0.45278 0.59 0.453291 0.594244 0.45278 0.593393 0.453297 0.588218 0.58368 0.589869 0.591072 0.589876 0.58357 0.588745 0.584111 0.589876 0.58357 0.590696 0.584229 0.588738 0.591669 0.590696 0.584229 0.590689 0.591798 0.58821 0.591192 0.590689 0.591798 0.589869 0.591072 0.588351 0.445705 0.59 0.453291 0.590007 0.445807 0.588878 0.445321 0.590007 0.445807 0.590827 0.445223 0.588871 0.45286 0.590827 0.445223 0.59082 0.452774 0.588343 0.453199 0.59082 0.452774 0.59 0.453291 0.666682 0.577831 0.677444 0.588396 0.677446 0.57785 0.675255 0.368048 0.690445 0.360208 0.678921 0.360188 0.675255 0.368048 0.682096 0.382504 0.686545 0.368068 0.667608 0.410352 0.677472 0.435784 0.678412 0.410371 0.671073 0.382485 0.678412 0.410371 0.682096 0.382504 0.667924 0.611569 0.678775 0.589074 0.678772 0.611588 0.679249 0.367606 0.687028 0.375059 0.675707 0.375039 0.687028 0.375059 0.671908 0.387972 0.675707 0.375039 0.679662 0.412916 0.667971 0.435973 0.668782 0.412897 0.682985 0.387991 0.668782 0.412897 0.671908 0.387972 0.678802 0.435992 0.67747 0.447437 0.6788 0.447376 0.666673 0.610821 0.66793 0.589056 0.667924 0.611569 0.666673 0.610821 0.678772 0.611588 0.67744 0.61084 0.690445 0.360208 0.687028 0.375059 0.690795 0.367626 0.690445 0.360208 0.679249 0.367606 0.678921 0.360188 0.678921 0.360188 0.675707 0.375039 0.675255 0.368048 0.686545 0.368068 0.682985 0.387991 0.687028 0.375059 0.675255 0.368048 0.671908 0.387972 0.671073 0.382485 0.677472 0.435784 0.679662 0.412916 0.678412 0.410371 0.666722 0.435765 0.668782 0.412897 0.667971 0.435973 0.682096 0.382504 0.679662 0.412916 0.682985 0.387991 0.671073 0.382485 0.668782 0.412897 0.667608 0.410352 0.67744 0.61084 0.666679 0.588377 0.666673 0.610821 0.678802 0.435992 0.667968 0.447357 0.667971 0.435973 0.67744 0.61084 0.678775 0.589074 0.677444 0.588396 0.667933 0.578477 0.666679 0.588377 0.666682 0.577831 0.666716 0.45741 0.677446 0.57785 0.677468 0.457429 0.677444 0.588396 0.678777 0.578496 0.677446 0.57785 0.679912 0.591954 0.687766 0.584398 0.687765 0.591967 0.667965 0.457912 0.666682 0.577831 0.666716 0.45741 0.677468 0.457429 0.6788 0.447376 0.67747 0.447437 0.679934 0.452929 0.687779 0.445392 0.687778 0.452943 0.666722 0.435765 0.67747 0.447437 0.677472 0.435784 0.667971 0.435973 0.666718 0.447419 0.666722 0.435765 0.666718 0.447419 0.677468 0.457429 0.67747 0.447437 0.667968 0.447357 0.666716 0.45741 0.666718 0.447419 0.677446 0.57785 0.678798 0.457931 0.677468 0.457429 0.667933 0.578477 0.678798 0.457931 0.678777 0.578496 0.677059 0.580212 0.667933 0.578477 0.678777 0.578496 0.677059 0.580212 0.678775 0.589074 0.677057 0.587352 0.677057 0.587352 0.66793 0.589056 0.669649 0.587339 0.669649 0.587339 0.667933 0.578477 0.669651 0.580199 0.677083 0.449089 0.667968 0.447357 0.6788 0.447376 0.677083 0.449089 0.678798 0.457931 0.677082 0.456212 0.677082 0.456212 0.667965 0.457912 0.669682 0.456199 0.669684 0.449076 0.667965 0.457912 0.667968 0.447357 0.641015 0.445311 0.679934 0.452929 0.641011 0.452861 0.678295 0.583725 0.677059 0.580212 0.686078 0.583738 0.678294 0.591226 0.669651 0.580199 0.678295 0.583725 0.686077 0.59124 0.669649 0.587339 0.678294 0.591226 0.686078 0.583738 0.677057 0.587352 0.686077 0.59124 0.639746 0.445894 0.679936 0.445379 0.641015 0.445311 0.678319 0.445961 0.677083 0.449089 0.686093 0.445975 0.678318 0.453445 0.669684 0.449076 0.678319 0.445961 0.686092 0.453458 0.669682 0.456199 0.678318 0.453445 0.686093 0.445975 0.677082 0.456212 0.686092 0.453458 0.686077 0.59124 0.678295 0.583725 0.678294 0.591226 0.679913 0.584385 0.686078 0.583738 0.687766 0.584398 0.687765 0.591967 0.678294 0.591226 0.679912 0.591954 0.692705 0.584293 0.691567 0.591373 0.692705 0.59185 0.686092 0.453458 0.678319 0.445961 0.678318 0.453445 0.679936 0.445379 0.686093 0.445975 0.687779 0.445392 0.687778 0.452943 0.678318 0.453445 0.679934 0.452929 0.692712 0.445502 0.691575 0.453379 0.692712 0.453041 0.639672 0.591159 0.678295 0.583725 0.639676 0.583657 0.640941 0.591885 0.678294 0.591226 0.639672 0.591159 0.640945 0.584316 0.679912 0.591954 0.640941 0.591885 0.639676 0.583657 0.679913 0.584385 0.640945 0.584316 0.639742 0.453377 0.678319 0.445961 0.639746 0.445894 0.641011 0.452861 0.678318 0.453445 0.639742 0.453377 0.689475 0.583744 0.686077 0.59124 0.689475 0.591246 0.691194 0.584404 0.686078 0.583738 0.689475 0.583744 0.691194 0.591973 0.687766 0.584398 0.691194 0.584404 0.689475 0.591246 0.687765 0.591967 0.691194 0.591973 0.689486 0.445981 0.686092 0.453458 0.689485 0.453464 0.691203 0.445398 0.686093 0.445975 0.689486 0.445981 0.691202 0.452949 0.687779 0.445392 0.691203 0.445398 0.689485 0.453464 0.687778 0.452943 0.691202 0.452949 0.691567 0.58386 0.689475 0.591246 0.691567 0.591373 0.692705 0.584293 0.689475 0.583744 0.691567 0.58386 0.692705 0.59185 0.691194 0.584404 0.692705 0.584293 0.691567 0.591373 0.691194 0.591973 0.692705 0.59185 0.691575 0.445885 0.689485 0.453464 0.691575 0.453379 0.692712 0.445502 0.689486 0.445981 0.691575 0.445885 0.692712 0.453041 0.691203 0.445398 0.692712 0.445502 0.691575 0.453379 0.691202 0.452949 0.692712 0.453041 0.688495 0.36688 0.68014 0.620129 0.68018 0.366865 0.68018 0.366865 0.686492 0.363785 0.688495 0.36688 0.687651 0.619668 0.679395 0.367488 0.679354 0.619654 0.68568 0.364421 0.679395 0.367488 0.687675 0.367502 0.68018 0.366865 0.679354 0.619654 0.679395 0.367488 0.688474 0.620144 0.687675 0.367502 0.687651 0.619668 0.68014 0.620129 0.687651 0.619668 0.679354 0.619654 0.682185 0.363777 0.679395 0.367488 0.681391 0.364413 0.686492 0.363785 0.681391 0.364413 0.68568 0.364421 0.688495 0.36688 0.68568 0.364421 0.687675 0.367502 0.674313 0.421524 0.665938 0.620104 0.665994 0.421509 0.6680001 0.418419 0.674313 0.421524 0.665994 0.421509 0.673511 0.619644 0.665271 0.421895 0.665213 0.619629 0.673554 0.42191 0.667268 0.418818 0.665271 0.421895 0.665994 0.421509 0.665213 0.619629 0.665271 0.421895 0.674272 0.620119 0.673554 0.42191 0.673511 0.619644 0.665938 0.620104 0.673511 0.619644 0.665213 0.619629 0.6680001 0.418419 0.665271 0.421895 0.667268 0.418818 0.672309 0.418426 0.667268 0.418818 0.671558 0.418826 0.674313 0.421524 0.671558 0.418826 0.673554 0.42191 0.660136 0.421499 0.651736 0.62008 0.651817 0.421484 0.653823 0.418394 0.660136 0.421499 0.651817 0.421484 0.659371 0.619619 0.651155 0.421871 0.651073 0.619604 0.657443 0.418801 0.651155 0.421871 0.659438 0.421885 0.651817 0.421484 0.651073 0.619604 0.651155 0.421871 0.66007 0.620094 0.659438 0.421885 0.659371 0.619619 0.651736 0.62008 0.659371 0.619619 0.651073 0.619604 0.653823 0.418394 0.651155 0.421871 0.653152 0.418793 0.658132 0.418401 0.653152 0.418793 0.657443 0.418801 0.660136 0.421499 0.657443 0.418801 0.659438 0.421885 0.645959 0.421474 0.637534 0.620055 0.63764 0.42146 0.639646 0.418369 0.645959 0.421474 0.63764 0.42146 0.64523 0.619594 0.637039 0.421846 0.636933 0.61958 0.643327 0.418776 0.637039 0.421846 0.645322 0.42186 0.63764 0.42146 0.636933 0.61958 0.637039 0.421846 0.645868 0.620069 0.645322 0.42186 0.64523 0.619594 0.637534 0.620055 0.64523 0.619594 0.636933 0.61958 0.639646 0.418369 0.637039 0.421846 0.639037 0.418769 0.643955 0.418377 0.639037 0.418769 0.643327 0.418776 0.645959 0.421474 0.643327 0.418776 0.645322 0.42186 0.594848 0.366716 0.602952 0.619994 0.594618 0.61998 0.596855 0.363629 0.603163 0.366731 0.594848 0.366716 0.594203 0.619505 0.602712 0.367354 0.594433 0.36734 0.596431 0.364265 0.602712 0.367354 0.60072 0.364273 0.603163 0.366731 0.602501 0.61952 0.602952 0.619994 0.594618 0.61998 0.594433 0.36734 0.594848 0.366716 0.602952 0.619994 0.594203 0.619505 0.594618 0.61998 0.601162 0.363636 0.602712 0.367354 0.603163 0.366731 0.596855 0.363629 0.60072 0.364273 0.601162 0.363636 0.594848 0.366716 0.596431 0.364265 0.596855 0.363629 0.608976 0.42141 0.617154 0.620019 0.60882 0.620005 0.615292 0.418327 0.608976 0.42141 0.610983 0.418319 0.608344 0.61953 0.616782 0.421811 0.608499 0.421796 0.614788 0.418727 0.608499 0.421796 0.616782 0.421811 0.617295 0.421424 0.616641 0.619544 0.617154 0.620019 0.60882 0.620005 0.608499 0.421796 0.608976 0.42141 0.617154 0.620019 0.608344 0.61953 0.60882 0.620005 0.615292 0.418327 0.616782 0.421811 0.617295 0.421424 0.610983 0.418319 0.614788 0.418727 0.615292 0.418327 0.608976 0.42141 0.610498 0.418719 0.610983 0.418319 0.623153 0.421434 0.631356 0.620044 0.623022 0.620029 0.629469 0.418351 0.623153 0.421434 0.62516 0.418344 0.622484 0.619554 0.630898 0.421835 0.622615 0.421821 0.624613 0.418744 0.630898 0.421835 0.628904 0.418751 0.631472 0.421449 0.630781 0.619569 0.631356 0.620044 0.623022 0.620029 0.622615 0.421821 0.623153 0.421434 0.631356 0.620044 0.622484 0.619554 0.623022 0.620029 0.629469 0.418351 0.630898 0.421835 0.631472 0.421449 0.62516 0.418344 0.628904 0.418751 0.629469 0.418351 0.623153 0.421434 0.624613 0.418744 0.62516 0.418344 0.180804 0.634533 0.180351 0.635615 0.179994 0.635505 0.182165 0.633345 0.181888 0.634086 0.180804 0.634533 0.182968 0.634536 0.181888 0.634086 0.182165 0.633345 0.1843169 0.635513 0.183411 0.63562 0.182968 0.634536 0.183677 0.637042 0.182958 0.636702 0.183411 0.63562 0.181874 0.637149 0.182958 0.636702 0.183677 0.637042 0.18062 0.637037 0.180795 0.636698 0.181874 0.637149 0.180351 0.635615 0.180795 0.636698 0.18062 0.637037 0.194308 0.634556 0.193855 0.635638 0.193486 0.635529 0.195657 0.633369 0.1953909 0.63411 0.194308 0.634556 0.196471 0.63456 0.1953909 0.63411 0.195657 0.633369 0.196914 0.635644 0.196471 0.63456 0.1971819 0.634005 0.197169 0.637066 0.196461 0.636726 0.196914 0.635644 0.195378 0.637172 0.196461 0.636726 0.197169 0.637066 0.194112 0.63706 0.194298 0.636722 0.195378 0.637172 0.193855 0.635638 0.194298 0.636722 0.194112 0.63706 0.207621 0.634579 0.207168 0.635662 0.206787 0.635552 0.208958 0.633392 0.2087039 0.634133 0.207621 0.634579 0.209784 0.634583 0.2087039 0.634133 0.208958 0.633392 0.210227 0.635667 0.209784 0.634583 0.210484 0.634029 0.210471 0.637089 0.209775 0.636749 0.210227 0.635667 0.208691 0.637196 0.209775 0.636749 0.210471 0.637089 0.207414 0.637084 0.207611 0.636745 0.208691 0.637196 0.207168 0.635662 0.207611 0.636745 0.207414 0.637084 0.221014 0.634047 0.221219 0.634603 0.220766 0.635685 0.222545 0.633416 0.222302 0.634157 0.221219 0.634603 0.2233819 0.634607 0.222302 0.634157 0.222545 0.633416 0.223826 0.635691 0.2233819 0.634607 0.22407 0.634052 0.224058 0.637113 0.2233729 0.636773 0.223826 0.635691 0.22229 0.637219 0.2233729 0.636773 0.224058 0.637113 0.221001 0.637107 0.22121 0.636769 0.22229 0.637219 0.220766 0.635685 0.22121 0.636769 0.221001 0.637107 0.181403 0.502336 0.1809509 0.503416 0.180593 0.503421 0.182485 0.501891 0.181403 0.502336 0.181232 0.501896 0.1842859 0.501901 0.183564 0.50234 0.182485 0.501891 0.184911 0.503429 0.184006 0.503421 0.183564 0.50234 0.184272 0.504954 0.1835539 0.504501 0.184006 0.503421 0.1827419 0.505584 0.182472 0.504947 0.1835539 0.504501 0.181393 0.504497 0.182472 0.504947 0.1827419 0.505584 0.1809509 0.503416 0.181393 0.504497 0.181219 0.504949 0.194891 0.50236 0.194438 0.503439 0.194069 0.503445 0.195973 0.501914 0.194891 0.50236 0.194708 0.501919 0.197762 0.501924 0.197051 0.502364 0.195973 0.501914 0.197494 0.503445 0.197051 0.502364 0.197762 0.501924 0.197748 0.504978 0.197042 0.504524 0.197494 0.503445 0.196219 0.505607 0.19596 0.50497 0.197042 0.504524 0.1946949 0.504972 0.194881 0.504521 0.19596 0.50497 0.194069 0.503445 0.194438 0.503439 0.194881 0.504521 0.2081879 0.502383 0.207736 0.503463 0.207355 0.503468 0.209271 0.501937 0.2081879 0.502383 0.207994 0.501942 0.211048 0.501948 0.210349 0.502387 0.209271 0.501937 0.210792 0.503468 0.210349 0.502387 0.211048 0.501948 0.211035 0.505001 0.21034 0.504548 0.210792 0.503468 0.209505 0.50563 0.209257 0.504993 0.21034 0.504548 0.2081789 0.504544 0.209257 0.504993 0.209505 0.50563 0.207355 0.503468 0.207736 0.503463 0.2081789 0.504544 0.221565 0.501966 0.221771 0.502407 0.221319 0.503486 0.222853 0.501961 0.221771 0.502407 0.221565 0.501966 0.224618 0.501971 0.223932 0.502411 0.222853 0.501961 0.224375 0.503492 0.223932 0.502411 0.224618 0.501971 0.224606 0.505024 0.223923 0.504571 0.224375 0.503492 0.223076 0.505654 0.22284 0.505017 0.223923 0.504571 0.221762 0.504568 0.22284 0.505017 0.223076 0.505654 0.221319 0.503486 0.221762 0.504568 0.221552 0.505019 0.263797 0.634678 0.26445 0.634123 0.265077 0.635654 0.263797 0.634678 0.262717 0.634227 0.262924 0.633486 0.261634 0.634674 0.261393 0.634118 0.262924 0.633486 0.261634 0.634674 0.261181 0.635756 0.260754 0.635647 0.261181 0.635756 0.261625 0.63684 0.261381 0.637178 0.262705 0.63729 0.262907 0.637814 0.261381 0.637178 0.262705 0.63729 0.263789 0.636843 0.264438 0.637183 0.264241 0.635761 0.265077 0.635654 0.264438 0.637183 0.250294 0.634654 0.250958 0.634099 0.251585 0.635631 0.250294 0.634654 0.2492139 0.634204 0.249432 0.633463 0.24813 0.63465 0.247902 0.634094 0.249432 0.633463 0.247678 0.635732 0.247262 0.635623 0.247902 0.634094 0.247678 0.635732 0.248122 0.636816 0.247889 0.637154 0.249202 0.637267 0.249415 0.637791 0.247889 0.637154 0.249202 0.637267 0.250285 0.63682 0.250946 0.63716 0.250737 0.635738 0.251585 0.635631 0.250946 0.63716 0.236981 0.634631 0.237657 0.634076 0.238284 0.635607 0.236981 0.634631 0.2359009 0.63418 0.236131 0.63344 0.234817 0.634627 0.2346 0.634071 0.236131 0.63344 0.234365 0.635709 0.233961 0.6356 0.2346 0.634071 0.234365 0.635709 0.234809 0.636793 0.234588 0.637131 0.235888 0.637243 0.236114 0.637767 0.234588 0.637131 0.235888 0.637243 0.236972 0.636797 0.237645 0.637136 0.237424 0.635714 0.238284 0.635607 0.237645 0.637136 0.2643 0.502481 0.264951 0.502042 0.265578 0.503569 0.263221 0.502032 0.263427 0.501407 0.264951 0.502042 0.263221 0.502032 0.262139 0.502477 0.261898 0.502036 0.262139 0.502477 0.261687 0.503557 0.26126 0.503562 0.261687 0.503557 0.26213 0.504638 0.261886 0.50509 0.26213 0.504638 0.263209 0.505087 0.263411 0.505725 0.264291 0.504642 0.26494 0.505095 0.263411 0.505725 0.264743 0.503562 0.265578 0.503569 0.26494 0.505095 0.250812 0.502457 0.251475 0.502018 0.252102 0.503546 0.249733 0.502008 0.249951 0.501383 0.251475 0.502018 0.249733 0.502008 0.248651 0.502454 0.248422 0.502013 0.248199 0.503533 0.247784 0.503538 0.248422 0.502013 0.248199 0.503533 0.248643 0.504614 0.2484099 0.505066 0.248643 0.504614 0.249721 0.505064 0.249934 0.505701 0.249721 0.505064 0.250803 0.504618 0.251463 0.505071 0.250803 0.504618 0.251255 0.503539 0.252102 0.503546 0.237514 0.502434 0.238189 0.501995 0.238815 0.503523 0.236436 0.501985 0.236665 0.50136 0.238189 0.501995 0.236436 0.501985 0.2353529 0.50243 0.235136 0.50199 0.234901 0.50351 0.234497 0.503515 0.235136 0.50199 0.234901 0.50351 0.235345 0.504591 0.2351239 0.505043 0.235345 0.504591 0.236423 0.505041 0.236648 0.505678 0.237506 0.504595 0.238177 0.505048 0.236648 0.505678 0.237506 0.504595 0.237957 0.503515 0.238815 0.503523 0.597125 0.577709 0.586361 0.577691 0.58635 0.588237 0.602295 0.367921 0.604446 0.360058 0.592922 0.360038 0.602295 0.367921 0.591004 0.367902 0.588812 0.382341 0.597788 0.41023 0.586983 0.410211 0.5865 0.435625 0.599836 0.38236 0.588812 0.382341 0.586983 0.410211 0.597827 0.611446 0.58698 0.611427 0.587002 0.588914 0.604633 0.367476 0.602554 0.374912 0.591234 0.374892 0.591234 0.374892 0.602554 0.374912 0.600321 0.387847 0.587593 0.412755 0.598473 0.412774 0.597982 0.435851 0.589243 0.387828 0.600321 0.387847 0.598473 0.412774 0.586489 0.447279 0.5865 0.435625 0.587151 0.435832 0.597095 0.610699 0.597827 0.611446 0.597847 0.588933 0.597095 0.610699 0.586328 0.610681 0.58698 0.611427 0.591234 0.374892 0.591004 0.367902 0.592922 0.360038 0.592922 0.360038 0.604446 0.360058 0.604633 0.367476 0.604446 0.360058 0.602295 0.367921 0.602554 0.374912 0.589243 0.387828 0.588812 0.382341 0.591004 0.367902 0.602295 0.367921 0.599836 0.38236 0.600321 0.387847 0.5865 0.435625 0.586983 0.410211 0.587593 0.412755 0.598473 0.412774 0.597788 0.41023 0.59725 0.435644 0.587593 0.412755 0.586983 0.410211 0.588812 0.382341 0.599836 0.38236 0.597788 0.41023 0.598473 0.412774 0.586328 0.610681 0.597095 0.610699 0.597115 0.588255 0.587151 0.435832 0.597982 0.435851 0.597972 0.447235 0.587002 0.588914 0.58698 0.611427 0.586328 0.610681 0.597856 0.578355 0.597125 0.577709 0.597115 0.588255 0.597231 0.457289 0.586479 0.45727 0.586361 0.577691 0.587012 0.578336 0.587002 0.588914 0.58635 0.588237 0.60197 0.591817 0.594117 0.591804 0.594124 0.584235 0.597962 0.45779 0.597231 0.457289 0.597125 0.577709 0.58714 0.447216 0.58713 0.457771 0.586479 0.45727 0.602088 0.452794 0.594244 0.45278 0.594251 0.445229 0.59725 0.435644 0.5865 0.435625 0.586489 0.447279 0.597982 0.435851 0.59725 0.435644 0.59724 0.447297 0.59724 0.447297 0.586489 0.447279 0.586479 0.45727 0.597972 0.447235 0.59724 0.447297 0.597231 0.457289 0.58713 0.457771 0.587012 0.578336 0.586361 0.577691 0.597856 0.578355 0.587012 0.578336 0.58713 0.457771 0.597856 0.578355 0.596136 0.580071 0.588729 0.580058 0.588729 0.580058 0.588722 0.587197 0.587002 0.588914 0.588722 0.587197 0.59613 0.58721 0.597847 0.588933 0.59613 0.58721 0.596136 0.580071 0.597856 0.578355 0.597972 0.447235 0.596254 0.448948 0.588855 0.448935 0.588855 0.448935 0.588848 0.456058 0.58713 0.457771 0.588848 0.456058 0.596247 0.456071 0.597962 0.45779 0.597962 0.45779 0.596247 0.456071 0.596254 0.448948 0.641015 0.445311 0.641011 0.452861 0.602088 0.452794 0.601056 0.58359 0.593273 0.583576 0.588729 0.580058 0.60105 0.591091 0.601056 0.58359 0.596136 0.580071 0.593266 0.591078 0.60105 0.591091 0.59613 0.58721 0.593273 0.583576 0.593266 0.591078 0.588722 0.587197 0.639746 0.445894 0.641015 0.445311 0.602094 0.445243 0.601173 0.445827 0.5934 0.445813 0.588855 0.448935 0.601167 0.45331 0.601173 0.445827 0.596254 0.448948 0.593393 0.453297 0.601167 0.45331 0.596247 0.456071 0.5934 0.445813 0.593393 0.453297 0.588848 0.456058 0.593266 0.591078 0.60105 0.591091 0.601056 0.58359 0.601977 0.584248 0.594124 0.584235 0.593273 0.583576 0.640941 0.591885 0.640945 0.584316 0.639676 0.583657 0.594117 0.591804 0.60197 0.591817 0.60105 0.591091 0.588745 0.584111 0.588738 0.591669 0.58821 0.591192 0.593393 0.453297 0.601167 0.45331 0.601173 0.445827 0.602094 0.445243 0.594251 0.445229 0.5934 0.445813 0.641011 0.452861 0.641015 0.445311 0.639746 0.445894 0.594244 0.45278 0.602088 0.452794 0.601167 0.45331 0.588878 0.445321 0.588871 0.45286 0.588343 0.453199 0.639672 0.591159 0.639676 0.583657 0.601056 0.58359 0.640941 0.591885 0.639672 0.591159 0.60105 0.591091 0.640945 0.584316 0.640941 0.591885 0.60197 0.591817 0.639676 0.583657 0.640945 0.584316 0.601977 0.584248 0.639742 0.453377 0.639746 0.445894 0.601173 0.445827 0.641011 0.452861 0.639742 0.453377 0.601167 0.45331 0.589876 0.58357 0.589869 0.591072 0.593266 0.591078 0.590696 0.584229 0.589876 0.58357 0.593273 0.583576 0.590689 0.591798 0.590696 0.584229 0.594124 0.584235 0.589869 0.591072 0.590689 0.591798 0.594117 0.591804 0.590007 0.445807 0.59 0.453291 0.593393 0.453297 0.590827 0.445223 0.590007 0.445807 0.5934 0.445813 0.59082 0.452774 0.590827 0.445223 0.594251 0.445229 0.59 0.453291 0.59082 0.452774 0.594244 0.45278 0.588218 0.58368 0.58821 0.591192 0.589869 0.591072 0.588745 0.584111 0.588218 0.58368 0.589876 0.58357 0.588738 0.591669 0.588745 0.584111 0.590696 0.584229 0.58821 0.591192 0.588738 0.591669 0.590689 0.591798 0.588351 0.445705 0.588343 0.453199 0.59 0.453291 0.588878 0.445321 0.588351 0.445705 0.590007 0.445807 0.588871 0.45286 0.588878 0.445321 0.590827 0.445223 0.588343 0.453199 0.588871 0.45286 0.59082 0.452774 0.666682 0.577831 0.666679 0.588377 0.677444 0.588396 0.675255 0.368048 0.686545 0.368068 0.690445 0.360208 0.675255 0.368048 0.671073 0.382485 0.682096 0.382504 0.667608 0.410352 0.666722 0.435765 0.677472 0.435784 0.671073 0.382485 0.667608 0.410352 0.678412 0.410371 0.667924 0.611569 0.66793 0.589056 0.678775 0.589074 0.679249 0.367606 0.690795 0.367626 0.687028 0.375059 0.687028 0.375059 0.682985 0.387991 0.671908 0.387972 0.679662 0.412916 0.678802 0.435992 0.667971 0.435973 0.682985 0.387991 0.679662 0.412916 0.668782 0.412897 0.678802 0.435992 0.677472 0.435784 0.67747 0.447437 0.666673 0.610821 0.666679 0.588377 0.66793 0.589056 0.666673 0.610821 0.667924 0.611569 0.678772 0.611588 0.690445 0.360208 0.686545 0.368068 0.687028 0.375059 0.690445 0.360208 0.690795 0.367626 0.679249 0.367606 0.678921 0.360188 0.679249 0.367606 0.675707 0.375039 0.686545 0.368068 0.682096 0.382504 0.682985 0.387991 0.675255 0.368048 0.675707 0.375039 0.671908 0.387972 0.677472 0.435784 0.678802 0.435992 0.679662 0.412916 0.666722 0.435765 0.667608 0.410352 0.668782 0.412897 0.682096 0.382504 0.678412 0.410371 0.679662 0.412916 0.671073 0.382485 0.671908 0.387972 0.668782 0.412897 0.67744 0.61084 0.677444 0.588396 0.666679 0.588377 0.678802 0.435992 0.6788 0.447376 0.667968 0.447357 0.67744 0.61084 0.678772 0.611588 0.678775 0.589074 0.667933 0.578477 0.66793 0.589056 0.666679 0.588377 0.666716 0.45741 0.666682 0.577831 0.677446 0.57785 0.677444 0.588396 0.678775 0.589074 0.678777 0.578496 0.679912 0.591954 0.679913 0.584385 0.687766 0.584398 0.667965 0.457912 0.667933 0.578477 0.666682 0.577831 0.677468 0.457429 0.678798 0.457931 0.6788 0.447376 0.679934 0.452929 0.679936 0.445379 0.687779 0.445392 0.666722 0.435765 0.666718 0.447419 0.67747 0.447437 0.667971 0.435973 0.667968 0.447357 0.666718 0.447419 0.666718 0.447419 0.666716 0.45741 0.677468 0.457429 0.667968 0.447357 0.667965 0.457912 0.666716 0.45741 0.677446 0.57785 0.678777 0.578496 0.678798 0.457931 0.667933 0.578477 0.667965 0.457912 0.678798 0.457931 0.677059 0.580212 0.669651 0.580199 0.667933 0.578477 0.677059 0.580212 0.678777 0.578496 0.678775 0.589074 0.677057 0.587352 0.678775 0.589074 0.66793 0.589056 0.669649 0.587339 0.66793 0.589056 0.667933 0.578477 0.677083 0.449089 0.669684 0.449076 0.667968 0.447357 0.677083 0.449089 0.6788 0.447376 0.678798 0.457931 0.677082 0.456212 0.678798 0.457931 0.667965 0.457912 0.669684 0.449076 0.669682 0.456199 0.667965 0.457912 0.641015 0.445311 0.679936 0.445379 0.679934 0.452929 0.678295 0.583725 0.669651 0.580199 0.677059 0.580212 0.678294 0.591226 0.669649 0.587339 0.669651 0.580199 0.686077 0.59124 0.677057 0.587352 0.669649 0.587339 0.686078 0.583738 0.677059 0.580212 0.677057 0.587352 0.639746 0.445894 0.678319 0.445961 0.679936 0.445379 0.678319 0.445961 0.669684 0.449076 0.677083 0.449089 0.678318 0.453445 0.669682 0.456199 0.669684 0.449076 0.686092 0.453458 0.677082 0.456212 0.669682 0.456199 0.686093 0.445975 0.677083 0.449089 0.677082 0.456212 0.686077 0.59124 0.686078 0.583738 0.678295 0.583725 0.679913 0.584385 0.678295 0.583725 0.686078 0.583738 0.687765 0.591967 0.686077 0.59124 0.678294 0.591226 0.692705 0.584293 0.691567 0.58386 0.691567 0.591373 0.686092 0.453458 0.686093 0.445975 0.678319 0.445961 0.679936 0.445379 0.678319 0.445961 0.686093 0.445975 0.687778 0.452943 0.686092 0.453458 0.678318 0.453445 0.692712 0.445502 0.691575 0.445885 0.691575 0.453379 0.639672 0.591159 0.678294 0.591226 0.678295 0.583725 0.640941 0.591885 0.679912 0.591954 0.678294 0.591226 0.640945 0.584316 0.679913 0.584385 0.679912 0.591954 0.639676 0.583657 0.678295 0.583725 0.679913 0.584385 0.639742 0.453377 0.678318 0.453445 0.678319 0.445961 0.641011 0.452861 0.679934 0.452929 0.678318 0.453445 0.689475 0.583744 0.686078 0.583738 0.686077 0.59124 0.691194 0.584404 0.687766 0.584398 0.686078 0.583738 0.691194 0.591973 0.687765 0.591967 0.687766 0.584398 0.689475 0.591246 0.686077 0.59124 0.687765 0.591967 0.689486 0.445981 0.686093 0.445975 0.686092 0.453458 0.691203 0.445398 0.687779 0.445392 0.686093 0.445975 0.691202 0.452949 0.687778 0.452943 0.687779 0.445392 0.689485 0.453464 0.686092 0.453458 0.687778 0.452943 0.691567 0.58386 0.689475 0.583744 0.689475 0.591246 0.692705 0.584293 0.691194 0.584404 0.689475 0.583744 0.692705 0.59185 0.691194 0.591973 0.691194 0.584404 0.691567 0.591373 0.689475 0.591246 0.691194 0.591973 0.691575 0.445885 0.689486 0.445981 0.689485 0.453464 0.692712 0.445502 0.691203 0.445398 0.689486 0.445981 0.692712 0.453041 0.691202 0.452949 0.691203 0.445398 0.691575 0.453379 0.689485 0.453464 0.691202 0.452949 0.688495 0.36688 0.688474 0.620144 0.68014 0.620129 0.68018 0.366865 0.682185 0.363777 0.686492 0.363785 0.687651 0.619668 0.687675 0.367502 0.679395 0.367488 0.68568 0.364421 0.681391 0.364413 0.679395 0.367488 0.68018 0.366865 0.68014 0.620129 0.679354 0.619654 0.688474 0.620144 0.688495 0.36688 0.687675 0.367502 0.68014 0.620129 0.688474 0.620144 0.687651 0.619668 0.682185 0.363777 0.68018 0.366865 0.679395 0.367488 0.686492 0.363785 0.682185 0.363777 0.681391 0.364413 0.688495 0.36688 0.686492 0.363785 0.68568 0.364421 0.674313 0.421524 0.674272 0.620119 0.665938 0.620104 0.6680001 0.418419 0.672309 0.418426 0.674313 0.421524 0.673511 0.619644 0.673554 0.42191 0.665271 0.421895 0.673554 0.42191 0.671558 0.418826 0.667268 0.418818 0.665994 0.421509 0.665938 0.620104 0.665213 0.619629 0.674272 0.620119 0.674313 0.421524 0.673554 0.42191 0.665938 0.620104 0.674272 0.620119 0.673511 0.619644 0.6680001 0.418419 0.665994 0.421509 0.665271 0.421895 0.672309 0.418426 0.6680001 0.418419 0.667268 0.418818 0.674313 0.421524 0.672309 0.418426 0.671558 0.418826 0.660136 0.421499 0.66007 0.620094 0.651736 0.62008 0.653823 0.418394 0.658132 0.418401 0.660136 0.421499 0.659371 0.619619 0.659438 0.421885 0.651155 0.421871 0.657443 0.418801 0.653152 0.418793 0.651155 0.421871 0.651817 0.421484 0.651736 0.62008 0.651073 0.619604 0.66007 0.620094 0.660136 0.421499 0.659438 0.421885 0.651736 0.62008 0.66007 0.620094 0.659371 0.619619 0.653823 0.418394 0.651817 0.421484 0.651155 0.421871 0.658132 0.418401 0.653823 0.418394 0.653152 0.418793 0.660136 0.421499 0.658132 0.418401 0.657443 0.418801 0.645959 0.421474 0.645868 0.620069 0.637534 0.620055 0.639646 0.418369 0.643955 0.418377 0.645959 0.421474 0.64523 0.619594 0.645322 0.42186 0.637039 0.421846 0.643327 0.418776 0.639037 0.418769 0.637039 0.421846 0.63764 0.42146 0.637534 0.620055 0.636933 0.61958 0.645868 0.620069 0.645959 0.421474 0.645322 0.42186 0.637534 0.620055 0.645868 0.620069 0.64523 0.619594 0.639646 0.418369 0.63764 0.42146 0.637039 0.421846 0.643955 0.418377 0.639646 0.418369 0.639037 0.418769 0.645959 0.421474 0.643955 0.418377 0.643327 0.418776 0.594848 0.366716 0.603163 0.366731 0.602952 0.619994 0.596855 0.363629 0.601162 0.363636 0.603163 0.366731 0.594203 0.619505 0.602501 0.61952 0.602712 0.367354 0.596431 0.364265 0.594433 0.36734 0.602712 0.367354 0.603163 0.366731 0.602712 0.367354 0.602501 0.61952 0.594618 0.61998 0.594203 0.619505 0.594433 0.36734 0.602952 0.619994 0.602501 0.61952 0.594203 0.619505 0.601162 0.363636 0.60072 0.364273 0.602712 0.367354 0.596855 0.363629 0.596431 0.364265 0.60072 0.364273 0.594848 0.366716 0.594433 0.36734 0.596431 0.364265 0.608976 0.42141 0.617295 0.421424 0.617154 0.620019 0.615292 0.418327 0.617295 0.421424 0.608976 0.42141 0.608344 0.61953 0.616641 0.619544 0.616782 0.421811 0.614788 0.418727 0.610498 0.418719 0.608499 0.421796 0.617295 0.421424 0.616782 0.421811 0.616641 0.619544 0.60882 0.620005 0.608344 0.61953 0.608499 0.421796 0.617154 0.620019 0.616641 0.619544 0.608344 0.61953 0.615292 0.418327 0.614788 0.418727 0.616782 0.421811 0.610983 0.418319 0.610498 0.418719 0.614788 0.418727 0.608976 0.42141 0.608499 0.421796 0.610498 0.418719 0.623153 0.421434 0.631472 0.421449 0.631356 0.620044 0.629469 0.418351 0.631472 0.421449 0.623153 0.421434 0.622484 0.619554 0.630781 0.619569 0.630898 0.421835 0.624613 0.418744 0.622615 0.421821 0.630898 0.421835 0.631472 0.421449 0.630898 0.421835 0.630781 0.619569 0.623022 0.620029 0.622484 0.619554 0.622615 0.421821 0.631356 0.620044 0.630781 0.619569 0.622484 0.619554 0.629469 0.418351 0.628904 0.418751 0.630898 0.421835 0.62516 0.418344 0.624613 0.418744 0.628904 0.418751 0.623153 0.421434 0.622615 0.421821 0.624613 0.418744</float_array>
          <technique_common>
            <accessor source="#_371_Sled_001-mesh-map-0-array" count="2472" stride="2">
              <param name="S" type="float"/>
              <param name="T" type="float"/>
            </accessor>
          </technique_common>
        </source>
        <vertices id="_371_Sled_001-mesh-vertices">
          <input semantic="POSITION" source="#_371_Sled_001-mesh-positions"/>
        </vertices>
        <triangles count="824">
          <input semantic="VERTEX" source="#_371_Sled_001-mesh-vertices" offset="0"/>
          <input semantic="NORMAL" source="#_371_Sled_001-mesh-normals" offset="1"/>
          <input semantic="TEXCOORD" source="#_371_Sled_001-mesh-map-0" offset="2" set="0"/>
          <p>10 0 0 1 0 1 2 0 2 3 1 3 10 1 4 2 1 5 12 2 6 3 2 7 4 2 8 5 3 9 12 3 10 4 3 11 6 4 12 13 4 13 5 4 14 15 5 15 6 5 16 7 5 17 8 6 18 15 6 19 7 6 20 9 7 21 8 7 22 1 7 23 0 8 24 9 8 25 10 8 26 0 9 27 10 9 28 11 9 29 0 10 30 11 10 31 12 10 32 0 11 33 12 11 34 13 11 35 0 12 36 13 12 37 14 12 38 0 13 39 14 13 40 15 13 41 0 14 42 15 14 43 16 14 44 0 15 45 16 15 46 9 15 47 27 16 48 18 16 49 19 16 50 20 17 51 27 17 52 19 17 53 29 18 54 20 18 55 21 18 56 30 19 57 21 19 58 22 19 59 23 20 60 30 20 61 22 20 62 32 21 63 23 21 64 24 21 65 25 6 66 32 6 67 24 6 68 26 22 69 25 22 70 18 22 71 17 8 72 26 8 73 27 8 74 17 23 75 27 23 76 28 23 77 17 24 78 28 24 79 29 24 80 17 25 81 29 25 82 30 25 83 17 26 84 30 26 85 31 26 86 17 27 87 31 27 88 32 27 89 17 28 90 32 28 91 33 28 92 17 29 93 33 29 94 26 29 95 44 30 96 35 30 97 36 30 98 37 31 99 44 31 100 36 31 101 46 32 102 37 32 103 38 32 104 47 33 105 38 33 106 39 33 107 40 34 108 47 34 109 39 34 110 49 35 111 40 35 112 41 35 113 42 36 114 49 36 115 41 36 116 43 37 117 42 37 118 35 37 119 34 38 120 43 38 121 44 38 122 34 39 123 44 39 124 45 39 125 34 40 126 45 40 127 46 40 128 34 41 129 46 41 130 47 41 131 34 42 132 47 42 133 48 42 134 34 43 135 48 43 136 49 43 137 34 44 138 49 44 139 50 44 140 34 45 141 50 45 142 43 45 143 53 46 144 60 46 145 52 46 146 54 47 147 61 47 148 53 47 149 63 48 150 54 48 151 55 48 152 64 49 153 55 49 154 56 49 155 57 50 156 64 50 157 56 50 158 66 51 159 57 51 160 58 51 161 59 52 162 66 52 163 58 52 164 60 53 165 59 53 166 52 53 167 51 54 168 60 54 169 61 54 170 51 55 171 61 55 172 62 55 173 51 56 174 62 56 175 63 56 176 51 57 177 63 57 178 64 57 179 51 58 180 64 58 181 65 58 182 51 59 183 65 59 184 66 59 185 51 60 186 66 60 187 67 60 188 51 61 189 67 61 190 60 61 191 78 62 192 69 62 193 70 62 194 79 63 195 70 63 196 71 63 197 72 64 198 79 64 199 71 64 200 73 3 201 80 3 202 72 3 203 74 65 204 81 65 205 73 65 206 75 66 207 82 66 208 74 66 209 84 67 210 75 67 211 76 67 212 77 68 213 76 68 214 69 68 215 68 69 216 77 69 217 78 69 218 68 70 219 78 70 220 79 70 221 68 71 222 79 71 223 80 71 224 68 72 225 80 72 226 81 72 227 68 73 228 81 73 229 82 73 230 68 74 231 82 74 232 83 74 233 68 75 234 83 75 235 84 75 236 68 76 237 84 76 238 77 76 239 95 16 240 86 16 241 87 16 242 96 63 243 87 63 244 88 63 245 89 77 246 96 77 247 88 77 248 98 78 249 89 78 250 90 78 251 91 79 252 98 79 253 90 79 254 92 80 255 99 80 256 91 80 257 93 81 258 100 81 259 92 81 260 86 82 261 101 82 262 93 82 263 85 83 264 94 83 265 95 83 266 85 84 267 95 84 268 96 84 269 85 85 270 96 85 271 97 85 272 85 86 273 97 86 274 98 86 275 85 87 276 98 87 277 99 87 278 85 88 279 99 88 280 100 88 281 85 89 282 100 89 283 101 89 284 85 76 285 101 76 286 94 76 287 112 90 288 103 90 289 104 90 290 113 91 291 104 91 292 105 91 293 106 92 294 113 92 295 105 92 296 115 93 297 106 93 298 107 93 299 108 94 300 115 94 301 107 94 302 109 95 303 116 95 304 108 95 305 118 96 306 109 96 307 110 96 308 103 97 309 118 97 310 110 97 311 102 98 312 111 98 313 112 98 314 102 99 315 112 99 316 113 99 317 102 100 318 113 100 319 114 100 320 102 101 321 114 101 322 115 101 323 102 102 324 115 102 325 116 102 326 102 103 327 116 103 328 117 103 329 102 104 330 117 104 331 118 104 332 102 105 333 118 105 334 111 105 335 121 106 336 128 106 337 120 106 338 130 107 339 121 107 340 122 107 341 123 108 342 130 108 343 122 108 344 132 109 345 123 109 346 124 109 347 125 110 348 132 110 349 124 110 350 126 111 351 133 111 352 125 111 353 135 112 354 126 112 355 127 112 356 128 113 357 127 113 358 120 113 359 119 114 360 128 114 361 129 114 362 119 115 363 129 115 364 130 115 365 119 116 366 130 116 367 131 116 368 119 117 369 131 117 370 132 117 371 119 118 372 132 118 373 133 118 374 119 119 375 133 119 376 134 119 377 119 120 378 134 120 379 135 120 380 119 121 381 135 121 382 128 121 383 146 122 384 137 122 385 145 122 386 146 123 387 139 123 388 138 123 389 148 124 390 139 124 391 147 124 392 148 90 393 141 90 394 140 90 395 149 125 396 142 125 397 141 125 398 151 126 399 142 126 400 150 126 401 151 21 402 144 21 403 143 21 404 145 127 405 144 127 406 152 127 407 145 25 408 136 25 409 146 25 410 146 128 411 136 128 412 147 128 413 147 129 414 136 129 415 148 129 416 148 130 417 136 130 418 149 130 419 149 131 420 136 131 421 150 131 422 150 132 423 136 132 424 151 132 425 151 133 426 136 133 427 152 133 428 152 134 429 136 134 430 145 134 431 163 135 432 154 135 433 162 135 434 163 136 435 156 136 436 155 136 437 165 137 438 156 137 439 164 137 440 166 138 441 157 138 442 165 138 443 166 139 444 159 139 445 158 139 446 168 140 447 159 140 448 167 140 449 168 21 450 161 21 451 160 21 452 162 141 453 161 141 454 169 141 455 162 25 456 153 25 457 163 25 458 163 142 459 153 142 460 164 142 461 164 143 462 153 143 463 165 143 464 165 8 465 153 8 466 166 8 467 166 29 468 153 29 469 167 29 470 167 144 471 153 144 472 168 144 473 168 145 474 153 145 475 169 145 476 169 26 477 153 26 478 162 26 479 180 135 480 171 135 481 179 135 482 180 146 483 173 146 484 172 146 485 182 147 486 173 147 487 181 147 488 183 148 489 174 148 490 182 148 491 183 37 492 176 37 493 175 37 494 185 149 495 176 149 496 184 149 497 185 150 498 178 150 499 177 150 500 179 151 501 178 151 502 186 151 503 179 152 504 170 152 505 180 152 506 180 142 507 170 142 508 181 142 509 181 153 510 170 153 511 182 153 512 182 154 513 170 154 514 183 154 515 183 155 516 170 155 517 184 155 518 184 156 519 170 156 520 185 156 521 185 133 522 170 133 523 186 133 524 186 157 525 170 157 526 179 157 527 197 158 528 188 158 529 196 158 530 198 159 531 189 159 532 197 159 533 198 160 534 191 160 535 190 160 536 199 90 537 192 90 538 191 90 539 200 161 540 193 161 541 192 161 542 201 162 543 194 162 544 193 162 545 203 163 546 194 163 547 202 163 548 196 164 549 195 164 550 203 164 551 196 165 552 187 165 553 197 165 554 197 166 555 187 166 556 198 166 557 198 167 558 187 167 559 199 167 560 199 168 561 187 168 562 200 168 563 200 169 564 187 169 565 201 169 566 201 170 567 187 170 568 202 170 569 202 171 570 187 171 571 203 171 572 203 87 573 187 87 574 196 87 575 214 172 576 205 172 577 213 172 578 215 173 579 206 173 580 214 173 581 215 63 582 208 63 583 207 63 584 217 174 585 208 174 586 216 174 587 217 175 588 210 175 589 209 175 590 218 176 591 211 176 592 210 176 593 219 177 594 212 177 595 211 177 596 220 178 597 205 178 598 212 178 599 213 86 600 204 86 601 214 86 602 214 166 603 204 166 604 215 166 605 215 179 606 204 179 607 216 179 608 216 83 609 204 83 610 217 83 611 217 76 612 204 76 613 218 76 614 218 180 615 204 180 616 219 180 617 219 181 618 204 181 619 220 181 620 220 87 621 204 87 622 213 87 623 231 182 624 222 182 625 230 182 626 232 183 627 223 183 628 231 183 629 232 184 630 225 184 631 224 184 632 234 185 633 225 185 634 233 185 635 234 186 636 227 186 637 226 186 638 235 187 639 228 187 640 227 187 641 237 188 642 228 188 643 236 188 644 237 178 645 222 178 646 229 178 647 230 189 648 221 189 649 231 189 650 231 85 651 221 85 652 232 85 653 232 190 654 221 190 655 233 190 656 233 191 657 221 191 658 234 191 659 234 192 660 221 192 661 235 192 662 235 193 663 221 193 664 236 193 665 236 88 666 221 88 667 237 88 668 237 194 669 221 194 670 230 194 671 268 195 672 264 195 673 265 195 674 251 196 675 250 196 676 259 196 677 251 197 678 260 197 679 256 197 680 257 198 681 258 198 682 254 198 683 256 199 684 261 199 685 257 199 686 243 200 687 262 200 688 263 200 689 241 201 690 247 201 691 238 201 692 247 202 693 244 202 694 248 202 695 249 203 696 242 203 697 246 203 698 248 204 699 245 204 700 249 204 701 273 205 702 246 205 703 271 205 704 255 206 705 263 206 706 265 206 707 255 207 708 240 207 709 243 207 710 247 208 711 250 208 712 238 208 713 250 209 714 241 209 715 238 209 716 253 210 717 239 210 718 241 210 719 248 211 720 259 211 721 247 211 722 251 210 723 244 210 724 239 210 725 258 205 726 249 205 727 246 205 728 245 210 729 254 210 730 242 210 731 249 212 732 260 212 733 248 212 734 256 213 735 245 213 736 244 213 737 252 195 738 265 195 739 264 195 740 246 200 741 270 200 742 271 200 743 262 205 744 252 205 745 264 205 746 266 214 747 265 214 748 263 214 749 276 195 750 269 195 751 268 195 752 267 205 753 264 205 754 269 205 755 296 200 756 294 200 757 297 200 758 274 215 759 268 215 760 266 215 761 271 216 762 277 216 763 273 216 764 300 200 765 298 200 766 301 200 767 254 195 768 273 195 769 272 195 770 242 217 771 272 217 772 270 217 773 272 195 774 277 195 775 276 195 776 270 218 777 276 218 778 274 218 779 275 219 780 269 219 781 277 219 782 266 200 783 275 200 784 274 200 785 266 220 786 278 220 787 267 220 788 278 200 789 262 200 790 267 200 791 279 200 792 263 200 793 262 200 794 280 200 795 266 200 796 263 200 797 270 221 798 282 221 799 271 221 800 282 200 801 275 200 802 271 200 803 283 200 804 274 200 805 275 200 806 274 200 807 285 200 808 270 200 809 309 200 810 300 200 811 301 200 812 289 222 813 278 222 814 281 222 815 288 210 816 281 210 817 280 210 818 287 207 819 280 207 820 279 207 821 286 205 822 279 205 823 278 205 824 307 222 825 301 222 826 293 222 827 293 222 828 282 222 829 285 222 830 292 210 831 285 210 832 284 210 833 291 207 834 284 207 835 283 207 836 290 205 837 283 205 838 282 205 839 287 195 840 289 195 841 286 195 842 297 222 843 286 222 844 289 222 845 304 210 846 303 210 847 302 210 848 295 207 849 288 207 850 287 207 851 320 205 852 319 205 853 318 205 854 291 195 855 293 195 856 290 195 857 301 222 858 290 222 859 293 222 860 308 210 861 307 210 862 306 210 863 299 207 864 292 207 865 291 207 866 324 205 867 323 205 868 322 205 869 302 195 870 289 195 871 288 195 872 304 207 873 288 207 874 296 207 875 305 200 876 296 200 877 297 200 878 303 222 879 297 222 880 289 222 881 306 195 882 293 195 883 292 195 884 308 207 885 292 207 886 300 207 887 310 195 888 287 195 889 286 195 890 312 222 891 286 222 892 294 222 893 313 200 894 294 200 895 295 200 896 311 207 897 295 207 898 287 207 899 314 195 900 291 195 901 290 195 902 316 222 903 290 222 904 298 222 905 317 200 906 298 200 907 299 200 908 315 207 909 299 207 910 291 207 911 318 223 912 311 223 913 310 223 914 320 222 915 310 222 916 312 222 917 321 224 918 312 224 919 313 224 920 319 207 921 313 207 922 311 207 923 322 225 924 315 225 925 314 225 926 324 222 927 314 222 928 316 222 929 325 226 930 316 226 931 317 226 932 323 207 933 317 207 934 315 207 935 356 195 936 352 195 937 357 195 938 339 227 939 338 227 940 341 227 941 339 228 942 348 228 943 347 228 944 345 229 945 346 229 946 349 229 947 344 230 948 349 230 949 348 230 950 331 200 951 350 200 952 328 200 953 329 231 954 335 231 955 327 231 956 335 232 957 332 232 958 327 232 959 337 233 960 330 233 961 333 233 962 336 234 963 333 234 964 332 234 965 334 235 966 361 235 967 359 235 968 343 205 969 351 205 970 331 205 971 343 207 972 328 207 973 340 207 974 338 236 975 335 236 976 326 236 977 338 237 978 329 237 979 341 237 980 341 205 981 327 205 982 339 205 983 347 238 984 336 238 985 335 238 986 339 239 987 332 239 988 344 239 989 346 240 990 337 240 991 349 240 992 342 205 993 333 205 994 330 205 995 348 241 996 337 241 997 336 241 998 344 242 999 333 242 1000 345 242 1001 340 195 1002 353 195 1003 343 195 1004 334 200 1005 358 200 1006 330 200 1007 340 243 1008 350 243 1009 352 243 1010 354 205 1011 353 205 1012 356 205 1013 364 195 1014 357 195 1015 365 195 1016 352 244 1017 355 244 1018 357 244 1019 384 200 1020 382 200 1021 383 200 1022 362 205 1023 356 205 1024 364 205 1025 365 245 1026 359 245 1027 361 245 1028 388 200 1029 386 200 1030 387 200 1031 342 195 1032 361 195 1033 346 195 1034 330 205 1035 360 205 1036 342 205 1037 360 195 1038 365 195 1039 361 195 1040 358 246 1041 364 246 1042 360 246 1043 357 247 1044 363 247 1045 365 247 1046 354 200 1047 363 200 1048 355 200 1049 366 200 1050 354 200 1051 355 200 1052 366 200 1053 350 200 1054 367 200 1055 367 248 1056 351 248 1057 368 248 1058 368 200 1059 354 200 1060 369 200 1061 370 200 1062 358 200 1063 359 200 1064 370 200 1065 363 200 1066 371 200 1067 371 249 1068 362 249 1069 372 249 1070 373 200 1071 362 200 1072 358 200 1073 309 200 1074 388 200 1075 308 200 1076 377 222 1077 366 222 1078 374 222 1079 376 205 1080 369 205 1081 377 205 1082 375 207 1083 368 207 1084 376 207 1085 374 210 1086 367 210 1087 375 210 1088 307 222 1089 389 222 1090 309 222 1091 381 222 1092 370 222 1093 378 222 1094 380 205 1095 373 205 1096 381 205 1097 379 207 1098 372 207 1099 380 207 1100 378 210 1101 371 210 1102 379 210 1103 375 195 1104 377 195 1105 376 195 1106 385 222 1107 374 222 1108 382 222 1109 383 207 1110 376 207 1111 384 207 1112 400 210 1113 399 210 1114 401 210 1115 379 195 1116 381 195 1117 380 195 1118 389 222 1119 378 222 1120 386 222 1121 387 207 1122 380 207 1123 388 207 1124 404 210 1125 403 210 1126 405 210 1127 302 195 1128 377 195 1129 303 195 1130 304 207 1131 376 207 1132 302 207 1133 305 200 1134 384 200 1135 304 200 1136 303 222 1137 385 222 1138 305 222 1139 306 195 1140 381 195 1141 307 195 1142 308 207 1143 380 207 1144 306 207 1145 390 195 1146 375 195 1147 391 195 1148 392 222 1149 374 222 1150 390 222 1151 393 200 1152 382 200 1153 392 200 1154 391 207 1155 383 207 1156 393 207 1157 394 195 1158 379 195 1159 395 195 1160 396 222 1161 378 222 1162 394 222 1163 397 200 1164 386 200 1165 396 200 1166 395 207 1167 387 207 1168 397 207 1169 398 250 1170 391 250 1171 399 250 1172 400 251 1173 390 251 1174 398 251 1175 401 252 1176 392 252 1177 400 252 1178 399 253 1179 393 253 1180 401 253 1181 402 254 1182 395 254 1183 403 254 1184 404 255 1185 394 255 1186 402 255 1187 405 256 1188 396 256 1189 404 256 1190 403 257 1191 397 257 1192 405 257 1193 415 200 1194 412 200 1195 413 200 1196 413 258 1197 416 258 1198 415 258 1199 408 195 1200 407 195 1201 406 195 1202 410 195 1203 407 195 1204 409 195 1205 413 205 1206 406 205 1207 407 205 1208 414 210 1209 409 210 1210 408 210 1211 412 207 1212 408 207 1213 406 207 1214 417 259 1215 407 259 1216 411 259 1217 416 222 1218 411 222 1219 410 222 1220 415 260 1221 410 260 1222 409 260 1223 427 200 1224 424 200 1225 425 200 1226 429 200 1227 427 200 1228 425 200 1229 420 195 1230 419 195 1231 418 195 1232 421 195 1233 423 195 1234 419 195 1235 425 205 1236 418 205 1237 419 205 1238 426 210 1239 421 210 1240 420 210 1241 424 207 1242 420 207 1243 418 207 1244 429 261 1245 419 261 1246 423 261 1247 428 222 1248 423 222 1249 422 222 1250 427 262 1251 422 262 1252 421 262 1253 439 200 1254 436 200 1255 437 200 1256 441 200 1257 439 200 1258 437 200 1259 432 195 1260 431 195 1261 430 195 1262 434 195 1263 431 195 1264 433 195 1265 437 205 1266 430 205 1267 431 205 1268 438 210 1269 433 210 1270 432 210 1271 436 207 1272 432 207 1273 430 207 1274 441 261 1275 431 261 1276 435 261 1277 440 222 1278 435 222 1279 434 222 1280 439 263 1281 434 263 1282 433 263 1283 451 200 1284 448 200 1285 449 200 1286 453 200 1287 451 200 1288 449 200 1289 444 195 1290 443 195 1291 442 195 1292 446 195 1293 443 195 1294 445 195 1295 449 205 1296 442 205 1297 443 205 1298 450 210 1299 445 210 1300 444 210 1301 448 207 1302 444 207 1303 442 207 1304 453 264 1305 443 264 1306 447 264 1307 452 222 1308 447 222 1309 446 222 1310 451 265 1311 446 265 1312 445 265 1313 463 200 1314 460 200 1315 462 200 1316 464 200 1317 461 200 1318 463 200 1319 456 195 1320 455 195 1321 457 195 1322 458 266 1323 455 266 1324 459 266 1325 461 210 1326 454 210 1327 460 210 1328 462 205 1329 457 205 1330 463 205 1331 460 207 1332 456 207 1333 462 207 1334 465 260 1335 455 260 1336 461 260 1337 464 222 1338 459 222 1339 465 222 1340 463 259 1341 458 259 1342 464 259 1343 475 200 1344 472 200 1345 474 200 1346 477 267 1347 475 267 1348 476 267 1349 468 195 1350 467 195 1351 469 195 1352 471 195 1353 469 195 1354 467 195 1355 473 210 1356 466 210 1357 472 210 1358 474 205 1359 469 205 1360 475 205 1361 472 207 1362 468 207 1363 474 207 1364 477 262 1365 467 262 1366 473 262 1367 476 222 1368 471 222 1369 477 222 1370 475 268 1371 470 268 1372 476 268 1373 487 200 1374 484 200 1375 486 200 1376 489 269 1377 487 269 1378 488 269 1379 480 195 1380 479 195 1381 481 195 1382 482 270 1383 479 270 1384 483 270 1385 485 210 1386 478 210 1387 484 210 1388 486 205 1389 481 205 1390 487 205 1391 484 207 1392 480 207 1393 486 207 1394 489 263 1395 479 263 1396 485 263 1397 488 222 1398 483 222 1399 489 222 1400 487 261 1401 482 261 1402 488 261 1403 10 271 1404 9 271 1405 1 271 1406 3 272 1407 11 272 1408 10 272 1409 12 273 1410 11 273 1411 3 273 1412 5 135 1413 13 135 1414 12 135 1415 6 274 1416 14 274 1417 13 274 1418 15 275 1419 14 275 1420 6 275 1421 8 276 1422 16 276 1423 15 276 1424 9 277 1425 16 277 1426 8 277 1427 27 278 1428 26 278 1429 18 278 1430 20 279 1431 28 279 1432 27 279 1433 29 280 1434 28 280 1435 20 280 1436 30 281 1437 29 281 1438 21 281 1439 23 141 1440 31 141 1441 30 141 1442 32 282 1443 31 282 1444 23 282 1445 25 283 1446 33 283 1447 32 283 1448 26 284 1449 33 284 1450 25 284 1451 44 278 1452 43 278 1453 35 278 1454 37 137 1455 45 137 1456 44 137 1457 46 285 1458 45 285 1459 37 285 1460 47 286 1461 46 286 1462 38 286 1463 40 287 1464 48 287 1465 47 287 1466 49 288 1467 48 288 1468 40 288 1469 42 289 1470 50 289 1471 49 289 1472 43 290 1473 50 290 1474 42 290 1475 53 291 1476 61 291 1477 60 291 1478 54 292 1479 62 292 1480 61 292 1481 63 293 1482 62 293 1483 54 293 1484 64 294 1485 63 294 1486 55 294 1487 57 295 1488 65 295 1489 64 295 1490 66 296 1491 65 296 1492 57 296 1493 59 297 1494 67 297 1495 66 297 1496 60 298 1497 67 298 1498 59 298 1499 78 299 1500 77 299 1501 69 299 1502 79 300 1503 78 300 1504 70 300 1505 72 301 1506 80 301 1507 79 301 1508 73 302 1509 81 302 1510 80 302 1511 74 303 1512 82 303 1513 81 303 1514 75 304 1515 83 304 1516 82 304 1517 84 305 1518 83 305 1519 75 305 1520 77 306 1521 84 306 1522 76 306 1523 95 307 1524 94 307 1525 86 307 1526 96 308 1527 95 308 1528 87 308 1529 89 309 1530 97 309 1531 96 309 1532 98 310 1533 97 310 1534 89 310 1535 91 303 1536 99 303 1537 98 303 1538 92 311 1539 100 311 1540 99 311 1541 93 312 1542 101 312 1543 100 312 1544 86 313 1545 94 313 1546 101 313 1547 112 314 1548 111 314 1549 103 314 1550 113 315 1551 112 315 1552 104 315 1553 106 316 1554 114 316 1555 113 316 1556 115 317 1557 114 317 1558 106 317 1559 108 318 1560 116 318 1561 115 318 1562 109 319 1563 117 319 1564 116 319 1565 118 320 1566 117 320 1567 109 320 1568 103 313 1569 111 313 1570 118 313 1571 121 321 1572 129 321 1573 128 321 1574 130 322 1575 129 322 1576 121 322 1577 123 323 1578 131 323 1579 130 323 1580 132 324 1581 131 324 1582 123 324 1583 125 325 1584 133 325 1585 132 325 1586 126 326 1587 134 326 1588 133 326 1589 135 327 1590 134 327 1591 126 327 1592 128 328 1593 135 328 1594 127 328 1595 146 329 1596 138 329 1597 137 329 1598 146 330 1599 147 330 1600 139 330 1601 148 331 1602 140 331 1603 139 331 1604 148 278 1605 149 278 1606 141 278 1607 149 332 1608 150 332 1609 142 332 1610 151 333 1611 143 333 1612 142 333 1613 151 334 1614 152 334 1615 144 334 1616 145 335 1617 137 335 1618 144 335 1619 163 336 1620 155 336 1621 154 336 1622 163 280 1623 164 280 1624 156 280 1625 165 337 1626 157 337 1627 156 337 1628 166 338 1629 158 338 1630 157 338 1631 166 339 1632 167 339 1633 159 339 1634 168 6 1635 160 6 1636 159 6 1637 168 282 1638 169 282 1639 161 282 1640 162 340 1641 154 340 1642 161 340 1643 180 3 1644 172 3 1645 171 3 1646 180 280 1647 181 280 1648 173 280 1649 182 341 1650 174 341 1651 173 341 1652 183 342 1653 175 342 1654 174 342 1655 183 343 1656 184 343 1657 176 343 1658 185 344 1659 177 344 1660 176 344 1661 185 345 1662 186 345 1663 178 345 1664 179 34 1665 171 34 1666 178 34 1667 197 346 1668 189 346 1669 188 346 1670 198 77 1671 190 77 1672 189 77 1673 198 347 1674 199 347 1675 191 347 1676 199 348 1677 200 348 1678 192 348 1679 200 349 1680 201 349 1681 193 349 1682 201 350 1683 202 350 1684 194 350 1685 203 351 1686 195 351 1687 194 351 1688 196 352 1689 188 352 1690 195 352 1691 214 336 1692 206 336 1693 205 336 1694 215 77 1695 207 77 1696 206 77 1697 215 308 1698 216 308 1699 208 308 1700 217 353 1701 209 353 1702 208 353 1703 217 354 1704 218 354 1705 210 354 1706 218 355 1707 219 355 1708 211 355 1709 219 356 1710 220 356 1711 212 356 1712 220 357 1713 213 357 1714 205 357 1715 231 358 1716 223 358 1717 222 358 1718 232 359 1719 224 359 1720 223 359 1721 232 360 1722 233 360 1723 225 360 1724 234 361 1725 226 361 1726 225 361 1727 234 362 1728 235 362 1729 227 362 1730 235 363 1731 236 363 1732 228 363 1733 237 364 1734 229 364 1735 228 364 1736 237 357 1737 230 357 1738 222 357 1739 268 195 1740 269 195 1741 264 195 1742 251 227 1743 253 227 1744 250 227 1745 251 228 1746 259 228 1747 260 228 1748 257 229 1749 261 229 1750 258 229 1751 256 230 1752 260 230 1753 261 230 1754 243 200 1755 240 200 1756 262 200 1757 241 231 1758 239 231 1759 247 231 1760 247 232 1761 239 232 1762 244 232 1763 249 233 1764 245 233 1765 242 233 1766 248 234 1767 244 234 1768 245 234 1769 273 365 1770 258 365 1771 246 365 1772 255 210 1773 243 210 1774 263 210 1775 255 207 1776 252 207 1777 240 207 1778 247 205 1779 259 205 1780 250 205 1781 250 237 1782 253 237 1783 241 237 1784 253 210 1785 251 210 1786 239 210 1787 248 366 1788 260 366 1789 259 366 1790 251 367 1791 256 367 1792 244 367 1793 258 368 1794 261 368 1795 249 368 1796 245 210 1797 257 210 1798 254 210 1799 249 369 1800 261 369 1801 260 369 1802 256 370 1803 257 370 1804 245 370 1805 252 195 1806 255 195 1807 265 195 1808 246 200 1809 242 200 1810 270 200 1811 262 205 1812 240 205 1813 252 205 1814 266 210 1815 268 210 1816 265 210 1817 276 195 1818 277 195 1819 269 195 1820 267 371 1821 262 371 1822 264 371 1823 296 200 1824 295 200 1825 294 200 1826 274 210 1827 276 210 1828 268 210 1829 271 372 1830 275 372 1831 277 372 1832 300 200 1833 299 200 1834 298 200 1835 254 195 1836 258 195 1837 273 195 1838 242 210 1839 254 210 1840 272 210 1841 272 195 1842 273 195 1843 277 195 1844 270 373 1845 272 373 1846 276 373 1847 275 374 1848 267 374 1849 269 374 1850 266 200 1851 267 200 1852 275 200 1853 266 200 1854 281 200 1855 278 200 1856 278 200 1857 279 200 1858 262 200 1859 279 248 1860 280 248 1861 263 248 1862 280 200 1863 281 200 1864 266 200 1865 270 200 1866 285 200 1867 282 200 1868 282 200 1869 283 200 1870 275 200 1871 283 249 1872 284 249 1873 274 249 1874 274 200 1875 284 200 1876 285 200 1877 309 200 1878 308 200 1879 300 200 1880 289 222 1881 286 222 1882 278 222 1883 288 210 1884 289 210 1885 281 210 1886 287 207 1887 288 207 1888 280 207 1889 286 205 1890 287 205 1891 279 205 1892 307 222 1893 309 222 1894 301 222 1895 293 222 1896 290 222 1897 282 222 1898 292 210 1899 293 210 1900 285 210 1901 291 207 1902 292 207 1903 284 207 1904 290 205 1905 291 205 1906 283 205 1907 287 195 1908 288 195 1909 289 195 1910 297 222 1911 294 222 1912 286 222 1913 304 210 1914 305 210 1915 303 210 1916 295 207 1917 296 207 1918 288 207 1919 320 205 1920 321 205 1921 319 205 1922 291 195 1923 292 195 1924 293 195 1925 301 222 1926 298 222 1927 290 222 1928 308 210 1929 309 210 1930 307 210 1931 299 207 1932 300 207 1933 292 207 1934 324 205 1935 325 205 1936 323 205 1937 302 195 1938 303 195 1939 289 195 1940 304 207 1941 302 207 1942 288 207 1943 305 200 1944 304 200 1945 296 200 1946 303 222 1947 305 222 1948 297 222 1949 306 195 1950 307 195 1951 293 195 1952 308 207 1953 306 207 1954 292 207 1955 310 195 1956 311 195 1957 287 195 1958 312 222 1959 310 222 1960 286 222 1961 313 200 1962 312 200 1963 294 200 1964 311 207 1965 313 207 1966 295 207 1967 314 195 1968 315 195 1969 291 195 1970 316 222 1971 314 222 1972 290 222 1973 317 200 1974 316 200 1975 298 200 1976 315 207 1977 317 207 1978 299 207 1979 318 223 1980 319 223 1981 311 223 1982 320 375 1983 318 375 1984 310 375 1985 321 224 1986 320 224 1987 312 224 1988 319 376 1989 321 376 1990 313 376 1991 322 377 1992 323 377 1993 315 377 1994 324 378 1995 322 378 1996 314 378 1997 325 379 1998 324 379 1999 316 379 2000 323 380 2001 325 380 2002 317 380 2003 356 195 2004 353 195 2005 352 195 2006 339 196 2007 347 196 2008 338 196 2009 339 197 2010 344 197 2011 348 197 2012 345 198 2013 342 198 2014 346 198 2015 344 199 2016 345 199 2017 349 199 2018 331 200 2019 351 200 2020 350 200 2021 329 201 2022 326 201 2023 335 201 2024 335 202 2025 336 202 2026 332 202 2027 337 203 2028 334 203 2029 330 203 2030 336 204 2031 337 204 2032 333 204 2033 334 210 2034 346 210 2035 361 210 2036 343 381 2037 353 381 2038 351 381 2039 343 207 2040 331 207 2041 328 207 2042 338 210 2043 347 210 2044 335 210 2045 338 209 2046 326 209 2047 329 209 2048 341 205 2049 329 205 2050 327 205 2051 347 382 2052 348 382 2053 336 382 2054 339 205 2055 327 205 2056 332 205 2057 346 210 2058 334 210 2059 337 210 2060 342 383 2061 345 383 2062 333 383 2063 348 384 2064 349 384 2065 337 384 2066 344 385 2067 332 385 2068 333 385 2069 340 195 2070 352 195 2071 353 195 2072 334 200 2073 359 200 2074 358 200 2075 340 210 2076 328 210 2077 350 210 2078 354 386 2079 351 386 2080 353 386 2081 364 195 2082 356 195 2083 357 195 2084 352 210 2085 350 210 2086 355 210 2087 384 200 2088 385 200 2089 382 200 2090 362 387 2091 354 387 2092 356 387 2093 365 210 2094 363 210 2095 359 210 2096 388 200 2097 389 200 2098 386 200 2099 342 195 2100 360 195 2101 361 195 2102 330 388 2103 358 388 2104 360 388 2105 360 195 2106 364 195 2107 365 195 2108 358 389 2109 362 389 2110 364 389 2111 357 210 2112 355 210 2113 363 210 2114 354 200 2115 362 200 2116 363 200 2117 366 390 2118 369 390 2119 354 390 2120 366 200 2121 355 200 2122 350 200 2123 367 200 2124 350 200 2125 351 200 2126 368 200 2127 351 200 2128 354 200 2129 370 391 2130 373 391 2131 358 391 2132 370 200 2133 359 200 2134 363 200 2135 371 200 2136 363 200 2137 362 200 2138 373 200 2139 372 200 2140 362 200 2141 309 200 2142 389 200 2143 388 200 2144 377 222 2145 369 222 2146 366 222 2147 376 205 2148 368 205 2149 369 205 2150 375 207 2151 367 207 2152 368 207 2153 374 210 2154 366 210 2155 367 210 2156 307 222 2157 381 222 2158 389 222 2159 381 222 2160 373 222 2161 370 222 2162 380 205 2163 372 205 2164 373 205 2165 379 207 2166 371 207 2167 372 207 2168 378 210 2169 370 210 2170 371 210 2171 375 195 2172 374 195 2173 377 195 2174 385 222 2175 377 222 2176 374 222 2177 383 207 2178 375 207 2179 376 207 2180 400 210 2181 398 210 2182 399 210 2183 379 195 2184 378 195 2185 381 195 2186 389 222 2187 381 222 2188 378 222 2189 387 207 2190 379 207 2191 380 207 2192 404 210 2193 402 210 2194 403 210 2195 302 195 2196 376 195 2197 377 195 2198 304 207 2199 384 207 2200 376 207 2201 305 200 2202 385 200 2203 384 200 2204 303 222 2205 377 222 2206 385 222 2207 306 195 2208 380 195 2209 381 195 2210 308 207 2211 388 207 2212 380 207 2213 390 195 2214 374 195 2215 375 195 2216 392 222 2217 382 222 2218 374 222 2219 393 200 2220 383 200 2221 382 200 2222 391 207 2223 375 207 2224 383 207 2225 394 195 2226 378 195 2227 379 195 2228 396 222 2229 386 222 2230 378 222 2231 397 200 2232 387 200 2233 386 200 2234 395 207 2235 379 207 2236 387 207 2237 398 250 2238 390 250 2239 391 250 2240 400 222 2241 392 222 2242 390 222 2243 401 252 2244 393 252 2245 392 252 2246 399 207 2247 391 207 2248 393 207 2249 402 392 2250 394 392 2251 395 392 2252 404 222 2253 396 222 2254 394 222 2255 405 393 2256 397 393 2257 396 393 2258 403 207 2259 395 207 2260 397 207 2261 415 200 2262 414 200 2263 412 200 2264 413 394 2265 417 394 2266 416 394 2267 408 195 2268 409 195 2269 407 195 2270 410 266 2271 411 266 2272 407 266 2273 413 205 2274 412 205 2275 406 205 2276 414 210 2277 415 210 2278 409 210 2279 412 207 2280 414 207 2281 408 207 2282 417 395 2283 413 395 2284 407 395 2285 416 222 2286 417 222 2287 411 222 2288 415 396 2289 416 396 2290 410 396 2291 427 200 2292 426 200 2293 424 200 2294 429 267 2295 428 267 2296 427 267 2297 420 195 2298 421 195 2299 419 195 2300 421 195 2301 422 195 2302 423 195 2303 425 205 2304 424 205 2305 418 205 2306 426 210 2307 427 210 2308 421 210 2309 424 207 2310 426 207 2311 420 207 2312 429 397 2313 425 397 2314 419 397 2315 428 222 2316 429 222 2317 423 222 2318 427 398 2319 428 398 2320 422 398 2321 439 200 2322 438 200 2323 436 200 2324 441 269 2325 440 269 2326 439 269 2327 432 195 2328 433 195 2329 431 195 2330 434 270 2331 435 270 2332 431 270 2333 437 205 2334 436 205 2335 430 205 2336 438 210 2337 439 210 2338 433 210 2339 436 207 2340 438 207 2341 432 207 2342 441 261 2343 437 261 2344 431 261 2345 440 222 2346 441 222 2347 435 222 2348 439 263 2349 440 263 2350 434 263 2351 451 200 2352 450 200 2353 448 200 2354 453 200 2355 452 200 2356 451 200 2357 444 195 2358 445 195 2359 443 195 2360 446 399 2361 447 399 2362 443 399 2363 449 205 2364 448 205 2365 442 205 2366 450 210 2367 451 210 2368 445 210 2369 448 207 2370 450 207 2371 444 207 2372 453 397 2373 449 397 2374 443 397 2375 452 222 2376 453 222 2377 447 222 2378 451 262 2379 452 262 2380 446 262 2381 463 200 2382 461 200 2383 460 200 2384 464 400 2385 465 400 2386 461 400 2387 456 195 2388 454 195 2389 455 195 2390 458 195 2391 457 195 2392 455 195 2393 461 210 2394 455 210 2395 454 210 2396 462 205 2397 456 205 2398 457 205 2399 460 207 2400 454 207 2401 456 207 2402 465 396 2403 459 396 2404 455 396 2405 464 222 2406 458 222 2407 459 222 2408 463 395 2409 457 395 2410 458 395 2411 475 200 2412 473 200 2413 472 200 2414 477 200 2415 473 200 2416 475 200 2417 468 195 2418 466 195 2419 467 195 2420 471 195 2421 470 195 2422 469 195 2423 473 210 2424 467 210 2425 466 210 2426 474 205 2427 468 205 2428 469 205 2429 472 207 2430 466 207 2431 468 207 2432 477 263 2433 471 263 2434 467 263 2435 476 222 2436 470 222 2437 471 222 2438 475 397 2439 469 397 2440 470 397 2441 487 200 2442 485 200 2443 484 200 2444 489 200 2445 485 200 2446 487 200 2447 480 195 2448 478 195 2449 479 195 2450 482 195 2451 481 195 2452 479 195 2453 485 210 2454 479 210 2455 478 210 2456 486 205 2457 480 205 2458 481 205 2459 484 207 2460 478 207 2461 480 207 2462 489 263 2463 483 263 2464 479 263 2465 488 222 2466 482 222 2467 483 222 2468 487 261 2469 481 261 2470 482 261 2471</p>
        </triangles>
      </mesh>
    </geometry>
    <geometry id="_371_Sled-mesh" name="1371 Sled">
      <mesh>
        <source id="_371_Sled-mesh-positions">
          <float_array id="_371_Sled-mesh-positions-array" count="1470">-16.04142 27.66039 -37.04375 -16.9001 27.17609 -37.04375 -16.6486 27.17609 -36.43657 -16.04142 27.17609 -36.18507 -15.43425 27.17609 -36.43657 -15.18275 27.17609 -37.04375 -15.43425 27.17609 -37.65092 -16.04142 27.17609 -37.90242 -16.6486 27.17609 -37.65092 -16.6486 27.51854 -37.04375 -16.47076 27.51854 -36.61441 -16.04142 27.51854 -36.43657 -15.61209 27.51854 -36.61441 -15.43425 27.51854 -37.04375 -15.61209 27.51854 -37.47308 -16.04142 27.51854 -37.65092 -16.47076 27.51854 -37.47308 -10.6817 27.66039 -37.04375 -11.54038 27.17609 -37.04375 -11.28888 27.17609 -36.43657 -10.6817 27.17609 -36.18507 -10.07452 27.17609 -36.43657 -9.823024 27.17609 -37.04375 -10.07452 27.17609 -37.65092 -10.6817 27.17609 -37.90242 -11.28888 27.17609 -37.65092 -11.28888 27.51854 -37.04375 -11.11104 27.51854 -36.61441 -10.6817 27.51854 -36.43657 -10.25236 27.51854 -36.61441 -10.07452 27.51854 -37.04375 -10.25236 27.51854 -37.47308 -10.6817 27.51854 -37.65092 -11.11104 27.51854 -37.47308 -5.397467 27.66039 -37.04375 -6.256144 27.17609 -37.04375 -6.004644 27.17609 -36.43657 -5.397467 27.17609 -36.18507 -4.790291 27.17609 -36.43657 -4.53879 27.17609 -37.04375 -4.790291 27.17609 -37.65092 -5.397467 27.17609 -37.90242 -6.004644 27.17609 -37.65092 -6.004644 27.51854 -37.04375 -5.826806 27.51854 -36.61441 -5.397467 27.51854 -36.43657 -4.968129 27.51854 -36.61441 -4.790291 27.51854 -37.04375 -4.968129 27.51854 -37.47308 -5.397467 27.51854 -37.65092 -5.826806 27.51854 -37.47308 0 27.66039 -37.04375 -0.858677 27.17609 -37.04375 -0.607176 27.17609 -36.43657 0 27.17609 -36.18507 0.607176 27.17609 -36.43657 0.858677 27.17609 -37.04375 0.607176 27.17609 -37.65092 0 27.17609 -37.90242 -0.607176 27.17609 -37.65092 -0.607176 27.51854 -37.04375 -0.429338 27.51854 -36.61441 0 27.51854 -36.43657 0.429338 27.51854 -36.61441 0.607176 27.51854 -37.04375 0.429338 27.51854 -37.47308 0 27.51854 -37.65092 -0.429338 27.51854 -37.47308 -16.04142 27.66039 15.42947 -16.9001 27.17609 15.42947 -16.6486 27.17609 16.03665 -16.04142 27.17609 16.28815 -15.43425 27.17609 16.03665 -15.18275 27.17609 15.42947 -15.43425 27.17609 14.82229 -16.04142 27.17609 14.57079 -16.6486 27.17609 14.82229 -16.6486 27.51854 15.42947 -16.47076 27.51854 15.85881 -16.04142 27.51854 16.03665 -15.61209 27.51854 15.85881 -15.43425 27.51854 15.42947 -15.61209 27.51854 15.00013 -16.04142 27.51854 14.82229 -16.47076 27.51854 15.00013 -10.6817 27.66039 15.42947 -11.54038 27.17609 15.42947 -11.28888 27.17609 16.03665 -10.6817 27.17609 16.28815 -10.07452 27.17609 16.03665 -9.823024 27.17609 15.42947 -10.07452 27.17609 14.82229 -10.6817 27.17609 14.57079 -11.28888 27.17609 14.82229 -11.28888 27.51854 15.42947 -11.11104 27.51854 15.85881 -10.6817 27.51854 16.03665 -10.25236 27.51854 15.85881 -10.07452 27.51854 15.42947 -10.25236 27.51854 15.00013 -10.6817 27.51854 14.82229 -11.11104 27.51854 15.00013 -5.397467 27.66039 15.42947 -6.256144 27.17609 15.42947 -6.004644 27.17609 16.03665 -5.397467 27.17609 16.28815 -4.790291 27.17609 16.03665 -4.53879 27.17609 15.42947 -4.790291 27.17609 14.82229 -5.397467 27.17609 14.57079 -6.004644 27.17609 14.82229 -6.004644 27.51854 15.42947 -5.826806 27.51854 15.85881 -5.397467 27.51854 16.03665 -4.968129 27.51854 15.85881 -4.790291 27.51854 15.42947 -4.968129 27.51854 15.00013 -5.397467 27.51854 14.82229 -5.826806 27.51854 15.00013 0 27.66039 15.42947 -0.858677 27.17609 15.42947 -0.607176 27.17609 16.03665 0 27.17609 16.28815 0.607176 27.17609 16.03665 0.858677 27.17609 15.42947 0.607176 27.17609 14.82229 0 27.17609 14.57079 -0.607176 27.17609 14.82229 -0.607176 27.51854 15.42947 -0.429338 27.51854 15.85881 0 27.51854 16.03665 0.429338 27.51854 15.85881 0.607176 27.51854 15.42947 0.429338 27.51854 15.00013 0 27.51854 14.82229 -0.429338 27.51854 15.00013 16.04142 27.66039 -37.04375 16.9001 27.17609 -37.04375 16.6486 27.17609 -36.43657 16.04142 27.17609 -36.18507 15.43425 27.17609 -36.43657 15.18275 27.17609 -37.04375 15.43425 27.17609 -37.65092 16.04142 27.17609 -37.90242 16.6486 27.17609 -37.65092 16.6486 27.51854 -37.04375 16.47076 27.51854 -36.61441 16.04142 27.51854 -36.43657 15.61209 27.51854 -36.61441 15.43425 27.51854 -37.04375 15.61209 27.51854 -37.47308 16.04142 27.51854 -37.65092 16.47076 27.51854 -37.47308 10.6817 27.66039 -37.04375 11.54038 27.17609 -37.04375 11.28888 27.17609 -36.43657 10.6817 27.17609 -36.18507 10.07452 27.17609 -36.43657 9.823024 27.17609 -37.04375 10.07452 27.17609 -37.65092 10.6817 27.17609 -37.90242 11.28888 27.17609 -37.65092 11.28888 27.51854 -37.04375 11.11104 27.51854 -36.61441 10.6817 27.51854 -36.43657 10.25236 27.51854 -36.61441 10.07452 27.51854 -37.04375 10.25236 27.51854 -37.47308 10.6817 27.51854 -37.65092 11.11104 27.51854 -37.47308 5.397467 27.66039 -37.04375 6.256144 27.17609 -37.04375 6.004644 27.17609 -36.43657 5.397467 27.17609 -36.18507 4.790291 27.17609 -36.43657 4.53879 27.17609 -37.04375 4.790291 27.17609 -37.65092 5.397467 27.17609 -37.90242 6.004644 27.17609 -37.65092 6.004644 27.51854 -37.04375 5.826806 27.51854 -36.61441 5.397467 27.51854 -36.43657 4.968129 27.51854 -36.61441 4.790291 27.51854 -37.04375 4.968129 27.51854 -37.47308 5.397467 27.51854 -37.65092 5.826806 27.51854 -37.47308 16.04142 27.66039 15.42947 16.9001 27.17609 15.42947 16.6486 27.17609 16.03665 16.04142 27.17609 16.28815 15.43425 27.17609 16.03665 15.18275 27.17609 15.42947 15.43425 27.17609 14.82229 16.04142 27.17609 14.57079 16.6486 27.17609 14.82229 16.6486 27.51854 15.42947 16.47076 27.51854 15.85881 16.04142 27.51854 16.03665 15.61209 27.51854 15.85881 15.43425 27.51854 15.42947 15.61209 27.51854 15.00013 16.04142 27.51854 14.82229 16.47076 27.51854 15.00013 10.6817 27.66039 15.42947 11.54038 27.17609 15.42947 11.28888 27.17609 16.03665 10.6817 27.17609 16.28815 10.07452 27.17609 16.03665 9.823024 27.17609 15.42947 10.07452 27.17609 14.82229 10.6817 27.17609 14.57079 11.28888 27.17609 14.82229 11.28888 27.51854 15.42947 11.11104 27.51854 15.85881 10.6817 27.51854 16.03665 10.25236 27.51854 15.85881 10.07452 27.51854 15.42947 10.25236 27.51854 15.00013 10.6817 27.51854 14.82229 11.11104 27.51854 15.00013 5.397467 27.66039 15.42947 6.256144 27.17609 15.42947 6.004644 27.17609 16.03665 5.397467 27.17609 16.28815 4.790291 27.17609 16.03665 4.53879 27.17609 15.42947 4.790291 27.17609 14.82229 5.397467 27.17609 14.57079 6.004644 27.17609 14.82229 6.004644 27.51854 15.42947 5.826806 27.51854 15.85881 5.397467 27.51854 16.03665 4.968129 27.51854 15.85881 4.790291 27.51854 15.42947 4.968129 27.51854 15.00013 5.397467 27.51854 14.82229 5.826806 27.51854 15.00013 -18.36595 27.93876 46.00923 -14.02525 20.43444 44.23402 -18.36595 2.975816 -48.1473 -14.02525 27.93876 46.00923 -14.02525 2.975816 22.16356 -14.02525 2.975816 -48.1473 -14.02525 12.04349 40.3041 -14.02525 4.868536 31.23383 -18.36595 2.975816 22.16356 -18.36595 20.43444 44.23402 -18.36595 12.04349 40.3041 -18.36595 4.868536 31.23383 -18.36595 27.25376 48.90489 -14.02525 19.45054 47.05896 -18.36595 2.45e-4 -48.1473 -14.02525 27.25376 48.90489 -14.02525 2.45e-4 22.47071 -14.02525 2.45e-4 -48.1473 -14.02525 10.14547 42.70092 -14.02525 2.09916 32.5291 -18.36595 2.45e-4 22.47071 -18.36595 19.45054 47.05896 -18.36595 10.14547 42.70092 -18.36595 2.09916 32.5291 -18.36595 2.975816 -39.14473 -14.02525 2.975816 -39.14473 -18.36595 2.45e-4 -39.10541 -14.02525 2.45e-4 -39.10541 -14.02525 2.975816 -34.91338 -18.36595 2.975816 -34.91338 -14.02525 2.45e-4 -34.85557 -18.36595 2.45e-4 -34.85557 -14.02525 2.975816 17.59864 -18.36595 2.975816 17.59864 -14.02525 2.45e-4 17.76294 -18.36595 2.45e-4 17.76294 -14.02525 2.975816 13.36725 -18.36595 2.975816 13.36725 -14.02525 2.45e-4 13.72729 -18.36595 2.45e-4 13.72729 -17.67811 2.975816 -35.60123 -17.67811 2.975816 -38.45689 -14.71309 2.975816 -38.45689 -14.71309 2.975816 -35.60123 -17.67811 2.975816 16.9108 -17.67811 2.975816 14.05509 -14.71309 2.975816 14.05509 -14.71309 2.975816 16.9108 -17.67811 22.20425 -35.60123 -17.67811 22.20425 -38.45689 -14.71309 22.20425 -38.45689 -14.71309 22.20425 -35.60123 -17.67811 22.20425 16.9108 -17.67811 22.20425 14.05509 -14.71309 22.20425 14.05509 -14.71309 22.20425 16.9108 -17.67811 25.59893 -35.60123 -17.67811 25.59893 -38.45689 -14.71309 25.59893 -38.45689 -14.71309 25.59893 -35.60123 -17.67811 25.59893 16.9108 -17.67811 25.59893 14.05509 -14.71309 25.59893 14.05509 -14.71309 25.59893 16.9108 0 22.20425 -38.45689 0 22.20425 -35.60123 0 25.59893 -38.45689 0 25.59893 -35.60123 0 22.20425 14.05509 0 22.20425 16.9108 0 25.59893 14.05509 0 25.59893 16.9108 -18.97241 22.20425 -35.60123 -18.97241 22.20425 -38.45689 -18.97241 25.59893 -35.60123 -18.97241 25.59893 -38.45689 -18.97241 22.20425 16.9108 -18.97241 22.20425 14.05509 -18.97241 25.59893 16.9108 -18.97241 25.59893 14.05509 -19.65644 22.78814 -35.60123 -19.65644 22.78814 -38.45689 -19.65644 25.01504 -35.60123 -19.65644 25.01504 -38.45689 -19.65644 22.78814 16.9108 -19.65644 22.78814 14.05509 -19.65644 25.01504 16.9108 -19.65644 25.01504 14.05509 18.36595 27.93876 46.00923 14.02525 20.43444 44.23402 18.36595 2.975816 -48.1473 14.02525 27.93876 46.00923 14.02525 2.975816 22.16356 14.02525 2.975816 -48.1473 14.02525 12.04349 40.3041 14.02525 4.868536 31.23383 18.36595 2.975816 22.16356 18.36595 20.43444 44.23402 18.36595 12.04349 40.3041 18.36595 4.868536 31.23383 18.36595 27.25376 48.90489 14.02525 19.45054 47.05896 18.36595 2.45e-4 -48.1473 14.02525 27.25376 48.90489 14.02525 2.45e-4 22.47071 14.02525 2.45e-4 -48.1473 14.02525 10.14547 42.70092 14.02525 2.09916 32.5291 18.36595 2.45e-4 22.47071 18.36595 19.45054 47.05896 18.36595 10.14547 42.70092 18.36595 2.09916 32.5291 18.36595 2.975816 -39.14473 14.02525 2.975816 -39.14473 18.36595 2.45e-4 -39.10541 14.02525 2.45e-4 -39.10541 14.02525 2.975816 -34.91338 18.36595 2.975816 -34.91338 14.02525 2.45e-4 -34.85557 18.36595 2.45e-4 -34.85557 14.02525 2.975816 17.59864 18.36595 2.975816 17.59864 14.02525 2.45e-4 17.76294 18.36595 2.45e-4 17.76294 14.02525 2.975816 13.36725 18.36595 2.975816 13.36725 14.02525 2.45e-4 13.72729 18.36595 2.45e-4 13.72729 17.67811 2.975816 -35.60123 17.67811 2.975816 -38.45689 14.71309 2.975816 -38.45689 14.71309 2.975816 -35.60123 17.67811 2.975816 16.9108 17.67811 2.975816 14.05509 14.71309 2.975816 14.05509 14.71309 2.975816 16.9108 17.67811 22.20425 -35.60123 17.67811 22.20425 -38.45689 14.71309 22.20425 -38.45689 14.71309 22.20425 -35.60123 17.67811 22.20425 16.9108 17.67811 22.20425 14.05509 14.71309 22.20425 14.05509 14.71309 22.20425 16.9108 17.67811 25.59893 -35.60123 17.67811 25.59893 -38.45689 14.71309 25.59893 -38.45689 14.71309 25.59893 -35.60123 17.67811 25.59893 16.9108 17.67811 25.59893 14.05509 14.71309 25.59893 14.05509 14.71309 25.59893 16.9108 18.97241 22.20425 -35.60123 18.97241 22.20425 -38.45689 18.97241 25.59893 -35.60123 18.97241 25.59893 -38.45689 18.97241 22.20425 16.9108 18.97241 22.20425 14.05509 18.97241 25.59893 16.9108 18.97241 25.59893 14.05509 19.65644 22.78814 -35.60123 19.65644 22.78814 -38.45689 19.65644 25.01504 -35.60123 19.65644 25.01504 -38.45689 19.65644 22.78814 16.9108 19.65644 22.78814 14.05509 19.65644 25.01504 16.9108 19.65644 25.01504 14.05509 14.50407 25.59893 -48.90489 14.50407 25.59893 46.39113 17.63596 25.59893 -48.90489 17.63596 25.59893 46.39113 16.88118 25.59893 47.55685 15.25885 25.59893 47.55685 14.50407 27.23116 -48.90489 14.50407 27.23116 46.39113 17.63596 27.23116 -48.90489 17.63596 27.23116 46.39113 16.88118 27.23116 47.55685 15.25885 27.23116 47.55685 9.166816 25.59893 -48.90489 9.166816 25.59893 25.78503 12.29871 25.59893 -48.90489 12.29871 25.59893 25.78503 11.54392 25.59893 26.95074 9.921605 25.59893 26.95074 9.166816 27.23116 -48.90489 9.166816 27.23116 25.78503 12.29871 27.23116 -48.90489 12.29871 27.23116 25.78503 11.54392 27.23116 26.95074 9.921605 27.23116 26.95074 3.829564 25.59893 -48.90489 3.829564 25.59893 25.78503 6.961459 25.59893 -48.90489 6.961459 25.59893 25.78503 6.206672 25.59893 26.95074 4.584351 25.59893 26.95074 3.829564 27.23116 -48.90489 3.829564 27.23116 25.78503 6.961459 27.23116 -48.90489 6.961459 27.23116 25.78503 6.206672 27.23116 26.95074 4.584351 27.23116 26.95074 -1.507688 25.59893 -48.90489 -1.507688 25.59893 25.78503 1.624207 25.59893 -48.90489 1.624207 25.59893 25.78503 0.86942 25.59893 26.95074 -0.752901 25.59893 26.95074 -1.507688 27.23116 -48.90489 -1.507688 27.23116 25.78503 1.624207 27.23116 -48.90489 1.624207 27.23116 25.78503 0.86942 27.23116 26.95074 -0.752901 27.23116 26.95074 -14.50407 25.59893 -48.90489 -14.50407 25.59893 46.39113 -17.63596 25.59893 -48.90489 -17.63596 25.59893 46.39113 -16.88118 25.59893 47.55685 -15.25885 25.59893 47.55685 -14.50407 27.23116 -48.90489 -14.50407 27.23116 46.39113 -17.63596 27.23116 -48.90489 -17.63596 27.23116 46.39113 -16.88118 27.23116 47.55685 -15.25885 27.23116 47.55685 -9.166816 25.59893 -48.90489 -9.166816 25.59893 25.78503 -12.29871 25.59893 -48.90489 -12.29871 25.59893 25.78503 -11.54392 25.59893 26.95074 -9.921605 25.59893 26.95074 -9.166816 27.23116 -48.90489 -9.166816 27.23116 25.78503 -12.29871 27.23116 -48.90489 -12.29871 27.23116 25.78503 -11.54392 27.23116 26.95074 -9.921605 27.23116 26.95074 -3.829564 25.59893 -48.90489 -3.829564 25.59893 25.78503 -6.961459 25.59893 -48.90489 -6.961459 25.59893 25.78503 -6.206672 25.59893 26.95074 -4.584351 25.59893 26.95074 -3.829564 27.23116 -48.90489 -3.829564 27.23116 25.78503 -6.961459 27.23116 -48.90489 -6.961459 27.23116 25.78503 -6.206672 27.23116 26.95074 -4.584351 27.23116 26.95074</float_array>
          <technique_common>
            <accessor source="#_371_Sled-mesh-positions-array" count="490" stride="3">
              <param name="X" type="float"/>
              <param name="Y" type="float"/>
              <param name="Z" type="float"/>
            </accessor>
          </technique_common>
        </source>
        <source id="_371_Sled-mesh-normals">
          <float_array id="_371_Sled-mesh-normals-array" count="1203">-0.764503 0.5614799 0.3166635 -0.316661 0.561473 0.764509 0.3166661 0.5614768 0.764504 0.7645083 0.5614715 0.3166656 0.7645112 0.561463 -0.3166733 0.3166813 0.5614648 -0.7645066 -0.316676 0.5614659 -0.7645079 -0.7645121 0.5614637 -0.3166701 -0.2264943 0.9694839 0.09381663 -0.09381622 0.969485 0.2264897 0.09381848 0.9694834 0.2264952 0.2264983 0.9694834 0.09381121 0.2264937 0.9694843 -0.09381371 0.09381979 0.9694826 -0.2264983 -0.09381848 0.9694834 -0.2264952 -0.2264888 0.9694848 -0.09381878 -0.7645075 0.5614727 0.3166653 -0.3166604 0.5614753 0.7645075 0.3166615 0.5614756 0.7645068 0.7645172 0.5614606 0.3166629 0.764516 0.5614595 -0.3166682 0.316676 0.5614659 -0.7645079 -0.7645097 0.5614654 -0.3166726 -0.09381663 0.9694846 0.2264907 0.09381651 0.9694848 0.2264903 0.2264943 0.9694839 0.09381663 0.2264904 0.9694845 -0.09381943 0.09381812 0.9694837 -0.2264942 -0.09381794 0.9694837 -0.2264938 -0.2264904 0.9694845 -0.09381943 -0.7645083 0.5614715 0.3166656 -0.3166614 0.5614712 0.7645102 0.316662 0.5614739 0.7645079 0.7645096 0.561469 0.3166667 0.764509 0.5614666 -0.3166723 0.3166765 0.5614642 -0.7645091 -0.3166766 0.5614636 -0.7645094 -0.764509 0.5614666 -0.3166723 -0.2264958 0.9694834 0.09381729 -0.09381675 0.9694846 0.2264909 0.09381723 0.969486 0.2264849 0.2264953 0.9694831 0.09382063 0.2264907 0.969484 -0.09382313 0.09381896 0.9694848 -0.2264892 -0.0938183 0.9694835 -0.2264947 -0.2264912 0.9694843 -0.09381979 -0.7645102 0.5614681 0.316667 -0.3166622 0.5614731 0.7645084 0.3166622 0.5614731 0.7645084 0.7645102 0.5614681 0.316667 0.7645088 0.5614669 -0.3166723 0.3166766 0.5614637 -0.7645094 -0.3166766 0.5614637 -0.7645094 -0.7645088 0.5614669 -0.3166723 -0.2264955 0.9694828 0.09382426 -0.09381699 0.9694844 0.2264915 0.09381699 0.9694844 0.2264915 0.2264955 0.9694828 0.09382426 0.226491 0.9694836 -0.09382683 0.09381866 0.9694833 -0.2264955 -0.09381866 0.9694833 -0.2264955 -0.226491 0.9694836 -0.09382683 -0.7645059 0.561475 0.3166646 -0.3166666 0.5614679 0.7645105 0.3166718 0.5614666 0.7645092 0.764511 0.5614666 -0.3166674 0.3166688 0.5614736 -0.7645053 -0.3166653 0.5614726 -0.7645074 -0.764512 0.5614672 -0.3166642 -0.2264909 0.9694846 0.09381675 -0.09381496 0.9694848 0.2264909 0.09381705 0.9694834 0.226496 0.2264949 0.9694842 0.09381133 0.2264966 0.9694837 -0.09381127 0.09381848 0.9694834 -0.2264952 -0.09381639 0.9694848 -0.2264901 -0.2264925 0.9694842 -0.09381669 0.3166666 0.5614679 0.7645105 0.7645143 0.5614637 0.3166646 0.7645172 0.5614606 -0.3166629 0.316664 0.561473 -0.7645078 -0.3166694 0.5614684 -0.7645089 -0.7645097 0.5614699 -0.3166648 -0.2264916 0.9694844 0.09381705 -0.0938149 0.9694848 0.2264907 0.09381514 0.9694847 0.2264913 0.2264916 0.9694844 0.09381705 0.2264925 0.9694842 -0.09381669 0.09381687 0.9694845 -0.2264913 -0.09381663 0.9694846 -0.2264907 -0.764509 0.5614702 0.3166659 -0.3166671 0.5614655 0.764512 0.316667 0.561466 0.7645116 0.7645074 0.5614708 0.3166688 0.7645103 0.5614678 -0.3166671 0.3166654 0.5614724 -0.7645077 -0.3166657 0.5614708 -0.7645085 -0.7645101 0.5614693 -0.3166649 -0.2264928 0.969484 0.09381753 -0.09381514 0.9694846 0.2264914 0.0938158 0.9694859 0.2264859 0.2264924 0.9694839 0.09382086 0.2264937 0.9694836 -0.09382069 0.09381723 0.9694859 -0.226485 -0.09381693 0.9694845 -0.2264913 -0.2264941 0.9694837 -0.09381735 -0.7645079 0.5614699 0.316669 -0.3166671 0.5614655 0.7645119 0.3166671 0.5614655 0.7645119 0.7645079 0.5614699 0.316669 0.7645105 0.5614675 -0.3166671 0.3166656 0.5614715 -0.7645083 -0.3166656 0.5614715 -0.7645083 -0.7645105 0.5614675 -0.3166671 -0.2264926 0.9694835 0.0938245 -0.0938155 0.9694844 0.2264922 0.0938155 0.9694844 0.2264922 0.2264926 0.9694835 0.0938245 0.2264938 0.9694832 -0.09382432 0.09381711 0.9694843 -0.2264918 -0.09381711 0.9694843 -0.2264918 -0.2264938 0.9694832 -0.09382432 0.7645158 0.5614581 0.3166713 0.3166621 0.5614733 0.7645084 -0.3166809 0.561464 0.7645073 -0.7645112 0.561463 -0.3166733 -0.3166766 0.5614737 -0.7645019 0.7645022 0.5614725 -0.316678 0.0938161 0.9694851 0.2264893 -0.0938183 0.9694835 0.2264947 -0.2264981 0.9694827 0.09381824 -0.2264937 0.9694843 -0.09381371 -0.09381997 0.9694825 -0.2264987 0.0938183 0.9694835 -0.2264947 0.2264888 0.9694848 -0.09381878 0.7645081 0.5614674 0.316673 0.3166612 0.5614769 0.7645061 -0.3166768 0.5614666 0.7645072 -0.7645019 0.5614776 0.3166697 -0.764516 0.5614595 -0.3166682 -0.3166728 0.5614755 -0.7645024 0.7644991 0.5614777 -0.3166767 0.09381675 0.9694846 0.2264909 -0.09381639 0.9694848 0.2264901 -0.093818 0.9694837 -0.226494 0.093818 0.9694837 -0.226494 0.3166623 0.5614727 0.7645086 -0.3166744 0.5614623 0.7645113 -0.7645049 0.561473 0.3166708 -0.3166719 0.5614721 -0.7645052 0.3166766 0.5614636 -0.7645094 0.7645018 0.5614734 -0.3166778 0.2264958 0.9694834 0.09381729 -0.09381723 0.969486 0.2264849 -0.2264954 0.9694835 0.09381711 -0.2264906 0.9694837 -0.09382665 -0.09381896 0.9694848 -0.2264892 0.2264912 0.9694843 -0.09381979 0.7645136 0.5614602 0.3166725 0.3166729 0.5614746 0.7645028 -0.3166718 0.5614666 0.7645092 -0.764511 0.5614666 -0.3166674 -0.31667 0.5614739 -0.7645047 0.3166754 0.5614717 -0.764504 0.7645083 0.5614687 -0.3166702 0.2264909 0.9694846 0.09381675 0.09381496 0.9694848 0.2264909 -0.09381687 0.9694834 0.2264956 -0.2264947 0.9694835 0.0938183 -0.2264966 0.9694837 -0.09381127 -0.09381866 0.9694833 -0.2264955 0.09381639 0.9694848 -0.2264901 0.7645081 0.5614661 0.3166751 0.3166732 0.5614738 0.7645034 -0.7645046 0.5614747 0.3166687 -0.7645172 0.5614606 -0.3166629 -0.3166647 0.561475 -0.764506 0.3166694 0.5614684 -0.7645089 0.7645104 0.5614687 -0.3166651 -0.09381526 0.9694845 0.2264917 -0.09381675 0.9694846 -0.2264909 0.09381675 0.9694846 -0.2264909 0.7645071 0.5614678 0.3166747 0.3166739 0.5614708 0.7645052 -0.316667 0.561466 0.7645116 -0.7645075 0.56147 0.3166699 -0.7645103 0.5614678 -0.3166671 -0.3166655 0.5614721 -0.7645079 0.3166766 0.5614674 -0.7645066 0.2264928 0.969484 0.09381753 -0.09381574 0.9694859 0.2264857 -0.2264924 0.9694841 0.09381735 -0.2264936 0.9694833 -0.0938242 -0.09381723 0.969486 -0.2264849 0.2264941 0.9694837 -0.09381735 0 -1 0 0 -0.2302064 0.9731419 0 -0.4241375 0.9055979 0 -0.978914 0.2042731 0 -0.7842851 0.6204007 0 1 0 0 0.2302047 -0.9731423 0 0.4241388 -0.9055972 0 0.9789141 -0.2042728 0 0.7842848 -0.6204011 -1 0 0 1 0 0 0 0 -1 -1 3.32494e-7 0 0 0.9731418 0.2302067 1 0 0 -1 -2.76722e-7 0 -1 -6.65111e-7 0 1 -4.43407e-7 0 1 -1.60957e-7 0 1 -4.59702e-7 0 -1 -1.27068e-6 0 1 2.80838e-7 0 1 2.27231e-7 0 -1 -8.44416e-7 0 0 1 1.59704e-7 0 1 1.59706e-7 0 0 1 -0.6492381 -0.7605854 0 -0.6492381 0.7605854 0 -0.6492386 -0.7605849 0 -0.6492386 0.7605849 0 0 -0.2302061 0.9731419 0 -0.424138 0.9055976 0 -0.978914 0.2042729 0 -0.7842856 0.6204001 0 0.2302045 -0.9731423 0 0.4241386 -0.9055974 0 0.978914 -0.2042728 0 0.7842847 -0.6204011 1 -3.15943e-7 0 1 3.32494e-7 0 0 0.9731417 0.2302068 1 -5.53444e-7 0 -1 -2.49537e-7 0 1 -7.48613e-7 0 1 -8.86814e-7 0 -1 0 0 1 0 0 1 0 0 1 -9.13301e-7 0 -1 -6.3534e-7 0 1 -6.13521e-7 0 0 1 -2.33806e-7 0 1 -2.33805e-7 0.6492381 -0.7605854 0 -5.00858e-6 0 1 0.6492381 0.7605854 0 -5.00859e-6 0 -1 0.6492371 -0.7605861 0 -3.75644e-6 0 1 0.6492371 0.7605861 0 1.25215e-6 0 -1 0 1 -1.04486e-6 -0.8394091 0 0.5435002 0.839411 0 0.5434971 -0.8394048 0 0.5435068 0.8394041 0 0.543508 0.8394048 0 0.5435068 -0.8394055 0 0.5435056 0.8394055 0 0.5435056 0 -1 -2.01709e-6 0 1 2.01713e-6 -0.8394033 0 0.5435092 0 1 -2.01713e-6 0 -1 -2.01713e-6 -0.7645158 0.5614581 0.3166713 -0.3166759 0.56147 0.7645051 0.3166809 0.561464 0.7645073 0.764497 0.5614811 -0.3166758 0.3166766 0.5614737 -0.7645019 -0.3166737 0.5614784 -0.7644997 -0.7645022 0.5614725 -0.316678 -0.7645081 0.5614674 0.316673 -0.316677 0.5614657 0.7645077 0.3166768 0.5614666 0.7645072 0.7645019 0.5614776 0.3166697 0.3166728 0.5614755 -0.7645024 -0.3166739 0.5614776 -0.7645002 -0.7644991 0.5614777 -0.3166767 0.3166744 0.5614623 0.7645113 0.7645049 0.561473 0.3166708 0.7645012 0.5614743 -0.3166776 0.3166719 0.5614721 -0.7645052 -0.316672 0.5614717 -0.7645055 -0.7645018 0.5614734 -0.3166778 -0.7645059 0.5614742 0.3166664 -0.316677 0.5614659 0.7645077 0.316677 0.5614659 0.7645077 0.7645059 0.5614741 0.3166664 0.7645024 0.5614753 -0.3166731 0.3166744 0.5614757 -0.7645014 -0.3166744 0.5614757 -0.7645014 -0.7645024 0.5614752 -0.3166731 -0.7645136 0.5614602 0.3166725 -0.3166729 0.5614746 0.7645028 0.3166788 0.5614725 0.7645021 0.7645061 0.5614696 0.3166742 0.764505 0.5614738 -0.3166689 0.3166809 0.561464 -0.7645073 -0.3166754 0.5614717 -0.764504 -0.7645083 0.5614687 -0.3166702 -0.7645081 0.5614661 0.3166751 -0.3166732 0.5614738 0.7645034 0.3166744 0.5614759 0.7645013 0.7645046 0.5614747 0.3166687 0.3166763 0.5614683 -0.7645061 -0.3166699 0.5614768 -0.7645025 -0.7645081 0.5614674 -0.316673 -0.7645071 0.5614678 0.3166747 -0.3166739 0.5614708 0.7645052 0.3166724 0.5614699 0.7645065 0.7645075 0.56147 0.3166699 0.7645073 0.5614704 -0.3166698 0.316674 0.5614635 -0.7645105 -0.3166766 0.5614674 -0.7645066 -0.7645089 0.5614706 0.3166655 -0.316675 0.5614736 0.7645027 0.316675 0.5614736 0.7645027 0.7645088 0.5614707 0.3166655 0.7645085 0.5614712 -0.3166654 0.3166766 0.5614673 -0.7645066 -0.3166766 0.5614673 -0.7645066 -0.7645084 0.5614712 -0.3166654 0.764503 0.5614799 0.3166635 0.3166763 0.5614683 0.7645061 -0.3166661 0.5614768 0.764504 -0.764498 0.5614793 -0.3166763 -0.3166813 0.5614648 -0.7645066 0.3166725 0.5614763 -0.7645018 0.7645121 0.5614637 -0.3166701 0.7645075 0.5614727 0.3166653 -0.3166615 0.5614756 0.7645068 -0.7645172 0.5614606 0.3166629 -0.7645001 0.5614759 -0.3166771 0.7645097 0.5614654 -0.3166726 -0.316662 0.5614739 0.7645079 -0.7645096 0.561469 0.3166667 -0.764501 0.5614747 -0.3166775 -0.3166765 0.5614642 -0.7645091 0.3166732 0.5614738 -0.7645034 0.7645059 0.561475 0.3166646 -0.3166775 0.5614704 0.764504 -0.7645061 0.5614696 0.3166742 -0.764504 0.5614755 -0.3166685 -0.3166809 0.561464 -0.7645073 0.3166653 0.5614726 -0.7645074 0.764512 0.5614672 -0.3166642 -0.7645143 0.5614637 0.3166646 -0.7645046 0.5614747 -0.3166687 -0.3166763 0.5614683 -0.7645061 0.3166687 0.5614746 -0.7645046 0.7645081 0.5614674 -0.316673 0.764509 0.5614702 0.3166659 0.3166671 0.5614655 0.764512 -0.3166724 0.5614699 0.7645065 -0.7645074 0.5614708 0.3166688 -0.7645075 0.56147 -0.3166699 -0.3166742 0.5614632 -0.7645108 0.3166657 0.5614708 -0.7645085 -1 -2.04238e-7 0 -1 4.99074e-7 0 1 -2.49537e-7 0 -1 -7.48613e-7 0 -1 7.9078e-7 0 1 0 0 -1 1.23085e-7 0 -1 -2.27231e-7 0 1 -6.3534e-7 0 -1 0 0 5.00858e-6 0 1 5.00859e-6 0 -1 -0.6492371 -0.7605861 0 3.75644e-6 0 1 -0.6492371 0.7605861 0 -1.25215e-6 0 -1 -1 0 0 1 2.49537e-7 0 -1 -1.24769e-7 0 1 5.93086e-7 0 -1 -4.43407e-7 0 -1 -1.60957e-7 0 -1 -4.59702e-7 0 -1 2.80838e-7 0 -1 2.27231e-7 0 0 1 2.33802e-7 0 1 2.33805e-7 0.6492386 -0.7605849 0 0.6492386 0.7605849 0 0 1 4.03419e-6 -0.839411 0 0.5434971 0.8394091 0 0.5435002 -0.8394041 0 0.543508 0.8394033 0 0.5435092 0 -1 -4.03425e-6 0 1 2.01709e-6</float_array>
          <technique_common>
            <accessor source="#_371_Sled-mesh-normals-array" count="401" stride="3">
              <param name="X" type="float"/>
              <param name="Y" type="float"/>
              <param name="Z" type="float"/>
            </accessor>
          </technique_common>
        </source>
        <source id="_371_Sled-mesh-map-0">
          <float_array id="_371_Sled-mesh-map-0-array" count="4944">0.180804 0.634533 0.179994 0.635505 0.180634 0.633976 0.182165 0.633345 0.180804 0.634533 0.180634 0.633976 0.182968 0.634536 0.182165 0.633345 0.183691 0.633982 0.1843169 0.635513 0.182968 0.634536 0.183691 0.633982 0.183677 0.637042 0.183411 0.63562 0.1843169 0.635513 0.181874 0.637149 0.183677 0.637042 0.182146 0.637673 0.18062 0.637037 0.181874 0.637149 0.182146 0.637673 0.180351 0.635615 0.18062 0.637037 0.179994 0.635505 0.181767 0.635662 0.180351 0.635615 0.180804 0.634533 0.181767 0.635662 0.180804 0.634533 0.181888 0.634086 0.181767 0.635662 0.181888 0.634086 0.182968 0.634536 0.181767 0.635662 0.182968 0.634536 0.183411 0.63562 0.181767 0.635662 0.183411 0.63562 0.182958 0.636702 0.181767 0.635662 0.182958 0.636702 0.181874 0.637149 0.181767 0.635662 0.181874 0.637149 0.180795 0.636698 0.181767 0.635662 0.180795 0.636698 0.180351 0.635615 0.194308 0.634556 0.193486 0.635529 0.194126 0.634 0.195657 0.633369 0.194308 0.634556 0.194126 0.634 0.196471 0.63456 0.195657 0.633369 0.1971819 0.634005 0.196914 0.635644 0.1971819 0.634005 0.197809 0.635537 0.197169 0.637066 0.196914 0.635644 0.197809 0.635537 0.195378 0.637172 0.197169 0.637066 0.195638 0.637697 0.194112 0.63706 0.195378 0.637172 0.195638 0.637697 0.193855 0.635638 0.194112 0.63706 0.193486 0.635529 0.195276 0.635686 0.193855 0.635638 0.194308 0.634556 0.195276 0.635686 0.194308 0.634556 0.1953909 0.63411 0.195276 0.635686 0.1953909 0.63411 0.196471 0.63456 0.195276 0.635686 0.196471 0.63456 0.196914 0.635644 0.195276 0.635686 0.196914 0.635644 0.196461 0.636726 0.195276 0.635686 0.196461 0.636726 0.195378 0.637172 0.195276 0.635686 0.195378 0.637172 0.194298 0.636722 0.195276 0.635686 0.194298 0.636722 0.193855 0.635638 0.207621 0.634579 0.206787 0.635552 0.207427 0.634023 0.208958 0.633392 0.207621 0.634579 0.207427 0.634023 0.209784 0.634583 0.208958 0.633392 0.210484 0.634029 0.210227 0.635667 0.210484 0.634029 0.2111099 0.63556 0.210471 0.637089 0.210227 0.635667 0.2111099 0.63556 0.208691 0.637196 0.210471 0.637089 0.20894 0.63772 0.207414 0.637084 0.208691 0.637196 0.20894 0.63772 0.207168 0.635662 0.207414 0.637084 0.206787 0.635552 0.208593 0.635709 0.207168 0.635662 0.207621 0.634579 0.208593 0.635709 0.207621 0.634579 0.2087039 0.634133 0.208593 0.635709 0.2087039 0.634133 0.209784 0.634583 0.208593 0.635709 0.209784 0.634583 0.210227 0.635667 0.208593 0.635709 0.210227 0.635667 0.209775 0.636749 0.208593 0.635709 0.209775 0.636749 0.208691 0.637196 0.208593 0.635709 0.208691 0.637196 0.207611 0.636745 0.208593 0.635709 0.207611 0.636745 0.207168 0.635662 0.221014 0.634047 0.220766 0.635685 0.220374 0.635576 0.222545 0.633416 0.221219 0.634603 0.221014 0.634047 0.2233819 0.634607 0.222545 0.633416 0.22407 0.634052 0.223826 0.635691 0.22407 0.634052 0.2246969 0.635584 0.224058 0.637113 0.223826 0.635691 0.2246969 0.635584 0.22229 0.637219 0.224058 0.637113 0.222527 0.637744 0.221001 0.637107 0.22229 0.637219 0.222527 0.637744 0.220766 0.635685 0.221001 0.637107 0.220374 0.635576 0.2221969 0.635733 0.220766 0.635685 0.221219 0.634603 0.2221969 0.635733 0.221219 0.634603 0.222302 0.634157 0.2221969 0.635733 0.222302 0.634157 0.2233819 0.634607 0.2221969 0.635733 0.2233819 0.634607 0.223826 0.635691 0.2221969 0.635733 0.223826 0.635691 0.2233729 0.636773 0.2221969 0.635733 0.2233729 0.636773 0.22229 0.637219 0.2221969 0.635733 0.22229 0.637219 0.22121 0.636769 0.2221969 0.635733 0.22121 0.636769 0.220766 0.635685 0.181403 0.502336 0.180593 0.503421 0.181232 0.501896 0.182485 0.501891 0.181232 0.501896 0.182762 0.501266 0.1842859 0.501901 0.182485 0.501891 0.182762 0.501266 0.184911 0.503429 0.183564 0.50234 0.1842859 0.501901 0.184272 0.504954 0.184006 0.503421 0.184911 0.503429 0.1827419 0.505584 0.1835539 0.504501 0.184272 0.504954 0.181393 0.504497 0.1827419 0.505584 0.181219 0.504949 0.1809509 0.503416 0.181219 0.504949 0.180593 0.503421 0.182365 0.503416 0.1809509 0.503416 0.181403 0.502336 0.182365 0.503416 0.181403 0.502336 0.182485 0.501891 0.182365 0.503416 0.182485 0.501891 0.183564 0.50234 0.182365 0.503416 0.183564 0.50234 0.184006 0.503421 0.182365 0.503416 0.184006 0.503421 0.1835539 0.504501 0.182365 0.503416 0.1835539 0.504501 0.182472 0.504947 0.182365 0.503416 0.182472 0.504947 0.181393 0.504497 0.182365 0.503416 0.181393 0.504497 0.1809509 0.503416 0.194891 0.50236 0.194069 0.503445 0.194708 0.501919 0.195973 0.501914 0.194708 0.501919 0.196238 0.501289 0.197762 0.501924 0.195973 0.501914 0.196238 0.501289 0.197494 0.503445 0.197762 0.501924 0.198387 0.503452 0.197748 0.504978 0.197494 0.503445 0.198387 0.503452 0.196219 0.505607 0.197042 0.504524 0.197748 0.504978 0.1946949 0.504972 0.19596 0.50497 0.196219 0.505607 0.194069 0.503445 0.194881 0.504521 0.1946949 0.504972 0.195858 0.50344 0.194438 0.503439 0.194891 0.50236 0.195858 0.50344 0.194891 0.50236 0.195973 0.501914 0.195858 0.50344 0.195973 0.501914 0.197051 0.502364 0.195858 0.50344 0.197051 0.502364 0.197494 0.503445 0.195858 0.50344 0.197494 0.503445 0.197042 0.504524 0.195858 0.50344 0.197042 0.504524 0.19596 0.50497 0.195858 0.50344 0.19596 0.50497 0.194881 0.504521 0.195858 0.50344 0.194881 0.504521 0.194438 0.503439 0.2081879 0.502383 0.207355 0.503468 0.207994 0.501942 0.209271 0.501937 0.207994 0.501942 0.209524 0.501313 0.211048 0.501948 0.209271 0.501937 0.209524 0.501313 0.210792 0.503468 0.211048 0.501948 0.211673 0.503475 0.211035 0.505001 0.210792 0.503468 0.211673 0.503475 0.209505 0.50563 0.21034 0.504548 0.211035 0.505001 0.2081789 0.504544 0.209505 0.50563 0.207981 0.504995 0.207355 0.503468 0.2081789 0.504544 0.207981 0.504995 0.20916 0.503463 0.207736 0.503463 0.2081879 0.502383 0.20916 0.503463 0.2081879 0.502383 0.209271 0.501937 0.20916 0.503463 0.209271 0.501937 0.210349 0.502387 0.20916 0.503463 0.210349 0.502387 0.210792 0.503468 0.20916 0.503463 0.210792 0.503468 0.21034 0.504548 0.20916 0.503463 0.21034 0.504548 0.209257 0.504993 0.20916 0.503463 0.209257 0.504993 0.2081789 0.504544 0.20916 0.503463 0.2081789 0.504544 0.207736 0.503463 0.221565 0.501966 0.221319 0.503486 0.220926 0.503491 0.222853 0.501961 0.221565 0.501966 0.223094 0.501336 0.224618 0.501971 0.222853 0.501961 0.223094 0.501336 0.224375 0.503492 0.224618 0.501971 0.225244 0.503499 0.224606 0.505024 0.224375 0.503492 0.225244 0.503499 0.223076 0.505654 0.223923 0.504571 0.224606 0.505024 0.221762 0.504568 0.223076 0.505654 0.221552 0.505019 0.221319 0.503486 0.221552 0.505019 0.220926 0.503491 0.222748 0.503486 0.221319 0.503486 0.221771 0.502407 0.222748 0.503486 0.221771 0.502407 0.222853 0.501961 0.222748 0.503486 0.222853 0.501961 0.223932 0.502411 0.222748 0.503486 0.223932 0.502411 0.224375 0.503492 0.222748 0.503486 0.224375 0.503492 0.223923 0.504571 0.222748 0.503486 0.223923 0.504571 0.22284 0.505017 0.222748 0.503486 0.22284 0.505017 0.221762 0.504568 0.222748 0.503486 0.221762 0.504568 0.221319 0.503486 0.263797 0.634678 0.265077 0.635654 0.264241 0.635761 0.263797 0.634678 0.262924 0.633486 0.26445 0.634123 0.261634 0.634674 0.262924 0.633486 0.262717 0.634227 0.261634 0.634674 0.260754 0.635647 0.261393 0.634118 0.261181 0.635756 0.261381 0.637178 0.260754 0.635647 0.262705 0.63729 0.261381 0.637178 0.261625 0.63684 0.262705 0.63729 0.264438 0.637183 0.262907 0.637814 0.264241 0.635761 0.264438 0.637183 0.263789 0.636843 0.264241 0.635761 0.262626 0.635804 0.263797 0.634678 0.263797 0.634678 0.262626 0.635804 0.262717 0.634227 0.262717 0.634227 0.262626 0.635804 0.261634 0.634674 0.261634 0.634674 0.262626 0.635804 0.261181 0.635756 0.261181 0.635756 0.262626 0.635804 0.261625 0.63684 0.261625 0.63684 0.262626 0.635804 0.262705 0.63729 0.262705 0.63729 0.262626 0.635804 0.263789 0.636843 0.263789 0.636843 0.262626 0.635804 0.264241 0.635761 0.250294 0.634654 0.251585 0.635631 0.250737 0.635738 0.250294 0.634654 0.249432 0.633463 0.250958 0.634099 0.24813 0.63465 0.249432 0.633463 0.2492139 0.634204 0.247678 0.635732 0.247902 0.634094 0.24813 0.63465 0.247678 0.635732 0.247889 0.637154 0.247262 0.635623 0.249202 0.637267 0.247889 0.637154 0.248122 0.636816 0.249202 0.637267 0.250946 0.63716 0.249415 0.637791 0.250737 0.635738 0.250946 0.63716 0.250285 0.63682 0.250737 0.635738 0.249118 0.63578 0.250294 0.634654 0.250294 0.634654 0.249118 0.63578 0.2492139 0.634204 0.2492139 0.634204 0.249118 0.63578 0.24813 0.63465 0.24813 0.63465 0.249118 0.63578 0.247678 0.635732 0.247678 0.635732 0.249118 0.63578 0.248122 0.636816 0.248122 0.636816 0.249118 0.63578 0.249202 0.637267 0.249202 0.637267 0.249118 0.63578 0.250285 0.63682 0.250285 0.63682 0.249118 0.63578 0.250737 0.635738 0.236981 0.634631 0.238284 0.635607 0.237424 0.635714 0.236981 0.634631 0.236131 0.63344 0.237657 0.634076 0.234817 0.634627 0.236131 0.63344 0.2359009 0.63418 0.234365 0.635709 0.2346 0.634071 0.234817 0.634627 0.234365 0.635709 0.234588 0.637131 0.233961 0.6356 0.235888 0.637243 0.234588 0.637131 0.234809 0.636793 0.235888 0.637243 0.237645 0.637136 0.236114 0.637767 0.237424 0.635714 0.237645 0.637136 0.236972 0.636797 0.237424 0.635714 0.2358 0.635757 0.236981 0.634631 0.236981 0.634631 0.2358 0.635757 0.2359009 0.63418 0.2359009 0.63418 0.2358 0.635757 0.234817 0.634627 0.234817 0.634627 0.2358 0.635757 0.234365 0.635709 0.234365 0.635709 0.2358 0.635757 0.234809 0.636793 0.234809 0.636793 0.2358 0.635757 0.235888 0.637243 0.235888 0.637243 0.2358 0.635757 0.236972 0.636797 0.236972 0.636797 0.2358 0.635757 0.237424 0.635714 0.2643 0.502481 0.265578 0.503569 0.264743 0.503562 0.263221 0.502032 0.264951 0.502042 0.2643 0.502481 0.263221 0.502032 0.261898 0.502036 0.263427 0.501407 0.262139 0.502477 0.26126 0.503562 0.261898 0.502036 0.261687 0.503557 0.261886 0.50509 0.26126 0.503562 0.26213 0.504638 0.263411 0.505725 0.261886 0.50509 0.264291 0.504642 0.263411 0.505725 0.263209 0.505087 0.264743 0.503562 0.26494 0.505095 0.264291 0.504642 0.264743 0.503562 0.26313 0.503557 0.2643 0.502481 0.2643 0.502481 0.26313 0.503557 0.263221 0.502032 0.263221 0.502032 0.26313 0.503557 0.262139 0.502477 0.262139 0.502477 0.26313 0.503557 0.261687 0.503557 0.261687 0.503557 0.26313 0.503557 0.26213 0.504638 0.26213 0.504638 0.26313 0.503557 0.263209 0.505087 0.263209 0.505087 0.26313 0.503557 0.264291 0.504642 0.264291 0.504642 0.26313 0.503557 0.264743 0.503562 0.250812 0.502457 0.252102 0.503546 0.251255 0.503539 0.249733 0.502008 0.251475 0.502018 0.250812 0.502457 0.249733 0.502008 0.248422 0.502013 0.249951 0.501383 0.248199 0.503533 0.248422 0.502013 0.248651 0.502454 0.248199 0.503533 0.2484099 0.505066 0.247784 0.503538 0.248643 0.504614 0.249934 0.505701 0.2484099 0.505066 0.249721 0.505064 0.251463 0.505071 0.249934 0.505701 0.250803 0.504618 0.252102 0.503546 0.251463 0.505071 0.251255 0.503539 0.249638 0.503533 0.250812 0.502457 0.250812 0.502457 0.249638 0.503533 0.249733 0.502008 0.249733 0.502008 0.249638 0.503533 0.248651 0.502454 0.248651 0.502454 0.249638 0.503533 0.248199 0.503533 0.248199 0.503533 0.249638 0.503533 0.248643 0.504614 0.248643 0.504614 0.249638 0.503533 0.249721 0.505064 0.249721 0.505064 0.249638 0.503533 0.250803 0.504618 0.250803 0.504618 0.249638 0.503533 0.251255 0.503539 0.237514 0.502434 0.238815 0.503523 0.237957 0.503515 0.236436 0.501985 0.238189 0.501995 0.237514 0.502434 0.236436 0.501985 0.235136 0.50199 0.236665 0.50136 0.234901 0.50351 0.235136 0.50199 0.2353529 0.50243 0.234901 0.50351 0.2351239 0.505043 0.234497 0.503515 0.235345 0.504591 0.236648 0.505678 0.2351239 0.505043 0.237506 0.504595 0.236648 0.505678 0.236423 0.505041 0.237506 0.504595 0.238815 0.503523 0.238177 0.505048 0.237957 0.503515 0.236335 0.50351 0.237514 0.502434 0.237514 0.502434 0.236335 0.50351 0.236436 0.501985 0.236436 0.501985 0.236335 0.50351 0.2353529 0.50243 0.2353529 0.50243 0.236335 0.50351 0.234901 0.50351 0.234901 0.50351 0.236335 0.50351 0.235345 0.504591 0.235345 0.504591 0.236335 0.50351 0.236423 0.505041 0.236423 0.505041 0.236335 0.50351 0.237506 0.504595 0.237506 0.504595 0.236335 0.50351 0.237957 0.503515 0.597125 0.577709 0.58635 0.588237 0.597115 0.588255 0.602295 0.367921 0.592922 0.360038 0.591004 0.367902 0.602295 0.367921 0.588812 0.382341 0.599836 0.38236 0.597788 0.41023 0.5865 0.435625 0.59725 0.435644 0.599836 0.38236 0.586983 0.410211 0.597788 0.41023 0.597827 0.611446 0.587002 0.588914 0.597847 0.588933 0.604633 0.367476 0.591234 0.374892 0.593086 0.367456 0.591234 0.374892 0.600321 0.387847 0.589243 0.387828 0.587593 0.412755 0.597982 0.435851 0.587151 0.435832 0.589243 0.387828 0.598473 0.412774 0.587593 0.412755 0.586489 0.447279 0.587151 0.435832 0.58714 0.447216 0.597095 0.610699 0.597847 0.588933 0.597115 0.588255 0.597095 0.610699 0.58698 0.611427 0.597827 0.611446 0.591234 0.374892 0.592922 0.360038 0.593086 0.367456 0.592922 0.360038 0.604633 0.367476 0.593086 0.367456 0.604446 0.360058 0.602554 0.374912 0.604633 0.367476 0.589243 0.387828 0.591004 0.367902 0.591234 0.374892 0.602295 0.367921 0.600321 0.387847 0.602554 0.374912 0.5865 0.435625 0.587593 0.412755 0.587151 0.435832 0.598473 0.412774 0.59725 0.435644 0.597982 0.435851 0.587593 0.412755 0.588812 0.382341 0.589243 0.387828 0.599836 0.38236 0.598473 0.412774 0.600321 0.387847 0.586328 0.610681 0.597115 0.588255 0.58635 0.588237 0.587151 0.435832 0.597972 0.447235 0.58714 0.447216 0.587002 0.588914 0.586328 0.610681 0.58635 0.588237 0.597856 0.578355 0.597115 0.588255 0.597847 0.588933 0.597231 0.457289 0.586361 0.577691 0.597125 0.577709 0.587012 0.578336 0.58635 0.588237 0.586361 0.577691 0.60197 0.591817 0.594124 0.584235 0.601977 0.584248 0.597962 0.45779 0.597125 0.577709 0.597856 0.578355 0.58714 0.447216 0.586479 0.45727 0.586489 0.447279 0.602088 0.452794 0.594251 0.445229 0.602094 0.445243 0.59725 0.435644 0.586489 0.447279 0.59724 0.447297 0.597982 0.435851 0.59724 0.447297 0.597972 0.447235 0.59724 0.447297 0.586479 0.45727 0.597231 0.457289 0.597972 0.447235 0.597231 0.457289 0.597962 0.45779 0.58713 0.457771 0.586361 0.577691 0.586479 0.45727 0.597856 0.578355 0.58713 0.457771 0.597962 0.45779 0.597856 0.578355 0.588729 0.580058 0.587012 0.578336 0.588729 0.580058 0.587002 0.588914 0.587012 0.578336 0.588722 0.587197 0.597847 0.588933 0.587002 0.588914 0.59613 0.58721 0.597856 0.578355 0.597847 0.588933 0.597972 0.447235 0.588855 0.448935 0.58714 0.447216 0.588855 0.448935 0.58713 0.457771 0.58714 0.447216 0.588848 0.456058 0.597962 0.45779 0.58713 0.457771 0.597962 0.45779 0.596254 0.448948 0.597972 0.447235 0.641015 0.445311 0.602088 0.452794 0.602094 0.445243 0.601056 0.58359 0.588729 0.580058 0.596136 0.580071 0.60105 0.591091 0.596136 0.580071 0.59613 0.58721 0.593266 0.591078 0.59613 0.58721 0.588722 0.587197 0.593273 0.583576 0.588722 0.587197 0.588729 0.580058 0.639746 0.445894 0.602094 0.445243 0.601173 0.445827 0.601173 0.445827 0.588855 0.448935 0.596254 0.448948 0.601167 0.45331 0.596254 0.448948 0.596247 0.456071 0.593393 0.453297 0.596247 0.456071 0.588848 0.456058 0.5934 0.445813 0.588848 0.456058 0.588855 0.448935 0.593266 0.591078 0.601056 0.58359 0.593273 0.583576 0.601977 0.584248 0.593273 0.583576 0.601056 0.58359 0.640941 0.591885 0.639676 0.583657 0.639672 0.591159 0.594117 0.591804 0.60105 0.591091 0.593266 0.591078 0.588745 0.584111 0.58821 0.591192 0.588218 0.58368 0.593393 0.453297 0.601173 0.445827 0.5934 0.445813 0.602094 0.445243 0.5934 0.445813 0.601173 0.445827 0.641011 0.452861 0.639746 0.445894 0.639742 0.453377 0.594244 0.45278 0.601167 0.45331 0.593393 0.453297 0.588878 0.445321 0.588343 0.453199 0.588351 0.445705 0.639672 0.591159 0.601056 0.58359 0.60105 0.591091 0.640941 0.591885 0.60105 0.591091 0.60197 0.591817 0.640945 0.584316 0.60197 0.591817 0.601977 0.584248 0.639676 0.583657 0.601977 0.584248 0.601056 0.58359 0.639742 0.453377 0.601173 0.445827 0.601167 0.45331 0.641011 0.452861 0.601167 0.45331 0.602088 0.452794 0.589876 0.58357 0.593266 0.591078 0.593273 0.583576 0.590696 0.584229 0.593273 0.583576 0.594124 0.584235 0.590689 0.591798 0.594124 0.584235 0.594117 0.591804 0.589869 0.591072 0.594117 0.591804 0.593266 0.591078 0.590007 0.445807 0.593393 0.453297 0.5934 0.445813 0.590827 0.445223 0.5934 0.445813 0.594251 0.445229 0.59082 0.452774 0.594251 0.445229 0.594244 0.45278 0.59 0.453291 0.594244 0.45278 0.593393 0.453297 0.588218 0.58368 0.589869 0.591072 0.589876 0.58357 0.588745 0.584111 0.589876 0.58357 0.590696 0.584229 0.588738 0.591669 0.590696 0.584229 0.590689 0.591798 0.58821 0.591192 0.590689 0.591798 0.589869 0.591072 0.588351 0.445705 0.59 0.453291 0.590007 0.445807 0.588878 0.445321 0.590007 0.445807 0.590827 0.445223 0.588871 0.45286 0.590827 0.445223 0.59082 0.452774 0.588343 0.453199 0.59082 0.452774 0.59 0.453291 0.666682 0.577831 0.677444 0.588396 0.677446 0.57785 0.675255 0.368048 0.690445 0.360208 0.678921 0.360188 0.675255 0.368048 0.682096 0.382504 0.686545 0.368068 0.667608 0.410352 0.677472 0.435784 0.678412 0.410371 0.671073 0.382485 0.678412 0.410371 0.682096 0.382504 0.667924 0.611569 0.678775 0.589074 0.678772 0.611588 0.679249 0.367606 0.687028 0.375059 0.675707 0.375039 0.687028 0.375059 0.671908 0.387972 0.675707 0.375039 0.679662 0.412916 0.667971 0.435973 0.668782 0.412897 0.682985 0.387991 0.668782 0.412897 0.671908 0.387972 0.678802 0.435992 0.67747 0.447437 0.6788 0.447376 0.666673 0.610821 0.66793 0.589056 0.667924 0.611569 0.666673 0.610821 0.678772 0.611588 0.67744 0.61084 0.690445 0.360208 0.687028 0.375059 0.690795 0.367626 0.690445 0.360208 0.679249 0.367606 0.678921 0.360188 0.678921 0.360188 0.675707 0.375039 0.675255 0.368048 0.686545 0.368068 0.682985 0.387991 0.687028 0.375059 0.675255 0.368048 0.671908 0.387972 0.671073 0.382485 0.677472 0.435784 0.679662 0.412916 0.678412 0.410371 0.666722 0.435765 0.668782 0.412897 0.667971 0.435973 0.682096 0.382504 0.679662 0.412916 0.682985 0.387991 0.671073 0.382485 0.668782 0.412897 0.667608 0.410352 0.67744 0.61084 0.666679 0.588377 0.666673 0.610821 0.678802 0.435992 0.667968 0.447357 0.667971 0.435973 0.67744 0.61084 0.678775 0.589074 0.677444 0.588396 0.667933 0.578477 0.666679 0.588377 0.666682 0.577831 0.666716 0.45741 0.677446 0.57785 0.677468 0.457429 0.677444 0.588396 0.678777 0.578496 0.677446 0.57785 0.679912 0.591954 0.687766 0.584398 0.687765 0.591967 0.667965 0.457912 0.666682 0.577831 0.666716 0.45741 0.677468 0.457429 0.6788 0.447376 0.67747 0.447437 0.679934 0.452929 0.687779 0.445392 0.687778 0.452943 0.666722 0.435765 0.67747 0.447437 0.677472 0.435784 0.667971 0.435973 0.666718 0.447419 0.666722 0.435765 0.666718 0.447419 0.677468 0.457429 0.67747 0.447437 0.667968 0.447357 0.666716 0.45741 0.666718 0.447419 0.677446 0.57785 0.678798 0.457931 0.677468 0.457429 0.667933 0.578477 0.678798 0.457931 0.678777 0.578496 0.677059 0.580212 0.667933 0.578477 0.678777 0.578496 0.677059 0.580212 0.678775 0.589074 0.677057 0.587352 0.677057 0.587352 0.66793 0.589056 0.669649 0.587339 0.669649 0.587339 0.667933 0.578477 0.669651 0.580199 0.677083 0.449089 0.667968 0.447357 0.6788 0.447376 0.677083 0.449089 0.678798 0.457931 0.677082 0.456212 0.677082 0.456212 0.667965 0.457912 0.669682 0.456199 0.669684 0.449076 0.667965 0.457912 0.667968 0.447357 0.641015 0.445311 0.679934 0.452929 0.641011 0.452861 0.678295 0.583725 0.677059 0.580212 0.686078 0.583738 0.678294 0.591226 0.669651 0.580199 0.678295 0.583725 0.686077 0.59124 0.669649 0.587339 0.678294 0.591226 0.686078 0.583738 0.677057 0.587352 0.686077 0.59124 0.639746 0.445894 0.679936 0.445379 0.641015 0.445311 0.678319 0.445961 0.677083 0.449089 0.686093 0.445975 0.678318 0.453445 0.669684 0.449076 0.678319 0.445961 0.686092 0.453458 0.669682 0.456199 0.678318 0.453445 0.686093 0.445975 0.677082 0.456212 0.686092 0.453458 0.686077 0.59124 0.678295 0.583725 0.678294 0.591226 0.679913 0.584385 0.686078 0.583738 0.687766 0.584398 0.687765 0.591967 0.678294 0.591226 0.679912 0.591954 0.692705 0.584293 0.691567 0.591373 0.692705 0.59185 0.686092 0.453458 0.678319 0.445961 0.678318 0.453445 0.679936 0.445379 0.686093 0.445975 0.687779 0.445392 0.687778 0.452943 0.678318 0.453445 0.679934 0.452929 0.692712 0.445502 0.691575 0.453379 0.692712 0.453041 0.639672 0.591159 0.678295 0.583725 0.639676 0.583657 0.640941 0.591885 0.678294 0.591226 0.639672 0.591159 0.640945 0.584316 0.679912 0.591954 0.640941 0.591885 0.639676 0.583657 0.679913 0.584385 0.640945 0.584316 0.639742 0.453377 0.678319 0.445961 0.639746 0.445894 0.641011 0.452861 0.678318 0.453445 0.639742 0.453377 0.689475 0.583744 0.686077 0.59124 0.689475 0.591246 0.691194 0.584404 0.686078 0.583738 0.689475 0.583744 0.691194 0.591973 0.687766 0.584398 0.691194 0.584404 0.689475 0.591246 0.687765 0.591967 0.691194 0.591973 0.689486 0.445981 0.686092 0.453458 0.689485 0.453464 0.691203 0.445398 0.686093 0.445975 0.689486 0.445981 0.691202 0.452949 0.687779 0.445392 0.691203 0.445398 0.689485 0.453464 0.687778 0.452943 0.691202 0.452949 0.691567 0.58386 0.689475 0.591246 0.691567 0.591373 0.692705 0.584293 0.689475 0.583744 0.691567 0.58386 0.692705 0.59185 0.691194 0.584404 0.692705 0.584293 0.691567 0.591373 0.691194 0.591973 0.692705 0.59185 0.691575 0.445885 0.689485 0.453464 0.691575 0.453379 0.692712 0.445502 0.689486 0.445981 0.691575 0.445885 0.692712 0.453041 0.691203 0.445398 0.692712 0.445502 0.691575 0.453379 0.691202 0.452949 0.692712 0.453041 0.688495 0.36688 0.68014 0.620129 0.68018 0.366865 0.68018 0.366865 0.686492 0.363785 0.688495 0.36688 0.687651 0.619668 0.679395 0.367488 0.679354 0.619654 0.68568 0.364421 0.679395 0.367488 0.687675 0.367502 0.68018 0.366865 0.679354 0.619654 0.679395 0.367488 0.688474 0.620144 0.687675 0.367502 0.687651 0.619668 0.68014 0.620129 0.687651 0.619668 0.679354 0.619654 0.682185 0.363777 0.679395 0.367488 0.681391 0.364413 0.686492 0.363785 0.681391 0.364413 0.68568 0.364421 0.688495 0.36688 0.68568 0.364421 0.687675 0.367502 0.674313 0.421524 0.665938 0.620104 0.665994 0.421509 0.6680001 0.418419 0.674313 0.421524 0.665994 0.421509 0.673511 0.619644 0.665271 0.421895 0.665213 0.619629 0.673554 0.42191 0.667268 0.418818 0.665271 0.421895 0.665994 0.421509 0.665213 0.619629 0.665271 0.421895 0.674272 0.620119 0.673554 0.42191 0.673511 0.619644 0.665938 0.620104 0.673511 0.619644 0.665213 0.619629 0.6680001 0.418419 0.665271 0.421895 0.667268 0.418818 0.672309 0.418426 0.667268 0.418818 0.671558 0.418826 0.674313 0.421524 0.671558 0.418826 0.673554 0.42191 0.660136 0.421499 0.651736 0.62008 0.651817 0.421484 0.653823 0.418394 0.660136 0.421499 0.651817 0.421484 0.659371 0.619619 0.651155 0.421871 0.651073 0.619604 0.657443 0.418801 0.651155 0.421871 0.659438 0.421885 0.651817 0.421484 0.651073 0.619604 0.651155 0.421871 0.66007 0.620094 0.659438 0.421885 0.659371 0.619619 0.651736 0.62008 0.659371 0.619619 0.651073 0.619604 0.653823 0.418394 0.651155 0.421871 0.653152 0.418793 0.658132 0.418401 0.653152 0.418793 0.657443 0.418801 0.660136 0.421499 0.657443 0.418801 0.659438 0.421885 0.645959 0.421474 0.637534 0.620055 0.63764 0.42146 0.639646 0.418369 0.645959 0.421474 0.63764 0.42146 0.64523 0.619594 0.637039 0.421846 0.636933 0.61958 0.643327 0.418776 0.637039 0.421846 0.645322 0.42186 0.63764 0.42146 0.636933 0.61958 0.637039 0.421846 0.645868 0.620069 0.645322 0.42186 0.64523 0.619594 0.637534 0.620055 0.64523 0.619594 0.636933 0.61958 0.639646 0.418369 0.637039 0.421846 0.639037 0.418769 0.643955 0.418377 0.639037 0.418769 0.643327 0.418776 0.645959 0.421474 0.643327 0.418776 0.645322 0.42186 0.594848 0.366716 0.602952 0.619994 0.594618 0.61998 0.596855 0.363629 0.603163 0.366731 0.594848 0.366716 0.594203 0.619505 0.602712 0.367354 0.594433 0.36734 0.596431 0.364265 0.602712 0.367354 0.60072 0.364273 0.603163 0.366731 0.602501 0.61952 0.602952 0.619994 0.594618 0.61998 0.594433 0.36734 0.594848 0.366716 0.602952 0.619994 0.594203 0.619505 0.594618 0.61998 0.601162 0.363636 0.602712 0.367354 0.603163 0.366731 0.596855 0.363629 0.60072 0.364273 0.601162 0.363636 0.594848 0.366716 0.596431 0.364265 0.596855 0.363629 0.608976 0.42141 0.617154 0.620019 0.60882 0.620005 0.615292 0.418327 0.608976 0.42141 0.610983 0.418319 0.608344 0.61953 0.616782 0.421811 0.608499 0.421796 0.614788 0.418727 0.608499 0.421796 0.616782 0.421811 0.617295 0.421424 0.616641 0.619544 0.617154 0.620019 0.60882 0.620005 0.608499 0.421796 0.608976 0.42141 0.617154 0.620019 0.608344 0.61953 0.60882 0.620005 0.615292 0.418327 0.616782 0.421811 0.617295 0.421424 0.610983 0.418319 0.614788 0.418727 0.615292 0.418327 0.608976 0.42141 0.610498 0.418719 0.610983 0.418319 0.623153 0.421434 0.631356 0.620044 0.623022 0.620029 0.629469 0.418351 0.623153 0.421434 0.62516 0.418344 0.622484 0.619554 0.630898 0.421835 0.622615 0.421821 0.624613 0.418744 0.630898 0.421835 0.628904 0.418751 0.631472 0.421449 0.630781 0.619569 0.631356 0.620044 0.623022 0.620029 0.622615 0.421821 0.623153 0.421434 0.631356 0.620044 0.622484 0.619554 0.623022 0.620029 0.629469 0.418351 0.630898 0.421835 0.631472 0.421449 0.62516 0.418344 0.628904 0.418751 0.629469 0.418351 0.623153 0.421434 0.624613 0.418744 0.62516 0.418344 0.180804 0.634533 0.180351 0.635615 0.179994 0.635505 0.182165 0.633345 0.181888 0.634086 0.180804 0.634533 0.182968 0.634536 0.181888 0.634086 0.182165 0.633345 0.1843169 0.635513 0.183411 0.63562 0.182968 0.634536 0.183677 0.637042 0.182958 0.636702 0.183411 0.63562 0.181874 0.637149 0.182958 0.636702 0.183677 0.637042 0.18062 0.637037 0.180795 0.636698 0.181874 0.637149 0.180351 0.635615 0.180795 0.636698 0.18062 0.637037 0.194308 0.634556 0.193855 0.635638 0.193486 0.635529 0.195657 0.633369 0.1953909 0.63411 0.194308 0.634556 0.196471 0.63456 0.1953909 0.63411 0.195657 0.633369 0.196914 0.635644 0.196471 0.63456 0.1971819 0.634005 0.197169 0.637066 0.196461 0.636726 0.196914 0.635644 0.195378 0.637172 0.196461 0.636726 0.197169 0.637066 0.194112 0.63706 0.194298 0.636722 0.195378 0.637172 0.193855 0.635638 0.194298 0.636722 0.194112 0.63706 0.207621 0.634579 0.207168 0.635662 0.206787 0.635552 0.208958 0.633392 0.2087039 0.634133 0.207621 0.634579 0.209784 0.634583 0.2087039 0.634133 0.208958 0.633392 0.210227 0.635667 0.209784 0.634583 0.210484 0.634029 0.210471 0.637089 0.209775 0.636749 0.210227 0.635667 0.208691 0.637196 0.209775 0.636749 0.210471 0.637089 0.207414 0.637084 0.207611 0.636745 0.208691 0.637196 0.207168 0.635662 0.207611 0.636745 0.207414 0.637084 0.221014 0.634047 0.221219 0.634603 0.220766 0.635685 0.222545 0.633416 0.222302 0.634157 0.221219 0.634603 0.2233819 0.634607 0.222302 0.634157 0.222545 0.633416 0.223826 0.635691 0.2233819 0.634607 0.22407 0.634052 0.224058 0.637113 0.2233729 0.636773 0.223826 0.635691 0.22229 0.637219 0.2233729 0.636773 0.224058 0.637113 0.221001 0.637107 0.22121 0.636769 0.22229 0.637219 0.220766 0.635685 0.22121 0.636769 0.221001 0.637107 0.181403 0.502336 0.1809509 0.503416 0.180593 0.503421 0.182485 0.501891 0.181403 0.502336 0.181232 0.501896 0.1842859 0.501901 0.183564 0.50234 0.182485 0.501891 0.184911 0.503429 0.184006 0.503421 0.183564 0.50234 0.184272 0.504954 0.1835539 0.504501 0.184006 0.503421 0.1827419 0.505584 0.182472 0.504947 0.1835539 0.504501 0.181393 0.504497 0.182472 0.504947 0.1827419 0.505584 0.1809509 0.503416 0.181393 0.504497 0.181219 0.504949 0.194891 0.50236 0.194438 0.503439 0.194069 0.503445 0.195973 0.501914 0.194891 0.50236 0.194708 0.501919 0.197762 0.501924 0.197051 0.502364 0.195973 0.501914 0.197494 0.503445 0.197051 0.502364 0.197762 0.501924 0.197748 0.504978 0.197042 0.504524 0.197494 0.503445 0.196219 0.505607 0.19596 0.50497 0.197042 0.504524 0.1946949 0.504972 0.194881 0.504521 0.19596 0.50497 0.194069 0.503445 0.194438 0.503439 0.194881 0.504521 0.2081879 0.502383 0.207736 0.503463 0.207355 0.503468 0.209271 0.501937 0.2081879 0.502383 0.207994 0.501942 0.211048 0.501948 0.210349 0.502387 0.209271 0.501937 0.210792 0.503468 0.210349 0.502387 0.211048 0.501948 0.211035 0.505001 0.21034 0.504548 0.210792 0.503468 0.209505 0.50563 0.209257 0.504993 0.21034 0.504548 0.2081789 0.504544 0.209257 0.504993 0.209505 0.50563 0.207355 0.503468 0.207736 0.503463 0.2081789 0.504544 0.221565 0.501966 0.221771 0.502407 0.221319 0.503486 0.222853 0.501961 0.221771 0.502407 0.221565 0.501966 0.224618 0.501971 0.223932 0.502411 0.222853 0.501961 0.224375 0.503492 0.223932 0.502411 0.224618 0.501971 0.224606 0.505024 0.223923 0.504571 0.224375 0.503492 0.223076 0.505654 0.22284 0.505017 0.223923 0.504571 0.221762 0.504568 0.22284 0.505017 0.223076 0.505654 0.221319 0.503486 0.221762 0.504568 0.221552 0.505019 0.263797 0.634678 0.26445 0.634123 0.265077 0.635654 0.263797 0.634678 0.262717 0.634227 0.262924 0.633486 0.261634 0.634674 0.261393 0.634118 0.262924 0.633486 0.261634 0.634674 0.261181 0.635756 0.260754 0.635647 0.261181 0.635756 0.261625 0.63684 0.261381 0.637178 0.262705 0.63729 0.262907 0.637814 0.261381 0.637178 0.262705 0.63729 0.263789 0.636843 0.264438 0.637183 0.264241 0.635761 0.265077 0.635654 0.264438 0.637183 0.250294 0.634654 0.250958 0.634099 0.251585 0.635631 0.250294 0.634654 0.2492139 0.634204 0.249432 0.633463 0.24813 0.63465 0.247902 0.634094 0.249432 0.633463 0.247678 0.635732 0.247262 0.635623 0.247902 0.634094 0.247678 0.635732 0.248122 0.636816 0.247889 0.637154 0.249202 0.637267 0.249415 0.637791 0.247889 0.637154 0.249202 0.637267 0.250285 0.63682 0.250946 0.63716 0.250737 0.635738 0.251585 0.635631 0.250946 0.63716 0.236981 0.634631 0.237657 0.634076 0.238284 0.635607 0.236981 0.634631 0.2359009 0.63418 0.236131 0.63344 0.234817 0.634627 0.2346 0.634071 0.236131 0.63344 0.234365 0.635709 0.233961 0.6356 0.2346 0.634071 0.234365 0.635709 0.234809 0.636793 0.234588 0.637131 0.235888 0.637243 0.236114 0.637767 0.234588 0.637131 0.235888 0.637243 0.236972 0.636797 0.237645 0.637136 0.237424 0.635714 0.238284 0.635607 0.237645 0.637136 0.2643 0.502481 0.264951 0.502042 0.265578 0.503569 0.263221 0.502032 0.263427 0.501407 0.264951 0.502042 0.263221 0.502032 0.262139 0.502477 0.261898 0.502036 0.262139 0.502477 0.261687 0.503557 0.26126 0.503562 0.261687 0.503557 0.26213 0.504638 0.261886 0.50509 0.26213 0.504638 0.263209 0.505087 0.263411 0.505725 0.264291 0.504642 0.26494 0.505095 0.263411 0.505725 0.264743 0.503562 0.265578 0.503569 0.26494 0.505095 0.250812 0.502457 0.251475 0.502018 0.252102 0.503546 0.249733 0.502008 0.249951 0.501383 0.251475 0.502018 0.249733 0.502008 0.248651 0.502454 0.248422 0.502013 0.248199 0.503533 0.247784 0.503538 0.248422 0.502013 0.248199 0.503533 0.248643 0.504614 0.2484099 0.505066 0.248643 0.504614 0.249721 0.505064 0.249934 0.505701 0.249721 0.505064 0.250803 0.504618 0.251463 0.505071 0.250803 0.504618 0.251255 0.503539 0.252102 0.503546 0.237514 0.502434 0.238189 0.501995 0.238815 0.503523 0.236436 0.501985 0.236665 0.50136 0.238189 0.501995 0.236436 0.501985 0.2353529 0.50243 0.235136 0.50199 0.234901 0.50351 0.234497 0.503515 0.235136 0.50199 0.234901 0.50351 0.235345 0.504591 0.2351239 0.505043 0.235345 0.504591 0.236423 0.505041 0.236648 0.505678 0.237506 0.504595 0.238177 0.505048 0.236648 0.505678 0.237506 0.504595 0.237957 0.503515 0.238815 0.503523 0.597125 0.577709 0.586361 0.577691 0.58635 0.588237 0.602295 0.367921 0.604446 0.360058 0.592922 0.360038 0.602295 0.367921 0.591004 0.367902 0.588812 0.382341 0.597788 0.41023 0.586983 0.410211 0.5865 0.435625 0.599836 0.38236 0.588812 0.382341 0.586983 0.410211 0.597827 0.611446 0.58698 0.611427 0.587002 0.588914 0.604633 0.367476 0.602554 0.374912 0.591234 0.374892 0.591234 0.374892 0.602554 0.374912 0.600321 0.387847 0.587593 0.412755 0.598473 0.412774 0.597982 0.435851 0.589243 0.387828 0.600321 0.387847 0.598473 0.412774 0.586489 0.447279 0.5865 0.435625 0.587151 0.435832 0.597095 0.610699 0.597827 0.611446 0.597847 0.588933 0.597095 0.610699 0.586328 0.610681 0.58698 0.611427 0.591234 0.374892 0.591004 0.367902 0.592922 0.360038 0.592922 0.360038 0.604446 0.360058 0.604633 0.367476 0.604446 0.360058 0.602295 0.367921 0.602554 0.374912 0.589243 0.387828 0.588812 0.382341 0.591004 0.367902 0.602295 0.367921 0.599836 0.38236 0.600321 0.387847 0.5865 0.435625 0.586983 0.410211 0.587593 0.412755 0.598473 0.412774 0.597788 0.41023 0.59725 0.435644 0.587593 0.412755 0.586983 0.410211 0.588812 0.382341 0.599836 0.38236 0.597788 0.41023 0.598473 0.412774 0.586328 0.610681 0.597095 0.610699 0.597115 0.588255 0.587151 0.435832 0.597982 0.435851 0.597972 0.447235 0.587002 0.588914 0.58698 0.611427 0.586328 0.610681 0.597856 0.578355 0.597125 0.577709 0.597115 0.588255 0.597231 0.457289 0.586479 0.45727 0.586361 0.577691 0.587012 0.578336 0.587002 0.588914 0.58635 0.588237 0.60197 0.591817 0.594117 0.591804 0.594124 0.584235 0.597962 0.45779 0.597231 0.457289 0.597125 0.577709 0.58714 0.447216 0.58713 0.457771 0.586479 0.45727 0.602088 0.452794 0.594244 0.45278 0.594251 0.445229 0.59725 0.435644 0.5865 0.435625 0.586489 0.447279 0.597982 0.435851 0.59725 0.435644 0.59724 0.447297 0.59724 0.447297 0.586489 0.447279 0.586479 0.45727 0.597972 0.447235 0.59724 0.447297 0.597231 0.457289 0.58713 0.457771 0.587012 0.578336 0.586361 0.577691 0.597856 0.578355 0.587012 0.578336 0.58713 0.457771 0.597856 0.578355 0.596136 0.580071 0.588729 0.580058 0.588729 0.580058 0.588722 0.587197 0.587002 0.588914 0.588722 0.587197 0.59613 0.58721 0.597847 0.588933 0.59613 0.58721 0.596136 0.580071 0.597856 0.578355 0.597972 0.447235 0.596254 0.448948 0.588855 0.448935 0.588855 0.448935 0.588848 0.456058 0.58713 0.457771 0.588848 0.456058 0.596247 0.456071 0.597962 0.45779 0.597962 0.45779 0.596247 0.456071 0.596254 0.448948 0.641015 0.445311 0.641011 0.452861 0.602088 0.452794 0.601056 0.58359 0.593273 0.583576 0.588729 0.580058 0.60105 0.591091 0.601056 0.58359 0.596136 0.580071 0.593266 0.591078 0.60105 0.591091 0.59613 0.58721 0.593273 0.583576 0.593266 0.591078 0.588722 0.587197 0.639746 0.445894 0.641015 0.445311 0.602094 0.445243 0.601173 0.445827 0.5934 0.445813 0.588855 0.448935 0.601167 0.45331 0.601173 0.445827 0.596254 0.448948 0.593393 0.453297 0.601167 0.45331 0.596247 0.456071 0.5934 0.445813 0.593393 0.453297 0.588848 0.456058 0.593266 0.591078 0.60105 0.591091 0.601056 0.58359 0.601977 0.584248 0.594124 0.584235 0.593273 0.583576 0.640941 0.591885 0.640945 0.584316 0.639676 0.583657 0.594117 0.591804 0.60197 0.591817 0.60105 0.591091 0.588745 0.584111 0.588738 0.591669 0.58821 0.591192 0.593393 0.453297 0.601167 0.45331 0.601173 0.445827 0.602094 0.445243 0.594251 0.445229 0.5934 0.445813 0.641011 0.452861 0.641015 0.445311 0.639746 0.445894 0.594244 0.45278 0.602088 0.452794 0.601167 0.45331 0.588878 0.445321 0.588871 0.45286 0.588343 0.453199 0.639672 0.591159 0.639676 0.583657 0.601056 0.58359 0.640941 0.591885 0.639672 0.591159 0.60105 0.591091 0.640945 0.584316 0.640941 0.591885 0.60197 0.591817 0.639676 0.583657 0.640945 0.584316 0.601977 0.584248 0.639742 0.453377 0.639746 0.445894 0.601173 0.445827 0.641011 0.452861 0.639742 0.453377 0.601167 0.45331 0.589876 0.58357 0.589869 0.591072 0.593266 0.591078 0.590696 0.584229 0.589876 0.58357 0.593273 0.583576 0.590689 0.591798 0.590696 0.584229 0.594124 0.584235 0.589869 0.591072 0.590689 0.591798 0.594117 0.591804 0.590007 0.445807 0.59 0.453291 0.593393 0.453297 0.590827 0.445223 0.590007 0.445807 0.5934 0.445813 0.59082 0.452774 0.590827 0.445223 0.594251 0.445229 0.59 0.453291 0.59082 0.452774 0.594244 0.45278 0.588218 0.58368 0.58821 0.591192 0.589869 0.591072 0.588745 0.584111 0.588218 0.58368 0.589876 0.58357 0.588738 0.591669 0.588745 0.584111 0.590696 0.584229 0.58821 0.591192 0.588738 0.591669 0.590689 0.591798 0.588351 0.445705 0.588343 0.453199 0.59 0.453291 0.588878 0.445321 0.588351 0.445705 0.590007 0.445807 0.588871 0.45286 0.588878 0.445321 0.590827 0.445223 0.588343 0.453199 0.588871 0.45286 0.59082 0.452774 0.666682 0.577831 0.666679 0.588377 0.677444 0.588396 0.675255 0.368048 0.686545 0.368068 0.690445 0.360208 0.675255 0.368048 0.671073 0.382485 0.682096 0.382504 0.667608 0.410352 0.666722 0.435765 0.677472 0.435784 0.671073 0.382485 0.667608 0.410352 0.678412 0.410371 0.667924 0.611569 0.66793 0.589056 0.678775 0.589074 0.679249 0.367606 0.690795 0.367626 0.687028 0.375059 0.687028 0.375059 0.682985 0.387991 0.671908 0.387972 0.679662 0.412916 0.678802 0.435992 0.667971 0.435973 0.682985 0.387991 0.679662 0.412916 0.668782 0.412897 0.678802 0.435992 0.677472 0.435784 0.67747 0.447437 0.666673 0.610821 0.666679 0.588377 0.66793 0.589056 0.666673 0.610821 0.667924 0.611569 0.678772 0.611588 0.690445 0.360208 0.686545 0.368068 0.687028 0.375059 0.690445 0.360208 0.690795 0.367626 0.679249 0.367606 0.678921 0.360188 0.679249 0.367606 0.675707 0.375039 0.686545 0.368068 0.682096 0.382504 0.682985 0.387991 0.675255 0.368048 0.675707 0.375039 0.671908 0.387972 0.677472 0.435784 0.678802 0.435992 0.679662 0.412916 0.666722 0.435765 0.667608 0.410352 0.668782 0.412897 0.682096 0.382504 0.678412 0.410371 0.679662 0.412916 0.671073 0.382485 0.671908 0.387972 0.668782 0.412897 0.67744 0.61084 0.677444 0.588396 0.666679 0.588377 0.678802 0.435992 0.6788 0.447376 0.667968 0.447357 0.67744 0.61084 0.678772 0.611588 0.678775 0.589074 0.667933 0.578477 0.66793 0.589056 0.666679 0.588377 0.666716 0.45741 0.666682 0.577831 0.677446 0.57785 0.677444 0.588396 0.678775 0.589074 0.678777 0.578496 0.679912 0.591954 0.679913 0.584385 0.687766 0.584398 0.667965 0.457912 0.667933 0.578477 0.666682 0.577831 0.677468 0.457429 0.678798 0.457931 0.6788 0.447376 0.679934 0.452929 0.679936 0.445379 0.687779 0.445392 0.666722 0.435765 0.666718 0.447419 0.67747 0.447437 0.667971 0.435973 0.667968 0.447357 0.666718 0.447419 0.666718 0.447419 0.666716 0.45741 0.677468 0.457429 0.667968 0.447357 0.667965 0.457912 0.666716 0.45741 0.677446 0.57785 0.678777 0.578496 0.678798 0.457931 0.667933 0.578477 0.667965 0.457912 0.678798 0.457931 0.677059 0.580212 0.669651 0.580199 0.667933 0.578477 0.677059 0.580212 0.678777 0.578496 0.678775 0.589074 0.677057 0.587352 0.678775 0.589074 0.66793 0.589056 0.669649 0.587339 0.66793 0.589056 0.667933 0.578477 0.677083 0.449089 0.669684 0.449076 0.667968 0.447357 0.677083 0.449089 0.6788 0.447376 0.678798 0.457931 0.677082 0.456212 0.678798 0.457931 0.667965 0.457912 0.669684 0.449076 0.669682 0.456199 0.667965 0.457912 0.641015 0.445311 0.679936 0.445379 0.679934 0.452929 0.678295 0.583725 0.669651 0.580199 0.677059 0.580212 0.678294 0.591226 0.669649 0.587339 0.669651 0.580199 0.686077 0.59124 0.677057 0.587352 0.669649 0.587339 0.686078 0.583738 0.677059 0.580212 0.677057 0.587352 0.639746 0.445894 0.678319 0.445961 0.679936 0.445379 0.678319 0.445961 0.669684 0.449076 0.677083 0.449089 0.678318 0.453445 0.669682 0.456199 0.669684 0.449076 0.686092 0.453458 0.677082 0.456212 0.669682 0.456199 0.686093 0.445975 0.677083 0.449089 0.677082 0.456212 0.686077 0.59124 0.686078 0.583738 0.678295 0.583725 0.679913 0.584385 0.678295 0.583725 0.686078 0.583738 0.687765 0.591967 0.686077 0.59124 0.678294 0.591226 0.692705 0.584293 0.691567 0.58386 0.691567 0.591373 0.686092 0.453458 0.686093 0.445975 0.678319 0.445961 0.679936 0.445379 0.678319 0.445961 0.686093 0.445975 0.687778 0.452943 0.686092 0.453458 0.678318 0.453445 0.692712 0.445502 0.691575 0.445885 0.691575 0.453379 0.639672 0.591159 0.678294 0.591226 0.678295 0.583725 0.640941 0.591885 0.679912 0.591954 0.678294 0.591226 0.640945 0.584316 0.679913 0.584385 0.679912 0.591954 0.639676 0.583657 0.678295 0.583725 0.679913 0.584385 0.639742 0.453377 0.678318 0.453445 0.678319 0.445961 0.641011 0.452861 0.679934 0.452929 0.678318 0.453445 0.689475 0.583744 0.686078 0.583738 0.686077 0.59124 0.691194 0.584404 0.687766 0.584398 0.686078 0.583738 0.691194 0.591973 0.687765 0.591967 0.687766 0.584398 0.689475 0.591246 0.686077 0.59124 0.687765 0.591967 0.689486 0.445981 0.686093 0.445975 0.686092 0.453458 0.691203 0.445398 0.687779 0.445392 0.686093 0.445975 0.691202 0.452949 0.687778 0.452943 0.687779 0.445392 0.689485 0.453464 0.686092 0.453458 0.687778 0.452943 0.691567 0.58386 0.689475 0.583744 0.689475 0.591246 0.692705 0.584293 0.691194 0.584404 0.689475 0.583744 0.692705 0.59185 0.691194 0.591973 0.691194 0.584404 0.691567 0.591373 0.689475 0.591246 0.691194 0.591973 0.691575 0.445885 0.689486 0.445981 0.689485 0.453464 0.692712 0.445502 0.691203 0.445398 0.689486 0.445981 0.692712 0.453041 0.691202 0.452949 0.691203 0.445398 0.691575 0.453379 0.689485 0.453464 0.691202 0.452949 0.688495 0.36688 0.688474 0.620144 0.68014 0.620129 0.68018 0.366865 0.682185 0.363777 0.686492 0.363785 0.687651 0.619668 0.687675 0.367502 0.679395 0.367488 0.68568 0.364421 0.681391 0.364413 0.679395 0.367488 0.68018 0.366865 0.68014 0.620129 0.679354 0.619654 0.688474 0.620144 0.688495 0.36688 0.687675 0.367502 0.68014 0.620129 0.688474 0.620144 0.687651 0.619668 0.682185 0.363777 0.68018 0.366865 0.679395 0.367488 0.686492 0.363785 0.682185 0.363777 0.681391 0.364413 0.688495 0.36688 0.686492 0.363785 0.68568 0.364421 0.674313 0.421524 0.674272 0.620119 0.665938 0.620104 0.6680001 0.418419 0.672309 0.418426 0.674313 0.421524 0.673511 0.619644 0.673554 0.42191 0.665271 0.421895 0.673554 0.42191 0.671558 0.418826 0.667268 0.418818 0.665994 0.421509 0.665938 0.620104 0.665213 0.619629 0.674272 0.620119 0.674313 0.421524 0.673554 0.42191 0.665938 0.620104 0.674272 0.620119 0.673511 0.619644 0.6680001 0.418419 0.665994 0.421509 0.665271 0.421895 0.672309 0.418426 0.6680001 0.418419 0.667268 0.418818 0.674313 0.421524 0.672309 0.418426 0.671558 0.418826 0.660136 0.421499 0.66007 0.620094 0.651736 0.62008 0.653823 0.418394 0.658132 0.418401 0.660136 0.421499 0.659371 0.619619 0.659438 0.421885 0.651155 0.421871 0.657443 0.418801 0.653152 0.418793 0.651155 0.421871 0.651817 0.421484 0.651736 0.62008 0.651073 0.619604 0.66007 0.620094 0.660136 0.421499 0.659438 0.421885 0.651736 0.62008 0.66007 0.620094 0.659371 0.619619 0.653823 0.418394 0.651817 0.421484 0.651155 0.421871 0.658132 0.418401 0.653823 0.418394 0.653152 0.418793 0.660136 0.421499 0.658132 0.418401 0.657443 0.418801 0.645959 0.421474 0.645868 0.620069 0.637534 0.620055 0.639646 0.418369 0.643955 0.418377 0.645959 0.421474 0.64523 0.619594 0.645322 0.42186 0.637039 0.421846 0.643327 0.418776 0.639037 0.418769 0.637039 0.421846 0.63764 0.42146 0.637534 0.620055 0.636933 0.61958 0.645868 0.620069 0.645959 0.421474 0.645322 0.42186 0.637534 0.620055 0.645868 0.620069 0.64523 0.619594 0.639646 0.418369 0.63764 0.42146 0.637039 0.421846 0.643955 0.418377 0.639646 0.418369 0.639037 0.418769 0.645959 0.421474 0.643955 0.418377 0.643327 0.418776 0.594848 0.366716 0.603163 0.366731 0.602952 0.619994 0.596855 0.363629 0.601162 0.363636 0.603163 0.366731 0.594203 0.619505 0.602501 0.61952 0.602712 0.367354 0.596431 0.364265 0.594433 0.36734 0.602712 0.367354 0.603163 0.366731 0.602712 0.367354 0.602501 0.61952 0.594618 0.61998 0.594203 0.619505 0.594433 0.36734 0.602952 0.619994 0.602501 0.61952 0.594203 0.619505 0.601162 0.363636 0.60072 0.364273 0.602712 0.367354 0.596855 0.363629 0.596431 0.364265 0.60072 0.364273 0.594848 0.366716 0.594433 0.36734 0.596431 0.364265 0.608976 0.42141 0.617295 0.421424 0.617154 0.620019 0.615292 0.418327 0.617295 0.421424 0.608976 0.42141 0.608344 0.61953 0.616641 0.619544 0.616782 0.421811 0.614788 0.418727 0.610498 0.418719 0.608499 0.421796 0.617295 0.421424 0.616782 0.421811 0.616641 0.619544 0.60882 0.620005 0.608344 0.61953 0.608499 0.421796 0.617154 0.620019 0.616641 0.619544 0.608344 0.61953 0.615292 0.418327 0.614788 0.418727 0.616782 0.421811 0.610983 0.418319 0.610498 0.418719 0.614788 0.418727 0.608976 0.42141 0.608499 0.421796 0.610498 0.418719 0.623153 0.421434 0.631472 0.421449 0.631356 0.620044 0.629469 0.418351 0.631472 0.421449 0.623153 0.421434 0.622484 0.619554 0.630781 0.619569 0.630898 0.421835 0.624613 0.418744 0.622615 0.421821 0.630898 0.421835 0.631472 0.421449 0.630898 0.421835 0.630781 0.619569 0.623022 0.620029 0.622484 0.619554 0.622615 0.421821 0.631356 0.620044 0.630781 0.619569 0.622484 0.619554 0.629469 0.418351 0.628904 0.418751 0.630898 0.421835 0.62516 0.418344 0.624613 0.418744 0.628904 0.418751 0.623153 0.421434 0.622615 0.421821 0.624613 0.418744</float_array>
          <technique_common>
            <accessor source="#_371_Sled-mesh-map-0-array" count="2472" stride="2">
              <param name="S" type="float"/>
              <param name="T" type="float"/>
            </accessor>
          </technique_common>
        </source>
        <vertices id="_371_Sled-mesh-vertices">
          <input semantic="POSITION" source="#_371_Sled-mesh-positions"/>
        </vertices>
        <triangles material="sled_001-material" count="824">
          <input semantic="VERTEX" source="#_371_Sled-mesh-vertices" offset="0"/>
          <input semantic="NORMAL" source="#_371_Sled-mesh-normals" offset="1"/>
          <input semantic="TEXCOORD" source="#_371_Sled-mesh-map-0" offset="2" set="0"/>
          <p>10 0 0 1 0 1 2 0 2 3 1 3 10 1 4 2 1 5 12 2 6 3 2 7 4 2 8 5 3 9 12 3 10 4 3 11 6 4 12 13 4 13 5 4 14 15 5 15 6 5 16 7 5 17 8 6 18 15 6 19 7 6 20 9 7 21 8 7 22 1 7 23 0 8 24 9 8 25 10 8 26 0 9 27 10 9 28 11 9 29 0 10 30 11 10 31 12 10 32 0 11 33 12 11 34 13 11 35 0 12 36 13 12 37 14 12 38 0 13 39 14 13 40 15 13 41 0 14 42 15 14 43 16 14 44 0 15 45 16 15 46 9 15 47 27 16 48 18 16 49 19 16 50 20 17 51 27 17 52 19 17 53 29 18 54 20 18 55 21 18 56 30 19 57 21 19 58 22 19 59 23 20 60 30 20 61 22 20 62 32 21 63 23 21 64 24 21 65 25 6 66 32 6 67 24 6 68 26 22 69 25 22 70 18 22 71 17 8 72 26 8 73 27 8 74 17 23 75 27 23 76 28 23 77 17 24 78 28 24 79 29 24 80 17 25 81 29 25 82 30 25 83 17 26 84 30 26 85 31 26 86 17 27 87 31 27 88 32 27 89 17 28 90 32 28 91 33 28 92 17 29 93 33 29 94 26 29 95 44 30 96 35 30 97 36 30 98 37 31 99 44 31 100 36 31 101 46 32 102 37 32 103 38 32 104 47 33 105 38 33 106 39 33 107 40 34 108 47 34 109 39 34 110 49 35 111 40 35 112 41 35 113 42 36 114 49 36 115 41 36 116 43 37 117 42 37 118 35 37 119 34 38 120 43 38 121 44 38 122 34 39 123 44 39 124 45 39 125 34 40 126 45 40 127 46 40 128 34 41 129 46 41 130 47 41 131 34 42 132 47 42 133 48 42 134 34 43 135 48 43 136 49 43 137 34 44 138 49 44 139 50 44 140 34 45 141 50 45 142 43 45 143 53 46 144 60 46 145 52 46 146 54 47 147 61 47 148 53 47 149 63 48 150 54 48 151 55 48 152 64 49 153 55 49 154 56 49 155 57 50 156 64 50 157 56 50 158 66 51 159 57 51 160 58 51 161 59 52 162 66 52 163 58 52 164 60 53 165 59 53 166 52 53 167 51 54 168 60 54 169 61 54 170 51 55 171 61 55 172 62 55 173 51 56 174 62 56 175 63 56 176 51 57 177 63 57 178 64 57 179 51 58 180 64 58 181 65 58 182 51 59 183 65 59 184 66 59 185 51 60 186 66 60 187 67 60 188 51 61 189 67 61 190 60 61 191 78 62 192 69 62 193 70 62 194 79 63 195 70 63 196 71 63 197 72 64 198 79 64 199 71 64 200 73 3 201 80 3 202 72 3 203 74 65 204 81 65 205 73 65 206 75 66 207 82 66 208 74 66 209 84 67 210 75 67 211 76 67 212 77 68 213 76 68 214 69 68 215 68 69 216 77 69 217 78 69 218 68 70 219 78 70 220 79 70 221 68 71 222 79 71 223 80 71 224 68 72 225 80 72 226 81 72 227 68 73 228 81 73 229 82 73 230 68 74 231 82 74 232 83 74 233 68 75 234 83 75 235 84 75 236 68 76 237 84 76 238 77 76 239 95 16 240 86 16 241 87 16 242 96 63 243 87 63 244 88 63 245 89 77 246 96 77 247 88 77 248 98 78 249 89 78 250 90 78 251 91 79 252 98 79 253 90 79 254 92 80 255 99 80 256 91 80 257 93 81 258 100 81 259 92 81 260 86 82 261 101 82 262 93 82 263 85 83 264 94 83 265 95 83 266 85 84 267 95 84 268 96 84 269 85 85 270 96 85 271 97 85 272 85 86 273 97 86 274 98 86 275 85 87 276 98 87 277 99 87 278 85 88 279 99 88 280 100 88 281 85 89 282 100 89 283 101 89 284 85 76 285 101 76 286 94 76 287 112 90 288 103 90 289 104 90 290 113 91 291 104 91 292 105 91 293 106 92 294 113 92 295 105 92 296 115 93 297 106 93 298 107 93 299 108 94 300 115 94 301 107 94 302 109 95 303 116 95 304 108 95 305 118 96 306 109 96 307 110 96 308 103 97 309 118 97 310 110 97 311 102 98 312 111 98 313 112 98 314 102 99 315 112 99 316 113 99 317 102 100 318 113 100 319 114 100 320 102 101 321 114 101 322 115 101 323 102 102 324 115 102 325 116 102 326 102 103 327 116 103 328 117 103 329 102 104 330 117 104 331 118 104 332 102 105 333 118 105 334 111 105 335 121 106 336 128 106 337 120 106 338 130 107 339 121 107 340 122 107 341 123 108 342 130 108 343 122 108 344 132 109 345 123 109 346 124 109 347 125 110 348 132 110 349 124 110 350 126 111 351 133 111 352 125 111 353 135 112 354 126 112 355 127 112 356 128 113 357 127 113 358 120 113 359 119 114 360 128 114 361 129 114 362 119 115 363 129 115 364 130 115 365 119 116 366 130 116 367 131 116 368 119 117 369 131 117 370 132 117 371 119 118 372 132 118 373 133 118 374 119 119 375 133 119 376 134 119 377 119 120 378 134 120 379 135 120 380 119 121 381 135 121 382 128 121 383 146 122 384 137 122 385 145 122 386 146 123 387 139 123 388 138 123 389 148 124 390 139 124 391 147 124 392 148 90 393 141 90 394 140 90 395 149 125 396 142 125 397 141 125 398 151 126 399 142 126 400 150 126 401 151 21 402 144 21 403 143 21 404 145 127 405 144 127 406 152 127 407 145 25 408 136 25 409 146 25 410 146 128 411 136 128 412 147 128 413 147 129 414 136 129 415 148 129 416 148 130 417 136 130 418 149 130 419 149 131 420 136 131 421 150 131 422 150 132 423 136 132 424 151 132 425 151 133 426 136 133 427 152 133 428 152 134 429 136 134 430 145 134 431 163 135 432 154 135 433 162 135 434 163 136 435 156 136 436 155 136 437 165 137 438 156 137 439 164 137 440 166 138 441 157 138 442 165 138 443 166 139 444 159 139 445 158 139 446 168 140 447 159 140 448 167 140 449 168 21 450 161 21 451 160 21 452 162 141 453 161 141 454 169 141 455 162 25 456 153 25 457 163 25 458 163 142 459 153 142 460 164 142 461 164 143 462 153 143 463 165 143 464 165 8 465 153 8 466 166 8 467 166 29 468 153 29 469 167 29 470 167 144 471 153 144 472 168 144 473 168 145 474 153 145 475 169 145 476 169 26 477 153 26 478 162 26 479 180 135 480 171 135 481 179 135 482 180 146 483 173 146 484 172 146 485 182 147 486 173 147 487 181 147 488 183 148 489 174 148 490 182 148 491 183 37 492 176 37 493 175 37 494 185 149 495 176 149 496 184 149 497 185 150 498 178 150 499 177 150 500 179 151 501 178 151 502 186 151 503 179 152 504 170 152 505 180 152 506 180 142 507 170 142 508 181 142 509 181 153 510 170 153 511 182 153 512 182 154 513 170 154 514 183 154 515 183 155 516 170 155 517 184 155 518 184 156 519 170 156 520 185 156 521 185 133 522 170 133 523 186 133 524 186 157 525 170 157 526 179 157 527 197 158 528 188 158 529 196 158 530 198 159 531 189 159 532 197 159 533 198 160 534 191 160 535 190 160 536 199 90 537 192 90 538 191 90 539 200 161 540 193 161 541 192 161 542 201 162 543 194 162 544 193 162 545 203 163 546 194 163 547 202 163 548 196 164 549 195 164 550 203 164 551 196 165 552 187 165 553 197 165 554 197 166 555 187 166 556 198 166 557 198 167 558 187 167 559 199 167 560 199 168 561 187 168 562 200 168 563 200 169 564 187 169 565 201 169 566 201 170 567 187 170 568 202 170 569 202 171 570 187 171 571 203 171 572 203 87 573 187 87 574 196 87 575 214 172 576 205 172 577 213 172 578 215 173 579 206 173 580 214 173 581 215 63 582 208 63 583 207 63 584 217 174 585 208 174 586 216 174 587 217 175 588 210 175 589 209 175 590 218 176 591 211 176 592 210 176 593 219 177 594 212 177 595 211 177 596 220 178 597 205 178 598 212 178 599 213 86 600 204 86 601 214 86 602 214 166 603 204 166 604 215 166 605 215 179 606 204 179 607 216 179 608 216 83 609 204 83 610 217 83 611 217 76 612 204 76 613 218 76 614 218 180 615 204 180 616 219 180 617 219 181 618 204 181 619 220 181 620 220 87 621 204 87 622 213 87 623 231 182 624 222 182 625 230 182 626 232 183 627 223 183 628 231 183 629 232 184 630 225 184 631 224 184 632 234 185 633 225 185 634 233 185 635 234 186 636 227 186 637 226 186 638 235 187 639 228 187 640 227 187 641 237 188 642 228 188 643 236 188 644 237 178 645 222 178 646 229 178 647 230 189 648 221 189 649 231 189 650 231 85 651 221 85 652 232 85 653 232 190 654 221 190 655 233 190 656 233 191 657 221 191 658 234 191 659 234 192 660 221 192 661 235 192 662 235 193 663 221 193 664 236 193 665 236 88 666 221 88 667 237 88 668 237 194 669 221 194 670 230 194 671 268 195 672 264 195 673 265 195 674 251 196 675 250 196 676 259 196 677 251 197 678 260 197 679 256 197 680 257 198 681 258 198 682 254 198 683 256 199 684 261 199 685 257 199 686 243 200 687 262 200 688 263 200 689 241 201 690 247 201 691 238 201 692 247 202 693 244 202 694 248 202 695 249 203 696 242 203 697 246 203 698 248 204 699 245 204 700 249 204 701 273 205 702 246 205 703 271 205 704 255 206 705 263 206 706 265 206 707 255 207 708 240 207 709 243 207 710 247 208 711 250 208 712 238 208 713 250 209 714 241 209 715 238 209 716 253 210 717 239 210 718 241 210 719 248 211 720 259 211 721 247 211 722 251 210 723 244 210 724 239 210 725 258 205 726 249 205 727 246 205 728 245 210 729 254 210 730 242 210 731 249 212 732 260 212 733 248 212 734 256 213 735 245 213 736 244 213 737 252 195 738 265 195 739 264 195 740 246 200 741 270 200 742 271 200 743 262 205 744 252 205 745 264 205 746 266 214 747 265 214 748 263 214 749 276 195 750 269 195 751 268 195 752 267 205 753 264 205 754 269 205 755 296 200 756 294 200 757 297 200 758 274 215 759 268 215 760 266 215 761 271 216 762 277 216 763 273 216 764 300 200 765 298 200 766 301 200 767 254 195 768 273 195 769 272 195 770 242 217 771 272 217 772 270 217 773 272 195 774 277 195 775 276 195 776 270 218 777 276 218 778 274 218 779 275 219 780 269 219 781 277 219 782 266 200 783 275 200 784 274 200 785 266 220 786 278 220 787 267 220 788 278 200 789 262 200 790 267 200 791 279 200 792 263 200 793 262 200 794 280 200 795 266 200 796 263 200 797 270 221 798 282 221 799 271 221 800 282 200 801 275 200 802 271 200 803 283 200 804 274 200 805 275 200 806 274 200 807 285 200 808 270 200 809 309 200 810 300 200 811 301 200 812 289 222 813 278 222 814 281 222 815 288 210 816 281 210 817 280 210 818 287 207 819 280 207 820 279 207 821 286 205 822 279 205 823 278 205 824 307 222 825 301 222 826 293 222 827 293 222 828 282 222 829 285 222 830 292 210 831 285 210 832 284 210 833 291 207 834 284 207 835 283 207 836 290 205 837 283 205 838 282 205 839 287 195 840 289 195 841 286 195 842 297 222 843 286 222 844 289 222 845 304 210 846 303 210 847 302 210 848 295 207 849 288 207 850 287 207 851 320 205 852 319 205 853 318 205 854 291 195 855 293 195 856 290 195 857 301 222 858 290 222 859 293 222 860 308 210 861 307 210 862 306 210 863 299 207 864 292 207 865 291 207 866 324 205 867 323 205 868 322 205 869 302 195 870 289 195 871 288 195 872 304 207 873 288 207 874 296 207 875 305 200 876 296 200 877 297 200 878 303 222 879 297 222 880 289 222 881 306 195 882 293 195 883 292 195 884 308 207 885 292 207 886 300 207 887 310 195 888 287 195 889 286 195 890 312 222 891 286 222 892 294 222 893 313 200 894 294 200 895 295 200 896 311 207 897 295 207 898 287 207 899 314 195 900 291 195 901 290 195 902 316 222 903 290 222 904 298 222 905 317 200 906 298 200 907 299 200 908 315 207 909 299 207 910 291 207 911 318 223 912 311 223 913 310 223 914 320 222 915 310 222 916 312 222 917 321 224 918 312 224 919 313 224 920 319 207 921 313 207 922 311 207 923 322 225 924 315 225 925 314 225 926 324 222 927 314 222 928 316 222 929 325 226 930 316 226 931 317 226 932 323 207 933 317 207 934 315 207 935 356 195 936 352 195 937 357 195 938 339 227 939 338 227 940 341 227 941 339 228 942 348 228 943 347 228 944 345 229 945 346 229 946 349 229 947 344 230 948 349 230 949 348 230 950 331 200 951 350 200 952 328 200 953 329 231 954 335 231 955 327 231 956 335 232 957 332 232 958 327 232 959 337 233 960 330 233 961 333 233 962 336 234 963 333 234 964 332 234 965 334 235 966 361 235 967 359 235 968 343 205 969 351 205 970 331 205 971 343 207 972 328 207 973 340 207 974 338 236 975 335 236 976 326 236 977 338 237 978 329 237 979 341 237 980 341 205 981 327 205 982 339 205 983 347 238 984 336 238 985 335 238 986 339 239 987 332 239 988 344 239 989 346 240 990 337 240 991 349 240 992 342 205 993 333 205 994 330 205 995 348 241 996 337 241 997 336 241 998 344 242 999 333 242 1000 345 242 1001 340 195 1002 353 195 1003 343 195 1004 334 200 1005 358 200 1006 330 200 1007 340 243 1008 350 243 1009 352 243 1010 354 205 1011 353 205 1012 356 205 1013 364 195 1014 357 195 1015 365 195 1016 352 244 1017 355 244 1018 357 244 1019 384 200 1020 382 200 1021 383 200 1022 362 205 1023 356 205 1024 364 205 1025 365 245 1026 359 245 1027 361 245 1028 388 200 1029 386 200 1030 387 200 1031 342 195 1032 361 195 1033 346 195 1034 330 205 1035 360 205 1036 342 205 1037 360 195 1038 365 195 1039 361 195 1040 358 246 1041 364 246 1042 360 246 1043 357 247 1044 363 247 1045 365 247 1046 354 200 1047 363 200 1048 355 200 1049 366 200 1050 354 200 1051 355 200 1052 366 200 1053 350 200 1054 367 200 1055 367 248 1056 351 248 1057 368 248 1058 368 200 1059 354 200 1060 369 200 1061 370 200 1062 358 200 1063 359 200 1064 370 200 1065 363 200 1066 371 200 1067 371 249 1068 362 249 1069 372 249 1070 373 200 1071 362 200 1072 358 200 1073 309 200 1074 388 200 1075 308 200 1076 377 222 1077 366 222 1078 374 222 1079 376 205 1080 369 205 1081 377 205 1082 375 207 1083 368 207 1084 376 207 1085 374 210 1086 367 210 1087 375 210 1088 307 222 1089 389 222 1090 309 222 1091 381 222 1092 370 222 1093 378 222 1094 380 205 1095 373 205 1096 381 205 1097 379 207 1098 372 207 1099 380 207 1100 378 210 1101 371 210 1102 379 210 1103 375 195 1104 377 195 1105 376 195 1106 385 222 1107 374 222 1108 382 222 1109 383 207 1110 376 207 1111 384 207 1112 400 210 1113 399 210 1114 401 210 1115 379 195 1116 381 195 1117 380 195 1118 389 222 1119 378 222 1120 386 222 1121 387 207 1122 380 207 1123 388 207 1124 404 210 1125 403 210 1126 405 210 1127 302 195 1128 377 195 1129 303 195 1130 304 207 1131 376 207 1132 302 207 1133 305 200 1134 384 200 1135 304 200 1136 303 222 1137 385 222 1138 305 222 1139 306 195 1140 381 195 1141 307 195 1142 308 207 1143 380 207 1144 306 207 1145 390 195 1146 375 195 1147 391 195 1148 392 222 1149 374 222 1150 390 222 1151 393 200 1152 382 200 1153 392 200 1154 391 207 1155 383 207 1156 393 207 1157 394 195 1158 379 195 1159 395 195 1160 396 222 1161 378 222 1162 394 222 1163 397 200 1164 386 200 1165 396 200 1166 395 207 1167 387 207 1168 397 207 1169 398 250 1170 391 250 1171 399 250 1172 400 251 1173 390 251 1174 398 251 1175 401 252 1176 392 252 1177 400 252 1178 399 253 1179 393 253 1180 401 253 1181 402 254 1182 395 254 1183 403 254 1184 404 255 1185 394 255 1186 402 255 1187 405 256 1188 396 256 1189 404 256 1190 403 257 1191 397 257 1192 405 257 1193 415 200 1194 412 200 1195 413 200 1196 413 258 1197 416 258 1198 415 258 1199 408 195 1200 407 195 1201 406 195 1202 410 195 1203 407 195 1204 409 195 1205 413 205 1206 406 205 1207 407 205 1208 414 210 1209 409 210 1210 408 210 1211 412 207 1212 408 207 1213 406 207 1214 417 259 1215 407 259 1216 411 259 1217 416 222 1218 411 222 1219 410 222 1220 415 260 1221 410 260 1222 409 260 1223 427 200 1224 424 200 1225 425 200 1226 429 200 1227 427 200 1228 425 200 1229 420 195 1230 419 195 1231 418 195 1232 421 195 1233 423 195 1234 419 195 1235 425 205 1236 418 205 1237 419 205 1238 426 210 1239 421 210 1240 420 210 1241 424 207 1242 420 207 1243 418 207 1244 429 261 1245 419 261 1246 423 261 1247 428 222 1248 423 222 1249 422 222 1250 427 262 1251 422 262 1252 421 262 1253 439 200 1254 436 200 1255 437 200 1256 441 200 1257 439 200 1258 437 200 1259 432 195 1260 431 195 1261 430 195 1262 434 195 1263 431 195 1264 433 195 1265 437 205 1266 430 205 1267 431 205 1268 438 210 1269 433 210 1270 432 210 1271 436 207 1272 432 207 1273 430 207 1274 441 261 1275 431 261 1276 435 261 1277 440 222 1278 435 222 1279 434 222 1280 439 263 1281 434 263 1282 433 263 1283 451 200 1284 448 200 1285 449 200 1286 453 200 1287 451 200 1288 449 200 1289 444 195 1290 443 195 1291 442 195 1292 446 195 1293 443 195 1294 445 195 1295 449 205 1296 442 205 1297 443 205 1298 450 210 1299 445 210 1300 444 210 1301 448 207 1302 444 207 1303 442 207 1304 453 264 1305 443 264 1306 447 264 1307 452 222 1308 447 222 1309 446 222 1310 451 265 1311 446 265 1312 445 265 1313 463 200 1314 460 200 1315 462 200 1316 464 200 1317 461 200 1318 463 200 1319 456 195 1320 455 195 1321 457 195 1322 458 266 1323 455 266 1324 459 266 1325 461 210 1326 454 210 1327 460 210 1328 462 205 1329 457 205 1330 463 205 1331 460 207 1332 456 207 1333 462 207 1334 465 260 1335 455 260 1336 461 260 1337 464 222 1338 459 222 1339 465 222 1340 463 259 1341 458 259 1342 464 259 1343 475 200 1344 472 200 1345 474 200 1346 477 267 1347 475 267 1348 476 267 1349 468 195 1350 467 195 1351 469 195 1352 471 195 1353 469 195 1354 467 195 1355 473 210 1356 466 210 1357 472 210 1358 474 205 1359 469 205 1360 475 205 1361 472 207 1362 468 207 1363 474 207 1364 477 262 1365 467 262 1366 473 262 1367 476 222 1368 471 222 1369 477 222 1370 475 268 1371 470 268 1372 476 268 1373 487 200 1374 484 200 1375 486 200 1376 489 269 1377 487 269 1378 488 269 1379 480 195 1380 479 195 1381 481 195 1382 482 270 1383 479 270 1384 483 270 1385 485 210 1386 478 210 1387 484 210 1388 486 205 1389 481 205 1390 487 205 1391 484 207 1392 480 207 1393 486 207 1394 489 263 1395 479 263 1396 485 263 1397 488 222 1398 483 222 1399 489 222 1400 487 261 1401 482 261 1402 488 261 1403 10 271 1404 9 271 1405 1 271 1406 3 272 1407 11 272 1408 10 272 1409 12 273 1410 11 273 1411 3 273 1412 5 135 1413 13 135 1414 12 135 1415 6 274 1416 14 274 1417 13 274 1418 15 275 1419 14 275 1420 6 275 1421 8 276 1422 16 276 1423 15 276 1424 9 277 1425 16 277 1426 8 277 1427 27 278 1428 26 278 1429 18 278 1430 20 279 1431 28 279 1432 27 279 1433 29 280 1434 28 280 1435 20 280 1436 30 281 1437 29 281 1438 21 281 1439 23 141 1440 31 141 1441 30 141 1442 32 282 1443 31 282 1444 23 282 1445 25 283 1446 33 283 1447 32 283 1448 26 284 1449 33 284 1450 25 284 1451 44 278 1452 43 278 1453 35 278 1454 37 137 1455 45 137 1456 44 137 1457 46 285 1458 45 285 1459 37 285 1460 47 286 1461 46 286 1462 38 286 1463 40 287 1464 48 287 1465 47 287 1466 49 288 1467 48 288 1468 40 288 1469 42 289 1470 50 289 1471 49 289 1472 43 290 1473 50 290 1474 42 290 1475 53 291 1476 61 291 1477 60 291 1478 54 292 1479 62 292 1480 61 292 1481 63 293 1482 62 293 1483 54 293 1484 64 294 1485 63 294 1486 55 294 1487 57 295 1488 65 295 1489 64 295 1490 66 296 1491 65 296 1492 57 296 1493 59 297 1494 67 297 1495 66 297 1496 60 298 1497 67 298 1498 59 298 1499 78 299 1500 77 299 1501 69 299 1502 79 300 1503 78 300 1504 70 300 1505 72 301 1506 80 301 1507 79 301 1508 73 302 1509 81 302 1510 80 302 1511 74 303 1512 82 303 1513 81 303 1514 75 304 1515 83 304 1516 82 304 1517 84 305 1518 83 305 1519 75 305 1520 77 306 1521 84 306 1522 76 306 1523 95 307 1524 94 307 1525 86 307 1526 96 308 1527 95 308 1528 87 308 1529 89 309 1530 97 309 1531 96 309 1532 98 310 1533 97 310 1534 89 310 1535 91 303 1536 99 303 1537 98 303 1538 92 311 1539 100 311 1540 99 311 1541 93 312 1542 101 312 1543 100 312 1544 86 313 1545 94 313 1546 101 313 1547 112 314 1548 111 314 1549 103 314 1550 113 315 1551 112 315 1552 104 315 1553 106 316 1554 114 316 1555 113 316 1556 115 317 1557 114 317 1558 106 317 1559 108 318 1560 116 318 1561 115 318 1562 109 319 1563 117 319 1564 116 319 1565 118 320 1566 117 320 1567 109 320 1568 103 313 1569 111 313 1570 118 313 1571 121 321 1572 129 321 1573 128 321 1574 130 322 1575 129 322 1576 121 322 1577 123 323 1578 131 323 1579 130 323 1580 132 324 1581 131 324 1582 123 324 1583 125 325 1584 133 325 1585 132 325 1586 126 326 1587 134 326 1588 133 326 1589 135 327 1590 134 327 1591 126 327 1592 128 328 1593 135 328 1594 127 328 1595 146 329 1596 138 329 1597 137 329 1598 146 330 1599 147 330 1600 139 330 1601 148 331 1602 140 331 1603 139 331 1604 148 278 1605 149 278 1606 141 278 1607 149 332 1608 150 332 1609 142 332 1610 151 333 1611 143 333 1612 142 333 1613 151 334 1614 152 334 1615 144 334 1616 145 335 1617 137 335 1618 144 335 1619 163 336 1620 155 336 1621 154 336 1622 163 280 1623 164 280 1624 156 280 1625 165 337 1626 157 337 1627 156 337 1628 166 338 1629 158 338 1630 157 338 1631 166 339 1632 167 339 1633 159 339 1634 168 6 1635 160 6 1636 159 6 1637 168 282 1638 169 282 1639 161 282 1640 162 340 1641 154 340 1642 161 340 1643 180 3 1644 172 3 1645 171 3 1646 180 280 1647 181 280 1648 173 280 1649 182 341 1650 174 341 1651 173 341 1652 183 342 1653 175 342 1654 174 342 1655 183 343 1656 184 343 1657 176 343 1658 185 344 1659 177 344 1660 176 344 1661 185 345 1662 186 345 1663 178 345 1664 179 34 1665 171 34 1666 178 34 1667 197 346 1668 189 346 1669 188 346 1670 198 77 1671 190 77 1672 189 77 1673 198 347 1674 199 347 1675 191 347 1676 199 348 1677 200 348 1678 192 348 1679 200 349 1680 201 349 1681 193 349 1682 201 350 1683 202 350 1684 194 350 1685 203 351 1686 195 351 1687 194 351 1688 196 352 1689 188 352 1690 195 352 1691 214 336 1692 206 336 1693 205 336 1694 215 77 1695 207 77 1696 206 77 1697 215 308 1698 216 308 1699 208 308 1700 217 353 1701 209 353 1702 208 353 1703 217 354 1704 218 354 1705 210 354 1706 218 355 1707 219 355 1708 211 355 1709 219 356 1710 220 356 1711 212 356 1712 220 357 1713 213 357 1714 205 357 1715 231 358 1716 223 358 1717 222 358 1718 232 359 1719 224 359 1720 223 359 1721 232 360 1722 233 360 1723 225 360 1724 234 361 1725 226 361 1726 225 361 1727 234 362 1728 235 362 1729 227 362 1730 235 363 1731 236 363 1732 228 363 1733 237 364 1734 229 364 1735 228 364 1736 237 357 1737 230 357 1738 222 357 1739 268 195 1740 269 195 1741 264 195 1742 251 227 1743 253 227 1744 250 227 1745 251 228 1746 259 228 1747 260 228 1748 257 229 1749 261 229 1750 258 229 1751 256 230 1752 260 230 1753 261 230 1754 243 200 1755 240 200 1756 262 200 1757 241 231 1758 239 231 1759 247 231 1760 247 232 1761 239 232 1762 244 232 1763 249 233 1764 245 233 1765 242 233 1766 248 234 1767 244 234 1768 245 234 1769 273 365 1770 258 365 1771 246 365 1772 255 210 1773 243 210 1774 263 210 1775 255 207 1776 252 207 1777 240 207 1778 247 205 1779 259 205 1780 250 205 1781 250 237 1782 253 237 1783 241 237 1784 253 210 1785 251 210 1786 239 210 1787 248 366 1788 260 366 1789 259 366 1790 251 367 1791 256 367 1792 244 367 1793 258 368 1794 261 368 1795 249 368 1796 245 210 1797 257 210 1798 254 210 1799 249 369 1800 261 369 1801 260 369 1802 256 370 1803 257 370 1804 245 370 1805 252 195 1806 255 195 1807 265 195 1808 246 200 1809 242 200 1810 270 200 1811 262 205 1812 240 205 1813 252 205 1814 266 210 1815 268 210 1816 265 210 1817 276 195 1818 277 195 1819 269 195 1820 267 371 1821 262 371 1822 264 371 1823 296 200 1824 295 200 1825 294 200 1826 274 210 1827 276 210 1828 268 210 1829 271 372 1830 275 372 1831 277 372 1832 300 200 1833 299 200 1834 298 200 1835 254 195 1836 258 195 1837 273 195 1838 242 210 1839 254 210 1840 272 210 1841 272 195 1842 273 195 1843 277 195 1844 270 373 1845 272 373 1846 276 373 1847 275 374 1848 267 374 1849 269 374 1850 266 200 1851 267 200 1852 275 200 1853 266 200 1854 281 200 1855 278 200 1856 278 200 1857 279 200 1858 262 200 1859 279 248 1860 280 248 1861 263 248 1862 280 200 1863 281 200 1864 266 200 1865 270 200 1866 285 200 1867 282 200 1868 282 200 1869 283 200 1870 275 200 1871 283 249 1872 284 249 1873 274 249 1874 274 200 1875 284 200 1876 285 200 1877 309 200 1878 308 200 1879 300 200 1880 289 222 1881 286 222 1882 278 222 1883 288 210 1884 289 210 1885 281 210 1886 287 207 1887 288 207 1888 280 207 1889 286 205 1890 287 205 1891 279 205 1892 307 222 1893 309 222 1894 301 222 1895 293 222 1896 290 222 1897 282 222 1898 292 210 1899 293 210 1900 285 210 1901 291 207 1902 292 207 1903 284 207 1904 290 205 1905 291 205 1906 283 205 1907 287 195 1908 288 195 1909 289 195 1910 297 222 1911 294 222 1912 286 222 1913 304 210 1914 305 210 1915 303 210 1916 295 207 1917 296 207 1918 288 207 1919 320 205 1920 321 205 1921 319 205 1922 291 195 1923 292 195 1924 293 195 1925 301 222 1926 298 222 1927 290 222 1928 308 210 1929 309 210 1930 307 210 1931 299 207 1932 300 207 1933 292 207 1934 324 205 1935 325 205 1936 323 205 1937 302 195 1938 303 195 1939 289 195 1940 304 207 1941 302 207 1942 288 207 1943 305 200 1944 304 200 1945 296 200 1946 303 222 1947 305 222 1948 297 222 1949 306 195 1950 307 195 1951 293 195 1952 308 207 1953 306 207 1954 292 207 1955 310 195 1956 311 195 1957 287 195 1958 312 222 1959 310 222 1960 286 222 1961 313 200 1962 312 200 1963 294 200 1964 311 207 1965 313 207 1966 295 207 1967 314 195 1968 315 195 1969 291 195 1970 316 222 1971 314 222 1972 290 222 1973 317 200 1974 316 200 1975 298 200 1976 315 207 1977 317 207 1978 299 207 1979 318 223 1980 319 223 1981 311 223 1982 320 375 1983 318 375 1984 310 375 1985 321 224 1986 320 224 1987 312 224 1988 319 376 1989 321 376 1990 313 376 1991 322 377 1992 323 377 1993 315 377 1994 324 378 1995 322 378 1996 314 378 1997 325 379 1998 324 379 1999 316 379 2000 323 380 2001 325 380 2002 317 380 2003 356 195 2004 353 195 2005 352 195 2006 339 196 2007 347 196 2008 338 196 2009 339 197 2010 344 197 2011 348 197 2012 345 198 2013 342 198 2014 346 198 2015 344 199 2016 345 199 2017 349 199 2018 331 200 2019 351 200 2020 350 200 2021 329 201 2022 326 201 2023 335 201 2024 335 202 2025 336 202 2026 332 202 2027 337 203 2028 334 203 2029 330 203 2030 336 204 2031 337 204 2032 333 204 2033 334 210 2034 346 210 2035 361 210 2036 343 381 2037 353 381 2038 351 381 2039 343 207 2040 331 207 2041 328 207 2042 338 210 2043 347 210 2044 335 210 2045 338 209 2046 326 209 2047 329 209 2048 341 205 2049 329 205 2050 327 205 2051 347 382 2052 348 382 2053 336 382 2054 339 205 2055 327 205 2056 332 205 2057 346 210 2058 334 210 2059 337 210 2060 342 383 2061 345 383 2062 333 383 2063 348 384 2064 349 384 2065 337 384 2066 344 385 2067 332 385 2068 333 385 2069 340 195 2070 352 195 2071 353 195 2072 334 200 2073 359 200 2074 358 200 2075 340 210 2076 328 210 2077 350 210 2078 354 386 2079 351 386 2080 353 386 2081 364 195 2082 356 195 2083 357 195 2084 352 210 2085 350 210 2086 355 210 2087 384 200 2088 385 200 2089 382 200 2090 362 387 2091 354 387 2092 356 387 2093 365 210 2094 363 210 2095 359 210 2096 388 200 2097 389 200 2098 386 200 2099 342 195 2100 360 195 2101 361 195 2102 330 388 2103 358 388 2104 360 388 2105 360 195 2106 364 195 2107 365 195 2108 358 389 2109 362 389 2110 364 389 2111 357 210 2112 355 210 2113 363 210 2114 354 200 2115 362 200 2116 363 200 2117 366 390 2118 369 390 2119 354 390 2120 366 200 2121 355 200 2122 350 200 2123 367 200 2124 350 200 2125 351 200 2126 368 200 2127 351 200 2128 354 200 2129 370 391 2130 373 391 2131 358 391 2132 370 200 2133 359 200 2134 363 200 2135 371 200 2136 363 200 2137 362 200 2138 373 200 2139 372 200 2140 362 200 2141 309 200 2142 389 200 2143 388 200 2144 377 222 2145 369 222 2146 366 222 2147 376 205 2148 368 205 2149 369 205 2150 375 207 2151 367 207 2152 368 207 2153 374 210 2154 366 210 2155 367 210 2156 307 222 2157 381 222 2158 389 222 2159 381 222 2160 373 222 2161 370 222 2162 380 205 2163 372 205 2164 373 205 2165 379 207 2166 371 207 2167 372 207 2168 378 210 2169 370 210 2170 371 210 2171 375 195 2172 374 195 2173 377 195 2174 385 222 2175 377 222 2176 374 222 2177 383 207 2178 375 207 2179 376 207 2180 400 210 2181 398 210 2182 399 210 2183 379 195 2184 378 195 2185 381 195 2186 389 222 2187 381 222 2188 378 222 2189 387 207 2190 379 207 2191 380 207 2192 404 210 2193 402 210 2194 403 210 2195 302 195 2196 376 195 2197 377 195 2198 304 207 2199 384 207 2200 376 207 2201 305 200 2202 385 200 2203 384 200 2204 303 222 2205 377 222 2206 385 222 2207 306 195 2208 380 195 2209 381 195 2210 308 207 2211 388 207 2212 380 207 2213 390 195 2214 374 195 2215 375 195 2216 392 222 2217 382 222 2218 374 222 2219 393 200 2220 383 200 2221 382 200 2222 391 207 2223 375 207 2224 383 207 2225 394 195 2226 378 195 2227 379 195 2228 396 222 2229 386 222 2230 378 222 2231 397 200 2232 387 200 2233 386 200 2234 395 207 2235 379 207 2236 387 207 2237 398 250 2238 390 250 2239 391 250 2240 400 222 2241 392 222 2242 390 222 2243 401 252 2244 393 252 2245 392 252 2246 399 207 2247 391 207 2248 393 207 2249 402 392 2250 394 392 2251 395 392 2252 404 222 2253 396 222 2254 394 222 2255 405 393 2256 397 393 2257 396 393 2258 403 207 2259 395 207 2260 397 207 2261 415 200 2262 414 200 2263 412 200 2264 413 394 2265 417 394 2266 416 394 2267 408 195 2268 409 195 2269 407 195 2270 410 266 2271 411 266 2272 407 266 2273 413 205 2274 412 205 2275 406 205 2276 414 210 2277 415 210 2278 409 210 2279 412 207 2280 414 207 2281 408 207 2282 417 395 2283 413 395 2284 407 395 2285 416 222 2286 417 222 2287 411 222 2288 415 396 2289 416 396 2290 410 396 2291 427 200 2292 426 200 2293 424 200 2294 429 267 2295 428 267 2296 427 267 2297 420 195 2298 421 195 2299 419 195 2300 421 195 2301 422 195 2302 423 195 2303 425 205 2304 424 205 2305 418 205 2306 426 210 2307 427 210 2308 421 210 2309 424 207 2310 426 207 2311 420 207 2312 429 397 2313 425 397 2314 419 397 2315 428 222 2316 429 222 2317 423 222 2318 427 398 2319 428 398 2320 422 398 2321 439 200 2322 438 200 2323 436 200 2324 441 269 2325 440 269 2326 439 269 2327 432 195 2328 433 195 2329 431 195 2330 434 270 2331 435 270 2332 431 270 2333 437 205 2334 436 205 2335 430 205 2336 438 210 2337 439 210 2338 433 210 2339 436 207 2340 438 207 2341 432 207 2342 441 261 2343 437 261 2344 431 261 2345 440 222 2346 441 222 2347 435 222 2348 439 263 2349 440 263 2350 434 263 2351 451 200 2352 450 200 2353 448 200 2354 453 200 2355 452 200 2356 451 200 2357 444 195 2358 445 195 2359 443 195 2360 446 399 2361 447 399 2362 443 399 2363 449 205 2364 448 205 2365 442 205 2366 450 210 2367 451 210 2368 445 210 2369 448 207 2370 450 207 2371 444 207 2372 453 397 2373 449 397 2374 443 397 2375 452 222 2376 453 222 2377 447 222 2378 451 262 2379 452 262 2380 446 262 2381 463 200 2382 461 200 2383 460 200 2384 464 400 2385 465 400 2386 461 400 2387 456 195 2388 454 195 2389 455 195 2390 458 195 2391 457 195 2392 455 195 2393 461 210 2394 455 210 2395 454 210 2396 462 205 2397 456 205 2398 457 205 2399 460 207 2400 454 207 2401 456 207 2402 465 396 2403 459 396 2404 455 396 2405 464 222 2406 458 222 2407 459 222 2408 463 395 2409 457 395 2410 458 395 2411 475 200 2412 473 200 2413 472 200 2414 477 200 2415 473 200 2416 475 200 2417 468 195 2418 466 195 2419 467 195 2420 471 195 2421 470 195 2422 469 195 2423 473 210 2424 467 210 2425 466 210 2426 474 205 2427 468 205 2428 469 205 2429 472 207 2430 466 207 2431 468 207 2432 477 263 2433 471 263 2434 467 263 2435 476 222 2436 470 222 2437 471 222 2438 475 397 2439 469 397 2440 470 397 2441 487 200 2442 485 200 2443 484 200 2444 489 200 2445 485 200 2446 487 200 2447 480 195 2448 478 195 2449 479 195 2450 482 195 2451 481 195 2452 479 195 2453 485 210 2454 479 210 2455 478 210 2456 486 205 2457 480 205 2458 481 205 2459 484 207 2460 478 207 2461 480 207 2462 489 263 2463 483 263 2464 479 263 2465 488 222 2466 482 222 2467 483 222 2468 487 261 2469 481 261 2470 482 261 2471</p>
        </triangles>
      </mesh>
    </geometry>
  </library_geometries>
  <library_visual_scenes>
    <visual_scene id="Scene" name="Scene">
      <node id="base00" name="base00" type="NODE">
        <matrix sid="transform">1 0 0 0 0 1 0 0 0 0 1 0 0 0 0 1</matrix>
        <node id="start01" name="start01" type="NODE">
          <matrix sid="transform">1 0 0 0 0 1 0 0 0 0 1 0 0 0 0 1</matrix>
          <node id="sled" name="sled" type="NODE">
            <matrix sid="transform">1 0 0 0 0 -2.8213e-7 -1 0 0 1 -2.8213e-7 0 0 0 0 1</matrix>
            <instance_geometry url="#_371_Sled-mesh" name="sled">
              <bind_material>
                <technique_common>
                  <instance_material symbol="sled_001-material" target="#sled_001-material">
                    <bind_vertex_input semantic="_371_Sled-mesh-map-0" input_semantic="TEXCOORD" input_set="0"/>
                  </instance_material>
                </technique_common>
              </bind_material>
            </instance_geometry>
          </node>
          <node id="Colmesh-1" name="Colmesh-1" type="NODE">
            <matrix sid="transform">1 0 0 0 0 -2.8213e-7 -1 0 0 1 -2.8213e-7 0 0 0 0 1</matrix>
            <instance_geometry url="#_371_Sled_001-mesh" name="Colmesh-1"/>
          </node>
        </node>
      </node>
    </visual_scene>
  </library_visual_scenes>
  <scene>
    <instance_visual_scene url="#Scene"/>
  </scene>
</COLLADA>