<?xml version="1.0" encoding="utf-8"?>
<COLLADA xmlns="http://www.collada.org/2005/11/COLLADASchema" version="1.4.1" xmlns:xsi="http://www.w3.org/2001/XMLSchema-instance">
  <asset>
    <contributor>
      <author>Blender User</author>
      <authoring_tool>Blender 3.4.1 commit date:2022-12-19, commit time:17:00, hash:55485cb379f7</authoring_tool>
    </contributor>
    <created>2025-12-20T16:40:47</created>
    <modified>2025-12-20T16:40:47</modified>
    <unit name="meter" meter="1"/>
    <up_axis>Z_UP</up_axis>
  </asset>
  <library_effects>
    <effect id="deadTree_001-effect">
      <profile_COMMON>
        <technique sid="common">
          <lambert>
            <emission>
              <color sid="emission">0 0 0 1</color>
            </emission>
            <diffuse>
              <color sid="diffuse">1 1 1 1</color>
            </diffuse>
            <index_of_refraction>
              <float sid="ior">1.45</float>
            </index_of_refraction>
          </lambert>
        </technique>
      </profile_COMMON>
    </effect>
    <effect id="deadTree_002-effect">
      <profile_COMMON>
        <technique sid="common">
          <lambert>
            <emission>
              <color sid="emission">0 0 0 1</color>
            </emission>
            <diffuse>
              <color sid="diffuse">0.0684 0.0206 0 1</color>
            </diffuse>
            <index_of_refraction>
              <float sid="ior">1.45</float>
            </index_of_refraction>
          </lambert>
        </technique>
      </profile_COMMON>
    </effect>
  </library_effects>
  <library_images/>
  <library_materials>
    <material id="deadTree_001-material" name="deadTree.001">
      <instance_effect url="#deadTree_001-effect"/>
    </material>
    <material id="deadTree_002-material" name="deadTree.002">
      <instance_effect url="#deadTree_002-effect"/>
    </material>
  </library_materials>
  <library_geometries>
    <geometry id="Mesh_007-mesh" name="Mesh.007">
      <mesh>
        <source id="Mesh_007-mesh-positions">
          <float_array id="Mesh_007-mesh-positions-array" count="3510">0.03986549 0.4558961 -0.02490282 -0.1638203 0.4157755 0.1013293 -0.1749448 0.2907455 0.1404933 -0.1016999 0.1823341 0.1273708 0.01300835 0.1540474 0.06964778 0.1019859 0.2224545 0.00113821 0.1131104 0.3474846 -0.03802585 0.2053058 0.5324133 0.2663674 0.001619815 0.4922929 0.3926001 -0.009504675 0.3672628 0.4317641 0.06374061 0.2588515 0.4186421 0.178449 0.2305648 0.360919 0.2674265 0.2989721 0.2924094 0.2785508 0.4240019 0.2532449 0.4978855 0.8375259 0.9140077 0.3626382 0.8108859 0.9978256 0.367177 0.7385173 1.046458 0.4277378 0.6771822 1.060374 0.5088434 0.6628113 1.031418 0.562985 0.7038221 0.9765558 0.5584455 0.7761917 0.9279218 0.8928533 1.400837 1.475511 0.8666109 1.41544 1.488607 0.8499168 1.412291 1.516622 0.852546 1.393231 1.54314 0.8729603 1.369427 1.55263 0.8992024 1.354825 1.539532 0.9158968 1.357974 1.511518 0.9132675 1.377034 1.485 0.436897 0.5190771 0.5961509 0.4338346 0.4211497 0.6401887 0.3627859 0.3668428 0.7016745 0.2653718 0.3879674 0.7445922 0.1986548 0.4721499 0.7437987 0.2017179 0.570077 0.6997614 0.3701806 0.6032596 0.5953584 0.7079507 1.234937 1.364953 0.7004641 1.171114 1.382256 0.6540966 1.136157 1.416239 0.5960083 1.150539 1.446991 0.5602281 1.205839 1.456502 0.5677152 1.269659 1.439199 0.6721709 1.290235 1.374464 0.582067 0.9603243 1.220608 0.5890012 0.9036708 1.271187 0.5418742 0.8703566 1.323124 0.4682933 0.8798947 1.345995 0.4113603 0.9266996 1.326402 0.4044269 0.9833522 1.275823 0.5251348 1.007128 1.201016 -0.1652387 -1.798217 -0.1403703 -0.186411 -1.713209 -0.04538631 -0.04290807 -1.748185 0.1422019 0.03770518 -1.847681 0.1249194 0.0588777 -1.932689 0.02993535 0.008206486 -1.953413 -0.08710956 -0.0846256 -1.897713 -0.1576528 0.06302583 -1.589695 -0.2761111 0.04185366 -1.504687 -0.1811275 0.1853566 -1.539663 0.006460666 0.2659699 -1.639159 -0.01082134 0.2871422 -1.724168 -0.1058053 0.2364711 -1.744892 -0.2228503 0.143639 -1.689191 -0.2933936 0.9035537 -0.9490788 -0.6680756 0.8953785 -0.887929 -0.6074329 0.9709675 -0.9258144 -0.4717794 1.010452 -1.002657 -0.4762325 1.018627 -1.063808 -0.5368748 0.9907028 -1.073444 -0.6181836 0.9430381 -1.025922 -0.6725288 1.566128 -0.5800514 -0.9229932 1.555255 -0.5366473 -0.8744121 1.62878 -0.5543656 -0.7786317 1.670108 -0.6051087 -0.7875395 1.680981 -0.6485133 -0.8361201 1.65503 -0.659153 -0.895916 1.607456 -0.6307955 -0.9319 2.048128 -0.1823134 -1.136695 2.045435 -0.1715641 -1.124665 2.051862 -0.1689293 -1.109856 2.063643 -0.1759519 -1.100945 2.073878 -0.1885185 -1.103151 2.076571 -0.1992678 -1.115181 2.070144 -0.2019026 -1.12999 2.058363 -0.19488 -1.138901 0.6447818 -1.404621 -0.4714928 0.7135117 -1.455957 -0.4095931 0.7520444 -1.44115 -0.3116174 0.7378078 -1.368872 -0.2349591 0.6791418 -1.281465 -0.2245225 0.5718789 -1.244936 -0.3843975 0.5861156 -1.317213 -0.4610562 1.217417 -0.7593556 -0.8284574 1.265035 -0.7972181 -0.7833667 1.291965 -0.7870762 -0.7129006 1.28243 -0.7348702 -0.6583376 1.242017 -0.6711822 -0.6516395 1.167468 -0.6434615 -0.7671962 1.177003 -0.6956673 -0.8217592 1.823107 -0.4020608 -1.020775 1.838964 -0.3955598 -0.9842396 1.83232 -0.3690395 -0.9545565 1.807068 -0.3380346 -0.9491139 1.762144 -0.327209 -1.007637 1.768788 -0.3537293 -1.03732 1.794039 -0.3847342 -1.042762 -0.007636189 5.343251 -0.1066074 -0.05576205 5.34237 -0.1077709 -0.09082365 5.362303 -0.08147287 -0.09228289 5.391374 -0.04312038 -0.05928456 5.412554 -0.01517868 0.02390277 5.393502 -0.04031324 0.02536189 5.364431 -0.07866573 -0.007636189 5.443518 -0.1826095 -0.05576205 5.442636 -0.183773 -0.09082365 5.46257 -0.1574749 -0.09228289 5.491641 -0.1191225 -0.05928444 5.512821 -0.09118032 0.02390301 5.493769 -0.1163148 0.02536189 5.464697 -0.1546683 -0.03307151 5.6039 -0.3420658 -0.0670427 5.603668 -0.3431707 -0.0917983 5.61735 -0.3243218 -0.0928359 5.636935 -0.2965598 -0.06954813 5.650948 -0.2761479 -0.01082134 5.637498 -0.2938919 -0.009783625 5.617914 -0.3216534 -0.03862857 6.018895 -0.6174498 -0.0546534 6.021853 -0.6191506 -0.06693601 6.025378 -0.6088967 -0.06828141 6.027407 -0.5926948 -0.05790162 6.02675 -0.5800352 -0.02959406 6.020267 -0.5885882 -0.02824866 6.018239 -0.6047902 -0.005051136 6.222865 -0.6278567 -0.01118457 6.223997 -0.6285076 -0.01588582 6.225346 -0.6245833 -0.01640069 6.226122 -0.618382 -0.01242792 6.225871 -0.6135364 -0.001593232 6.223389 -0.6168103 -0.001078248 6.222614 -0.6230111 -0.03926575 5.768169 -0.4963012 -0.04044246 5.779814 -0.4737673 -0.08541262 5.790114 -0.4601798 -0.1028629 5.782734 -0.4770861 -0.1016861 5.771089 -0.49962 -0.08257126 5.762001 -0.5145817 -0.05671608 5.76079 -0.5132074 0.0046494 5.899073 0.01278591 -0.02059662 5.879874 0.0170679 -0.03586506 5.867903 0.04252147 -0.03221285 5.870174 0.07423543 -0.01177883 5.885355 0.09363317 0.01346683 5.904555 0.08935117 0.0250833 5.914255 0.03218364 -0.04585969 5.965722 0.01383113 -0.07110571 5.946522 0.01811265 -0.08637428 5.934552 0.04356622 -0.08272194 5.936822 0.07528018 -0.06228768 5.952004 0.0946784 -0.03704226 5.971203 0.0903964 -0.02542591 5.980903 0.03322839 -0.1518807 6.072564 -0.00133562 -0.169894 6.059267 0.001697063 -0.1804823 6.050559 0.01965618 -0.1774429 6.051543 0.04202318 -0.1625564 6.06164 0.05569553 -0.1445426 6.074936 0.05266332 -0.1369941 6.082661 0.01233625 -0.3514674 6.335521 0.02387237 -0.3611484 6.330976 0.02592754 -0.3652539 6.324915 0.03399085 -0.3613794 6.32089 0.04333925 -0.3517943 6.321258 0.04849624 -0.3421135 6.325804 0.04644155 -0.3418825 6.33589 0.02902936 -0.3911867 6.4451 0.09697055 -0.394892 6.44336 0.09775733 -0.3964636 6.44104 0.1008434 -0.3949804 6.439499 0.1044216 -0.3913119 6.43964 0.1063952 -0.3876064 6.441381 0.1056089 -0.386035 6.4437 0.1025223 -0.3875182 6.445241 0.09894466 -0.2472424 6.187403 -0.01432943 -0.2514818 6.178611 0.01563453 -0.2657268 6.169272 0.01822423 -0.2782159 6.163575 0.008403301 -0.2816331 6.164856 -0.00807619 -0.2739766 6.172368 -0.02156019 -0.2597313 6.181706 -0.02415084 -0.2163386 -0.3516748 -0.08705949 -0.2712734 -0.3927667 0.008957386 -0.2597213 -0.3761788 0.1252193 -0.1884487 -0.3116284 0.193623 -0.09920656 -0.2369279 0.1740975 -0.05582368 -0.212424 -0.0381813 -0.1270962 -0.2769744 -0.1065845 -0.4095793 -0.1108052 -0.08680152 -0.4586544 -0.1475136 -0.001027107 -0.4483345 -0.1326954 0.1028332 -0.3846648 -0.0750308 0.1639399 -0.3049417 -0.008298397 0.1464977 -0.2661865 0.01359176 -0.04313755 -0.3298566 -0.04407358 -0.1042442 -1.075721 0.4716122 -0.1200571 -1.109779 0.4514124 -0.06496 -1.100664 0.4575231 0.001996994 -1.053717 0.4863663 0.04159164 -0.9964378 0.5210443 0.03063011 -0.971494 0.5351334 -0.09142398 -1.018441 0.5062912 -0.1310186 -1.315304 0.9109035 -0.08872747 -1.330799 0.8965454 -0.05874633 -1.328787 0.9032874 -0.0227518 -1.310444 0.9271817 -0.001828193 -1.286517 0.9542298 -0.00823307 -1.273034 0.9618459 -0.07420825 -1.291376 0.9379516 -0.09513187 -1.694263 1.258405 -0.1038732 -1.69988 1.2532 -0.09300518 -1.699151 1.255644 -0.079957 -1.692502 1.264306 -0.07237243 -1.683828 1.27411 -0.07469415 -1.67894 1.276871 -0.0986104 -1.68559 1.26821 -0.1061949 -0.73279 0.1733853 -0.132905 -0.6786006 0.2147102 -0.08399391 -0.7095258 0.1972427 0.06732845 -0.776525 0.1486825 0.08109664 -0.8307145 0.1073575 0.03218555 -0.8403506 0.09747576 -0.05075359 -0.7997892 0.124825 -0.1191363 -0.02488923 1.080359 -0.1915578 -0.0283122 1.050097 -0.09221124 0.02101194 1.078076 -0.005138397 0.09419059 1.147904 0.01865339 0.1483575 1.218679 -0.03477191 0.1517809 1.24894 -0.134119 0.0292766 1.151134 -0.2449831 -0.2174541 1.265235 -0.1418786 -0.2208776 1.234973 -0.04253196 -0.171553 1.262952 0.0445404 -0.09837436 1.33278 0.06833267 -0.04420781 1.403555 0.01490688 -0.04078459 1.433817 -0.08443975 -0.1632883 1.336009 -0.1953039 -0.6661642 1.824844 0.004041671 -0.6623516 1.79883 0.0730772 -0.6335318 1.823221 0.1365723 -0.596586 1.883728 0.1573333 -0.5731571 1.944908 0.123197 -0.5769687 1.970922 0.05416154 -0.6427353 1.886024 -0.03009462 -1.417299 2.268803 0.2343683 -1.419301 2.26054 0.2651129 -1.403208 2.268102 0.2915964 -1.378447 2.28706 0.2983041 -1.359523 2.306309 0.2813077 -1.35752 2.314573 0.2505632 -1.398375 2.288052 0.2173714 -1.603285 2.527226 0.3017664 -1.604071 2.523983 0.3138347 -1.597754 2.526951 0.3242307 -1.588034 2.534393 0.3268638 -1.580605 2.541949 0.3201919 -1.579819 2.545193 0.3081236 -1.586137 2.542224 0.2977276 -1.595856 2.534782 0.2950945 -0.4266307 1.571161 -0.1052074 -0.3052189 1.6275 -0.0169568 -0.3135161 1.609642 0.06792116 -0.3721037 1.568448 0.1162438 -0.4466615 1.528048 0.09970521 -0.4935153 1.512108 0.0279932 -0.4852178 1.529967 -0.05688476 -0.896827 2.027931 0.1336174 -0.8910935 2.008883 0.1811027 -0.900059 1.964031 0.2031116 -0.9184721 1.91965 0.1867508 -0.9355466 1.901736 0.1416053 -0.9412801 1.920784 0.09411954 -0.9323146 1.965636 0.07211065 -1.197334 2.084606 0.1528754 -1.151882 2.124634 0.1976027 -1.152329 2.11227 0.2367553 -1.171602 2.083326 0.257381 -1.198413 2.054757 0.2473978 -1.217055 2.043298 0.2126536 -1.216608 2.055663 0.1735014 -0.1003985 4.043343 -0.1124663 -0.09086358 4.049583 -0.02218151 -0.03467011 4.094382 0.03364515 0.03526389 4.151495 0.02231121 0.07797217 4.187468 -0.04954385 0.01224374 4.136429 -0.1956548 -0.05769014 4.079315 -0.1843214 -0.2504993 4.227754 -0.1093606 -0.2409646 4.233994 -0.01907587 -0.1847709 4.278793 0.03675031 -0.1148369 4.335906 0.02541685 -0.07212889 4.371879 -0.04643821 -0.1378573 4.32084 -0.1925497 -0.207791 4.263726 -0.1812157 -0.6395507 4.585985 -0.02697229 -0.6273663 4.584816 0.03219938 -0.595907 4.619875 0.07004547 -0.563601 4.670624 0.0643959 -0.5493727 4.707337 0.01855993 -0.5930164 4.673447 -0.07845783 -0.6253226 4.622696 -0.07280778 -1.18278 5.071169 0.08805418 -1.180489 5.072831 0.1105513 -1.166402 5.083886 0.1244597 -1.148769 5.097856 0.121633 -1.137918 5.106559 0.1037259 -1.140209 5.104898 0.0812292 -1.154296 5.093842 0.06732034 -1.17193 5.079872 0.07014799 -0.4036381 4.425714 -0.1260366 -0.35307 4.479552 -0.1344451 -0.298708 4.521765 -0.01360082 -0.3267584 4.485412 0.04486322 -0.3773265 4.431574 0.05327129 -0.4207902 4.391788 0.006698608 -0.4316886 4.389361 -0.06757307 -1.021111 4.784166 0.06951951 -0.9843531 4.811367 0.06403446 -0.9506457 4.837542 0.1389641 -0.9734418 4.821182 0.175486 -1.010199 4.793981 0.1809706 -1.039386 4.771871 0.1522059 -1.043906 4.767807 0.1060409 -0.8618448 4.633566 0.03956222 -0.8398836 4.681473 0.03669834 -0.8009317 4.71172 0.1232867 -0.8067587 4.676342 0.1620163 -0.8287199 4.628436 0.1648797 -0.8539503 4.596063 0.1301999 -0.8676717 4.598189 0.07829141 0.01451838 4.831679 -0.0931077 -0.08520638 4.837569 -0.09138202 -0.1075754 4.800397 -0.05910682 -0.08863711 4.760785 -0.02754592 -0.03948521 4.741937 -0.01518678 0.01108777 4.754895 -0.02927112 0.0334568 4.792067 -0.06154727 0.02171611 4.921704 0.01556253 -0.07800865 4.927594 0.0172882 -0.1003776 4.890421 0.0495634 -0.08143937 4.850811 0.08112525 -0.03228735 4.831963 0.09348297 0.01828551 4.84492 0.07939958 0.04065442 4.882092 0.04712343 0.01942741 5.04986 0.1900792 -0.0546385 5.054235 0.1913609 -0.07155478 5.023025 0.2101378 -0.05779194 4.990001 0.228383 -0.02141201 4.974511 0.2354092 0.01627409 4.985627 0.2271013 0.03319036 5.016838 0.2083253 0.01364779 5.145674 0.3883796 -0.03078997 5.148299 0.3891492 -0.0405358 5.134639 0.4064412 -0.03187489 5.119893 0.4234138 -0.009880661 5.112697 0.4301257 0.01256287 5.117268 0.4226451 0.02230858 5.130928 0.4053536 0.01245236 5.277208 0.5117822 0.001404166 5.280822 0.5084109 -0.009869694 5.278526 0.5121684 -0.01476526 5.271664 0.520855 -0.01041471 5.264257 0.5293803 6.33478e-4 5.260643 0.532752 0.01190733 5.262938 0.5289941 0.0168029 5.2698 0.5203085 -0.02709221 2.143242 -0.3137918 -0.02447581 2.143242 -0.1873278 -6.0904e-4 2.084456 -0.1616187 0.02217423 2.025671 -0.1882929 0.03052759 2.001321 -0.2517247 0.01955795 2.025671 -0.3147569 -0.004309058 2.084456 -0.3404656 0.2358107 2.294408 -0.3624168 0.2402131 2.294408 -0.1496181 0.2803732 2.195492 -0.106358 0.3187099 2.096575 -0.1512417 0.3327661 2.055602 -0.2579775 0.3143075 2.096575 -0.3640404 0.2741473 2.195492 -0.4073005 1.323643 2.74489 -0.3268108 1.325642 2.74489 -0.2301845 1.358318 2.70892 -0.2108402 1.390166 2.67295 -0.2315192 1.40253 2.658051 -0.2801089 1.388167 2.67295 -0.3281455 1.355491 2.70892 -0.3474903 2.164398 3.494367 -0.3098321 2.164976 3.494367 -0.2819214 2.174415 3.483977 -0.2763338 2.183614 3.473587 -0.2823072 2.187186 3.469284 -0.2963424 2.183036 3.473587 -0.3102174 2.173598 3.483977 -0.3158054 1.693965 3.148178 -0.3321481 1.71596 3.123966 -0.3191271 1.725628 3.113937 -0.2867932 1.717305 3.123966 -0.2540875 1.695868 3.148178 -0.2401676 1.673873 3.172389 -0.2531886 1.672528 3.172389 -0.3182287 0.8315667 2.333994 -0.3818884 0.8683623 2.263375 -0.3493795 0.88498 2.234123 -0.269402 0.8716843 2.263375 -0.1888055 0.8362647 2.333994 -0.1548027 0.7994691 2.404613 -0.1873116 0.7961471 2.404613 -0.3478851 0.1775186 3.397788 -0.2235689 0.105867 3.347767 -0.2850103 -8.21114e-4 3.344385 -0.2891646 -0.08004891 3.389622 -0.2335987 -0.08540582 3.45698 -0.1508626 0.09293389 3.510382 -0.08526706 0.1721616 3.465145 -0.1408329 0.1775186 3.61426 -0.3998041 0.105867 3.564239 -0.461246 -8.21114e-4 3.560857 -0.4653993 -0.08004891 3.606095 -0.4098339 -0.08540582 3.673452 -0.3270979 0.09293389 3.726855 -0.2615028 0.1721616 3.681617 -0.3170681 0.1994061 4.013699 -0.8842855 0.1511433 3.974276 -0.9181614 0.08098876 3.97824 -0.9278407 0.03003847 4.023267 -0.9076543 0.0281378 4.082984 -0.8694258 0.1465551 4.118444 -0.8258705 0.1975059 4.073414 -0.8460574 0.2389888 4.556723 -1.557184 0.2211353 4.544384 -1.572593 0.1945528 4.543416 -1.573528 0.1748139 4.554383 -1.559438 0.1734801 4.57086 -1.538578 0.191334 4.583199 -1.523169 0.217916 4.584167 -1.522234 0.2376555 4.5732 -1.536324 0.1849743 3.856551 -0.566947 0.1202998 3.901682 -0.5295897 -0.02719974 3.857514 -0.5838418 -0.02362167 3.794088 -0.6436706 0.04105257 3.748959 -0.6810279 0.128938 3.74856 -0.6740303 0.1885522 3.793127 -0.6267762 0.302273 4.245976 -1.334872 0.2620045 4.26671 -1.305353 0.1705467 4.239324 -1.338992 0.1729326 4.207246 -1.382445 0.2132004 4.186513 -1.411963 0.2677635 4.189268 -1.410256 0.3046582 4.2139 -1.378324 0.2931479 4.076341 -1.138449 0.2498049 4.119513 -1.128653 0.1441174 4.087865 -1.167526 0.1436834 4.031585 -1.193424 0.187026 3.988414 -1.203219 0.2487564 3.98364 -1.191175 0.2927134 4.020062 -1.164346 0.01665115 5.080108 -0.08688926 -0.005930662 5.111306 -0.0489335 0.02294242 5.08619 0.04336023 0.05748426 5.044588 0.04363393 0.08006703 5.01339 0.005678176 0.07746016 5.010871 -0.04827308 0.05119252 5.038508 -0.08661603 0.1251492 5.170133 -0.09633302 0.1025665 5.201332 -0.05837774 0.1314407 5.176214 0.03391647 0.165983 5.134613 0.03419017 0.1885644 5.103416 -0.003766059 0.1859588 5.100897 -0.05771684 0.1596908 5.128532 -0.09605979 0.2962147 5.302859 -0.0938692 0.2815853 5.327539 -0.06576728 0.2957172 5.303731 0.003080368 0.3162003 5.269189 0.003496646 0.3308296 5.24451 -0.02460527 0.3310363 5.244149 -0.06476306 0.3166986 5.268318 -0.0934534 0.4894177 5.406829 -0.07388353 0.4781474 5.41954 -0.05679559 0.4951379 5.412415 -0.01626443 0.5134455 5.396753 -0.01656389 0.5247158 5.384042 -0.03365182 0.5223467 5.381729 -0.057518 0.5077263 5.391167 -0.07418251 0.6108689 5.539772 -0.08421182 0.6052077 5.546156 -0.07562828 0.6063976 5.547319 -0.06364011 0.6137421 5.542577 -0.05526876 0.6229384 5.534709 -0.05541944 0.6285999 5.528325 -0.06400299 0.6274097 5.527163 -0.07599163 0.6200656 5.531904 -0.08436203 0.1414743 -2.218771 -0.1114959 -0.1546275 -2.187342 -0.1551218 -0.2428359 -2.267373 -0.04403257 -0.2083952 -2.360421 0.08512783 -0.07148015 -2.411981 0.1566982 0.08770656 -2.39185 0.1287536 0.1759151 -2.31182 0.01766395 0.1414743 -1.87345 0.1372776 -0.1546274 -1.842021 0.09365177 -0.2428362 -1.922052 0.2047414 -0.2083952 -2.015101 0.3339014 -0.07148015 -2.066661 0.4054718 0.08770656 -2.046529 0.3775272 0.1759151 -1.966499 0.2664375 0.06850171 -0.7987776 1.063704 -0.1297349 -0.7777362 1.034497 -0.1882754 -0.8490625 1.092594 -0.1647031 -0.9291043 1.162788 -0.07282698 -0.9709745 1.203962 0.03353357 -0.9501453 1.191995 0.09207391 -0.8788195 1.133898 0.003489851 -0.134139 1.819409 -0.14786 -0.1180744 1.79711 -0.1929471 -0.1587951 1.854027 -0.1753429 -0.2061686 1.92018 -0.1053599 -0.2324454 1.956819 -0.02399301 -0.2222332 1.942479 0.02109408 -0.1815137 1.885562 -0.06333947 0.5123541 2.339571 -0.08067071 0.5188615 2.330498 -0.1008212 0.5163324 2.33405 -0.1119869 0.5062482 2.348145 -0.1076272 0.4945161 2.364528 -0.09029603 0.4880085 2.373601 -0.0701456 0.4905379 2.37005 -0.05897974 0.500622 2.355955 0.1076072 -1.464169 0.8330517 0.03523015 -1.539555 0.9158626 -0.09576749 -1.560059 0.9352813 -0.2086489 -1.513669 0.879931 -0.2372901 -1.427561 0.7822366 -0.1649131 -1.352175 0.6994248 0.07896602 -1.378061 0.7353563 0.07733023 -0.4485526 1.426779 0.02557075 -0.5044522 1.484281 -0.06819248 -0.5199304 1.497444 -0.1490339 -0.4859195 1.458556 -0.1695981 -0.4223433 1.390398 -0.1178385 -0.3664432 1.332897 0.05676603 -0.3849759 1.358622 -0.03702068 0.163624 2.102493 -0.08673644 0.1573839 2.111255 -0.1294965 0.1734397 2.088868 -0.1402529 0.2023854 2.048448 -0.1127043 0.227266 2.013671 -0.02022838 0.2174503 2.027297 -0.009472131 0.1885042 2.067717 0.07955586 0.7495856 -0.1740837 -0.03110682 0.7141585 -0.2100825 -0.1450288 0.746912 -0.1827659 -0.195476 0.8286576 -0.1081347 -0.1528973 0.911511 -0.02990627 0.07168734 0.9141841 -0.02122402 0.1221346 0.832438 -0.09585618 0.08597648 0.9660134 -0.406805 -0.02468633 0.9305868 -0.4428043 -0.1386083 0.9633403 -0.4154873 -0.1890555 1.045085 -0.3408566 -0.1464768 1.127939 -0.2626281 0.07810795 1.130612 -0.2539458 0.1285551 1.048866 -0.328578 0.06700599 1.621128 -0.9588461 -0.01189613 1.590674 -0.9768963 -0.09265744 1.619227 -0.9650188 -0.1279698 1.690062 -0.9301705 -0.09714627 1.761682 -0.892766 0.06251704 1.763583 -0.8865938 0.09782981 1.692749 -0.9214416 0.0509361 2.140855 -1.878445 0.01699447 2.131181 -1.890646 -0.01800811 2.140034 -1.88111 -0.03356754 2.162228 -1.855423 -0.0205692 2.184762 -1.828633 0.04837501 2.185583 -1.825967 0.06393444 2.163388 -1.851654 0.03529274 2.443381 -2.109498 0.02196931 2.439584 -2.114288 0.008229494 2.443059 -2.110545 0.002121925 2.451771 -2.100461 0.007224202 2.460617 -2.089945 0.03428733 2.460939 -2.088899 0.04039502 2.452227 -2.098981 0.1124067 1.324149 -0.6540065 0.06967365 1.371443 -0.5754762 -0.1189749 1.369198 -0.5827689 -0.1543824 1.320973 -0.6643205 -0.1116493 1.273679 -0.7428498 -0.01580798 1.255019 -0.7723575 0.07699906 1.275925 -0.7355571 0.0521835 1.837903 -1.264885 -0.05941236 1.836575 -1.269199 -0.08127224 1.784069 -1.286408 -0.05690753 1.732113 -1.301829 -5.90801e-4 1.711143 -1.30643 0.05468845 1.733442 -1.297515 0.07654821 1.785947 -1.280306 0.07144117 1.925222 -1.604602 0.05153405 1.958667 -1.57767 -0.03749108 1.957607 -1.581111 -0.05445933 1.923723 -1.609469 -0.03455221 1.890279 -1.636403 0.01056909 1.876864 -1.646133 0.05447292 1.891338 -1.632961 0.1724778 -3.335102 -0.2663875 -0.03346049 -3.335102 -0.3516898 -0.2393987 -3.335102 -0.2663875 -0.3247013 -3.335102 -0.06044912 -0.2393987 -3.335102 0.1454892 -0.03346049 -3.335102 0.2307915 0.1724778 -3.335102 0.1454892 0.2577803 -3.335102 -0.06044912 0.04639685 5.107841 -0.1026873 -0.04103231 5.118664 -0.1314086 -0.1240259 5.118533 -0.0902028 -0.153968 5.107521 -0.003207206 -0.1133178 5.092082 0.07861614 -0.02588868 5.081258 0.1073384 0.05710518 5.081391 0.06613159 0.0870471 5.092402 -0.02086353 0.06759822 6.662679 0.26652 0.03395533 6.669308 0.2567482 0.03686845 6.651571 0.2997241 0.00201857 6.66555 0.272151 -0.009504079 6.653603 0.3037076 0.00613892 6.640463 0.3329296 0.03978252 6.633833 0.3427 0.07171845 6.637593 0.3272977 0.08324027 6.649533 0.2957411 0.1348875 -0.4928548 0.1190376 0.05331182 -0.4813418 0.2766318 -0.1170899 -0.4708603 0.3309479 -0.2764988 -0.4675493 0.2501679 -0.3315353 -0.4733493 0.08161163 -0.2499597 -0.4848619 -0.07598257 -0.07955765 -0.4953442 -0.130299 0.07985103 -0.4986549 -0.04951906 0.2006924 2.301548 -0.2219209 0.1407439 2.297235 -0.1022939 0.01238048 2.301347 -0.05869579 -0.1092044 2.311477 -0.1166672 -0.1527884 2.321688 -0.2422485 -0.09283983 2.326002 -0.3618755 0.03552341 2.321889 -0.4054732 0.1571083 2.31176 -0.3475018 -0.07043647 5.665128 0.06035804 -0.1021099 5.677157 -0.003395557 -0.07877981 5.685736 -0.07117891 -0.01411402 5.685839 -0.1032848 0.05400753 5.677408 -0.08090639 0.0856806 5.665376 -0.0171523 0.06235098 5.6568 0.05063009 -0.002314686 5.656697 0.08273601 0.0126357 2.668144 -0.2667956 -0.05506479 2.674964 -0.2743058 -0.1101096 2.647604 -0.2441768 -0.1202543 2.602092 -0.1940574 -0.07955622 2.565087 -0.1533064 -0.01185572 2.558267 -0.1457962 0.04318916 2.585627 -0.1759257 0.05333375 2.63114 -0.2260451 0.04410481 2.92616 -0.103177 -0.06981372 2.937636 -0.1158142 -0.1624368 2.891598 -0.0651164 -0.1795073 2.815015 0.01921796 -0.1110253 2.752748 0.0877881 0.002893209 2.741271 0.1004257 0.09551632 2.78731 0.04972743 0.1125866 2.863893 -0.03460741 -0.01657116 3.799225 0.6852756 -0.1103562 3.783531 0.7025581 -0.118829 3.763087 0.7499499 -0.08845448 3.749142 0.7901831 -0.03702592 3.749867 0.7996903 0.005330562 3.764836 0.7729011 0.01380312 3.785281 0.7255092 -0.14332 4.82873 1.124511 -0.1581749 4.82852 1.121765 -0.1704099 4.824197 1.129503 -0.1728571 4.818291 1.143192 -0.1640834 4.814264 1.154814 -0.1492283 4.814474 1.15756 -0.1369935 4.818797 1.149822 -0.1345462 4.824703 1.136133 -0.07636952 4.319232 0.8459749 -0.08207249 4.305471 0.8778749 -0.110583 4.295395 0.8959069 -0.1452001 4.294907 0.8895078 -0.1656454 4.304293 0.8624263 -0.1599425 4.318055 0.8305259 -0.09681487 4.328619 0.818893 0.09525775 3.228835 0.4093104 0.08205246 3.177488 0.4770379 0.01202654 3.145417 0.5169878 -0.07379996 3.151408 0.5057573 -0.1251509 3.191952 0.4499259 -0.1119455 3.243298 0.3821988 0.04390692 3.269378 0.3534789 -0.02951669 -1.293356 -0.09620857 -0.1597001 -1.318149 -0.08558559 -0.2568753 -1.277297 -0.00457096 -0.2641177 -1.19473 0.09937906 -0.1771854 -1.118815 0.1653714 0.05017304 -1.134874 0.0737338 0.05741572 -1.217441 -0.03021621 -0.105288 -1.019573 -0.2970562 -0.2215847 -1.041722 -0.2875667 -0.3083942 -1.005228 -0.2151937 -0.3148642 -0.9314687 -0.122332 -0.2372047 -0.8636513 -0.06337881 -0.03409862 -0.8779969 -0.1452412 -0.02762877 -0.9517567 -0.2381033 -0.3803158 -0.357383 -0.990633 -0.4559691 -0.3677752 -0.9871912 -0.5110402 -0.3481498 -0.9379439 -0.513269 -0.3100014 -0.8717389 -0.4613497 -0.2756786 -0.8273587 -0.3306251 -0.2849119 -0.8800473 -0.3283966 -0.3230593 -0.9462524 -0.477159 0.1441137 -1.231804 -0.517062 0.1346216 -1.226806 -0.5478211 0.1491048 -1.203324 -0.5514181 0.17908 -1.175112 -0.5257459 0.2069878 -1.158698 -0.4550836 0.2019968 -1.187178 -0.4514866 0.1720213 -1.21539 -0.6341441 0.5394979 -1.625343 -0.6486089 0.536057 -1.623531 -0.6597593 0.5413072 -1.615018 -0.6610632 0.5521731 -1.604791 -0.651757 0.5622897 -1.598841 -0.6372919 0.5657306 -1.600653 -0.6261418 0.5604804 -1.609166 -0.6248379 0.5496144 -1.619393 -0.2107646 -0.7023943 -0.6521287 -0.2148301 -0.648824 -0.574379 -0.3769016 -0.6373766 -0.5090556 -0.4399684 -0.6862054 -0.5597472 -0.4359028 -0.7397757 -0.6374965 -0.3670867 -0.7667067 -0.6967592 -0.2738314 -0.7512231 -0.7028203 -0.1731265 0.911099 0.03268384 -0.04594731 0.959908 0.09813642 -0.03894662 1.235327 -0.1677579 -0.1842163 1.194157 -0.209578 0.08702886 0.9141955 0.04274129 0.1100553 1.197659 -0.1982016 0.1202557 0.7690988 -0.02774953 0.07767689 0.6862464 -0.105977 -0.1973547 0.7653184 -0.04002809 -0.1469078 0.6835728 -0.1146593 -0.0329858 0.6508193 -0.1419758 0.03678119 2.514208 -2.169794 0.02345776 2.510411 -2.174583 0.009717941 2.513886 -2.17084 0.003610372 2.522598 -2.160757 -0.01130974 2.526148 -2.090349 0.01893234 2.556449 -2.071708 0.05123436 2.526893 -2.087931 0.04188346 2.523053 -2.159276 -0.02941894 1.458411 -0.4829021 -0.1560417 1.431286 -0.5253782 0.1007134 1.434343 -0.5154524 -0.1337586 1.831183 -0.8532372 -0.02099967 1.872676 -0.8282433 -0.006130456 1.94873 -1.236285 -0.09555995 1.919311 -1.248239 0.09430658 1.833898 -0.8444204 0.0846287 1.921456 -1.241273 -0.05887019 2.246784 -1.770893 0.01009929 2.262002 -1.752572 0.08061933 2.248444 -1.7655 0.08360469 2.031758 -1.532687 0.003629446 2.052097 -1.52057 -0.07466614 2.029874 -1.538806 -0.06034529 2.152625 -0.3217726 -0.07765889 2.186059 -0.2494864 0.2048237 2.378242 -0.2553306 0.2200711 2.333363 -0.3793092 -0.05737042 2.152625 -0.1779785 0.2251856 2.333363 -0.1320891 -0.04713451 2.067457 -0.3395796 -0.0232675 2.008672 -0.3138709 -0.01229786 1.984322 -0.2508388 -0.02065122 2.008672 -0.187407 -0.0434345 2.067457 -0.1607327 2.169913 3.527747 -0.3186641 2.162277 3.544732 -0.2958269 2.170851 3.527747 -0.273325 2.208712 3.514751 -0.2770434 2.217911 3.504361 -0.2830167 2.221482 3.500058 -0.2970519 2.217333 3.504361 -0.3109269 2.207895 3.514751 -0.316515 0.7666764 2.477016 -0.2669544 0.780871 2.443847 -0.3648205 0.7849065 2.443847 -0.1697587 1.295726 2.776719 -0.3436775 1.28114 2.794647 -0.2775979 1.633779 3.217025 -0.284893 1.644354 3.20405 -0.3351059 1.298446 2.776719 -0.2121777 1.646421 3.20405 -0.2351608 -0.09398746 3.452907 -0.1375389 -0.02145302 3.505938 -0.06762456 -0.02354145 3.739388 -0.2520037 -0.1021839 3.685749 -0.3176169 0.0923537 3.508705 -0.06900024 0.09184443 3.74385 -0.2462511 0.1721616 3.447199 -0.1262226 0.1775186 3.379841 -0.2089586 -0.08004891 3.371676 -0.2189884 -8.21114e-4 3.326439 -0.2745543 0.105867 3.329821 -0.2704001 0.02296674 3.920109 -0.5255795 -0.04376161 3.871888 -0.5764794 0.1193299 3.920725 -0.5164924 0.01349139 4.099412 -0.8677902 0.06814348 4.143337 -0.8301392 0.1797734 4.145154 -1.135116 0.1295176 4.10393 -1.165217 0.1468085 4.139333 -0.8187547 0.2498019 4.139949 -1.120976 0.2606797 4.28206 -1.288402 0.1975435 4.278215 -1.291757 0.2167003 4.597083 -1.503071 0.1821995 4.593744 -1.506918 0.1537014 4.250026 -1.32775 0.156427 4.579034 -1.52524 0.1016509 4.184966 -0.05187177 0.09949374 4.179232 -0.1531023 -0.06272983 4.388345 -0.1531729 -0.0500245 4.396631 -0.05042028 0.03086125 4.129997 -0.2092332 -0.1256766 4.337886 -0.2185916 -0.03633379 4.053077 -0.1847629 -0.07904219 4.017105 -0.1129078 0.05662024 4.125257 0.02186965 -0.01331377 4.068143 0.0332036 -0.06950724 4.023345 -0.02262306 -0.2945025 4.545155 -0.1036853 -0.2797396 4.54952 -0.01731061 -0.3439639 4.499648 -0.1600794 -0.5390163 4.737861 0.01711177 -0.5545108 4.738631 -0.05430459 -0.807363 4.743878 0.0576086 -0.7897797 4.741568 0.1214346 -0.5920847 4.696654 -0.1008567 -0.8379648 4.704153 0.0143218 -0.9696059 4.826079 0.03781127 -0.9338324 4.853757 0.07611799 -1.136505 5.104846 0.04072904 -1.11741 5.119791 0.0657711 -0.9260819 4.859876 0.1345629 -1.110111 5.125341 0.09940099 -0.06610572 2.668439 -0.3004027 -0.1211506 2.641079 -0.2702737 -0.1844303 2.911752 -0.08722734 -0.07820475 2.960067 -0.1404318 0.05333375 2.603164 -0.2514491 0.0126357 2.640168 -0.2921996 0.04318916 2.557651 -0.2013297 -0.01185572 2.530291 -0.1712002 -0.07955622 2.537111 -0.1787104 -0.1202543 2.574116 -0.2194614 0.04940462 2.956096 -0.1256227 -0.05104565 3.30055 0.3155913 0.04931783 3.294492 0.3265576 -0.1339825 3.263819 0.3603354 -0.01056718 3.814387 0.6516514 -0.0766195 3.812576 0.6417742 -0.1400264 4.34192 0.7783766 -0.09078586 4.343567 0.7851372 -0.1321071 3.794049 0.674048 -0.1816939 4.328355 0.8018894 -0.1925797 4.83942 1.102955 -0.1664738 4.846064 1.092661 -0.137748 4.848595 1.092851 0.01797103 4.832159 -0.1061086 -0.03473722 4.854241 -0.124135 -0.02674198 4.955679 -0.008331298 0.02961683 4.935246 0.004793643 -0.0890249 4.838478 -0.1042571 -0.0846275 4.941993 0.00677061 0.03248715 4.77994 -0.07618713 0.01011812 4.742768 -0.04391098 -0.04045486 4.72981 -0.02982664 -0.08960676 4.748658 -0.04218578 -0.108545 4.78827 -0.07374668 -0.01613616 5.081912 0.1737027 0.02730822 5.064723 0.1813311 -0.0610125 5.06994 0.1828594 -0.007599234 5.168639 0.3710318 0.02144551 5.159503 0.3783989 -0.03724575 5.16297 0.379415 0.001917362 5.293181 0.4958954 0.02021265 5.289138 0.4991412 -0.01660358 5.291313 0.4997783 -0.02208924 5.112825 -0.04822349 -0.02464091 5.117595 0.01271295 0.09279835 5.221187 0.004180431 0.08860683 5.219555 -0.05855417 0.009324669 5.085498 0.05219125 0.1225725 5.190006 0.04998302 0.03355145 5.023871 -0.08508062 -9.89914e-4 5.065471 -0.08535385 0.0598191 4.996234 -0.04673767 0.06242597 4.998753 0.007213592 0.0398432 5.029951 0.04516935 0.2709953 5.346746 -0.01755619 0.2700802 5.347319 -0.06615495 0.2882674 5.318574 0.01893091 0.4692505 5.439682 -0.02381658 0.4651568 5.438072 -0.05704879 0.4869961 5.426829 -4.23431e-4 0.5935274 5.562192 -0.05563068 0.5889933 5.562432 -0.0755968 0.6042161 5.556049 -0.03928136 -0.05970621 5.409866 0.00431776 -0.003496408 5.411661 0.01268959 -0.001393437 5.532478 -0.07192993 -0.06008768 5.532367 -0.07175731 0.03344273 5.388531 -0.02382659 0.04259443 5.50885 -0.1027822 0.02536189 5.342245 -0.06184864 -0.007636189 5.321064 -0.08979034 -0.09228289 5.369188 -0.02630329 -0.09082365 5.340117 -0.06465578 -0.05576205 5.320183 -0.09095382 2.7585e-4 6.250029 -0.630815 -0.005857586 6.251161 -0.6314659 -0.01055884 6.252511 -0.6275416 -0.0110737 6.253287 -0.6213403 -0.0107485 6.241974 -0.6013618 0.003474235 6.243462 -0.5947456 0.01003086 6.237215 -0.6076403 0.004248738 6.249778 -0.6259694 -0.02614367 5.672735 -0.2601609 -0.07009589 5.673201 -0.2594299 0.007333397 5.655467 -0.282825 -0.04970932 5.80606 -0.4392161 -0.08586084 5.807546 -0.4393988 -0.02214598 5.792954 -0.4586496 -0.05916774 6.035593 -0.5539832 -0.03257155 6.031225 -0.5531707 -0.01134026 6.02464 -0.5684338 0.02093231 5.902617 0.09291791 0.04051709 5.915912 0.06618785 -0.01345944 5.991211 0.06821346 -0.03052556 5.978112 0.09756708 0.03345215 5.913071 0.03130483 -0.0165944 5.988842 0.03165721 0.01190733 5.889496 0.01263618 -0.004520893 5.875779 0.09348344 -0.02495491 5.860597 0.07408571 -0.02860713 5.858326 0.04237174 -0.01333868 5.870297 0.01691818 -0.1266211 6.092646 0.03780412 -0.1392093 6.083002 0.05979871 -0.1287152 6.091253 0.01090574 -0.2348835 6.193659 0.004915714 -0.2444407 6.184559 0.02285861 -0.2381212 6.195018 -0.01569604 -0.3325484 6.328242 0.05306863 -0.3272646 6.336685 0.04078197 -0.375628 6.446995 0.1045689 -0.3772519 6.442375 0.1116275 -0.3317187 6.342045 0.0273633 -0.3770588 6.450838 0.09701919 -0.09277236 5.696534 -0.09875345 -0.01574146 5.696321 -0.1316843 -0.01197397 6.676347 0.2445764 0.03232789 6.67979 0.2283487 0.06474518 5.687574 -0.1101307 0.07833588 6.672845 0.2372956 0.1773272 1.248946 -0.1485919 0.1306855 1.220108 -0.2516308 -0.07888555 1.429409 -0.2038016 -0.02081394 1.463744 -0.1050214 0.04468441 1.143044 -0.2686315 -0.1628065 1.349428 -0.2345614 0.004558324 1.052088 -0.1991548 0.177805 1.190407 -0.04236888 0.1236381 1.119632 0.01105642 0.0504595 1.049804 -0.01273536 0.001135349 1.021825 -0.09980821 -0.3400779 1.633612 -0.1217446 -0.2833006 1.655575 -0.03767728 -0.4253967 1.584299 -0.1445078 -0.5628002 2.002308 0.03532171 -0.5978091 1.973575 -0.03981447 -0.9142022 2.039046 0.05878257 -0.8907015 2.065226 0.1167864 -0.6453848 1.900465 -0.06840229 -0.9385553 1.982492 0.03473663 -1.33556 2.342632 0.2292714 -1.361584 2.329106 0.1910457 -1.574424 2.562357 0.2672238 -1.557122 2.572457 0.2865448 -1.397685 2.301115 0.1779627 -1.595129 2.547783 0.2556658 -1.163893 2.138331 0.1304955 -1.136543 2.157259 0.178296 -1.199163 2.099352 0.114222 0.03161489 0.4710338 -0.04871702 -0.09571349 0.5093629 0.007146358 0.08046603 0.6008659 0.320509 0.2091917 0.5721619 0.2548485 -0.1854097 0.4282858 0.08578157 -0.02099573 0.5268214 0.3975053 0.0930916 0.3382259 -0.07327079 0.08196711 0.2131958 -0.03410673 -0.007010459 0.1447887 0.03440284 -0.1217187 0.1730754 0.09212589 -0.1949636 0.2814868 0.1052484 0.2590283 0.6623006 0.6281591 0.3708736 0.6401997 0.5780931 0.1761695 0.6018481 0.6987591 0.4957128 0.8724227 0.8915892 0.4007304 0.8859367 0.9252873 0.4302346 1.046332 1.204033 0.5200715 1.037436 1.174397 0.3327673 0.8380952 0.9883571 0.373863 1.008745 1.263626 0.5431837 1.30071 1.434514 0.5964934 1.338835 1.38945 0.8312655 1.44926 1.520375 0.8554286 1.449375 1.476699 0.6659894 1.318055 1.344541 0.8891401 1.431737 1.447942 -0.07754182 -0.2400834 0.185142 -0.009490132 -0.1943619 0.08535957 -0.2356548 0.05672287 0.06812191 -0.2893355 0.01635885 0.165852 -0.03145432 -0.2140519 -0.04037046 -0.2454206 0.0411632 -0.04902982 -0.1040886 -0.3040488 -0.1050081 -0.1933308 -0.3787491 -0.08548307 -0.1654411 -0.3387027 0.1951994 -0.2367134 -0.4032531 0.1267957 -0.2482655 -0.4198411 0.0105338 -1.721146 1.281517 -0.1066989 -1.726763 1.276312 -0.09583091 -1.726034 1.278757 -0.08278274 -1.719385 1.287418 -0.07519817 -1.689127 1.297868 -0.06605529 -1.678939 1.314655 -0.08163166 -1.681536 1.302156 -0.1032013 -1.712473 1.291322 -0.1090207 -0.6493306 0.2533269 0.006275177 -0.6937726 0.2218155 0.0866208 -0.6577194 0.2421791 -0.08979225 -0.9745283 0.5400426 0.05111598 -0.9358187 0.5635021 -0.01646947 -1.24657 0.9931965 -0.03037595 -1.266773 0.975132 0.01211023 -0.9442322 0.5571544 -0.097126 -1.247907 0.9857893 -0.08020496 -0.1756376 -1.120035 0.1814951 -0.03813779 -1.092924 0.1765489 -0.1145242 -0.8225989 -0.06034278 -0.2393815 -0.8456552 -0.04890727 0.06005465 -1.136682 0.08649826 -0.02037656 -0.861124 -0.1371784 0.06201982 -1.235375 -0.01564979 -0.02491259 -1.31129 -0.08164215 -0.2595134 -1.212665 0.1139454 -0.2522709 -1.295231 0.00999546 -0.155096 -1.336083 -0.07101917 -0.27739 -0.6027103 -0.502955 -0.3790004 -0.6194456 -0.4945212 -0.201128 -0.6320093 -0.5662131 -0.4624558 -0.2613688 -0.8087263 -0.3779781 -0.2503889 -0.8142619 -0.4785533 0.2329337 -1.148492 -0.5273578 0.2225666 -1.141405 -0.3152394 -0.2717669 -0.868062 -0.4401081 0.2164039 -1.17657 -0.6313245 0.5830455 -1.588882 -0.6541212 0.5801931 -1.583712 -0.6118429 0.5772069 -1.600752 -0.2183256 -1.709466 -0.03223276 -0.172914 -1.682137 0.1020255 0.07477092 -1.442899 -0.04384183 0.01597332 -1.463631 -0.1771221 -0.06352853 -1.747195 0.1701192 0.1796569 -1.505501 0.04110908 -0.1178208 -1.928037 -0.1379127 -0.1984338 -1.828541 -0.1206302 -0.02498877 -1.983737 -0.06736946 0.02568244 -1.963013 0.04967546 0.004509925 -1.878005 0.1446595 0.5931567 -1.190067 -0.2638726 0.5445613 -1.205249 -0.3798561 0.6731407 -1.247353 -0.1898984 0.8633627 -0.8514035 -0.6005721 0.9012537 -0.8407846 -0.5033612 1.178986 -0.5902608 -0.678854 1.145401 -0.6009028 -0.7651525 0.9629046 -0.8931899 -0.4359856 1.237852 -0.6358945 -0.6180415 1.53241 -0.4948671 -0.8716889 1.567883 -0.4840357 -0.7928896 1.759466 -0.2799962 -0.9508476 1.734649 -0.2873104 -1.002803 1.624959 -0.5188863 -0.7451444 1.801994 -0.3032105 -0.9149609 2.060284 -0.1397333 -1.067959 2.038727 -0.1291329 -1.09225 2.022524 -0.12819 -1.122439 0.1531317 -2.225659 -0.1387586 0.01053047 -2.170003 -0.2256073 0.01218104 -1.792675 0.03502225 0.1644525 -1.848218 0.1116251 -0.159179 -2.192509 -0.1847724 -0.1636357 -1.813395 0.06328678 0.1759151 -2.346748 -0.007498741 0.08770656 -2.426778 0.1035909 -0.07148015 -2.44691 0.1315355 -0.2083952 -2.39535 0.05996513 -0.2428359 -2.302301 -0.06919527 -0.02625811 -1.303752 0.6481471 0.1016838 -1.35423 0.7085991 -0.1736503 -1.325006 0.6680331 0.09141945 -0.7788408 1.033263 -0.01568865 -0.7334669 0.9872503 -0.01659214 -0.3188105 1.292107 0.07900917 -0.3573172 1.336042 -0.1384087 -0.7544463 0.9994006 -0.1265364 -0.3355005 1.305758 0.02585899 -0.1074526 1.796258 -0.05899393 -0.07596492 1.754851 -0.05532717 0.2612412 1.972891 0.002806782 0.2412769 2.000385 -0.1567126 -0.08807396 1.769359 -0.1216955 0.2544921 1.982041 -0.1097075 0.5477693 2.306015 -0.07372546 0.5486181 2.304796 -0.04056262 0.5404303 2.316202 -0.2367732 -2.974022 -0.2708535 -0.03855788 -2.9763 -0.349422 0.1572684 -2.977019 -0.2651029 0.2359933 -2.975759 -0.06728792 0.1515007 -2.973257 0.1281437 -0.04671466 -2.970979 0.2067122 -0.2425408 -2.970259 0.1223921 -0.3212657 -2.97152 -0.07542181 0.1724778 -4.119258 -0.2663875 -0.03346049 -4.119258 -0.3516898 -0.03346049 -4.119258 -0.06044912 -0.2393987 -4.119258 -0.2663875 -0.3247013 -4.119258 -0.06044912 -0.2393987 -4.119258 0.1454892 -0.03346049 -4.119258 0.2307915 0.1724778 -4.119258 0.1454892 0.2577803 -4.119258 -0.06044912</float_array>
          <technique_common>
            <accessor source="#Mesh_007-mesh-positions-array" count="1170" stride="3">
              <param name="X" type="float"/>
              <param name="Y" type="float"/>
              <param name="Z" type="float"/>
            </accessor>
          </technique_common>
        </source>
        <source id="Mesh_007-mesh-normals">
          <float_array id="Mesh_007-mesh-normals-array" count="7911">0.1074963 0.9333745 -0.3424277 0.0751968 0.9528139 -0.2940939 0.06310367 0.9538925 -0.29344 -0.6003119 0.7939557 0.09622889 -0.5505254 0.8295496 0.09364408 -0.6095604 0.7845557 0.1136159 -0.7892045 0.1985893 0.5811355 -0.857627 0.2229748 0.4634202 -0.8571857 0.2218521 0.4647734 -0.6766766 -0.5202425 0.521015 -0.6553038 -0.5101534 0.5570641 -0.6766766 -0.5202426 0.5210148 -0.08459985 -0.9508591 0.297842 -0.05806702 -0.9374049 0.343366 -0.05805397 -0.9372269 0.3438539 0.5570271 -0.8244764 -0.09979778 0.5825694 -0.8110406 -0.05316126 0.5821965 -0.8112904 -0.05343401 0.8723623 -0.2151238 -0.4389827 0.8923009 -0.2053243 -0.4020462 0.8918607 -0.2053727 -0.402997 0.6161835 0.5215144 -0.590204 0.6911228 0.5268267 -0.4947755 0.6898123 0.5277782 -0.4955898 -0.4996026 -0.148672 -0.8534014 -0.4814851 -0.2226905 -0.8476917 -0.4996024 -0.1486733 -0.8534013 -7.96656e-4 0.9127022 -0.4086248 0.001726031 0.9162172 -0.4006783 -0.5452769 0.8340722 0.08364593 -0.6082453 0.7930591 -0.03309148 -0.882663 0.2134761 0.4187294 -0.6558628 -0.5102085 0.5563555 -0.6034735 -0.4708318 0.643535 0.03859698 -0.8574583 0.5131039 0.6687147 -0.7333427 0.1225938 0.6653134 -0.7371852 0.1179661 0.9357175 -0.1676532 -0.3103632 0.9331301 -0.1716435 -0.315922 0.6636466 0.5180458 -0.5396313 0.6660137 0.5226119 -0.5322619 -0.07384502 0.8382432 -0.5402733 -0.1451555 0.749345 -0.6460744 -0.07557201 0.8336048 -0.5471674 -0.6979333 0.6750777 -0.2390803 -0.7255771 0.6200361 -0.2984848 -0.6957331 0.6786199 -0.2354368 -0.9555278 0.1212555 0.2688192 -0.953128 0.129445 0.2734794 -0.9569221 0.1195188 0.2646042 -0.6263806 -0.4832367 0.6116614 -0.5949587 -0.4142848 0.6887614 -0.5714312 -0.4053111 0.7135751 0.08219599 -0.7842466 0.6149806 0.1408628 -0.674577 0.7246404 0.1359779 -0.6687867 0.7309135 0.7414585 -0.6095645 0.2804826 0.7680315 -0.5311532 0.3577765 0.7697336 -0.5335705 0.3504463 0.9786041 -0.07193392 -0.1927681 0.9728809 -0.07983762 -0.2170913 0.9774542 -0.06342935 -0.2013954 0.6591874 0.5327076 -0.5307492 0.6147014 0.4664298 -0.6360703 0.6558877 0.5224008 -0.5448935 0.08609259 -0.7792835 0.6207296 -0.6194998 -0.4725315 0.6268446 0.7569411 -0.2577325 -0.6005116 0.6748893 -0.5341517 -0.5091233 0.8571863 -0.2200111 -0.4656467 0.6937401 -0.6775052 0.2443591 0.5603809 -0.7975233 0.2234504 0.7289415 -0.5680215 0.382094 0.2814829 -0.5376232 0.7948136 0.1070649 -0.5747889 0.8112674 0.2869444 -0.5145637 0.8080143 -0.196901 -0.2735111 0.9414998 -0.3146525 0.04436022 0.9481698 -0.3342213 0.08749705 0.9384245 -0.6135842 0.2781451 0.7390195 -0.4929981 0.6484037 0.5801082 -0.4929986 0.6825752 0.5394846 -0.628588 0.7737211 -0.07894849 -0.3544375 0.923968 -0.1437266 -0.3335264 0.9249892 -0.1820859 -0.2326956 0.6834336 -0.691933 -0.1183586 0.7840017 -0.6093708 -0.114102 0.7816747 -0.6131602 0.3268676 0.3370224 -0.8829346 0.4492655 0.09151226 -0.8886991 0.4744216 0.05665946 -0.8784725 -0.2193803 -0.2824634 0.9338558 -0.7849156 0.24014 0.5711746 -0.7009735 0.6776469 -0.2223302 -0.2405164 0.6629683 -0.7089605 0.5964734 0.4607019 -0.6572468 0.5934057 0.6803412 0.4301229 0.5933372 0.6803598 0.4301878 0.5792447 0.6808079 0.4483038 -0.6005278 0.4790713 -0.6402008 -0.5983252 0.5256757 -0.6047083 -0.7765061 0.3992238 -0.4875028 -0.6673104 0.7380669 0.09977078 -0.5188503 0.8499143 0.0918712 -0.5247778 0.8445202 0.1067427 -0.1506364 0.6135183 0.7751801 -0.1398442 0.698405 0.7019074 -0.1260415 0.6082907 0.7836429 0.3152384 0.1331325 0.9396279 0.3749722 0.1447615 0.9156637 0.52116 0.2049575 0.8284834 0.7184292 -0.4310646 0.5459332 0.6456648 -0.4918556 0.5841192 0.7184292 -0.4310644 0.5459331 0.6238673 -0.7700008 -0.1337476 0.5515485 -0.8290401 -0.09212464 0.5480157 -0.8315951 -0.09015816 0.1638539 -0.6578813 -0.7350811 0.1447641 -0.6750119 -0.7234655 0.1638542 -0.6578826 -0.7350799 -0.3921457 -0.1603821 -0.9058143 -0.3375426 -0.1117318 -0.9346556 -0.3310019 -0.1064907 -0.937602 -0.7211007 -0.5232954 0.4540659 -0.6309462 -0.6903854 0.3539421 -0.7211011 -0.5232957 0.4540647 0.673859 0.619488 -0.4026771 0.6738561 0.6194943 -0.4026722 0.6738438 0.6195027 -0.4026798 -0.6345585 0.5006439 -0.5888049 -0.6303302 0.5029359 -0.5913877 -0.5312833 0.8398872 0.1110291 -0.1444999 0.7071473 0.6921434 -0.129572 0.7125458 0.6895577 0.3729649 0.1429173 0.9167726 0.408751 0.1670997 0.8972181 0.6420476 -0.4944048 0.5859512 0.7031368 -0.4479115 0.5522446 0.6095018 -0.7835299 -0.1207826 0.6059496 -0.7864039 -0.1199758 0.1811031 -0.6488537 -0.7390472 0.1767044 -0.6514541 -0.7378233 -0.3392675 -0.1150263 -0.933631 -0.334772 -0.1128091 -0.9355223 -0.7496623 0.4122826 -0.5177156 -0.5594013 0.548614 -0.6213638 -0.7539375 0.4082206 -0.5147176 -0.6444255 0.7456107 0.169648 -0.45514 0.8877575 0.06880581 -0.4611507 0.8845176 0.07048851 -0.1938216 0.6799169 0.7072103 -0.1123552 0.7392268 0.6640182 -0.1177014 0.7360736 0.6665899 0.4545805 0.1843134 0.8714271 0.3612683 0.1310223 0.9232109 0.3667513 0.1359814 0.9203275 0.798516 -0.3659996 0.4779295 0.6101955 -0.5171746 0.60016 0.6159165 -0.5126181 0.598222 0.7093135 -0.6857311 -0.16324 0.5164623 -0.8531436 -0.07357203 0.7155451 -0.6783351 -0.1669037 0.2293075 -0.6231197 -0.7477567 0.1333497 -0.6860061 -0.7152717 0.2389899 -0.6157252 -0.7508437 -0.3932453 -0.1499623 -0.9071215 -0.3132348 -0.09857857 -0.9445456 -0.3975862 -0.1526243 -0.9047824 -0.5129525 0.5782827 -0.6344044 -0.6871457 0.4585776 -0.5635046 -0.5244718 0.5722833 -0.6304135 -0.4144364 0.9079936 0.06156563 -0.5683392 0.8080878 0.15487 -0.5708898 0.8068001 0.1521797 -0.08257502 0.7549995 0.6505053 -0.1524177 0.7332537 0.6626523 -0.1505612 0.7334306 0.6628808 0.3629363 0.1354914 0.9219107 0.4648833 0.2284684 0.8553863 0.4650178 0.2285946 0.8552795 0.5991662 -0.5244621 0.6049293 0.8048728 -0.3415496 0.4853077 0.8052449 -0.3411102 0.4849994 0.505516 -0.8601192 -0.06817996 0.7111803 -0.677371 -0.1881251 0.5212036 -0.8500468 -0.07594239 0.1347228 -0.6824693 -0.718391 0.2379812 -0.5847932 -0.7754881 0.151073 -0.6686365 -0.7280813 -0.287285 -0.0691713 -0.9553444 -0.3418614 -0.1147111 -0.932723 -0.2972036 -0.07669544 -0.9517289 0.8045521 -0.3593053 0.472859 0.4638694 0.1901996 0.8652452 -0.1967543 0.6762834 0.7098792 -0.6479511 0.7418829 0.1725381 0.5938027 -0.7961988 -0.1160435 0.5938025 -0.7961989 -0.1160435 0.6882625 -0.4576145 0.5629243 0.4139414 0.1805182 0.8922252 -0.1910088 0.8157643 0.5459344 -0.3798577 0.899982 0.2138706 -0.5589433 0.5522552 -0.6185441 -0.5589432 0.5522538 -0.6185453 -0.2944657 -0.07257068 -0.9529026 -0.2944658 -0.07257109 -0.9529026 0.1857635 -0.6373353 -0.7478608 0.1857634 -0.6373349 -0.7478612 0.03031462 -0.6037985 -0.7965604 0.03023481 -0.6629615 -0.7480428 0.03031295 -0.6037908 -0.7965663 -0.6853618 -0.4398841 -0.5803286 -0.68329 -0.4995706 -0.5324885 -0.683101 -0.5021897 -0.5302627 -0.9995406 -0.01830816 -0.02415305 -0.9995245 -0.02273786 -0.0208261 -0.999521 -0.02315783 -0.02053564 -0.7697944 0.4764622 0.4247357 -0.7240643 0.493412 0.4819498 -0.6988781 0.3760143 0.6084264 -0.1057482 0.560904 0.8210993 -0.009581923 0.7007469 0.7133457 0.009056627 0.7006583 0.7134395 0.7376258 0.3677464 0.5662781 0.6647065 0.5463164 0.5096113 0.7600771 0.3638663 0.5384088 0.9952549 -0.01195365 0.09656518 0.9953259 0.0914216 -0.03112137 0.9916441 0.07271099 -0.1065616 0.7282106 -0.4139988 -0.5461817 0.7281575 -0.4189956 -0.5424292 0.7281798 -0.4183511 -0.5428965 -2.87984e-6 -0.7969259 0.6040772 0.04500693 -0.7187668 0.6937931 0.04500818 -0.7187663 0.6937934 0.2849469 0.9280908 0.2396931 0.1913389 0.9757543 -0.106268 0.2849332 0.9281013 0.2396684 0.03003758 -0.665502 -0.7457914 0.02861785 -0.7152026 -0.6983311 -0.6768044 -0.5536442 -0.4851947 -0.6757419 -0.5561584 -0.4837984 -0.9992476 -0.03752303 -0.009820759 -0.9990346 -0.04342764 -0.006632149 -0.7168879 0.5340013 0.4482347 -0.7163118 0.5323866 0.4510678 0.01582533 0.8015758 0.5976838 0.01794463 0.8015376 0.5976751 0.6507674 0.5536881 0.5195493 0.624774 0.662185 0.4137253 0.9943082 0.09983021 -0.03721725 0.9873649 0.1437005 -0.0667895 0.727845 -0.4331576 -0.5316166 0.02754092 -0.7172615 -0.6962597 0.01679444 -0.593069 -0.8049766 -0.675382 -0.4345479 -0.5958417 -0.675172 -0.4192359 -0.6069465 -0.9988659 -0.006771326 -0.04713004 -0.998287 0.01135557 -0.05739706 -0.708983 0.4767122 0.5197007 -0.7110349 0.4594202 0.5323181 0.02204954 0.6592384 0.7516107 0.02354776 0.6513829 0.7583838 0.6233537 0.6628805 0.4147525 0.6446125 0.5166553 0.5635088 0.9877922 0.1421069 -0.06381446 0.99627 0.08617526 0.004483401 0.727024 -0.4387383 -0.5281525 0.7201852 -0.4004769 -0.5665259 0.04871809 -0.2879633 -0.9564014 0.09250283 -0.0700007 -0.9932488 0.0466789 -0.297712 -0.9535139 -0.6571099 -0.1263101 -0.743137 -0.6220468 0.09357202 -0.7773687 -0.6220812 0.09364658 -0.7773322 -0.9864325 0.1308337 -0.09916454 -0.966091 0.2338301 -0.1095066 -0.9846714 0.1426276 -0.1003972 -0.7190002 0.3448385 0.6034278 -0.9674783 0.06298279 0.244988 -0.929259 0.2144396 0.3008213 -0.01317167 0.2241877 0.974457 -0.4021602 0.2434651 0.8826051 0.006712973 0.2222453 0.9749677 0.6144801 0.08044177 0.7848206 0.8648935 -0.04671919 0.4997766 0.8786731 -0.05636233 0.4740855 0.9951928 -0.04775124 0.08550536 0.8789638 -0.3598622 -0.3129246 0.9957274 -0.03848028 0.08394312 0.7385092 -0.264216 -0.6203178 0.7590807 -0.1612783 -0.6307027 0.9403969 -0.2139157 -0.2643745 0.9975473 0.06812 0.01609474 0.6439231 0.5093006 0.5709432 0.6186345 0.3129511 0.7206615 0.04293215 0.4448017 0.8945995 0.04562044 0.4442365 0.8947474 -0.7165138 0.3536625 0.6012744 -0.6579619 -0.1363314 -0.740608 0.01690173 -0.5777378 -0.8160475 0.7215862 -0.3825774 -0.5770164 -0.1141079 -0.07096129 -0.9909309 -0.06759619 -0.1316668 -0.9889867 -0.1141061 -0.07095962 -0.9909312 -0.638468 -0.4743784 -0.6060724 -0.5903811 -0.5338699 -0.6053372 -0.5881332 -0.5364739 -0.6052232 -0.7888108 -0.5998989 0.1337863 -0.7854315 -0.6043396 0.1336825 -0.7851525 -0.6047077 0.1336569 -0.4770891 -0.3740165 0.7952973 -0.5302817 -0.2992933 0.793237 -0.5359092 -0.2905202 0.7927166 -0.02132546 0.1539481 0.9878489 0.008526325 0.2075827 0.9781803 0.1883552 0.02346307 0.9818207 0.633181 0.4259982 0.6462255 0.550638 0.5901469 0.5903596 0.5647772 0.5841929 0.5828769 0.8021345 0.5682446 -0.1835168 0.7473284 0.6545611 -0.1142375 0.7924662 0.5736355 -0.2072196 0.345565 0.4602824 -0.8177561 0.4806916 0.3691663 -0.7953941 0.4803434 0.3696615 -0.7953746 0.6701079 -0.7421931 0.01023781 0.6039442 -0.7969287 -0.01249736 0.6701083 -0.7421928 0.01023727 -0.307388 0.8208789 0.4813217 -0.2885864 0.8301267 0.4770825 -0.2885699 0.8301273 0.4770915 -0.06564575 -0.1344986 -0.988737 -0.02448064 -0.1890286 -0.9816665 -0.5413131 -0.5866478 -0.6023492 -0.5388154 -0.5883174 -0.6029601 -0.7741076 -0.6188712 0.133251 -0.7701048 -0.6240832 0.1321324 -0.5625385 -0.2443737 0.7898303 -0.5600207 -0.2463315 0.7910106 -0.05416047 0.2888326 0.9558465 -0.05306047 0.2893787 0.955743 0.4616813 0.6839572 0.5648478 0.7439127 0.6606765 -0.1005011 0.6852416 0.7222937 -0.09346556 0.4913077 0.3546704 -0.7955035 -0.02354162 -0.1918982 -0.9811325 -0.1329886 -0.0681836 -0.9887695 -0.6401277 -0.4583477 -0.6165663 -0.6513288 -0.443117 -0.6159694 -0.8037819 -0.5821099 0.1228122 -0.8154154 -0.5650633 0.125703 -0.4995155 -0.308413 0.8095466 -0.4882286 -0.3267725 0.8092297 0.07799553 0.1495847 0.985668 0.09035766 0.1341781 0.9868292 0.4616526 0.6839661 0.5648604 0.6002703 0.5388034 0.5910724 0.6870306 0.7208743 -0.09126406 0.754824 0.6512747 -0.07798826 0.4945459 0.3488702 -0.7960615 0.4557483 0.3868997 -0.8016248 -0.3011867 0.2232577 -0.9270613 -0.3722571 0.4178947 -0.8287271 -0.2975373 0.2141363 -0.9303855 -0.8136981 -0.1834294 -0.5515878 -0.895572 0.0152707 -0.4446545 -0.8186061 -0.1742574 -0.5472829 -0.8773502 -0.4489243 0.169481 -0.9043848 -0.3677048 0.2165213 -0.9043845 -0.367705 0.2165219 -0.4177107 -0.4312718 0.7997013 -0.3932826 -0.5065346 0.7673014 -0.4151728 -0.4396145 0.7964738 0.3381164 -0.3199912 0.8850328 0.3380796 -0.319974 0.8850531 0.3381172 -0.3199915 0.8850324 0.8817507 0.1223 0.4555858 0.9202452 0.1840674 0.3453522 0.9227001 0.1890115 0.3360048 0.8498045 0.5200356 -0.08599728 0.9190526 0.3938784 0.0142222 0.9205958 0.3897849 0.02389544 0.3903194 0.5137858 -0.7639864 0.3593053 0.6045013 -0.7109698 0.3593077 0.6045008 -0.7109689 0.7664625 0.6375197 -0.0781275 0.6112572 0.5258607 0.5914687 0.7521131 0.3448594 0.561603 0.2336094 -0.06093442 0.9704193 0.2343642 -0.06053763 0.9702622 -0.8735147 -0.4584559 0.1636778 -0.1442676 -0.05300223 -0.9881182 0.4447443 0.4043692 -0.7991796 -0.6317363 -0.5131293 -0.58104 -0.509126 -0.6472688 -0.5673041 -0.5192571 -0.6372212 -0.5694921 -0.7838796 -0.5990386 0.163357 -0.6596236 -0.7323307 0.1690814 -0.7838499 -0.599079 0.1633515 -0.49342 -0.3145329 0.8109289 -0.4560172 -0.3594853 0.8141368 -0.446393 -0.3710066 0.8143018 -0.08094143 0.2657851 0.9606284 0.006563663 0.2472285 0.968935 0.1475143 0.1231966 0.9813574 0.5689253 0.5456605 0.6152874 0.4601883 0.6966993 0.5503062 0.4559982 0.7080214 0.5392324 0.7378411 0.6410687 -0.2112381 0.6057845 0.7789367 -0.1621201 0.7311226 0.6428787 -0.2284006 0.2857546 0.4728719 -0.8335086 0.370346 0.4527032 -0.8111126 0.3821991 0.4397646 -0.8127306 -0.1261648 -0.1070556 -0.9862158 -0.08844906 -0.151872 -0.9844347 -0.1261377 -0.1070976 -0.9862148 0.6469213 -0.761267 0.04433351 0.7015022 -0.7100172 0.06140393 0.7015028 -0.7100164 0.06140494 -0.5312489 0.8471474 -0.01077401 -0.7558924 0.6498551 -0.07946759 -0.5312398 0.8471529 -0.0107786 -0.5052289 -0.6543258 -0.5626735 -0.6539453 -0.7383249 0.1650207 -0.6686823 -0.7251455 0.1644018 -0.4440566 -0.3778299 0.8124398 -0.4566265 -0.3623666 0.8125163 0.01012641 0.2569817 0.9663633 0.02601945 0.2388484 0.9707082 0.4329627 0.7305474 0.5280565 0.446802 0.7207995 0.5299209 0.5970886 0.7877694 -0.151343 0.5706074 0.8082306 -0.1455014 0.3722831 0.4615082 -0.8052425 -0.07903248 -0.1635163 -0.9833698 -0.07727456 -0.1706615 -0.982295 -0.6790437 -0.4457573 -0.5832669 -0.6869865 -0.4458593 -0.573811 -0.6808773 -0.4551852 -0.5737704 -0.8313032 -0.5317581 0.1617661 -0.8349493 -0.5294339 0.150198 -0.8330448 -0.5288506 0.1623374 -0.513529 -0.2785914 0.8115878 -0.5341544 -0.2795045 0.7978448 -0.5149487 -0.2746137 0.8120438 0.08557528 0.1680203 0.9820622 0.07112205 0.1704735 0.9827922 0.08665853 0.1670807 0.9821276 0.6301247 0.5467636 0.5513552 0.6103799 0.5917155 0.5266017 0.6312683 0.5455 0.5512985 0.7693789 0.6254185 -0.1300308 0.7395966 0.6647043 -0.1056654 0.734133 0.6700525 -0.1099023 0.4516742 0.3749127 -0.809587 0.4385541 0.3780547 -0.815319 0.4320111 0.3836761 -0.8161857 -0.146014 -0.07100939 -0.9867308 -0.1702377 -0.07405155 -0.9826167 -0.1622503 -0.08303165 -0.9832501 -0.5394303 -0.6161757 -0.5738838 -0.5394675 -0.6161381 -0.5738891 -0.8288919 -0.5387872 0.1504878 -0.6914617 -0.7020799 0.1701901 -0.5265467 -0.2888875 0.7995578 -0.4619336 -0.3565424 0.8120929 -0.08891105 -0.1935898 0.9770455 -0.2063305 -0.08950847 0.9743798 0.6034657 0.5962512 0.5294466 0.3171803 0.5511111 0.7717987 0.5664176 0.6918886 -0.4477291 0.5633026 0.6836709 -0.4639874 0.191191 0.1319288 -0.9726462 0.3051003 0.02905356 -0.9518769 0.389325 0.4440554 -0.8069951 0.5844832 0.7985665 -0.1437743 -0.5196284 -0.6409558 -0.5649445 -0.08951109 -0.1550096 -0.9838495 -0.7042512 -0.6720143 -0.2289698 -0.7137241 -0.663316 -0.2249664 -0.7133824 -0.6632912 -0.2261203 -0.5212774 -0.6811172 0.5141492 -0.5313972 -0.6724397 0.5152105 -0.5212771 -0.6811171 0.5141494 -0.03294646 -0.2912305 0.9560855 -0.04773974 -0.2772399 0.9596139 -0.04857188 -0.2772464 0.9595704 0.4746824 0.2692531 0.8379614 0.4442998 0.2985596 0.8446655 0.4452895 0.3010556 0.8432573 0.591235 0.7450646 0.3087392 0.6573828 0.7151717 0.2374391 0.7600336 0.6238318 0.1821622 0.5729399 0.6682576 -0.4745227 0.4923804 0.7007088 -0.516303 0.4897326 0.6926865 -0.5294786 0.0217961 0.2296857 -0.9730209 0.03505831 0.3110616 -0.949743 -0.003645777 0.2193025 -0.9756502 -0.3985041 -0.3011299 -0.8663228 -0.4892743 -0.2553303 -0.8339167 -0.6008337 -0.2082033 -0.7717839 0.7341456 -0.6286219 -0.2566415 0.7091843 -0.6808698 -0.1829593 0.7341483 -0.6286187 -0.2566416 -0.6289584 0.7533338 0.1920926 -0.6272994 0.7613597 0.1637895 -0.6273034 0.7613545 0.1637982 -0.7815374 -0.5905021 -0.2012629 -0.6021629 -0.5994512 0.5273122 -0.607791 -0.5903058 0.5311584 -0.08493405 -0.2409516 0.9668136 -0.08838069 -0.2300043 0.9691682 0.4664919 0.3041661 0.830583 0.4763914 0.2938491 0.8286761 0.7075317 0.6740443 0.212281 0.7172827 0.6645621 0.2094348 0.5182195 0.6752483 -0.5248699 0.04982644 0.3188166 -0.9465059 0.05025482 0.3411273 -0.9386728 -0.4900631 -0.2552831 -0.833468 -0.5254263 -0.2190401 -0.8221611 -0.7120842 -0.6671233 -0.2188211 -0.4382229 -0.8510611 -0.2892328 -0.6995792 -0.6796577 -0.2205774 -0.532896 -0.6760351 0.5089191 -0.2586895 -0.859983 0.4398968 -0.258405 -0.8604013 0.4392455 -0.07590574 -0.2742629 0.9586545 0.03760147 -0.3579104 0.9329986 0.0373879 -0.3586694 0.9327157 0.4205191 0.3123989 0.8518044 0.2742242 0.379341 0.8836864 0.2728767 0.3800285 0.8838081 0.6294223 0.7370719 0.2460744 0.3058932 0.8957462 0.3225963 0.3048539 0.8961874 0.3223541 0.4350311 0.7506947 -0.4971975 0.1153642 0.8900918 -0.4409397 0.4257342 0.7612142 -0.4891865 -0.003166794 0.3631287 -0.9317337 -0.1456654 0.4395713 -0.8863176 -0.01906442 0.3740445 -0.9272149 -0.5138304 -0.252476 -0.8198989 -0.4018213 -0.3360403 -0.8518313 -0.5015364 -0.263314 -0.8240917 -0.7730019 -0.5984241 -0.2106108 -0.8193395 -0.5380464 -0.1979624 -0.7721036 -0.5996361 -0.2104584 -0.5902773 -0.6075168 0.5315036 -0.636852 -0.5471286 0.5432034 -0.6368525 -0.5471288 0.5432026 -0.08258044 -0.2368641 0.9680269 -0.1077008 -0.2036306 0.9731059 -0.1077008 -0.2036306 0.973106 0.4568946 0.2925446 0.8400387 0.4580947 0.291211 0.8398486 0.4569796 0.2925079 0.8400052 0.7067511 0.6704002 0.225979 0.7291273 0.6475297 0.2215372 0.7071311 0.6700953 0.2256945 0.4949167 0.6566559 -0.5690875 0.4229372 0.6046884 -0.6748896 0.4966551 0.6572696 -0.5668601 0.06457823 0.3547961 -0.9327108 0.1659047 0.4382349 -0.8834171 0.1754163 0.4466052 -0.877367 -0.5238828 -0.2149146 -0.8242321 -0.5483092 -0.1817218 -0.8162929 -0.5224035 -0.215964 -0.8248964 0.1135023 0.8890565 -0.4435041 0.3387851 0.7911216 -0.5092656 0.5350429 0.803291 0.2616351 0.5415851 0.7996699 0.2592561 0.3883162 0.346615 0.8538553 0.3955368 0.3426142 0.8521538 -0.01077026 -0.320964 0.9470302 -0.01697254 -0.3161644 0.9485526 -0.4191051 -0.7710216 0.4794546 -0.4249836 -0.7667015 0.4812046 -0.4376748 -0.8514838 -0.2888187 -0.5981217 -0.7621392 -0.2477792 -0.4019261 -0.3368121 -0.851477 -0.4510112 -0.2990652 -0.8409215 -0.1465777 0.4406662 -0.8856232 -0.02125656 0.3993931 -0.9165333 0.06112533 0.3511421 -0.9343249 -0.5895592 -0.6087198 0.530924 -0.6041566 -0.7577846 -0.2464899 -0.7685014 -0.6276112 0.1245393 -0.7146071 -0.6886144 0.1230733 -0.7685014 -0.6276113 0.124539 -0.4693191 -0.3952897 0.7896112 -0.4164495 -0.4570323 0.7859334 -0.4123272 -0.4614841 0.7855054 0.1047797 0.06858265 0.9921278 0.1131347 0.05829417 0.9918681 0.1140918 0.05645912 0.9918646 0.4895683 0.5788851 0.6520852 0.5553934 0.5619468 0.6129878 0.6821072 0.4381979 0.5854165 0.7932577 0.6043996 -0.07377982 0.6842972 0.717422 -0.13055 0.6789729 0.7202885 -0.1420577 0.4575331 0.343703 -0.8200803 0.3936168 0.4917043 -0.7767192 0.4376553 0.3392387 -0.8326914 -0.2403907 0.01205688 -0.9706014 -0.164112 0.003239929 -0.9864364 -0.1544941 -0.006884753 -0.9879698 -0.6175024 -0.4922831 -0.6134722 -0.6090819 -0.5025178 -0.613592 -0.6175067 -0.4922866 -0.6134651 0.6312144 -0.7754985 -0.01305943 0.6877076 -0.723783 -0.05653756 0.6877074 -0.7237831 -0.05653917 -0.7104292 -0.6929653 0.1228398 -0.6568672 -0.7442519 0.1208909 -0.3616445 -0.5150061 0.7771628 -0.3621497 -0.5143432 0.7773665 0.1178957 0.04428648 0.992038 0.1174591 0.04461109 0.9920752 0.5027051 0.6056753 0.6168023 0.5036745 0.6042622 0.6173972 0.5526993 0.8224586 -0.1344822 0.5526891 0.8222013 -0.136088 0.3970568 0.5013762 -0.7687444 0.2801911 0.6104577 -0.7408336 -0.213666 0.04940193 -0.9756569 -0.6079813 -0.5042414 -0.6132693 -0.6025675 -0.5151643 -0.6095229 -0.4246507 -0.9027321 0.06889736 -0.3647269 -0.929234 0.05914843 -0.4596381 -0.8846964 0.07775086 -0.1274566 -0.6719562 0.7295408 -0.07294076 -0.7026573 0.7077799 -0.08187252 -0.698558 0.7108542 0.2292962 -0.0364055 0.9726758 0.2532119 -0.05852651 0.9656389 0.2440341 -0.05496853 0.9682076 0.4151896 0.6440482 0.6425103 0.3977513 0.6486476 0.6488838 0.4033174 0.6451581 0.648927 0.3533101 0.9329719 -0.06881457 0.266117 0.96298 -0.04302793 0.2633017 0.9639359 -0.03872817 0.07069069 0.7135178 -0.6970619 -0.01449149 0.7450918 -0.6668045 0.09389543 0.7021073 -0.7058534 -0.3010045 0.08791071 -0.9495621 -0.3185296 0.09244656 -0.9433943 -0.2751041 0.07060283 -0.9588186 -0.4929093 -0.5972108 -0.6327556 -0.4662722 -0.6172127 -0.6337497 -0.5279551 -0.5755627 -0.6244927 -0.1363453 -0.01563477 -0.9905381 -0.1134884 -0.05669778 -0.9919202 -0.1139 -0.05698686 -0.9918565 0.4835742 0.4384645 -0.7575651 0.5994007 0.3849033 -0.701832 0.6048169 0.3903606 -0.6941292 0.7464128 0.6425065 -0.1733592 0.8016644 0.5419648 -0.2522071 0.7477772 0.6422437 -0.1683816 0.5819654 0.5420828 0.6061869 0.6084992 0.5039372 0.6130058 0.5832712 0.5401629 0.6066457 0.06232559 0.1157729 0.9913184 0.003940582 0.1934587 0.9811005 0.05807739 0.117483 0.9913753 -0.5033086 -0.3587033 0.7861377 -0.6150636 -0.1818639 0.7672172 -0.5066905 -0.3558867 0.7852449 -0.7983964 -0.5879106 0.1300938 -0.9051407 -0.4071115 0.1223956 -0.9051625 -0.4071186 0.1222104 -0.657688 -0.443201 -0.6091137 -0.709666 -0.3606676 -0.6052216 -0.7096413 -0.3606513 -0.6052601 -0.1352665 -0.01779133 -0.9906496 0.481268 0.4352409 -0.7608853 -0.8008391 -0.584296 0.1313584 -0.6610258 -0.4409121 -0.6071584 -0.614672 0.7887544 -0.006698131 -0.6204623 0.7842194 0.005164921 -0.6204935 0.7841945 0.005197703 0.4547255 0.6481442 -0.6108469 0.4003925 0.705475 -0.5848 0.3901991 0.7059228 -0.5911157 -0.3960846 0.6983925 -0.596125 -0.3345151 0.7488797 -0.5720829 -0.4160703 0.6980627 -0.582747 -0.9119922 0.4029887 -0.07661825 -0.9059085 0.3764532 -0.1939398 -0.9060937 0.3761084 -0.193744 -0.9352754 -0.2396304 0.2604559 -0.9313743 -0.2110803 0.2966263 -0.9352763 -0.2396302 0.2604524 -0.4136877 -0.6874527 0.5968847 -0.4098809 -0.6561178 0.6336459 -0.413693 -0.6874583 0.5968747 0.3502402 -0.7325754 0.5836654 0.3514108 -0.7010856 0.6204752 0.3520426 -0.7008666 0.6203644 0.9089949 -0.3485643 0.2285414 0.9097301 -0.3197939 0.2648078 0.9101915 -0.318961 0.2642262 0.9498934 0.2930148 -0.1088346 0.9366881 0.2676198 -0.2258211 0.9166765 0.2067047 -0.3420196 -0.04787963 -0.5703904 -0.819977 -0.05093681 -0.6371182 -0.7690812 -0.0478757 -0.5703872 -0.8199795 0.04843002 0.7466421 0.6634607 0.05636912 0.767755 0.6382594 0.05640107 0.7677443 0.6382694 0.3946605 0.7834242 -0.4800933 -0.3160611 0.8253958 -0.4677898 -0.3168896 0.8270695 -0.4642595 -0.90278 0.4072374 -0.138369 -0.9033843 0.4073708 -0.1339628 -0.9266689 -0.2120561 0.31035 -0.9266079 -0.2149988 0.308502 -0.4076952 -0.6761975 0.6136299 -0.4075869 -0.6785771 0.6110696 0.3461988 -0.7207251 0.6005846 0.9054159 -0.3202734 0.2786521 0.9368262 0.2672803 -0.2256498 0.9391067 0.2984756 -0.1702674 0.3799779 0.7836215 -0.4914819 0.381654 0.7795647 -0.4966077 -0.3018391 0.8238939 -0.4796793 -0.8895524 0.432013 -0.1485316 -0.931995 -0.203807 0.2997468 -0.4099634 -0.6769252 0.611312 0.3482882 -0.7217094 0.5981898 0.3490076 -0.7145133 0.6063535 0.9113133 -0.3126773 0.2678452 0.9121903 -0.3035968 0.2752054 0.9285613 0.3246209 -0.1799869 0.929225 0.3166478 -0.1904605 0.2818931 0.6675734 -0.6891169 -0.2249684 0.6975097 -0.6803451 -0.2135065 0.6997796 -0.6817063 -0.8915103 0.4241952 -0.1589594 -0.9053375 0.3593111 -0.2264059 -0.9239171 -0.127452 0.3607401 -0.9239168 -0.1274527 0.3607405 -0.4095553 -0.669707 0.6194812 -0.3986417 -0.5034275 0.7665804 0.3627994 -0.5484074 0.7534096 0.3627985 -0.5484076 0.7534098 0.9143854 -0.2360246 0.3289253 0.9329866 0.2507275 -0.2582089 0.9329867 0.2507272 -0.2582085 -0.5187003 0.7371641 -0.4330578 -0.3093796 0.8809093 -0.3581663 -0.308736 0.8851476 -0.3481318 -0.5003452 0.7371634 0.4541419 -0.2943012 0.8809087 0.3706569 -0.4868111 0.7301304 0.4795044 -0.1899245 0.2766387 0.942019 -0.1015781 0.3655862 0.9252182 -0.1118344 0.3608551 0.9258924 0.003297805 -0.412144 0.9111127 0.113395 -0.3743731 0.9203187 0.1068025 -0.3765982 0.9201996 0.1892059 -0.9081209 0.3735207 0.2527876 -0.8918893 0.3750095 0.1888112 -0.9082106 0.3735021 0.1735963 -0.9081219 -0.3810237 0.237062 -0.8918915 -0.385138 0.2387976 -0.8915361 -0.3848885 -0.03438872 -0.4121388 -0.9104719 0.07523459 -0.3743746 -0.9242205 -0.03453534 -0.4121859 -0.910445 -0.2286821 0.2766375 -0.9333683 -0.1397563 0.3655834 -0.9202266 -0.3937243 0.299431 -0.8690928 -0.9662804 -0.2567156 0.01999038 -0.9292781 -0.3688805 0.019225 -0.9662804 -0.2567152 0.0199908 0.5156491 0.8567336 -0.0106576 0.7442108 0.6677674 -0.0154013 0.5156512 0.8567321 -0.0106846 -0.3187084 0.8821076 -0.3468592 -0.3195638 0.8820223 -0.3462883 -0.2940735 0.8851471 0.3606043 -0.3041315 0.8820927 0.3597454 -0.07527792 0.3827892 0.9207636 0.2258217 -0.3278428 0.917346 0.2545057 -0.8915128 0.3747425 0.4289366 -0.8238109 0.3706065 0.4132427 -0.8238123 -0.3880258 0.4163536 -0.8225613 -0.3873535 0.1876881 -0.3278427 -0.9259009 0.1909308 -0.3269628 -0.925549 -0.1133395 0.3827757 -0.9168626 -0.1162788 0.3821015 -0.9167757 -0.5965309 0.7309994 -0.3313472 -0.6403495 0.7037353 -0.3077488 -0.5938153 0.7326681 -0.3325373 -0.5823181 0.7310016 0.3557279 -0.6270727 0.703735 0.3339715 -0.6249595 0.7035102 0.3383771 -0.1927185 0.3221483 0.9268658 -0.2279974 0.292352 0.9287344 -0.2264168 0.2937587 0.9286772 0.3147414 -0.2505777 0.9155046 0.3238967 -0.2394407 0.9152919 0.3225978 -0.2406686 0.9154285 0.6570788 -0.6580421 0.3677338 0.6991658 -0.6140577 0.3661973 0.6982158 -0.6150925 0.3662732 0.641307 -0.6580405 -0.3945987 0.6834201 -0.6140562 -0.3948064 0.6400492 -0.6595411 -0.3941351 0.2766142 -0.2505853 -0.9277347 0.285759 -0.2394355 -0.9279076 0.275821 -0.2524941 -0.9274532 -0.230889 0.3221504 -0.9181011 -0.2662085 0.2923465 -0.9185132 -0.2284148 0.3237669 -0.9181512 -0.01479929 -0.01069408 -0.9998334 0.2333211 -0.2876384 -0.928884 0.5580751 -0.7305782 -0.3934563 0.558221 -0.7304608 -0.3934673 0.5738726 -0.7305832 0.3700249 0.02656286 -0.0106886 0.99959 -0.08502721 -0.09409075 0.9919261 -0.3987076 0.6656666 0.6308093 -0.3931789 0.6555945 0.6446753 -0.6384205 0.7035104 -0.3122377 -0.4244552 0.6656642 -0.6137825 -0.125998 -0.0941056 -0.9875569 0.6558028 -0.6595428 0.3673228 0.3139364 -0.2524858 0.9152567 -0.190244 0.3237646 0.9268137 -0.5795557 0.7326703 0.3568046 0.7416808 -0.4234785 -0.5201687 0.739221 -0.4851265 -0.4671237 0.7416806 -0.4234784 -0.5201691 0.05014473 -0.6305563 -0.774522 0.04998373 -0.6915128 -0.7206328 0.04986643 -0.6958922 -0.7164129 -0.6707534 -0.4682561 -0.5751748 -0.6703764 -0.4801171 -0.565759 -0.6707578 -0.4682589 -0.5751677 -0.9807526 0.07853275 -0.1787651 -0.9943304 0.03999519 -0.09852671 -0.9949752 -0.09264153 0.03797209 -0.7620439 0.3930059 0.5146219 -0.7311912 0.5266599 0.4335768 -0.7258182 0.5350456 0.4323359 -0.01903182 0.6154955 0.7879106 -0.0552265 0.7290737 0.6822036 -0.00558269 0.6197612 0.7847706 0.6894923 0.5786778 0.4355829 0.6687466 0.5379909 0.5131704 0.6686459 0.5282643 0.5233064 0.9987418 0.03166085 0.03888934 0.9986541 0.02138072 0.04725319 0.9987419 0.03166061 0.03888934 -7.36953e-7 -0.7754987 0.6313492 -0.02324783 -0.7434104 0.6684314 -0.02324753 -0.743411 0.6684309 0.738902 -0.489566 -0.4629784 0.7319256 -0.5430502 -0.4115598 0.04956984 -0.7471573 -0.6627963 0.04943698 -0.7465993 -0.6634346 -0.6666759 -0.4912942 -0.5605118 -0.6665838 -0.4909487 -0.5609238 -0.9851945 0.08550149 -0.1485981 -0.9853038 0.08468413 -0.1483412 -0.7043849 0.6317657 0.3235958 -0.7039402 0.6318328 0.3244312 -0.06198841 0.7338977 0.6764256 -0.05752998 0.8254626 0.5615174 0.6706391 0.5817452 0.4602345 0.9986478 0.01966154 0.04812657 0.9986197 0.00736916 0.05200409 0.6941441 -0.6982771 -0.1748512 0.6749188 -0.7282353 -0.1189877 0.7022479 -0.680248 -0.2100252 0.007195711 -0.9039787 -0.427517 4.56957e-4 -0.930198 -0.3670582 0.002316892 -0.9264291 -0.3764625 -0.6856271 -0.5726041 -0.4494886 -0.6856033 -0.5926227 -0.4227842 -0.6830123 -0.5889762 -0.4319736 -0.9634768 0.1234667 -0.2376306 -0.9583174 0.1277971 -0.2555304 -0.9601212 0.1236755 -0.2507425 -0.6677848 0.7354961 0.1144952 -0.6413177 0.7667235 0.02909791 -0.6422457 0.7660509 0.02620106 -0.00582534 0.9337155 0.3579686 0.01344764 0.9627875 0.2699252 -0.01016354 0.9234208 0.3836545 0.6919497 0.6191734 0.3712546 0.6973204 0.6235628 0.3534315 0.6895242 0.603895 0.399834 0.9836909 -0.07273364 0.1645057 0.977436 -0.09461218 0.1888582 0.9903209 -0.05137759 0.1289372 0.6629719 0.518393 0.5401267 0.6701091 0.4799411 0.5662247 0.6704822 0.4797558 0.56594 -0.08361738 0.6536217 0.7521881 -0.1383661 0.5528598 0.8217062 -0.1450049 0.5526108 0.8207284 -0.7183652 0.463551 0.5187215 -0.67621 0.3918062 0.6238814 -0.7202919 0.461381 0.5179838 -0.9972801 0.02127015 -0.07056951 -0.998671 -0.01977515 -0.04759323 -0.9974 0.01911759 -0.06948381 -0.6672589 -0.4192203 -0.615646 -0.6637588 -0.3368865 -0.6677814 -0.6654462 -0.4169158 -0.6191629 0.05517441 -0.5910351 -0.8047567 0.04713749 -0.409906 -0.9109091 0.05640685 -0.5874681 -0.8072791 0.7373296 -0.3867704 -0.5538538 0.7176121 -0.2091339 -0.664301 0.717736 -0.2090409 -0.6641966 0.9968612 0.07909035 -0.003562569 0.9857021 0.1570295 -0.06109893 0.9857001 0.1570577 -0.06105929 0.6634485 0.5164182 0.5414318 -0.08089172 0.6528437 0.7531612 0.7363212 -0.3838738 -0.5572003 0.9967139 0.08063536 -0.007697641 -0.005889773 0.7889508 -0.6144282 -0.006811976 0.784481 -0.6201154 -0.006798267 0.7844586 -0.6201441 -0.3462834 0.5598071 -0.7527974 -0.4510098 0.5389974 -0.7113875 -0.5587314 0.4783602 -0.6774886 -0.6706218 0.7394619 -0.05884289 -0.6258911 0.7798252 0.01153784 -0.6297108 0.7764087 0.02557432 -0.419775 0.5211661 0.7430848 -0.414881 0.5950465 0.6883267 -0.397948 0.5137469 0.7600669 -0.03419524 0.02205139 0.9991719 0.08465725 0.07479441 0.993599 0.1934772 0.08873659 0.9770836 0.4857742 -0.5110796 0.7090988 0.5227826 -0.4801738 0.704366 0.4857718 -0.5110784 0.7091013 0.6387988 -0.7693573 0.005055189 0.6753118 -0.7375295 0.002067685 0.6387993 -0.7693568 0.005058526 0.4176123 -0.576951 -0.7019456 0.4534532 -0.5476736 -0.7031599 0.4530346 -0.547006 -0.7039489 -0.04819935 -0.04657381 -0.9977514 -0.0136165 -0.01865869 -0.9997332 -0.01382249 -0.01830989 -0.9997369 -0.8340927 -0.5397018 0.1140686 -0.7025436 -0.7111564 0.02625179 -0.8340932 -0.5397019 0.1140635 0.6426371 0.753848 -0.1368607 0.6425971 0.75389 -0.1368175 0.6426523 0.753835 -0.1368607 -0.4509778 0.5390213 -0.7113896 -0.3663858 0.596165 -0.7143871 -0.5154339 0.856714 0.01921308 -0.513537 0.8578311 0.02014303 -0.3425465 0.6582309 0.6703686 -0.3386272 0.6591656 0.6714406 0.09902828 0.07323497 0.9923861 0.09717255 0.07027029 0.9927837 0.5035294 -0.5010977 0.7038177 0.5010313 -0.5035439 0.7038545 0.6752715 -0.7375642 0.002749085 0.6545365 -0.7559766 0.009025633 0.4660504 -0.5461493 -0.6960733 0.04123014 0.01353472 -0.999058 -0.3677524 0.6082571 -0.7034071 -0.3780028 0.6022395 -0.7031511 -0.5181308 0.8550232 0.02181291 -0.3549894 0.6699808 0.6520034 0.08760333 0.08207011 0.992769 0.5007643 -0.5012792 0.7056587 0.6523538 -0.7578833 0.006894826 0.6612001 -0.7501873 0.005792856 0.4568898 -0.5410794 -0.7060346 0.4642599 -0.5323466 -0.7078629 0.02970808 0.04102635 -0.9987164 0.01955449 0.03264421 -0.9992758 -0.5532339 0.4510034 -0.7003772 -0.6879845 0.7098144 0.1511315 -0.6865844 0.7082145 0.1644208 -0.4918815 0.6478034 0.5817245 -0.4976824 0.6530781 0.5707901 0.1496397 0.1562108 0.9763228 0.1496411 0.1562091 0.9763229 0.5088954 -0.4940428 0.7049449 0.6564593 -0.3299447 0.6783788 0.8089726 -0.5873813 -0.0233823 0.5178472 -0.4652842 -0.7178753 0.5178464 -0.4652837 -0.7178763 -0.04639363 -0.03517222 -0.9983038 -0.04639369 -0.03517186 -0.9983039 0.572377 0.4590355 -0.6794639 0.5268884 0.6026766 -0.5993075 0.5195366 0.6079173 -0.6004319 -0.247676 0.5460772 -0.8002853 -0.1984377 0.6796637 -0.7061726 -0.2636519 0.5490012 -0.7931491 -0.8528147 0.4237143 -0.3052429 -0.8379123 0.3858539 -0.3860309 -0.8382965 0.3790766 -0.3918673 -0.9773862 -0.1236048 0.1715754 -0.9770752 -0.1440256 0.1567823 -0.9773863 -0.1236045 0.1715753 -0.541592 -0.4913761 0.682076 -0.5387614 -0.5716376 0.618843 -0.5415921 -0.4913761 0.682076 0.2114626 -0.5713036 0.7930296 0.21048 -0.6511348 0.7291925 0.210388 -0.6547071 0.7260134 0.840643 -0.316572 0.4394332 0.8403698 -0.336937 0.4245612 0.8403037 -0.3392989 0.4228073 0.9725199 0.2299715 -0.03630614 0.973834 0.1935529 -0.1190998 0.9678056 0.06253111 -0.2438077 0.01162183 -0.772247 -0.6352162 -1.49898e-7 -0.8113766 -0.5845238 0.01162159 -0.7722465 -0.6352168 5.36173e-4 0.8130933 0.5821333 5.40218e-4 0.813096 0.5821295 5.32134e-4 0.813093 0.5821337 0.5227242 0.5874991 -0.6177414 0.5236249 0.591023 -0.6136032 -0.1901574 0.6832453 -0.7049938 -0.1923996 0.6634031 -0.7231036 -0.8392441 0.3756429 -0.3931434 -0.9769941 -0.1464143 0.1550661 -0.9758528 -0.1119238 0.1875754 -0.5387135 -0.5751334 0.6156374 -0.5381279 -0.511375 0.6700104 0.2075539 -0.5905228 0.7798746 0.2086282 -0.5939716 0.7769634 0.8370431 -0.3043476 0.4546774 0.8378616 -0.3078177 0.4508175 0.9750117 0.1830745 -0.1258416 0.9749065 0.1863774 -0.1217415 0.5095974 0.4673643 -0.7224134 0.5157001 0.6576964 -0.5490801 0.5095061 0.4620633 -0.7258796 -0.1749389 0.5400226 -0.8232691 -0.190987 0.7327045 -0.6531984 -0.1922723 0.7280945 -0.6579588 -0.8359754 0.3257916 -0.4415937 -0.8394819 0.3983144 -0.3696156 -0.8401832 0.3921275 -0.3746045 -0.969311 -0.08015352 0.2324041 -0.976136 -0.1613777 0.1453132 -0.9764645 -0.1549794 0.1499952 -0.5203808 -0.3953419 0.7569072 -0.5364083 -0.6058577 0.5875396 -0.5375322 -0.6001379 0.5923629 0.1899991 -0.4707421 0.8615696 0.2100551 -0.6851187 0.6974879 0.1894164 -0.4617091 0.8665716 0.8246607 -0.2705679 0.4967171 0.8391998 -0.3540273 0.4128055 0.8226839 -0.2612496 0.5049157 0.9755277 0.1335158 -0.1746975 0.973186 0.2058787 -0.1025816 0.9753311 0.1295588 -0.1787283 0.5090651 0.6896455 -0.5150164 0.5072912 0.5483754 -0.6647858 0.5103381 0.6840223 -0.5212184 -0.1879196 0.7636251 -0.6177079 -0.1725664 0.6205374 -0.7649537 -0.1741072 0.621973 -0.7634373 -0.832474 0.4316134 -0.3474146 -0.8382911 0.3750686 -0.3957168 -0.8382854 0.3751446 -0.3956567 -0.9767965 -0.156548 0.1461557 -0.9713568 -0.03219878 0.2354346 -0.9713337 -0.03202331 0.2355538 -0.5356635 -0.6158813 0.5777152 -0.5365396 -0.3745745 0.7561873 -0.5364924 -0.3740061 0.756502 0.2101023 -0.6950369 0.6875905 0.2095969 -0.4537703 0.8661187 0.2100315 -0.6806977 0.7018102 0.8405718 -0.3494463 0.4139159 0.8355653 -0.2239884 0.5016571 0.8408946 -0.3308507 0.4282924 0.9671306 0.2406026 -0.08227372 0.9747344 0.1826335 -0.1285994 0.9687247 0.2309406 -0.09076923 -0.519406 -0.3864743 0.7621386 -0.9678843 -0.07119637 0.2411043 -0.8354545 0.3217587 -0.445519 -0.1749556 0.5347545 -0.8266972 0.2112353 -0.6061573 0.7667809 0.2112368 -0.6061572 0.7667807 -0.5410439 -0.5263119 0.6559477 -0.9768835 -0.09700995 0.1904934 -0.8322468 0.4266234 -0.3540592 -0.05201774 0.7419629 -0.6684201 0.3918402 0.6948514 -0.6030281 0.3810438 0.6967864 -0.607696 0.9677892 0.2355628 -0.08885055 0.9677891 0.2355629 -0.08885073 0.8402419 -0.2898819 0.4582164 0.8402418 -0.2898819 0.4582164 0.4147157 -0.6720109 -0.6135246 0.4135199 -0.6634004 -0.6236194 0.414488 -0.6632637 -0.623122 -0.350028 -0.6811144 -0.6430891 -0.3482497 -0.6724396 -0.6531058 -0.3500277 -0.6811144 -0.6430893 -0.9097276 -0.2912306 -0.2959401 -0.909034 -0.2772698 -0.3110932 -0.9087581 -0.2772464 -0.3119186 -0.9203076 0.2598901 0.2923887 -0.9345616 0.2985971 0.1934799 -0.9334954 0.3010143 0.1948764 -0.4987432 0.5956555 0.6296426 -0.3951578 0.6837945 0.613413 -0.3718653 0.6839472 0.6276404 0.4343532 0.6067625 0.6657151 0.330263 0.6924296 0.6414574 0.4743682 0.6051671 0.6393338 0.8885522 0.2814288 0.362316 0.9094765 0.3205472 0.2647681 0.9374232 0.3064406 0.1653233 0.9365203 -0.2692556 -0.2245686 0.9366662 -0.25527 -0.2397784 0.9365203 -0.2692557 -0.2245687 -0.02019834 -0.6808713 0.7321246 -0.02544808 -0.5573207 0.8299073 -0.02545112 -0.5573202 0.8299075 6.16881e-4 0.9511867 -0.3086155 0.01600104 0.7613684 -0.648122 6.11796e-4 0.9511838 -0.3086246 0.4094486 -0.5905028 -0.6954556 -0.3403189 -0.5994514 -0.7244592 -0.3424581 -0.5903065 -0.7309315 -0.9056667 -0.2409531 -0.3488689 -0.9069766 -0.2300062 -0.3528326 -0.9271683 0.304165 0.2187298 -0.9280717 0.2938482 0.2287706 -0.362603 0.684364 0.6325861 -0.3597362 0.6790615 0.6398949 0.3059853 0.6919429 0.6539022 0.2963213 0.6922076 0.6580595 0.9082485 0.3229372 0.2660759 0.9000248 0.3259161 0.2893688 0.9364562 -0.2552822 -0.2405843 0.9353605 -0.2190078 -0.2777343 0.4071255 -0.6671239 -0.6238547 0.3990964 -0.8510609 -0.3412 0.4053573 -0.6796575 -0.611352 -0.3417867 -0.6760372 -0.6528061 -0.3512496 -0.8599836 -0.3702053 -0.3507029 -0.8604015 -0.3697523 -0.9003226 -0.2742609 -0.3379355 -0.9070553 -0.3579036 -0.2217112 -0.9067113 -0.3586672 -0.2218841 -0.9348548 0.3123984 0.1686828 -0.9250575 0.379338 0.01927345 -0.9248018 0.380026 0.01794612 -0.3916934 0.753771 0.5276417 -0.3390135 0.9136418 0.22434 -0.3342448 0.9152573 0.2249101 0.3317664 0.7623834 0.5556101 0.2988749 0.9212345 0.2489996 0.337249 0.771906 0.5389104 0.9113535 0.3343767 0.2400565 0.9115319 0.4011988 0.0902732 0.9119625 0.3458892 0.2206469 0.9299839 -0.2524771 -0.2671804 0.9296946 -0.3360476 -0.1507979 0.9306149 -0.2633159 -0.254206 0.4160775 -0.5984231 -0.6846673 0.4168035 -0.5449364 -0.7275432 0.4156818 -0.5996356 -0.6838465 -0.3476555 -0.6075107 -0.7141894 -0.3463677 -0.5540099 -0.7570355 -0.3463593 -0.5540132 -0.7570368 -0.9078056 -0.2379432 -0.3453581 -0.9060882 -0.2103398 -0.3670986 -0.9074783 -0.2368692 -0.3469529 -0.9336003 0.2925477 0.2068974 -0.9337515 0.291209 0.2080996 -0.9335916 0.2925112 0.2069883 -0.3384593 0.716068 0.6104851 -0.7244671 0.5199615 0.4525347 -0.323861 0.7203585 0.6133496 0.2732085 0.7233499 0.634131 0.6748144 0.5366133 0.5066279 0.7098101 0.5078039 0.4881648 0.9076262 0.3144639 0.2780779 0.9077109 0.3131356 0.2792978 0.9077103 0.3131363 0.2792984 0.9369298 -0.2149111 -0.2756371 0.9707316 -0.1977598 -0.1362771 0.9371606 -0.2159208 -0.2740592 0.2940495 0.9227444 0.2491542 0.2834613 0.822238 0.4935326 -0.340174 0.8148154 0.4694225 -0.3410069 0.8137225 0.4707123 -0.9279221 0.3466191 0.1371709 -0.9282827 0.3426192 0.1445801 -0.9071566 -0.3209292 -0.2721607 -0.9069051 -0.316161 -0.2785056 -0.3449308 -0.7710205 -0.5353038 -0.3449888 -0.7666994 -0.5414378 0.3985421 -0.8514857 -0.340788 0.4034463 -0.7621428 -0.5063293 0.9294019 -0.3368095 -0.1509023 0.9328287 -0.2990279 -0.20103 0.9113633 0.4018817 0.08892798 0.906064 0.3684493 0.2080699 0.9075725 0.3147033 0.2779822 0.2583343 0.7272895 0.6358564 -0.3472948 -0.6087149 -0.713339 0.403878 -0.7577856 -0.5124878 0.3836872 0.005471944 -0.923447 0.4056303 0.07734781 -0.9107588 0.3814792 0.006707787 -0.9243531 -0.3816807 -5.37591e-4 -0.9242942 -0.3557445 0.06299096 -0.9324581 -0.3839624 9.64883e-4 -0.9233483 -0.9233642 -0.001581847 -0.383922 -0.9122017 0.02283465 -0.4091048 -0.9115857 0.02411901 -0.4104021 -0.9242776 0.005743443 0.3816779 -0.9331721 -0.02013355 0.3588657 -0.9336056 -0.01858389 0.3578205 -0.3836151 0.01555031 0.9233622 -0.4051223 -0.03966265 0.9134018 -0.4083166 -0.03891724 0.9120104 0.3815624 0.02144092 0.9240944 0.3568948 -0.02329152 0.9338542 0.3536186 -0.02329665 0.9350996 0.9232369 0.02154636 0.3836266 0.9127253 0.01510226 0.4082946 0.9241535 0.02283591 0.3813384 0.9241863 0.01452779 -0.3816657 0.9315866 0.05840682 -0.3587968 0.9232833 0.01553785 -0.3838056 0 -1 0 0 -1 0 0 -1 -9.93781e-7 0 -1 -9.93781e-7 0 -1 9.93781e-7 0 -1 9.93781e-7 0.07663887 0.9283543 0.3637096 0.06719118 0.9332952 0.3527683 0.07279998 0.9236363 0.3762931 0.06278258 0.9316785 0.3578179 0.07280284 0.9236302 0.3763073 0.07277309 0.9236296 0.3763146 0.07274425 0.9236425 0.3762882 0.07282447 0.9236663 0.3762143 0.07291328 0.9236254 0.3762977 0.347648 0.09037685 -0.9332594 0.315517 0.03205162 -0.9483786 0.3467699 0.09191298 -0.933436 -0.4150264 0.08034515 -0.9062548 -0.4438289 0.06538015 -0.8937234 -0.4438285 0.06538021 -0.8937235 -0.9353554 0.03702902 -0.3517658 -0.9419297 0.1380215 -0.3061349 -0.9419334 0.1372168 -0.3064853 -0.9089596 -0.01745295 0.4165188 -0.8945751 0.01015388 0.4468024 -0.894702 0.009592115 0.4465606 -0.3437157 -0.04815691 0.9378383 -0.3211162 -0.09550738 0.9422116 -0.3212838 -0.09993565 0.941695 0.4157596 -0.03910803 0.9086334 0.4416365 -0.1255738 0.8883628 0.41807 -0.03857797 0.9075954 0.93427 0.006388664 0.3565092 0.9463163 -0.05215746 0.3190066 0.9359915 0.006711661 0.3519588 0.9103259 0.06094408 -0.4093808 0.8986255 0.07533991 -0.4321994 0.9096091 0.06325042 -0.4106222 0.8897768 0.01992446 0.455961 0.8918785 0.02179199 0.45175 0.888913 0.02062135 0.4576119 0.3081303 0.03332847 0.9507603 0.3187311 0.04875081 0.9465907 0.3063575 0.0376529 0.9511716 -0.4499742 0.04230701 0.892039 -0.4307487 0.06389009 0.9002075 -0.4298912 0.05517804 0.901193 -0.9496567 0.03010398 0.3118429 -0.9441329 0.05081236 0.3256242 -0.9440175 0.04406189 0.32694 -0.8888325 0.0153073 -0.4579766 -0.8923784 0.01620554 -0.4509971 -0.8918551 0.01720201 -0.451994 -0.3063092 0.002525627 -0.9519287 -0.3177863 -0.01063829 -0.9481027 -0.3168349 -0.0123347 -0.9484006 0.4495552 -0.003669023 -0.8932451 0.4339143 -0.02694183 -0.9005513 0.4515283 -0.001381576 -0.8922557 0.9497494 0.005075693 -0.3129704 0.9460878 -0.01350879 -0.3236287 0.9503694 0.00399506 -0.311098 -0.3440663 -0.0518431 0.9375131 -0.9088655 -0.02228879 0.4164935 0.4330141 -0.01726108 -0.9012219 0.9457799 -0.006117939 -0.3247507 -0.8908982 -0.05604684 0.4507321 -0.9438759 0.1771552 -0.2787731 -0.3689221 0.3353207 -0.8668659 -0.3480463 0.3354992 -0.8753879 -0.3695484 0.3353126 -0.8666023 0.2758628 0.3163748 -0.9076381 0.2300068 0.3245152 -0.9174895 0.2773163 0.3161031 -0.9072897 0.8975679 0.135598 -0.4195057 0.8975834 0.1355897 -0.4194756 0.9461029 -0.09625864 0.3092306 0.9461648 -0.09621649 0.3090546 0.4437648 -0.2481843 0.8610909 0.4443609 -0.2481548 0.8607919 -0.313942 -0.2325763 0.9205154 -0.3132443 -0.2327147 0.9207182 0.1950795 0.5942295 -0.780279 0.1456563 0.5170971 -0.8434423 0.1005184 0.4651861 -0.8794874 -0.5720517 0.3652462 -0.7344061 -0.5604468 0.5995315 -0.571368 -0.5579091 0.5980718 -0.5753674 -0.9913917 0.004502654 -0.1308528 -0.9884234 0.1176378 -0.09581613 -0.9887242 0.1088081 -0.1028844 -0.792455 -0.5193627 0.3198087 -0.80254 -0.441589 0.4011596 -0.7924423 -0.5194224 0.319743 -0.1460558 -0.7805615 0.6077759 -0.1465383 -0.7353083 0.6617011 -0.146831 -0.7365164 0.6602911 0.5859103 -0.6582139 0.4727194 0.5909646 -0.6130148 0.5243794 0.59076 -0.6119755 0.5258219 0.9746943 -0.2234711 -0.005644917 0.9876087 -0.1372347 0.07613009 0.9746089 -0.223834 -0.005991995 0.7924593 0.2684397 -0.5476755 0.8033483 0.4089213 -0.4329144 0.8027675 0.4171847 -0.4260531 -0.05079114 -0.6914237 -0.720662 -0.1333309 -0.6002156 -0.788647 -0.1333361 -0.6002153 -0.7886464 -0.06963872 0.8874624 0.4555886 -0.08360677 0.9203436 0.3820703 -0.08360165 0.9203429 0.3820731 0.09631794 0.7950897 -0.5987948 0.117371 0.6939601 -0.7103826 0.1191555 0.6934177 -0.7106152 -0.5698468 0.578303 -0.5838154 -0.9861429 0.1451763 -0.08028817 -0.8026896 -0.4368975 0.405968 -0.8024955 -0.3454701 0.4864683 -0.1456764 -0.5976384 0.7884203 0.5906425 -0.4744662 0.6527046 0.5899202 -0.4720172 0.655129 0.9865555 -0.04609495 0.1567916 0.9862369 -0.04390132 0.159404 0.7974554 0.4436401 -0.4089605 0.7973179 0.4417601 -0.4112569 0.1225581 0.4364142 -0.8913597 0.1168704 0.3760319 -0.919207 0.1233504 0.4392388 -0.8898619 -0.5551348 0.3230111 -0.7664785 -0.5407475 0.2659875 -0.7980244 -0.5422773 0.2681795 -0.7962507 -0.986561 0.03869092 -0.1587469 -0.9841242 -0.003502547 -0.1774467 -0.9842755 -0.001553773 -0.176634 -0.8119128 -0.237726 0.5331829 -0.8135792 -0.223828 0.536647 -0.8135253 -0.2255083 0.5360248 -0.1643658 -0.3500649 0.9221923 -0.1698409 -0.292434 0.9410827 -0.1697475 -0.2937768 0.9406811 0.57555 -0.2262499 0.7858455 0.5687876 -0.1688323 0.8049698 0.5753495 -0.2282066 0.7854265 0.9771307 0.06164884 0.2035072 0.9754258 0.07554161 0.2069736 0.9772311 0.05956965 0.2036438 0.8041586 0.3383442 -0.488725 0.8088126 0.2965215 -0.5078359 0.8040154 0.3408728 -0.4872012 0.9836024 0.009831905 0.180083 0.9836024 0.009831964 0.180083 0.5851076 -0.3298713 0.7408334 0.5851069 -0.3298715 0.7408338 -0.1557807 -0.4538498 0.8773555 -0.809424 -0.2902114 0.5105 -0.986791 0.06677764 -0.1475952 -0.4309664 0.4514874 -0.7812985 -0.03276467 0.5181208 -0.8546797 -0.03993576 0.5171965 -0.8549345 0.7993661 0.3656766 -0.4767541 0.7993658 0.3656767 -0.4767544 -0.1637175 -0.3518797 0.9216167 -0.8112981 -0.2397195 0.5332261 -0.9867028 0.04121923 -0.1572212 -0.5562051 0.3255236 -0.7646374 0.04543834 -0.585436 -0.8094443 0.08017426 -0.7204617 -0.6888447 0.07803517 -0.7106449 -0.6992099 -0.6621559 -0.5354862 -0.5242176 -0.6199061 -0.6710437 -0.4067149 -0.6621586 -0.5354701 -0.5242308 -0.9871442 -0.1513332 0.05142664 -0.9762057 -0.1977853 0.0889014 -0.9729143 -0.209425 0.09787237 -0.779362 0.4583965 0.4271622 -0.7504276 0.4122021 0.5166702 -0.7073589 0.2756174 0.650906 -0.08775866 0.6392212 0.7639992 -0.08997327 0.7731898 0.6277599 -0.08558112 0.7826077 0.6166045 0.6674682 0.5858776 0.4596018 0.5911853 0.7250781 0.3532162 0.6740656 0.5853286 0.4505841 0.9062232 0.3393365 -0.252211 0.9417998 0.2926772 -0.1653885 0.9475208 0.2793357 -0.1554862 0.72118 -0.2719957 -0.6371168 0.7336316 -0.3185553 -0.600256 0.7211913 -0.2720487 -0.6370814 0.1954329 -0.7612673 0.6182864 0.2105333 -0.7299551 0.6502624 0.2105324 -0.7299554 0.6502625 -0.2446059 0.6488219 -0.720554 -0.2446017 0.6488217 -0.7205557 -0.2420924 0.6253789 -0.7418171 0.07737535 -0.726718 -0.6825644 -0.6144195 -0.6778553 -0.4037339 -0.6198518 -0.6645778 -0.417277 -0.9712228 -0.2165027 0.09926146 -0.9756799 -0.2008863 0.0877121 -0.7447729 0.4212121 0.5175846 -0.7425515 0.403671 0.5344783 -0.08351075 0.7971327 0.5980013 -0.07890981 0.7864512 0.6125909 0.58149 0.7354913 0.3477384 0.5688768 0.7510695 0.3350731 0.9394826 0.3023074 -0.1611919 0.7360416 -0.3301172 -0.590987 0.7349681 -0.3370132 -0.588425 0.03263586 -0.519728 -0.8537083 0.02051222 -0.517934 -0.8551746 0.02232086 -0.5272916 -0.8493913 -0.6756347 -0.469704 -0.5682395 -0.6677849 -0.4693199 -0.5777563 -0.6765863 -0.4666903 -0.5695887 -0.9925746 -0.1168593 0.03375726 -0.9927891 -0.1195291 0.009096384 -0.9930877 -0.1127836 0.03250813 -0.7306501 0.334201 0.5953655 -0.7388011 0.3371297 0.5835379 -0.7302494 0.3331794 0.5964289 -0.02875918 0.6147067 0.7882313 -0.03166574 0.6361744 0.7708952 -0.02836757 0.6132901 0.7893483 0.6391549 0.5675311 0.5190275 0.6318525 0.5893101 0.5034641 0.6286656 0.5966552 0.4987809 0.9726068 0.213856 -0.0911135 0.9705966 0.2163877 -0.1054456 0.9686253 0.2219703 -0.1117783 0.717072 -0.2375661 -0.6552634 0.6998212 -0.2390837 -0.673119 0.7033089 -0.2484098 -0.6660699 0.07348495 -0.688736 -0.7212785 0.07348477 -0.6887362 -0.7212784 -0.6662137 -0.4786607 -0.5718769 -0.6337855 -0.6387787 -0.4362084 -0.9915374 -0.1286975 0.01704758 -0.9776778 -0.1937741 0.08122766 -0.7410792 0.3427032 0.5773701 -0.7567099 0.385607 0.5279181 -0.03173774 0.6432985 0.7649575 0.03441625 0.7879301 0.6148023 0.4953125 0.7553771 0.4290352 0.4900851 0.7571412 0.4319187 0.9508294 0.2649933 -0.1603188 0.9508293 0.2649936 -0.1603187 0.7298656 -0.3143857 -0.6070075 0.7298655 -0.3143858 -0.6070075 0.9474471 0.2843033 -0.1466819 0.574426 0.7403049 0.3492614 0.07350641 -0.7135506 -0.6967369 0.7320618 -0.321506 -0.6005994 -0.9106134 -0.2888044 -0.2955936 -0.91268 -0.2846307 -0.2932587 -0.9128775 -0.2846101 -0.2926638 0.93732 -0.2668076 -0.2241542 0.9390094 -0.2628505 -0.2217458 0.9370979 -0.2671226 -0.2247069 0.9365203 -0.2692549 -0.2245696 0.9407926 0.3086314 0.1401998 -0.9544057 0.2839211 0.09218782 -0.9558769 0.2860536 0.06687873 -0.9092535 0.2967173 -0.2919194 -0.9097278 -0.2912299 -0.2959402 -0.9097275 -0.2912314 -0.2959396 -0.3500276 -0.6811122 -0.6430917 0.4147157 -0.6720109 -0.6135244 0.4147157 -0.6720087 -0.6135269 0.4147157 -0.6720088 -0.6135267 0.4168173 -0.544934 -0.727537 0.4166507 -0.594342 -0.6878661 -0.3480674 -0.6034412 -0.7174314 -0.3480656 -0.6034417 -0.7174319 -0.9511227 -0.2005988 -0.2347887 -0.9089244 -0.2590457 -0.3267291 -0.9521116 -0.2203781 -0.211937 -0.9136095 -0.236031 -0.3310697 0.9417935 -0.2139383 -0.2593367 0.9613554 -0.2685788 0.06050986 0.9364654 -0.1883858 -0.2958772 0.9709076 -0.1777256 -0.1604746 -0.9122784 -0.2516044 -0.3231772 -0.9134532 -0.2495661 -0.3214343 0.9392963 -0.2624315 -0.2210256 0.9402252 -0.2295521 -0.2515603 -0.9070451 -0.3099678 -0.2849371 -0.9165021 -0.3568693 -0.1807436 -0.9170163 -0.3557778 -0.1802868 0.9334437 -0.288033 -0.2138221 0.9359378 -0.3348436 -0.1090888 0.9320585 -0.2910481 -0.2157732 -0.9565016 -0.2914083 -0.01364326 -0.9086839 -0.2549306 -0.3306117 0.9372961 -0.2329543 -0.2592459 0.9373022 -0.2324804 -0.2596487 0.9412084 -0.2274629 -0.249775 -0.9054391 -0.3129221 -0.2868098 0.936393 -0.333716 -0.1086361 0.9371542 -0.2934288 -0.1887893 -0.9125527 -0.3155279 -0.2601723 -0.9120721 -0.3167831 -0.2603327 0.9367178 -0.2945877 -0.1891507 -0.9086703 -0.2544565 -0.3310142 0.09092783 -0.4280656 -0.8991618 0.07912683 -0.3664782 -0.927056 0.07718205 -0.3649516 -0.9278218 0.1280387 -0.4280653 0.894632 0.1173997 -0.3664782 0.9229903 0.1307686 -0.4311099 0.8927731 -0.02702116 0.3284171 -0.9441462 0.2898079 0.2387359 -0.9268316 0.1220194 -0.3556919 -0.9266038 0.1220195 -0.3556919 -0.9266038 0.1732026 -0.9082111 -0.3809903 0.3328045 -0.8587282 -0.38965 0.3328043 -0.8587275 -0.3896519 0.3486349 -0.8587276 0.375554 0.1602402 -0.3556982 0.9207616 0.003150761 -0.4121924 0.9110914 0.01204937 0.3284226 0.944454 -0.3574442 0.2994366 0.8846306 0.2281274 -0.2742083 0.9342204 0.2746044 -0.2848622 0.9183931 0.1649246 -0.1783109 0.9700543 0.5740193 -0.7304679 0.3700251 0.62472 -0.6877113 0.3698353 0.6088938 -0.6877005 -0.3953688 0.6088942 -0.6876992 -0.3953703 0.2363942 -0.2848744 -0.9289588 0.1892893 -0.2742062 -0.9428577 0.1246632 -0.1783192 -0.9760438 0.1684402 -0.3340995 -0.9273648 0.1685861 -0.3343846 -0.9272355 0.1154884 -0.3649517 0.9238359 0.206696 -0.3340811 0.9196014 0.261122 -0.2632441 -0.9287185 0.2625182 -0.2621628 -0.9286307 0.2613889 -0.2624524 -0.9288674 0.2993426 -0.2632116 0.9171225 0.3006987 -0.2621601 0.9169801 0.3008941 -0.2625244 0.9168118 0.2995418 -0.2624762 0.9172683 0.2067469 -0.3344086 0.9194709 0.2627204 -0.2625272 -0.9284706 -0.6706063 -0.4684492 -0.5751891 -0.6738395 -0.4986501 -0.5452415 -0.6738553 -0.4983087 -0.5455343 0.9987521 0.03142648 0.03881651 0.9975792 0.001836895 0.06951618 0.9987491 0.03146046 0.03886574 0.9987419 0.03166037 0.03888911 0.9987419 0.03166085 0.03888911 0.6775368 0.499866 0.5395165 0.6520411 0.4005776 0.6437236 -0.9970746 -0.001584291 -0.07641851 -0.8403747 0.3050284 -0.4480271 -0.6707524 -0.468254 -0.5751777 0.05014497 -0.6305481 -0.7745287 0.05014491 -0.630551 -0.7745263 0.7416802 -0.4234769 -0.520171 0.7416803 -0.4234772 -0.5201705 -0.6778439 -0.511775 -0.5278391 -0.6780217 -0.5113734 -0.5279999 0.9975979 0.002188384 0.06923663 0.996125 -0.01069658 0.08729571 -0.6944452 -0.5740615 -0.4338194 -0.7036845 -0.5814578 -0.4083319 -0.7030573 -0.5819825 -0.4086648 0.9805712 -0.07249319 0.1822767 0.9747297 -0.07888209 0.2089966 0.9806837 -0.07281285 0.1815429 0.9960517 -0.009942471 0.08821678 -0.6939291 -0.5742763 -0.4343606 0.9920503 0.1240514 -0.02115452 0.9966323 0.08157062 0.008385002 0.9967244 0.08048653 0.007900714 -8.49431e-4 0.8038955 -0.5947699 -0.01415371 0.8309404 -0.5561814 -0.06329303 0.8162121 -0.5742751 -0.04166054 0.8272764 -0.5602483 -0.6756558 -0.3753145 -0.63453 -0.6756388 -0.4190728 -0.6065396 -0.6759471 -0.3751548 -0.6343142 0.9747884 -0.07957828 0.2084589 -0.674659 -0.4200604 -0.606947 0.1046714 0.06821078 0.992165 0.1352344 0.03879046 0.9900541 0.1347445 0.03940707 0.9900965 -0.617528 -0.4925865 -0.6132029 -0.5878773 -0.5227154 -0.6173888 -0.6174751 -0.492559 -0.6132783 -0.6175074 -0.492286 -0.6134649 -0.6174989 -0.4922792 -0.6134789 -0.1743443 -0.02701497 -0.9843142 -0.02801835 -0.1132197 -0.9931749 0.5540235 0.5385823 0.6348127 0.1428465 0.7247435 0.6740488 0.1047775 0.06858599 0.9921279 0.1047798 0.06858253 0.9921278 -0.4693281 -0.3952898 0.7896058 -0.4693244 -0.3952938 0.7896059 -0.7685045 -0.6276072 0.1245402 -0.7685046 -0.6276071 0.1245402 0.1529712 0.02573043 0.9878957 0.1534317 0.02670603 0.9877984 -0.5883926 -0.5221182 -0.6174033 -0.5710912 -0.5364509 -0.6213496 0.2473158 -0.03604251 0.9682644 0.2742772 -0.04273599 0.9607007 0.2736779 -0.04413908 0.9608081 -0.4774892 -0.5988513 -0.6429473 -0.4520382 -0.6067284 -0.6538672 -0.4783291 -0.5991959 -0.6420013 -0.5708386 -0.5356965 -0.622232 0.246211 -0.03664052 0.9685235 -0.677549 -0.3992694 -0.6176661 -0.6502202 -0.4419065 -0.6180068 -0.6505385 -0.4435653 -0.6164816 -0.6011356 0.7987041 -0.02660459 -0.5759651 0.815706 -0.05374121 -0.5570155 0.8304209 -0.01161587 -0.5631096 0.8256364 -0.03510457 0.04384416 0.160908 0.9859951 0.07328677 0.1198968 0.9900777 0.04436469 0.1613432 0.9859008 -0.4521914 -0.6077885 -0.6527758 0.0722351 0.1177472 0.9904129 -0.7631388 -0.4750398 0.4381282 -0.8070703 -0.4283241 0.4064186 -0.7608658 -0.4760757 0.4409481 0.8666139 0.267983 -0.4209104 0.9658653 0.1701232 -0.1953522 0.9696949 0.1638176 -0.1812619 0.8040875 0.3996639 -0.4401275 0.7924514 0.2683634 -0.5477244 0.988959 -0.09962153 0.1097077 0.5945121 -0.5405504 0.5952822 0.5859012 -0.6582717 0.4726501 -0.1460434 -0.7808781 0.6073721 -0.1481944 -0.6648336 0.7321439 -0.1481954 -0.6648374 0.7321403 -0.8040893 -0.3996609 0.4401268 -0.8040907 -0.3996617 0.4401237 -0.9906461 0.1364538 -8.91305e-4 -0.9509525 -0.05744338 -0.3039571 0.2020395 0.7292681 -0.6537188 0.3481171 0.8641635 -0.3633674 0.05204534 -0.7095274 -0.7027534 0.0328927 -0.6262908 -0.7788954 0.02773189 -0.6027987 -0.7974114 0.990074 -0.1124229 0.08434891 0.9880765 -0.06021088 0.141703 0.9880106 -0.06045013 0.1420595 -0.8081585 -0.4279931 0.4046009 -0.8045746 -0.359826 0.4724246 0.9806246 0.03850376 0.1920756 0.9796525 0.04516351 0.1955543 0.980623 0.03840965 0.1921025 -0.8116708 -0.2614578 0.5223317 -0.8117115 -0.2545507 0.5256693 -0.8114954 -0.2547571 0.5259032 -0.8095307 -0.3108962 0.4979996 -0.8116323 -0.261503 0.5223689 -0.007911443 0.8588632 0.512144 -0.05427396 0.9069265 0.4177782 -0.08592885 0.8458123 0.5265149 -0.04541337 0.849777 0.5251826 0.9858768 -0.01045399 0.1671457 0.9859016 -0.01037746 0.1670042 -0.8044087 -0.3600329 0.4725495 0.9796025 0.0449596 0.1958511 0.9089984 -0.3485569 0.2285388 0.9093989 -0.3357431 0.2455001 0.9094111 -0.3358855 0.2452599 -0.9352702 -0.2396394 0.2604664 -0.9335616 -0.2269341 0.2774235 -0.9352705 -0.2396389 0.2604659 0.9451682 0.2665369 -0.18872 0.8864752 0.3895637 0.2498039 0.9089959 -0.3485648 0.2285364 0.9089944 -0.3485705 0.2285341 0.9089964 -0.3485713 0.2285246 0.3502445 -0.7325794 0.5836577 0.3502405 -0.7325856 0.5836524 0.3502441 -0.7325931 0.5836407 -0.4136905 -0.6874651 0.5968686 -0.9352756 -0.2396342 0.260452 -0.9131718 0.3763058 -0.1565611 -0.8972378 0.3138146 -0.31062 0.9093508 -0.3476223 0.2285605 0.9093461 -0.347644 0.2285464 -0.9355146 -0.2386612 0.2604865 -0.9336372 -0.2270249 0.2770945 0.9094781 -0.329981 0.2529072 0.9092314 -0.3304656 0.2531617 -0.9327248 -0.221178 0.2847892 -0.935513 -0.2386829 0.2604723 0.02889239 0.7141915 0.6993539 0.05405771 0.7093958 0.7027342 0.9126313 -0.2740207 0.3033428 0.9130905 -0.2732285 0.3026747 -0.927528 -0.1653425 0.3351923 -0.9325237 -0.2216579 0.2850742 0.07947516 0.7112143 0.6984683 0.0633639 0.7583185 0.6487975 -0.04821699 -0.04656434 -0.997751 -0.03055238 -0.03378164 -0.9989622 -0.03092056 -0.03385275 -0.9989484 0.4857686 -0.5114048 0.7088681 0.5041404 -0.4980862 0.705516 0.4857203 -0.5113626 0.7089317 -0.04819923 -0.04657381 -0.9977513 -0.04819864 -0.04657334 -0.9977515 -0.04819852 -0.04657334 -0.9977514 0.4176118 -0.5769519 -0.701945 0.4176079 -0.5769505 -0.7019487 0.4176107 -0.5769538 -0.7019443 0.6387902 -0.7693645 0.005059182 0.6387901 -0.7693646 0.005051374 0.4857693 -0.5110832 0.7090995 0.1363989 0.07277166 0.9879776 -0.4032782 0.5422449 -0.7371141 0.02428781 0.6235324 -0.7814202 0.01128214 -0.01253682 -0.9998578 0.01135462 -0.01301151 -0.999851 0.5038959 -0.4983474 0.7055061 0.4480718 -0.5376871 0.7142299 -0.01408255 -0.02422654 -0.9996074 -0.01434516 -0.02381938 -0.9996134 0.448221 -0.5376395 0.7141721 0.501847 -0.4955134 0.7089543 0.6818677 0.712584 -0.1651685 0.7041568 0.6946803 -0.1469104 0.6979262 0.6956282 -0.1702955 -0.07569378 -0.0728659 -0.9944652 -0.07542264 -0.07321649 -0.9944601 0.6310629 -0.3672456 0.6832937 0.5021147 -0.4959377 0.7084679 0.6859993 0.7022859 -0.1902615 0.6507632 0.744029 -0.1514203 -0.9995476 -0.01805794 -0.02405273 -0.9991016 -0.04224455 0.003380596 -0.9991407 -0.04131358 0.003308057 0.7283461 -0.4138038 -0.5461488 0.7328398 -0.4389356 -0.5198858 0.7283027 -0.4138211 -0.5461937 0.7282146 -0.4139993 -0.546176 0.7282115 -0.4139977 -0.5461814 0.7282173 -0.4140011 -0.546171 0.9937622 0.06604349 -0.08986061 -0.765002 0.4688381 0.4415462 -0.8020592 0.5937491 0.06452298 -0.9995407 -0.01830804 -0.02415347 -0.9995406 -0.01830804 -0.02415335 -0.9995406 -0.0183078 -0.0241543 -0.6853645 -0.4398858 -0.5803242 -0.6853628 -0.4398835 -0.5803278 -0.6853687 -0.4398873 -0.5803181 0.03031331 -0.6037982 -0.7965607 0.09247243 -0.07004225 -0.9932487 0.08209216 -0.1237926 -0.9889067 -0.6335104 0.04008197 -0.7726954 -0.9828989 0.1815846 0.03060907 -0.9780833 0.1804972 -0.1037971 -0.97556 0.198367 -0.0945152 0.759877 -0.1990709 -0.6188359 0.7496991 -0.2151715 -0.6258215 0.8249018 -0.2324762 -0.5152592 -0.9981579 -0.05053001 0.03357928 -0.9981596 -0.05045813 0.03363913 0.7331958 -0.438068 -0.5201157 0.7446892 -0.4494251 -0.4934118 -0.9995953 0.00791037 -0.02732795 -0.9995853 0.007375657 -0.02783399 0.7447516 -0.4493667 -0.4933705 0.737074 -0.3898274 -0.5520476 -0.9878159 0.1261676 -0.09111303 0.7419112 -0.2700288 -0.6137201 0.7419836 -0.2691285 -0.614028 0.7365854 -0.3902485 -0.552402 -0.9876794 0.1270069 -0.09142667 -0.4770846 -0.3741515 0.7952364 -0.5325181 -0.3166456 0.7849588 -0.5320641 -0.3178851 0.7847656 -0.1140081 -0.07069987 -0.990961 -0.03011828 -0.1584524 -0.9869071 -0.1140604 -0.07072901 -0.9909529 0.410615 0.4203248 -0.8091493 0.5451872 0.3213672 -0.7742701 0.0445075 0.1146914 0.9924037 -0.3338903 0.3352244 0.8809892 -0.4770884 -0.3740161 0.7952978 -0.4770972 -0.3740106 0.7952951 -0.4770978 -0.3740103 0.795295 -0.7888103 -0.5998984 0.1337918 -0.7888078 -0.5999031 0.133786 -0.788807 -0.5999024 0.1337933 -0.6384637 -0.4743753 -0.6060794 -0.6384564 -0.4743893 -0.6060762 -0.6384449 -0.4743805 -0.6060951 -0.1140969 -0.07097756 -0.990931 -0.5638486 -0.305211 0.7674121 -0.5638829 -0.3052555 0.7673692 -0.0307669 -0.1568912 -0.9871366 0.03064501 -0.1935713 -0.9806076 -0.4949576 -0.3693547 0.7865077 -0.4947077 -0.3691769 0.7867482 0.03075551 -0.1934173 -0.9806345 -0.1210201 -0.03223025 -0.9921267 -0.324792 0.8197449 0.4717293 -0.3466925 0.820814 0.4539478 -0.349055 0.8128534 0.4662941 -0.3850758 -0.5362136 0.7511269 -0.413661 -0.4802356 0.7734715 -0.3851265 -0.536223 0.7510942 -0.3646492 0.3894891 -0.8457714 -0.2992736 0.2435545 -0.9225597 -0.2996389 0.2431536 -0.922547 -0.3470383 0.8060711 0.4793891 -0.1210466 -0.03314781 -0.9920932 -0.4137437 -0.4801986 0.7734504 -0.07738101 -0.9388706 -0.3354615 -0.1455412 -0.9409815 -0.3055678 -0.07811248 -0.9367192 -0.3412562 -0.9008322 -0.07552862 0.4275473 -0.9008321 -0.0755285 0.4275478 0.05329376 0.9383468 0.3415627 -0.008330523 -0.9422747 -0.3347375 -0.007992982 -0.9435359 -0.3311741 0.07828116 0.9340604 0.3484299 0.06398433 0.9374034 0.3423172 0.9446435 -0.1206222 0.3051213 0.9446435 -0.1206222 0.3051211 0.4746115 0.2677696 0.8384769 0.4482832 0.2834632 0.8477563 0.448471 0.2829341 0.8478338 -0.7049711 -0.6707833 -0.2303595 -0.6960054 -0.6765679 -0.2404837 -0.7050407 -0.6708762 -0.2298754 -0.5471517 -0.2351478 -0.8033247 0.6430926 0.7151547 0.2738353 0.263117 0.8454528 0.4647355 0.4746811 0.2692524 0.8379625 0.4746813 0.2692528 0.8379623 0.4746797 0.2692521 0.8379634 -0.03294593 -0.2912303 0.9560856 -0.03294658 -0.2912296 0.9560857 -0.03294664 -0.2912298 0.9560858 -0.5212774 -0.6811172 0.5141491 -0.7042512 -0.6720142 -0.2289702 -0.7042507 -0.6720147 -0.22897 -0.7042505 -0.6720145 -0.2289713 0.4729157 0.2562937 0.8430091 0.4725242 0.2552449 0.8435468 -0.6961206 -0.6763018 -0.2408987 -0.7668942 -0.6019093 -0.2226625 0.4268093 0.3136334 0.8482146 0.313036 0.3493467 0.8831565 0.3129647 0.3486545 0.8834552 -0.3554903 -0.8817598 -0.3100427 -0.4103572 -0.8554626 -0.3158966 -0.3553097 -0.8825146 -0.3080959 -0.6423555 0.7402361 0.1985699 -0.6637064 0.7164497 0.214927 -0.6530368 0.7227348 0.2262685 0.4841248 0.2583554 0.8359879 0.4762783 0.2637973 0.8387908 0.4842037 0.2584838 0.8359026 -0.794644 -0.5720211 -0.2033046 -0.7647292 -0.6074466 -0.2149369 -0.7646445 -0.6077491 -0.214383 -0.6406729 0.7314043 0.2336364 -0.8283312 -0.5397873 -0.1499902 -0.7666385 -0.6014584 -0.2247515 0.427599 0.3155413 0.8471086 0.4118055 0.3120865 0.8561649 0.4121037 0.3127161 0.8557916 -0.4103956 -0.8550996 -0.3168287 -0.6032079 -0.7540714 -0.2598401 -0.6030809 -0.7543888 -0.2592124 0.4764427 0.2637788 0.8387033 0.8725172 -0.2147042 -0.4388805 0.8841287 -0.2077441 -0.4185199 0.88395 -0.207814 -0.4188625 -0.6767664 -0.5198687 0.5212714 -0.6656385 -0.5130035 0.5419898 -0.6766964 -0.5199596 0.5212716 0.770471 0.5061716 -0.3875111 0.7186658 0.5164611 -0.4656043 0.9036813 0.4261193 -0.04222089 0.8723623 -0.2151237 -0.4389827 0.8723627 -0.2151237 -0.4389819 0.8723628 -0.2151235 -0.438982 0.557027 -0.8244765 -0.0997976 0.5570266 -0.8244767 -0.09979814 0.5570266 -0.8244767 -0.0997982 -0.08459985 -0.9508591 0.297842 -0.08460074 -0.9508596 0.2978405 -0.0846008 -0.9508596 0.2978405 -0.6766775 -0.520243 0.5210132 -0.8400794 0.2094292 0.5004059 -0.9084472 0.2212104 0.3546684 0.9255651 -0.1734846 -0.3365005 0.9256241 -0.1740757 -0.3360324 -0.6658451 -0.5130789 0.5416645 -0.6207219 -0.4780183 0.6214522 0.9775047 -0.06829833 -0.1995493 0.9565981 -0.08770924 -0.277898 0.9570807 -0.08337903 -0.2775691 -0.6689859 -0.5828277 0.4612699 -0.6396377 -0.5004023 0.5834906 -0.6392293 -0.5009921 0.583432 -0.6201178 -0.4786176 0.621594 0.9776897 -0.06935375 -0.1982753 -0.3706666 -0.1552533 0.915698 -0.1787054 -0.1753491 0.9681515 -0.3682113 -0.148374 0.9178267 0.636193 0.6320679 0.442435 0.7545586 0.4083521 0.5137023 0.8142484 0.3649718 0.4514368 0.7124133 0.4818897 0.5101467 0.6572839 0.4995132 0.5643266 0.7743961 -0.3738126 -0.5104655 0.557409 -0.5176095 -0.6491346 0.5565887 -0.5148495 -0.6520269 -0.4972251 -0.1988676 0.8445229 -0.4997818 -0.1963489 0.8436026 0.7749575 -0.3754897 -0.5083783 -0.4673222 -0.3240153 0.8225716 -0.4101453 -0.3887202 0.8250318 -0.4113944 -0.3881552 0.8246759 -0.09718823 -0.1149566 -0.9886048 -0.040681 -0.1800372 -0.9828183 -0.09646415 -0.1144209 -0.988738 -0.09789812 -0.1405589 -0.9852204 0.4116556 0.3854598 -0.8258091 0.5105293 0.3281987 -0.7947614 0.04192793 0.176609 0.9833877 -0.3657698 0.411162 0.8349602 -0.4655219 -0.3482233 0.8136522 -0.493423 -0.3145257 0.81093 -0.7562431 -0.6330241 0.1654604 -0.6039721 -0.5470081 -0.5796549 -0.6317397 -0.5131255 -0.5810399 -0.5001312 -0.6514713 -0.5704858 -0.6914659 -0.7020771 0.1701843 -0.652396 -0.7374854 0.1746273 -0.4225016 -0.3914924 0.8174511 -0.4149637 -0.3736456 0.8295748 -0.3282558 -0.2867904 0.8999997 -0.04404735 -0.1641333 -0.9854543 -0.05488783 -0.1838347 -0.9814235 0.0591945 -0.06793963 -0.9959319 -0.4250389 -0.3744969 0.8240717 -0.4249432 -0.3746122 0.8240686 -0.04199391 -0.1795083 -0.9828598 -0.05540704 -0.1657207 -0.9846151 -0.4896761 -0.3234519 0.809689 -0.5004198 -0.2997471 0.8122386 -0.4904232 -0.3232831 0.8093042 -0.1227793 -0.1162179 -0.9856058 -0.1327442 -0.09207415 -0.9868644 -0.1325752 -0.09198468 -0.9868955 -0.1236226 -0.1161052 -0.9855136 -0.05535423 -0.1658074 -0.9846035 -0.5002482 -0.2997111 0.8123577 -0.9837569 -0.1597129 0.08194029 -0.9646378 -0.2262821 0.1351678 -0.9648224 -0.2259595 0.1343874 0.738826 -0.2813761 -0.6123428 0.7538758 -0.347671 -0.557491 0.7391883 -0.2810583 -0.6120514 0.7309235 -0.3072872 -0.6093648 0.9712088 0.2116828 -0.1092892 0.9872474 0.1559219 -0.03210866 -0.7424666 0.3327289 0.5814076 -0.7781969 0.6161959 0.1212947 -0.9871344 -0.1513835 0.05146616 -0.9792014 -0.1864929 0.07990664 -0.9792013 -0.1864929 0.07990694 -0.6538755 -0.5710189 -0.4963711 -0.6538792 -0.5710265 -0.4963576 0.04545646 -0.5854869 -0.8094065 0.0544793 -0.6210569 -0.7818699 0.05447953 -0.6210589 -0.7818682 -0.9698069 -0.2116857 0.1210944 -0.9697642 -0.211811 0.121217 0.7535073 -0.3473347 -0.5581983 0.7496482 -0.3331884 -0.5718507 -0.9837708 -0.1688706 0.06064426 -0.9893256 -0.1380212 0.04674416 -0.9838224 -0.1686962 0.06029212 0.7228816 -0.2889645 -0.6276478 0.7211147 -0.2588281 -0.642652 0.7211817 -0.2587521 -0.6426075 -0.2443064 0.6041746 -0.7584772 -0.2613328 0.6026549 -0.7539976 -0.9709014 -0.2158536 0.1037206 -0.9709009 -0.2158569 0.1037175 0.7379038 -0.3365409 -0.5850113 0.7228288 -0.2892405 -0.6275814 -0.2763833 0.6064405 -0.7455483 -0.2520102 0.6418772 -0.7242132 0.749645 -0.3332214 -0.5718356 -0.9893334 -0.1379402 0.04681843 -0.392182 -0.1601152 -0.9058458 -0.3355757 -0.1205264 -0.934271 -0.3363782 -0.1210805 -0.9339107 0.7183291 -0.4314302 0.5457758 0.6177541 -0.5065937 0.6014506 0.7183023 -0.4313718 0.5458573 -0.3921466 -0.1603829 -0.9058138 -0.3921458 -0.1603824 -0.9058141 0.163854 -0.6578819 -0.7350805 0.6238673 -0.7700008 -0.1337475 0.6238677 -0.7700004 -0.1337481 0.6238677 -0.7700005 -0.1337481 0.7184296 -0.431064 0.545933 0.461701 0.1850634 0.8675158 -0.6586114 0.4581179 -0.5969583 -0.2636375 0.5462026 -0.7950838 -0.3588151 -0.1413942 -0.9226372 -0.3589531 -0.1412393 -0.9226074 0.6192101 -0.505613 0.6007782 0.6935685 -0.4494476 0.5629916 -0.3177559 -0.11964 -0.9405943 -0.3978394 -0.1792394 -0.8997761 -0.3179544 -0.1196937 -0.9405203 0.5850318 -0.5215874 0.6210349 0.7808291 -0.3644561 0.5074227 0.7808303 -0.3643726 0.5074808 -0.3651403 -0.1406638 -0.9202643 -0.3202127 -0.1144924 -0.9404017 -0.3651363 -0.1404282 -0.9203019 0.7459161 -0.407937 0.5264946 0.8305308 -0.3315956 0.4475077 0.8305701 -0.3323444 0.446879 0.6938096 -0.4494826 0.5626665 -0.3978239 -0.1793559 -0.8997598 0.407354 -0.6033384 0.6855987 0.5845001 -0.5222696 0.6209623 -0.3201892 -0.1138424 -0.9404887 0.6509577 -0.4775927 0.5900504 0.7459412 -0.407691 0.5266497 0.7244677 0.5300096 -0.4407226 0.7402302 0.4726577 -0.478178 0.6804824 0.5848945 -0.4414092 0.7942613 0.4438201 -0.414937 0.775297 0.4513496 -0.4418125 -0.3218183 -0.1206604 -0.9390815 -0.3212326 -0.1214813 -0.9391762 0.8405511 -0.3167486 0.4394817 0.8424648 -0.3529585 0.4070301 0.8424672 -0.35257 0.4073618 -0.9773506 -0.1237931 0.1716423 -0.9773255 -0.1597738 0.1389502 -0.9773613 -0.1237684 0.1715995 0.9788734 0.1607114 -0.1264069 0.8604357 0.4401673 0.2567164 0.8406444 -0.3165713 0.4394313 0.8406437 -0.3165724 0.4394319 0.2114641 -0.5713053 0.7930278 0.2114636 -0.5713067 0.793027 -0.5415933 -0.4913751 0.6820757 -0.5415933 -0.4913753 0.6820755 -0.9773862 -0.1236037 0.1715762 -0.9773862 -0.1236042 0.1715762 -0.8472964 0.3545424 -0.39546 -0.8236207 0.2526756 -0.507744 0.8433401 -0.3167958 0.4340713 0.843225 -0.3168141 0.4342817 -0.9773417 -0.1594169 0.1392461 -0.9784275 -0.123391 0.1656935 0.8465038 -0.361086 0.3912138 0.8456705 -0.2696511 0.4605756 0.8463917 -0.3611506 0.3913969 -0.978266 -0.1674015 0.1223618 -0.978482 -0.07603079 0.191813 -0.9785091 -0.07591992 0.1917188 0.8382154 -0.2868896 0.4637774 0.8421792 -0.3482037 0.4116895 0.8384458 -0.2867996 0.4634165 -0.9759559 -0.09429508 0.1965164 -0.9774125 -0.1550645 0.1435966 -0.9772798 -0.1555995 0.1439202 -0.9783836 -0.1234658 0.165897 0.8457455 -0.2695509 0.4604965 -0.9782265 -0.1674814 0.122568 0.8418528 -0.34869 0.4119458 -0.978044 -0.1353749 0.158441 -0.9760466 -0.09413725 0.1961406 0.006924569 0.735312 0.6776934 0.02163112 0.6587101 0.752086 0.01569545 0.7797458 0.6258995 -0.09941649 0.6715544 0.7342554 -0.04080814 0.6585665 0.7514153 0.8425853 -0.3286201 0.4266836 0.842666 -0.3285328 0.4265915 -0.351967 0.06236201 -0.9339327 -0.4489808 0.03935176 0.8926745 0.3826829 0 -0.9238798 -0.3826835 0 -0.9238796 -0.9238794 0 -0.3826841 -0.9244076 -0.002956449 -0.3813948 -0.9238794 0 0.3826841 -0.923381 0.004239559 0.3838613 -0.3826833 0 0.9238796 -0.3814946 0.01365923 0.9242702 0.3826829 0 0.9238798 0.3838399 0.01960617 0.9231916 0.9238796 0 0.3826835 0.9238796 0 -0.3826835 0.1289961 0.930031 -0.3440966 -0.4579716 -0.3036702 -0.8354918 -0.504846 -0.1245076 -0.854183 -0.5048455 -0.1245083 -0.8541831 -0.4814866 -0.2226883 -0.8476913 -0.4814868 -0.2226945 -0.8476897 -0.6036436 0.7968312 -0.02596896 -0.8784891 0.2183879 0.4249279 -0.6061826 -0.4748653 0.6380013 0.03698748 -0.8609684 0.5073121 -0.1428636 0.7438356 -0.6529154 -0.726838 0.6193084 -0.2969238 -0.9576237 0.1197476 0.2619494 0.7411857 -0.611921 0.2760372 0.9794657 -0.06938117 -0.1892966 0.6714169 -0.5686093 -0.4752713 0.5507894 -0.7998918 0.2383365 0.09347927 -0.5664378 0.8187856 0.2978341 0.34693 -0.8893449 0.593355 0.6803596 0.4301637 0.5933268 0.6803825 0.4301662 0.5933418 0.6803798 0.4301499 -0.6039394 0.5220321 -0.6022789 -0.6692449 0.7391546 0.07590639 0.1467585 -0.6732501 -0.7247043 -0.7115274 -0.5457839 0.442548 -0.7115266 -0.5457842 0.4425489 -0.6760271 -0.6175563 0.4020094 -0.6760267 -0.6175569 0.4020093 -0.6760231 -0.6175598 0.4020107 0.6738415 0.6195018 -0.4026849 0.7223473 0.5550786 -0.4124346 0.6738508 0.6194965 -0.4026777 -0.5277547 0.842188 0.1104281 -0.1244902 0.7144952 0.6884757 0.4045027 0.1650378 0.8995222 0.6998305 -0.4499038 0.5548189 -0.5651839 0.5443854 -0.6198481 0.5219349 -0.8494763 -0.07729238 0.1387211 -0.6813492 -0.7186931 -0.318874 -0.1035967 -0.9421185 -0.6868511 0.4588257 -0.5636618 -0.4244347 0.9030438 0.0660842 -0.08902019 0.7490133 0.6565476 0.3793988 0.1497349 0.9130368 0.6149741 -0.5139463 0.598052 0.7115605 -0.6769023 -0.1883746 0.2381202 -0.5846463 -0.7755563 -0.341828 -0.1146803 -0.932739 0.6882621 -0.4576141 0.5629251 0.4139409 0.1805185 0.8922253 -0.2011739 0.8197309 0.5362559 -0.37123 0.900276 0.2273579 -0.724982 0.485379 0.4886804 -0.138835 0.5697451 0.8100095 -1.26413e-5 -0.7969157 0.6040906 0.05562561 -0.698422 0.7135213 -0.04689335 -0.8646125 0.5002462 0.05562406 -0.6984166 0.7135267 -2.8408e-7 -0.7969328 0.6040681 0.1913827 0.9757642 -0.1060986 0.1913867 0.9757522 -0.1062024 0.2697286 0.9468955 0.1750298 0.08919382 0.9134112 -0.3971455 0.2697424 0.9468905 0.1750352 -0.429911 0.2433336 0.8694627 0.5990844 0.08657956 0.7959912 0.7412574 -0.2526481 -0.6218572 0.6164726 0.3134965 0.7222753 0.0130555 0.2015733 0.9793865 0.6168038 0.4243071 0.6629604 0.603938 -0.7969332 -0.01250839 0.6890944 -0.7244697 0.01710617 0.6890943 -0.7244699 0.01710617 0.5259125 -0.8497203 -0.03730201 0.6039406 -0.7969313 -0.01250374 -0.2886206 0.8300821 0.4771393 -0.2883287 0.8301548 0.4771893 -0.2886303 0.8301322 0.4770462 -0.3071591 0.8294453 0.4665552 -0.3722625 0.4178923 -0.8287261 -0.8955693 0.01527279 -0.4446599 -0.3932793 -0.5065331 0.7673043 0.3380776 -0.3199731 0.8850541 0.8796444 0.1194537 0.4603877 0.8521725 0.5152457 -0.09123587 0.387156 0.5240269 -0.7586213 0.7524276 0.3453453 0.5608827 -0.6703016 -0.7224871 0.1694349 0.01739943 0.2337704 0.9721361 0.5560085 0.5439698 0.6284517 0.6469197 -0.7612687 0.04432845 0.7186188 -0.6921728 0.06696331 0.7186197 -0.6921718 0.06696289 0.5828661 -0.8121722 0.02536797 0.6469193 -0.7612686 0.04433584 -0.7559069 0.6498375 -0.07947492 -0.7558823 0.6498658 -0.07947653 -0.5529822 0.8330231 -0.01683926 -0.8976536 0.4195122 -0.1350097 -0.5529974 0.8330129 -0.016837 -0.6805558 -0.4427205 -0.5838171 0.06448376 0.1760814 0.9822614 0.7704665 0.6241234 -0.1298136 0.4528548 0.3738119 -0.8094363 -0.1473222 -0.06696873 -0.9868189 0.3083813 0.5396831 0.7833538 -0.09481424 -0.1491813 -0.9842537 -0.5306754 -0.6723544 0.5160651 0.6575589 0.7142429 0.2397361 0.5767793 0.6807203 -0.4516034 0.7091988 -0.6808538 -0.1829621 0.7402712 -0.6121769 -0.2779174 0.740271 -0.6121769 -0.2779178 0.6749336 -0.7309417 -0.1009412 0.7091812 -0.6808727 -0.1829605 -0.6273128 0.7613506 0.1637796 -0.6273022 0.7613557 0.1637974 -0.6273115 0.7613497 0.1637898 -0.6444742 0.74326 0.1794927 -0.7882564 -0.5813276 -0.2017678 0.5263228 0.666233 -0.5283161 0.05906778 0.3323216 -0.9413147 -0.5295099 -0.2080613 -0.8223928 -0.5210753 -0.6885359 0.5043798 -0.06313383 -0.285127 0.9564083 0.4016959 0.323911 0.8565759 0.6138122 0.748974 0.2495447 -0.8193395 -0.5380464 -0.1979626 -0.08096742 -0.2379198 0.9679042 0.4580948 0.2912113 0.8398483 0.7291272 0.6475299 0.2215373 0.4134273 0.6007236 -0.6842581 -0.5483093 -0.1817219 -0.8162929 0.3450273 0.7883002 -0.50945 -0.4572203 -0.2942337 -0.8392711 -0.01595866 0.396448 -0.9179185 0.5655156 0.5522136 0.6125783 0.789081 0.6121276 -0.05148738 0.6312104 -0.7755018 -0.01305967 0.7038351 -0.7069384 -0.06967264 0.7038336 -0.7069393 -0.06967848 0.5636329 -0.8252949 0.03473204 0.6312159 -0.7754976 -0.01304936 -0.657264 -0.7439243 0.1207506 0.2810347 0.6114274 -0.7397136 -0.2130615 0.04770553 -0.9758735 -0.6029734 -0.5148156 -0.6094161 -0.3739908 -0.9253923 0.06148225 -0.1620454 -0.6536111 0.7392793 0.1942093 -0.01478773 0.9808487 0.4435712 0.6286664 0.6387669 0.3781003 0.922796 -0.07407975 -0.0195958 0.7442659 -0.667596 -0.3138653 0.08825689 -0.9453567 -0.4752341 -0.6134871 -0.630703 0.7988978 0.541068 -0.2626935 0.6082394 0.5037659 0.6134043 0.003979742 0.1934863 0.981095 -0.614951 -0.1817666 0.7673307 -0.6205733 0.7841307 0.005287647 -0.620492 0.7841954 0.005239188 -0.6204675 0.784215 0.005200684 -0.6094886 0.7927798 0.004885852 0.4749832 0.6454382 -0.5981644 -0.3245645 0.7481376 -0.578747 -0.9317414 -0.2101416 0.2961397 -0.4104881 -0.6558257 0.6335552 -0.05389457 -0.7055012 -0.7066566 -0.0468555 -0.5488088 -0.8346337 -0.04685741 -0.5488084 -0.834634 -0.05094379 -0.6371205 -0.7690789 -0.05091267 -0.6371018 -0.7690964 0.05641478 0.7677365 0.6382775 0.04871398 0.759184 0.6490505 0.05637782 0.7677876 0.6382192 0.05645936 0.7677198 0.6382936 0.3958259 0.7849735 -0.4765905 0.3457239 -0.72307 0.598034 0.9049451 -0.3232157 0.2767779 0.939891 0.298492 -0.1658537 -0.3041576 0.8200712 -0.4847384 -0.9315426 -0.1947027 0.3071144 0.2707384 0.6711788 -0.6900868 -0.9053379 0.3593104 -0.2264052 -0.3986422 -0.5034275 0.7665804 0.914385 -0.2360253 0.3289259 -0.5062269 0.7301312 -0.4589584 0.06865149 -0.3765972 -0.9238298 -0.1500316 0.3608522 -0.9204762 -0.8714091 -0.4902257 0.01802814 -0.9725088 -0.2319954 0.02011972 -0.9725089 -0.2319951 0.02011954 -0.9292775 -0.3688818 0.01922267 -0.9292777 -0.3688811 0.01922613 0.543415 0.8393891 -0.0112366 0.543415 0.839389 -0.01124173 0.9022805 0.4307451 -0.01866823 0.7442362 0.6677415 -0.01529026 0.7442603 0.6677096 -0.01551091 -0.3049685 0.8820219 0.3592098 -0.07826131 0.3820984 0.9208018 0.2290473 -0.3269633 0.9168601 0.432063 -0.8225371 0.3698032 0.6824682 -0.6150906 -0.3948428 0.2844558 -0.240664 -0.9279902 -0.2646269 0.2937527 -0.9185217 0.2715255 -0.287622 0.9184484 -0.4195048 0.6555917 -0.6278656 -0.6707274 -0.4781147 -0.5670371 -0.9955984 0.02991873 -0.08881926 -0.7707532 0.3906365 0.5033316 -3.69354e-6 -0.7754969 0.6313514 -0.03164374 -0.7312608 0.6813637 -0.0316438 -0.7312586 0.6813659 0.02677273 -0.8096252 0.5863363 -1.87564e-6 -0.7755061 0.6313403 0.73212 -0.5423943 -0.4120785 -0.05833005 0.8250732 0.562007 0.6711872 0.5804585 0.4610594 0.9986401 0.007693111 0.05156576 0.6775479 -0.724236 -0.1281057 0.01437729 -0.8862261 -0.46303 -0.678903 -0.5512205 -0.4850224 -0.9716357 0.1064709 -0.2111589 -0.6754319 0.7242104 0.1389644 0.01610237 0.9631862 0.2683526 0.6976021 0.6200653 0.3589853 0.9795216 -0.09113782 0.1795306 -0.671301 0.3950151 0.6271509 -0.9986454 -0.02006489 -0.04800677 -0.663796 -0.3368684 -0.6677535 0.04695171 -0.409906 -0.9109186 -0.006739974 0.7843585 -0.6202713 -0.006804943 0.7844741 -0.6201245 -0.006817817 0.7844905 -0.6201034 -0.01300066 0.7868118 -0.617056 -0.6625665 0.7440504 -0.08599293 -0.4258313 0.5976482 0.6793264 0.08407002 0.07574385 0.993577 0.5225665 -0.4797292 0.7048292 -0.820502 -0.5621602 0.1036945 -0.8204998 -0.5621614 0.1037052 -0.7678588 -0.6371272 0.0667985 -0.7678585 -0.637124 0.06683111 -0.7678438 -0.6371403 0.06684571 0.6426627 0.7538238 -0.1368737 0.6573009 0.7413026 -0.1357425 0.6426675 0.7538229 -0.1368567 -0.3628805 0.5972813 -0.7152432 0.6519213 -0.7582259 0.009600043 0.4640539 -0.5489662 -0.6951908 0.04570919 0.01356464 -0.9988627 -0.527308 0.8494759 0.018359 -0.3614835 0.6632258 0.6553329 0.0949788 0.09106111 0.9913057 -0.553232 0.4510018 -0.7003798 0.6564606 -0.3299452 0.6783772 0.8089724 -0.5873814 -0.02338463 0.5858982 0.4588288 -0.6679818 0.9744661 0.1866668 -0.124785 -0.01317113 -0.8515634 -0.5240861 0.01560026 -0.7580584 -0.6520002 0.0155999 -0.7580577 -0.6520009 1.48956e-7 -0.8113793 -0.5845202 -4.3135e-7 -0.8113783 -0.5845214 -0.03298711 0.7849054 0.6187369 5.20589e-4 0.8130912 0.582136 5.31709e-4 0.8130917 0.5821354 -0.1936994 0.6671603 -0.7192897 -0.8396363 0.3790097 -0.3890532 -0.976231 -0.1152667 0.183539 -0.5390121 -0.514616 0.6668105 0.5173135 0.6527786 -0.5534138 0.2109065 -0.6795776 0.7026327 0.8394877 -0.3477281 0.4175471 0.9739857 0.1996058 -0.1072822 0.5085964 0.5495084 -0.6628502 -0.1884972 0.7581985 -0.6241825 -0.8335287 0.4222324 -0.3563001 -0.9773781 -0.1378566 0.1603989 -0.5367142 -0.6014357 0.5917881 0.20958 -0.4531944 0.8664244 0.8355458 -0.223809 0.5017699 0.9747311 0.1826716 -0.1285702 -0.5410444 -0.5263117 0.6559475 -0.9768835 -0.09701001 0.1904935 -0.8322463 0.4266239 -0.3540597 -0.04018306 0.7414957 -0.6697534 -0.3492701 -0.6723545 -0.6526483 -0.5365529 0.5931338 0.6002528 -0.02018654 -0.6808779 0.7321187 -0.02636444 -0.532606 0.8459527 -0.01441979 -0.7879323 0.6155931 -0.0263645 -0.5326061 0.8459526 -0.02020603 -0.680874 0.7321218 0.01599776 0.7613871 -0.6481003 0.01598572 0.7613476 -0.6481468 0.004561364 0.916352 -0.4003477 0.004564046 0.9163527 -0.4003462 0.02737104 0.5038144 -0.8633782 0.4117903 -0.5813285 -0.7017734 0.2930261 0.6868317 0.6651301 0.9003955 0.3156464 0.2994249 0.9367163 -0.2080591 -0.2815566 -0.3406912 -0.6885371 -0.6401923 -0.9016956 -0.2851228 -0.3250388 -0.9342374 0.3239106 0.1492736 -0.3960958 0.763176 0.5105592 -0.9337515 0.291209 0.2080996 -0.7572383 0.490346 0.4314522 0.2842178 0.8211659 0.4948808 0.9329563 -0.2942298 -0.2074159 0.9059468 0.3644514 0.2154895 0.4065682 0.07610291 -0.9104453 0.9120476 0.01419037 0.4098388 0.9321687 0.05685597 -0.3575317 0.3155168 0.03205162 -0.9483786 -0.416108 0.08039927 -0.9057539 -0.9367045 0.03518182 -0.3483487 0.4417474 -0.1208822 0.8889582 0.9463123 -0.05128306 0.3191602 0.8986255 0.07596063 -0.4320904 0.891406 0.020644 0.4527352 0.3177507 0.04974788 0.9468684 -0.9502792 0.03083646 0.3098688 -0.8879511 0.01481109 -0.4596995 -0.3044629 -0.001315116 -0.9525234 -0.8905336 -0.05624061 0.4514278 -0.9442091 0.1769174 -0.2777941 -0.3468926 0.3355041 -0.875844 0.2275552 0.3249272 -0.9179548 0.1456559 0.5170971 -0.8434423 -0.5791533 0.359427 -0.731706 0.9872733 -0.1421813 0.07124733 -0.05079001 -0.6914213 -0.7206643 1.23663e-5 -0.7403082 -0.6722677 8.96884e-7 -0.7403097 -0.6722661 -1.0691e-6 -0.740312 -0.6722635 -4.77787e-6 -0.7403219 -0.6722525 -0.0835976 0.9203454 0.382068 -0.09286153 0.9004946 0.4248369 -0.08363163 0.9203546 0.3820384 -0.08349293 0.9203249 0.3821403 0.09427589 0.7950233 -0.5992078 -0.5707284 0.5774273 -0.5838209 -0.9862283 0.1432716 -0.08262604 -0.8019976 -0.3431813 0.4889034 -0.1449665 -0.5950326 0.7905194 0.1181486 0.3786953 -0.9179493 0.5689895 -0.1701578 0.8045479 0.975692 0.07389754 0.2063111 0.808615 0.2984619 -0.5070132 -0.1557807 -0.4538499 0.8773555 -0.8094241 -0.2902114 0.5105 -0.986791 0.06677746 -0.1475949 -0.4244299 0.452857 -0.784079 -0.624435 -0.6610295 -0.416078 -0.7492843 0.3991842 0.5284175 -0.09875708 0.6399152 0.7620733 0.1954354 -0.7612695 0.618283 0.2161403 -0.7176464 0.6620174 0.1776163 -0.7950191 0.5799975 0.2161403 -0.717647 0.6620168 0.1954294 -0.761269 0.6182855 -0.2446092 0.6488208 -0.7205539 -0.2446095 0.6488063 -0.7205669 -0.2445823 0.6488382 -0.7205474 -0.2426682 0.6411947 -0.7279984 0.03274756 -0.5167895 -0.8554859 0.6394823 0.5660842 0.5202029 0.9729424 0.212801 -0.08999353 0.7170209 -0.233569 -0.6567546 -0.6337854 -0.6387789 -0.4362085 -0.9776778 -0.1937742 0.0812276 -0.7567095 0.3856077 0.5279182 0.04034912 0.788906 0.6131878 -0.9103419 -0.2891134 -0.296127 0.9365204 -0.2692548 -0.2245694 0.9217642 0.3185133 -0.2211337 -0.9097282 -0.2912281 -0.2959407 -0.3500275 -0.681112 -0.6430919 0.4166514 -0.594342 -0.6878657 0.9373326 -0.2370763 -0.2553474 0.09373241 -0.4311104 -0.8974174 0.3486351 -0.8587281 0.3755527 0.1602397 -0.3556973 0.9207621 0.3278938 0.2387405 0.9140508 0.6247184 -0.6877106 0.3698392 -0.6706504 -0.4684278 -0.5751552 0.6516375 0.751806 0.1007789 -0.6707609 -0.4682594 -0.5751636 0.0501455 -0.6305581 -0.7745204 0.992027 0.1242911 -0.02084046 0.1047536 0.06826108 0.9921529 -0.5306905 0.2017173 -0.823212 0.1047783 0.06858646 0.9921277 -0.4693184 -0.3952814 0.7896156 -0.6772264 -0.3989879 -0.6182015 0.8597462 0.2725841 -0.4318962 0.8040875 0.3996639 -0.4401275 0.9889589 -0.09962153 0.1097087 0.5945121 -0.5405504 0.5952821 -0.9146527 0.2365161 0.3278272 0.05658859 -0.7283191 -0.6828975 0.9901168 -0.112193 0.08415132 -0.8096258 -0.3108399 0.4978804 0.9089989 -0.3485563 0.2285378 -0.4136973 -0.6874763 0.5968508 -0.9352771 -0.2396341 0.2604461 -0.8253238 0.4906764 0.2794235 -0.9279136 -0.1645007 0.3345385 -0.0482183 -0.04656314 -0.997751 0.4857693 -0.5110832 0.7090996 0.5280278 0.1853404 0.8287554 0.6305679 -0.3662277 0.6842964 -0.9995457 -0.01808536 -0.02411091 0.872335 0.2102754 -0.4413799 0.03031265 -0.6037839 -0.7965715 0.0820921 -0.1237918 -0.9889067 -0.6335149 0.04008209 -0.7726917 -0.4770523 -0.3741352 0.7952634 0.00485754 0.6180545 -0.7861203 -0.1140902 -0.07097333 -0.990932 -0.3642367 0.3897507 -0.8458286 -0.1454066 -0.9440937 -0.2958784 -0.9008321 -0.0755285 0.4275477 0.9446436 -0.1206222 0.3051211 0.4748558 0.2679944 0.8382667 -0.843118 -0.03778022 -0.5363999 -0.5212767 -0.6811163 0.514151 -0.794643 -0.5720288 -0.2032875 -0.828175 -0.5409491 -0.1466297 0.8725141 -0.2148097 -0.4388347 -0.6766777 -0.5202432 0.521013 -0.521298 0.1454364 0.8408904 -0.6686175 -0.5831814 0.4613569 -0.171968 -0.1849775 0.9675797 -0.4667305 -0.3235542 0.8230889 -0.09789848 -0.1405587 -0.9852204 -0.0317499 0.5998371 -0.799492 -0.4655205 -0.3482257 0.8136521 -0.7562427 -0.6330244 0.1654605 -0.6039738 -0.5470072 -0.5796542 -0.5001314 -0.6514689 -0.5704883 -0.6523969 -0.7374851 0.1746253 -0.9837757 -0.1593685 0.08238476 0.7309235 -0.3072872 -0.6093649 0.7132949 0.5108442 -0.4798425 0.7379013 -0.3365438 -0.5850128 -0.3921322 -0.1601626 -0.9058589 -0.3921464 -0.1603822 -0.9058139 0.1638546 -0.6578845 -0.735078 0.7184297 -0.4310638 0.5459329 0.7739317 0.2933107 0.5612475 0.4073458 -0.6032859 0.6856498 0.6508793 -0.4772971 0.5903759 0.8405784 -0.3167279 0.4394446 0.8406431 -0.3165706 0.4394342 0.2114617 -0.571299 0.7930332 -0.7882786 0.6151638 0.0137993 -0.9780754 -0.1352757 0.1583325 0.3826829 0 -0.9238799 -0.3826835 0 -0.9238795 -0.3826835 0 0.9238796 0.3826829 0 0.9238799 0.9238796 0 0.3826835 0.9238796 0 -0.3826835</float_array>
          <technique_common>
            <accessor source="#Mesh_007-mesh-normals-array" count="2637" stride="3">
              <param name="X" type="float"/>
              <param name="Y" type="float"/>
              <param name="Z" type="float"/>
            </accessor>
          </technique_common>
        </source>
        <source id="Mesh_007-mesh-map-0">
          <float_array id="Mesh_007-mesh-map-0-array" count="13656">0.375 0.3125 0.40625 0.6884399 0.375 0.6884399 0.4375 0.3125 0.40625 0.6884399 0.40625 0.3125 0.4375 0.3125 0.46875 0.6884399 0.4375 0.6884399 0.5 0.3125 0.46875 0.6884399 0.46875 0.3125 0.5 0.3125 0.53125 0.6884399 0.5 0.6884399 0.53125 0.3125 0.5625 0.6884399 0.53125 0.6884399 0.5625 0.3125 0.59375 0.6884399 0.5625 0.6884399 0.59375 0.3125 0.625 0.6884399 0.59375 0.6884399 0.65625 0.15625 0.5 0.3125 0.34375 0.15625 0.6104854 0.9542354 0.5 1 0.6104854 0.9542354 0.3895146 0.9542354 0.5 1 0.5 1 0.34375 0.84375 0.3895146 0.9542354 0.3895146 0.9542354 0.3895146 0.7332646 0.34375 0.84375 0.34375 0.84375 0.5 0.6875 0.3895146 0.7332646 0.3895146 0.7332646 0.5 0.6875 0.6104854 0.7332646 0.5 0.6875 0.6104854 0.7332646 0.65625 0.84375 0.6104854 0.7332646 0.65625 0.84375 0.6104854 0.9542354 0.65625 0.84375 0.5 1 0.6104854 0.9542354 0.6104854 0.9542354 0.3895146 0.9542354 0.5 1 0.5 1 0.34375 0.84375 0.3895146 0.9542354 0.3895146 0.9542354 0.34375 0.84375 0.3895146 0.7332646 0.34375 0.84375 0.3895146 0.7332646 0.5 0.6875 0.3895146 0.7332646 0.5 0.6875 0.6104854 0.7332646 0.5 0.6875 0.6104854 0.7332646 0.65625 0.84375 0.6104854 0.7332646 0.6104854 0.9542354 0.65625 0.84375 0.65625 0.84375 0.65625 0.84375 0.6104854 0.7332646 0.6104854 0.7332646 0.6104854 0.7332646 0.5 0.6875 0.5 0.6875 0.3895146 0.7332646 0.5 0.6875 0.3895146 0.7332646 0.34375 0.84375 0.3895146 0.7332646 0.34375 0.84375 0.3895146 0.9542354 0.34375 0.84375 0.3895146 0.9542354 0.5 1 0.3895146 0.9542354 0.5 1 0.5 1 0.6104854 0.9542354 0.6104854 0.9542354 0.6104854 0.9542354 0.65625 0.84375 0.65625 0.84375 0.65625 0.84375 0.6104854 0.7332646 0.6104854 0.7332646 0.6104854 0.7332646 0.5 0.6875 0.5 0.6875 0.5 0.6875 0.3895146 0.7332646 0.3895146 0.7332646 0.34375 0.84375 0.3895146 0.7332646 0.34375 0.84375 0.3895146 0.9542354 0.34375 0.84375 0.3895146 0.9542354 0.5 1 0.3895146 0.9542354 0.5 1 0.6104854 0.9542354 0.5 1 0.6104854 0.9542354 0.65625 0.84375 0.6104854 0.9542354 0.65625 0.84375 0.65625 0.84375 0.6104854 0.7332646 0.6104854 0.7332646 0.6104854 0.7332646 0.5 0.6875 0.5 0.6875 0.5 0.6875 0.3895146 0.7332646 0.3895146 0.7332646 0.34375 0.84375 0.3895146 0.7332646 0.34375 0.84375 0.3895146 0.9542354 0.34375 0.84375 0.3895146 0.9542354 0.5 1 0.3895146 0.9542354 0.5 1 0.6104854 0.9542354 0.5 1 0.6104854 0.9542354 0.6104854 0.9542354 0.65625 0.84375 0.65625 0.84375 0.6104854 0.7332646 0.65625 0.84375 0.6104854 0.9542354 0.40625 0.3125 0.375 0.6884399 0.375 0.3125 0.40625 0.3125 0.4375 0.6884399 0.40625 0.6884399 0.46875 0.3125 0.4375 0.6884399 0.4375 0.3125 0.5 0.3125 0.46875 0.6884399 0.46875 0.3125 0.53125 0.3125 0.5 0.6884399 0.5 0.3125 0.53125 0.3125 0.5625 0.6884399 0.53125 0.6884399 0.59375 0.3125 0.5625 0.6884399 0.5625 0.3125 0.59375 0.3125 0.625 0.6884399 0.59375 0.6884399 0.34375 0.15625 0.3895146 0.04576456 0.5 0 0.5 0.6875 0.6104854 0.7332646 0.65625 0.84375 0.6104854 0.9542354 0.5 1 0.6104854 0.9542354 0.3895146 0.9542354 0.5 1 0.5 1 0.34375 0.84375 0.3895146 0.9542354 0.3895146 0.9542354 0.3895146 0.7332646 0.34375 0.84375 0.34375 0.84375 0.5 0.6875 0.3895146 0.7332646 0.3895146 0.7332646 0.5 0.6875 0.6104854 0.7332646 0.5 0.6875 0.6104854 0.7332646 0.65625 0.84375 0.6104854 0.7332646 0.65625 0.84375 0.6104854 0.9542354 0.65625 0.84375 0.5 1 0.6104854 0.9542354 0.6104854 0.9542354 0.5 1 0.3895146 0.9542354 0.5 1 0.3895146 0.9542354 0.34375 0.84375 0.3895146 0.9542354 0.34375 0.84375 0.3895146 0.7332646 0.34375 0.84375 0.3895146 0.7332646 0.5 0.6875 0.3895146 0.7332646 0.6104854 0.7332646 0.5 0.6875 0.5 0.6875 0.65625 0.84375 0.6104854 0.7332646 0.6104854 0.7332646 0.6104854 0.9542354 0.65625 0.84375 0.65625 0.84375 0.5 1 0.6104854 0.9542354 0.6104854 0.9542354 0.5 1 0.3895146 0.9542354 0.5 1 0.3895146 0.9542354 0.34375 0.84375 0.3895146 0.9542354 0.34375 0.84375 0.3895146 0.7332646 0.34375 0.84375 0.3895146 0.7332646 0.5 0.6875 0.3895146 0.7332646 0.6104854 0.7332646 0.5 0.6875 0.5 0.6875 0.65625 0.84375 0.6104854 0.7332646 0.6104854 0.7332646 0.6104854 0.9542354 0.65625 0.84375 0.65625 0.84375 0.65625 0.84375 0.6104854 0.7332646 0.6104854 0.7332646 0.6104854 0.7332646 0.5 0.6875 0.5 0.6875 0.3895146 0.7332646 0.5 0.6875 0.3895146 0.7332646 0.34375 0.84375 0.3895146 0.7332646 0.34375 0.84375 0.3895146 0.9542354 0.34375 0.84375 0.3895146 0.9542354 0.5 1 0.3895146 0.9542354 0.5 1 0.5 1 0.6104854 0.9542354 0.6104854 0.9542354 0.6104854 0.9542354 0.65625 0.84375 0.65625 0.84375 0.6104854 0.7332646 0.65625 0.84375 0.6104854 0.7332646 0.5 0.6875 0.6104854 0.7332646 0.5 0.6875 0.5 0.6875 0.3895146 0.7332646 0.3895146 0.7332646 0.3895146 0.7332646 0.34375 0.84375 0.34375 0.84375 0.34375 0.84375 0.3895146 0.9542354 0.3895146 0.9542354 0.3895146 0.9542354 0.5 1 0.5 1 0.6104854 0.9542354 0.5 1 0.6104854 0.9542354 0.65625 0.84375 0.6104854 0.9542354 0.65625 0.84375 0.5 0.6875 0.6104854 0.7332646 0.5 0.6875 0.5 0.6875 0.3895146 0.7332646 0.3895146 0.7332646 0.3895146 0.7332646 0.34375 0.84375 0.34375 0.84375 0.34375 0.84375 0.3895146 0.9542354 0.3895146 0.9542354 0.3895146 0.9542354 0.5 1 0.5 1 0.6104854 0.9542354 0.5 1 0.6104854 0.9542354 0.65625 0.84375 0.6104854 0.9542354 0.65625 0.84375 0.6104854 0.7332646 0.65625 0.84375 0.6104854 0.7332646 0.40625 0.3125 0.375 0.6884399 0.375 0.3125 0.40625 0.3125 0.4375 0.6884399 0.40625 0.6884399 0.4375 0.3125 0.46875 0.6884399 0.4375 0.6884399 0.5 0.3125 0.46875 0.6884399 0.46875 0.3125 0.5 0.3125 0.53125 0.6884399 0.5 0.6884399 0.5625 0.3125 0.53125 0.6884399 0.53125 0.3125 0.59375 0.3125 0.5625 0.6884399 0.5625 0.3125 0.59375 0.3125 0.625 0.6884399 0.59375 0.6884399 0.5 0 0.65625 0.15625 0.34375 0.15625 0.65625 0.84375 0.5 1 0.34375 0.84375 0.5 1 0.6104854 0.9542354 0.6104854 0.9542354 0.5 1 0.3895146 0.9542354 0.5 1 0.3895146 0.9542354 0.34375 0.84375 0.3895146 0.9542354 0.34375 0.84375 0.3895146 0.7332646 0.34375 0.84375 0.3895146 0.7332646 0.5 0.6875 0.3895146 0.7332646 0.6104854 0.7332646 0.5 0.6875 0.5 0.6875 0.65625 0.84375 0.6104854 0.7332646 0.6104854 0.7332646 0.6104854 0.9542354 0.65625 0.84375 0.65625 0.84375 0.5 1 0.6104854 0.9542354 0.6104854 0.9542354 0.5 1 0.3895146 0.9542354 0.5 1 0.3895146 0.9542354 0.34375 0.84375 0.3895146 0.9542354 0.34375 0.84375 0.3895146 0.7332646 0.34375 0.84375 0.3895146 0.7332646 0.5 0.6875 0.3895146 0.7332646 0.6104854 0.7332646 0.5 0.6875 0.5 0.6875 0.65625 0.84375 0.6104854 0.7332646 0.6104854 0.7332646 0.6104854 0.9542354 0.65625 0.84375 0.65625 0.84375 0.5 1 0.6104854 0.9542354 0.6104854 0.9542354 0.5 1 0.3895146 0.9542354 0.5 1 0.34375 0.84375 0.3895146 0.9542354 0.3895146 0.9542354 0.34375 0.84375 0.3895146 0.7332646 0.34375 0.84375 0.5 0.6875 0.3895146 0.7332646 0.3895146 0.7332646 0.5 0.6875 0.6104854 0.7332646 0.5 0.6875 0.65625 0.84375 0.6104854 0.7332646 0.6104854 0.7332646 0.65625 0.84375 0.6104854 0.9542354 0.65625 0.84375 0.65625 0.84375 0.6104854 0.7332646 0.6104854 0.7332646 0.6104854 0.7332646 0.5 0.6875 0.5 0.6875 0.3895146 0.7332646 0.5 0.6875 0.3895146 0.7332646 0.34375 0.84375 0.3895146 0.7332646 0.34375 0.84375 0.3895146 0.9542354 0.34375 0.84375 0.3895146 0.9542354 0.5 1 0.3895146 0.9542354 0.5 1 0.5 1 0.6104854 0.9542354 0.6104854 0.9542354 0.6104854 0.9542354 0.65625 0.84375 0.65625 0.84375 0.40625 0.3125 0.375 0.6884399 0.375 0.3125 0.40625 0.3125 0.4375 0.6884399 0.40625 0.6884399 0.4375 0.3125 0.46875 0.6884399 0.4375 0.6884399 0.46875 0.3125 0.5 0.6884399 0.46875 0.6884399 0.53125 0.3125 0.5 0.6884399 0.5 0.3125 0.53125 0.3125 0.5625 0.6884399 0.53125 0.6884399 0.59375 0.3125 0.5625 0.6884399 0.5625 0.3125 0.59375 0.3125 0.625 0.6884399 0.59375 0.6884399 0.3895146 0.2667354 0.3895146 0.04576456 0.6104854 0.04576456 0.65625 0.84375 0.5 1 0.34375 0.84375 0.5 1 0.6104854 0.9542354 0.6104854 0.9542354 0.5 1 0.3895146 0.9542354 0.5 1 0.3895146 0.9542354 0.34375 0.84375 0.3895146 0.9542354 0.34375 0.84375 0.3895146 0.7332646 0.34375 0.84375 0.3895146 0.7332646 0.5 0.6875 0.3895146 0.7332646 0.6104854 0.7332646 0.5 0.6875 0.5 0.6875 0.65625 0.84375 0.6104854 0.7332646 0.6104854 0.7332646 0.6104854 0.9542354 0.65625 0.84375 0.65625 0.84375 0.5 1 0.6104854 0.9542354 0.6104854 0.9542354 0.5 1 0.3895146 0.9542354 0.5 1 0.3895146 0.9542354 0.34375 0.84375 0.3895146 0.9542354 0.34375 0.84375 0.3895146 0.7332646 0.34375 0.84375 0.3895146 0.7332646 0.5 0.6875 0.3895146 0.7332646 0.6104854 0.7332646 0.5 0.6875 0.5 0.6875 0.65625 0.84375 0.6104854 0.7332646 0.6104854 0.7332646 0.6104854 0.9542354 0.65625 0.84375 0.65625 0.84375 0.5 1 0.6104854 0.9542354 0.6104854 0.9542354 0.3895146 0.9542354 0.5 1 0.5 1 0.3895146 0.9542354 0.34375 0.84375 0.3895146 0.9542354 0.3895146 0.7332646 0.34375 0.84375 0.34375 0.84375 0.5 0.6875 0.3895146 0.7332646 0.3895146 0.7332646 0.5 0.6875 0.6104854 0.7332646 0.5 0.6875 0.6104854 0.7332646 0.65625 0.84375 0.6104854 0.7332646 0.65625 0.84375 0.6104854 0.9542354 0.65625 0.84375 0.65625 0.84375 0.6104854 0.7332646 0.6104854 0.7332646 0.6104854 0.7332646 0.5 0.6875 0.5 0.6875 0.3895146 0.7332646 0.5 0.6875 0.3895146 0.7332646 0.34375 0.84375 0.3895146 0.7332646 0.34375 0.84375 0.3895146 0.9542354 0.34375 0.84375 0.3895146 0.9542354 0.5 1 0.3895146 0.9542354 0.5 1 0.5 1 0.6104854 0.9542354 0.6104854 0.9542354 0.6104854 0.9542354 0.65625 0.84375 0.65625 0.84375 0.375 0.3125 0.40625 0.6884399 0.375 0.6884399 0.4375 0.3125 0.40625 0.6884399 0.40625 0.3125 0.4375 0.3125 0.46875 0.6884399 0.4375 0.6884399 0.5 0.3125 0.46875 0.6884399 0.46875 0.3125 0.5 0.3125 0.53125 0.6884399 0.5 0.6884399 0.5625 0.3125 0.53125 0.6884399 0.53125 0.3125 0.5625 0.3125 0.59375 0.6884399 0.5625 0.6884399 0.625 0.3125 0.59375 0.6884399 0.59375 0.3125 0.5 0 0.65625 0.15625 0.34375 0.15625 0.65625 0.84375 0.5 1 0.34375 0.84375 0.5 1 0.6104854 0.9542354 0.6104854 0.9542354 0.5 1 0.3895146 0.9542354 0.5 1 0.3895146 0.9542354 0.34375 0.84375 0.3895146 0.9542354 0.34375 0.84375 0.3895146 0.7332646 0.34375 0.84375 0.3895146 0.7332646 0.5 0.6875 0.3895146 0.7332646 0.6104854 0.7332646 0.5 0.6875 0.5 0.6875 0.65625 0.84375 0.6104854 0.7332646 0.6104854 0.7332646 0.6104854 0.9542354 0.65625 0.84375 0.65625 0.84375 0.6104854 0.9542354 0.5 1 0.6104854 0.9542354 0.3895146 0.9542354 0.5 1 0.5 1 0.34375 0.84375 0.3895146 0.9542354 0.3895146 0.9542354 0.3895146 0.7332646 0.34375 0.84375 0.34375 0.84375 0.5 0.6875 0.3895146 0.7332646 0.3895146 0.7332646 0.5 0.6875 0.6104854 0.7332646 0.5 0.6875 0.6104854 0.7332646 0.65625 0.84375 0.6104854 0.7332646 0.65625 0.84375 0.6104854 0.9542354 0.65625 0.84375 0.6104854 0.9542354 0.5 1 0.6104854 0.9542354 0.3895146 0.9542354 0.5 1 0.5 1 0.34375 0.84375 0.3895146 0.9542354 0.3895146 0.9542354 0.34375 0.84375 0.3895146 0.7332646 0.34375 0.84375 0.5 0.6875 0.3895146 0.7332646 0.3895146 0.7332646 0.5 0.6875 0.6104854 0.7332646 0.5 0.6875 0.6104854 0.7332646 0.65625 0.84375 0.6104854 0.7332646 0.6104854 0.9542354 0.65625 0.84375 0.65625 0.84375 0.65625 0.84375 0.6104854 0.7332646 0.6104854 0.7332646 0.6104854 0.7332646 0.5 0.6875 0.5 0.6875 0.3895146 0.7332646 0.5 0.6875 0.3895146 0.7332646 0.34375 0.84375 0.3895146 0.7332646 0.34375 0.84375 0.3895146 0.9542354 0.34375 0.84375 0.3895146 0.9542354 0.5 1 0.3895146 0.9542354 0.5 1 0.5 1 0.6104854 0.9542354 0.6104854 0.9542354 0.6104854 0.9542354 0.65625 0.84375 0.65625 0.84375 0.375 0.3125 0.40625 0.6884399 0.375 0.6884399 0.4375 0.3125 0.40625 0.6884399 0.40625 0.3125 0.4375 0.3125 0.46875 0.6884399 0.4375 0.6884399 0.46875 0.3125 0.5 0.6884399 0.46875 0.6884399 0.53125 0.3125 0.5 0.6884399 0.5 0.3125 0.53125 0.3125 0.5625 0.6884399 0.53125 0.6884399 0.59375 0.3125 0.5625 0.6884399 0.5625 0.3125 0.625 0.3125 0.59375 0.6884399 0.59375 0.3125 0.3895146 0.2667354 0.3895146 0.04576456 0.6104854 0.04576456 0.65625 0.84375 0.5 1 0.34375 0.84375 0.5 1 0.6104854 0.9542354 0.6104854 0.9542354 0.5 1 0.3895146 0.9542354 0.5 1 0.3895146 0.9542354 0.34375 0.84375 0.3895146 0.9542354 0.34375 0.84375 0.3895146 0.7332646 0.34375 0.84375 0.3895146 0.7332646 0.5 0.6875 0.3895146 0.7332646 0.6104854 0.7332646 0.5 0.6875 0.5 0.6875 0.65625 0.84375 0.6104854 0.7332646 0.6104854 0.7332646 0.6104854 0.9542354 0.65625 0.84375 0.65625 0.84375 0.5 1 0.6104854 0.9542354 0.6104854 0.9542354 0.5 1 0.3895146 0.9542354 0.5 1 0.3895146 0.9542354 0.34375 0.84375 0.3895146 0.9542354 0.34375 0.84375 0.3895146 0.7332646 0.34375 0.84375 0.3895146 0.7332646 0.5 0.6875 0.3895146 0.7332646 0.6104854 0.7332646 0.5 0.6875 0.5 0.6875 0.65625 0.84375 0.6104854 0.7332646 0.6104854 0.7332646 0.6104854 0.9542354 0.65625 0.84375 0.65625 0.84375 0.5 1 0.6104854 0.9542354 0.6104854 0.9542354 0.5 1 0.3895146 0.9542354 0.5 1 0.3895146 0.9542354 0.34375 0.84375 0.3895146 0.9542354 0.3895146 0.7332646 0.34375 0.84375 0.34375 0.84375 0.5 0.6875 0.3895146 0.7332646 0.3895146 0.7332646 0.6104854 0.7332646 0.5 0.6875 0.5 0.6875 0.6104854 0.7332646 0.65625 0.84375 0.6104854 0.7332646 0.6104854 0.9542354 0.65625 0.84375 0.65625 0.84375 0.6104854 0.7332646 0.65625 0.84375 0.6104854 0.7332646 0.5 0.6875 0.6104854 0.7332646 0.5 0.6875 0.5 0.6875 0.3895146 0.7332646 0.3895146 0.7332646 0.3895146 0.7332646 0.34375 0.84375 0.34375 0.84375 0.34375 0.84375 0.3895146 0.9542354 0.3895146 0.9542354 0.3895146 0.9542354 0.5 1 0.5 1 0.6104854 0.9542354 0.5 1 0.6104854 0.9542354 0.65625 0.84375 0.6104854 0.9542354 0.65625 0.84375 0.6104854 0.7332646 0.5 0.6875 0.5 0.6875 0.3895146 0.7332646 0.5 0.6875 0.3895146 0.7332646 0.34375 0.84375 0.3895146 0.7332646 0.34375 0.84375 0.3895146 0.9542354 0.34375 0.84375 0.3895146 0.9542354 0.5 1 0.3895146 0.9542354 0.5 1 0.5 1 0.6104854 0.9542354 0.6104854 0.9542354 0.6104854 0.9542354 0.65625 0.84375 0.65625 0.84375 0.65625 0.84375 0.6104854 0.7332646 0.6104854 0.7332646 0.6104854 0.7332646 0.65625 0.84375 0.6104854 0.7332646 0.5 0.6875 0.6104854 0.7332646 0.5 0.6875 0.5 0.6875 0.3895146 0.7332646 0.3895146 0.7332646 0.3895146 0.7332646 0.34375 0.84375 0.34375 0.84375 0.34375 0.84375 0.3895146 0.9542354 0.3895146 0.9542354 0.5 1 0.3895146 0.9542354 0.5 1 0.5 1 0.6104854 0.9542354 0.6104854 0.9542354 0.65625 0.84375 0.6104854 0.9542354 0.65625 0.84375 0.40625 0.3125 0.375 0.6884399 0.375 0.3125 0.40625 0.3125 0.4375 0.6884399 0.40625 0.6884399 0.4375 0.3125 0.46875 0.6884399 0.4375 0.6884399 0.5 0.3125 0.46875 0.6884399 0.46875 0.3125 0.5 0.3125 0.53125 0.6884399 0.5 0.6884399 0.5625 0.3125 0.53125 0.6884399 0.53125 0.3125 0.5625 0.3125 0.59375 0.6884399 0.5625 0.6884399 0.625 0.3125 0.59375 0.6884399 0.59375 0.3125 0.5 0 0.65625 0.15625 0.34375 0.15625 0.5 1 0.6104854 0.9542354 0.6104854 0.9542354 0.5 1 0.3895146 0.9542354 0.5 1 0.3895146 0.9542354 0.34375 0.84375 0.3895146 0.9542354 0.34375 0.84375 0.3895146 0.7332646 0.34375 0.84375 0.3895146 0.7332646 0.5 0.6875 0.3895146 0.7332646 0.6104854 0.7332646 0.5 0.6875 0.5 0.6875 0.65625 0.84375 0.6104854 0.7332646 0.6104854 0.7332646 0.6104854 0.9542354 0.65625 0.84375 0.65625 0.84375 0.5 1 0.6104854 0.9542354 0.6104854 0.9542354 0.5 1 0.3895146 0.9542354 0.5 1 0.3895146 0.9542354 0.34375 0.84375 0.3895146 0.9542354 0.34375 0.84375 0.3895146 0.7332646 0.34375 0.84375 0.3895146 0.7332646 0.5 0.6875 0.3895146 0.7332646 0.6104854 0.7332646 0.5 0.6875 0.5 0.6875 0.65625 0.84375 0.6104854 0.7332646 0.6104854 0.7332646 0.6104854 0.9542354 0.65625 0.84375 0.65625 0.84375 0.6104854 0.7332646 0.65625 0.84375 0.6104854 0.7332646 0.5 0.6875 0.6104854 0.7332646 0.5 0.6875 0.5 0.6875 0.3895146 0.7332646 0.3895146 0.7332646 0.3895146 0.7332646 0.34375 0.84375 0.34375 0.84375 0.34375 0.84375 0.3895146 0.9542354 0.3895146 0.9542354 0.3895146 0.9542354 0.5 1 0.5 1 0.6104854 0.9542354 0.5 1 0.6104854 0.9542354 0.65625 0.84375 0.6104854 0.9542354 0.65625 0.84375 0.6104854 0.7332646 0.65625 0.84375 0.6104854 0.7332646 0.5 0.6875 0.6104854 0.7332646 0.5 0.6875 0.5 0.6875 0.3895146 0.7332646 0.3895146 0.7332646 0.3895146 0.7332646 0.34375 0.84375 0.34375 0.84375 0.34375 0.84375 0.3895146 0.9542354 0.3895146 0.9542354 0.3895146 0.9542354 0.5 1 0.5 1 0.6104854 0.9542354 0.5 1 0.6104854 0.9542354 0.65625 0.84375 0.6104854 0.9542354 0.65625 0.84375 0.6104854 0.7332646 0.65625 0.84375 0.6104854 0.7332646 0.5 0.6875 0.6104854 0.7332646 0.5 0.6875 0.5 0.6875 0.3895146 0.7332646 0.3895146 0.7332646 0.3895146 0.7332646 0.34375 0.84375 0.34375 0.84375 0.34375 0.84375 0.3895146 0.9542354 0.3895146 0.9542354 0.3895146 0.9542354 0.5 1 0.5 1 0.6104854 0.9542354 0.5 1 0.6104854 0.9542354 0.65625 0.84375 0.6104854 0.9542354 0.65625 0.84375 0.6104854 0.7332646 0.65625 0.84375 0.6104854 0.9542354 0.375 0.3125 0.40625 0.6884399 0.375 0.6884399 0.4375 0.3125 0.40625 0.6884399 0.40625 0.3125 0.4375 0.3125 0.46875 0.6884399 0.4375 0.6884399 0.5 0.3125 0.46875 0.6884399 0.46875 0.3125 0.53125 0.3125 0.5 0.6884399 0.5 0.3125 0.53125 0.3125 0.5625 0.6884399 0.53125 0.6884399 0.5625 0.3125 0.59375 0.6884399 0.5625 0.6884399 0.625 0.3125 0.59375 0.6884399 0.59375 0.3125 0.65625 0.15625 0.5 0.3125 0.34375 0.15625 0.5 1 0.34375 0.84375 0.5 0.6875 0.5 1 0.6104854 0.9542354 0.6104854 0.9542354 0.5 1 0.3895146 0.9542354 0.5 1 0.3895146 0.9542354 0.34375 0.84375 0.3895146 0.9542354 0.34375 0.84375 0.3895146 0.7332646 0.34375 0.84375 0.3895146 0.7332646 0.5 0.6875 0.3895146 0.7332646 0.6104854 0.7332646 0.5 0.6875 0.5 0.6875 0.65625 0.84375 0.6104854 0.7332646 0.6104854 0.7332646 0.6104854 0.9542354 0.65625 0.84375 0.65625 0.84375 0.6104854 0.9542354 0.5 1 0.6104854 0.9542354 0.3895146 0.9542354 0.5 1 0.5 1 0.34375 0.84375 0.3895146 0.9542354 0.3895146 0.9542354 0.3895146 0.7332646 0.34375 0.84375 0.34375 0.84375 0.5 0.6875 0.3895146 0.7332646 0.3895146 0.7332646 0.5 0.6875 0.6104854 0.7332646 0.5 0.6875 0.6104854 0.7332646 0.65625 0.84375 0.6104854 0.7332646 0.65625 0.84375 0.6104854 0.9542354 0.65625 0.84375 0.5 1 0.6104854 0.9542354 0.6104854 0.9542354 0.5 1 0.3895146 0.9542354 0.5 1 0.34375 0.84375 0.3895146 0.9542354 0.3895146 0.9542354 0.34375 0.84375 0.3895146 0.7332646 0.34375 0.84375 0.5 0.6875 0.3895146 0.7332646 0.3895146 0.7332646 0.5 0.6875 0.6104854 0.7332646 0.5 0.6875 0.65625 0.84375 0.6104854 0.7332646 0.6104854 0.7332646 0.65625 0.84375 0.6104854 0.9542354 0.65625 0.84375 0.375 0.3125 0.40625 0.6884399 0.375 0.6884399 0.4375 0.3125 0.40625 0.6884399 0.40625 0.3125 0.4375 0.3125 0.46875 0.6884399 0.4375 0.6884399 0.46875 0.3125 0.5 0.6884399 0.46875 0.6884399 0.53125 0.3125 0.5 0.6884399 0.5 0.3125 0.53125 0.3125 0.5625 0.6884399 0.53125 0.6884399 0.59375 0.3125 0.5625 0.6884399 0.5625 0.3125 0.625 0.3125 0.59375 0.6884399 0.59375 0.3125 0.65625 0.15625 0.5 0.3125 0.34375 0.15625 0.34375 0.84375 0.5 0.6875 0.65625 0.84375 0.6104854 0.9542354 0.5 1 0.6104854 0.9542354 0.3895146 0.9542354 0.5 1 0.5 1 0.34375 0.84375 0.3895146 0.9542354 0.3895146 0.9542354 0.3895146 0.7332646 0.34375 0.84375 0.34375 0.84375 0.5 0.6875 0.3895146 0.7332646 0.3895146 0.7332646 0.5 0.6875 0.6104854 0.7332646 0.5 0.6875 0.6104854 0.7332646 0.65625 0.84375 0.6104854 0.7332646 0.65625 0.84375 0.6104854 0.9542354 0.65625 0.84375 0.5 1 0.6104854 0.9542354 0.6104854 0.9542354 0.5 1 0.3895146 0.9542354 0.5 1 0.3895146 0.9542354 0.34375 0.84375 0.3895146 0.9542354 0.34375 0.84375 0.3895146 0.7332646 0.34375 0.84375 0.3895146 0.7332646 0.5 0.6875 0.3895146 0.7332646 0.6104854 0.7332646 0.5 0.6875 0.5 0.6875 0.65625 0.84375 0.6104854 0.7332646 0.6104854 0.7332646 0.6104854 0.9542354 0.65625 0.84375 0.65625 0.84375 0.6104854 0.7332646 0.65625 0.84375 0.6104854 0.7332646 0.5 0.6875 0.6104854 0.7332646 0.5 0.6875 0.5 0.6875 0.3895146 0.7332646 0.3895146 0.7332646 0.3895146 0.7332646 0.34375 0.84375 0.34375 0.84375 0.34375 0.84375 0.3895146 0.9542354 0.3895146 0.9542354 0.5 1 0.3895146 0.9542354 0.5 1 0.5 1 0.6104854 0.9542354 0.6104854 0.9542354 0.65625 0.84375 0.6104854 0.9542354 0.65625 0.84375 0.65625 0.84375 0.6104854 0.7332646 0.6104854 0.7332646 0.6104854 0.7332646 0.5 0.6875 0.5 0.6875 0.3895146 0.7332646 0.5 0.6875 0.3895146 0.7332646 0.34375 0.84375 0.3895146 0.7332646 0.34375 0.84375 0.3895146 0.9542354 0.34375 0.84375 0.3895146 0.9542354 0.5 1 0.3895146 0.9542354 0.5 1 0.5 1 0.6104854 0.9542354 0.6104854 0.9542354 0.6104854 0.9542354 0.65625 0.84375 0.65625 0.84375 0.40625 0.3125 0.375 0.6884399 0.375 0.3125 0.40625 0.3125 0.4375 0.6884399 0.40625 0.6884399 0.46875 0.3125 0.4375 0.6884399 0.4375 0.3125 0.5 0.3125 0.46875 0.6884399 0.46875 0.3125 0.5 0.3125 0.53125 0.6884399 0.5 0.6884399 0.5625 0.3125 0.53125 0.6884399 0.53125 0.3125 0.5625 0.3125 0.59375 0.6884399 0.5625 0.6884399 0.625 0.3125 0.59375 0.6884399 0.59375 0.3125 0.5 0 0.65625 0.15625 0.34375 0.15625 0.5 1 0.6104854 0.9542354 0.6104854 0.9542354 0.5 1 0.3895146 0.9542354 0.5 1 0.3895146 0.9542354 0.34375 0.84375 0.3895146 0.9542354 0.34375 0.84375 0.3895146 0.7332646 0.34375 0.84375 0.3895146 0.7332646 0.5 0.6875 0.3895146 0.7332646 0.6104854 0.7332646 0.5 0.6875 0.5 0.6875 0.65625 0.84375 0.6104854 0.7332646 0.6104854 0.7332646 0.6104854 0.9542354 0.65625 0.84375 0.65625 0.84375 0.5 1 0.6104854 0.9542354 0.6104854 0.9542354 0.5 1 0.3895146 0.9542354 0.5 1 0.3895146 0.9542354 0.34375 0.84375 0.3895146 0.9542354 0.34375 0.84375 0.3895146 0.7332646 0.34375 0.84375 0.3895146 0.7332646 0.5 0.6875 0.3895146 0.7332646 0.6104854 0.7332646 0.5 0.6875 0.5 0.6875 0.65625 0.84375 0.6104854 0.7332646 0.6104854 0.7332646 0.6104854 0.9542354 0.65625 0.84375 0.65625 0.84375 0.6104854 0.7332646 0.65625 0.84375 0.6104854 0.7332646 0.5 0.6875 0.6104854 0.7332646 0.5 0.6875 0.5 0.6875 0.3895146 0.7332646 0.3895146 0.7332646 0.3895146 0.7332646 0.34375 0.84375 0.34375 0.84375 0.34375 0.84375 0.3895146 0.9542354 0.3895146 0.9542354 0.3895146 0.9542354 0.5 1 0.5 1 0.6104854 0.9542354 0.5 1 0.6104854 0.9542354 0.65625 0.84375 0.6104854 0.9542354 0.65625 0.84375 0.6104854 0.7332646 0.65625 0.84375 0.6104854 0.7332646 0.5 0.6875 0.6104854 0.7332646 0.5 0.6875 0.5 0.6875 0.3895146 0.7332646 0.3895146 0.7332646 0.3895146 0.7332646 0.34375 0.84375 0.34375 0.84375 0.34375 0.84375 0.3895146 0.9542354 0.3895146 0.9542354 0.3895146 0.9542354 0.5 1 0.5 1 0.6104854 0.9542354 0.5 1 0.6104854 0.9542354 0.65625 0.84375 0.6104854 0.9542354 0.65625 0.84375 0.6104854 0.7332646 0.65625 0.84375 0.6104854 0.7332646 0.5 0.6875 0.6104854 0.7332646 0.5 0.6875 0.5 0.6875 0.3895146 0.7332646 0.3895146 0.7332646 0.3895146 0.7332646 0.34375 0.84375 0.34375 0.84375 0.34375 0.84375 0.3895146 0.9542354 0.3895146 0.9542354 0.3895146 0.9542354 0.5 1 0.5 1 0.6104854 0.9542354 0.5 1 0.6104854 0.9542354 0.65625 0.84375 0.6104854 0.9542354 0.65625 0.84375 0.6104854 0.7332646 0.65625 0.84375 0.6104854 0.9542354 0.40625 0.3125 0.375 0.6884399 0.375 0.3125 0.40625 0.3125 0.4375 0.6884399 0.40625 0.6884399 0.46875 0.3125 0.4375 0.6884399 0.4375 0.3125 0.5 0.3125 0.46875 0.6884399 0.46875 0.3125 0.53125 0.3125 0.5 0.6884399 0.5 0.3125 0.5625 0.3125 0.53125 0.6884399 0.53125 0.3125 0.5625 0.3125 0.59375 0.6884399 0.5625 0.6884399 0.59375 0.3125 0.625 0.6884399 0.59375 0.6884399 0.34375 0.15625 0.3895146 0.04576456 0.5 0 0.5 0.6875 0.6104854 0.7332646 0.65625 0.84375 0.5 1 0.6104854 0.9542354 0.6104854 0.9542354 0.5 1 0.3895146 0.9542354 0.5 1 0.3895146 0.9542354 0.34375 0.84375 0.3895146 0.9542354 0.34375 0.84375 0.3895146 0.7332646 0.34375 0.84375 0.3895146 0.7332646 0.5 0.6875 0.3895146 0.7332646 0.6104854 0.7332646 0.5 0.6875 0.5 0.6875 0.65625 0.84375 0.6104854 0.7332646 0.6104854 0.7332646 0.6104854 0.9542354 0.65625 0.84375 0.65625 0.84375 0.6104854 0.9542354 0.5 1 0.6104854 0.9542354 0.3895146 0.9542354 0.5 1 0.5 1 0.34375 0.84375 0.3895146 0.9542354 0.3895146 0.9542354 0.3895146 0.7332646 0.34375 0.84375 0.34375 0.84375 0.5 0.6875 0.3895146 0.7332646 0.3895146 0.7332646 0.5 0.6875 0.6104854 0.7332646 0.5 0.6875 0.6104854 0.7332646 0.65625 0.84375 0.6104854 0.7332646 0.65625 0.84375 0.6104854 0.9542354 0.65625 0.84375 0.5 1 0.6104854 0.9542354 0.6104854 0.9542354 0.5 1 0.3895146 0.9542354 0.5 1 0.3895146 0.9542354 0.34375 0.84375 0.3895146 0.9542354 0.34375 0.84375 0.3895146 0.7332646 0.34375 0.84375 0.5 0.6875 0.3895146 0.7332646 0.3895146 0.7332646 0.6104854 0.7332646 0.5 0.6875 0.5 0.6875 0.6104854 0.7332646 0.65625 0.84375 0.6104854 0.7332646 0.65625 0.84375 0.6104854 0.9542354 0.65625 0.84375 0.375 0.3125 0.40625 0.6884399 0.375 0.6884399 0.4375 0.3125 0.40625 0.6884399 0.40625 0.3125 0.4375 0.3125 0.46875 0.6884399 0.4375 0.6884399 0.5 0.3125 0.46875 0.6884399 0.46875 0.3125 0.53125 0.3125 0.5 0.6884399 0.5 0.3125 0.53125 0.3125 0.5625 0.6884399 0.53125 0.6884399 0.5625 0.3125 0.59375 0.6884399 0.5625 0.6884399 0.625 0.3125 0.59375 0.6884399 0.59375 0.3125 0.65625 0.15625 0.5 0.3125 0.34375 0.15625 0.6104854 0.7332646 0.65625 0.84375 0.34375 0.84375 0.6104854 0.9542354 0.5 1 0.6104854 0.9542354 0.3895146 0.9542354 0.5 1 0.5 1 0.34375 0.84375 0.3895146 0.9542354 0.3895146 0.9542354 0.3895146 0.7332646 0.34375 0.84375 0.34375 0.84375 0.5 0.6875 0.3895146 0.7332646 0.3895146 0.7332646 0.5 0.6875 0.6104854 0.7332646 0.5 0.6875 0.6104854 0.7332646 0.65625 0.84375 0.6104854 0.7332646 0.65625 0.84375 0.6104854 0.9542354 0.65625 0.84375 0.5 1 0.6104854 0.9542354 0.6104854 0.9542354 0.5 1 0.3895146 0.9542354 0.5 1 0.3895146 0.9542354 0.34375 0.84375 0.3895146 0.9542354 0.34375 0.84375 0.3895146 0.7332646 0.34375 0.84375 0.3895146 0.7332646 0.5 0.6875 0.3895146 0.7332646 0.6104854 0.7332646 0.5 0.6875 0.5 0.6875 0.65625 0.84375 0.6104854 0.7332646 0.6104854 0.7332646 0.6104854 0.9542354 0.65625 0.84375 0.65625 0.84375 0.5 1 0.6104854 0.9542354 0.6104854 0.9542354 0.5 1 0.3895146 0.9542354 0.5 1 0.3895146 0.9542354 0.34375 0.84375 0.3895146 0.9542354 0.34375 0.84375 0.3895146 0.7332646 0.34375 0.84375 0.3895146 0.7332646 0.5 0.6875 0.3895146 0.7332646 0.6104854 0.7332646 0.5 0.6875 0.5 0.6875 0.65625 0.84375 0.6104854 0.7332646 0.6104854 0.7332646 0.6104854 0.9542354 0.65625 0.84375 0.65625 0.84375 0.65625 0.84375 0.6104854 0.7332646 0.6104854 0.7332646 0.6104854 0.7332646 0.5 0.6875 0.5 0.6875 0.3895146 0.7332646 0.5 0.6875 0.3895146 0.7332646 0.34375 0.84375 0.3895146 0.7332646 0.34375 0.84375 0.3895146 0.9542354 0.34375 0.84375 0.3895146 0.9542354 0.5 1 0.3895146 0.9542354 0.5 1 0.5 1 0.6104854 0.9542354 0.6104854 0.9542354 0.6104854 0.9542354 0.65625 0.84375 0.65625 0.84375 0.6104854 0.7332646 0.65625 0.84375 0.6104854 0.7332646 0.5 0.6875 0.6104854 0.7332646 0.5 0.6875 0.5 0.6875 0.3895146 0.7332646 0.3895146 0.7332646 0.3895146 0.7332646 0.34375 0.84375 0.34375 0.84375 0.34375 0.84375 0.3895146 0.9542354 0.3895146 0.9542354 0.3895146 0.9542354 0.5 1 0.5 1 0.6104854 0.9542354 0.5 1 0.6104854 0.9542354 0.65625 0.84375 0.6104854 0.9542354 0.65625 0.84375 0.5 0.6875 0.6104854 0.7332646 0.5 0.6875 0.5 0.6875 0.3895146 0.7332646 0.3895146 0.7332646 0.3895146 0.7332646 0.34375 0.84375 0.34375 0.84375 0.34375 0.84375 0.3895146 0.9542354 0.3895146 0.9542354 0.3895146 0.9542354 0.5 1 0.5 1 0.6104854 0.9542354 0.5 1 0.6104854 0.9542354 0.65625 0.84375 0.6104854 0.9542354 0.65625 0.84375 0.6104854 0.7332646 0.65625 0.84375 0.6104854 0.7332646 0.375 0.3125 0.40625 0.6884399 0.375 0.6884399 0.4375 0.3125 0.40625 0.6884399 0.40625 0.3125 0.4375 0.3125 0.46875 0.6884399 0.4375 0.6884399 0.46875 0.3125 0.5 0.6884399 0.46875 0.6884399 0.5 0.3125 0.53125 0.6884399 0.5 0.6884399 0.5625 0.3125 0.53125 0.6884399 0.53125 0.3125 0.59375 0.3125 0.5625 0.6884399 0.5625 0.3125 0.625 0.3125 0.59375 0.6884399 0.59375 0.3125 0.5 0 0.65625 0.15625 0.34375 0.15625 0.65625 0.84375 0.5 1 0.34375 0.84375 0.5 1 0.6104854 0.9542354 0.6104854 0.9542354 0.5 1 0.3895146 0.9542354 0.5 1 0.3895146 0.9542354 0.34375 0.84375 0.3895146 0.9542354 0.34375 0.84375 0.3895146 0.7332646 0.34375 0.84375 0.3895146 0.7332646 0.5 0.6875 0.3895146 0.7332646 0.6104854 0.7332646 0.5 0.6875 0.5 0.6875 0.65625 0.84375 0.6104854 0.7332646 0.6104854 0.7332646 0.6104854 0.9542354 0.65625 0.84375 0.65625 0.84375 0.5 1 0.6104854 0.9542354 0.6104854 0.9542354 0.5 1 0.3895146 0.9542354 0.5 1 0.3895146 0.9542354 0.34375 0.84375 0.3895146 0.9542354 0.34375 0.84375 0.3895146 0.7332646 0.34375 0.84375 0.3895146 0.7332646 0.5 0.6875 0.3895146 0.7332646 0.6104854 0.7332646 0.5 0.6875 0.5 0.6875 0.65625 0.84375 0.6104854 0.7332646 0.6104854 0.7332646 0.6104854 0.9542354 0.65625 0.84375 0.65625 0.84375 0.5 1 0.6104854 0.9542354 0.6104854 0.9542354 0.5 1 0.3895146 0.9542354 0.5 1 0.34375 0.84375 0.3895146 0.9542354 0.3895146 0.9542354 0.3895146 0.7332646 0.34375 0.84375 0.34375 0.84375 0.5 0.6875 0.3895146 0.7332646 0.3895146 0.7332646 0.5 0.6875 0.6104854 0.7332646 0.5 0.6875 0.6104854 0.7332646 0.65625 0.84375 0.6104854 0.7332646 0.6104854 0.9542354 0.65625 0.84375 0.65625 0.84375 0.6104854 0.7332646 0.65625 0.84375 0.6104854 0.7332646 0.5 0.6875 0.6104854 0.7332646 0.5 0.6875 0.5 0.6875 0.3895146 0.7332646 0.3895146 0.7332646 0.3895146 0.7332646 0.34375 0.84375 0.34375 0.84375 0.34375 0.84375 0.3895146 0.9542354 0.3895146 0.9542354 0.3895146 0.9542354 0.5 1 0.5 1 0.6104854 0.9542354 0.5 1 0.6104854 0.9542354 0.65625 0.84375 0.6104854 0.9542354 0.65625 0.84375 0.6104854 0.7332646 0.5 0.6875 0.5 0.6875 0.3895146 0.7332646 0.5 0.6875 0.3895146 0.7332646 0.34375 0.84375 0.3895146 0.7332646 0.34375 0.84375 0.3895146 0.9542354 0.34375 0.84375 0.3895146 0.9542354 0.5 1 0.3895146 0.9542354 0.5 1 0.5 1 0.6104854 0.9542354 0.6104854 0.9542354 0.6104854 0.9542354 0.65625 0.84375 0.65625 0.84375 0.65625 0.84375 0.6104854 0.7332646 0.6104854 0.7332646 0.6104854 0.7332646 0.65625 0.84375 0.6104854 0.7332646 0.5 0.6875 0.6104854 0.7332646 0.5 0.6875 0.5 0.6875 0.3895146 0.7332646 0.3895146 0.7332646 0.3895146 0.7332646 0.34375 0.84375 0.34375 0.84375 0.34375 0.84375 0.3895146 0.9542354 0.3895146 0.9542354 0.5 1 0.3895146 0.9542354 0.5 1 0.5 1 0.6104854 0.9542354 0.6104854 0.9542354 0.65625 0.84375 0.6104854 0.9542354 0.65625 0.84375 0.40625 0.3125 0.375 0.3398284 0.375 0.3125 0.4375 0.3125 0.40625 0.3398284 0.40625 0.3125 0.4375 0.3125 0.46875 0.3398284 0.4375 0.3398284 0.46875 0.3125 0.5 0.3398284 0.46875 0.3398284 0.5 0.3125 0.53125 0.3398284 0.5 0.3398284 0.53125 0.3125 0.5625 0.3398284 0.53125 0.3398284 0.59375 0.3125 0.5625 0.3398284 0.5625 0.3125 0.625 0.3125 0.59375 0.3398284 0.59375 0.3125 0.5 0 0.6104854 0.04576456 0.5 0.15 0.3895146 0.04576456 0.5 0 0.5 0.15 0.34375 0.15625 0.3895146 0.04576456 0.5 0.15 0.3895146 0.2667354 0.34375 0.15625 0.5 0.15 0.5 0.3125 0.3895146 0.2667354 0.5 0.15 0.6104854 0.2667354 0.5 0.3125 0.5 0.15 0.65625 0.15625 0.6104854 0.2667354 0.5 0.15 0.6104854 0.04576456 0.65625 0.15625 0.5 0.15 0.6104854 0.9542354 0.5 1 0.5 0.8375 0.5 1 0.3895146 0.9542354 0.5 0.8375 0.3895146 0.9542354 0.34375 0.84375 0.5 0.8375 0.34375 0.84375 0.3895146 0.7332646 0.5 0.8375 0.3895146 0.7332646 0.5 0.6875 0.5 0.8375 0.5 0.6875 0.6104854 0.7332646 0.5 0.8375 0.6104854 0.7332646 0.65625 0.84375 0.5 0.8375 0.65625 0.84375 0.6104854 0.9542354 0.5 0.8375 0.5 1 0.6104854 0.9542354 0.6104854 0.9542354 0.5 1 0.3895146 0.9542354 0.5 1 0.3895146 0.9542354 0.34375 0.84375 0.3895146 0.9542354 0.34375 0.84375 0.3895146 0.7332646 0.34375 0.84375 0.3895146 0.7332646 0.5 0.6875 0.3895146 0.7332646 0.6104854 0.7332646 0.5 0.6875 0.5 0.6875 0.65625 0.84375 0.6104854 0.7332646 0.6104854 0.7332646 0.6104854 0.9542354 0.65625 0.84375 0.65625 0.84375 0.59375 0.4382487 0.5625 0.5637217 0.5625 0.4382487 0.5625 0.4382487 0.53125 0.5637217 0.53125 0.4382487 0.5 0.4382487 0.53125 0.5637217 0.5 0.5637217 0.46875 0.4382487 0.5 0.5637217 0.46875 0.5637217 0.4375 0.4382487 0.46875 0.5637217 0.4375 0.5637217 0.40625 0.4382487 0.4375 0.5637217 0.40625 0.5637217 0.40625 0.4382487 0.375 0.5637217 0.375 0.4382487 0.625 0.4382487 0.59375 0.5637217 0.59375 0.4382487 0.5625 0.5637217 0.59375 0.6884399 0.5625 0.6884399 0.53125 0.5637217 0.5625 0.6884399 0.53125 0.6884399 0.5 0.5637217 0.53125 0.6884399 0.5 0.6884399 0.46875 0.5637217 0.5 0.6884399 0.46875 0.6884399 0.46875 0.5637217 0.4375 0.6884399 0.4375 0.5637217 0.4375 0.5637217 0.40625 0.6884399 0.40625 0.5637217 0.40625 0.5637217 0.375 0.6884399 0.375 0.5637217 0.625 0.5637217 0.59375 0.6884399 0.59375 0.5637217 0.3895146 0.7332646 0.34375 0.84375 0.34375 0.84375 0.34375 0.84375 0.3895146 0.9542354 0.3895146 0.9542354 0.3895146 0.9542354 0.5 1 0.5 1 0.5 1 0.6104854 0.9542354 0.6104854 0.9542354 0.65625 0.84375 0.6104854 0.9542354 0.65625 0.84375 0.6104854 0.7332646 0.65625 0.84375 0.6104854 0.7332646 0.5 0.6875 0.6104854 0.7332646 0.5 0.6875 0.3895146 0.7332646 0.5 0.6875 0.3895146 0.7332646 0.40625 0.3125 0.375 0.6884399 0.375 0.3125 0.40625 0.3125 0.4375 0.6884399 0.40625 0.6884399 0.4375 0.3125 0.46875 0.6884399 0.4375 0.6884399 0.5 0.3125 0.46875 0.6884399 0.46875 0.3125 0.5 0.3125 0.53125 0.6884399 0.5 0.6884399 0.53125 0.3125 0.5625 0.6884399 0.53125 0.6884399 0.59375 0.3125 0.5625 0.6884399 0.5625 0.3125 0.59375 0.3125 0.625 0.6884399 0.59375 0.6884399 0.34375 0.15625 0.3895146 0.04576456 0.5 0 0.5 1 0.34375 0.84375 0.5 0.6875 0.6104854 0.9542354 0.5 1 0.6104854 0.9542354 0.3895146 0.9542354 0.5 1 0.5 1 0.34375 0.84375 0.3895146 0.9542354 0.3895146 0.9542354 0.3895146 0.7332646 0.34375 0.84375 0.34375 0.84375 0.5 0.6875 0.3895146 0.7332646 0.3895146 0.7332646 0.5 0.6875 0.6104854 0.7332646 0.5 0.6875 0.6104854 0.7332646 0.65625 0.84375 0.6104854 0.7332646 0.65625 0.84375 0.6104854 0.9542354 0.65625 0.84375 0.5 1 0.6104854 0.9542354 0.6104854 0.9542354 0.5 1 0.3895146 0.9542354 0.5 1 0.3895146 0.9542354 0.34375 0.84375 0.3895146 0.9542354 0.34375 0.84375 0.3895146 0.7332646 0.34375 0.84375 0.3895146 0.7332646 0.5 0.6875 0.3895146 0.7332646 0.6104854 0.7332646 0.5 0.6875 0.5 0.6875 0.65625 0.84375 0.6104854 0.7332646 0.6104854 0.7332646 0.6104854 0.9542354 0.65625 0.84375 0.65625 0.84375 0.6104854 0.7332646 0.65625 0.84375 0.6104854 0.7332646 0.5 0.6875 0.6104854 0.7332646 0.5 0.6875 0.5 0.6875 0.3895146 0.7332646 0.3895146 0.7332646 0.3895146 0.7332646 0.34375 0.84375 0.34375 0.84375 0.34375 0.84375 0.3895146 0.9542354 0.3895146 0.9542354 0.3895146 0.9542354 0.5 1 0.5 1 0.6104854 0.9542354 0.5 1 0.6104854 0.9542354 0.65625 0.84375 0.6104854 0.9542354 0.65625 0.84375 0.65625 0.84375 0.6104854 0.7332646 0.6104854 0.7332646 0.6104854 0.7332646 0.5 0.6875 0.5 0.6875 0.3895146 0.7332646 0.5 0.6875 0.3895146 0.7332646 0.34375 0.84375 0.3895146 0.7332646 0.34375 0.84375 0.3895146 0.9542354 0.34375 0.84375 0.3895146 0.9542354 0.5 1 0.3895146 0.9542354 0.5 1 0.5 1 0.6104854 0.9542354 0.6104854 0.9542354 0.6104854 0.9542354 0.65625 0.84375 0.65625 0.84375 0.375 0.3125 0.40625 0.6884399 0.375 0.6884399 0.4375 0.3125 0.40625 0.6884399 0.40625 0.3125 0.4375 0.3125 0.46875 0.6884399 0.4375 0.6884399 0.5 0.3125 0.46875 0.6884399 0.46875 0.3125 0.5 0.3125 0.53125 0.6884399 0.5 0.6884399 0.5625 0.3125 0.53125 0.6884399 0.53125 0.3125 0.5625 0.3125 0.59375 0.6884399 0.5625 0.6884399 0.625 0.3125 0.59375 0.6884399 0.59375 0.3125 0.5 0 0.65625 0.15625 0.34375 0.15625 0.5 1 0.34375 0.84375 0.5 0.6875 0.5 1 0.6104854 0.9542354 0.6104854 0.9542354 0.5 1 0.3895146 0.9542354 0.5 1 0.3895146 0.9542354 0.34375 0.84375 0.3895146 0.9542354 0.34375 0.84375 0.3895146 0.7332646 0.34375 0.84375 0.3895146 0.7332646 0.5 0.6875 0.3895146 0.7332646 0.6104854 0.7332646 0.5 0.6875 0.5 0.6875 0.65625 0.84375 0.6104854 0.7332646 0.6104854 0.7332646 0.6104854 0.9542354 0.65625 0.84375 0.65625 0.84375 0.6104854 0.9542354 0.5 1 0.6104854 0.9542354 0.3895146 0.9542354 0.5 1 0.5 1 0.34375 0.84375 0.3895146 0.9542354 0.3895146 0.9542354 0.3895146 0.7332646 0.34375 0.84375 0.34375 0.84375 0.5 0.6875 0.3895146 0.7332646 0.3895146 0.7332646 0.5 0.6875 0.6104854 0.7332646 0.5 0.6875 0.6104854 0.7332646 0.65625 0.84375 0.6104854 0.7332646 0.65625 0.84375 0.6104854 0.9542354 0.65625 0.84375 0.6104854 0.9542354 0.5 1 0.6104854 0.9542354 0.3895146 0.9542354 0.5 1 0.5 1 0.34375 0.84375 0.3895146 0.9542354 0.3895146 0.9542354 0.3895146 0.7332646 0.34375 0.84375 0.34375 0.84375 0.5 0.6875 0.3895146 0.7332646 0.3895146 0.7332646 0.5 0.6875 0.6104854 0.7332646 0.5 0.6875 0.6104854 0.7332646 0.65625 0.84375 0.6104854 0.7332646 0.65625 0.84375 0.6104854 0.9542354 0.65625 0.84375 0.65625 0.84375 0.6104854 0.7332646 0.6104854 0.7332646 0.6104854 0.7332646 0.5 0.6875 0.5 0.6875 0.3895146 0.7332646 0.5 0.6875 0.3895146 0.7332646 0.34375 0.84375 0.3895146 0.7332646 0.34375 0.84375 0.3895146 0.9542354 0.34375 0.84375 0.3895146 0.9542354 0.5 1 0.3895146 0.9542354 0.5 1 0.5 1 0.6104854 0.9542354 0.6104854 0.9542354 0.6104854 0.9542354 0.65625 0.84375 0.65625 0.84375 0.5 0.3125 0.5 0.6884399 0.5 0.6884399 0.5625 0.3125 0.5625 0.6884399 0.5625 0.3125 0.65625 0.15625 0.6104854 0.04576456 0.6104854 0.04576456 0.6104854 0.2667354 0.65625 0.15625 0.65625 0.15625 0.3895146 0.2667354 0.34375 0.15625 0.3895146 0.2667354 0.3895146 0.04576456 0.34375 0.15625 0.34375 0.15625 0.5 0 0.3895146 0.04576456 0.3895146 0.04576456 0.5 0 0.6104854 0.04576456 0.5 0 0.5 1 0.6104854 0.9542354 0.6104854 0.9542354 0.5 1 0.3895146 0.9542354 0.5 1 0.3895146 0.9542354 0.34375 0.84375 0.3895146 0.9542354 0.34375 0.84375 0.3895146 0.7332646 0.34375 0.84375 0.65625 0.84375 0.6104854 0.7332646 0.6104854 0.7332646 0.6104854 0.9542354 0.65625 0.84375 0.65625 0.84375 0.3895146 0.7332646 0.3895146 0.7332646 0.3895146 0.7332646 0.6104854 0.7332646 0.6104854 0.7332646 0.6104854 0.7332646 0.3895146 0.7332646 0.3895146 0.7332646 0.3895146 0.7332646 0.6104854 0.7332646 0.6104854 0.7332646 0.6104854 0.7332646 0.3895146 0.7332646 0.3895146 0.7332646 0.3895146 0.7332646 0.6104854 0.7332646 0.6104854 0.7332646 0.6104854 0.7332646 0.6104854 0.7332646 0.6104854 0.7332646 0.6104854 0.7332646 0.3895146 0.7332646 0.3895146 0.7332646 0.3895146 0.7332646 0.6104854 0.7332646 0.6104854 0.7332646 0.6104854 0.7332646 0.3895146 0.7332646 0.3895146 0.7332646 0.3895146 0.7332646 0.6104854 0.7332646 0.6104854 0.7332646 0.6104854 0.7332646 0.3895146 0.7332646 0.3895146 0.7332646 0.3895146 0.7332646 0.375 0.3125 0.375 0.6884399 0.375 0.6884399 0.4375 0.3125 0.4375 0.6884399 0.4375 0.3125 0.6104854 0.04576456 0.65625 0.15625 0.6104854 0.04576456 0.65625 0.15625 0.6104854 0.2667354 0.65625 0.15625 0.6104854 0.2667354 0.5 0.3125 0.6104854 0.2667354 0.3895146 0.2667354 0.5 0.3125 0.5 0.3125 0.34375 0.15625 0.3895146 0.2667354 0.3895146 0.2667354 0.3895146 0.04576456 0.34375 0.15625 0.34375 0.15625 0.34375 0.84375 0.3895146 0.9542354 0.3895146 0.9542354 0.34375 0.84375 0.3895146 0.7332646 0.34375 0.84375 0.5 0.6875 0.3895146 0.7332646 0.3895146 0.7332646 0.5 0.6875 0.6104854 0.7332646 0.5 0.6875 0.65625 0.84375 0.6104854 0.7332646 0.6104854 0.7332646 0.65625 0.84375 0.6104854 0.9542354 0.65625 0.84375 0.6104854 0.9542354 0.6104854 0.9542354 0.6104854 0.9542354 0.3895146 0.9542354 0.3895146 0.9542354 0.3895146 0.9542354 0.6104854 0.9542354 0.6104854 0.9542354 0.6104854 0.9542354 0.3895146 0.9542354 0.3895146 0.9542354 0.3895146 0.9542354 0.3895146 0.9542354 0.3895146 0.9542354 0.3895146 0.9542354 0.6104854 0.9542354 0.6104854 0.9542354 0.6104854 0.9542354 0.3895146 0.9542354 0.3895146 0.9542354 0.3895146 0.9542354 0.6104854 0.9542354 0.6104854 0.9542354 0.6104854 0.9542354 0.5 0.3125 0.5 0.6884399 0.5 0.6884399 0.5625 0.3125 0.5625 0.6884399 0.5625 0.3125 0.6104854 0.04576456 0.65625 0.15625 0.6104854 0.04576456 0.6104854 0.2667354 0.65625 0.15625 0.65625 0.15625 0.3895146 0.2667354 0.34375 0.15625 0.3895146 0.2667354 0.3895146 0.04576456 0.34375 0.15625 0.34375 0.15625 0.5 0 0.3895146 0.04576456 0.3895146 0.04576456 0.5 0 0.6104854 0.04576456 0.5 0 0.3895146 0.7332646 0.3895146 0.7332646 0.3895146 0.7332646 0.6104854 0.7332646 0.6104854 0.7332646 0.6104854 0.7332646 0.3895146 0.7332646 0.3895146 0.7332646 0.3895146 0.7332646 0.6104854 0.7332646 0.6104854 0.7332646 0.6104854 0.7332646 0.6104854 0.7332646 0.6104854 0.7332646 0.6104854 0.7332646 0.3895146 0.7332646 0.3895146 0.7332646 0.3895146 0.7332646 0.6104854 0.7332646 0.6104854 0.7332646 0.6104854 0.7332646 0.5 0.6875 0.6104854 0.7332646 0.6104854 0.7332646 0.5 0.6875 0.3895146 0.7332646 0.5 0.6875 0.3895146 0.7332646 0.3895146 0.7332646 0.3895146 0.7332646 0.6104854 0.7332646 0.6104854 0.7332646 0.6104854 0.7332646 0.3895146 0.7332646 0.3895146 0.7332646 0.3895146 0.7332646 0.5 0.3125 0.5 0.6884399 0.5 0.6884399 0.5625 0.3125 0.5625 0.6884399 0.5625 0.3125 0.6104854 0.04576456 0.65625 0.15625 0.6104854 0.04576456 0.6104854 0.2667354 0.65625 0.15625 0.65625 0.15625 0.3895146 0.2667354 0.34375 0.15625 0.3895146 0.2667354 0.3895146 0.04576456 0.34375 0.15625 0.34375 0.15625 0.5 0 0.3895146 0.04576456 0.3895146 0.04576456 0.5 0 0.6104854 0.04576456 0.5 0 0.3895146 0.7332646 0.3895146 0.7332646 0.3895146 0.7332646 0.6104854 0.7332646 0.6104854 0.7332646 0.6104854 0.7332646 0.3895146 0.7332646 0.3895146 0.7332646 0.3895146 0.7332646 0.6104854 0.7332646 0.6104854 0.7332646 0.6104854 0.7332646 0.6104854 0.7332646 0.6104854 0.7332646 0.6104854 0.7332646 0.3895146 0.7332646 0.3895146 0.7332646 0.3895146 0.7332646 0.6104854 0.7332646 0.6104854 0.7332646 0.6104854 0.7332646 0.5 0.6875 0.6104854 0.7332646 0.6104854 0.7332646 0.5 0.6875 0.3895146 0.7332646 0.5 0.6875 0.3895146 0.7332646 0.3895146 0.7332646 0.3895146 0.7332646 0.6104854 0.7332646 0.6104854 0.7332646 0.6104854 0.7332646 0.3895146 0.7332646 0.3895146 0.7332646 0.3895146 0.7332646 0.4375 0.3125 0.4375 0.6884399 0.4375 0.3125 0.40625 0.3125 0.40625 0.6884399 0.40625 0.6884399 0.65625 0.15625 0.6104854 0.04576456 0.6104854 0.04576456 0.6104854 0.2667354 0.65625 0.15625 0.65625 0.15625 0.5 0.3125 0.6104854 0.2667354 0.6104854 0.2667354 0.5 0.3125 0.3895146 0.2667354 0.5 0.3125 0.3895146 0.2667354 0.34375 0.15625 0.3895146 0.2667354 0.3895146 0.04576456 0.34375 0.15625 0.34375 0.15625 0.5 0 0.6104854 0.04576456 0.5 0 0.5 1 0.6104854 0.9542354 0.6104854 0.9542354 0.6104854 0.9542354 0.6104854 0.9542354 0.6104854 0.9542354 0.3895146 0.9542354 0.3895146 0.9542354 0.3895146 0.9542354 0.6104854 0.9542354 0.6104854 0.9542354 0.6104854 0.9542354 0.3895146 0.9542354 0.3895146 0.9542354 0.3895146 0.9542354 0.3895146 0.9542354 0.3895146 0.9542354 0.3895146 0.9542354 0.5 1 0.3895146 0.9542354 0.3895146 0.9542354 0.5 1 0.6104854 0.9542354 0.5 1 0.6104854 0.9542354 0.6104854 0.9542354 0.6104854 0.9542354 0.3895146 0.9542354 0.3895146 0.9542354 0.3895146 0.9542354 0.6104854 0.9542354 0.6104854 0.9542354 0.6104854 0.9542354 0.375 0.3125 0.375 0.6884399 0.375 0.6884399 0.4375 0.3125 0.4375 0.6884399 0.4375 0.3125 0.6104854 0.04576456 0.65625 0.15625 0.6104854 0.04576456 0.65625 0.15625 0.6104854 0.2667354 0.65625 0.15625 0.6104854 0.2667354 0.5 0.3125 0.6104854 0.2667354 0.3895146 0.2667354 0.5 0.3125 0.5 0.3125 0.34375 0.15625 0.3895146 0.2667354 0.3895146 0.2667354 0.3895146 0.04576456 0.34375 0.15625 0.34375 0.15625 0.6104854 0.9542354 0.6104854 0.9542354 0.6104854 0.9542354 0.3895146 0.9542354 0.3895146 0.9542354 0.3895146 0.9542354 0.6104854 0.9542354 0.6104854 0.9542354 0.6104854 0.9542354 0.3895146 0.9542354 0.3895146 0.9542354 0.3895146 0.9542354 0.5 1 0.6104854 0.9542354 0.5 1 0.6104854 0.9542354 0.6104854 0.9542354 0.6104854 0.9542354 0.3895146 0.9542354 0.3895146 0.9542354 0.3895146 0.9542354 0.5 1 0.3895146 0.9542354 0.3895146 0.9542354 0.40625 0.3125 0.40625 0.6884399 0.40625 0.6884399 0.46875 0.3125 0.46875 0.6884399 0.46875 0.3125 0.6104854 0.04576456 0.65625 0.15625 0.6104854 0.04576456 0.65625 0.15625 0.6104854 0.2667354 0.65625 0.15625 0.6104854 0.2667354 0.5 0.3125 0.6104854 0.2667354 0.3895146 0.2667354 0.5 0.3125 0.5 0.3125 0.34375 0.15625 0.3895146 0.2667354 0.3895146 0.2667354 0.5 0 0.6104854 0.04576456 0.5 0 0.5 1 0.5 1 0.5 1 0.34375 0.84375 0.34375 0.84375 0.34375 0.84375 0.5 1 0.5 1 0.5 1 0.34375 0.84375 0.34375 0.84375 0.34375 0.84375 0.3895146 0.9542354 0.5 1 0.3895146 0.9542354 0.5 1 0.5 1 0.5 1 0.34375 0.84375 0.34375 0.84375 0.34375 0.84375 0.3895146 0.9542354 0.34375 0.84375 0.34375 0.84375 0.5 0.3125 0.5 0.6884399 0.5 0.6884399 0.5625 0.3125 0.5625 0.6884399 0.5625 0.3125 0.6104854 0.04576456 0.65625 0.15625 0.6104854 0.04576456 0.6104854 0.2667354 0.65625 0.15625 0.65625 0.15625 0.3895146 0.2667354 0.34375 0.15625 0.3895146 0.2667354 0.34375 0.15625 0.3895146 0.04576456 0.34375 0.15625 0.3895146 0.04576456 0.5 0 0.3895146 0.04576456 0.6104854 0.04576456 0.5 0 0.5 0 0.5 1 0.6104854 0.9542354 0.6104854 0.9542354 0.3895146 0.9542354 0.5 1 0.5 1 0.3895146 0.9542354 0.34375 0.84375 0.3895146 0.9542354 0.34375 0.84375 0.3895146 0.7332646 0.34375 0.84375 0.65625 0.84375 0.6104854 0.7332646 0.6104854 0.7332646 0.65625 0.84375 0.6104854 0.9542354 0.65625 0.84375 0.3895146 0.7332646 0.3895146 0.7332646 0.3895146 0.7332646 0.6104854 0.7332646 0.6104854 0.7332646 0.6104854 0.7332646 0.3895146 0.7332646 0.3895146 0.7332646 0.3895146 0.7332646 0.6104854 0.7332646 0.6104854 0.7332646 0.6104854 0.7332646 0.3895146 0.7332646 0.3895146 0.7332646 0.3895146 0.7332646 0.6104854 0.7332646 0.6104854 0.7332646 0.6104854 0.7332646 0.6104854 0.7332646 0.6104854 0.7332646 0.6104854 0.7332646 0.3895146 0.7332646 0.3895146 0.7332646 0.3895146 0.7332646 0.53125 0.3125 0.53125 0.6884399 0.53125 0.6884399 0.59375 0.3125 0.59375 0.6884399 0.59375 0.3125 0.65625 0.15625 0.6104854 0.04576456 0.6104854 0.04576456 0.5 0.3125 0.3895146 0.2667354 0.5 0.3125 0.3895146 0.2667354 0.34375 0.15625 0.3895146 0.2667354 0.34375 0.15625 0.3895146 0.04576456 0.34375 0.15625 0.3895146 0.04576456 0.5 0 0.3895146 0.04576456 0.6104854 0.04576456 0.5 0 0.5 0 0.5 0.6875 0.5 0.6875 0.5 0.6875 0.65625 0.84375 0.65625 0.84375 0.65625 0.84375 0.5 0.6875 0.5 0.6875 0.5 0.6875 0.65625 0.84375 0.65625 0.84375 0.65625 0.84375 0.6104854 0.7332646 0.5 0.6875 0.6104854 0.7332646 0.5 0.6875 0.5 0.6875 0.5 0.6875 0.65625 0.84375 0.65625 0.84375 0.65625 0.84375 0.6104854 0.7332646 0.65625 0.84375 0.65625 0.84375 0.65625 0.84375 0.65625 0.84375 0.65625 0.84375 0.5 0.6875 0.5 0.6875 0.5 0.6875 0.5 1 0.3895146 0.9542354 0.5 1 0.3895146 0.9542354 0.3895146 0.9542354 0.3895146 0.9542354 0.5 1 0.3895146 0.9542354 0.3895146 0.9542354 0.5 1 0.6104854 0.9542354 0.6104854 0.9542354 0.5 1 0.6104854 0.9542354 0.5 1 0.6104854 0.9542354 0.6104854 0.9542354 0.6104854 0.9542354 0.53125 0.3125 0.53125 0.6884399 0.53125 0.6884399 0.59375 0.3125 0.59375 0.6884399 0.59375 0.3125 0.65625 0.15625 0.6104854 0.04576456 0.6104854 0.04576456 0.5 0.3125 0.3895146 0.2667354 0.5 0.3125 0.3895146 0.2667354 0.34375 0.15625 0.3895146 0.2667354 0.34375 0.15625 0.3895146 0.04576456 0.34375 0.15625 0.5 0 0.3895146 0.04576456 0.3895146 0.04576456 0.5 0 0.6104854 0.04576456 0.5 0 0.5 0.6875 0.5 0.6875 0.5 0.6875 0.65625 0.84375 0.65625 0.84375 0.65625 0.84375 0.5 0.6875 0.5 0.6875 0.5 0.6875 0.65625 0.84375 0.65625 0.84375 0.65625 0.84375 0.6104854 0.7332646 0.5 0.6875 0.6104854 0.7332646 0.5 0.6875 0.5 0.6875 0.5 0.6875 0.65625 0.84375 0.65625 0.84375 0.65625 0.84375 0.6104854 0.7332646 0.65625 0.84375 0.65625 0.84375 0.65625 0.84375 0.65625 0.84375 0.65625 0.84375 0.5 0.6875 0.5 0.6875 0.5 0.6875 0.5 0.6875 0.5 0.6875 0.5 0.6875 0.65625 0.84375 0.65625 0.84375 0.65625 0.84375 0.65625 0.84375 0.65625 0.84375 0.65625 0.84375 0.5 0.6875 0.5 0.6875 0.5 0.6875 0.375 0.3125 0.375 0.6884399 0.375 0.6884399 0.4375 0.3125 0.4375 0.6884399 0.4375 0.3125 0.6104854 0.04576456 0.65625 0.15625 0.6104854 0.04576456 0.65625 0.15625 0.6104854 0.2667354 0.65625 0.15625 0.6104854 0.2667354 0.5 0.3125 0.6104854 0.2667354 0.5 0.3125 0.3895146 0.2667354 0.5 0.3125 0.34375 0.15625 0.3895146 0.2667354 0.3895146 0.2667354 0.3895146 0.04576456 0.34375 0.15625 0.34375 0.15625 0.6104854 0.9542354 0.6104854 0.9542354 0.6104854 0.9542354 0.3895146 0.9542354 0.3895146 0.9542354 0.3895146 0.9542354 0.6104854 0.9542354 0.6104854 0.9542354 0.6104854 0.9542354 0.3895146 0.9542354 0.3895146 0.9542354 0.3895146 0.9542354 0.3895146 0.9542354 0.3895146 0.9542354 0.3895146 0.9542354 0.6104854 0.9542354 0.6104854 0.9542354 0.6104854 0.9542354 0.3895146 0.9542354 0.3895146 0.9542354 0.3895146 0.9542354 0.3895146 0.9542354 0.5 1 0.3895146 0.9542354 0.5 1 0.6104854 0.9542354 0.5 1 0.6104854 0.9542354 0.6104854 0.9542354 0.6104854 0.9542354 0.3895146 0.9542354 0.3895146 0.9542354 0.3895146 0.9542354 0.6104854 0.9542354 0.6104854 0.9542354 0.6104854 0.9542354 0.5 0.3125 0.5 0.6884399 0.5 0.6884399 0.5625 0.3125 0.5625 0.6884399 0.5625 0.3125 0.65625 0.15625 0.6104854 0.04576456 0.6104854 0.04576456 0.6104854 0.2667354 0.65625 0.15625 0.65625 0.15625 0.3895146 0.2667354 0.34375 0.15625 0.3895146 0.2667354 0.3895146 0.04576456 0.34375 0.15625 0.34375 0.15625 0.5 0 0.3895146 0.04576456 0.3895146 0.04576456 0.6104854 0.04576456 0.5 0 0.5 0 0.5 1 0.6104854 0.9542354 0.6104854 0.9542354 0.3895146 0.9542354 0.5 1 0.5 1 0.34375 0.84375 0.3895146 0.9542354 0.3895146 0.9542354 0.34375 0.84375 0.3895146 0.7332646 0.34375 0.84375 0.65625 0.84375 0.6104854 0.7332646 0.6104854 0.7332646 0.65625 0.84375 0.6104854 0.9542354 0.65625 0.84375 0.3895146 0.7332646 0.3895146 0.7332646 0.3895146 0.7332646 0.6104854 0.7332646 0.6104854 0.7332646 0.6104854 0.7332646 0.3895146 0.7332646 0.3895146 0.7332646 0.3895146 0.7332646 0.6104854 0.7332646 0.6104854 0.7332646 0.6104854 0.7332646 0.3895146 0.7332646 0.3895146 0.7332646 0.3895146 0.7332646 0.6104854 0.7332646 0.6104854 0.7332646 0.6104854 0.7332646 0.6104854 0.7332646 0.6104854 0.7332646 0.6104854 0.7332646 0.3895146 0.7332646 0.3895146 0.7332646 0.3895146 0.7332646 0.5 0.3125 0.5 0.6884399 0.5 0.6884399 0.5625 0.3125 0.5625 0.6884399 0.5625 0.3125 0.65625 0.15625 0.6104854 0.04576456 0.6104854 0.04576456 0.6104854 0.2667354 0.65625 0.15625 0.65625 0.15625 0.3895146 0.2667354 0.34375 0.15625 0.3895146 0.2667354 0.34375 0.15625 0.3895146 0.04576456 0.34375 0.15625 0.3895146 0.04576456 0.5 0 0.3895146 0.04576456 0.5 0 0.6104854 0.04576456 0.5 0 0.3895146 0.7332646 0.3895146 0.7332646 0.3895146 0.7332646 0.6104854 0.7332646 0.6104854 0.7332646 0.6104854 0.7332646 0.3895146 0.7332646 0.3895146 0.7332646 0.3895146 0.7332646 0.6104854 0.7332646 0.6104854 0.7332646 0.6104854 0.7332646 0.5 0.6875 0.3895146 0.7332646 0.5 0.6875 0.3895146 0.7332646 0.3895146 0.7332646 0.3895146 0.7332646 0.6104854 0.7332646 0.6104854 0.7332646 0.6104854 0.7332646 0.5 0.6875 0.6104854 0.7332646 0.6104854 0.7332646 0.6104854 0.7332646 0.6104854 0.7332646 0.6104854 0.7332646 0.3895146 0.7332646 0.3895146 0.7332646 0.3895146 0.7332646 0.40625 0.3125 0.40625 0.6884399 0.40625 0.6884399 0.46875 0.3125 0.46875 0.6884399 0.46875 0.3125 0.65625 0.15625 0.6104854 0.04576456 0.6104854 0.04576456 0.6104854 0.2667354 0.65625 0.15625 0.65625 0.15625 0.6104854 0.2667354 0.5 0.3125 0.6104854 0.2667354 0.3895146 0.2667354 0.5 0.3125 0.5 0.3125 0.34375 0.15625 0.3895146 0.2667354 0.3895146 0.2667354 0.5 0 0.6104854 0.04576456 0.5 0 0.5 1 0.5 1 0.5 1 0.34375 0.84375 0.34375 0.84375 0.34375 0.84375 0.5 1 0.5 1 0.5 1 0.34375 0.84375 0.34375 0.84375 0.34375 0.84375 0.5 1 0.5 1 0.5 1 0.34375 0.84375 0.34375 0.84375 0.34375 0.84375 0.34375 0.84375 0.34375 0.84375 0.34375 0.84375 0.5 1 0.5 1 0.5 1 0.34375 0.84375 0.34375 0.84375 0.34375 0.84375 0.5 1 0.5 1 0.5 1 0.34375 0.84375 0.34375 0.84375 0.34375 0.84375 0.3895146 0.9542354 0.34375 0.84375 0.34375 0.84375 0.3895146 0.9542354 0.5 1 0.3895146 0.9542354 0.5 1 0.5 1 0.5 1 0.375 0.3125 0.375 0.6884399 0.375 0.6884399 0.4375 0.3125 0.4375 0.6884399 0.4375 0.3125 0.6104854 0.04576456 0.65625 0.15625 0.6104854 0.04576456 0.6104854 0.2667354 0.65625 0.15625 0.65625 0.15625 0.5 0.3125 0.6104854 0.2667354 0.6104854 0.2667354 0.5 0.3125 0.3895146 0.2667354 0.5 0.3125 0.3895146 0.2667354 0.34375 0.15625 0.3895146 0.2667354 0.3895146 0.04576456 0.34375 0.15625 0.34375 0.15625 0.6104854 0.9542354 0.6104854 0.9542354 0.6104854 0.9542354 0.3895146 0.9542354 0.3895146 0.9542354 0.3895146 0.9542354 0.6104854 0.9542354 0.6104854 0.9542354 0.6104854 0.9542354 0.3895146 0.9542354 0.3895146 0.9542354 0.3895146 0.9542354 0.6104854 0.9542354 0.6104854 0.9542354 0.6104854 0.9542354 0.3895146 0.9542354 0.3895146 0.9542354 0.3895146 0.9542354 0.3895146 0.9542354 0.3895146 0.9542354 0.3895146 0.9542354 0.6104854 0.9542354 0.6104854 0.9542354 0.6104854 0.9542354 0.3895146 0.9542354 0.3895146 0.9542354 0.3895146 0.9542354 0.6104854 0.9542354 0.6104854 0.9542354 0.6104854 0.9542354 0.3895146 0.9542354 0.3895146 0.9542354 0.3895146 0.9542354 0.5 1 0.3895146 0.9542354 0.3895146 0.9542354 0.5 1 0.6104854 0.9542354 0.5 1 0.6104854 0.9542354 0.6104854 0.9542354 0.6104854 0.9542354 0.4375 0.3398284 0.40625 0.4382487 0.40625 0.3398284 0.375 0.3398284 0.40625 0.4382487 0.375 0.4382487 0.59375 0.3398284 0.625 0.4382487 0.59375 0.4382487 0.5625 0.3398284 0.59375 0.4382487 0.5625 0.4382487 0.53125 0.3398284 0.5625 0.4382487 0.53125 0.4382487 0.5 0.3398284 0.53125 0.4382487 0.5 0.4382487 0.5 0.3398284 0.46875 0.4382487 0.46875 0.3398284 0.46875 0.3398284 0.4375 0.4382487 0.4375 0.3398284 0.6104854 0.04576456 0.5 0 0.5 0 0.5 0 0.3895146 0.04576456 0.3895146 0.04576456 0.3895146 0.04576456 0.34375 0.15625 0.34375 0.15625 0.34375 0.15625 0.3895146 0.2667354 0.3895146 0.2667354 0.3895146 0.2667354 0.5 0.3125 0.5 0.3125 0.5 0.3125 0.6104854 0.2667354 0.6104854 0.2667354 0.6104854 0.2667354 0.65625 0.15625 0.65625 0.15625 0.65625 0.15625 0.6104854 0.04576456 0.6104854 0.04576456 0.375 0.3125 0.40625 0.3125 0.40625 0.6884399 0.4375 0.3125 0.4375 0.6884399 0.40625 0.6884399 0.4375 0.3125 0.46875 0.3125 0.46875 0.6884399 0.5 0.3125 0.5 0.6884399 0.46875 0.6884399 0.5 0.3125 0.53125 0.3125 0.53125 0.6884399 0.53125 0.3125 0.5625 0.3125 0.5625 0.6884399 0.5625 0.3125 0.59375 0.3125 0.59375 0.6884399 0.59375 0.3125 0.625 0.3125 0.625 0.6884399 0.5 0 0.6104854 0.04576456 0.3895146 0.04576456 0.6104854 0.04576456 0.65625 0.15625 0.34375 0.15625 0.65625 0.15625 0.6104854 0.2667354 0.5 0.3125 0.5 0.3125 0.3895146 0.2667354 0.34375 0.15625 0.34375 0.15625 0.3895146 0.04576456 0.6104854 0.04576456 0.6104854 0.9542354 0.5 1 0.5 1 0.3895146 0.9542354 0.3895146 0.9542354 0.5 1 0.34375 0.84375 0.34375 0.84375 0.3895146 0.9542354 0.3895146 0.7332646 0.3895146 0.7332646 0.34375 0.84375 0.5 0.6875 0.5 0.6875 0.3895146 0.7332646 0.5 0.6875 0.6104854 0.7332646 0.6104854 0.7332646 0.6104854 0.7332646 0.65625 0.84375 0.65625 0.84375 0.65625 0.84375 0.6104854 0.9542354 0.6104854 0.9542354 0.5 1 0.5 1 0.6104854 0.9542354 0.3895146 0.9542354 0.3895146 0.9542354 0.5 1 0.34375 0.84375 0.34375 0.84375 0.3895146 0.9542354 0.34375 0.84375 0.3895146 0.7332646 0.3895146 0.7332646 0.3895146 0.7332646 0.5 0.6875 0.5 0.6875 0.5 0.6875 0.6104854 0.7332646 0.6104854 0.7332646 0.6104854 0.7332646 0.65625 0.84375 0.65625 0.84375 0.6104854 0.9542354 0.6104854 0.9542354 0.65625 0.84375 0.65625 0.84375 0.65625 0.84375 0.6104854 0.7332646 0.6104854 0.7332646 0.6104854 0.7332646 0.5 0.6875 0.3895146 0.7332646 0.5 0.6875 0.5 0.6875 0.34375 0.84375 0.3895146 0.7332646 0.3895146 0.7332646 0.3895146 0.9542354 0.34375 0.84375 0.34375 0.84375 0.5 1 0.3895146 0.9542354 0.3895146 0.9542354 0.5 1 0.5 1 0.6104854 0.9542354 0.6104854 0.9542354 0.6104854 0.9542354 0.65625 0.84375 0.65625 0.84375 0.65625 0.84375 0.6104854 0.7332646 0.6104854 0.7332646 0.6104854 0.7332646 0.5 0.6875 0.5 0.6875 0.5 0.6875 0.3895146 0.7332646 0.34375 0.84375 0.3895146 0.7332646 0.3895146 0.7332646 0.3895146 0.9542354 0.34375 0.84375 0.34375 0.84375 0.5 1 0.3895146 0.9542354 0.3895146 0.9542354 0.6104854 0.9542354 0.5 1 0.5 1 0.65625 0.84375 0.6104854 0.9542354 0.6104854 0.9542354 0.65625 0.84375 0.65625 0.84375 0.6104854 0.7332646 0.6104854 0.7332646 0.6104854 0.7332646 0.5 0.6875 0.5 0.6875 0.5 0.6875 0.3895146 0.7332646 0.34375 0.84375 0.3895146 0.7332646 0.3895146 0.7332646 0.3895146 0.9542354 0.34375 0.84375 0.34375 0.84375 0.5 1 0.3895146 0.9542354 0.3895146 0.9542354 0.6104854 0.9542354 0.5 1 0.5 1 0.6104854 0.9542354 0.6104854 0.9542354 0.65625 0.84375 0.6104854 0.9542354 0.5 1 0.3895146 0.9542354 0.3895146 0.9542354 0.34375 0.84375 0.6104854 0.9542354 0.34375 0.84375 0.3895146 0.7332646 0.6104854 0.9542354 0.3895146 0.7332646 0.5 0.6875 0.6104854 0.9542354 0.5 0.6875 0.6104854 0.7332646 0.6104854 0.9542354 0.40625 0.3125 0.40625 0.6884399 0.375 0.6884399 0.40625 0.3125 0.4375 0.3125 0.4375 0.6884399 0.46875 0.3125 0.46875 0.6884399 0.4375 0.6884399 0.5 0.3125 0.5 0.6884399 0.46875 0.6884399 0.53125 0.3125 0.53125 0.6884399 0.5 0.6884399 0.53125 0.3125 0.5625 0.3125 0.5625 0.6884399 0.59375 0.3125 0.59375 0.6884399 0.5625 0.6884399 0.59375 0.3125 0.625 0.3125 0.625 0.6884399 0.5 0 0.6104854 0.04576456 0.3895146 0.2667354 0.6104854 0.04576456 0.65625 0.15625 0.6104854 0.2667354 0.3895146 0.2667354 0.6104854 0.2667354 0.5 0.3125 0.6104854 0.04576456 0.6104854 0.2667354 0.3895146 0.2667354 0.3895146 0.2667354 0.34375 0.15625 0.5 0 0.65625 0.84375 0.6104854 0.9542354 0.34375 0.84375 0.6104854 0.9542354 0.5 1 0.34375 0.84375 0.5 1 0.3895146 0.9542354 0.34375 0.84375 0.34375 0.84375 0.3895146 0.7332646 0.65625 0.84375 0.3895146 0.7332646 0.5 0.6875 0.65625 0.84375 0.6104854 0.9542354 0.5 1 0.5 1 0.3895146 0.9542354 0.3895146 0.9542354 0.5 1 0.34375 0.84375 0.34375 0.84375 0.3895146 0.9542354 0.3895146 0.7332646 0.3895146 0.7332646 0.34375 0.84375 0.5 0.6875 0.5 0.6875 0.3895146 0.7332646 0.5 0.6875 0.6104854 0.7332646 0.6104854 0.7332646 0.6104854 0.7332646 0.65625 0.84375 0.65625 0.84375 0.65625 0.84375 0.6104854 0.9542354 0.6104854 0.9542354 0.5 1 0.5 1 0.6104854 0.9542354 0.5 1 0.3895146 0.9542354 0.3895146 0.9542354 0.3895146 0.9542354 0.34375 0.84375 0.34375 0.84375 0.34375 0.84375 0.3895146 0.7332646 0.3895146 0.7332646 0.3895146 0.7332646 0.5 0.6875 0.5 0.6875 0.6104854 0.7332646 0.6104854 0.7332646 0.5 0.6875 0.65625 0.84375 0.65625 0.84375 0.6104854 0.7332646 0.6104854 0.9542354 0.6104854 0.9542354 0.65625 0.84375 0.5 1 0.5 1 0.6104854 0.9542354 0.5 1 0.3895146 0.9542354 0.3895146 0.9542354 0.3895146 0.9542354 0.34375 0.84375 0.34375 0.84375 0.34375 0.84375 0.3895146 0.7332646 0.3895146 0.7332646 0.3895146 0.7332646 0.5 0.6875 0.5 0.6875 0.6104854 0.7332646 0.6104854 0.7332646 0.5 0.6875 0.65625 0.84375 0.65625 0.84375 0.6104854 0.7332646 0.6104854 0.9542354 0.6104854 0.9542354 0.65625 0.84375 0.65625 0.84375 0.65625 0.84375 0.6104854 0.7332646 0.6104854 0.7332646 0.6104854 0.7332646 0.5 0.6875 0.3895146 0.7332646 0.5 0.6875 0.5 0.6875 0.34375 0.84375 0.3895146 0.7332646 0.3895146 0.7332646 0.3895146 0.9542354 0.34375 0.84375 0.34375 0.84375 0.5 1 0.3895146 0.9542354 0.3895146 0.9542354 0.5 1 0.5 1 0.6104854 0.9542354 0.6104854 0.9542354 0.6104854 0.9542354 0.65625 0.84375 0.6104854 0.7332646 0.65625 0.84375 0.65625 0.84375 0.5 0.6875 0.6104854 0.7332646 0.6104854 0.7332646 0.5 0.6875 0.5 0.6875 0.3895146 0.7332646 0.3895146 0.7332646 0.3895146 0.7332646 0.34375 0.84375 0.34375 0.84375 0.34375 0.84375 0.3895146 0.9542354 0.3895146 0.9542354 0.3895146 0.9542354 0.5 1 0.6104854 0.9542354 0.5 1 0.5 1 0.65625 0.84375 0.6104854 0.9542354 0.6104854 0.9542354 0.5 0.6875 0.6104854 0.7332646 0.6104854 0.7332646 0.5 0.6875 0.5 0.6875 0.3895146 0.7332646 0.3895146 0.7332646 0.3895146 0.7332646 0.34375 0.84375 0.34375 0.84375 0.34375 0.84375 0.3895146 0.9542354 0.3895146 0.9542354 0.3895146 0.9542354 0.5 1 0.6104854 0.9542354 0.5 1 0.5 1 0.65625 0.84375 0.6104854 0.9542354 0.6104854 0.9542354 0.6104854 0.7332646 0.65625 0.84375 0.65625 0.84375 0.40625 0.3125 0.40625 0.6884399 0.375 0.6884399 0.40625 0.3125 0.4375 0.3125 0.4375 0.6884399 0.4375 0.3125 0.46875 0.3125 0.46875 0.6884399 0.5 0.3125 0.5 0.6884399 0.46875 0.6884399 0.5 0.3125 0.53125 0.3125 0.53125 0.6884399 0.5625 0.3125 0.5625 0.6884399 0.53125 0.6884399 0.59375 0.3125 0.59375 0.6884399 0.5625 0.6884399 0.59375 0.3125 0.625 0.3125 0.625 0.6884399 0.5 0 0.6104854 0.04576456 0.65625 0.15625 0.65625 0.15625 0.6104854 0.2667354 0.34375 0.15625 0.6104854 0.2667354 0.5 0.3125 0.3895146 0.2667354 0.34375 0.15625 0.6104854 0.2667354 0.3895146 0.2667354 0.34375 0.15625 0.3895146 0.04576456 0.5 0 0.65625 0.84375 0.6104854 0.9542354 0.5 1 0.5 1 0.3895146 0.9542354 0.34375 0.84375 0.34375 0.84375 0.3895146 0.7332646 0.65625 0.84375 0.3895146 0.7332646 0.5 0.6875 0.6104854 0.7332646 0.65625 0.84375 0.3895146 0.7332646 0.6104854 0.7332646 0.5 1 0.5 1 0.6104854 0.9542354 0.5 1 0.3895146 0.9542354 0.3895146 0.9542354 0.3895146 0.9542354 0.34375 0.84375 0.34375 0.84375 0.34375 0.84375 0.3895146 0.7332646 0.3895146 0.7332646 0.3895146 0.7332646 0.5 0.6875 0.5 0.6875 0.6104854 0.7332646 0.6104854 0.7332646 0.5 0.6875 0.65625 0.84375 0.65625 0.84375 0.6104854 0.7332646 0.6104854 0.9542354 0.6104854 0.9542354 0.65625 0.84375 0.5 1 0.5 1 0.6104854 0.9542354 0.5 1 0.3895146 0.9542354 0.3895146 0.9542354 0.3895146 0.9542354 0.34375 0.84375 0.34375 0.84375 0.34375 0.84375 0.3895146 0.7332646 0.3895146 0.7332646 0.3895146 0.7332646 0.5 0.6875 0.5 0.6875 0.6104854 0.7332646 0.6104854 0.7332646 0.5 0.6875 0.65625 0.84375 0.65625 0.84375 0.6104854 0.7332646 0.6104854 0.9542354 0.6104854 0.9542354 0.65625 0.84375 0.5 1 0.5 1 0.6104854 0.9542354 0.5 1 0.3895146 0.9542354 0.3895146 0.9542354 0.34375 0.84375 0.34375 0.84375 0.3895146 0.9542354 0.34375 0.84375 0.3895146 0.7332646 0.3895146 0.7332646 0.5 0.6875 0.5 0.6875 0.3895146 0.7332646 0.5 0.6875 0.6104854 0.7332646 0.6104854 0.7332646 0.65625 0.84375 0.65625 0.84375 0.6104854 0.7332646 0.65625 0.84375 0.6104854 0.9542354 0.6104854 0.9542354 0.65625 0.84375 0.65625 0.84375 0.6104854 0.7332646 0.6104854 0.7332646 0.6104854 0.7332646 0.5 0.6875 0.3895146 0.7332646 0.5 0.6875 0.5 0.6875 0.34375 0.84375 0.3895146 0.7332646 0.3895146 0.7332646 0.3895146 0.9542354 0.34375 0.84375 0.34375 0.84375 0.5 1 0.3895146 0.9542354 0.3895146 0.9542354 0.5 1 0.5 1 0.6104854 0.9542354 0.6104854 0.9542354 0.6104854 0.9542354 0.65625 0.84375 0.40625 0.3125 0.40625 0.6884399 0.375 0.6884399 0.40625 0.3125 0.4375 0.3125 0.4375 0.6884399 0.4375 0.3125 0.46875 0.3125 0.46875 0.6884399 0.46875 0.3125 0.5 0.3125 0.5 0.6884399 0.53125 0.3125 0.53125 0.6884399 0.5 0.6884399 0.53125 0.3125 0.5625 0.3125 0.5625 0.6884399 0.59375 0.3125 0.59375 0.6884399 0.5625 0.6884399 0.59375 0.3125 0.625 0.3125 0.625 0.6884399 0.5 0 0.6104854 0.04576456 0.3895146 0.04576456 0.6104854 0.04576456 0.65625 0.15625 0.5 0.3125 0.65625 0.15625 0.6104854 0.2667354 0.5 0.3125 0.5 0.3125 0.3895146 0.2667354 0.6104854 0.04576456 0.3895146 0.2667354 0.34375 0.15625 0.3895146 0.04576456 0.65625 0.84375 0.6104854 0.9542354 0.5 1 0.5 1 0.3895146 0.9542354 0.34375 0.84375 0.34375 0.84375 0.3895146 0.7332646 0.65625 0.84375 0.3895146 0.7332646 0.5 0.6875 0.65625 0.84375 0.5 0.6875 0.6104854 0.7332646 0.65625 0.84375 0.5 1 0.5 1 0.6104854 0.9542354 0.5 1 0.3895146 0.9542354 0.3895146 0.9542354 0.3895146 0.9542354 0.34375 0.84375 0.34375 0.84375 0.34375 0.84375 0.3895146 0.7332646 0.3895146 0.7332646 0.3895146 0.7332646 0.5 0.6875 0.5 0.6875 0.6104854 0.7332646 0.6104854 0.7332646 0.5 0.6875 0.65625 0.84375 0.65625 0.84375 0.6104854 0.7332646 0.6104854 0.9542354 0.6104854 0.9542354 0.65625 0.84375 0.5 1 0.5 1 0.6104854 0.9542354 0.5 1 0.3895146 0.9542354 0.3895146 0.9542354 0.3895146 0.9542354 0.34375 0.84375 0.34375 0.84375 0.34375 0.84375 0.3895146 0.7332646 0.3895146 0.7332646 0.3895146 0.7332646 0.5 0.6875 0.5 0.6875 0.6104854 0.7332646 0.6104854 0.7332646 0.5 0.6875 0.65625 0.84375 0.65625 0.84375 0.6104854 0.7332646 0.6104854 0.9542354 0.6104854 0.9542354 0.65625 0.84375 0.5 1 0.5 1 0.6104854 0.9542354 0.3895146 0.9542354 0.3895146 0.9542354 0.5 1 0.3895146 0.9542354 0.34375 0.84375 0.34375 0.84375 0.3895146 0.7332646 0.3895146 0.7332646 0.34375 0.84375 0.5 0.6875 0.5 0.6875 0.3895146 0.7332646 0.5 0.6875 0.6104854 0.7332646 0.6104854 0.7332646 0.6104854 0.7332646 0.65625 0.84375 0.65625 0.84375 0.65625 0.84375 0.6104854 0.9542354 0.6104854 0.9542354 0.65625 0.84375 0.65625 0.84375 0.6104854 0.7332646 0.6104854 0.7332646 0.6104854 0.7332646 0.5 0.6875 0.3895146 0.7332646 0.5 0.6875 0.5 0.6875 0.34375 0.84375 0.3895146 0.7332646 0.3895146 0.7332646 0.3895146 0.9542354 0.34375 0.84375 0.34375 0.84375 0.5 1 0.3895146 0.9542354 0.3895146 0.9542354 0.5 1 0.5 1 0.6104854 0.9542354 0.6104854 0.9542354 0.6104854 0.9542354 0.65625 0.84375 0.375 0.3125 0.40625 0.3125 0.40625 0.6884399 0.4375 0.3125 0.4375 0.6884399 0.40625 0.6884399 0.4375 0.3125 0.46875 0.3125 0.46875 0.6884399 0.5 0.3125 0.5 0.6884399 0.46875 0.6884399 0.5 0.3125 0.53125 0.3125 0.53125 0.6884399 0.5625 0.3125 0.5625 0.6884399 0.53125 0.6884399 0.5625 0.3125 0.59375 0.3125 0.59375 0.6884399 0.625 0.3125 0.625 0.6884399 0.59375 0.6884399 0.5 0 0.6104854 0.04576456 0.65625 0.15625 0.65625 0.15625 0.6104854 0.2667354 0.3895146 0.2667354 0.6104854 0.2667354 0.5 0.3125 0.3895146 0.2667354 0.3895146 0.2667354 0.34375 0.15625 0.65625 0.15625 0.34375 0.15625 0.3895146 0.04576456 0.5 0 0.65625 0.84375 0.6104854 0.9542354 0.5 1 0.5 1 0.3895146 0.9542354 0.34375 0.84375 0.34375 0.84375 0.3895146 0.7332646 0.65625 0.84375 0.3895146 0.7332646 0.5 0.6875 0.6104854 0.7332646 0.65625 0.84375 0.3895146 0.7332646 0.6104854 0.7332646 0.5 1 0.5 1 0.6104854 0.9542354 0.5 1 0.3895146 0.9542354 0.3895146 0.9542354 0.3895146 0.9542354 0.34375 0.84375 0.34375 0.84375 0.34375 0.84375 0.3895146 0.7332646 0.3895146 0.7332646 0.3895146 0.7332646 0.5 0.6875 0.5 0.6875 0.6104854 0.7332646 0.6104854 0.7332646 0.5 0.6875 0.65625 0.84375 0.65625 0.84375 0.6104854 0.7332646 0.6104854 0.9542354 0.6104854 0.9542354 0.65625 0.84375 0.6104854 0.9542354 0.5 1 0.5 1 0.3895146 0.9542354 0.3895146 0.9542354 0.5 1 0.34375 0.84375 0.34375 0.84375 0.3895146 0.9542354 0.3895146 0.7332646 0.3895146 0.7332646 0.34375 0.84375 0.5 0.6875 0.5 0.6875 0.3895146 0.7332646 0.5 0.6875 0.6104854 0.7332646 0.6104854 0.7332646 0.6104854 0.7332646 0.65625 0.84375 0.65625 0.84375 0.65625 0.84375 0.6104854 0.9542354 0.6104854 0.9542354 0.6104854 0.9542354 0.5 1 0.5 1 0.3895146 0.9542354 0.3895146 0.9542354 0.5 1 0.34375 0.84375 0.34375 0.84375 0.3895146 0.9542354 0.34375 0.84375 0.3895146 0.7332646 0.3895146 0.7332646 0.5 0.6875 0.5 0.6875 0.3895146 0.7332646 0.5 0.6875 0.6104854 0.7332646 0.6104854 0.7332646 0.6104854 0.7332646 0.65625 0.84375 0.65625 0.84375 0.6104854 0.9542354 0.6104854 0.9542354 0.65625 0.84375 0.65625 0.84375 0.65625 0.84375 0.6104854 0.7332646 0.6104854 0.7332646 0.6104854 0.7332646 0.5 0.6875 0.3895146 0.7332646 0.5 0.6875 0.5 0.6875 0.34375 0.84375 0.3895146 0.7332646 0.3895146 0.7332646 0.3895146 0.9542354 0.34375 0.84375 0.34375 0.84375 0.5 1 0.3895146 0.9542354 0.3895146 0.9542354 0.5 1 0.5 1 0.6104854 0.9542354 0.6104854 0.9542354 0.6104854 0.9542354 0.65625 0.84375 0.375 0.3125 0.40625 0.3125 0.40625 0.6884399 0.4375 0.3125 0.4375 0.6884399 0.40625 0.6884399 0.4375 0.3125 0.46875 0.3125 0.46875 0.6884399 0.46875 0.3125 0.5 0.3125 0.5 0.6884399 0.53125 0.3125 0.53125 0.6884399 0.5 0.6884399 0.53125 0.3125 0.5625 0.3125 0.5625 0.6884399 0.59375 0.3125 0.59375 0.6884399 0.5625 0.6884399 0.625 0.3125 0.625 0.6884399 0.59375 0.6884399 0.5 0 0.6104854 0.04576456 0.3895146 0.04576456 0.6104854 0.04576456 0.65625 0.15625 0.5 0.3125 0.65625 0.15625 0.6104854 0.2667354 0.5 0.3125 0.5 0.3125 0.3895146 0.2667354 0.6104854 0.04576456 0.3895146 0.2667354 0.34375 0.15625 0.3895146 0.04576456 0.65625 0.84375 0.6104854 0.9542354 0.5 1 0.5 1 0.3895146 0.9542354 0.34375 0.84375 0.34375 0.84375 0.3895146 0.7332646 0.65625 0.84375 0.3895146 0.7332646 0.5 0.6875 0.65625 0.84375 0.5 0.6875 0.6104854 0.7332646 0.65625 0.84375 0.5 1 0.5 1 0.6104854 0.9542354 0.5 1 0.3895146 0.9542354 0.3895146 0.9542354 0.3895146 0.9542354 0.34375 0.84375 0.34375 0.84375 0.34375 0.84375 0.3895146 0.7332646 0.3895146 0.7332646 0.3895146 0.7332646 0.5 0.6875 0.5 0.6875 0.6104854 0.7332646 0.6104854 0.7332646 0.5 0.6875 0.65625 0.84375 0.65625 0.84375 0.6104854 0.7332646 0.6104854 0.9542354 0.6104854 0.9542354 0.65625 0.84375 0.5 1 0.5 1 0.6104854 0.9542354 0.5 1 0.3895146 0.9542354 0.3895146 0.9542354 0.3895146 0.9542354 0.34375 0.84375 0.34375 0.84375 0.34375 0.84375 0.3895146 0.7332646 0.3895146 0.7332646 0.3895146 0.7332646 0.5 0.6875 0.5 0.6875 0.6104854 0.7332646 0.6104854 0.7332646 0.5 0.6875 0.65625 0.84375 0.65625 0.84375 0.6104854 0.7332646 0.6104854 0.9542354 0.6104854 0.9542354 0.65625 0.84375 0.5 1 0.5 1 0.6104854 0.9542354 0.5 1 0.3895146 0.9542354 0.3895146 0.9542354 0.3895146 0.9542354 0.34375 0.84375 0.34375 0.84375 0.3895146 0.7332646 0.3895146 0.7332646 0.34375 0.84375 0.5 0.6875 0.5 0.6875 0.3895146 0.7332646 0.6104854 0.7332646 0.6104854 0.7332646 0.5 0.6875 0.6104854 0.7332646 0.65625 0.84375 0.65625 0.84375 0.6104854 0.9542354 0.6104854 0.9542354 0.65625 0.84375 0.6104854 0.7332646 0.65625 0.84375 0.65625 0.84375 0.5 0.6875 0.6104854 0.7332646 0.6104854 0.7332646 0.5 0.6875 0.5 0.6875 0.3895146 0.7332646 0.3895146 0.7332646 0.3895146 0.7332646 0.34375 0.84375 0.34375 0.84375 0.34375 0.84375 0.3895146 0.9542354 0.3895146 0.9542354 0.3895146 0.9542354 0.5 1 0.6104854 0.9542354 0.5 1 0.5 1 0.65625 0.84375 0.6104854 0.9542354 0.6104854 0.9542354 0.6104854 0.7332646 0.6104854 0.7332646 0.5 0.6875 0.3895146 0.7332646 0.5 0.6875 0.5 0.6875 0.34375 0.84375 0.3895146 0.7332646 0.3895146 0.7332646 0.3895146 0.9542354 0.34375 0.84375 0.34375 0.84375 0.5 1 0.3895146 0.9542354 0.3895146 0.9542354 0.5 1 0.5 1 0.6104854 0.9542354 0.6104854 0.9542354 0.6104854 0.9542354 0.65625 0.84375 0.65625 0.84375 0.65625 0.84375 0.6104854 0.7332646 0.6104854 0.7332646 0.65625 0.84375 0.65625 0.84375 0.5 0.6875 0.6104854 0.7332646 0.6104854 0.7332646 0.5 0.6875 0.5 0.6875 0.3895146 0.7332646 0.3895146 0.7332646 0.3895146 0.7332646 0.34375 0.84375 0.34375 0.84375 0.34375 0.84375 0.3895146 0.9542354 0.5 1 0.3895146 0.9542354 0.3895146 0.9542354 0.5 1 0.5 1 0.6104854 0.9542354 0.65625 0.84375 0.6104854 0.9542354 0.6104854 0.9542354 0.40625 0.3125 0.40625 0.6884399 0.375 0.6884399 0.40625 0.3125 0.4375 0.3125 0.4375 0.6884399 0.4375 0.3125 0.46875 0.3125 0.46875 0.6884399 0.5 0.3125 0.5 0.6884399 0.46875 0.6884399 0.5 0.3125 0.53125 0.3125 0.53125 0.6884399 0.5625 0.3125 0.5625 0.6884399 0.53125 0.6884399 0.5625 0.3125 0.59375 0.3125 0.59375 0.6884399 0.625 0.3125 0.625 0.6884399 0.59375 0.6884399 0.5 0 0.6104854 0.04576456 0.65625 0.15625 0.65625 0.15625 0.6104854 0.2667354 0.3895146 0.2667354 0.6104854 0.2667354 0.5 0.3125 0.3895146 0.2667354 0.3895146 0.2667354 0.34375 0.15625 0.65625 0.15625 0.34375 0.15625 0.3895146 0.04576456 0.5 0 0.5 1 0.5 1 0.6104854 0.9542354 0.5 1 0.3895146 0.9542354 0.3895146 0.9542354 0.3895146 0.9542354 0.34375 0.84375 0.34375 0.84375 0.34375 0.84375 0.3895146 0.7332646 0.3895146 0.7332646 0.3895146 0.7332646 0.5 0.6875 0.5 0.6875 0.6104854 0.7332646 0.6104854 0.7332646 0.5 0.6875 0.65625 0.84375 0.65625 0.84375 0.6104854 0.7332646 0.6104854 0.9542354 0.6104854 0.9542354 0.65625 0.84375 0.5 1 0.5 1 0.6104854 0.9542354 0.5 1 0.3895146 0.9542354 0.3895146 0.9542354 0.3895146 0.9542354 0.34375 0.84375 0.34375 0.84375 0.34375 0.84375 0.3895146 0.7332646 0.3895146 0.7332646 0.3895146 0.7332646 0.5 0.6875 0.5 0.6875 0.6104854 0.7332646 0.6104854 0.7332646 0.5 0.6875 0.65625 0.84375 0.65625 0.84375 0.6104854 0.7332646 0.6104854 0.9542354 0.6104854 0.9542354 0.65625 0.84375 0.6104854 0.7332646 0.65625 0.84375 0.65625 0.84375 0.5 0.6875 0.6104854 0.7332646 0.6104854 0.7332646 0.5 0.6875 0.5 0.6875 0.3895146 0.7332646 0.3895146 0.7332646 0.3895146 0.7332646 0.34375 0.84375 0.34375 0.84375 0.34375 0.84375 0.3895146 0.9542354 0.3895146 0.9542354 0.3895146 0.9542354 0.5 1 0.6104854 0.9542354 0.5 1 0.5 1 0.65625 0.84375 0.6104854 0.9542354 0.6104854 0.9542354 0.6104854 0.7332646 0.65625 0.84375 0.65625 0.84375 0.5 0.6875 0.6104854 0.7332646 0.6104854 0.7332646 0.5 0.6875 0.5 0.6875 0.3895146 0.7332646 0.3895146 0.7332646 0.3895146 0.7332646 0.34375 0.84375 0.34375 0.84375 0.34375 0.84375 0.3895146 0.9542354 0.3895146 0.9542354 0.3895146 0.9542354 0.5 1 0.6104854 0.9542354 0.5 1 0.5 1 0.65625 0.84375 0.6104854 0.9542354 0.6104854 0.9542354 0.6104854 0.7332646 0.65625 0.84375 0.65625 0.84375 0.5 0.6875 0.6104854 0.7332646 0.6104854 0.7332646 0.5 0.6875 0.5 0.6875 0.3895146 0.7332646 0.3895146 0.7332646 0.3895146 0.7332646 0.34375 0.84375 0.34375 0.84375 0.34375 0.84375 0.3895146 0.9542354 0.3895146 0.9542354 0.3895146 0.9542354 0.5 1 0.6104854 0.9542354 0.5 1 0.5 1 0.65625 0.84375 0.6104854 0.9542354 0.6104854 0.9542354 0.6104854 0.9542354 0.5 1 0.3895146 0.9542354 0.3895146 0.9542354 0.34375 0.84375 0.6104854 0.9542354 0.34375 0.84375 0.3895146 0.7332646 0.6104854 0.9542354 0.3895146 0.7332646 0.5 0.6875 0.6104854 0.9542354 0.5 0.6875 0.6104854 0.7332646 0.6104854 0.9542354 0.375 0.3125 0.40625 0.3125 0.40625 0.6884399 0.4375 0.3125 0.4375 0.6884399 0.40625 0.6884399 0.4375 0.3125 0.46875 0.3125 0.46875 0.6884399 0.5 0.3125 0.5 0.6884399 0.46875 0.6884399 0.53125 0.3125 0.53125 0.6884399 0.5 0.6884399 0.53125 0.3125 0.5625 0.3125 0.5625 0.6884399 0.5625 0.3125 0.59375 0.3125 0.59375 0.6884399 0.625 0.3125 0.625 0.6884399 0.59375 0.6884399 0.5 0 0.6104854 0.04576456 0.3895146 0.04576456 0.6104854 0.04576456 0.65625 0.15625 0.3895146 0.04576456 0.65625 0.15625 0.6104854 0.2667354 0.5 0.3125 0.5 0.3125 0.3895146 0.2667354 0.34375 0.15625 0.34375 0.15625 0.3895146 0.04576456 0.65625 0.15625 0.65625 0.84375 0.6104854 0.9542354 0.5 1 0.5 1 0.3895146 0.9542354 0.34375 0.84375 0.34375 0.84375 0.3895146 0.7332646 0.5 0.6875 0.5 0.6875 0.6104854 0.7332646 0.65625 0.84375 0.65625 0.84375 0.5 1 0.5 0.6875 0.5 1 0.5 1 0.6104854 0.9542354 0.5 1 0.3895146 0.9542354 0.3895146 0.9542354 0.3895146 0.9542354 0.34375 0.84375 0.34375 0.84375 0.34375 0.84375 0.3895146 0.7332646 0.3895146 0.7332646 0.3895146 0.7332646 0.5 0.6875 0.5 0.6875 0.6104854 0.7332646 0.6104854 0.7332646 0.5 0.6875 0.65625 0.84375 0.65625 0.84375 0.6104854 0.7332646 0.6104854 0.9542354 0.6104854 0.9542354 0.65625 0.84375 0.6104854 0.9542354 0.5 1 0.5 1 0.3895146 0.9542354 0.3895146 0.9542354 0.5 1 0.34375 0.84375 0.34375 0.84375 0.3895146 0.9542354 0.3895146 0.7332646 0.3895146 0.7332646 0.34375 0.84375 0.5 0.6875 0.5 0.6875 0.3895146 0.7332646 0.5 0.6875 0.6104854 0.7332646 0.6104854 0.7332646 0.6104854 0.7332646 0.65625 0.84375 0.65625 0.84375 0.65625 0.84375 0.6104854 0.9542354 0.6104854 0.9542354 0.5 1 0.5 1 0.6104854 0.9542354 0.5 1 0.3895146 0.9542354 0.3895146 0.9542354 0.34375 0.84375 0.34375 0.84375 0.3895146 0.9542354 0.34375 0.84375 0.3895146 0.7332646 0.3895146 0.7332646 0.5 0.6875 0.5 0.6875 0.3895146 0.7332646 0.5 0.6875 0.6104854 0.7332646 0.6104854 0.7332646 0.65625 0.84375 0.65625 0.84375 0.6104854 0.7332646 0.65625 0.84375 0.6104854 0.9542354 0.6104854 0.9542354 0.375 0.3125 0.40625 0.3125 0.40625 0.6884399 0.4375 0.3125 0.4375 0.6884399 0.40625 0.6884399 0.4375 0.3125 0.46875 0.3125 0.46875 0.6884399 0.46875 0.3125 0.5 0.3125 0.5 0.6884399 0.53125 0.3125 0.53125 0.6884399 0.5 0.6884399 0.53125 0.3125 0.5625 0.3125 0.5625 0.6884399 0.59375 0.3125 0.59375 0.6884399 0.5625 0.6884399 0.625 0.3125 0.625 0.6884399 0.59375 0.6884399 0.5 0 0.6104854 0.04576456 0.3895146 0.04576456 0.6104854 0.04576456 0.65625 0.15625 0.3895146 0.04576456 0.65625 0.15625 0.6104854 0.2667354 0.5 0.3125 0.5 0.3125 0.3895146 0.2667354 0.34375 0.15625 0.34375 0.15625 0.3895146 0.04576456 0.65625 0.15625 0.65625 0.84375 0.6104854 0.9542354 0.3895146 0.9542354 0.6104854 0.9542354 0.5 1 0.3895146 0.9542354 0.3895146 0.9542354 0.34375 0.84375 0.65625 0.84375 0.34375 0.84375 0.3895146 0.7332646 0.5 0.6875 0.5 0.6875 0.6104854 0.7332646 0.65625 0.84375 0.6104854 0.9542354 0.5 1 0.5 1 0.3895146 0.9542354 0.3895146 0.9542354 0.5 1 0.34375 0.84375 0.34375 0.84375 0.3895146 0.9542354 0.3895146 0.7332646 0.3895146 0.7332646 0.34375 0.84375 0.5 0.6875 0.5 0.6875 0.3895146 0.7332646 0.5 0.6875 0.6104854 0.7332646 0.6104854 0.7332646 0.6104854 0.7332646 0.65625 0.84375 0.65625 0.84375 0.65625 0.84375 0.6104854 0.9542354 0.6104854 0.9542354 0.5 1 0.5 1 0.6104854 0.9542354 0.5 1 0.3895146 0.9542354 0.3895146 0.9542354 0.3895146 0.9542354 0.34375 0.84375 0.34375 0.84375 0.34375 0.84375 0.3895146 0.7332646 0.3895146 0.7332646 0.3895146 0.7332646 0.5 0.6875 0.5 0.6875 0.6104854 0.7332646 0.6104854 0.7332646 0.5 0.6875 0.65625 0.84375 0.65625 0.84375 0.6104854 0.7332646 0.6104854 0.9542354 0.6104854 0.9542354 0.65625 0.84375 0.6104854 0.7332646 0.65625 0.84375 0.65625 0.84375 0.5 0.6875 0.6104854 0.7332646 0.6104854 0.7332646 0.5 0.6875 0.5 0.6875 0.3895146 0.7332646 0.3895146 0.7332646 0.3895146 0.7332646 0.34375 0.84375 0.34375 0.84375 0.34375 0.84375 0.3895146 0.9542354 0.5 1 0.3895146 0.9542354 0.3895146 0.9542354 0.5 1 0.5 1 0.6104854 0.9542354 0.65625 0.84375 0.6104854 0.9542354 0.6104854 0.9542354 0.65625 0.84375 0.65625 0.84375 0.6104854 0.7332646 0.6104854 0.7332646 0.6104854 0.7332646 0.5 0.6875 0.3895146 0.7332646 0.5 0.6875 0.5 0.6875 0.34375 0.84375 0.3895146 0.7332646 0.3895146 0.7332646 0.3895146 0.9542354 0.34375 0.84375 0.34375 0.84375 0.5 1 0.3895146 0.9542354 0.3895146 0.9542354 0.5 1 0.5 1 0.6104854 0.9542354 0.6104854 0.9542354 0.6104854 0.9542354 0.65625 0.84375 0.40625 0.3125 0.40625 0.6884399 0.375 0.6884399 0.40625 0.3125 0.4375 0.3125 0.4375 0.6884399 0.46875 0.3125 0.46875 0.6884399 0.4375 0.6884399 0.5 0.3125 0.5 0.6884399 0.46875 0.6884399 0.5 0.3125 0.53125 0.3125 0.53125 0.6884399 0.5625 0.3125 0.5625 0.6884399 0.53125 0.6884399 0.5625 0.3125 0.59375 0.3125 0.59375 0.6884399 0.625 0.3125 0.625 0.6884399 0.59375 0.6884399 0.5 0 0.6104854 0.04576456 0.65625 0.15625 0.65625 0.15625 0.6104854 0.2667354 0.3895146 0.2667354 0.6104854 0.2667354 0.5 0.3125 0.3895146 0.2667354 0.3895146 0.2667354 0.34375 0.15625 0.65625 0.15625 0.34375 0.15625 0.3895146 0.04576456 0.5 0 0.5 1 0.5 1 0.6104854 0.9542354 0.5 1 0.3895146 0.9542354 0.3895146 0.9542354 0.3895146 0.9542354 0.34375 0.84375 0.34375 0.84375 0.34375 0.84375 0.3895146 0.7332646 0.3895146 0.7332646 0.3895146 0.7332646 0.5 0.6875 0.5 0.6875 0.6104854 0.7332646 0.6104854 0.7332646 0.5 0.6875 0.65625 0.84375 0.65625 0.84375 0.6104854 0.7332646 0.6104854 0.9542354 0.6104854 0.9542354 0.65625 0.84375 0.5 1 0.5 1 0.6104854 0.9542354 0.5 1 0.3895146 0.9542354 0.3895146 0.9542354 0.3895146 0.9542354 0.34375 0.84375 0.34375 0.84375 0.34375 0.84375 0.3895146 0.7332646 0.3895146 0.7332646 0.3895146 0.7332646 0.5 0.6875 0.5 0.6875 0.6104854 0.7332646 0.6104854 0.7332646 0.5 0.6875 0.65625 0.84375 0.65625 0.84375 0.6104854 0.7332646 0.6104854 0.9542354 0.6104854 0.9542354 0.65625 0.84375 0.6104854 0.7332646 0.65625 0.84375 0.65625 0.84375 0.5 0.6875 0.6104854 0.7332646 0.6104854 0.7332646 0.5 0.6875 0.5 0.6875 0.3895146 0.7332646 0.3895146 0.7332646 0.3895146 0.7332646 0.34375 0.84375 0.34375 0.84375 0.34375 0.84375 0.3895146 0.9542354 0.3895146 0.9542354 0.3895146 0.9542354 0.5 1 0.6104854 0.9542354 0.5 1 0.5 1 0.65625 0.84375 0.6104854 0.9542354 0.6104854 0.9542354 0.6104854 0.7332646 0.65625 0.84375 0.65625 0.84375 0.5 0.6875 0.6104854 0.7332646 0.6104854 0.7332646 0.5 0.6875 0.5 0.6875 0.3895146 0.7332646 0.3895146 0.7332646 0.3895146 0.7332646 0.34375 0.84375 0.34375 0.84375 0.34375 0.84375 0.3895146 0.9542354 0.3895146 0.9542354 0.3895146 0.9542354 0.5 1 0.6104854 0.9542354 0.5 1 0.5 1 0.65625 0.84375 0.6104854 0.9542354 0.6104854 0.9542354 0.6104854 0.7332646 0.65625 0.84375 0.65625 0.84375 0.5 0.6875 0.6104854 0.7332646 0.6104854 0.7332646 0.5 0.6875 0.5 0.6875 0.3895146 0.7332646 0.3895146 0.7332646 0.3895146 0.7332646 0.34375 0.84375 0.34375 0.84375 0.34375 0.84375 0.3895146 0.9542354 0.3895146 0.9542354 0.3895146 0.9542354 0.5 1 0.6104854 0.9542354 0.5 1 0.5 1 0.65625 0.84375 0.6104854 0.9542354 0.6104854 0.9542354 0.6104854 0.9542354 0.5 1 0.3895146 0.9542354 0.3895146 0.9542354 0.34375 0.84375 0.6104854 0.9542354 0.34375 0.84375 0.3895146 0.7332646 0.6104854 0.9542354 0.3895146 0.7332646 0.5 0.6875 0.6104854 0.9542354 0.5 0.6875 0.6104854 0.7332646 0.6104854 0.9542354 0.40625 0.3125 0.40625 0.6884399 0.375 0.6884399 0.40625 0.3125 0.4375 0.3125 0.4375 0.6884399 0.46875 0.3125 0.46875 0.6884399 0.4375 0.6884399 0.5 0.3125 0.5 0.6884399 0.46875 0.6884399 0.53125 0.3125 0.53125 0.6884399 0.5 0.6884399 0.5625 0.3125 0.5625 0.6884399 0.53125 0.6884399 0.5625 0.3125 0.59375 0.3125 0.59375 0.6884399 0.59375 0.3125 0.625 0.3125 0.625 0.6884399 0.5 0 0.6104854 0.04576456 0.3895146 0.2667354 0.6104854 0.04576456 0.65625 0.15625 0.6104854 0.2667354 0.3895146 0.2667354 0.6104854 0.2667354 0.5 0.3125 0.6104854 0.04576456 0.6104854 0.2667354 0.3895146 0.2667354 0.3895146 0.2667354 0.34375 0.15625 0.5 0 0.65625 0.84375 0.6104854 0.9542354 0.34375 0.84375 0.6104854 0.9542354 0.5 1 0.34375 0.84375 0.5 1 0.3895146 0.9542354 0.34375 0.84375 0.34375 0.84375 0.3895146 0.7332646 0.65625 0.84375 0.3895146 0.7332646 0.5 0.6875 0.65625 0.84375 0.5 1 0.5 1 0.6104854 0.9542354 0.5 1 0.3895146 0.9542354 0.3895146 0.9542354 0.3895146 0.9542354 0.34375 0.84375 0.34375 0.84375 0.34375 0.84375 0.3895146 0.7332646 0.3895146 0.7332646 0.3895146 0.7332646 0.5 0.6875 0.5 0.6875 0.6104854 0.7332646 0.6104854 0.7332646 0.5 0.6875 0.65625 0.84375 0.65625 0.84375 0.6104854 0.7332646 0.6104854 0.9542354 0.6104854 0.9542354 0.65625 0.84375 0.6104854 0.9542354 0.5 1 0.5 1 0.3895146 0.9542354 0.3895146 0.9542354 0.5 1 0.34375 0.84375 0.34375 0.84375 0.3895146 0.9542354 0.3895146 0.7332646 0.3895146 0.7332646 0.34375 0.84375 0.5 0.6875 0.5 0.6875 0.3895146 0.7332646 0.5 0.6875 0.6104854 0.7332646 0.6104854 0.7332646 0.6104854 0.7332646 0.65625 0.84375 0.65625 0.84375 0.65625 0.84375 0.6104854 0.9542354 0.6104854 0.9542354 0.5 1 0.5 1 0.6104854 0.9542354 0.5 1 0.3895146 0.9542354 0.3895146 0.9542354 0.3895146 0.9542354 0.34375 0.84375 0.34375 0.84375 0.34375 0.84375 0.3895146 0.7332646 0.3895146 0.7332646 0.5 0.6875 0.5 0.6875 0.3895146 0.7332646 0.6104854 0.7332646 0.6104854 0.7332646 0.5 0.6875 0.6104854 0.7332646 0.65625 0.84375 0.65625 0.84375 0.65625 0.84375 0.6104854 0.9542354 0.6104854 0.9542354 0.375 0.3125 0.40625 0.3125 0.40625 0.6884399 0.4375 0.3125 0.4375 0.6884399 0.40625 0.6884399 0.4375 0.3125 0.46875 0.3125 0.46875 0.6884399 0.5 0.3125 0.5 0.6884399 0.46875 0.6884399 0.53125 0.3125 0.53125 0.6884399 0.5 0.6884399 0.53125 0.3125 0.5625 0.3125 0.5625 0.6884399 0.5625 0.3125 0.59375 0.3125 0.59375 0.6884399 0.625 0.3125 0.625 0.6884399 0.59375 0.6884399 0.5 0 0.6104854 0.04576456 0.3895146 0.04576456 0.6104854 0.04576456 0.65625 0.15625 0.34375 0.15625 0.65625 0.15625 0.6104854 0.2667354 0.5 0.3125 0.5 0.3125 0.3895146 0.2667354 0.34375 0.15625 0.34375 0.15625 0.3895146 0.04576456 0.6104854 0.04576456 0.65625 0.84375 0.6104854 0.9542354 0.5 1 0.5 1 0.3895146 0.9542354 0.65625 0.84375 0.3895146 0.9542354 0.34375 0.84375 0.65625 0.84375 0.34375 0.84375 0.3895146 0.7332646 0.5 0.6875 0.5 0.6875 0.6104854 0.7332646 0.34375 0.84375 0.6104854 0.9542354 0.5 1 0.5 1 0.3895146 0.9542354 0.3895146 0.9542354 0.5 1 0.34375 0.84375 0.34375 0.84375 0.3895146 0.9542354 0.3895146 0.7332646 0.3895146 0.7332646 0.34375 0.84375 0.5 0.6875 0.5 0.6875 0.3895146 0.7332646 0.5 0.6875 0.6104854 0.7332646 0.6104854 0.7332646 0.6104854 0.7332646 0.65625 0.84375 0.65625 0.84375 0.65625 0.84375 0.6104854 0.9542354 0.6104854 0.9542354 0.5 1 0.5 1 0.6104854 0.9542354 0.5 1 0.3895146 0.9542354 0.3895146 0.9542354 0.3895146 0.9542354 0.34375 0.84375 0.34375 0.84375 0.34375 0.84375 0.3895146 0.7332646 0.3895146 0.7332646 0.3895146 0.7332646 0.5 0.6875 0.5 0.6875 0.6104854 0.7332646 0.6104854 0.7332646 0.5 0.6875 0.65625 0.84375 0.65625 0.84375 0.6104854 0.7332646 0.6104854 0.9542354 0.6104854 0.9542354 0.65625 0.84375 0.5 1 0.5 1 0.6104854 0.9542354 0.5 1 0.3895146 0.9542354 0.3895146 0.9542354 0.3895146 0.9542354 0.34375 0.84375 0.34375 0.84375 0.34375 0.84375 0.3895146 0.7332646 0.3895146 0.7332646 0.3895146 0.7332646 0.5 0.6875 0.5 0.6875 0.6104854 0.7332646 0.6104854 0.7332646 0.5 0.6875 0.65625 0.84375 0.65625 0.84375 0.6104854 0.7332646 0.6104854 0.9542354 0.6104854 0.9542354 0.65625 0.84375 0.65625 0.84375 0.65625 0.84375 0.6104854 0.7332646 0.6104854 0.7332646 0.6104854 0.7332646 0.5 0.6875 0.3895146 0.7332646 0.5 0.6875 0.5 0.6875 0.34375 0.84375 0.3895146 0.7332646 0.3895146 0.7332646 0.3895146 0.9542354 0.34375 0.84375 0.34375 0.84375 0.5 1 0.3895146 0.9542354 0.3895146 0.9542354 0.5 1 0.5 1 0.6104854 0.9542354 0.6104854 0.9542354 0.6104854 0.9542354 0.65625 0.84375 0.6104854 0.7332646 0.65625 0.84375 0.65625 0.84375 0.5 0.6875 0.6104854 0.7332646 0.6104854 0.7332646 0.5 0.6875 0.5 0.6875 0.3895146 0.7332646 0.3895146 0.7332646 0.3895146 0.7332646 0.34375 0.84375 0.34375 0.84375 0.34375 0.84375 0.3895146 0.9542354 0.3895146 0.9542354 0.3895146 0.9542354 0.5 1 0.6104854 0.9542354 0.5 1 0.5 1 0.65625 0.84375 0.6104854 0.9542354 0.6104854 0.9542354 0.5 0.6875 0.6104854 0.7332646 0.6104854 0.7332646 0.5 0.6875 0.5 0.6875 0.3895146 0.7332646 0.3895146 0.7332646 0.3895146 0.7332646 0.34375 0.84375 0.34375 0.84375 0.34375 0.84375 0.3895146 0.9542354 0.3895146 0.9542354 0.3895146 0.9542354 0.5 1 0.6104854 0.9542354 0.5 1 0.5 1 0.65625 0.84375 0.6104854 0.9542354 0.6104854 0.9542354 0.6104854 0.7332646 0.65625 0.84375 0.65625 0.84375 0.375 0.3125 0.40625 0.3125 0.40625 0.6884399 0.4375 0.3125 0.4375 0.6884399 0.40625 0.6884399 0.4375 0.3125 0.46875 0.3125 0.46875 0.6884399 0.46875 0.3125 0.5 0.3125 0.5 0.6884399 0.5 0.3125 0.53125 0.3125 0.53125 0.6884399 0.5625 0.3125 0.5625 0.6884399 0.53125 0.6884399 0.59375 0.3125 0.59375 0.6884399 0.5625 0.6884399 0.625 0.3125 0.625 0.6884399 0.59375 0.6884399 0.5 0 0.6104854 0.04576456 0.65625 0.15625 0.65625 0.15625 0.6104854 0.2667354 0.34375 0.15625 0.6104854 0.2667354 0.5 0.3125 0.3895146 0.2667354 0.34375 0.15625 0.6104854 0.2667354 0.3895146 0.2667354 0.34375 0.15625 0.3895146 0.04576456 0.5 0 0.65625 0.84375 0.6104854 0.9542354 0.5 1 0.5 1 0.3895146 0.9542354 0.34375 0.84375 0.34375 0.84375 0.3895146 0.7332646 0.6104854 0.7332646 0.3895146 0.7332646 0.5 0.6875 0.6104854 0.7332646 0.6104854 0.7332646 0.65625 0.84375 0.34375 0.84375 0.5 1 0.5 1 0.6104854 0.9542354 0.5 1 0.3895146 0.9542354 0.3895146 0.9542354 0.3895146 0.9542354 0.34375 0.84375 0.34375 0.84375 0.34375 0.84375 0.3895146 0.7332646 0.3895146 0.7332646 0.3895146 0.7332646 0.5 0.6875 0.5 0.6875 0.6104854 0.7332646 0.6104854 0.7332646 0.5 0.6875 0.65625 0.84375 0.65625 0.84375 0.6104854 0.7332646 0.6104854 0.9542354 0.6104854 0.9542354 0.65625 0.84375 0.5 1 0.5 1 0.6104854 0.9542354 0.5 1 0.3895146 0.9542354 0.3895146 0.9542354 0.3895146 0.9542354 0.34375 0.84375 0.34375 0.84375 0.34375 0.84375 0.3895146 0.7332646 0.3895146 0.7332646 0.3895146 0.7332646 0.5 0.6875 0.5 0.6875 0.6104854 0.7332646 0.6104854 0.7332646 0.5 0.6875 0.65625 0.84375 0.65625 0.84375 0.6104854 0.7332646 0.6104854 0.9542354 0.6104854 0.9542354 0.65625 0.84375 0.5 1 0.5 1 0.6104854 0.9542354 0.5 1 0.3895146 0.9542354 0.3895146 0.9542354 0.34375 0.84375 0.34375 0.84375 0.3895146 0.9542354 0.3895146 0.7332646 0.3895146 0.7332646 0.34375 0.84375 0.5 0.6875 0.5 0.6875 0.3895146 0.7332646 0.5 0.6875 0.6104854 0.7332646 0.6104854 0.7332646 0.6104854 0.7332646 0.65625 0.84375 0.65625 0.84375 0.6104854 0.9542354 0.6104854 0.9542354 0.65625 0.84375 0.6104854 0.7332646 0.65625 0.84375 0.65625 0.84375 0.5 0.6875 0.6104854 0.7332646 0.6104854 0.7332646 0.5 0.6875 0.5 0.6875 0.3895146 0.7332646 0.3895146 0.7332646 0.3895146 0.7332646 0.34375 0.84375 0.34375 0.84375 0.34375 0.84375 0.3895146 0.9542354 0.3895146 0.9542354 0.3895146 0.9542354 0.5 1 0.6104854 0.9542354 0.5 1 0.5 1 0.65625 0.84375 0.6104854 0.9542354 0.6104854 0.9542354 0.6104854 0.7332646 0.6104854 0.7332646 0.5 0.6875 0.3895146 0.7332646 0.5 0.6875 0.5 0.6875 0.34375 0.84375 0.3895146 0.7332646 0.3895146 0.7332646 0.3895146 0.9542354 0.34375 0.84375 0.34375 0.84375 0.5 1 0.3895146 0.9542354 0.3895146 0.9542354 0.5 1 0.5 1 0.6104854 0.9542354 0.6104854 0.9542354 0.6104854 0.9542354 0.65625 0.84375 0.65625 0.84375 0.65625 0.84375 0.6104854 0.7332646 0.6104854 0.7332646 0.65625 0.84375 0.65625 0.84375 0.5 0.6875 0.6104854 0.7332646 0.6104854 0.7332646 0.5 0.6875 0.5 0.6875 0.3895146 0.7332646 0.3895146 0.7332646 0.3895146 0.7332646 0.34375 0.84375 0.34375 0.84375 0.34375 0.84375 0.3895146 0.9542354 0.5 1 0.3895146 0.9542354 0.3895146 0.9542354 0.5 1 0.5 1 0.6104854 0.9542354 0.65625 0.84375 0.6104854 0.9542354 0.6104854 0.9542354 0.40625 0.3125 0.40625 0.3398284 0.375 0.3398284 0.4375 0.3125 0.4375 0.3398284 0.40625 0.3398284 0.4375 0.3125 0.46875 0.3125 0.46875 0.3398284 0.46875 0.3125 0.5 0.3125 0.5 0.3398284 0.5 0.3125 0.53125 0.3125 0.53125 0.3398284 0.53125 0.3125 0.5625 0.3125 0.5625 0.3398284 0.59375 0.3125 0.59375 0.3398284 0.5625 0.3398284 0.625 0.3125 0.625 0.3398284 0.59375 0.3398284 0.5 1 0.5 1 0.6104854 0.9542354 0.5 1 0.3895146 0.9542354 0.3895146 0.9542354 0.3895146 0.9542354 0.34375 0.84375 0.34375 0.84375 0.34375 0.84375 0.3895146 0.7332646 0.3895146 0.7332646 0.3895146 0.7332646 0.5 0.6875 0.5 0.6875 0.6104854 0.7332646 0.6104854 0.7332646 0.5 0.6875 0.65625 0.84375 0.65625 0.84375 0.6104854 0.7332646 0.6104854 0.9542354 0.6104854 0.9542354 0.65625 0.84375 0.59375 0.4382487 0.59375 0.5637217 0.5625 0.5637217 0.5625 0.4382487 0.5625 0.5637217 0.53125 0.5637217 0.5 0.4382487 0.53125 0.4382487 0.53125 0.5637217 0.46875 0.4382487 0.5 0.4382487 0.5 0.5637217 0.4375 0.4382487 0.46875 0.4382487 0.46875 0.5637217 0.40625 0.4382487 0.4375 0.4382487 0.4375 0.5637217 0.40625 0.4382487 0.40625 0.5637217 0.375 0.5637217 0.625 0.4382487 0.625 0.5637217 0.59375 0.5637217 0.5625 0.5637217 0.59375 0.5637217 0.59375 0.6884399 0.53125 0.5637217 0.5625 0.5637217 0.5625 0.6884399 0.5 0.5637217 0.53125 0.5637217 0.53125 0.6884399 0.46875 0.5637217 0.5 0.5637217 0.5 0.6884399 0.46875 0.5637217 0.46875 0.6884399 0.4375 0.6884399 0.4375 0.5637217 0.4375 0.6884399 0.40625 0.6884399 0.40625 0.5637217 0.40625 0.6884399 0.375 0.6884399 0.625 0.5637217 0.625 0.6884399 0.59375 0.6884399 0.3895146 0.7332646 0.3895146 0.7332646 0.34375 0.84375 0.34375 0.84375 0.34375 0.84375 0.3895146 0.9542354 0.3895146 0.9542354 0.3895146 0.9542354 0.5 1 0.5 1 0.5 1 0.6104854 0.9542354 0.65625 0.84375 0.6104854 0.9542354 0.6104854 0.9542354 0.6104854 0.7332646 0.65625 0.84375 0.65625 0.84375 0.5 0.6875 0.6104854 0.7332646 0.6104854 0.7332646 0.3895146 0.7332646 0.5 0.6875 0.5 0.6875 0.40625 0.3125 0.40625 0.6884399 0.375 0.6884399 0.40625 0.3125 0.4375 0.3125 0.4375 0.6884399 0.4375 0.3125 0.46875 0.3125 0.46875 0.6884399 0.5 0.3125 0.5 0.6884399 0.46875 0.6884399 0.5 0.3125 0.53125 0.3125 0.53125 0.6884399 0.53125 0.3125 0.5625 0.3125 0.5625 0.6884399 0.59375 0.3125 0.59375 0.6884399 0.5625 0.6884399 0.59375 0.3125 0.625 0.3125 0.625 0.6884399 0.5 0 0.6104854 0.04576456 0.34375 0.15625 0.6104854 0.04576456 0.65625 0.15625 0.6104854 0.2667354 0.34375 0.15625 0.6104854 0.04576456 0.5 0.3125 0.6104854 0.2667354 0.5 0.3125 0.6104854 0.04576456 0.5 0.3125 0.3895146 0.2667354 0.34375 0.15625 0.65625 0.84375 0.6104854 0.9542354 0.5 1 0.5 1 0.3895146 0.9542354 0.34375 0.84375 0.34375 0.84375 0.3895146 0.7332646 0.5 0.6875 0.5 0.6875 0.6104854 0.7332646 0.65625 0.84375 0.65625 0.84375 0.5 1 0.5 0.6875 0.6104854 0.9542354 0.5 1 0.5 1 0.3895146 0.9542354 0.3895146 0.9542354 0.5 1 0.34375 0.84375 0.34375 0.84375 0.3895146 0.9542354 0.3895146 0.7332646 0.3895146 0.7332646 0.34375 0.84375 0.5 0.6875 0.5 0.6875 0.3895146 0.7332646 0.5 0.6875 0.6104854 0.7332646 0.6104854 0.7332646 0.6104854 0.7332646 0.65625 0.84375 0.65625 0.84375 0.65625 0.84375 0.6104854 0.9542354 0.6104854 0.9542354 0.5 1 0.5 1 0.6104854 0.9542354 0.5 1 0.3895146 0.9542354 0.3895146 0.9542354 0.3895146 0.9542354 0.34375 0.84375 0.34375 0.84375 0.34375 0.84375 0.3895146 0.7332646 0.3895146 0.7332646 0.3895146 0.7332646 0.5 0.6875 0.5 0.6875 0.6104854 0.7332646 0.6104854 0.7332646 0.5 0.6875 0.65625 0.84375 0.65625 0.84375 0.6104854 0.7332646 0.6104854 0.9542354 0.6104854 0.9542354 0.65625 0.84375 0.6104854 0.7332646 0.65625 0.84375 0.65625 0.84375 0.5 0.6875 0.6104854 0.7332646 0.6104854 0.7332646 0.5 0.6875 0.5 0.6875 0.3895146 0.7332646 0.3895146 0.7332646 0.3895146 0.7332646 0.34375 0.84375 0.34375 0.84375 0.34375 0.84375 0.3895146 0.9542354 0.3895146 0.9542354 0.3895146 0.9542354 0.5 1 0.6104854 0.9542354 0.5 1 0.5 1 0.65625 0.84375 0.6104854 0.9542354 0.6104854 0.9542354 0.65625 0.84375 0.65625 0.84375 0.6104854 0.7332646 0.6104854 0.7332646 0.6104854 0.7332646 0.5 0.6875 0.3895146 0.7332646 0.5 0.6875 0.5 0.6875 0.34375 0.84375 0.3895146 0.7332646 0.3895146 0.7332646 0.3895146 0.9542354 0.34375 0.84375 0.34375 0.84375 0.5 1 0.3895146 0.9542354 0.3895146 0.9542354 0.5 1 0.5 1 0.6104854 0.9542354 0.6104854 0.9542354 0.6104854 0.9542354 0.65625 0.84375 0.375 0.3125 0.40625 0.3125 0.40625 0.6884399 0.4375 0.3125 0.4375 0.6884399 0.40625 0.6884399 0.4375 0.3125 0.46875 0.3125 0.46875 0.6884399 0.5 0.3125 0.5 0.6884399 0.46875 0.6884399 0.5 0.3125 0.53125 0.3125 0.53125 0.6884399 0.5625 0.3125 0.5625 0.6884399 0.53125 0.6884399 0.5625 0.3125 0.59375 0.3125 0.59375 0.6884399 0.625 0.3125 0.625 0.6884399 0.59375 0.6884399 0.5 0 0.6104854 0.04576456 0.65625 0.15625 0.65625 0.15625 0.6104854 0.2667354 0.34375 0.15625 0.6104854 0.2667354 0.5 0.3125 0.3895146 0.2667354 0.34375 0.15625 0.6104854 0.2667354 0.3895146 0.2667354 0.34375 0.15625 0.3895146 0.04576456 0.5 0 0.65625 0.84375 0.6104854 0.9542354 0.5 1 0.5 1 0.3895146 0.9542354 0.34375 0.84375 0.34375 0.84375 0.3895146 0.7332646 0.5 0.6875 0.5 0.6875 0.6104854 0.7332646 0.65625 0.84375 0.65625 0.84375 0.5 1 0.5 0.6875 0.5 1 0.5 1 0.6104854 0.9542354 0.5 1 0.3895146 0.9542354 0.3895146 0.9542354 0.3895146 0.9542354 0.34375 0.84375 0.34375 0.84375 0.34375 0.84375 0.3895146 0.7332646 0.3895146 0.7332646 0.3895146 0.7332646 0.5 0.6875 0.5 0.6875 0.6104854 0.7332646 0.6104854 0.7332646 0.5 0.6875 0.65625 0.84375 0.65625 0.84375 0.6104854 0.7332646 0.6104854 0.9542354 0.6104854 0.9542354 0.65625 0.84375 0.6104854 0.9542354 0.5 1 0.5 1 0.3895146 0.9542354 0.3895146 0.9542354 0.5 1 0.34375 0.84375 0.34375 0.84375 0.3895146 0.9542354 0.3895146 0.7332646 0.3895146 0.7332646 0.34375 0.84375 0.5 0.6875 0.5 0.6875 0.3895146 0.7332646 0.5 0.6875 0.6104854 0.7332646 0.6104854 0.7332646 0.6104854 0.7332646 0.65625 0.84375 0.65625 0.84375 0.65625 0.84375 0.6104854 0.9542354 0.6104854 0.9542354 0.6104854 0.9542354 0.5 1 0.5 1 0.3895146 0.9542354 0.3895146 0.9542354 0.5 1 0.34375 0.84375 0.34375 0.84375 0.3895146 0.9542354 0.3895146 0.7332646 0.3895146 0.7332646 0.34375 0.84375 0.5 0.6875 0.5 0.6875 0.3895146 0.7332646 0.5 0.6875 0.6104854 0.7332646 0.6104854 0.7332646 0.6104854 0.7332646 0.65625 0.84375 0.65625 0.84375 0.65625 0.84375 0.6104854 0.9542354 0.6104854 0.9542354 0.65625 0.84375 0.65625 0.84375 0.6104854 0.7332646 0.6104854 0.7332646 0.6104854 0.7332646 0.5 0.6875 0.3895146 0.7332646 0.5 0.6875 0.5 0.6875 0.34375 0.84375 0.3895146 0.7332646 0.3895146 0.7332646 0.3895146 0.9542354 0.34375 0.84375 0.34375 0.84375 0.5 1 0.3895146 0.9542354 0.3895146 0.9542354 0.5 1 0.5 1 0.6104854 0.9542354 0.6104854 0.9542354 0.6104854 0.9542354 0.65625 0.84375 0.5 0.3125 0.5 0.3125 0.5 0.6884399 0.5625 0.3125 0.5625 0.6884399 0.5625 0.6884399 0.65625 0.15625 0.65625 0.15625 0.6104854 0.04576456 0.6104854 0.2667354 0.6104854 0.2667354 0.65625 0.15625 0.3895146 0.2667354 0.34375 0.15625 0.34375 0.15625 0.3895146 0.04576456 0.3895146 0.04576456 0.34375 0.15625 0.5 0 0.5 0 0.3895146 0.04576456 0.5 0 0.6104854 0.04576456 0.6104854 0.04576456 0.5 1 0.5 1 0.6104854 0.9542354 0.5 1 0.3895146 0.9542354 0.3895146 0.9542354 0.3895146 0.9542354 0.34375 0.84375 0.34375 0.84375 0.34375 0.84375 0.3895146 0.7332646 0.3895146 0.7332646 0.65625 0.84375 0.65625 0.84375 0.6104854 0.7332646 0.6104854 0.9542354 0.6104854 0.9542354 0.65625 0.84375 0.3895146 0.7332646 0.3895146 0.7332646 0.3895146 0.7332646 0.6104854 0.7332646 0.6104854 0.7332646 0.6104854 0.7332646 0.3895146 0.7332646 0.3895146 0.7332646 0.3895146 0.7332646 0.6104854 0.7332646 0.6104854 0.7332646 0.6104854 0.7332646 0.3895146 0.7332646 0.3895146 0.7332646 0.3895146 0.7332646 0.6104854 0.7332646 0.6104854 0.7332646 0.6104854 0.7332646 0.6104854 0.7332646 0.6104854 0.7332646 0.6104854 0.7332646 0.3895146 0.7332646 0.3895146 0.7332646 0.3895146 0.7332646 0.6104854 0.7332646 0.6104854 0.7332646 0.6104854 0.7332646 0.3895146 0.7332646 0.3895146 0.7332646 0.3895146 0.7332646 0.6104854 0.7332646 0.6104854 0.7332646 0.6104854 0.7332646 0.3895146 0.7332646 0.3895146 0.7332646 0.3895146 0.7332646 0.375 0.3125 0.375 0.3125 0.375 0.6884399 0.4375 0.3125 0.4375 0.6884399 0.4375 0.6884399 0.6104854 0.04576456 0.65625 0.15625 0.65625 0.15625 0.65625 0.15625 0.6104854 0.2667354 0.6104854 0.2667354 0.6104854 0.2667354 0.5 0.3125 0.5 0.3125 0.3895146 0.2667354 0.3895146 0.2667354 0.5 0.3125 0.34375 0.15625 0.34375 0.15625 0.3895146 0.2667354 0.3895146 0.04576456 0.3895146 0.04576456 0.34375 0.15625 0.34375 0.84375 0.34375 0.84375 0.3895146 0.9542354 0.34375 0.84375 0.3895146 0.7332646 0.3895146 0.7332646 0.5 0.6875 0.5 0.6875 0.3895146 0.7332646 0.5 0.6875 0.6104854 0.7332646 0.6104854 0.7332646 0.65625 0.84375 0.65625 0.84375 0.6104854 0.7332646 0.65625 0.84375 0.6104854 0.9542354 0.6104854 0.9542354 0.6104854 0.9542354 0.6104854 0.9542354 0.6104854 0.9542354 0.3895146 0.9542354 0.3895146 0.9542354 0.3895146 0.9542354 0.6104854 0.9542354 0.6104854 0.9542354 0.6104854 0.9542354 0.3895146 0.9542354 0.3895146 0.9542354 0.3895146 0.9542354 0.3895146 0.9542354 0.3895146 0.9542354 0.3895146 0.9542354 0.6104854 0.9542354 0.6104854 0.9542354 0.6104854 0.9542354 0.3895146 0.9542354 0.3895146 0.9542354 0.3895146 0.9542354 0.6104854 0.9542354 0.6104854 0.9542354 0.6104854 0.9542354 0.5 0.3125 0.5 0.3125 0.5 0.6884399 0.5625 0.3125 0.5625 0.6884399 0.5625 0.6884399 0.6104854 0.04576456 0.65625 0.15625 0.65625 0.15625 0.6104854 0.2667354 0.6104854 0.2667354 0.65625 0.15625 0.3895146 0.2667354 0.34375 0.15625 0.34375 0.15625 0.3895146 0.04576456 0.3895146 0.04576456 0.34375 0.15625 0.5 0 0.5 0 0.3895146 0.04576456 0.5 0 0.6104854 0.04576456 0.6104854 0.04576456 0.3895146 0.7332646 0.3895146 0.7332646 0.3895146 0.7332646 0.6104854 0.7332646 0.6104854 0.7332646 0.6104854 0.7332646 0.3895146 0.7332646 0.3895146 0.7332646 0.3895146 0.7332646 0.6104854 0.7332646 0.6104854 0.7332646 0.6104854 0.7332646 0.6104854 0.7332646 0.6104854 0.7332646 0.6104854 0.7332646 0.3895146 0.7332646 0.3895146 0.7332646 0.3895146 0.7332646 0.6104854 0.7332646 0.6104854 0.7332646 0.6104854 0.7332646 0.5 0.6875 0.5 0.6875 0.6104854 0.7332646 0.5 0.6875 0.3895146 0.7332646 0.3895146 0.7332646 0.3895146 0.7332646 0.3895146 0.7332646 0.3895146 0.7332646 0.6104854 0.7332646 0.6104854 0.7332646 0.6104854 0.7332646 0.3895146 0.7332646 0.3895146 0.7332646 0.3895146 0.7332646 0.5 0.3125 0.5 0.3125 0.5 0.6884399 0.5625 0.3125 0.5625 0.6884399 0.5625 0.6884399 0.6104854 0.04576456 0.65625 0.15625 0.65625 0.15625 0.6104854 0.2667354 0.6104854 0.2667354 0.65625 0.15625 0.3895146 0.2667354 0.34375 0.15625 0.34375 0.15625 0.3895146 0.04576456 0.3895146 0.04576456 0.34375 0.15625 0.5 0 0.5 0 0.3895146 0.04576456 0.5 0 0.6104854 0.04576456 0.6104854 0.04576456 0.3895146 0.7332646 0.3895146 0.7332646 0.3895146 0.7332646 0.6104854 0.7332646 0.6104854 0.7332646 0.6104854 0.7332646 0.3895146 0.7332646 0.3895146 0.7332646 0.3895146 0.7332646 0.6104854 0.7332646 0.6104854 0.7332646 0.6104854 0.7332646 0.6104854 0.7332646 0.6104854 0.7332646 0.6104854 0.7332646 0.3895146 0.7332646 0.3895146 0.7332646 0.3895146 0.7332646 0.6104854 0.7332646 0.6104854 0.7332646 0.6104854 0.7332646 0.5 0.6875 0.5 0.6875 0.6104854 0.7332646 0.5 0.6875 0.3895146 0.7332646 0.3895146 0.7332646 0.3895146 0.7332646 0.3895146 0.7332646 0.3895146 0.7332646 0.6104854 0.7332646 0.6104854 0.7332646 0.6104854 0.7332646 0.3895146 0.7332646 0.3895146 0.7332646 0.3895146 0.7332646 0.4375 0.3125 0.4375 0.6884399 0.4375 0.6884399 0.40625 0.3125 0.40625 0.3125 0.40625 0.6884399 0.65625 0.15625 0.65625 0.15625 0.6104854 0.04576456 0.6104854 0.2667354 0.6104854 0.2667354 0.65625 0.15625 0.5 0.3125 0.5 0.3125 0.6104854 0.2667354 0.5 0.3125 0.3895146 0.2667354 0.3895146 0.2667354 0.3895146 0.2667354 0.34375 0.15625 0.34375 0.15625 0.3895146 0.04576456 0.3895146 0.04576456 0.34375 0.15625 0.5 0 0.6104854 0.04576456 0.6104854 0.04576456 0.5 1 0.5 1 0.6104854 0.9542354 0.6104854 0.9542354 0.6104854 0.9542354 0.6104854 0.9542354 0.3895146 0.9542354 0.3895146 0.9542354 0.3895146 0.9542354 0.6104854 0.9542354 0.6104854 0.9542354 0.6104854 0.9542354 0.3895146 0.9542354 0.3895146 0.9542354 0.3895146 0.9542354 0.3895146 0.9542354 0.3895146 0.9542354 0.3895146 0.9542354 0.5 1 0.5 1 0.3895146 0.9542354 0.5 1 0.6104854 0.9542354 0.6104854 0.9542354 0.6104854 0.9542354 0.6104854 0.9542354 0.6104854 0.9542354 0.3895146 0.9542354 0.3895146 0.9542354 0.3895146 0.9542354 0.6104854 0.9542354 0.6104854 0.9542354 0.6104854 0.9542354 0.375 0.3125 0.375 0.3125 0.375 0.6884399 0.4375 0.3125 0.4375 0.6884399 0.4375 0.6884399 0.6104854 0.04576456 0.65625 0.15625 0.65625 0.15625 0.65625 0.15625 0.6104854 0.2667354 0.6104854 0.2667354 0.6104854 0.2667354 0.5 0.3125 0.5 0.3125 0.3895146 0.2667354 0.3895146 0.2667354 0.5 0.3125 0.34375 0.15625 0.34375 0.15625 0.3895146 0.2667354 0.3895146 0.04576456 0.3895146 0.04576456 0.34375 0.15625 0.6104854 0.9542354 0.6104854 0.9542354 0.6104854 0.9542354 0.3895146 0.9542354 0.3895146 0.9542354 0.3895146 0.9542354 0.6104854 0.9542354 0.6104854 0.9542354 0.6104854 0.9542354 0.3895146 0.9542354 0.3895146 0.9542354 0.3895146 0.9542354 0.5 1 0.6104854 0.9542354 0.6104854 0.9542354 0.6104854 0.9542354 0.6104854 0.9542354 0.6104854 0.9542354 0.3895146 0.9542354 0.3895146 0.9542354 0.3895146 0.9542354 0.5 1 0.5 1 0.3895146 0.9542354 0.40625 0.3125 0.40625 0.3125 0.40625 0.6884399 0.46875 0.3125 0.46875 0.6884399 0.46875 0.6884399 0.6104854 0.04576456 0.65625 0.15625 0.65625 0.15625 0.65625 0.15625 0.6104854 0.2667354 0.6104854 0.2667354 0.6104854 0.2667354 0.5 0.3125 0.5 0.3125 0.3895146 0.2667354 0.3895146 0.2667354 0.5 0.3125 0.34375 0.15625 0.34375 0.15625 0.3895146 0.2667354 0.5 0 0.6104854 0.04576456 0.6104854 0.04576456 0.5 1 0.5 1 0.5 1 0.34375 0.84375 0.34375 0.84375 0.34375 0.84375 0.5 1 0.5 1 0.5 1 0.34375 0.84375 0.34375 0.84375 0.34375 0.84375 0.3895146 0.9542354 0.5 1 0.5 1 0.5 1 0.5 1 0.5 1 0.34375 0.84375 0.34375 0.84375 0.34375 0.84375 0.3895146 0.9542354 0.3895146 0.9542354 0.34375 0.84375 0.5 0.3125 0.5 0.3125 0.5 0.6884399 0.5625 0.3125 0.5625 0.6884399 0.5625 0.6884399 0.6104854 0.04576456 0.65625 0.15625 0.65625 0.15625 0.6104854 0.2667354 0.6104854 0.2667354 0.65625 0.15625 0.3895146 0.2667354 0.34375 0.15625 0.34375 0.15625 0.34375 0.15625 0.3895146 0.04576456 0.3895146 0.04576456 0.3895146 0.04576456 0.5 0 0.5 0 0.6104854 0.04576456 0.6104854 0.04576456 0.5 0 0.5 1 0.5 1 0.6104854 0.9542354 0.3895146 0.9542354 0.3895146 0.9542354 0.5 1 0.3895146 0.9542354 0.34375 0.84375 0.34375 0.84375 0.34375 0.84375 0.3895146 0.7332646 0.3895146 0.7332646 0.65625 0.84375 0.65625 0.84375 0.6104854 0.7332646 0.65625 0.84375 0.6104854 0.9542354 0.6104854 0.9542354 0.3895146 0.7332646 0.3895146 0.7332646 0.3895146 0.7332646 0.6104854 0.7332646 0.6104854 0.7332646 0.6104854 0.7332646 0.3895146 0.7332646 0.3895146 0.7332646 0.3895146 0.7332646 0.6104854 0.7332646 0.6104854 0.7332646 0.6104854 0.7332646 0.3895146 0.7332646 0.3895146 0.7332646 0.3895146 0.7332646 0.6104854 0.7332646 0.6104854 0.7332646 0.6104854 0.7332646 0.6104854 0.7332646 0.6104854 0.7332646 0.6104854 0.7332646 0.3895146 0.7332646 0.3895146 0.7332646 0.3895146 0.7332646 0.53125 0.3125 0.53125 0.3125 0.53125 0.6884399 0.59375 0.3125 0.59375 0.6884399 0.59375 0.6884399 0.65625 0.15625 0.65625 0.15625 0.6104854 0.04576456 0.5 0.3125 0.3895146 0.2667354 0.3895146 0.2667354 0.3895146 0.2667354 0.34375 0.15625 0.34375 0.15625 0.34375 0.15625 0.3895146 0.04576456 0.3895146 0.04576456 0.3895146 0.04576456 0.5 0 0.5 0 0.6104854 0.04576456 0.6104854 0.04576456 0.5 0 0.5 0.6875 0.5 0.6875 0.5 0.6875 0.65625 0.84375 0.65625 0.84375 0.65625 0.84375 0.5 0.6875 0.5 0.6875 0.5 0.6875 0.65625 0.84375 0.65625 0.84375 0.65625 0.84375 0.6104854 0.7332646 0.5 0.6875 0.5 0.6875 0.5 0.6875 0.5 0.6875 0.5 0.6875 0.65625 0.84375 0.65625 0.84375 0.65625 0.84375 0.6104854 0.7332646 0.6104854 0.7332646 0.65625 0.84375 0.65625 0.84375 0.65625 0.84375 0.65625 0.84375 0.5 0.6875 0.5 0.6875 0.5 0.6875 0.5 1 0.3895146 0.9542354 0.3895146 0.9542354 0.3895146 0.9542354 0.3895146 0.9542354 0.3895146 0.9542354 0.5 1 0.5 1 0.3895146 0.9542354 0.5 1 0.5 1 0.6104854 0.9542354 0.5 1 0.6104854 0.9542354 0.6104854 0.9542354 0.6104854 0.9542354 0.6104854 0.9542354 0.6104854 0.9542354 0.53125 0.3125 0.53125 0.3125 0.53125 0.6884399 0.59375 0.3125 0.59375 0.6884399 0.59375 0.6884399 0.65625 0.15625 0.65625 0.15625 0.6104854 0.04576456 0.5 0.3125 0.3895146 0.2667354 0.3895146 0.2667354 0.3895146 0.2667354 0.34375 0.15625 0.34375 0.15625 0.34375 0.15625 0.3895146 0.04576456 0.3895146 0.04576456 0.5 0 0.5 0 0.3895146 0.04576456 0.5 0 0.6104854 0.04576456 0.6104854 0.04576456 0.5 0.6875 0.5 0.6875 0.5 0.6875 0.65625 0.84375 0.65625 0.84375 0.65625 0.84375 0.5 0.6875 0.5 0.6875 0.5 0.6875 0.65625 0.84375 0.65625 0.84375 0.65625 0.84375 0.6104854 0.7332646 0.5 0.6875 0.5 0.6875 0.5 0.6875 0.5 0.6875 0.5 0.6875 0.65625 0.84375 0.65625 0.84375 0.65625 0.84375 0.6104854 0.7332646 0.6104854 0.7332646 0.65625 0.84375 0.65625 0.84375 0.65625 0.84375 0.65625 0.84375 0.5 0.6875 0.5 0.6875 0.5 0.6875 0.5 0.6875 0.5 0.6875 0.5 0.6875 0.65625 0.84375 0.65625 0.84375 0.65625 0.84375 0.65625 0.84375 0.65625 0.84375 0.65625 0.84375 0.5 0.6875 0.5 0.6875 0.5 0.6875 0.375 0.3125 0.375 0.3125 0.375 0.6884399 0.4375 0.3125 0.4375 0.6884399 0.4375 0.6884399 0.6104854 0.04576456 0.65625 0.15625 0.65625 0.15625 0.65625 0.15625 0.6104854 0.2667354 0.6104854 0.2667354 0.6104854 0.2667354 0.5 0.3125 0.5 0.3125 0.5 0.3125 0.3895146 0.2667354 0.3895146 0.2667354 0.34375 0.15625 0.34375 0.15625 0.3895146 0.2667354 0.3895146 0.04576456 0.3895146 0.04576456 0.34375 0.15625 0.6104854 0.9542354 0.6104854 0.9542354 0.6104854 0.9542354 0.3895146 0.9542354 0.3895146 0.9542354 0.3895146 0.9542354 0.6104854 0.9542354 0.6104854 0.9542354 0.6104854 0.9542354 0.3895146 0.9542354 0.3895146 0.9542354 0.3895146 0.9542354 0.3895146 0.9542354 0.3895146 0.9542354 0.3895146 0.9542354 0.6104854 0.9542354 0.6104854 0.9542354 0.6104854 0.9542354 0.3895146 0.9542354 0.3895146 0.9542354 0.3895146 0.9542354 0.3895146 0.9542354 0.5 1 0.5 1 0.5 1 0.6104854 0.9542354 0.6104854 0.9542354 0.6104854 0.9542354 0.6104854 0.9542354 0.6104854 0.9542354 0.3895146 0.9542354 0.3895146 0.9542354 0.3895146 0.9542354 0.6104854 0.9542354 0.6104854 0.9542354 0.6104854 0.9542354 0.5 0.3125 0.5 0.3125 0.5 0.6884399 0.5625 0.3125 0.5625 0.6884399 0.5625 0.6884399 0.65625 0.15625 0.65625 0.15625 0.6104854 0.04576456 0.6104854 0.2667354 0.6104854 0.2667354 0.65625 0.15625 0.3895146 0.2667354 0.34375 0.15625 0.34375 0.15625 0.3895146 0.04576456 0.3895146 0.04576456 0.34375 0.15625 0.5 0 0.5 0 0.3895146 0.04576456 0.6104854 0.04576456 0.6104854 0.04576456 0.5 0 0.5 1 0.5 1 0.6104854 0.9542354 0.3895146 0.9542354 0.3895146 0.9542354 0.5 1 0.34375 0.84375 0.34375 0.84375 0.3895146 0.9542354 0.34375 0.84375 0.3895146 0.7332646 0.3895146 0.7332646 0.65625 0.84375 0.65625 0.84375 0.6104854 0.7332646 0.65625 0.84375 0.6104854 0.9542354 0.6104854 0.9542354 0.3895146 0.7332646 0.3895146 0.7332646 0.3895146 0.7332646 0.6104854 0.7332646 0.6104854 0.7332646 0.6104854 0.7332646 0.3895146 0.7332646 0.3895146 0.7332646 0.3895146 0.7332646 0.6104854 0.7332646 0.6104854 0.7332646 0.6104854 0.7332646 0.3895146 0.7332646 0.3895146 0.7332646 0.3895146 0.7332646 0.6104854 0.7332646 0.6104854 0.7332646 0.6104854 0.7332646 0.6104854 0.7332646 0.6104854 0.7332646 0.6104854 0.7332646 0.3895146 0.7332646 0.3895146 0.7332646 0.3895146 0.7332646 0.5 0.3125 0.5 0.3125 0.5 0.6884399 0.5625 0.3125 0.5625 0.6884399 0.5625 0.6884399 0.65625 0.15625 0.65625 0.15625 0.6104854 0.04576456 0.6104854 0.2667354 0.6104854 0.2667354 0.65625 0.15625 0.3895146 0.2667354 0.34375 0.15625 0.34375 0.15625 0.34375 0.15625 0.3895146 0.04576456 0.3895146 0.04576456 0.3895146 0.04576456 0.5 0 0.5 0 0.5 0 0.6104854 0.04576456 0.6104854 0.04576456 0.3895146 0.7332646 0.3895146 0.7332646 0.3895146 0.7332646 0.6104854 0.7332646 0.6104854 0.7332646 0.6104854 0.7332646 0.3895146 0.7332646 0.3895146 0.7332646 0.3895146 0.7332646 0.6104854 0.7332646 0.6104854 0.7332646 0.6104854 0.7332646 0.5 0.6875 0.3895146 0.7332646 0.3895146 0.7332646 0.3895146 0.7332646 0.3895146 0.7332646 0.3895146 0.7332646 0.6104854 0.7332646 0.6104854 0.7332646 0.6104854 0.7332646 0.5 0.6875 0.5 0.6875 0.6104854 0.7332646 0.6104854 0.7332646 0.6104854 0.7332646 0.6104854 0.7332646 0.3895146 0.7332646 0.3895146 0.7332646 0.3895146 0.7332646 0.40625 0.3125 0.40625 0.3125 0.40625 0.6884399 0.46875 0.3125 0.46875 0.6884399 0.46875 0.6884399 0.65625 0.15625 0.65625 0.15625 0.6104854 0.04576456 0.6104854 0.2667354 0.6104854 0.2667354 0.65625 0.15625 0.6104854 0.2667354 0.5 0.3125 0.5 0.3125 0.3895146 0.2667354 0.3895146 0.2667354 0.5 0.3125 0.34375 0.15625 0.34375 0.15625 0.3895146 0.2667354 0.5 0 0.6104854 0.04576456 0.6104854 0.04576456 0.5 1 0.5 1 0.5 1 0.34375 0.84375 0.34375 0.84375 0.34375 0.84375 0.5 1 0.5 1 0.5 1 0.34375 0.84375 0.34375 0.84375 0.34375 0.84375 0.5 1 0.5 1 0.5 1 0.34375 0.84375 0.34375 0.84375 0.34375 0.84375 0.34375 0.84375 0.34375 0.84375 0.34375 0.84375 0.5 1 0.5 1 0.5 1 0.34375 0.84375 0.34375 0.84375 0.34375 0.84375 0.5 1 0.5 1 0.5 1 0.34375 0.84375 0.34375 0.84375 0.34375 0.84375 0.3895146 0.9542354 0.3895146 0.9542354 0.34375 0.84375 0.3895146 0.9542354 0.5 1 0.5 1 0.5 1 0.5 1 0.5 1 0.375 0.3125 0.375 0.3125 0.375 0.6884399 0.4375 0.3125 0.4375 0.6884399 0.4375 0.6884399 0.6104854 0.04576456 0.65625 0.15625 0.65625 0.15625 0.6104854 0.2667354 0.6104854 0.2667354 0.65625 0.15625 0.5 0.3125 0.5 0.3125 0.6104854 0.2667354 0.5 0.3125 0.3895146 0.2667354 0.3895146 0.2667354 0.3895146 0.2667354 0.34375 0.15625 0.34375 0.15625 0.3895146 0.04576456 0.3895146 0.04576456 0.34375 0.15625 0.6104854 0.9542354 0.6104854 0.9542354 0.6104854 0.9542354 0.3895146 0.9542354 0.3895146 0.9542354 0.3895146 0.9542354 0.6104854 0.9542354 0.6104854 0.9542354 0.6104854 0.9542354 0.3895146 0.9542354 0.3895146 0.9542354 0.3895146 0.9542354 0.6104854 0.9542354 0.6104854 0.9542354 0.6104854 0.9542354 0.3895146 0.9542354 0.3895146 0.9542354 0.3895146 0.9542354 0.3895146 0.9542354 0.3895146 0.9542354 0.3895146 0.9542354 0.6104854 0.9542354 0.6104854 0.9542354 0.6104854 0.9542354 0.3895146 0.9542354 0.3895146 0.9542354 0.3895146 0.9542354 0.6104854 0.9542354 0.6104854 0.9542354 0.6104854 0.9542354 0.3895146 0.9542354 0.3895146 0.9542354 0.3895146 0.9542354 0.5 1 0.5 1 0.3895146 0.9542354 0.5 1 0.6104854 0.9542354 0.6104854 0.9542354 0.6104854 0.9542354 0.6104854 0.9542354 0.6104854 0.9542354 0.4375 0.3398284 0.4375 0.4382487 0.40625 0.4382487 0.375 0.3398284 0.40625 0.3398284 0.40625 0.4382487 0.59375 0.3398284 0.625 0.3398284 0.625 0.4382487 0.5625 0.3398284 0.59375 0.3398284 0.59375 0.4382487 0.53125 0.3398284 0.5625 0.3398284 0.5625 0.4382487 0.5 0.3398284 0.53125 0.3398284 0.53125 0.4382487 0.5 0.3398284 0.5 0.4382487 0.46875 0.4382487 0.46875 0.3398284 0.46875 0.4382487 0.4375 0.4382487 0.6104854 0.04576456 0.6104854 0.04576456 0.5 0 0.5 0 0.5 0 0.3895146 0.04576456 0.3895146 0.04576456 0.3895146 0.04576456 0.34375 0.15625 0.34375 0.15625 0.34375 0.15625 0.3895146 0.2667354 0.3895146 0.2667354 0.3895146 0.2667354 0.5 0.3125 0.5 0.3125 0.5 0.3125 0.6104854 0.2667354 0.6104854 0.2667354 0.6104854 0.2667354 0.65625 0.15625 0.65625 0.15625 0.65625 0.15625 0.6104854 0.04576456</float_array>
          <technique_common>
            <accessor source="#Mesh_007-mesh-map-0-array" count="6828" stride="2">
              <param name="S" type="float"/>
              <param name="T" type="float"/>
            </accessor>
          </technique_common>
        </source>
        <vertices id="Mesh_007-mesh-vertices">
          <input semantic="POSITION" source="#Mesh_007-mesh-positions"/>
        </vertices>
        <triangles count="2276">
          <input semantic="VERTEX" source="#Mesh_007-mesh-vertices" offset="0"/>
          <input semantic="NORMAL" source="#Mesh_007-mesh-normals" offset="1"/>
          <input semantic="TEXCOORD" source="#Mesh_007-mesh-map-0" offset="2" set="0"/>
          <p>1018 0 0 1020 1 1 1021 2 2 1022 3 3 1020 4 4 1019 5 5 1 6 6 9 7 7 8 8 8 3 9 9 9 10 10 2 11 11 3 12 12 11 13 13 10 14 14 4 15 15 12 16 16 11 17 17 5 18 18 13 19 19 12 20 20 6 21 21 7 22 22 13 23 23 1024 24 24 1026 25 25 1028 26 26 1021 2 27 1029 27 28 1030 28 29 1023 29 30 1029 30 31 1020 4 32 9 7 33 34 31 34 8 8 35 10 32 36 33 33 37 9 10 38 11 13 39 32 34 40 10 14 41 11 17 42 30 35 43 31 36 44 12 20 45 29 37 46 30 38 47 13 23 48 35 39 49 29 40 50 1033 41 51 1035 42 52 1032 43 53 1036 44 54 1034 45 55 1033 46 56 16 47 57 48 48 58 15 49 59 16 50 60 46 51 61 47 52 62 17 53 63 45 54 64 46 55 65 18 56 66 44 57 67 45 58 68 19 59 69 43 60 70 44 61 71 14 62 72 43 63 73 20 64 74 29 37 75 19 59 76 30 38 77 30 35 78 18 56 79 31 36 80 32 34 81 18 65 82 17 53 83 33 33 84 17 66 85 16 50 86 34 31 87 16 47 88 15 49 89 1029 30 90 1036 44 91 1033 46 92 1029 27 93 1032 43 94 1030 28 95 35 39 96 20 64 97 29 40 98 36 67 99 27 68 100 37 69 101 37 70 102 26 71 103 38 72 104 38 73 105 25 74 106 39 75 107 40 76 108 25 77 109 24 78 110 41 79 111 24 80 112 23 81 113 1039 82 114 1040 83 115 1041 84 116 1042 85 117 1041 86 118 1043 87 119 36 88 120 21 89 121 28 90 122 43 60 123 37 69 124 44 61 125 44 57 126 38 72 127 45 58 128 45 54 129 39 75 130 46 55 131 47 52 132 39 91 133 40 76 134 48 48 135 40 92 136 41 79 137 1034 45 138 1038 93 139 1039 82 140 1035 42 141 1039 94 142 1042 85 143 49 95 144 36 88 145 43 63 146 27 96 147 28 97 148 21 98 149 51 99 150 57 100 151 50 101 152 1095 102 153 1097 103 154 1098 104 155 1099 105 156 1097 106 157 1096 107 158 53 108 159 59 109 160 52 110 161 54 111 162 60 112 163 53 113 164 54 114 165 62 115 166 61 116 167 56 117 168 62 118 169 55 119 170 56 120 171 57 121 172 63 122 173 1099 123 174 1096 124 175 1095 125 176 83 126 177 84 127 178 85 128 179 57 100 180 91 129 181 92 130 182 1097 103 183 1107 131 184 1098 104 185 1100 132 186 1106 133 187 1097 106 188 60 134 189 90 135 190 59 109 191 61 136 192 89 137 193 60 112 194 61 116 195 87 138 196 88 139 197 62 118 198 86 140 199 87 141 200 63 122 201 92 142 202 86 143 203 65 144 204 99 145 205 64 146 206 1109 147 207 1111 148 208 1112 149 209 1110 150 210 1114 151 211 1111 152 212 66 153 213 96 154 214 97 155 215 67 156 216 95 157 217 96 158 218 69 159 219 95 160 220 68 161 221 70 162 222 94 163 223 69 164 224 64 165 225 93 166 226 70 167 227 72 168 228 105 169 229 71 170 230 1115 171 231 1117 172 232 1118 173 233 1116 174 234 1120 175 235 1117 176 236 73 177 237 102 178 238 103 179 239 74 180 240 101 181 241 102 182 242 76 183 243 101 184 244 75 185 245 77 186 246 100 187 247 76 188 248 71 189 249 106 190 250 77 191 251 86 140 252 69 164 253 87 141 254 87 138 255 68 161 256 88 139 257 89 137 258 68 192 259 67 156 260 90 135 261 67 193 262 66 153 263 1106 133 264 1113 194 265 1110 150 266 1107 131 267 1110 195 268 1109 147 269 91 129 270 64 146 271 92 130 272 92 142 273 70 167 274 86 143 275 94 163 276 77 186 277 76 188 278 95 160 279 76 183 280 75 185 281 95 157 282 74 180 283 96 158 284 96 154 285 73 177 286 97 155 287 1114 151 288 1116 174 289 1111 152 290 1111 148 291 1115 171 292 1112 149 293 99 145 294 72 168 295 71 170 296 93 166 297 71 189 298 77 191 299 101 184 300 84 196 301 83 197 302 101 181 303 82 198 304 102 182 305 102 178 306 81 199 307 103 179 308 1120 175 309 1122 200 310 1117 176 311 1117 172 312 1123 201 313 1118 173 314 105 169 315 79 202 316 78 203 317 106 190 318 78 204 319 85 205 320 100 187 321 85 206 322 84 207 323 108 208 324 114 209 325 107 210 326 108 211 327 116 212 328 115 213 329 109 214 330 117 215 331 116 216 332 111 217 333 117 218 334 110 219 335 932 220 336 934 221 337 935 222 338 936 223 339 934 224 340 933 225 341 113 226 342 119 227 343 112 228 344 113 229 345 114 230 346 120 231 347 942 232 348 938 233 349 940 234 350 950 235 351 944 236 352 946 237 353 115 238 354 121 239 355 114 209 356 115 213 357 123 240 358 122 241 359 116 216 360 124 242 361 123 243 362 117 218 363 125 244 364 124 245 365 935 222 366 951 246 367 952 247 368 937 248 369 951 249 370 934 224 371 120 250 372 126 251 373 119 227 374 114 230 375 127 252 376 120 231 377 122 253 378 148 254 379 121 239 380 122 241 381 146 255 382 147 256 383 123 243 384 145 257 385 146 258 386 124 245 387 144 259 388 145 260 389 952 247 390 954 261 391 955 262 392 953 263 393 954 264 394 951 249 395 127 265 396 143 266 397 126 251 398 121 267 399 142 268 400 127 252 401 129 269 402 135 270 403 128 271 404 129 272 405 137 273 406 136 274 407 131 275 408 137 276 409 130 277 410 131 278 411 139 279 412 138 280 413 958 281 414 947 282 415 957 283 416 958 284 417 949 285 418 948 286 419 134 287 420 140 288 421 133 289 422 134 290 423 135 291 424 141 292 425 142 293 426 133 289 427 143 266 428 956 294 429 958 295 430 954 264 431 955 262 432 958 296 433 957 297 434 145 260 435 132 298 436 131 278 437 146 258 438 131 275 439 130 277 440 147 256 441 130 299 442 129 272 443 147 300 444 128 271 445 148 254 446 148 301 447 134 290 448 142 268 449 150 302 450 156 303 451 149 304 452 150 305 453 158 306 454 157 307 455 151 308 456 159 309 457 158 310 458 152 311 459 160 312 460 159 313 461 154 314 462 160 315 463 153 316 464 960 317 465 962 318 466 963 319 467 964 320 468 962 321 469 961 322 470 155 323 471 156 324 472 162 325 473 967 326 474 969 327 475 966 328 476 184 329 477 178 330 478 180 331 479 157 332 480 163 333 481 156 303 482 157 307 483 165 334 484 164 335 485 158 310 486 166 336 487 165 337 488 159 313 489 167 338 490 166 339 491 160 315 492 168 340 493 167 341 494 962 318 495 972 342 496 963 319 497 965 343 498 971 344 499 962 321 500 156 324 501 169 345 502 162 325 503 164 346 504 191 347 505 163 333 506 164 335 507 189 348 508 190 349 509 165 337 510 188 350 511 189 351 512 166 339 513 187 352 514 188 353 515 167 341 516 186 354 517 187 355 518 971 356 519 975 357 520 972 342 521 973 358 522 974 359 523 971 344 524 163 360 525 185 361 526 169 345 527 171 362 528 177 363 529 170 364 530 172 365 531 178 366 532 171 367 533 172 368 534 180 369 535 179 370 536 174 371 537 180 372 538 173 373 539 175 374 540 181 375 541 174 376 542 977 377 543 979 378 544 980 379 545 978 380 546 982 381 547 979 382 548 176 383 549 177 384 550 184 385 551 976 386 552 978 380 553 974 359 554 974 387 555 977 388 556 975 357 557 187 355 558 175 389 559 174 390 560 188 353 561 174 371 562 173 373 563 189 351 564 173 391 565 172 368 566 190 349 567 172 365 568 171 367 569 190 392 570 170 364 571 191 347 572 191 393 573 176 383 574 185 361 575 192 394 576 200 395 577 199 396 578 194 397 579 200 398 580 193 399 581 194 400 582 202 401 583 201 402 584 196 403 585 202 404 586 195 405 587 1044 406 588 1046 407 589 1047 408 590 1048 409 591 1046 410 592 1045 411 593 197 412 594 205 413 595 204 414 596 192 415 597 205 416 598 198 417 599 1054 418 600 1050 419 601 1052 420 602 1062 421 603 1056 422 604 1058 423 605 200 395 606 233 424 607 199 396 608 200 398 609 231 425 610 232 426 611 201 402 612 230 427 613 231 428 614 202 404 615 229 429 616 230 430 617 1047 408 618 1063 431 619 1064 432 620 1049 433 621 1063 434 622 1046 410 623 205 413 624 228 435 625 204 414 626 199 436 627 227 437 628 205 416 629 206 438 630 214 439 631 213 440 632 208 441 633 214 442 634 207 443 635 209 444 636 215 445 637 208 446 638 210 447 639 216 448 640 209 449 641 1067 450 642 1069 451 643 1066 452 644 1067 453 645 1071 454 646 1068 455 647 211 456 648 219 457 649 218 458 650 212 459 651 213 460 652 219 461 653 213 440 654 221 462 655 220 463 656 215 464 657 221 465 658 214 442 659 216 466 660 222 467 661 215 445 662 216 448 663 224 468 664 223 469 665 1068 470 666 1059 471 667 1069 451 668 1068 455 669 1061 472 670 1060 473 671 218 458 672 226 474 673 225 475 674 213 460 675 226 474 676 219 461 677 227 476 678 211 456 679 228 435 680 1065 477 681 1067 453 682 1063 434 683 1064 432 684 1067 450 685 1066 452 686 230 430 687 210 447 688 209 449 689 231 428 690 209 444 691 208 446 692 232 426 693 208 441 694 207 443 695 232 478 696 206 438 697 233 424 698 233 479 699 212 459 700 227 437 701 234 480 702 242 481 703 241 482 704 236 483 705 242 484 706 235 485 707 236 486 708 244 487 709 243 488 710 237 489 711 245 490 712 244 491 713 239 492 714 245 493 715 238 494 716 989 495 717 991 496 718 992 497 719 993 498 720 991 499 721 990 500 722 234 501 723 247 502 724 240 503 725 996 504 726 998 505 727 995 506 728 269 507 729 263 508 730 265 509 731 242 481 732 276 510 733 241 482 734 242 484 735 274 511 736 275 512 737 243 488 738 273 513 739 274 514 740 244 491 741 272 515 742 273 516 743 245 493 744 271 517 745 272 518 746 991 496 747 1001 519 748 992 497 749 994 520 750 1000 521 751 991 499 752 241 522 753 270 523 754 247 502 755 249 524 756 282 525 757 248 526 758 249 527 759 280 528 760 281 529 761 250 530 762 279 531 763 280 532 764 251 533 765 278 534 766 279 535 767 252 536 768 277 537 769 278 538 770 1004 539 771 1006 540 772 1003 541 773 1007 542 774 1005 543 775 1004 544 776 248 545 777 283 546 778 254 547 779 256 548 780 262 549 781 255 550 782 256 551 783 264 552 784 263 553 785 257 554 786 265 555 787 264 556 788 259 557 789 265 558 790 258 559 791 260 560 792 266 561 793 259 562 794 1010 563 795 1012 564 796 1009 565 797 1010 566 798 1014 567 799 1011 568 800 255 569 801 269 570 802 261 571 803 1000 521 804 1007 542 805 1004 544 806 1001 519 807 1004 539 808 1003 541 809 271 517 810 252 536 811 272 518 812 272 515 813 251 533 814 273 516 815 273 513 816 250 530 817 274 514 818 274 511 819 249 527 820 275 512 821 276 510 822 249 524 823 248 526 824 270 523 825 248 545 826 254 547 827 1005 572 828 1016 573 829 1006 540 830 278 538 831 285 574 832 286 575 833 279 535 834 286 576 835 287 577 836 280 532 837 287 578 838 288 579 839 281 529 840 288 580 841 289 581 842 281 582 843 290 583 844 282 525 845 282 584 846 284 585 847 283 546 848 1008 586 849 1015 587 850 1005 543 851 1015 587 852 1013 588 853 1010 566 854 1016 573 855 1010 563 856 1009 565 857 285 574 858 259 562 859 286 575 860 286 576 861 258 559 862 287 577 863 287 578 864 257 554 865 288 579 866 289 581 867 257 589 868 256 551 869 289 590 870 255 550 871 290 583 872 284 585 873 255 569 874 261 571 875 292 591 876 298 592 877 291 593 878 292 594 879 300 595 880 299 596 881 293 597 882 301 598 883 300 599 884 295 600 885 301 601 886 294 602 887 843 603 888 845 604 889 846 605 890 847 606 891 845 607 892 844 608 893 296 609 894 304 610 895 303 611 896 291 612 897 304 613 898 297 614 899 853 615 900 849 616 901 851 617 902 299 618 903 326 619 904 298 592 905 299 596 906 324 620 907 325 621 908 300 599 909 323 622 910 324 623 911 301 601 912 322 624 913 323 625 914 846 605 915 854 626 916 855 627 917 848 628 918 854 629 919 845 607 920 304 610 921 321 630 922 303 611 923 298 631 924 320 632 925 304 613 926 306 633 927 340 634 928 305 635 929 306 636 930 338 637 931 339 638 932 307 639 933 337 640 934 338 641 935 308 642 936 336 643 937 337 644 938 857 645 939 859 646 940 860 647 941 861 648 942 859 649 943 858 650 944 311 651 945 335 652 946 310 653 947 305 654 948 334 655 949 311 656 950 321 630 951 311 651 952 310 653 953 854 629 954 861 648 955 858 650 956 854 626 957 857 645 958 855 627 959 322 624 960 308 642 961 323 625 962 323 622 963 307 639 964 324 623 965 324 620 966 306 636 967 325 621 968 326 619 969 306 633 970 305 635 971 320 632 972 305 654 973 311 656 974 328 657 975 319 658 976 318 659 977 864 660 978 865 661 979 866 662 980 864 663 981 868 664 982 867 665 983 329 666 984 315 667 985 330 668 986 330 669 987 314 670 988 331 671 989 331 672 990 313 673 991 332 674 992 333 675 993 313 676 994 312 677 995 327 678 996 312 679 997 319 680 998 335 652 999 327 681 1000 328 657 1001 859 649 1002 863 682 1003 864 660 1004 859 646 1005 867 665 1006 860 647 1007 336 643 1008 330 668 1009 337 644 1010 337 640 1011 331 671 1012 338 641 1013 338 637 1014 332 674 1015 339 638 1016 340 634 1017 332 683 1018 333 675 1019 334 655 1020 333 684 1021 327 678 1022 318 685 1023 319 686 1024 312 687 1025 892 688 1026 894 689 1027 895 690 1028 896 691 1029 894 692 1030 893 693 1031 342 694 1032 350 695 1033 349 696 1034 344 697 1035 350 698 1036 343 699 1037 345 700 1038 351 701 1039 344 702 1040 345 703 1041 353 704 1042 352 705 1043 346 706 1044 354 707 1045 353 708 1046 341 709 1047 354 710 1048 347 711 1049 898 712 1050 900 713 1051 902 714 1052 370 715 1053 372 716 1054 374 717 1055 894 689 1056 904 718 1057 895 690 1058 894 692 1059 905 719 1060 903 720 1061 349 696 1062 357 721 1063 356 722 1064 350 698 1065 358 723 1066 357 724 1067 351 701 1068 359 725 1069 358 726 1070 353 704 1071 359 727 1072 352 705 1073 354 707 1074 360 728 1075 353 708 1076 348 729 1077 361 730 1078 354 710 1079 904 718 1080 906 731 1081 907 732 1082 905 719 1083 906 733 1084 903 720 1085 357 721 1086 363 734 1087 356 722 1088 358 723 1089 364 735 1090 357 724 1091 359 725 1092 365 736 1093 358 726 1094 359 727 1095 367 737 1096 366 738 1097 360 728 1098 368 739 1099 367 740 1100 361 730 1101 362 741 1102 368 742 1103 906 731 1104 910 743 1105 907 732 1106 906 733 1107 911 744 1108 909 745 1109 364 746 1110 371 747 1111 363 734 1112 364 735 1113 373 748 1114 372 749 1115 366 750 1116 373 751 1117 365 736 1118 366 738 1119 375 752 1120 374 753 1121 368 739 1122 375 754 1123 367 740 1124 368 742 1125 369 755 1126 376 756 1127 789 757 1128 791 758 1129 792 759 1130 793 760 1131 791 761 1132 790 762 1133 378 763 1134 386 764 1135 385 765 1136 379 766 1137 387 767 1138 386 768 1139 381 769 1140 387 770 1141 380 771 1142 381 772 1143 389 773 1144 388 774 1145 383 775 1146 389 776 1147 382 777 1148 377 778 1149 390 779 1150 383 780 1151 795 781 1152 797 782 1153 799 783 1154 803 784 1155 805 785 1156 807 786 1157 792 759 1158 808 787 1159 809 788 1160 794 789 1161 808 790 1162 791 761 1163 386 764 1164 417 791 1165 385 765 1166 387 767 1167 416 792 1168 386 768 1169 388 793 1170 415 794 1171 387 770 1172 388 774 1173 413 795 1174 414 796 1175 389 776 1176 412 797 1177 413 798 1178 390 779 1179 418 799 1180 412 800 1181 812 801 1182 814 802 1183 811 803 1184 812 804 1185 816 805 1186 813 806 1187 392 807 1188 409 808 1189 410 809 1190 393 810 1191 408 811 1192 409 812 1193 394 813 1194 407 814 1195 408 815 1196 396 816 1197 407 817 1198 395 818 1199 397 819 1200 406 820 1201 396 821 1202 391 822 1203 405 823 1204 397 824 1205 406 820 1206 404 825 1207 403 826 1208 407 817 1209 403 827 1210 402 828 1211 407 814 1212 401 829 1213 408 815 1214 408 811 1215 400 830 1216 409 812 1217 409 808 1218 399 831 1219 410 809 1220 813 806 1221 802 832 1222 801 833 1223 813 834 1224 800 835 1225 814 802 1226 405 823 1227 398 836 1228 404 825 1229 412 797 1230 396 821 1231 413 798 1232 413 795 1233 395 818 1234 414 796 1235 415 794 1236 395 837 1237 394 813 1238 416 792 1239 394 838 1240 393 810 1241 417 791 1242 393 839 1243 392 807 1244 808 790 1245 815 840 1246 812 804 1247 808 787 1248 811 803 1249 809 788 1250 418 799 1251 397 824 1252 412 800 1253 420 841 1254 426 842 1255 419 843 1256 420 844 1257 428 845 1258 427 846 1259 422 847 1260 428 848 1261 421 849 1262 423 850 1263 429 851 1264 422 852 1265 817 853 1266 819 854 1267 820 855 1268 821 856 1269 819 857 1270 818 858 1271 424 859 1272 432 860 1273 431 861 1274 419 862 1275 432 863 1276 425 864 1277 827 865 1278 823 866 1279 825 867 1280 427 868 1281 454 869 1282 426 842 1283 427 846 1284 452 870 1285 453 871 1286 428 848 1287 451 872 1288 452 873 1289 429 851 1290 450 874 1291 451 875 1292 820 855 1293 828 876 1294 829 877 1295 822 878 1296 828 879 1297 819 857 1298 432 860 1299 449 880 1300 431 861 1301 426 881 1302 448 882 1303 432 863 1304 434 883 1305 468 884 1306 433 885 1307 434 886 1308 466 887 1309 467 888 1310 435 889 1311 465 890 1312 466 891 1313 436 892 1314 464 893 1315 465 894 1316 831 895 1317 833 896 1318 834 897 1319 835 898 1320 833 899 1321 832 900 1322 439 901 1323 463 902 1324 438 903 1325 433 904 1326 462 905 1327 439 906 1328 449 880 1329 439 901 1330 438 903 1331 828 879 1332 835 898 1333 832 900 1334 828 876 1335 831 895 1336 829 877 1337 450 874 1338 436 892 1339 451 875 1340 451 872 1341 435 889 1342 452 873 1343 452 870 1344 434 886 1345 453 871 1346 454 869 1347 434 883 1348 433 885 1349 448 882 1350 433 904 1351 439 906 1352 456 907 1353 447 908 1354 446 909 1355 838 910 1356 839 911 1357 840 912 1358 838 913 1359 842 914 1360 841 915 1361 457 916 1362 443 917 1363 458 918 1364 458 919 1365 442 920 1366 459 921 1367 459 922 1368 441 923 1369 460 924 1370 461 925 1371 441 926 1372 440 927 1373 455 928 1374 440 929 1375 447 930 1376 463 902 1377 455 931 1378 456 907 1379 833 899 1380 837 932 1381 838 910 1382 833 896 1383 841 915 1384 834 897 1385 464 893 1386 458 918 1387 465 894 1388 465 890 1389 459 921 1390 466 891 1391 466 887 1392 460 924 1393 467 888 1394 468 884 1395 460 933 1396 461 925 1397 462 905 1398 461 934 1399 455 928 1400 446 935 1401 447 936 1402 440 937 1403 470 938 1404 476 939 1405 469 940 1406 912 941 1407 914 942 1408 915 943 1409 916 944 1410 914 945 1411 913 946 1412 472 947 1413 478 948 1414 471 949 1415 473 950 1416 479 951 1417 472 952 1418 474 953 1419 480 954 1420 473 955 1421 474 956 1422 482 957 1423 481 958 1424 475 959 1425 476 960 1426 482 961 1427 916 962 1428 913 963 1429 912 964 1430 502 965 1431 503 966 1432 504 967 1433 477 968 1434 483 969 1435 476 939 1436 915 943 1437 923 970 1438 924 971 1439 914 945 1440 925 972 1441 923 973 1442 478 948 1443 486 974 1444 485 975 1445 479 951 1446 487 976 1447 486 977 1448 481 978 1449 487 979 1450 480 954 1451 482 957 1452 488 980 1453 481 958 1454 476 960 1455 489 981 1456 482 961 1457 483 969 1458 491 982 1459 490 983 1460 923 970 1461 927 984 1462 924 971 1463 925 972 1464 926 985 1465 923 973 1466 486 974 1467 492 986 1468 485 975 1469 487 976 1470 493 987 1471 486 977 1472 487 979 1473 495 988 1474 494 989 1475 488 980 1476 496 990 1477 495 991 1478 489 981 1479 490 992 1480 496 993 1481 491 982 1482 497 994 1483 490 983 1484 927 984 1485 929 995 1486 930 996 1487 926 985 1488 931 997 1489 929 998 1490 492 986 1491 501 999 1492 500 1000 1493 494 1001 1494 501 1002 1495 493 987 1496 495 988 1497 502 1003 1498 494 989 1499 495 991 1500 504 1004 1501 503 1005 1502 496 993 1503 497 1006 1504 504 1007 1505 1124 1008 1506 1126 1009 1507 1127 1010 1508 1128 1011 1509 1126 1012 1510 1125 1013 1511 506 1014 1512 514 1015 1513 513 1016 1514 508 1017 1515 514 1018 1516 507 1019 1517 509 1020 1518 515 1021 1519 508 1022 1520 509 1023 1521 517 1024 1522 516 1025 1523 510 1026 1524 518 1027 1525 517 1028 1526 505 1029 1527 518 1030 1528 511 1031 1529 1130 1032 1530 1132 1033 1531 1134 1034 1532 539 1035 1533 540 1036 1534 536 1037 1535 1127 1010 1536 1135 1038 1537 1136 1039 1538 1129 1040 1539 1135 1041 1540 1126 1012 1541 514 1015 1542 546 1042 1543 513 1016 1544 515 1043 1545 545 1044 1546 514 1018 1547 516 1045 1548 544 1046 1549 515 1021 1550 516 1025 1551 542 1047 1552 543 1048 1553 517 1028 1554 541 1049 1555 542 1050 1556 518 1030 1557 547 1051 1558 541 1052 1559 1139 1053 1560 1141 1054 1561 1138 1055 1562 1139 1056 1563 1143 1057 1564 1140 1058 1565 520 1059 1566 552 1060 1567 553 1061 1568 521 1062 1569 551 1063 1570 552 1064 1571 522 1065 1572 550 1066 1573 551 1067 1574 524 1068 1575 550 1069 1576 523 1070 1577 525 1071 1578 549 1072 1579 524 1073 1580 519 1074 1581 548 1075 1582 525 1076 1583 1145 1077 1584 1147 1078 1585 1144 1079 1586 1145 1080 1587 1149 1081 1588 1146 1082 1589 527 1083 1590 558 1084 1591 559 1085 1592 528 1086 1593 557 1087 1594 558 1088 1595 529 1089 1596 556 1090 1597 557 1091 1598 531 1092 1599 556 1093 1600 530 1094 1601 532 1095 1602 555 1096 1603 531 1097 1604 526 1098 1605 561 1099 1606 532 1100 1607 541 1049 1608 524 1073 1609 542 1050 1610 542 1047 1611 523 1070 1612 543 1048 1613 544 1046 1614 523 1101 1615 522 1065 1616 545 1044 1617 522 1102 1618 521 1062 1619 546 1042 1620 521 1103 1621 520 1059 1622 1135 1041 1623 1142 1104 1624 1139 1056 1625 1135 1038 1626 1138 1055 1627 1136 1039 1628 547 1051 1629 525 1076 1630 541 1052 1631 549 1072 1632 532 1095 1633 531 1097 1634 550 1069 1635 531 1092 1636 530 1094 1637 550 1066 1638 529 1089 1639 551 1067 1640 551 1063 1641 528 1086 1642 552 1064 1643 552 1060 1644 527 1083 1645 553 1061 1646 1143 1057 1647 1145 1080 1648 1140 1058 1649 1141 1054 1650 1145 1077 1651 1144 1079 1652 548 1075 1653 526 1098 1654 532 1100 1655 556 1093 1656 539 1105 1657 538 1106 1658 556 1090 1659 537 1107 1660 557 1091 1661 557 1087 1662 536 1108 1663 558 1088 1664 558 1084 1665 535 1109 1666 559 1085 1667 1149 1081 1668 1151 1110 1669 1146 1082 1670 1147 1078 1671 1151 1111 1672 1152 1112 1673 561 1099 1674 533 1113 1675 540 1114 1676 555 1096 1677 540 1115 1678 539 1116 1679 562 1117 1680 570 1118 1681 569 1119 1682 564 1120 1683 570 1121 1684 563 1122 1685 564 1123 1686 572 1124 1687 571 1125 1688 565 1126 1689 573 1127 1690 572 1128 1691 755 1129 1692 757 1130 1693 758 1131 1694 759 1132 1695 757 1133 1696 756 1134 1697 568 1135 1698 574 1136 1699 567 1137 1700 562 1138 1701 575 1139 1702 568 1140 1703 765 1141 1704 761 1142 1705 763 1143 1706 773 1144 1707 767 1145 1708 769 1146 1709 570 1118 1710 603 1147 1711 569 1119 1712 570 1121 1713 601 1148 1714 602 1149 1715 571 1125 1716 600 1150 1717 601 1151 1718 572 1128 1719 599 1152 1720 600 1153 1721 758 1131 1722 774 1154 1723 775 1155 1724 760 1156 1725 774 1157 1726 757 1133 1727 575 1158 1728 598 1159 1729 574 1136 1730 569 1160 1731 597 1161 1732 575 1139 1733 577 1162 1734 609 1163 1735 576 1164 1736 577 1165 1737 607 1166 1738 608 1167 1739 578 1168 1740 606 1169 1741 607 1170 1742 579 1171 1743 605 1172 1744 606 1173 1745 777 1174 1746 779 1175 1747 780 1176 1748 781 1177 1749 779 1178 1750 778 1179 1751 582 1180 1752 604 1181 1753 581 1182 1754 576 1183 1755 610 1184 1756 582 1185 1757 584 1186 1758 590 1187 1759 583 1188 1760 584 1189 1761 592 1190 1762 591 1191 1763 586 1192 1764 592 1193 1765 585 1194 1766 587 1195 1767 593 1196 1768 586 1197 1769 784 1198 1770 770 1199 1771 783 1200 1772 784 1201 1773 772 1202 1774 771 1203 1775 588 1204 1776 596 1205 1777 595 1206 1778 583 1207 1779 596 1208 1780 589 1209 1781 598 1159 1782 582 1180 1783 581 1182 1784 774 1157 1785 781 1177 1786 778 1179 1787 774 1154 1788 777 1174 1789 775 1155 1790 599 1152 1791 579 1171 1792 600 1153 1793 600 1150 1794 578 1168 1795 601 1151 1796 601 1148 1797 577 1165 1798 602 1149 1799 603 1147 1800 577 1162 1801 576 1164 1802 597 1161 1803 576 1183 1804 582 1185 1805 782 1210 1806 787 1211 1807 779 1178 1808 780 1176 1809 787 1212 1810 788 1213 1811 606 1173 1812 613 1214 1813 614 1215 1814 607 1170 1815 614 1216 1816 615 1217 1817 608 1167 1818 615 1218 1819 616 1219 1820 608 1220 1821 617 1221 1822 609 1163 1823 609 1222 1824 611 1223 1825 610 1184 1826 610 1224 1827 612 1225 1828 604 1181 1829 612 1225 1830 589 1226 1831 588 1204 1832 787 1211 1833 785 1227 1834 784 1201 1835 787 1212 1836 783 1200 1837 788 1213 1838 613 1214 1839 586 1197 1840 614 1215 1841 614 1216 1842 585 1194 1843 615 1217 1844 616 1219 1845 585 1228 1846 584 1189 1847 616 1229 1848 583 1188 1849 617 1221 1850 611 1223 1851 583 1207 1852 589 1209 1853 619 1230 1854 1155 1231 1855 618 1232 1856 620 1233 1857 1154 1234 1858 619 1235 1859 620 1236 1860 1160 1237 1861 1153 1238 1862 621 1239 1863 1159 1240 1864 1160 1241 1865 622 1242 1866 1158 1243 1867 1159 1244 1868 623 1245 1869 1157 1246 1870 1158 1247 1871 625 1248 1872 1157 1249 1873 624 1250 1874 618 1251 1875 1156 1252 1876 625 1253 1877 1162 1254 1878 1161 1254 1879 1163 1255 1880 1164 1256 1881 1162 1254 1882 1163 1255 1883 1165 1257 1884 1164 1256 1885 1163 1255 1886 1166 1254 1887 1165 1257 1888 1163 1255 1889 1167 1254 1890 1166 1254 1891 1163 1255 1892 1168 1258 1893 1167 1254 1894 1163 1255 1895 1169 1259 1896 1168 1258 1897 1163 1255 1898 1161 1254 1899 1169 1259 1900 1163 1255 1901 634 1260 1902 635 1261 1903 636 1262 1904 635 1261 1905 637 1263 1906 636 1262 1907 637 1263 1908 638 1264 1909 636 1262 1910 638 1264 1911 639 1265 1912 636 1262 1913 639 1265 1914 640 1266 1915 636 1262 1916 640 1266 1917 641 1267 1918 636 1262 1919 641 1267 1920 642 1268 1921 636 1262 1922 642 1268 1923 634 1260 1924 636 1262 1925 627 1269 1926 663 1270 1927 626 1271 1928 627 1272 1929 661 1273 1930 662 1274 1931 628 1275 1932 660 1276 1933 661 1277 1934 629 1278 1935 659 1279 1936 660 1280 1937 630 1281 1938 666 1282 1939 659 1283 1940 632 1284 1941 666 1285 1942 631 1286 1943 633 1287 1944 665 1288 1945 632 1289 1946 626 1290 1947 664 1291 1948 633 1292 1949 643 1293 1950 652 1294 1951 644 1295 1952 644 1296 1953 653 1297 1954 645 1298 1955 646 1299 1956 653 1300 1957 654 1301 1958 647 1302 1959 654 1303 1960 655 1304 1961 648 1305 1962 655 1306 1963 656 1307 1964 649 1308 1965 656 1309 1966 657 1310 1967 649 1311 1968 658 1312 1969 650 1313 1970 650 1314 1971 651 1315 1972 643 1316 1973 652 1294 1974 633 1287 1975 632 1289 1976 653 1297 1977 632 1284 1978 631 1286 1979 654 1301 1980 631 1317 1981 630 1281 1982 655 1304 1983 630 1318 1984 629 1278 1985 655 1306 1986 628 1275 1987 656 1307 1988 656 1309 1989 627 1272 1990 657 1310 1991 657 1319 1992 626 1271 1993 658 1312 1994 658 1320 1995 633 1292 1996 651 1315 1997 659 1279 1998 638 1321 1999 660 1280 2000 660 1276 2001 637 1322 2002 661 1277 2003 983 1323 2004 986 1324 2005 984 1325 2006 984 1326 2007 988 1327 2008 987 1328 2009 664 1291 2010 634 1329 2011 642 1330 2012 665 1288 2013 642 1331 2014 641 1332 2015 666 1285 2016 641 1333 2017 640 1334 2018 659 1283 2019 640 1335 2020 639 1336 2021 668 1337 2022 675 1338 2023 667 1339 2024 869 1340 2025 871 1341 2026 872 1342 2027 669 1343 2028 678 1344 2029 677 1345 2030 671 1346 2031 678 1347 2032 670 1348 2033 671 1349 2034 680 1350 2035 679 1351 2036 672 1352 2037 681 1353 2038 680 1354 2039 674 1355 2040 681 1356 2041 673 1357 2042 674 1358 2043 675 1359 2044 682 1360 2045 878 1361 2046 870 1362 2047 869 1363 2048 691 1364 2049 693 1365 2050 695 1366 2051 879 1367 2052 880 1368 2053 881 1369 2054 871 1341 2055 880 1370 2056 872 1342 2057 678 1344 2058 710 1371 2059 677 1345 2060 679 1372 2061 709 1373 2062 678 1347 2063 680 1350 2064 708 1374 2065 679 1351 2066 680 1354 2067 706 1375 2068 707 1376 2069 681 1356 2070 705 1377 2071 706 1378 2072 682 1360 2073 711 1379 2074 705 1380 2075 884 1381 2076 886 1382 2077 883 1383 2078 884 1384 2079 888 1385 2080 885 1386 2081 684 1387 2082 702 1388 2083 703 1389 2084 685 1390 2085 701 1391 2086 702 1392 2087 686 1393 2088 700 1394 2089 701 1395 2090 688 1396 2091 700 1397 2092 687 1398 2093 689 1399 2094 699 1400 2095 688 1401 2096 683 1402 2097 698 1403 2098 689 1404 2099 699 1400 2100 697 1405 2101 696 1406 2102 700 1397 2103 696 1407 2104 695 1408 2105 700 1394 2106 694 1409 2107 701 1395 2108 701 1391 2109 693 1410 2110 702 1392 2111 702 1388 2112 692 1411 2113 703 1389 2114 888 1385 2115 890 1412 2116 885 1386 2117 886 1382 2118 890 1413 2119 891 1414 2120 698 1403 2121 690 1415 2122 697 1416 2123 705 1377 2124 688 1401 2125 706 1378 2126 706 1375 2127 687 1398 2128 707 1376 2129 708 1374 2130 687 1417 2131 686 1393 2132 709 1373 2133 686 1418 2134 685 1390 2135 710 1371 2136 685 1419 2137 684 1387 2138 880 1370 2139 887 1420 2140 884 1384 2141 880 1368 2142 883 1383 2143 881 1369 2144 711 1379 2145 689 1404 2146 705 1380 2147 712 1421 2148 720 1422 2149 719 1423 2150 714 1424 2151 720 1425 2152 713 1426 2153 714 1427 2154 722 1428 2155 721 1429 2156 716 1430 2157 722 1431 2158 715 1432 2159 1072 1433 2160 1074 1434 2161 1075 1435 2162 1076 1436 2163 1074 1437 2164 1073 1438 2165 717 1439 2166 725 1440 2167 724 1441 2168 712 1442 2169 725 1443 2170 718 1444 2171 1082 1445 2172 1078 1446 2173 1080 1447 2174 741 1448 2175 743 1449 2176 745 1450 2177 720 1422 2178 754 1451 2179 719 1423 2180 720 1425 2181 752 1452 2182 753 1453 2183 721 1429 2184 751 1454 2185 752 1455 2186 722 1431 2187 750 1456 2188 751 1457 2189 1075 1435 2190 1083 1458 2191 1084 1459 2192 1077 1460 2193 1083 1461 2194 1074 1437 2195 725 1440 2196 749 1462 2197 724 1441 2198 719 1463 2199 748 1464 2200 725 1443 2201 726 1465 2202 734 1466 2203 733 1467 2204 728 1468 2205 734 1469 2206 727 1470 2207 729 1471 2208 735 1472 2209 728 1473 2210 730 1474 2211 736 1475 2212 729 1476 2213 1087 1477 2214 1089 1478 2215 1086 1479 2216 1087 1480 2217 1091 1481 2218 1088 1482 2219 731 1483 2220 739 1484 2221 738 1485 2222 732 1486 2223 733 1487 2224 739 1488 2225 733 1467 2226 741 1489 2227 740 1490 2228 735 1491 2229 741 1492 2230 734 1469 2231 736 1493 2232 742 1494 2233 735 1472 2234 737 1495 2235 743 1496 2236 736 1475 2237 1088 1497 2238 1093 1498 2239 1089 1478 2240 1088 1482 2241 1094 1499 2242 1092 1500 2243 738 1485 2244 747 1501 2245 746 1502 2246 739 1488 2247 740 1503 2248 747 1504 2249 748 1505 2250 731 1483 2251 749 1462 2252 1085 1506 2253 1087 1480 2254 1083 1461 2255 1084 1459 2256 1087 1477 2257 1086 1479 2258 751 1457 2259 730 1474 2260 729 1476 2261 752 1455 2262 729 1471 2263 728 1473 2264 753 1453 2265 728 1468 2266 727 1470 2267 753 1507 2268 726 1465 2269 754 1451 2270 754 1508 2271 732 1486 2272 748 1464 2273 566 1509 2274 758 1510 2275 573 1511 2276 567 1512 2277 760 1513 2278 759 1514 2279 568 1140 2280 762 1515 2281 562 1138 2282 567 1137 2283 761 1516 2284 568 1135 2285 566 1517 2286 763 1518 2287 755 1519 2288 564 1123 2289 763 1520 2290 565 1521 2291 563 1122 2292 764 1522 2293 564 1120 2294 563 1523 2295 762 1524 2296 765 1525 2297 591 1526 2298 766 1527 2299 590 1187 2300 591 1191 2301 768 1528 2302 767 1529 2303 592 1193 2304 769 1530 2305 768 1531 2306 593 1532 2307 770 1533 2308 769 1530 2309 596 1208 2310 772 1534 2311 595 1535 2312 590 1536 2313 773 1537 2314 596 1208 2315 573 1511 2316 775 1538 2317 599 1539 2318 574 1540 2319 776 1541 2320 760 1513 2321 580 1542 2322 780 1543 2323 605 1544 2324 581 1545 2325 782 1546 2326 781 1547 2327 594 1548 2328 783 1549 2329 770 1533 2330 595 1535 2331 785 1550 2332 588 1551 2333 581 1545 2334 776 1541 2335 598 1552 2336 580 1542 2337 775 1538 2338 777 1553 2339 604 1554 2340 786 1555 2341 782 1546 2342 605 1544 2343 788 1556 2344 613 1557 2345 588 1551 2346 786 1555 2347 612 1558 2348 587 1559 2349 788 1556 2350 783 1549 2351 377 1560 2352 792 1561 2353 384 1562 2354 378 1563 2355 794 1564 2356 793 1565 2357 377 778 2358 795 1566 2359 789 1567 2360 383 775 2361 796 1568 2362 795 1569 2363 382 1570 2364 797 1571 2365 796 1572 2366 380 771 2367 797 1573 2368 381 769 2369 379 766 2370 798 1574 2371 380 1575 2372 378 763 2373 799 1576 2374 379 1577 2375 400 830 2376 802 1578 2377 399 831 2378 400 830 2379 804 1579 2380 803 1580 2381 402 1581 2382 804 1582 2383 401 829 2384 402 828 2385 806 1583 2386 805 1584 2387 404 825 2388 806 1585 2389 403 826 2390 404 825 2391 800 1586 2392 807 1587 2393 384 1562 2394 809 1588 2395 418 1589 2396 385 1590 2397 810 1591 2398 794 1564 2399 411 1592 2400 811 1593 2401 814 1594 2402 410 1595 2403 815 1596 2404 392 1597 2405 399 831 2406 816 1598 2407 410 1595 2408 398 836 2409 814 1594 2410 800 1586 2411 392 1597 2412 810 1591 2413 417 1599 2414 391 1600 2415 809 1588 2416 811 1593 2417 423 1601 2418 820 1602 2419 430 1603 2420 424 1604 2421 822 1605 2422 821 1606 2423 419 862 2424 823 1607 2425 824 1608 2426 424 859 2427 823 1609 2428 425 1610 2429 423 850 2430 825 1611 2431 817 1612 2432 421 849 2433 825 1613 2434 422 847 2435 420 844 2436 826 1614 2437 421 1615 2438 420 841 2439 824 1616 2440 827 1617 2441 430 1603 2442 829 1618 2443 450 1619 2444 431 1620 2445 830 1621 2446 822 1605 2447 437 1622 2448 834 1623 2449 464 1624 2450 438 1625 2451 836 1626 2452 835 1627 2453 438 1625 2454 830 1621 2455 449 1628 2456 437 1622 2457 829 1618 2458 831 1629 2459 446 1630 2460 837 1631 2461 456 1632 2462 445 1633 2463 839 1634 2464 446 935 2465 445 1633 2466 842 1635 2467 840 1636 2468 444 1637 2469 841 1638 2470 842 1639 2471 456 1632 2472 836 1626 2473 463 1640 2474 457 1641 2475 834 1623 2476 841 1638 2477 295 1642 2478 846 1643 2479 302 1644 2480 296 1645 2481 848 1646 2482 847 1647 2483 291 612 2484 849 1648 2485 850 1649 2486 296 609 2487 849 1650 2488 297 1651 2489 295 600 2490 851 1652 2491 843 1653 2492 293 597 2493 851 1654 2494 294 1655 2495 292 594 2496 852 1656 2497 293 1657 2498 292 591 2499 850 1658 2500 853 1659 2501 302 1644 2502 855 1660 2503 322 1661 2504 303 1662 2505 856 1663 2506 848 1646 2507 309 1664 2508 860 1665 2509 336 1666 2510 310 1667 2511 862 1668 2512 861 1669 2513 310 1667 2514 856 1663 2515 321 1670 2516 309 1664 2517 855 1660 2518 857 1671 2519 318 1672 2520 863 1673 2521 328 1674 2522 317 1675 2523 865 1676 2524 318 685 2525 317 1675 2526 868 1677 2527 866 1678 2528 316 1679 2529 867 1680 2530 868 1681 2531 328 1674 2532 862 1668 2533 335 1682 2534 329 1683 2535 860 1665 2536 867 1680 2537 669 1684 2538 871 1685 2539 870 1686 2540 668 1687 2541 872 1688 2542 676 1689 2543 674 1358 2544 874 1690 2545 667 1691 2546 673 1357 2547 873 1692 2548 674 1355 2549 672 1352 2550 875 1693 2551 673 1694 2552 672 1695 2553 877 1696 2554 876 1697 2555 671 1346 2556 878 1698 2557 877 1699 2558 669 1343 2559 878 1700 2560 670 1701 2561 668 1337 2562 874 1702 2563 869 1703 2564 676 1704 2565 879 1705 2566 675 1706 2567 675 1707 2568 881 1708 2569 711 1709 2570 677 1710 2571 882 1711 2572 871 1685 2573 704 1712 2574 883 1713 2575 886 1714 2576 703 1715 2577 887 1716 2578 684 1717 2579 703 1715 2580 889 1718 2581 888 1719 2582 691 1364 2583 889 1720 2584 692 1721 2585 691 1364 2586 891 1722 2587 890 1723 2588 704 1712 2589 891 1724 2590 690 1725 2591 684 1717 2592 882 1711 2593 710 1726 2594 683 1727 2595 881 1708 2596 883 1713 2597 341 1728 2598 895 1729 2599 348 1730 2600 342 1731 2601 897 1732 2602 896 1733 2603 341 709 2604 898 1734 2605 892 1735 2606 347 1736 2607 899 1737 2608 898 1738 2609 346 1739 2610 900 1740 2611 899 1741 2612 344 702 2613 900 1742 2614 345 700 2615 343 699 2616 901 1743 2617 344 697 2618 342 694 2619 902 1744 2620 343 1745 2621 355 1746 2622 895 1729 2623 904 1747 2624 356 1748 2625 897 1732 2626 349 1749 2627 355 1746 2628 907 1750 2629 362 1751 2630 356 1748 2631 908 1752 2632 905 1753 2633 370 715 2634 910 1754 2635 909 1755 2636 369 1756 2637 907 1750 2638 910 1757 2639 371 1758 2640 908 1752 2641 363 1759 2642 370 715 2643 911 1760 2644 371 1761 2645 470 1762 2646 915 1763 2647 477 1764 2648 471 1765 2649 917 1766 2650 916 1767 2651 469 1768 2652 918 1769 2653 919 1770 2654 475 1771 2655 920 1772 2656 918 1773 2657 474 953 2658 921 1774 2659 920 1775 2660 472 952 2661 921 1776 2662 473 950 2663 471 949 2664 922 1777 2665 472 947 2666 470 938 2667 919 1778 2668 912 1779 2669 484 1780 2670 915 1763 2671 924 1781 2672 478 1782 2673 925 1783 2674 917 1766 2675 484 1780 2676 927 1784 2677 491 1785 2678 485 1786 2679 928 1787 2680 925 1783 2681 499 1788 2682 930 1789 2683 929 1790 2684 498 1791 2685 927 1784 2686 930 1792 2687 500 1793 2688 928 1787 2689 492 1794 2690 499 1788 2691 931 1795 2692 500 1796 2693 111 1797 2694 935 1798 2695 118 1799 2696 112 1800 2697 937 1801 2698 936 1802 2699 107 1803 2700 938 1804 2701 939 1805 2702 112 228 2703 938 1806 2704 113 226 2705 111 217 2706 940 1807 2707 932 1808 2708 110 1809 2709 941 1810 2710 940 1811 2711 109 1812 2712 942 1813 2713 941 1814 2714 107 210 2715 942 1815 2716 108 208 2717 136 1816 2718 943 1817 2719 135 270 2720 137 273 2721 944 1818 2722 136 274 2723 137 276 2724 946 1819 2725 945 1820 2726 138 280 2727 947 1821 2728 946 1819 2729 141 292 2730 949 1822 2731 140 288 2732 141 292 2733 943 1823 2734 950 1824 2735 118 1799 2736 952 1825 2737 125 1826 2738 119 1827 2739 953 1828 2740 937 1801 2741 125 1826 2742 955 1829 2743 144 1830 2744 126 1831 2745 956 1832 2746 953 1828 2747 139 279 2748 957 1833 2749 947 1821 2750 140 288 2751 959 1834 2752 133 1835 2753 133 1835 2754 956 1832 2755 143 1836 2756 132 1837 2757 955 1829 2758 957 1833 2759 154 1838 2760 963 1839 2761 161 1840 2762 155 1841 2763 965 1842 2764 964 1843 2765 155 323 2766 966 1844 2767 149 1845 2768 154 314 2769 967 1846 2770 960 1847 2771 153 1848 2772 968 1849 2773 967 1850 2774 152 1851 2775 969 1852 2776 968 1853 2777 151 1854 2778 970 1855 2779 969 1856 2780 149 304 2781 970 1857 2782 150 302 2783 161 1840 2784 972 1858 2785 168 1859 2786 162 1860 2787 973 1861 2788 965 1842 2789 168 1859 2790 975 1862 2791 186 1863 2792 169 1864 2793 976 1865 2794 973 1861 2795 183 1866 2796 980 1867 2797 979 1868 2798 182 1869 2799 977 1870 2800 980 1871 2801 184 1872 2802 981 1873 2803 176 1874 2804 183 1866 2805 982 1875 2806 184 329 2807 176 1874 2808 976 1865 2809 185 1876 2810 175 1877 2811 975 1862 2812 977 1870 2813 662 1878 2814 983 1879 2815 984 1880 2816 661 1881 2817 985 1882 2818 983 1881 2819 635 1261 2820 985 1883 2821 637 1263 2822 662 1878 2823 987 1884 2824 663 1885 2825 635 1261 2826 988 1886 2827 986 1887 2828 634 1888 2829 987 1889 2830 988 1888 2831 239 1890 2832 992 1891 2833 246 1892 2834 240 1893 2835 994 1894 2836 993 1895 2837 240 503 2838 995 1896 2839 234 501 2840 239 492 2841 996 1897 2842 989 1898 2843 238 1899 2844 997 1900 2845 996 1901 2846 237 1902 2847 998 1903 2848 997 1904 2849 235 485 2850 998 1905 2851 236 483 2852 235 1906 2853 995 1907 2854 999 1908 2855 246 1892 2856 1001 1909 2857 271 1910 2858 247 1911 2859 1002 1912 2860 994 1894 2861 253 1913 2862 1006 1914 2863 277 1915 2864 254 1916 2865 1008 1917 2866 1007 1918 2867 268 1919 2868 1012 1920 2869 1011 1921 2870 267 1922 2871 1009 1923 2872 1012 1924 2873 269 1925 2874 1013 1926 2875 261 1927 2876 268 1919 2877 1014 1928 2878 269 507 2879 254 1929 2880 1002 1912 2881 270 1930 2882 253 1913 2883 1001 1909 2884 1003 1931 2885 277 1915 2886 1016 1932 2887 285 1933 2888 283 1934 2889 1017 1935 2890 1008 1917 2891 261 1927 2892 1017 1935 2893 284 1936 2894 260 1937 2895 1016 1932 2896 1009 1923 2897 0 1938 2898 1021 1939 2899 7 1940 2900 1 1941 2901 1023 1942 2902 1022 1943 2903 0 1944 2904 1024 1945 2905 1018 1946 2906 6 1947 2907 1025 1948 2908 1024 1949 2909 5 1950 2910 1026 1951 2911 1025 1952 2912 4 1953 2913 1027 1954 2914 1026 1955 2915 2 11 2916 1027 1956 2917 3 9 2918 1 6 2919 1028 1957 2920 2 1958 2921 7 1940 2922 1030 1959 2923 35 1960 2924 8 1961 2925 1031 1962 2926 1023 1942 2927 14 1963 2928 1035 1964 2929 49 1965 2930 48 1966 2931 1036 1967 2932 15 1968 2933 15 1968 2934 1031 1962 2935 34 1969 2936 14 1963 2937 1030 1959 2938 1032 1970 2939 41 1971 2940 1040 1972 2941 1038 1973 2942 23 1974 2943 1041 1975 2944 1040 1976 2945 22 1977 2946 1043 1978 2947 1041 1975 2948 42 1979 2949 1043 1980 2950 21 1981 2951 41 1971 2952 1037 1982 2953 48 1983 2954 42 1979 2955 1035 1964 2956 1042 1984 2957 196 1985 2958 1047 1986 2959 203 1987 2960 197 1988 2961 1049 1989 2962 1048 1990 2963 198 417 2964 1051 1991 2965 192 415 2966 197 412 2967 1050 1992 2968 198 1993 2969 196 403 2970 1052 1994 2971 1044 1995 2972 194 400 2973 1052 1996 2974 195 1997 2975 193 399 2976 1053 1998 2977 194 397 2978 192 394 2979 1054 1999 2980 193 2000 2981 221 462 2982 1055 2001 2983 220 463 2984 222 2002 2985 1056 2003 2986 221 465 2987 223 469 2988 1057 2004 2989 222 467 2990 223 469 2991 1059 2005 2992 1058 2006 2993 226 474 2994 1061 2007 2995 225 475 2996 226 474 2997 1055 2008 2998 1062 2009 2999 203 1987 3000 1064 2010 3001 229 2011 3002 204 2012 3003 1065 2013 3004 1049 1989 3005 217 2014 3006 1066 2015 3007 1069 2016 3008 218 2017 3009 1070 2018 3010 211 2019 3011 224 468 3012 1069 2016 3013 1059 2005 3014 225 475 3015 1071 2020 3016 218 2017 3017 211 2019 3018 1065 2013 3019 228 2021 3020 210 2022 3021 1064 2010 3022 1066 2015 3023 716 2023 3024 1075 2024 3025 723 2025 3026 717 2026 3027 1077 2027 3028 1076 2028 3029 718 1444 3030 1079 2029 3031 712 1442 3032 717 1439 3033 1078 2030 3034 718 2031 3035 716 1430 3036 1080 2032 3037 1072 2033 3038 715 2034 3039 1081 2035 3040 1080 2036 3041 714 1424 3042 1082 2037 3043 1081 2038 3044 713 2039 3045 1079 2040 3046 1082 2041 3047 723 2025 3048 1084 2042 3049 750 2043 3050 724 2044 3051 1085 2045 3052 1077 2027 3053 737 2046 3054 1086 2047 3055 1089 2048 3056 738 2049 3057 1090 2050 3058 731 2051 3059 745 1450 3060 1093 2052 3061 1092 2053 3062 737 2046 3063 1093 2054 3064 744 2055 3065 738 2049 3066 1094 2056 3067 1091 2057 3068 745 1450 3069 1094 2058 3070 746 2059 3071 731 2051 3072 1085 2045 3073 749 2060 3074 730 2061 3075 1084 2042 3076 1086 2047 3077 51 2062 3078 1098 2063 3079 58 2064 3080 52 2065 3081 1100 2066 3082 1099 2067 3083 56 120 3084 1102 2068 3085 50 2069 3086 55 119 3087 1101 2070 3088 56 117 3089 55 2071 3090 1104 2072 3091 1103 2073 3092 53 113 3093 1104 2074 3094 54 111 3095 52 110 3096 1105 2075 3097 53 108 3098 51 99 3099 1102 2076 3100 1095 2077 3101 58 2064 3102 1107 2078 3103 91 2079 3104 59 2080 3105 1108 2081 3106 1100 2066 3107 98 2082 3108 1109 2083 3109 1112 2084 3110 97 2085 3111 1113 2086 3112 66 2087 3113 104 2088 3114 1115 2089 3115 1118 2090 3116 103 2091 3117 1119 2092 3118 73 2093 3119 66 2087 3120 1108 2081 3121 90 2094 3122 65 2095 3123 1107 2078 3124 1109 2083 3125 97 2085 3126 1119 2096 3127 1114 2097 3128 98 2082 3129 1115 2089 3130 72 2098 3131 103 2091 3132 1121 2099 3133 1120 2100 3134 80 2101 3135 1121 2102 3136 81 2103 3137 80 2101 3138 1123 2104 3139 1122 2105 3140 104 2088 3141 1123 2106 3142 79 2107 3143 505 2108 3144 1127 2109 3145 512 2110 3146 506 2111 3147 1129 2112 3148 1128 2113 3149 505 1029 3150 1130 2114 3151 1124 2115 3152 510 1026 3153 1130 2116 3154 511 2117 3155 509 1023 3156 1131 2118 3157 510 2119 3158 509 1020 3159 1133 2120 3160 1132 2121 3161 508 1017 3162 1134 2122 3163 1133 2123 3164 506 1014 3165 1134 2124 3166 507 2125 3167 512 2110 3168 1136 2126 3169 547 2127 3170 513 2128 3171 1137 2129 3172 1129 2112 3173 554 2130 3174 1138 2131 3175 1141 2132 3176 553 2133 3177 1142 2134 3178 520 2135 3179 560 2136 3180 1144 2137 3181 1147 2138 3182 559 2139 3183 1148 2140 3184 527 2141 3185 520 2135 3186 1137 2129 3187 546 2142 3188 519 2143 3189 1136 2126 3190 1138 2131 3191 553 2133 3192 1148 2140 3193 1143 2144 3194 554 2130 3195 1144 2137 3196 526 2145 3197 559 2139 3198 1150 2146 3199 1149 2147 3200 534 2148 3201 1150 2149 3202 535 2150 3203 534 2148 3204 1152 2151 3205 1151 2152 3206 560 2136 3207 1152 2153 3208 533 2154 3209 1153 2155 3210 649 1308 3211 1154 1234 3212 1155 1231 3213 649 1311 3214 650 1313 3215 1156 1252 3216 650 1314 3217 643 1316 3218 1157 1249 3219 643 1293 3220 644 1295 3221 1158 1247 3222 644 1296 3223 645 1298 3224 1159 1244 3225 645 2156 3226 646 1299 3227 1159 1240 3228 647 1302 3229 1160 1241 3230 1160 1237 3231 648 1305 3232 1153 1238 3233 618 1232 3234 1162 2157 3235 619 1230 3236 619 1235 3237 1164 2158 3238 620 1233 3239 620 1236 3240 1165 2159 3241 621 2160 3242 621 1239 3243 1166 2161 3244 622 2162 3245 622 1242 3246 1167 2163 3247 623 2164 3248 623 1245 3249 1168 2165 3250 624 2166 3251 624 1250 3252 1169 2167 3253 625 1248 3254 625 1253 3255 1161 2168 3256 618 1251 3257 1018 0 3258 1019 2169 3259 1020 1 3260 1022 3 3261 1023 29 3262 1020 4 3263 1 6 3264 2 1958 3265 9 7 3266 3 9 3267 10 32 3268 9 10 3269 3 12 3270 4 1953 3271 11 13 3272 4 15 3273 5 1950 3274 12 16 3275 5 18 3276 6 1947 3277 13 19 3278 6 21 3279 0 1944 3280 7 22 3281 1019 2170 3282 1018 2171 3283 1022 2172 3284 1018 2171 3285 1024 24 3286 1028 26 3287 1024 24 3288 1025 2173 3289 1026 25 3290 1026 25 3291 1027 2174 3292 1028 26 3293 1028 26 3294 1022 2172 3295 1018 2171 3296 1021 2 3297 1020 1 3298 1029 27 3299 1023 29 3300 1031 2175 3301 1029 30 3302 9 7 3303 33 2176 3304 34 31 3305 10 32 3306 32 2177 3307 33 33 3308 11 13 3309 31 2178 3310 32 34 3311 11 17 3312 12 16 3313 30 35 3314 12 20 3315 13 19 3316 29 37 3317 13 23 3318 7 22 3319 35 39 3320 1033 41 3321 1034 2179 3322 1035 42 3323 1036 44 3324 1037 2180 3325 1034 45 3326 16 47 3327 47 2181 3328 48 48 3329 16 50 3330 17 66 3331 46 51 3332 17 53 3333 18 65 3334 45 54 3335 18 56 3336 19 2182 3337 44 57 3338 19 59 3339 20 2183 3340 43 60 3341 14 62 3342 49 95 3343 43 63 3344 29 37 3345 20 2183 3346 19 59 3347 30 35 3348 19 2182 3349 18 56 3350 32 34 3351 31 2178 3352 18 65 3353 33 33 3354 32 2177 3355 17 66 3356 34 31 3357 33 2176 3358 16 47 3359 1029 30 3360 1031 2175 3361 1036 44 3362 1029 27 3363 1033 41 3364 1032 43 3365 35 39 3366 14 62 3367 20 64 3368 36 67 3369 28 2184 3370 27 68 3371 37 70 3372 27 2185 3373 26 71 3374 38 73 3375 26 2186 3376 25 74 3377 40 76 3378 39 91 3379 25 77 3380 41 79 3381 40 92 3382 24 80 3383 1039 82 3384 1038 93 3385 1040 83 3386 1042 85 3387 1039 94 3388 1041 86 3389 36 88 3390 42 2187 3391 21 89 3392 43 60 3393 36 67 3394 37 69 3395 44 57 3396 37 70 3397 38 72 3398 45 54 3399 38 73 3400 39 75 3401 47 52 3402 46 51 3403 39 91 3404 48 48 3405 47 2181 3406 40 92 3407 1034 45 3408 1037 2180 3409 1038 93 3410 1035 42 3411 1034 2179 3412 1039 94 3413 49 95 3414 42 2187 3415 36 88 3416 21 98 3417 22 1977 3418 23 1974 3419 23 1974 3420 24 2188 3421 21 98 3422 24 2188 3423 25 2189 3424 21 98 3425 25 2189 3426 26 2190 3427 21 98 3428 26 2190 3429 27 96 3430 21 98 3431 51 99 3432 58 2191 3433 57 100 3434 1095 102 3435 1096 2192 3436 1097 103 3437 1099 105 3438 1100 132 3439 1097 106 3440 53 108 3441 60 134 3442 59 109 3443 54 111 3444 61 136 3445 60 112 3446 54 114 3447 55 2071 3448 62 115 3449 56 117 3450 63 2193 3451 62 118 3452 56 120 3453 50 2069 3454 57 121 3455 1095 125 3456 1102 2194 3457 1105 2195 3458 1102 2194 3459 1101 2196 3460 1103 2197 3461 1105 2195 3462 1103 2197 3463 1104 2198 3464 1102 2194 3465 1103 2197 3466 1105 2195 3467 1105 2195 3468 1099 123 3469 1095 125 3470 85 128 3471 78 2199 3472 81 2103 3473 78 2199 3474 79 2200 3475 81 2103 3476 79 2200 3477 80 2101 3478 81 2103 3479 81 2103 3480 82 2201 3481 85 128 3482 82 2201 3483 83 126 3484 85 128 3485 57 100 3486 58 2191 3487 91 129 3488 1097 103 3489 1106 2202 3490 1107 131 3491 1100 132 3492 1108 2203 3493 1106 133 3494 60 134 3495 89 2204 3496 90 135 3497 61 136 3498 88 2205 3499 89 137 3500 61 116 3501 62 115 3502 87 138 3503 62 118 3504 63 2193 3505 86 140 3506 63 122 3507 57 121 3508 92 142 3509 65 144 3510 98 2206 3511 99 145 3512 1109 147 3513 1110 195 3514 1111 148 3515 1110 150 3516 1113 194 3517 1114 151 3518 66 153 3519 67 193 3520 96 154 3521 67 156 3522 68 192 3523 95 157 3524 69 159 3525 94 2207 3526 95 160 3527 70 162 3528 93 2208 3529 94 163 3530 64 165 3531 99 2209 3532 93 166 3533 72 168 3534 104 2210 3535 105 169 3536 1115 171 3537 1116 2211 3538 1117 172 3539 1116 174 3540 1119 2212 3541 1120 175 3542 73 177 3543 74 2213 3544 102 178 3545 74 180 3546 75 2214 3547 101 181 3548 76 183 3549 100 2215 3550 101 184 3551 77 186 3552 106 2216 3553 100 187 3554 71 189 3555 105 2217 3556 106 190 3557 86 140 3558 70 162 3559 69 164 3560 87 138 3561 69 159 3562 68 161 3563 89 137 3564 88 2205 3565 68 192 3566 90 135 3567 89 2204 3568 67 193 3569 1106 133 3570 1108 2203 3571 1113 194 3572 1107 131 3573 1106 2202 3574 1110 195 3575 91 129 3576 65 144 3577 64 146 3578 92 142 3579 64 165 3580 70 167 3581 94 163 3582 93 2208 3583 77 186 3584 95 160 3585 94 2207 3586 76 183 3587 95 157 3588 75 2214 3589 74 180 3590 96 154 3591 74 2213 3592 73 177 3593 1114 151 3594 1119 2212 3595 1116 174 3596 1111 148 3597 1116 2211 3598 1115 171 3599 99 145 3600 98 2206 3601 72 168 3602 93 166 3603 99 2209 3604 71 189 3605 101 184 3606 100 2215 3607 84 196 3608 101 181 3609 83 2218 3610 82 198 3611 102 178 3612 82 2219 3613 81 199 3614 1120 175 3615 1121 2220 3616 1122 200 3617 1117 172 3618 1122 2221 3619 1123 201 3620 105 169 3621 104 2210 3622 79 202 3623 106 190 3624 105 2217 3625 78 204 3626 100 187 3627 106 2216 3628 85 206 3629 108 208 3630 115 238 3631 114 209 3632 108 211 3633 109 1812 3634 116 212 3635 109 214 3636 110 1809 3637 117 215 3638 111 217 3639 118 2222 3640 117 218 3641 932 220 3642 933 2223 3643 934 221 3644 936 223 3645 937 248 3646 934 224 3647 113 226 3648 120 250 3649 119 227 3650 113 229 3651 107 1803 3652 114 230 3653 942 232 3654 939 2224 3655 938 233 3656 938 233 3657 936 2225 3658 940 234 3659 936 2225 3660 933 2226 3661 932 2227 3662 940 234 3663 936 2225 3664 932 2227 3665 940 234 3666 941 2228 3667 942 232 3668 950 235 3669 943 2229 3670 944 236 3671 944 236 3672 945 2230 3673 946 237 3674 946 237 3675 947 2231 3676 950 235 3677 947 2231 3678 948 2232 3679 949 2233 3680 950 235 3681 947 2231 3682 949 2233 3683 115 238 3684 122 253 3685 121 239 3686 115 213 3687 116 212 3688 123 240 3689 116 216 3690 117 215 3691 124 242 3692 117 218 3693 118 2222 3694 125 244 3695 935 222 3696 934 221 3697 951 246 3698 937 248 3699 953 263 3700 951 249 3701 120 250 3702 127 265 3703 126 251 3704 114 230 3705 121 267 3706 127 252 3707 122 253 3708 147 300 3709 148 254 3710 122 241 3711 123 240 3712 146 255 3713 123 243 3714 124 242 3715 145 257 3716 124 245 3717 125 244 3718 144 259 3719 952 247 3720 951 246 3721 954 261 3722 953 263 3723 956 294 3724 954 264 3725 127 265 3726 142 293 3727 143 266 3728 121 267 3729 148 301 3730 142 268 3731 129 269 3732 136 1816 3733 135 270 3734 129 272 3735 130 299 3736 137 273 3737 131 275 3738 138 280 3739 137 276 3740 131 278 3741 132 298 3742 139 279 3743 958 281 3744 948 2234 3745 947 282 3746 958 284 3747 959 2235 3748 949 285 3749 134 287 3750 141 292 3751 140 288 3752 134 290 3753 128 2236 3754 135 291 3755 142 293 3756 134 287 3757 133 289 3758 956 294 3759 959 2237 3760 958 295 3761 955 262 3762 954 261 3763 958 296 3764 145 260 3765 144 259 3766 132 298 3767 146 258 3768 145 257 3769 131 275 3770 147 256 3771 146 255 3772 130 299 3773 147 300 3774 129 269 3775 128 271 3776 148 301 3777 128 2236 3778 134 290 3779 150 302 3780 157 332 3781 156 303 3782 150 305 3783 151 1854 3784 158 306 3785 151 308 3786 152 1851 3787 159 309 3788 152 311 3789 153 1848 3790 160 312 3791 154 314 3792 161 2238 3793 160 315 3794 960 317 3795 961 2239 3796 962 318 3797 964 320 3798 965 343 3799 962 321 3800 155 323 3801 149 1845 3802 156 324 3803 970 2240 3804 966 328 3805 969 327 3806 966 328 3807 964 2241 3808 960 2242 3809 964 2241 3810 961 2243 3811 960 2242 3812 960 2242 3813 967 326 3814 966 328 3815 967 326 3816 968 2244 3817 969 327 3818 184 329 3819 177 2245 3820 178 330 3821 178 330 3822 179 2246 3823 180 331 3824 180 331 3825 181 2247 3826 184 329 3827 181 2247 3828 182 2248 3829 184 329 3830 182 2248 3831 183 1866 3832 184 329 3833 157 332 3834 164 346 3835 163 333 3836 157 307 3837 158 306 3838 165 334 3839 158 310 3840 159 309 3841 166 336 3842 159 313 3843 160 312 3844 167 338 3845 160 315 3846 161 2238 3847 168 340 3848 962 318 3849 971 356 3850 972 342 3851 965 343 3852 973 358 3853 971 344 3854 156 324 3855 163 360 3856 169 345 3857 164 346 3858 190 392 3859 191 347 3860 164 335 3861 165 334 3862 189 348 3863 165 337 3864 166 336 3865 188 350 3866 166 339 3867 167 338 3868 187 352 3869 167 341 3870 168 340 3871 186 354 3872 971 356 3873 974 387 3874 975 357 3875 973 358 3876 976 386 3877 974 359 3878 163 360 3879 191 393 3880 185 361 3881 171 362 3882 178 2249 3883 177 363 3884 172 365 3885 179 2250 3886 178 366 3887 172 368 3888 173 391 3889 180 369 3890 174 371 3891 181 2251 3892 180 372 3893 175 374 3894 182 2252 3895 181 375 3896 977 377 3897 978 2253 3898 979 378 3899 978 380 3900 981 2254 3901 982 381 3902 176 383 3903 170 2255 3904 177 384 3905 976 386 3906 981 2254 3907 978 380 3908 974 387 3909 978 2256 3910 977 388 3911 187 355 3912 186 354 3913 175 389 3914 188 353 3915 187 352 3916 174 371 3917 189 351 3918 188 350 3919 173 391 3920 190 349 3921 189 348 3922 172 365 3923 190 392 3924 171 362 3925 170 364 3926 191 393 3927 170 2255 3928 176 383 3929 192 394 3930 193 2000 3931 200 395 3932 194 397 3933 201 2257 3934 200 398 3935 194 400 3936 195 1997 3937 202 401 3938 196 403 3939 203 2258 3940 202 404 3941 1044 406 3942 1045 2259 3943 1046 407 3944 1048 409 3945 1049 433 3946 1046 410 3947 197 412 3948 198 1993 3949 205 413 3950 192 415 3951 199 436 3952 205 416 3953 1054 418 3954 1051 2260 3955 1050 419 3956 1050 419 3957 1048 2261 3958 1044 2262 3959 1048 2261 3960 1045 2263 3961 1044 2262 3962 1044 2262 3963 1052 420 3964 1050 419 3965 1052 420 3966 1053 2264 3967 1054 418 3968 1062 421 3969 1055 2265 3970 1056 422 3971 1056 422 3972 1057 2266 3973 1058 423 3974 1058 423 3975 1059 2267 3976 1062 421 3977 1059 2267 3978 1060 2268 3979 1061 2269 3980 1062 421 3981 1059 2267 3982 1061 2269 3983 200 395 3984 232 478 3985 233 424 3986 200 398 3987 201 2257 3988 231 425 3989 201 402 3990 202 401 3991 230 427 3992 202 404 3993 203 2258 3994 229 429 3995 1047 408 3996 1046 407 3997 1063 431 3998 1049 433 3999 1065 477 4000 1063 434 4001 205 413 4002 227 476 4003 228 435 4004 199 436 4005 233 479 4006 227 437 4007 206 438 4008 207 2270 4009 214 439 4010 208 441 4011 215 464 4012 214 442 4013 209 444 4014 216 466 4015 215 445 4016 210 447 4017 217 2271 4018 216 448 4019 1067 450 4020 1068 470 4021 1069 451 4022 1067 453 4023 1070 2272 4024 1071 454 4025 211 456 4026 212 2273 4027 219 457 4028 212 459 4029 206 2274 4030 213 460 4031 213 440 4032 214 439 4033 221 462 4034 215 464 4035 222 2002 4036 221 465 4037 216 466 4038 223 469 4039 222 467 4040 216 448 4041 217 2271 4042 224 468 4043 1068 470 4044 1060 2275 4045 1059 471 4046 1068 455 4047 1071 454 4048 1061 472 4049 218 458 4050 219 457 4051 226 474 4052 213 460 4053 220 2276 4054 226 474 4055 227 476 4056 212 2273 4057 211 456 4058 1065 477 4059 1070 2272 4060 1067 453 4061 1064 432 4062 1063 431 4063 1067 450 4064 230 430 4065 229 429 4066 210 447 4067 231 428 4068 230 427 4069 209 444 4070 232 426 4071 231 425 4072 208 441 4073 232 478 4074 207 2270 4075 206 438 4076 233 479 4077 206 2274 4078 212 459 4079 234 480 4080 235 1906 4081 242 481 4082 236 483 4083 243 2277 4084 242 484 4085 236 486 4086 237 1902 4087 244 487 4088 237 489 4089 238 1899 4090 245 490 4091 239 492 4092 246 2278 4093 245 493 4094 989 495 4095 990 2279 4096 991 496 4097 993 498 4098 994 520 4099 991 499 4100 234 501 4101 241 522 4102 247 502 4103 999 2280 4104 995 506 4105 998 505 4106 995 506 4107 993 2281 4108 989 2282 4109 993 2281 4110 990 2283 4111 989 2282 4112 989 2282 4113 996 504 4114 995 506 4115 996 504 4116 997 2284 4117 998 505 4118 269 507 4119 262 2285 4120 263 508 4121 263 508 4122 264 2286 4123 265 509 4124 265 509 4125 266 2287 4126 269 507 4127 266 2287 4128 267 2288 4129 269 507 4130 267 2288 4131 268 1919 4132 269 507 4133 242 481 4134 275 2289 4135 276 510 4136 242 484 4137 243 2277 4138 274 511 4139 243 488 4140 244 487 4141 273 513 4142 244 491 4143 245 490 4144 272 515 4145 245 493 4146 246 2278 4147 271 517 4148 991 496 4149 1000 2290 4150 1001 519 4151 994 520 4152 1002 2291 4153 1000 521 4154 241 522 4155 276 2292 4156 270 523 4157 249 524 4158 281 582 4159 282 525 4160 249 527 4161 250 2293 4162 280 528 4163 250 530 4164 251 2294 4165 279 531 4166 251 533 4167 252 2295 4168 278 534 4169 252 536 4170 253 2296 4171 277 537 4172 1004 539 4173 1005 572 4174 1006 540 4175 1007 542 4176 1008 586 4177 1005 543 4178 248 545 4179 282 584 4180 283 546 4181 256 548 4182 263 2297 4183 262 549 4184 256 551 4185 257 589 4186 264 552 4187 257 554 4188 258 2298 4189 265 555 4190 259 557 4191 266 2299 4192 265 558 4193 260 560 4194 267 2300 4195 266 561 4196 1010 563 4197 1011 2301 4198 1012 564 4199 1010 566 4200 1013 588 4201 1014 567 4202 255 569 4203 262 2302 4204 269 570 4205 1000 521 4206 1002 2291 4207 1007 542 4208 1001 519 4209 1000 2290 4210 1004 539 4211 271 517 4212 253 2296 4213 252 536 4214 272 515 4215 252 2295 4216 251 533 4217 273 513 4218 251 2294 4219 250 530 4220 274 511 4221 250 2293 4222 249 527 4223 276 510 4224 275 2289 4225 249 524 4226 270 523 4227 276 2292 4228 248 545 4229 1005 572 4230 1015 2303 4231 1016 573 4232 278 538 4233 277 537 4234 285 574 4235 279 535 4236 278 534 4237 286 576 4238 280 532 4239 279 531 4240 287 578 4241 281 529 4242 280 528 4243 288 580 4244 281 582 4245 289 590 4246 290 583 4247 282 584 4248 290 2304 4249 284 585 4250 1008 586 4251 1017 2305 4252 1015 587 4253 1015 587 4254 1017 2305 4255 1013 588 4256 1016 573 4257 1015 2303 4258 1010 563 4259 285 574 4260 260 560 4261 259 562 4262 286 576 4263 259 557 4264 258 559 4265 287 578 4266 258 2298 4267 257 554 4268 289 581 4269 288 580 4270 257 589 4271 289 590 4272 256 548 4273 255 550 4274 284 585 4275 290 2304 4276 255 569 4277 292 591 4278 299 618 4279 298 592 4280 292 594 4281 293 1657 4282 300 595 4283 293 597 4284 294 1655 4285 301 598 4286 295 600 4287 302 2306 4288 301 601 4289 843 603 4290 844 2307 4291 845 604 4292 847 606 4293 848 628 4294 845 607 4295 296 609 4296 297 1651 4297 304 610 4298 291 612 4299 298 631 4300 304 613 4301 853 615 4302 850 2308 4303 849 616 4304 849 616 4305 847 2309 4306 843 2310 4307 847 2309 4308 844 2311 4309 843 2310 4310 843 2310 4311 851 617 4312 849 616 4313 851 617 4314 852 2312 4315 853 615 4316 299 618 4317 325 2313 4318 326 619 4319 299 596 4320 300 595 4321 324 620 4322 300 599 4323 301 598 4324 323 622 4325 301 601 4326 302 2306 4327 322 624 4328 846 605 4329 845 604 4330 854 626 4331 848 628 4332 856 2314 4333 854 629 4334 304 610 4335 320 2315 4336 321 630 4337 298 631 4338 326 2316 4339 320 632 4340 306 633 4341 339 2317 4342 340 634 4343 306 636 4344 307 2318 4345 338 637 4346 307 639 4347 308 2319 4348 337 640 4349 308 642 4350 309 2320 4351 336 643 4352 857 645 4353 858 2321 4354 859 646 4355 861 648 4356 862 2322 4357 859 649 4358 311 651 4359 334 2323 4360 335 652 4361 305 654 4362 340 2324 4363 334 655 4364 321 630 4365 320 2315 4366 311 651 4367 854 629 4368 856 2314 4369 861 648 4370 854 626 4371 858 2321 4372 857 645 4373 322 624 4374 309 2320 4375 308 642 4376 323 622 4377 308 2319 4378 307 639 4379 324 620 4380 307 2318 4381 306 636 4382 326 619 4383 325 2313 4384 306 633 4385 320 632 4386 326 2316 4387 305 654 4388 328 657 4389 327 681 4390 319 658 4391 864 660 4392 863 682 4393 865 661 4394 864 663 4395 866 2325 4396 868 664 4397 329 666 4398 316 2326 4399 315 667 4400 330 669 4401 315 2327 4402 314 670 4403 331 672 4404 314 2328 4405 313 673 4406 333 675 4407 332 683 4408 313 676 4409 327 678 4410 333 684 4411 312 679 4412 335 652 4413 334 2323 4414 327 681 4415 859 649 4416 862 2322 4417 863 682 4418 859 646 4419 864 663 4420 867 665 4421 336 643 4422 329 666 4423 330 668 4424 337 640 4425 330 669 4426 331 671 4427 338 637 4428 331 672 4429 332 674 4430 340 634 4431 339 2317 4432 332 683 4433 334 655 4434 340 2324 4435 333 684 4436 312 687 4437 313 2329 4438 314 2330 4439 314 2330 4440 315 2331 4441 312 687 4442 315 2331 4443 316 2332 4444 312 687 4445 316 2332 4446 317 1675 4447 312 687 4448 317 1675 4449 318 685 4450 312 687 4451 892 688 4452 893 2333 4453 894 689 4454 896 691 4455 897 2334 4456 894 692 4457 342 694 4458 343 1745 4459 350 695 4460 344 697 4461 351 2335 4462 350 698 4463 345 700 4464 352 2336 4465 351 701 4466 345 703 4467 346 1739 4468 353 704 4469 346 706 4470 347 1736 4471 354 707 4472 341 709 4473 348 729 4474 354 710 4475 893 2337 4476 892 2338 4477 896 2339 4478 892 2338 4479 898 712 4480 896 2339 4481 898 712 4482 899 2340 4483 900 713 4484 900 713 4485 901 2341 4486 902 714 4487 902 714 4488 896 2339 4489 898 712 4490 376 2342 4491 369 2343 4492 370 715 4493 370 715 4494 371 1761 4495 372 716 4496 372 716 4497 373 2344 4498 374 717 4499 374 717 4500 375 2345 4501 376 2342 4502 376 2342 4503 370 715 4504 374 717 4505 894 689 4506 903 2346 4507 904 718 4508 894 692 4509 897 2334 4510 905 719 4511 349 696 4512 350 695 4513 357 721 4514 350 698 4515 351 2335 4516 358 723 4517 351 701 4518 352 2336 4519 359 725 4520 353 704 4521 360 2347 4522 359 727 4523 354 707 4524 361 2348 4525 360 728 4526 348 729 4527 355 2349 4528 361 730 4529 904 718 4530 903 2346 4531 906 731 4532 905 719 4533 908 2350 4534 906 733 4535 357 721 4536 364 746 4537 363 734 4538 358 723 4539 365 2351 4540 364 735 4541 359 725 4542 366 750 4543 365 736 4544 359 727 4545 360 2347 4546 367 737 4547 360 728 4548 361 2348 4549 368 739 4550 361 730 4551 355 2349 4552 362 741 4553 906 731 4554 909 2352 4555 910 743 4556 906 733 4557 908 2350 4558 911 744 4559 364 746 4560 372 2353 4561 371 747 4562 364 735 4563 365 2351 4564 373 748 4565 366 750 4566 374 2354 4567 373 751 4568 366 738 4569 367 737 4570 375 752 4571 368 739 4572 376 2355 4573 375 754 4574 368 742 4575 362 741 4576 369 755 4577 789 757 4578 790 2356 4579 791 758 4580 793 760 4581 794 789 4582 791 761 4583 378 763 4584 379 1577 4585 386 764 4586 379 766 4587 380 1575 4588 387 767 4589 381 769 4590 388 793 4591 387 770 4592 381 772 4593 382 1570 4594 389 773 4595 383 775 4596 390 2357 4597 389 776 4598 377 778 4599 384 2358 4600 390 779 4601 790 2359 4602 789 2360 4603 793 2361 4604 789 2360 4605 795 781 4606 793 2361 4607 795 781 4608 796 2362 4609 797 782 4610 797 782 4611 798 2363 4612 799 783 4613 799 783 4614 793 2361 4615 795 781 4616 807 786 4617 800 2364 4618 802 2365 4619 800 2364 4620 801 2366 4621 802 2365 4622 802 2365 4623 803 784 4624 807 786 4625 803 784 4626 804 2367 4627 805 785 4628 805 785 4629 806 2368 4630 807 786 4631 792 759 4632 791 758 4633 808 787 4634 794 789 4635 810 2369 4636 808 790 4637 386 764 4638 416 2370 4639 417 791 4640 387 767 4641 415 2371 4642 416 792 4643 388 793 4644 414 2372 4645 415 794 4646 388 774 4647 389 773 4648 413 795 4649 389 776 4650 390 2357 4651 412 797 4652 390 779 4653 384 2358 4654 418 799 4655 812 801 4656 813 834 4657 814 802 4658 812 804 4659 815 840 4660 816 805 4661 392 807 4662 393 839 4663 409 808 4664 393 810 4665 394 838 4666 408 811 4667 394 813 4668 395 837 4669 407 814 4670 396 816 4671 406 2373 4672 407 817 4673 397 819 4674 405 2374 4675 406 820 4676 391 822 4677 411 2375 4678 405 823 4679 406 820 4680 405 2374 4681 404 825 4682 407 817 4683 406 2373 4684 403 827 4685 407 814 4686 402 1581 4687 401 829 4688 408 811 4689 401 2376 4690 400 830 4691 409 808 4692 400 830 4693 399 831 4694 813 806 4695 816 805 4696 802 832 4697 813 834 4698 801 2377 4699 800 835 4700 405 823 4701 411 2375 4702 398 836 4703 412 797 4704 397 819 4705 396 821 4706 413 795 4707 396 816 4708 395 818 4709 415 794 4710 414 2372 4711 395 837 4712 416 792 4713 415 2371 4714 394 838 4715 417 791 4716 416 2370 4717 393 839 4718 808 790 4719 810 2369 4720 815 840 4721 808 787 4722 812 801 4723 811 803 4724 418 799 4725 391 822 4726 397 824 4727 420 841 4728 427 868 4729 426 842 4730 420 844 4731 421 1615 4732 428 845 4733 422 847 4734 429 2378 4735 428 848 4736 423 850 4737 430 2379 4738 429 851 4739 817 853 4740 818 2380 4741 819 854 4742 821 856 4743 822 878 4744 819 857 4745 424 859 4746 425 1610 4747 432 860 4748 419 862 4749 426 881 4750 432 863 4751 827 865 4752 824 2381 4753 823 866 4754 823 866 4755 821 2382 4756 817 2383 4757 821 2382 4758 818 2384 4759 817 2383 4760 817 2383 4761 825 867 4762 823 866 4763 825 867 4764 826 2385 4765 827 865 4766 427 868 4767 453 2386 4768 454 869 4769 427 846 4770 428 845 4771 452 870 4772 428 848 4773 429 2378 4774 451 872 4775 429 851 4776 430 2379 4777 450 874 4778 820 855 4779 819 854 4780 828 876 4781 822 878 4782 830 2387 4783 828 879 4784 432 860 4785 448 2388 4786 449 880 4787 426 881 4788 454 2389 4789 448 882 4790 434 883 4791 467 2390 4792 468 884 4793 434 886 4794 435 2391 4795 466 887 4796 435 889 4797 436 2392 4798 465 890 4799 436 892 4800 437 2393 4801 464 893 4802 831 895 4803 832 2394 4804 833 896 4805 835 898 4806 836 2395 4807 833 899 4808 439 901 4809 462 2396 4810 463 902 4811 433 904 4812 468 2397 4813 462 905 4814 449 880 4815 448 2388 4816 439 901 4817 828 879 4818 830 2387 4819 835 898 4820 828 876 4821 832 2394 4822 831 895 4823 450 874 4824 437 2393 4825 436 892 4826 451 872 4827 436 2392 4828 435 889 4829 452 870 4830 435 2391 4831 434 886 4832 454 869 4833 453 2386 4834 434 883 4835 448 882 4836 454 2389 4837 433 904 4838 456 907 4839 455 931 4840 447 908 4841 838 910 4842 837 932 4843 839 911 4844 838 913 4845 840 2398 4846 842 914 4847 457 916 4848 444 2399 4849 443 917 4850 458 919 4851 443 2400 4852 442 920 4853 459 922 4854 442 2401 4855 441 923 4856 461 925 4857 460 933 4858 441 926 4859 455 928 4860 461 934 4861 440 929 4862 463 902 4863 462 2396 4864 455 931 4865 833 899 4866 836 2395 4867 837 932 4868 833 896 4869 838 913 4870 841 915 4871 464 893 4872 457 916 4873 458 918 4874 465 890 4875 458 919 4876 459 921 4877 466 887 4878 459 922 4879 460 924 4880 468 884 4881 467 2390 4882 460 933 4883 462 905 4884 468 2397 4885 461 934 4886 440 937 4887 441 2402 4888 442 2403 4889 442 2403 4890 443 2404 4891 440 937 4892 443 2404 4893 444 2405 4894 440 937 4895 444 2405 4896 445 1633 4897 440 937 4898 445 1633 4899 446 935 4900 440 937 4901 470 938 4902 477 968 4903 476 939 4904 912 941 4905 913 2406 4906 914 942 4907 916 944 4908 917 2407 4909 914 945 4910 472 947 4911 479 2408 4912 478 948 4913 473 950 4914 480 2409 4915 479 951 4916 474 953 4917 481 978 4918 480 954 4919 474 956 4920 475 1771 4921 482 957 4922 475 959 4923 469 1768 4924 476 960 4925 912 964 4926 919 2410 4927 922 2411 4928 919 2410 4929 918 2412 4930 920 2413 4931 922 2411 4932 920 2413 4933 921 2414 4934 919 2410 4935 920 2413 4936 922 2411 4937 922 2411 4938 916 962 4939 912 964 4940 504 967 4941 497 2415 4942 500 1796 4943 497 2415 4944 498 2416 4945 500 1796 4946 498 2416 4947 499 1788 4948 500 1796 4949 500 1796 4950 501 2417 4951 504 967 4952 501 2417 4953 502 965 4954 504 967 4955 477 968 4956 484 2418 4957 483 969 4958 915 943 4959 914 942 4960 923 970 4961 914 945 4962 917 2407 4963 925 972 4964 478 948 4965 479 2408 4966 486 974 4967 479 951 4968 480 2409 4969 487 976 4970 481 978 4971 488 2419 4972 487 979 4973 482 957 4974 489 2420 4975 488 980 4976 476 960 4977 483 2421 4978 489 981 4979 483 969 4980 484 2418 4981 491 982 4982 923 970 4983 926 2422 4984 927 984 4985 925 972 4986 928 2423 4987 926 985 4988 486 974 4989 493 2424 4990 492 986 4991 487 976 4992 494 1001 4993 493 987 4994 487 979 4995 488 2419 4996 495 988 4997 488 980 4998 489 2420 4999 496 990 5000 489 981 5001 483 2421 5002 490 992 5003 491 982 5004 498 2425 5005 497 994 5006 927 984 5007 926 2422 5008 929 995 5009 926 985 5010 928 2423 5011 931 997 5012 492 986 5013 493 2424 5014 501 999 5015 494 1001 5016 502 2426 5017 501 1002 5018 495 988 5019 503 2427 5020 502 1003 5021 495 991 5022 496 990 5023 504 1004 5024 496 993 5025 490 992 5026 497 1006 5027 1124 1008 5028 1125 2428 5029 1126 1009 5030 1128 1011 5031 1129 1040 5032 1126 1012 5033 506 1014 5034 507 2125 5035 514 1015 5036 508 1017 5037 515 1043 5038 514 1018 5039 509 1020 5040 516 1045 5041 515 1021 5042 509 1023 5043 510 2119 5044 517 1024 5045 510 1026 5046 511 2117 5047 518 1027 5048 505 1029 5049 512 2429 5050 518 1030 5051 1125 2430 5052 1124 2431 5053 1128 2432 5054 1124 2431 5055 1130 1032 5056 1134 1034 5057 1130 1032 5058 1131 2433 5059 1132 1033 5060 1132 1033 5061 1133 2434 5062 1134 1034 5063 1134 1034 5064 1128 2432 5065 1124 2431 5066 540 1036 5067 533 2435 5068 534 2148 5069 534 2148 5070 535 2150 5071 540 1036 5072 535 2150 5073 536 1037 5074 540 1036 5075 536 1037 5076 537 2436 5077 538 2437 5078 538 2437 5079 539 1035 5080 536 1037 5081 1127 1010 5082 1126 1009 5083 1135 1038 5084 1129 1040 5085 1137 2438 5086 1135 1041 5087 514 1015 5088 545 2439 5089 546 1042 5090 515 1043 5091 544 2440 5092 545 1044 5093 516 1045 5094 543 2441 5095 544 1046 5096 516 1025 5097 517 1024 5098 542 1047 5099 517 1028 5100 518 1027 5101 541 1049 5102 518 1030 5103 512 2429 5104 547 1051 5105 1139 1053 5106 1140 2442 5107 1141 1054 5108 1139 1056 5109 1142 1104 5110 1143 1057 5111 520 1059 5112 521 1103 5113 552 1060 5114 521 1062 5115 522 1102 5116 551 1063 5117 522 1065 5118 523 1101 5119 550 1066 5120 524 1068 5121 549 2443 5122 550 1069 5123 525 1071 5124 548 2444 5125 549 1072 5126 519 1074 5127 554 2445 5128 548 1075 5129 1145 1077 5130 1146 2446 5131 1147 1078 5132 1145 1080 5133 1148 2447 5134 1149 1081 5135 527 1083 5136 528 2448 5137 558 1084 5138 528 1086 5139 529 2449 5140 557 1087 5141 529 1089 5142 530 2450 5143 556 1090 5144 531 1092 5145 555 2451 5146 556 1093 5147 532 1095 5148 561 2452 5149 555 1096 5150 526 1098 5151 560 2453 5152 561 1099 5153 541 1049 5154 525 1071 5155 524 1073 5156 542 1047 5157 524 1068 5158 523 1070 5159 544 1046 5160 543 2441 5161 523 1101 5162 545 1044 5163 544 2440 5164 522 1102 5165 546 1042 5166 545 2439 5167 521 1103 5168 1135 1041 5169 1137 2438 5170 1142 1104 5171 1135 1038 5172 1139 1053 5173 1138 1055 5174 547 1051 5175 519 1074 5176 525 1076 5177 549 1072 5178 548 2444 5179 532 1095 5180 550 1069 5181 549 2443 5182 531 1092 5183 550 1066 5184 530 2450 5185 529 1089 5186 551 1063 5187 529 2449 5188 528 1086 5189 552 1060 5190 528 2448 5191 527 1083 5192 1143 1057 5193 1148 2447 5194 1145 1080 5195 1141 1054 5196 1140 2442 5197 1145 1077 5198 548 1075 5199 554 2445 5200 526 1098 5201 556 1093 5202 555 2451 5203 539 1105 5204 556 1090 5205 538 2454 5206 537 1107 5207 557 1087 5208 537 2455 5209 536 1108 5210 558 1084 5211 536 2456 5212 535 1109 5213 1149 1081 5214 1150 2457 5215 1151 1110 5216 1147 1078 5217 1146 2446 5218 1151 1111 5219 561 1099 5220 560 2453 5221 533 1113 5222 555 1096 5223 561 2452 5224 540 1115 5225 562 1117 5226 563 1523 5227 570 1118 5228 564 1120 5229 571 2458 5230 570 1121 5231 564 1123 5232 565 1521 5233 572 1124 5234 565 1126 5235 566 1517 5236 573 1127 5237 755 1129 5238 756 2459 5239 757 1130 5240 759 1132 5241 760 1156 5242 757 1133 5243 568 1135 5244 575 1158 5245 574 1136 5246 562 1138 5247 569 1160 5248 575 1139 5249 765 1141 5250 762 2460 5251 761 1142 5252 761 1142 5253 759 2461 5254 763 1143 5255 759 2461 5256 756 2462 5257 755 2463 5258 763 1143 5259 759 2461 5260 755 2463 5261 763 1143 5262 764 2464 5263 765 1141 5264 773 1144 5265 766 2465 5266 767 1145 5267 767 1145 5268 768 2466 5269 769 1146 5270 769 1146 5271 770 2467 5272 772 2468 5273 770 2467 5274 771 2469 5275 772 2468 5276 772 2468 5277 773 1144 5278 769 1146 5279 570 1118 5280 602 2470 5281 603 1147 5282 570 1121 5283 571 2458 5284 601 1148 5285 571 1125 5286 572 1124 5287 600 1150 5288 572 1128 5289 573 1127 5290 599 1152 5291 758 1131 5292 757 1130 5293 774 1154 5294 760 1156 5295 776 2471 5296 774 1157 5297 575 1158 5298 597 2472 5299 598 1159 5300 569 1160 5301 603 2473 5302 597 1161 5303 577 1162 5304 608 1220 5305 609 1163 5306 577 1165 5307 578 2474 5308 607 1166 5309 578 1168 5310 579 2475 5311 606 1169 5312 579 1171 5313 580 2476 5314 605 1172 5315 777 1174 5316 778 2477 5317 779 1175 5318 781 1177 5319 782 1210 5320 779 1178 5321 582 1180 5322 610 1224 5323 604 1181 5324 576 1183 5325 609 1222 5326 610 1184 5327 584 1186 5328 591 1526 5329 590 1187 5330 584 1189 5331 585 1228 5332 592 1190 5333 586 1192 5334 593 1532 5335 592 1193 5336 587 1195 5337 594 2478 5338 593 1196 5339 784 1198 5340 771 2479 5341 770 1199 5342 784 1201 5343 785 1227 5344 772 1202 5345 588 1204 5346 589 1226 5347 596 1205 5348 583 1207 5349 590 1536 5350 596 1208 5351 598 1159 5352 597 2472 5353 582 1180 5354 774 1157 5355 776 2471 5356 781 1177 5357 774 1154 5358 778 2477 5359 777 1174 5360 599 1152 5361 580 2476 5362 579 1171 5363 600 1150 5364 579 2475 5365 578 1168 5366 601 1148 5367 578 2474 5368 577 1165 5369 603 1147 5370 602 2470 5371 577 1162 5372 597 1161 5373 603 2473 5374 576 1183 5375 782 1210 5376 786 2480 5377 787 1211 5378 780 1176 5379 779 1175 5380 787 1212 5381 606 1173 5382 605 1172 5383 613 1214 5384 607 1170 5385 606 1169 5386 614 1216 5387 608 1167 5388 607 1166 5389 615 1218 5390 608 1220 5391 616 1229 5392 617 1221 5393 609 1222 5394 617 2481 5395 611 1223 5396 610 1224 5397 611 2482 5398 612 1225 5399 612 1225 5400 611 2482 5401 589 1226 5402 787 1211 5403 786 2480 5404 785 1227 5405 787 1212 5406 784 1198 5407 783 1200 5408 613 1214 5409 587 1195 5410 586 1197 5411 614 1216 5412 586 1192 5413 585 1194 5414 616 1219 5415 615 1218 5416 585 1228 5417 616 1229 5418 584 1186 5419 583 1188 5420 611 1223 5421 617 2481 5422 583 1207 5423 619 1230 5424 1154 2483 5425 1155 1231 5426 620 1233 5427 1153 2155 5428 1154 1234 5429 620 1236 5430 621 2160 5431 1160 1237 5432 621 1239 5433 622 2162 5434 1159 1240 5435 622 1242 5436 623 2164 5437 1158 1243 5438 623 1245 5439 624 2166 5440 1157 1246 5441 625 1248 5442 1156 2484 5443 1157 1249 5444 618 1251 5445 1155 2485 5446 1156 1252 5447 627 1269 5448 662 2486 5449 663 1270 5450 627 1272 5451 628 2487 5452 661 1273 5453 628 1275 5454 629 2488 5455 660 1276 5456 629 1278 5457 630 1318 5458 659 1279 5459 630 1281 5460 631 1317 5461 666 1282 5462 632 1284 5463 665 2489 5464 666 1285 5465 633 1287 5466 664 2490 5467 665 1288 5468 626 1290 5469 663 2491 5470 664 1291 5471 643 1293 5472 651 2492 5473 652 1294 5474 644 1296 5475 652 2493 5476 653 1297 5477 646 1299 5478 645 2156 5479 653 1300 5480 647 1302 5481 646 2494 5482 654 1303 5483 648 1305 5484 647 2495 5485 655 1306 5486 649 1308 5487 648 2496 5488 656 1309 5489 649 1311 5490 657 1319 5491 658 1312 5492 650 1314 5493 658 1320 5494 651 1315 5495 652 1294 5496 651 2492 5497 633 1287 5498 653 1297 5499 652 2493 5500 632 1284 5501 654 1301 5502 653 1300 5503 631 1317 5504 655 1304 5505 654 1303 5506 630 1318 5507 655 1306 5508 629 2488 5509 628 1275 5510 656 1309 5511 628 2487 5512 627 1272 5513 657 1319 5514 627 1269 5515 626 1271 5516 658 1320 5517 626 1290 5518 633 1292 5519 659 1279 5520 639 2497 5521 638 1321 5522 660 1276 5523 638 2498 5524 637 1322 5525 983 1323 5526 985 2499 5527 986 1324 5528 984 1326 5529 986 2500 5530 988 1327 5531 664 1291 5532 663 2491 5533 634 1329 5534 665 1288 5535 664 2490 5536 642 1331 5537 666 1285 5538 665 2489 5539 641 1333 5540 659 1283 5541 666 1282 5542 640 1335 5543 668 1337 5544 676 2501 5545 675 1338 5546 869 1340 5547 870 2502 5548 871 1341 5549 669 1343 5550 670 1701 5551 678 1344 5552 671 1346 5553 679 1372 5554 678 1347 5555 671 1349 5556 672 1695 5557 680 1350 5558 672 1352 5559 673 1694 5560 681 1353 5561 674 1355 5562 682 2503 5563 681 1356 5564 674 1358 5565 667 1691 5566 675 1359 5567 869 1363 5568 874 2504 5569 878 1361 5570 874 2504 5571 873 2505 5572 875 2506 5573 878 1361 5574 874 2504 5575 876 2507 5576 875 2506 5577 876 2507 5578 874 2504 5579 876 2507 5580 877 2508 5581 878 1361 5582 697 2509 5583 690 2510 5584 691 1364 5585 691 1364 5586 692 1721 5587 693 1365 5588 693 1365 5589 694 2511 5590 695 1366 5591 695 1366 5592 696 2512 5593 697 2509 5594 697 2509 5595 691 1364 5596 695 1366 5597 879 1367 5598 872 2513 5599 880 1368 5600 871 1341 5601 882 2514 5602 880 1370 5603 678 1344 5604 709 2515 5605 710 1371 5606 679 1372 5607 708 2516 5608 709 1373 5609 680 1350 5610 707 2517 5611 708 1374 5612 680 1354 5613 681 1353 5614 706 1375 5615 681 1356 5616 682 2503 5617 705 1377 5618 682 1360 5619 675 1359 5620 711 1379 5621 884 1381 5622 885 2518 5623 886 1382 5624 884 1384 5625 887 1420 5626 888 1385 5627 684 1387 5628 685 1419 5629 702 1388 5630 685 1390 5631 686 1418 5632 701 1391 5633 686 1393 5634 687 1417 5635 700 1394 5636 688 1396 5637 699 2519 5638 700 1397 5639 689 1399 5640 698 2520 5641 699 1400 5642 683 1402 5643 704 2521 5644 698 1403 5645 699 1400 5646 698 2520 5647 697 1405 5648 700 1397 5649 699 2519 5650 696 1407 5651 700 1394 5652 695 2522 5653 694 1409 5654 701 1391 5655 694 2523 5656 693 1410 5657 702 1388 5658 693 2524 5659 692 1411 5660 888 1385 5661 889 2525 5662 890 1412 5663 886 1382 5664 885 2518 5665 890 1413 5666 698 1403 5667 704 2521 5668 690 1415 5669 705 1377 5670 689 1399 5671 688 1401 5672 706 1375 5673 688 1396 5674 687 1398 5675 708 1374 5676 707 2517 5677 687 1417 5678 709 1373 5679 708 2516 5680 686 1418 5681 710 1371 5682 709 2515 5683 685 1419 5684 880 1370 5685 882 2514 5686 887 1420 5687 880 1368 5688 884 1381 5689 883 1383 5690 711 1379 5691 683 1402 5692 689 1404 5693 712 1421 5694 713 2039 5695 720 1422 5696 714 1424 5697 721 2526 5698 720 1425 5699 714 1427 5700 715 2034 5701 722 1428 5702 716 1430 5703 723 2527 5704 722 1431 5705 1072 1433 5706 1073 2528 5707 1074 1434 5708 1076 1436 5709 1077 1460 5710 1074 1437 5711 717 1439 5712 718 2031 5713 725 1440 5714 712 1442 5715 719 1463 5716 725 1443 5717 1082 1445 5718 1079 2529 5719 1078 1446 5720 1078 1446 5721 1076 2530 5722 1080 1447 5723 1076 2530 5724 1073 2531 5725 1072 2532 5726 1080 1447 5727 1076 2530 5728 1072 2532 5729 1080 1447 5730 1081 2533 5731 1082 1445 5732 747 2534 5733 740 2535 5734 741 1448 5735 741 1448 5736 742 2536 5737 743 1449 5738 743 1449 5739 744 2537 5740 745 1450 5741 745 1450 5742 746 2059 5743 747 2534 5744 747 2534 5745 741 1448 5746 745 1450 5747 720 1422 5748 753 1507 5749 754 1451 5750 720 1425 5751 721 2526 5752 752 1452 5753 721 1429 5754 722 1428 5755 751 1454 5756 722 1431 5757 723 2527 5758 750 1456 5759 1075 1435 5760 1074 1434 5761 1083 1458 5762 1077 1460 5763 1085 1506 5764 1083 1461 5765 725 1440 5766 748 1505 5767 749 1462 5768 719 1463 5769 754 1508 5770 748 1464 5771 726 1465 5772 727 2538 5773 734 1466 5774 728 1468 5775 735 1491 5776 734 1469 5777 729 1471 5778 736 1493 5779 735 1472 5780 730 1474 5781 737 1495 5782 736 1475 5783 1087 1477 5784 1088 1497 5785 1089 1478 5786 1087 1480 5787 1090 2539 5788 1091 1481 5789 731 1483 5790 732 2540 5791 739 1484 5792 732 1486 5793 726 2541 5794 733 1487 5795 733 1467 5796 734 1466 5797 741 1489 5798 735 1491 5799 742 2542 5800 741 1492 5801 736 1493 5802 743 2543 5803 742 1494 5804 737 1495 5805 744 2544 5806 743 1496 5807 1088 1497 5808 1092 2545 5809 1093 1498 5810 1088 1482 5811 1091 1481 5812 1094 1499 5813 738 1485 5814 739 1484 5815 747 1501 5816 739 1488 5817 733 1487 5818 740 1503 5819 748 1505 5820 732 2540 5821 731 1483 5822 1085 1506 5823 1090 2539 5824 1087 1480 5825 1084 1459 5826 1083 1458 5827 1087 1477 5828 751 1457 5829 750 1456 5830 730 1474 5831 752 1455 5832 751 1454 5833 729 1471 5834 753 1453 5835 752 1452 5836 728 1468 5837 753 1507 5838 727 2538 5839 726 1465 5840 754 1508 5841 726 2541 5842 732 1486 5843 566 1509 5844 755 2546 5845 758 1510 5846 567 1512 5847 574 1540 5848 760 1513 5849 568 1140 5850 761 2547 5851 762 1515 5852 567 1137 5853 759 2548 5854 761 1516 5855 566 1517 5856 565 1126 5857 763 1518 5858 564 1123 5859 764 2549 5860 763 1520 5861 563 1122 5862 765 2550 5863 764 1522 5864 563 1523 5865 562 1117 5866 762 1524 5867 591 1526 5868 767 2551 5869 766 1527 5870 591 1191 5871 592 1190 5872 768 1528 5873 592 1193 5874 593 1532 5875 769 1530 5876 593 1532 5877 594 1548 5878 770 1533 5879 596 1208 5880 773 1537 5881 772 1534 5882 590 1536 5883 766 2552 5884 773 1537 5885 573 1511 5886 758 1510 5887 775 1538 5888 574 1540 5889 598 1552 5890 776 1541 5891 580 1542 5892 777 1553 5893 780 1543 5894 581 1545 5895 604 1554 5896 782 1546 5897 594 1548 5898 587 1559 5899 783 1549 5900 595 1535 5901 772 1534 5902 785 1550 5903 581 1545 5904 781 1547 5905 776 1541 5906 580 1542 5907 599 1539 5908 775 1538 5909 604 1554 5910 612 1558 5911 786 1555 5912 605 1544 5913 780 1543 5914 788 1556 5915 588 1551 5916 785 1550 5917 786 1555 5918 587 1559 5919 613 1557 5920 788 1556 5921 377 1560 5922 789 2553 5923 792 1561 5924 378 1563 5925 385 1590 5926 794 1564 5927 377 778 5928 383 780 5929 795 1566 5930 383 775 5931 382 777 5932 796 1568 5933 382 1570 5934 381 772 5935 797 1571 5936 380 771 5937 798 2554 5938 797 1573 5939 379 766 5940 799 2555 5941 798 1574 5942 378 763 5943 793 2556 5944 799 1576 5945 400 830 5946 803 1580 5947 802 1578 5948 400 830 5949 401 2376 5950 804 1579 5951 402 1581 5952 805 2557 5953 804 1582 5954 402 828 5955 403 827 5956 806 1583 5957 404 825 5958 807 1587 5959 806 1585 5960 404 825 5961 398 836 5962 800 1586 5963 384 1562 5964 792 1561 5965 809 1588 5966 385 1590 5967 417 1599 5968 810 1591 5969 411 1592 5970 391 1600 5971 811 1593 5972 410 1595 5973 816 1598 5974 815 1596 5975 399 831 5976 802 1578 5977 816 1598 5978 398 836 5979 411 1592 5980 814 1594 5981 392 1597 5982 815 1596 5983 810 1591 5984 391 1600 5985 418 1589 5986 809 1588 5987 423 1601 5988 817 2558 5989 820 1602 5990 424 1604 5991 431 1620 5992 822 1605 5993 419 862 5994 425 864 5995 823 1607 5996 424 859 5997 821 2559 5998 823 1609 5999 423 850 6000 422 852 6001 825 1611 6002 421 849 6003 826 2560 6004 825 1613 6005 420 844 6006 827 2561 6007 826 1614 6008 420 841 6009 419 843 6010 824 1616 6011 430 1603 6012 820 1602 6013 829 1618 6014 431 1620 6015 449 1628 6016 830 1621 6017 437 1622 6018 831 1629 6019 834 1623 6020 438 1625 6021 463 1640 6022 836 1626 6023 438 1625 6024 835 1627 6025 830 1621 6026 437 1622 6027 450 1619 6028 829 1618 6029 446 1630 6030 839 2562 6031 837 1631 6032 445 1633 6033 840 1636 6034 839 1634 6035 445 1633 6036 444 2405 6037 842 1635 6038 444 1637 6039 457 1641 6040 841 1638 6041 456 1632 6042 837 1631 6043 836 1626 6044 457 1641 6045 464 1624 6046 834 1623 6047 295 1642 6048 843 2563 6049 846 1643 6050 296 1645 6051 303 1662 6052 848 1646 6053 291 612 6054 297 614 6055 849 1648 6056 296 609 6057 847 2564 6058 849 1650 6059 295 600 6060 294 602 6061 851 1652 6062 293 597 6063 852 2565 6064 851 1654 6065 292 594 6066 853 2566 6067 852 1656 6068 292 591 6069 291 593 6070 850 1658 6071 302 1644 6072 846 1643 6073 855 1660 6074 303 1662 6075 321 1670 6076 856 1663 6077 309 1664 6078 857 1671 6079 860 1665 6080 310 1667 6081 335 1682 6082 862 1668 6083 310 1667 6084 861 1669 6085 856 1663 6086 309 1664 6087 322 1661 6088 855 1660 6089 318 1672 6090 865 2567 6091 863 1673 6092 317 1675 6093 866 1678 6094 865 1676 6095 317 1675 6096 316 2332 6097 868 1677 6098 316 1679 6099 329 1683 6100 867 1680 6101 328 1674 6102 863 1673 6103 862 1668 6104 329 1683 6105 336 1666 6106 860 1665 6107 669 1684 6108 677 1710 6109 871 1685 6110 668 1687 6111 869 2568 6112 872 1688 6113 674 1358 6114 873 2569 6115 874 1690 6116 673 1357 6117 875 2570 6118 873 1692 6119 672 1352 6120 876 2571 6121 875 1693 6122 672 1695 6123 671 1349 6124 877 1696 6125 671 1346 6126 670 1348 6127 878 1698 6128 669 1343 6129 870 2572 6130 878 1700 6131 668 1337 6132 667 1339 6133 874 1702 6134 676 1704 6135 872 2573 6136 879 1705 6137 675 1707 6138 879 2574 6139 881 1708 6140 677 1710 6141 710 1726 6142 882 1711 6143 704 1712 6144 683 1727 6145 883 1713 6146 703 1715 6147 888 1719 6148 887 1716 6149 703 1715 6150 692 2575 6151 889 1718 6152 691 1364 6153 890 1723 6154 889 1720 6155 691 1364 6156 690 2510 6157 891 1722 6158 704 1712 6159 886 1714 6160 891 1724 6161 684 1717 6162 887 1716 6163 882 1711 6164 683 1727 6165 711 1709 6166 881 1708 6167 341 1728 6168 892 2576 6169 895 1729 6170 342 1731 6171 349 1749 6172 897 1732 6173 341 709 6174 347 711 6175 898 1734 6176 347 1736 6177 346 706 6178 899 1737 6179 346 1739 6180 345 703 6181 900 1740 6182 344 702 6183 901 2577 6184 900 1742 6185 343 699 6186 902 2578 6187 901 1743 6188 342 694 6189 896 2579 6190 902 1744 6191 355 1746 6192 348 1730 6193 895 1729 6194 356 1748 6195 905 1753 6196 897 1732 6197 355 1746 6198 904 1747 6199 907 1750 6200 356 1748 6201 363 1759 6202 908 1752 6203 370 715 6204 369 2343 6205 910 1754 6206 369 1756 6207 362 1751 6208 907 1750 6209 371 1758 6210 911 2580 6211 908 1752 6212 370 715 6213 909 1755 6214 911 1760 6215 470 1762 6216 912 2581 6217 915 1763 6218 471 1765 6219 478 1782 6220 917 1766 6221 469 1768 6222 475 959 6223 918 1769 6224 475 1771 6225 474 956 6226 920 1772 6227 474 953 6228 473 955 6229 921 1774 6230 472 952 6231 922 2582 6232 921 1776 6233 471 949 6234 916 2583 6235 922 1777 6236 470 938 6237 469 940 6238 919 1778 6239 484 1780 6240 477 1764 6241 915 1763 6242 478 1782 6243 485 1786 6244 925 1783 6245 484 1780 6246 924 1781 6247 927 1784 6248 485 1786 6249 492 1794 6250 928 1787 6251 499 1788 6252 498 2416 6253 930 1789 6254 498 1791 6255 491 1785 6256 927 1784 6257 500 1793 6258 931 2584 6259 928 1787 6260 499 1788 6261 929 1790 6262 931 1795 6263 111 1797 6264 932 2585 6265 935 1798 6266 112 1800 6267 119 1827 6268 937 1801 6269 107 1803 6270 113 229 6271 938 1804 6272 112 228 6273 936 2586 6274 938 1806 6275 111 217 6276 110 219 6277 940 1807 6278 110 1809 6279 109 214 6280 941 1810 6281 109 1812 6282 108 211 6283 942 1813 6284 107 210 6285 939 2587 6286 942 1815 6287 136 1816 6288 944 2588 6289 943 1817 6290 137 273 6291 945 2589 6292 944 1818 6293 137 276 6294 138 280 6295 946 1819 6296 138 280 6297 139 279 6298 947 1821 6299 141 292 6300 950 1824 6301 949 1822 6302 141 292 6303 135 291 6304 943 1823 6305 118 1799 6306 935 1798 6307 952 1825 6308 119 1827 6309 126 1831 6310 953 1828 6311 125 1826 6312 952 1825 6313 955 1829 6314 126 1831 6315 143 1836 6316 956 1832 6317 139 279 6318 132 1837 6319 957 1833 6320 140 288 6321 949 1822 6322 959 1834 6323 133 1835 6324 959 1834 6325 956 1832 6326 132 1837 6327 144 1830 6328 955 1829 6329 154 1838 6330 960 2590 6331 963 1839 6332 155 1841 6333 162 1860 6334 965 1842 6335 155 323 6336 964 2591 6337 966 1844 6338 154 314 6339 153 316 6340 967 1846 6341 153 1848 6342 152 311 6343 968 1849 6344 152 1851 6345 151 308 6346 969 1852 6347 151 1854 6348 150 305 6349 970 1855 6350 149 304 6351 966 2592 6352 970 1857 6353 161 1840 6354 963 1839 6355 972 1858 6356 162 1860 6357 169 1864 6358 973 1861 6359 168 1859 6360 972 1858 6361 975 1862 6362 169 1864 6363 185 1876 6364 976 1865 6365 183 1866 6366 182 2248 6367 980 1867 6368 182 1869 6369 175 1877 6370 977 1870 6371 184 1872 6372 982 2593 6373 981 1873 6374 183 1866 6375 979 1868 6376 982 1875 6377 176 1874 6378 981 1873 6379 976 1865 6380 175 1877 6381 186 1863 6382 975 1862 6383 662 1878 6384 661 2594 6385 983 1879 6386 661 1881 6387 637 2595 6388 985 1882 6389 635 1261 6390 986 1887 6391 985 1883 6392 662 1878 6393 984 1880 6394 987 1884 6395 635 1261 6396 634 1260 6397 988 1886 6398 634 1888 6399 663 2596 6400 987 1889 6401 239 1890 6402 989 2597 6403 992 1891 6404 240 1893 6405 247 1911 6406 994 1894 6407 240 503 6408 993 2598 6409 995 1896 6410 239 492 6411 238 494 6412 996 1897 6413 238 1899 6414 237 489 6415 997 1900 6416 237 1902 6417 236 486 6418 998 1903 6419 235 485 6420 999 2599 6421 998 1905 6422 235 1906 6423 234 480 6424 995 1907 6425 246 1892 6426 992 1891 6427 1001 1909 6428 247 1911 6429 270 1930 6430 1002 1912 6431 253 1913 6432 1003 1931 6433 1006 1914 6434 254 1916 6435 283 1934 6436 1008 1917 6437 268 1919 6438 267 2288 6439 1012 1920 6440 267 1922 6441 260 1937 6442 1009 1923 6443 269 1925 6444 1014 2600 6445 1013 1926 6446 268 1919 6447 1011 1921 6448 1014 1928 6449 254 1929 6450 1007 2601 6451 1002 1912 6452 253 1913 6453 271 1910 6454 1001 1909 6455 277 1915 6456 1006 1914 6457 1016 1932 6458 283 1934 6459 284 1936 6460 1017 1935 6461 261 1927 6462 1013 1926 6463 1017 1935 6464 260 1937 6465 285 1933 6466 1016 1932 6467 0 1938 6468 1018 2602 6469 1021 1939 6470 1 1941 6471 8 1961 6472 1023 1942 6473 0 1944 6474 6 21 6475 1024 1945 6476 6 1947 6477 5 18 6478 1025 1948 6479 5 1950 6480 4 15 6481 1026 1951 6482 4 1953 6483 3 12 6484 1027 1954 6485 2 11 6486 1028 2603 6487 1027 1956 6488 1 6 6489 1022 2604 6490 1028 1957 6491 7 1940 6492 1021 1939 6493 1030 1959 6494 8 1961 6495 34 1969 6496 1031 1962 6497 14 1963 6498 1032 1970 6499 1035 1964 6500 48 1966 6501 1037 2605 6502 1036 1967 6503 15 1968 6504 1036 1967 6505 1031 1962 6506 14 1963 6507 35 1960 6508 1030 1959 6509 41 1971 6510 23 2606 6511 1040 1972 6512 23 1974 6513 22 1977 6514 1041 1975 6515 22 1977 6516 21 98 6517 1043 1978 6518 42 1979 6519 1042 1984 6520 1043 1980 6521 41 1971 6522 1038 1973 6523 1037 1982 6524 42 1979 6525 49 1965 6526 1035 1964 6527 196 1985 6528 1044 2607 6529 1047 1986 6530 197 1988 6531 204 2012 6532 1049 1989 6533 198 417 6534 1050 2608 6535 1051 1991 6536 197 412 6537 1048 2609 6538 1050 1992 6539 196 403 6540 195 405 6541 1052 1994 6542 194 400 6543 1053 2610 6544 1052 1996 6545 193 399 6546 1054 2611 6547 1053 1998 6548 192 394 6549 1051 2612 6550 1054 1999 6551 221 462 6552 1056 2613 6553 1055 2001 6554 222 2002 6555 1057 2614 6556 1056 2003 6557 223 469 6558 1058 2006 6559 1057 2004 6560 223 469 6561 224 468 6562 1059 2005 6563 226 474 6564 1062 2009 6565 1061 2007 6566 226 474 6567 220 2276 6568 1055 2008 6569 203 1987 6570 1047 1986 6571 1064 2010 6572 204 2012 6573 228 2021 6574 1065 2013 6575 217 2014 6576 210 2022 6577 1066 2015 6578 218 2017 6579 1071 2020 6580 1070 2018 6581 224 468 6582 217 2014 6583 1069 2016 6584 225 475 6585 1061 2007 6586 1071 2020 6587 211 2019 6588 1070 2018 6589 1065 2013 6590 210 2022 6591 229 2011 6592 1064 2010 6593 716 2023 6594 1072 2615 6595 1075 2024 6596 717 2026 6597 724 2044 6598 1077 2027 6599 718 1444 6600 1078 2616 6601 1079 2029 6602 717 1439 6603 1076 2617 6604 1078 2030 6605 716 1430 6606 715 1432 6607 1080 2032 6608 715 2034 6609 714 1427 6610 1081 2035 6611 714 1424 6612 713 1426 6613 1082 2037 6614 713 2039 6615 712 1421 6616 1079 2040 6617 723 2025 6618 1075 2024 6619 1084 2042 6620 724 2044 6621 749 2060 6622 1085 2045 6623 737 2046 6624 730 2061 6625 1086 2047 6626 738 2049 6627 1091 2057 6628 1090 2050 6629 745 1450 6630 744 2537 6631 1093 2052 6632 737 2046 6633 1089 2048 6634 1093 2054 6635 738 2049 6636 746 2618 6637 1094 2056 6638 745 1450 6639 1092 2053 6640 1094 2058 6641 731 2051 6642 1090 2050 6643 1085 2045 6644 730 2061 6645 750 2043 6646 1084 2042 6647 51 2062 6648 1095 2619 6649 1098 2063 6650 52 2065 6651 59 2080 6652 1100 2066 6653 56 120 6654 1101 2620 6655 1102 2068 6656 55 119 6657 1103 2621 6658 1101 2070 6659 55 2071 6660 54 114 6661 1104 2072 6662 53 113 6663 1105 2622 6664 1104 2074 6665 52 110 6666 1099 2623 6667 1105 2075 6668 51 99 6669 50 101 6670 1102 2076 6671 58 2064 6672 1098 2063 6673 1107 2078 6674 59 2080 6675 90 2094 6676 1108 2081 6677 98 2082 6678 65 2095 6679 1109 2083 6680 97 2085 6681 1114 2097 6682 1113 2086 6683 104 2088 6684 72 2098 6685 1115 2089 6686 103 2091 6687 1120 2100 6688 1119 2092 6689 66 2087 6690 1113 2086 6691 1108 2081 6692 65 2095 6693 91 2079 6694 1107 2078 6695 97 2085 6696 73 2624 6697 1119 2096 6698 98 2082 6699 1112 2084 6700 1115 2089 6701 103 2091 6702 81 2625 6703 1121 2099 6704 80 2101 6705 1122 2105 6706 1121 2102 6707 80 2101 6708 79 2200 6709 1123 2104 6710 104 2088 6711 1118 2090 6712 1123 2106 6713 505 2108 6714 1124 2626 6715 1127 2109 6716 506 2111 6717 513 2128 6718 1129 2112 6719 505 1029 6720 511 1031 6721 1130 2114 6722 510 1026 6723 1131 2627 6724 1130 2116 6725 509 1023 6726 1132 2628 6727 1131 2118 6728 509 1020 6729 508 1022 6730 1133 2120 6731 508 1017 6732 507 1019 6733 1134 2122 6734 506 1014 6735 1128 2629 6736 1134 2124 6737 512 2110 6738 1127 2109 6739 1136 2126 6740 513 2128 6741 546 2142 6742 1137 2129 6743 554 2130 6744 519 2143 6745 1138 2131 6746 553 2133 6747 1143 2144 6748 1142 2134 6749 560 2136 6750 526 2145 6751 1144 2137 6752 559 2139 6753 1149 2147 6754 1148 2140 6755 520 2135 6756 1142 2134 6757 1137 2129 6758 519 2143 6759 547 2127 6760 1136 2126 6761 553 2133 6762 527 2141 6763 1148 2140 6764 554 2130 6765 1141 2132 6766 1144 2137 6767 559 2139 6768 535 2630 6769 1150 2146 6770 534 2148 6771 1151 2152 6772 1150 2149 6773 534 2148 6774 533 2435 6775 1152 2151 6776 560 2136 6777 1147 2138 6778 1152 2153 6779 1153 2155 6780 648 2496 6781 649 1308 6782 1155 1231 6783 1154 2483 6784 649 1311 6785 1156 1252 6786 1155 2485 6787 650 1314 6788 1157 1249 6789 1156 2484 6790 643 1293 6791 1158 1247 6792 1157 1246 6793 644 1296 6794 1159 1244 6795 1158 1243 6796 645 2156 6797 1159 1240 6798 646 2494 6799 647 1302 6800 1160 1237 6801 647 2495 6802 648 1305 6803 618 1232 6804 1161 2631 6805 1162 2157 6806 619 1235 6807 1162 2632 6808 1164 2158 6809 620 1236 6810 1164 2159 6811 1165 2159 6812 621 1239 6813 1165 2161 6814 1166 2161 6815 622 1242 6816 1166 2633 6817 1167 2163 6818 623 1245 6819 1167 2634 6820 1168 2165 6821 624 1250 6822 1168 2635 6823 1169 2167 6824 625 1253 6825 1169 2636 6826 1161 2168 6827</p>
        </triangles>
      </mesh>
    </geometry>
    <geometry id="Mesh_002-mesh" name="Mesh.002">
      <mesh>
        <source id="Mesh_002-mesh-positions">
          <float_array id="Mesh_002-mesh-positions-array" count="3510">0.03986549 0.4558961 -0.02490282 -0.1638203 0.4157755 0.1013293 -0.1749448 0.2907455 0.1404933 -0.1016999 0.1823341 0.1273708 0.01300835 0.1540474 0.06964778 0.1019859 0.2224545 0.00113821 0.1131104 0.3474846 -0.03802585 0.2053058 0.5324133 0.2663674 0.001619815 0.4922929 0.3926001 -0.009504675 0.3672628 0.4317641 0.06374061 0.2588515 0.4186421 0.178449 0.2305648 0.360919 0.2674265 0.2989721 0.2924094 0.2785508 0.4240019 0.2532449 0.4978855 0.8375259 0.9140077 0.3626382 0.8108859 0.9978256 0.367177 0.7385173 1.046458 0.4277378 0.6771822 1.060374 0.5088434 0.6628113 1.031418 0.562985 0.7038221 0.9765558 0.5584455 0.7761917 0.9279218 0.8928533 1.400837 1.475511 0.8666109 1.41544 1.488607 0.8499168 1.412291 1.516622 0.852546 1.393231 1.54314 0.8729603 1.369427 1.55263 0.8992024 1.354825 1.539532 0.9158968 1.357974 1.511518 0.9132675 1.377034 1.485 0.436897 0.5190771 0.5961509 0.4338346 0.4211497 0.6401887 0.3627859 0.3668428 0.7016745 0.2653718 0.3879674 0.7445922 0.1986548 0.4721499 0.7437987 0.2017179 0.570077 0.6997614 0.3701806 0.6032596 0.5953584 0.7079507 1.234937 1.364953 0.7004641 1.171114 1.382256 0.6540966 1.136157 1.416239 0.5960083 1.150539 1.446991 0.5602281 1.205839 1.456502 0.5677152 1.269659 1.439199 0.6721709 1.290235 1.374464 0.582067 0.9603243 1.220608 0.5890012 0.9036708 1.271187 0.5418742 0.8703566 1.323124 0.4682933 0.8798947 1.345995 0.4113603 0.9266996 1.326402 0.4044269 0.9833522 1.275823 0.5251348 1.007128 1.201016 -0.1652387 -1.798217 -0.1403703 -0.186411 -1.713209 -0.04538631 -0.04290807 -1.748185 0.1422019 0.03770518 -1.847681 0.1249194 0.0588777 -1.932689 0.02993535 0.008206486 -1.953413 -0.08710956 -0.0846256 -1.897713 -0.1576528 0.06302583 -1.589695 -0.2761111 0.04185366 -1.504687 -0.1811275 0.1853566 -1.539663 0.006460666 0.2659699 -1.639159 -0.01082134 0.2871422 -1.724168 -0.1058053 0.2364711 -1.744892 -0.2228503 0.143639 -1.689191 -0.2933936 0.9035537 -0.9490788 -0.6680756 0.8953785 -0.887929 -0.6074329 0.9709675 -0.9258144 -0.4717794 1.010452 -1.002657 -0.4762325 1.018627 -1.063808 -0.5368748 0.9907028 -1.073444 -0.6181836 0.9430381 -1.025922 -0.6725288 1.566128 -0.5800514 -0.9229932 1.555255 -0.5366473 -0.8744121 1.62878 -0.5543656 -0.7786317 1.670108 -0.6051087 -0.7875395 1.680981 -0.6485133 -0.8361201 1.65503 -0.659153 -0.895916 1.607456 -0.6307955 -0.9319 2.048128 -0.1823134 -1.136695 2.045435 -0.1715641 -1.124665 2.051862 -0.1689293 -1.109856 2.063643 -0.1759519 -1.100945 2.073878 -0.1885185 -1.103151 2.076571 -0.1992678 -1.115181 2.070144 -0.2019026 -1.12999 2.058363 -0.19488 -1.138901 0.6447818 -1.404621 -0.4714928 0.7135117 -1.455957 -0.4095931 0.7520444 -1.44115 -0.3116174 0.7378078 -1.368872 -0.2349591 0.6791418 -1.281465 -0.2245225 0.5718789 -1.244936 -0.3843975 0.5861156 -1.317213 -0.4610562 1.217417 -0.7593556 -0.8284574 1.265035 -0.7972181 -0.7833667 1.291965 -0.7870762 -0.7129006 1.28243 -0.7348702 -0.6583376 1.242017 -0.6711822 -0.6516395 1.167468 -0.6434615 -0.7671962 1.177003 -0.6956673 -0.8217592 1.823107 -0.4020608 -1.020775 1.838964 -0.3955598 -0.9842396 1.83232 -0.3690395 -0.9545565 1.807068 -0.3380346 -0.9491139 1.762144 -0.327209 -1.007637 1.768788 -0.3537293 -1.03732 1.794039 -0.3847342 -1.042762 -0.007636189 5.343251 -0.1066074 -0.05576205 5.34237 -0.1077709 -0.09082365 5.362303 -0.08147287 -0.09228289 5.391374 -0.04312038 -0.05928456 5.412554 -0.01517868 0.02390277 5.393502 -0.04031324 0.02536189 5.364431 -0.07866573 -0.007636189 5.443518 -0.1826095 -0.05576205 5.442636 -0.183773 -0.09082365 5.46257 -0.1574749 -0.09228289 5.491641 -0.1191225 -0.05928444 5.512821 -0.09118032 0.02390301 5.493769 -0.1163148 0.02536189 5.464697 -0.1546683 -0.03307151 5.6039 -0.3420658 -0.0670427 5.603668 -0.3431707 -0.0917983 5.61735 -0.3243218 -0.0928359 5.636935 -0.2965598 -0.06954813 5.650948 -0.2761479 -0.01082134 5.637498 -0.2938919 -0.009783625 5.617914 -0.3216534 -0.03862857 6.018895 -0.6174498 -0.0546534 6.021853 -0.6191506 -0.06693601 6.025378 -0.6088967 -0.06828141 6.027407 -0.5926948 -0.05790162 6.02675 -0.5800352 -0.02959406 6.020267 -0.5885882 -0.02824866 6.018239 -0.6047902 -0.005051136 6.222865 -0.6278567 -0.01118457 6.223997 -0.6285076 -0.01588582 6.225346 -0.6245833 -0.01640069 6.226122 -0.618382 -0.01242792 6.225871 -0.6135364 -0.001593232 6.223389 -0.6168103 -0.001078248 6.222614 -0.6230111 -0.03926575 5.768169 -0.4963012 -0.04044246 5.779814 -0.4737673 -0.08541262 5.790114 -0.4601798 -0.1028629 5.782734 -0.4770861 -0.1016861 5.771089 -0.49962 -0.08257126 5.762001 -0.5145817 -0.05671608 5.76079 -0.5132074 0.0046494 5.899073 0.01278591 -0.02059662 5.879874 0.0170679 -0.03586506 5.867903 0.04252147 -0.03221285 5.870174 0.07423543 -0.01177883 5.885355 0.09363317 0.01346683 5.904555 0.08935117 0.0250833 5.914255 0.03218364 -0.04585969 5.965722 0.01383113 -0.07110571 5.946522 0.01811265 -0.08637428 5.934552 0.04356622 -0.08272194 5.936822 0.07528018 -0.06228768 5.952004 0.0946784 -0.03704226 5.971203 0.0903964 -0.02542591 5.980903 0.03322839 -0.1518807 6.072564 -0.00133562 -0.169894 6.059267 0.001697063 -0.1804823 6.050559 0.01965618 -0.1774429 6.051543 0.04202318 -0.1625564 6.06164 0.05569553 -0.1445426 6.074936 0.05266332 -0.1369941 6.082661 0.01233625 -0.3514674 6.335521 0.02387237 -0.3611484 6.330976 0.02592754 -0.3652539 6.324915 0.03399085 -0.3613794 6.32089 0.04333925 -0.3517943 6.321258 0.04849624 -0.3421135 6.325804 0.04644155 -0.3418825 6.33589 0.02902936 -0.3911867 6.4451 0.09697055 -0.394892 6.44336 0.09775733 -0.3964636 6.44104 0.1008434 -0.3949804 6.439499 0.1044216 -0.3913119 6.43964 0.1063952 -0.3876064 6.441381 0.1056089 -0.386035 6.4437 0.1025223 -0.3875182 6.445241 0.09894466 -0.2472424 6.187403 -0.01432943 -0.2514818 6.178611 0.01563453 -0.2657268 6.169272 0.01822423 -0.2782159 6.163575 0.008403301 -0.2816331 6.164856 -0.00807619 -0.2739766 6.172368 -0.02156019 -0.2597313 6.181706 -0.02415084 -0.2163386 -0.3516748 -0.08705949 -0.2712734 -0.3927667 0.008957386 -0.2597213 -0.3761788 0.1252193 -0.1884487 -0.3116284 0.193623 -0.09920656 -0.2369279 0.1740975 -0.05582368 -0.212424 -0.0381813 -0.1270962 -0.2769744 -0.1065845 -0.4095793 -0.1108052 -0.08680152 -0.4586544 -0.1475136 -0.001027107 -0.4483345 -0.1326954 0.1028332 -0.3846648 -0.0750308 0.1639399 -0.3049417 -0.008298397 0.1464977 -0.2661865 0.01359176 -0.04313755 -0.3298566 -0.04407358 -0.1042442 -1.075721 0.4716122 -0.1200571 -1.109779 0.4514124 -0.06496 -1.100664 0.4575231 0.001996994 -1.053717 0.4863663 0.04159164 -0.9964378 0.5210443 0.03063011 -0.971494 0.5351334 -0.09142398 -1.018441 0.5062912 -0.1310186 -1.315304 0.9109035 -0.08872747 -1.330799 0.8965454 -0.05874633 -1.328787 0.9032874 -0.0227518 -1.310444 0.9271817 -0.001828193 -1.286517 0.9542298 -0.00823307 -1.273034 0.9618459 -0.07420825 -1.291376 0.9379516 -0.09513187 -1.694263 1.258405 -0.1038732 -1.69988 1.2532 -0.09300518 -1.699151 1.255644 -0.079957 -1.692502 1.264306 -0.07237243 -1.683828 1.27411 -0.07469415 -1.67894 1.276871 -0.0986104 -1.68559 1.26821 -0.1061949 -0.73279 0.1733853 -0.132905 -0.6786006 0.2147102 -0.08399391 -0.7095258 0.1972427 0.06732845 -0.776525 0.1486825 0.08109664 -0.8307145 0.1073575 0.03218555 -0.8403506 0.09747576 -0.05075359 -0.7997892 0.124825 -0.1191363 -0.02488923 1.080359 -0.1915578 -0.0283122 1.050097 -0.09221124 0.02101194 1.078076 -0.005138397 0.09419059 1.147904 0.01865339 0.1483575 1.218679 -0.03477191 0.1517809 1.24894 -0.134119 0.0292766 1.151134 -0.2449831 -0.2174541 1.265235 -0.1418786 -0.2208776 1.234973 -0.04253196 -0.171553 1.262952 0.0445404 -0.09837436 1.33278 0.06833267 -0.04420781 1.403555 0.01490688 -0.04078459 1.433817 -0.08443975 -0.1632883 1.336009 -0.1953039 -0.6661642 1.824844 0.004041671 -0.6623516 1.79883 0.0730772 -0.6335318 1.823221 0.1365723 -0.596586 1.883728 0.1573333 -0.5731571 1.944908 0.123197 -0.5769687 1.970922 0.05416154 -0.6427353 1.886024 -0.03009462 -1.417299 2.268803 0.2343683 -1.419301 2.26054 0.2651129 -1.403208 2.268102 0.2915964 -1.378447 2.28706 0.2983041 -1.359523 2.306309 0.2813077 -1.35752 2.314573 0.2505632 -1.398375 2.288052 0.2173714 -1.603285 2.527226 0.3017664 -1.604071 2.523983 0.3138347 -1.597754 2.526951 0.3242307 -1.588034 2.534393 0.3268638 -1.580605 2.541949 0.3201919 -1.579819 2.545193 0.3081236 -1.586137 2.542224 0.2977276 -1.595856 2.534782 0.2950945 -0.4266307 1.571161 -0.1052074 -0.3052189 1.6275 -0.0169568 -0.3135161 1.609642 0.06792116 -0.3721037 1.568448 0.1162438 -0.4466615 1.528048 0.09970521 -0.4935153 1.512108 0.0279932 -0.4852178 1.529967 -0.05688476 -0.896827 2.027931 0.1336174 -0.8910935 2.008883 0.1811027 -0.900059 1.964031 0.2031116 -0.9184721 1.91965 0.1867508 -0.9355466 1.901736 0.1416053 -0.9412801 1.920784 0.09411954 -0.9323146 1.965636 0.07211065 -1.197334 2.084606 0.1528754 -1.151882 2.124634 0.1976027 -1.152329 2.11227 0.2367553 -1.171602 2.083326 0.257381 -1.198413 2.054757 0.2473978 -1.217055 2.043298 0.2126536 -1.216608 2.055663 0.1735014 -0.1003985 4.043343 -0.1124663 -0.09086358 4.049583 -0.02218151 -0.03467011 4.094382 0.03364515 0.03526389 4.151495 0.02231121 0.07797217 4.187468 -0.04954385 0.01224374 4.136429 -0.1956548 -0.05769014 4.079315 -0.1843214 -0.2504993 4.227754 -0.1093606 -0.2409646 4.233994 -0.01907587 -0.1847709 4.278793 0.03675031 -0.1148369 4.335906 0.02541685 -0.07212889 4.371879 -0.04643821 -0.1378573 4.32084 -0.1925497 -0.207791 4.263726 -0.1812157 -0.6395507 4.585985 -0.02697229 -0.6273663 4.584816 0.03219938 -0.595907 4.619875 0.07004547 -0.563601 4.670624 0.0643959 -0.5493727 4.707337 0.01855993 -0.5930164 4.673447 -0.07845783 -0.6253226 4.622696 -0.07280778 -1.18278 5.071169 0.08805418 -1.180489 5.072831 0.1105513 -1.166402 5.083886 0.1244597 -1.148769 5.097856 0.121633 -1.137918 5.106559 0.1037259 -1.140209 5.104898 0.0812292 -1.154296 5.093842 0.06732034 -1.17193 5.079872 0.07014799 -0.4036381 4.425714 -0.1260366 -0.35307 4.479552 -0.1344451 -0.298708 4.521765 -0.01360082 -0.3267584 4.485412 0.04486322 -0.3773265 4.431574 0.05327129 -0.4207902 4.391788 0.006698608 -0.4316886 4.389361 -0.06757307 -1.021111 4.784166 0.06951951 -0.9843531 4.811367 0.06403446 -0.9506457 4.837542 0.1389641 -0.9734418 4.821182 0.175486 -1.010199 4.793981 0.1809706 -1.039386 4.771871 0.1522059 -1.043906 4.767807 0.1060409 -0.8618448 4.633566 0.03956222 -0.8398836 4.681473 0.03669834 -0.8009317 4.71172 0.1232867 -0.8067587 4.676342 0.1620163 -0.8287199 4.628436 0.1648797 -0.8539503 4.596063 0.1301999 -0.8676717 4.598189 0.07829141 0.01451838 4.831679 -0.0931077 -0.08520638 4.837569 -0.09138202 -0.1075754 4.800397 -0.05910682 -0.08863711 4.760785 -0.02754592 -0.03948521 4.741937 -0.01518678 0.01108777 4.754895 -0.02927112 0.0334568 4.792067 -0.06154727 0.02171611 4.921704 0.01556253 -0.07800865 4.927594 0.0172882 -0.1003776 4.890421 0.0495634 -0.08143937 4.850811 0.08112525 -0.03228735 4.831963 0.09348297 0.01828551 4.84492 0.07939958 0.04065442 4.882092 0.04712343 0.01942741 5.04986 0.1900792 -0.0546385 5.054235 0.1913609 -0.07155478 5.023025 0.2101378 -0.05779194 4.990001 0.228383 -0.02141201 4.974511 0.2354092 0.01627409 4.985627 0.2271013 0.03319036 5.016838 0.2083253 0.01364779 5.145674 0.3883796 -0.03078997 5.148299 0.3891492 -0.0405358 5.134639 0.4064412 -0.03187489 5.119893 0.4234138 -0.009880661 5.112697 0.4301257 0.01256287 5.117268 0.4226451 0.02230858 5.130928 0.4053536 0.01245236 5.277208 0.5117822 0.001404166 5.280822 0.5084109 -0.009869694 5.278526 0.5121684 -0.01476526 5.271664 0.520855 -0.01041471 5.264257 0.5293803 6.33478e-4 5.260643 0.532752 0.01190733 5.262938 0.5289941 0.0168029 5.2698 0.5203085 -0.02709221 2.143242 -0.3137918 -0.02447581 2.143242 -0.1873278 -6.0904e-4 2.084456 -0.1616187 0.02217423 2.025671 -0.1882929 0.03052759 2.001321 -0.2517247 0.01955795 2.025671 -0.3147569 -0.004309058 2.084456 -0.3404656 0.2358107 2.294408 -0.3624168 0.2402131 2.294408 -0.1496181 0.2803732 2.195492 -0.106358 0.3187099 2.096575 -0.1512417 0.3327661 2.055602 -0.2579775 0.3143075 2.096575 -0.3640404 0.2741473 2.195492 -0.4073005 1.323643 2.74489 -0.3268108 1.325642 2.74489 -0.2301845 1.358318 2.70892 -0.2108402 1.390166 2.67295 -0.2315192 1.40253 2.658051 -0.2801089 1.388167 2.67295 -0.3281455 1.355491 2.70892 -0.3474903 2.164398 3.494367 -0.3098321 2.164976 3.494367 -0.2819214 2.174415 3.483977 -0.2763338 2.183614 3.473587 -0.2823072 2.187186 3.469284 -0.2963424 2.183036 3.473587 -0.3102174 2.173598 3.483977 -0.3158054 1.693965 3.148178 -0.3321481 1.71596 3.123966 -0.3191271 1.725628 3.113937 -0.2867932 1.717305 3.123966 -0.2540875 1.695868 3.148178 -0.2401676 1.673873 3.172389 -0.2531886 1.672528 3.172389 -0.3182287 0.8315667 2.333994 -0.3818884 0.8683623 2.263375 -0.3493795 0.88498 2.234123 -0.269402 0.8716843 2.263375 -0.1888055 0.8362647 2.333994 -0.1548027 0.7994691 2.404613 -0.1873116 0.7961471 2.404613 -0.3478851 0.1775186 3.397788 -0.2235689 0.105867 3.347767 -0.2850103 -8.21114e-4 3.344385 -0.2891646 -0.08004891 3.389622 -0.2335987 -0.08540582 3.45698 -0.1508626 0.09293389 3.510382 -0.08526706 0.1721616 3.465145 -0.1408329 0.1775186 3.61426 -0.3998041 0.105867 3.564239 -0.461246 -8.21114e-4 3.560857 -0.4653993 -0.08004891 3.606095 -0.4098339 -0.08540582 3.673452 -0.3270979 0.09293389 3.726855 -0.2615028 0.1721616 3.681617 -0.3170681 0.1994061 4.013699 -0.8842855 0.1511433 3.974276 -0.9181614 0.08098876 3.97824 -0.9278407 0.03003847 4.023267 -0.9076543 0.0281378 4.082984 -0.8694258 0.1465551 4.118444 -0.8258705 0.1975059 4.073414 -0.8460574 0.2389888 4.556723 -1.557184 0.2211353 4.544384 -1.572593 0.1945528 4.543416 -1.573528 0.1748139 4.554383 -1.559438 0.1734801 4.57086 -1.538578 0.191334 4.583199 -1.523169 0.217916 4.584167 -1.522234 0.2376555 4.5732 -1.536324 0.1849743 3.856551 -0.566947 0.1202998 3.901682 -0.5295897 -0.02719974 3.857514 -0.5838418 -0.02362167 3.794088 -0.6436706 0.04105257 3.748959 -0.6810279 0.128938 3.74856 -0.6740303 0.1885522 3.793127 -0.6267762 0.302273 4.245976 -1.334872 0.2620045 4.26671 -1.305353 0.1705467 4.239324 -1.338992 0.1729326 4.207246 -1.382445 0.2132004 4.186513 -1.411963 0.2677635 4.189268 -1.410256 0.3046582 4.2139 -1.378324 0.2931479 4.076341 -1.138449 0.2498049 4.119513 -1.128653 0.1441174 4.087865 -1.167526 0.1436834 4.031585 -1.193424 0.187026 3.988414 -1.203219 0.2487564 3.98364 -1.191175 0.2927134 4.020062 -1.164346 0.01665115 5.080108 -0.08688926 -0.005930662 5.111306 -0.0489335 0.02294242 5.08619 0.04336023 0.05748426 5.044588 0.04363393 0.08006703 5.01339 0.005678176 0.07746016 5.010871 -0.04827308 0.05119252 5.038508 -0.08661603 0.1251492 5.170133 -0.09633302 0.1025665 5.201332 -0.05837774 0.1314407 5.176214 0.03391647 0.165983 5.134613 0.03419017 0.1885644 5.103416 -0.003766059 0.1859588 5.100897 -0.05771684 0.1596908 5.128532 -0.09605979 0.2962147 5.302859 -0.0938692 0.2815853 5.327539 -0.06576728 0.2957172 5.303731 0.003080368 0.3162003 5.269189 0.003496646 0.3308296 5.24451 -0.02460527 0.3310363 5.244149 -0.06476306 0.3166986 5.268318 -0.0934534 0.4894177 5.406829 -0.07388353 0.4781474 5.41954 -0.05679559 0.4951379 5.412415 -0.01626443 0.5134455 5.396753 -0.01656389 0.5247158 5.384042 -0.03365182 0.5223467 5.381729 -0.057518 0.5077263 5.391167 -0.07418251 0.6108689 5.539772 -0.08421182 0.6052077 5.546156 -0.07562828 0.6063976 5.547319 -0.06364011 0.6137421 5.542577 -0.05526876 0.6229384 5.534709 -0.05541944 0.6285999 5.528325 -0.06400299 0.6274097 5.527163 -0.07599163 0.6200656 5.531904 -0.08436203 0.1414743 -2.218771 -0.1114959 -0.1546275 -2.187342 -0.1551218 -0.2428359 -2.267373 -0.04403257 -0.2083952 -2.360421 0.08512783 -0.07148015 -2.411981 0.1566982 0.08770656 -2.39185 0.1287536 0.1759151 -2.31182 0.01766395 0.1414743 -1.87345 0.1372776 -0.1546274 -1.842021 0.09365177 -0.2428362 -1.922052 0.2047414 -0.2083952 -2.015101 0.3339014 -0.07148015 -2.066661 0.4054718 0.08770656 -2.046529 0.3775272 0.1759151 -1.966499 0.2664375 0.06850171 -0.7987776 1.063704 -0.1297349 -0.7777362 1.034497 -0.1882754 -0.8490625 1.092594 -0.1647031 -0.9291043 1.162788 -0.07282698 -0.9709745 1.203962 0.03353357 -0.9501453 1.191995 0.09207391 -0.8788195 1.133898 0.003489851 -0.134139 1.819409 -0.14786 -0.1180744 1.79711 -0.1929471 -0.1587951 1.854027 -0.1753429 -0.2061686 1.92018 -0.1053599 -0.2324454 1.956819 -0.02399301 -0.2222332 1.942479 0.02109408 -0.1815137 1.885562 -0.06333947 0.5123541 2.339571 -0.08067071 0.5188615 2.330498 -0.1008212 0.5163324 2.33405 -0.1119869 0.5062482 2.348145 -0.1076272 0.4945161 2.364528 -0.09029603 0.4880085 2.373601 -0.0701456 0.4905379 2.37005 -0.05897974 0.500622 2.355955 0.1076072 -1.464169 0.8330517 0.03523015 -1.539555 0.9158626 -0.09576749 -1.560059 0.9352813 -0.2086489 -1.513669 0.879931 -0.2372901 -1.427561 0.7822366 -0.1649131 -1.352175 0.6994248 0.07896602 -1.378061 0.7353563 0.07733023 -0.4485526 1.426779 0.02557075 -0.5044522 1.484281 -0.06819248 -0.5199304 1.497444 -0.1490339 -0.4859195 1.458556 -0.1695981 -0.4223433 1.390398 -0.1178385 -0.3664432 1.332897 0.05676603 -0.3849759 1.358622 -0.03702068 0.163624 2.102493 -0.08673644 0.1573839 2.111255 -0.1294965 0.1734397 2.088868 -0.1402529 0.2023854 2.048448 -0.1127043 0.227266 2.013671 -0.02022838 0.2174503 2.027297 -0.009472131 0.1885042 2.067717 0.07955586 0.7495856 -0.1740837 -0.03110682 0.7141585 -0.2100825 -0.1450288 0.746912 -0.1827659 -0.195476 0.8286576 -0.1081347 -0.1528973 0.911511 -0.02990627 0.07168734 0.9141841 -0.02122402 0.1221346 0.832438 -0.09585618 0.08597648 0.9660134 -0.406805 -0.02468633 0.9305868 -0.4428043 -0.1386083 0.9633403 -0.4154873 -0.1890555 1.045085 -0.3408566 -0.1464768 1.127939 -0.2626281 0.07810795 1.130612 -0.2539458 0.1285551 1.048866 -0.328578 0.06700599 1.621128 -0.9588461 -0.01189613 1.590674 -0.9768963 -0.09265744 1.619227 -0.9650188 -0.1279698 1.690062 -0.9301705 -0.09714627 1.761682 -0.892766 0.06251704 1.763583 -0.8865938 0.09782981 1.692749 -0.9214416 0.0509361 2.140855 -1.878445 0.01699447 2.131181 -1.890646 -0.01800811 2.140034 -1.88111 -0.03356754 2.162228 -1.855423 -0.0205692 2.184762 -1.828633 0.04837501 2.185583 -1.825967 0.06393444 2.163388 -1.851654 0.03529274 2.443381 -2.109498 0.02196931 2.439584 -2.114288 0.008229494 2.443059 -2.110545 0.002121925 2.451771 -2.100461 0.007224202 2.460617 -2.089945 0.03428733 2.460939 -2.088899 0.04039502 2.452227 -2.098981 0.1124067 1.324149 -0.6540065 0.06967365 1.371443 -0.5754762 -0.1189749 1.369198 -0.5827689 -0.1543824 1.320973 -0.6643205 -0.1116493 1.273679 -0.7428498 -0.01580798 1.255019 -0.7723575 0.07699906 1.275925 -0.7355571 0.0521835 1.837903 -1.264885 -0.05941236 1.836575 -1.269199 -0.08127224 1.784069 -1.286408 -0.05690753 1.732113 -1.301829 -5.90801e-4 1.711143 -1.30643 0.05468845 1.733442 -1.297515 0.07654821 1.785947 -1.280306 0.07144117 1.925222 -1.604602 0.05153405 1.958667 -1.57767 -0.03749108 1.957607 -1.581111 -0.05445933 1.923723 -1.609469 -0.03455221 1.890279 -1.636403 0.01056909 1.876864 -1.646133 0.05447292 1.891338 -1.632961 0.1724778 -3.335102 -0.2663875 -0.03346049 -3.335102 -0.3516898 -0.2393987 -3.335102 -0.2663875 -0.3247013 -3.335102 -0.06044912 -0.2393987 -3.335102 0.1454892 -0.03346049 -3.335102 0.2307915 0.1724778 -3.335102 0.1454892 0.2577803 -3.335102 -0.06044912 0.04639685 5.107841 -0.1026873 -0.04103231 5.118664 -0.1314086 -0.1240259 5.118533 -0.0902028 -0.153968 5.107521 -0.003207206 -0.1133178 5.092082 0.07861614 -0.02588868 5.081258 0.1073384 0.05710518 5.081391 0.06613159 0.0870471 5.092402 -0.02086353 0.06759822 6.662679 0.26652 0.03395533 6.669308 0.2567482 0.03686845 6.651571 0.2997241 0.00201857 6.66555 0.272151 -0.009504079 6.653603 0.3037076 0.00613892 6.640463 0.3329296 0.03978252 6.633833 0.3427 0.07171845 6.637593 0.3272977 0.08324027 6.649533 0.2957411 0.1348875 -0.4928548 0.1190376 0.05331182 -0.4813418 0.2766318 -0.1170899 -0.4708603 0.3309479 -0.2764988 -0.4675493 0.2501679 -0.3315353 -0.4733493 0.08161163 -0.2499597 -0.4848619 -0.07598257 -0.07955765 -0.4953442 -0.130299 0.07985103 -0.4986549 -0.04951906 0.2006924 2.301548 -0.2219209 0.1407439 2.297235 -0.1022939 0.01238048 2.301347 -0.05869579 -0.1092044 2.311477 -0.1166672 -0.1527884 2.321688 -0.2422485 -0.09283983 2.326002 -0.3618755 0.03552341 2.321889 -0.4054732 0.1571083 2.31176 -0.3475018 -0.07043647 5.665128 0.06035804 -0.1021099 5.677157 -0.003395557 -0.07877981 5.685736 -0.07117891 -0.01411402 5.685839 -0.1032848 0.05400753 5.677408 -0.08090639 0.0856806 5.665376 -0.0171523 0.06235098 5.6568 0.05063009 -0.002314686 5.656697 0.08273601 0.0126357 2.668144 -0.2667956 -0.05506479 2.674964 -0.2743058 -0.1101096 2.647604 -0.2441768 -0.1202543 2.602092 -0.1940574 -0.07955622 2.565087 -0.1533064 -0.01185572 2.558267 -0.1457962 0.04318916 2.585627 -0.1759257 0.05333375 2.63114 -0.2260451 0.04410481 2.92616 -0.103177 -0.06981372 2.937636 -0.1158142 -0.1624368 2.891598 -0.0651164 -0.1795073 2.815015 0.01921796 -0.1110253 2.752748 0.0877881 0.002893209 2.741271 0.1004257 0.09551632 2.78731 0.04972743 0.1125866 2.863893 -0.03460741 -0.01657116 3.799225 0.6852756 -0.1103562 3.783531 0.7025581 -0.118829 3.763087 0.7499499 -0.08845448 3.749142 0.7901831 -0.03702592 3.749867 0.7996903 0.005330562 3.764836 0.7729011 0.01380312 3.785281 0.7255092 -0.14332 4.82873 1.124511 -0.1581749 4.82852 1.121765 -0.1704099 4.824197 1.129503 -0.1728571 4.818291 1.143192 -0.1640834 4.814264 1.154814 -0.1492283 4.814474 1.15756 -0.1369935 4.818797 1.149822 -0.1345462 4.824703 1.136133 -0.07636952 4.319232 0.8459749 -0.08207249 4.305471 0.8778749 -0.110583 4.295395 0.8959069 -0.1452001 4.294907 0.8895078 -0.1656454 4.304293 0.8624263 -0.1599425 4.318055 0.8305259 -0.09681487 4.328619 0.818893 0.09525775 3.228835 0.4093104 0.08205246 3.177488 0.4770379 0.01202654 3.145417 0.5169878 -0.07379996 3.151408 0.5057573 -0.1251509 3.191952 0.4499259 -0.1119455 3.243298 0.3821988 0.04390692 3.269378 0.3534789 -0.02951669 -1.293356 -0.09620857 -0.1597001 -1.318149 -0.08558559 -0.2568753 -1.277297 -0.00457096 -0.2641177 -1.19473 0.09937906 -0.1771854 -1.118815 0.1653714 0.05017304 -1.134874 0.0737338 0.05741572 -1.217441 -0.03021621 -0.105288 -1.019573 -0.2970562 -0.2215847 -1.041722 -0.2875667 -0.3083942 -1.005228 -0.2151937 -0.3148642 -0.9314687 -0.122332 -0.2372047 -0.8636513 -0.06337881 -0.03409862 -0.8779969 -0.1452412 -0.02762877 -0.9517567 -0.2381033 -0.3803158 -0.357383 -0.990633 -0.4559691 -0.3677752 -0.9871912 -0.5110402 -0.3481498 -0.9379439 -0.513269 -0.3100014 -0.8717389 -0.4613497 -0.2756786 -0.8273587 -0.3306251 -0.2849119 -0.8800473 -0.3283966 -0.3230593 -0.9462524 -0.477159 0.1441137 -1.231804 -0.517062 0.1346216 -1.226806 -0.5478211 0.1491048 -1.203324 -0.5514181 0.17908 -1.175112 -0.5257459 0.2069878 -1.158698 -0.4550836 0.2019968 -1.187178 -0.4514866 0.1720213 -1.21539 -0.6341441 0.5394979 -1.625343 -0.6486089 0.536057 -1.623531 -0.6597593 0.5413072 -1.615018 -0.6610632 0.5521731 -1.604791 -0.651757 0.5622897 -1.598841 -0.6372919 0.5657306 -1.600653 -0.6261418 0.5604804 -1.609166 -0.6248379 0.5496144 -1.619393 -0.2107646 -0.7023943 -0.6521287 -0.2148301 -0.648824 -0.574379 -0.3769016 -0.6373766 -0.5090556 -0.4399684 -0.6862054 -0.5597472 -0.4359028 -0.7397757 -0.6374965 -0.3670867 -0.7667067 -0.6967592 -0.2738314 -0.7512231 -0.7028203 -0.1731265 0.911099 0.03268384 -0.04594731 0.959908 0.09813642 -0.03894662 1.235327 -0.1677579 -0.1842163 1.194157 -0.209578 0.08702886 0.9141955 0.04274129 0.1100553 1.197659 -0.1982016 0.1202557 0.7690988 -0.02774953 0.07767689 0.6862464 -0.105977 -0.1973547 0.7653184 -0.04002809 -0.1469078 0.6835728 -0.1146593 -0.0329858 0.6508193 -0.1419758 0.03678119 2.514208 -2.169794 0.02345776 2.510411 -2.174583 0.009717941 2.513886 -2.17084 0.003610372 2.522598 -2.160757 -0.01130974 2.526148 -2.090349 0.01893234 2.556449 -2.071708 0.05123436 2.526893 -2.087931 0.04188346 2.523053 -2.159276 -0.02941894 1.458411 -0.4829021 -0.1560417 1.431286 -0.5253782 0.1007134 1.434343 -0.5154524 -0.1337586 1.831183 -0.8532372 -0.02099967 1.872676 -0.8282433 -0.006130456 1.94873 -1.236285 -0.09555995 1.919311 -1.248239 0.09430658 1.833898 -0.8444204 0.0846287 1.921456 -1.241273 -0.05887019 2.246784 -1.770893 0.01009929 2.262002 -1.752572 0.08061933 2.248444 -1.7655 0.08360469 2.031758 -1.532687 0.003629446 2.052097 -1.52057 -0.07466614 2.029874 -1.538806 -0.06034529 2.152625 -0.3217726 -0.07765889 2.186059 -0.2494864 0.2048237 2.378242 -0.2553306 0.2200711 2.333363 -0.3793092 -0.05737042 2.152625 -0.1779785 0.2251856 2.333363 -0.1320891 -0.04713451 2.067457 -0.3395796 -0.0232675 2.008672 -0.3138709 -0.01229786 1.984322 -0.2508388 -0.02065122 2.008672 -0.187407 -0.0434345 2.067457 -0.1607327 2.169913 3.527747 -0.3186641 2.162277 3.544732 -0.2958269 2.170851 3.527747 -0.273325 2.208712 3.514751 -0.2770434 2.217911 3.504361 -0.2830167 2.221482 3.500058 -0.2970519 2.217333 3.504361 -0.3109269 2.207895 3.514751 -0.316515 0.7666764 2.477016 -0.2669544 0.780871 2.443847 -0.3648205 0.7849065 2.443847 -0.1697587 1.295726 2.776719 -0.3436775 1.28114 2.794647 -0.2775979 1.633779 3.217025 -0.284893 1.644354 3.20405 -0.3351059 1.298446 2.776719 -0.2121777 1.646421 3.20405 -0.2351608 -0.09398746 3.452907 -0.1375389 -0.02145302 3.505938 -0.06762456 -0.02354145 3.739388 -0.2520037 -0.1021839 3.685749 -0.3176169 0.0923537 3.508705 -0.06900024 0.09184443 3.74385 -0.2462511 0.1721616 3.447199 -0.1262226 0.1775186 3.379841 -0.2089586 -0.08004891 3.371676 -0.2189884 -8.21114e-4 3.326439 -0.2745543 0.105867 3.329821 -0.2704001 0.02296674 3.920109 -0.5255795 -0.04376161 3.871888 -0.5764794 0.1193299 3.920725 -0.5164924 0.01349139 4.099412 -0.8677902 0.06814348 4.143337 -0.8301392 0.1797734 4.145154 -1.135116 0.1295176 4.10393 -1.165217 0.1468085 4.139333 -0.8187547 0.2498019 4.139949 -1.120976 0.2606797 4.28206 -1.288402 0.1975435 4.278215 -1.291757 0.2167003 4.597083 -1.503071 0.1821995 4.593744 -1.506918 0.1537014 4.250026 -1.32775 0.156427 4.579034 -1.52524 0.1016509 4.184966 -0.05187177 0.09949374 4.179232 -0.1531023 -0.06272983 4.388345 -0.1531729 -0.0500245 4.396631 -0.05042028 0.03086125 4.129997 -0.2092332 -0.1256766 4.337886 -0.2185916 -0.03633379 4.053077 -0.1847629 -0.07904219 4.017105 -0.1129078 0.05662024 4.125257 0.02186965 -0.01331377 4.068143 0.0332036 -0.06950724 4.023345 -0.02262306 -0.2945025 4.545155 -0.1036853 -0.2797396 4.54952 -0.01731061 -0.3439639 4.499648 -0.1600794 -0.5390163 4.737861 0.01711177 -0.5545108 4.738631 -0.05430459 -0.807363 4.743878 0.0576086 -0.7897797 4.741568 0.1214346 -0.5920847 4.696654 -0.1008567 -0.8379648 4.704153 0.0143218 -0.9696059 4.826079 0.03781127 -0.9338324 4.853757 0.07611799 -1.136505 5.104846 0.04072904 -1.11741 5.119791 0.0657711 -0.9260819 4.859876 0.1345629 -1.110111 5.125341 0.09940099 -0.06610572 2.668439 -0.3004027 -0.1211506 2.641079 -0.2702737 -0.1844303 2.911752 -0.08722734 -0.07820475 2.960067 -0.1404318 0.05333375 2.603164 -0.2514491 0.0126357 2.640168 -0.2921996 0.04318916 2.557651 -0.2013297 -0.01185572 2.530291 -0.1712002 -0.07955622 2.537111 -0.1787104 -0.1202543 2.574116 -0.2194614 0.04940462 2.956096 -0.1256227 -0.05104565 3.30055 0.3155913 0.04931783 3.294492 0.3265576 -0.1339825 3.263819 0.3603354 -0.01056718 3.814387 0.6516514 -0.0766195 3.812576 0.6417742 -0.1400264 4.34192 0.7783766 -0.09078586 4.343567 0.7851372 -0.1321071 3.794049 0.674048 -0.1816939 4.328355 0.8018894 -0.1925797 4.83942 1.102955 -0.1664738 4.846064 1.092661 -0.137748 4.848595 1.092851 0.01797103 4.832159 -0.1061086 -0.03473722 4.854241 -0.124135 -0.02674198 4.955679 -0.008331298 0.02961683 4.935246 0.004793643 -0.0890249 4.838478 -0.1042571 -0.0846275 4.941993 0.00677061 0.03248715 4.77994 -0.07618713 0.01011812 4.742768 -0.04391098 -0.04045486 4.72981 -0.02982664 -0.08960676 4.748658 -0.04218578 -0.108545 4.78827 -0.07374668 -0.01613616 5.081912 0.1737027 0.02730822 5.064723 0.1813311 -0.0610125 5.06994 0.1828594 -0.007599234 5.168639 0.3710318 0.02144551 5.159503 0.3783989 -0.03724575 5.16297 0.379415 0.001917362 5.293181 0.4958954 0.02021265 5.289138 0.4991412 -0.01660358 5.291313 0.4997783 -0.02208924 5.112825 -0.04822349 -0.02464091 5.117595 0.01271295 0.09279835 5.221187 0.004180431 0.08860683 5.219555 -0.05855417 0.009324669 5.085498 0.05219125 0.1225725 5.190006 0.04998302 0.03355145 5.023871 -0.08508062 -9.89914e-4 5.065471 -0.08535385 0.0598191 4.996234 -0.04673767 0.06242597 4.998753 0.007213592 0.0398432 5.029951 0.04516935 0.2709953 5.346746 -0.01755619 0.2700802 5.347319 -0.06615495 0.2882674 5.318574 0.01893091 0.4692505 5.439682 -0.02381658 0.4651568 5.438072 -0.05704879 0.4869961 5.426829 -4.23431e-4 0.5935274 5.562192 -0.05563068 0.5889933 5.562432 -0.0755968 0.6042161 5.556049 -0.03928136 -0.05970621 5.409866 0.00431776 -0.003496408 5.411661 0.01268959 -0.001393437 5.532478 -0.07192993 -0.06008768 5.532367 -0.07175731 0.03344273 5.388531 -0.02382659 0.04259443 5.50885 -0.1027822 0.02536189 5.342245 -0.06184864 -0.007636189 5.321064 -0.08979034 -0.09228289 5.369188 -0.02630329 -0.09082365 5.340117 -0.06465578 -0.05576205 5.320183 -0.09095382 2.7585e-4 6.250029 -0.630815 -0.005857586 6.251161 -0.6314659 -0.01055884 6.252511 -0.6275416 -0.0110737 6.253287 -0.6213403 -0.0107485 6.241974 -0.6013618 0.003474235 6.243462 -0.5947456 0.01003086 6.237215 -0.6076403 0.004248738 6.249778 -0.6259694 -0.02614367 5.672735 -0.2601609 -0.07009589 5.673201 -0.2594299 0.007333397 5.655467 -0.282825 -0.04970932 5.80606 -0.4392161 -0.08586084 5.807546 -0.4393988 -0.02214598 5.792954 -0.4586496 -0.05916774 6.035593 -0.5539832 -0.03257155 6.031225 -0.5531707 -0.01134026 6.02464 -0.5684338 0.02093231 5.902617 0.09291791 0.04051709 5.915912 0.06618785 -0.01345944 5.991211 0.06821346 -0.03052556 5.978112 0.09756708 0.03345215 5.913071 0.03130483 -0.0165944 5.988842 0.03165721 0.01190733 5.889496 0.01263618 -0.004520893 5.875779 0.09348344 -0.02495491 5.860597 0.07408571 -0.02860713 5.858326 0.04237174 -0.01333868 5.870297 0.01691818 -0.1266211 6.092646 0.03780412 -0.1392093 6.083002 0.05979871 -0.1287152 6.091253 0.01090574 -0.2348835 6.193659 0.004915714 -0.2444407 6.184559 0.02285861 -0.2381212 6.195018 -0.01569604 -0.3325484 6.328242 0.05306863 -0.3272646 6.336685 0.04078197 -0.375628 6.446995 0.1045689 -0.3772519 6.442375 0.1116275 -0.3317187 6.342045 0.0273633 -0.3770588 6.450838 0.09701919 -0.09277236 5.696534 -0.09875345 -0.01574146 5.696321 -0.1316843 -0.01197397 6.676347 0.2445764 0.03232789 6.67979 0.2283487 0.06474518 5.687574 -0.1101307 0.07833588 6.672845 0.2372956 0.1773272 1.248946 -0.1485919 0.1306855 1.220108 -0.2516308 -0.07888555 1.429409 -0.2038016 -0.02081394 1.463744 -0.1050214 0.04468441 1.143044 -0.2686315 -0.1628065 1.349428 -0.2345614 0.004558324 1.052088 -0.1991548 0.177805 1.190407 -0.04236888 0.1236381 1.119632 0.01105642 0.0504595 1.049804 -0.01273536 0.001135349 1.021825 -0.09980821 -0.3400779 1.633612 -0.1217446 -0.2833006 1.655575 -0.03767728 -0.4253967 1.584299 -0.1445078 -0.5628002 2.002308 0.03532171 -0.5978091 1.973575 -0.03981447 -0.9142022 2.039046 0.05878257 -0.8907015 2.065226 0.1167864 -0.6453848 1.900465 -0.06840229 -0.9385553 1.982492 0.03473663 -1.33556 2.342632 0.2292714 -1.361584 2.329106 0.1910457 -1.574424 2.562357 0.2672238 -1.557122 2.572457 0.2865448 -1.397685 2.301115 0.1779627 -1.595129 2.547783 0.2556658 -1.163893 2.138331 0.1304955 -1.136543 2.157259 0.178296 -1.199163 2.099352 0.114222 0.03161489 0.4710338 -0.04871702 -0.09571349 0.5093629 0.007146358 0.08046603 0.6008659 0.320509 0.2091917 0.5721619 0.2548485 -0.1854097 0.4282858 0.08578157 -0.02099573 0.5268214 0.3975053 0.0930916 0.3382259 -0.07327079 0.08196711 0.2131958 -0.03410673 -0.007010459 0.1447887 0.03440284 -0.1217187 0.1730754 0.09212589 -0.1949636 0.2814868 0.1052484 0.2590283 0.6623006 0.6281591 0.3708736 0.6401997 0.5780931 0.1761695 0.6018481 0.6987591 0.4957128 0.8724227 0.8915892 0.4007304 0.8859367 0.9252873 0.4302346 1.046332 1.204033 0.5200715 1.037436 1.174397 0.3327673 0.8380952 0.9883571 0.373863 1.008745 1.263626 0.5431837 1.30071 1.434514 0.5964934 1.338835 1.38945 0.8312655 1.44926 1.520375 0.8554286 1.449375 1.476699 0.6659894 1.318055 1.344541 0.8891401 1.431737 1.447942 -0.07754182 -0.2400834 0.185142 -0.009490132 -0.1943619 0.08535957 -0.2356548 0.05672287 0.06812191 -0.2893355 0.01635885 0.165852 -0.03145432 -0.2140519 -0.04037046 -0.2454206 0.0411632 -0.04902982 -0.1040886 -0.3040488 -0.1050081 -0.1933308 -0.3787491 -0.08548307 -0.1654411 -0.3387027 0.1951994 -0.2367134 -0.4032531 0.1267957 -0.2482655 -0.4198411 0.0105338 -1.721146 1.281517 -0.1066989 -1.726763 1.276312 -0.09583091 -1.726034 1.278757 -0.08278274 -1.719385 1.287418 -0.07519817 -1.689127 1.297868 -0.06605529 -1.678939 1.314655 -0.08163166 -1.681536 1.302156 -0.1032013 -1.712473 1.291322 -0.1090207 -0.6493306 0.2533269 0.006275177 -0.6937726 0.2218155 0.0866208 -0.6577194 0.2421791 -0.08979225 -0.9745283 0.5400426 0.05111598 -0.9358187 0.5635021 -0.01646947 -1.24657 0.9931965 -0.03037595 -1.266773 0.975132 0.01211023 -0.9442322 0.5571544 -0.097126 -1.247907 0.9857893 -0.08020496 -0.1756376 -1.120035 0.1814951 -0.03813779 -1.092924 0.1765489 -0.1145242 -0.8225989 -0.06034278 -0.2393815 -0.8456552 -0.04890727 0.06005465 -1.136682 0.08649826 -0.02037656 -0.861124 -0.1371784 0.06201982 -1.235375 -0.01564979 -0.02491259 -1.31129 -0.08164215 -0.2595134 -1.212665 0.1139454 -0.2522709 -1.295231 0.00999546 -0.155096 -1.336083 -0.07101917 -0.27739 -0.6027103 -0.502955 -0.3790004 -0.6194456 -0.4945212 -0.201128 -0.6320093 -0.5662131 -0.4624558 -0.2613688 -0.8087263 -0.3779781 -0.2503889 -0.8142619 -0.4785533 0.2329337 -1.148492 -0.5273578 0.2225666 -1.141405 -0.3152394 -0.2717669 -0.868062 -0.4401081 0.2164039 -1.17657 -0.6313245 0.5830455 -1.588882 -0.6541212 0.5801931 -1.583712 -0.6118429 0.5772069 -1.600752 -0.2183256 -1.709466 -0.03223276 -0.172914 -1.682137 0.1020255 0.07477092 -1.442899 -0.04384183 0.01597332 -1.463631 -0.1771221 -0.06352853 -1.747195 0.1701192 0.1796569 -1.505501 0.04110908 -0.1178208 -1.928037 -0.1379127 -0.1984338 -1.828541 -0.1206302 -0.02498877 -1.983737 -0.06736946 0.02568244 -1.963013 0.04967546 0.004509925 -1.878005 0.1446595 0.5931567 -1.190067 -0.2638726 0.5445613 -1.205249 -0.3798561 0.6731407 -1.247353 -0.1898984 0.8633627 -0.8514035 -0.6005721 0.9012537 -0.8407846 -0.5033612 1.178986 -0.5902608 -0.678854 1.145401 -0.6009028 -0.7651525 0.9629046 -0.8931899 -0.4359856 1.237852 -0.6358945 -0.6180415 1.53241 -0.4948671 -0.8716889 1.567883 -0.4840357 -0.7928896 1.759466 -0.2799962 -0.9508476 1.734649 -0.2873104 -1.002803 1.624959 -0.5188863 -0.7451444 1.801994 -0.3032105 -0.9149609 2.060284 -0.1397333 -1.067959 2.038727 -0.1291329 -1.09225 2.022524 -0.12819 -1.122439 0.1531317 -2.225659 -0.1387586 0.01053047 -2.170003 -0.2256073 0.01218104 -1.792675 0.03502225 0.1644525 -1.848218 0.1116251 -0.159179 -2.192509 -0.1847724 -0.1636357 -1.813395 0.06328678 0.1759151 -2.346748 -0.007498741 0.08770656 -2.426778 0.1035909 -0.07148015 -2.44691 0.1315355 -0.2083952 -2.39535 0.05996513 -0.2428359 -2.302301 -0.06919527 -0.02625811 -1.303752 0.6481471 0.1016838 -1.35423 0.7085991 -0.1736503 -1.325006 0.6680331 0.09141945 -0.7788408 1.033263 -0.01568865 -0.7334669 0.9872503 -0.01659214 -0.3188105 1.292107 0.07900917 -0.3573172 1.336042 -0.1384087 -0.7544463 0.9994006 -0.1265364 -0.3355005 1.305758 0.02585899 -0.1074526 1.796258 -0.05899393 -0.07596492 1.754851 -0.05532717 0.2612412 1.972891 0.002806782 0.2412769 2.000385 -0.1567126 -0.08807396 1.769359 -0.1216955 0.2544921 1.982041 -0.1097075 0.5477693 2.306015 -0.07372546 0.5486181 2.304796 -0.04056262 0.5404303 2.316202 -0.2367732 -2.974022 -0.2708535 -0.03855788 -2.9763 -0.349422 0.1572684 -2.977019 -0.2651029 0.2359933 -2.975759 -0.06728792 0.1515007 -2.973257 0.1281437 -0.04671466 -2.970979 0.2067122 -0.2425408 -2.970259 0.1223921 -0.3212657 -2.97152 -0.07542181 0.1724778 -4.119258 -0.2663875 -0.03346049 -4.119258 -0.3516898 -0.03346049 -4.119258 -0.06044912 -0.2393987 -4.119258 -0.2663875 -0.3247013 -4.119258 -0.06044912 -0.2393987 -4.119258 0.1454892 -0.03346049 -4.119258 0.2307915 0.1724778 -4.119258 0.1454892 0.2577803 -4.119258 -0.06044912</float_array>
          <technique_common>
            <accessor source="#Mesh_002-mesh-positions-array" count="1170" stride="3">
              <param name="X" type="float"/>
              <param name="Y" type="float"/>
              <param name="Z" type="float"/>
            </accessor>
          </technique_common>
        </source>
        <source id="Mesh_002-mesh-normals">
          <float_array id="Mesh_002-mesh-normals-array" count="7911">0.1074963 0.9333745 -0.3424277 0.0751968 0.9528139 -0.2940939 0.06310367 0.9538925 -0.29344 -0.6003119 0.7939557 0.09622889 -0.5505254 0.8295496 0.09364408 -0.6095604 0.7845557 0.1136159 -0.7892045 0.1985893 0.5811355 -0.857627 0.2229748 0.4634202 -0.8571857 0.2218521 0.4647734 -0.6766766 -0.5202425 0.521015 -0.6553038 -0.5101534 0.5570641 -0.6766766 -0.5202426 0.5210148 -0.08459985 -0.9508591 0.297842 -0.05806702 -0.9374049 0.343366 -0.05805397 -0.9372269 0.3438539 0.5570271 -0.8244764 -0.09979778 0.5825694 -0.8110406 -0.05316126 0.5821965 -0.8112904 -0.05343401 0.8723623 -0.2151238 -0.4389827 0.8923009 -0.2053243 -0.4020462 0.8918607 -0.2053727 -0.402997 0.6161835 0.5215144 -0.590204 0.6911228 0.5268267 -0.4947755 0.6898123 0.5277782 -0.4955898 -0.4996026 -0.148672 -0.8534014 -0.4814851 -0.2226905 -0.8476917 -0.4996024 -0.1486733 -0.8534013 -7.96656e-4 0.9127022 -0.4086248 0.001726031 0.9162172 -0.4006783 -0.5452769 0.8340722 0.08364593 -0.6082453 0.7930591 -0.03309148 -0.882663 0.2134761 0.4187294 -0.6558628 -0.5102085 0.5563555 -0.6034735 -0.4708318 0.643535 0.03859698 -0.8574583 0.5131039 0.6687147 -0.7333427 0.1225938 0.6653134 -0.7371852 0.1179661 0.9357175 -0.1676532 -0.3103632 0.9331301 -0.1716435 -0.315922 0.6636466 0.5180458 -0.5396313 0.6660137 0.5226119 -0.5322619 -0.07384502 0.8382432 -0.5402733 -0.1451555 0.749345 -0.6460744 -0.07557201 0.8336048 -0.5471674 -0.6979333 0.6750777 -0.2390803 -0.7255771 0.6200361 -0.2984848 -0.6957331 0.6786199 -0.2354368 -0.9555278 0.1212555 0.2688192 -0.953128 0.129445 0.2734794 -0.9569221 0.1195188 0.2646042 -0.6263806 -0.4832367 0.6116614 -0.5949587 -0.4142848 0.6887614 -0.5714312 -0.4053111 0.7135751 0.08219599 -0.7842466 0.6149806 0.1408628 -0.674577 0.7246404 0.1359779 -0.6687867 0.7309135 0.7414585 -0.6095645 0.2804826 0.7680315 -0.5311532 0.3577765 0.7697336 -0.5335705 0.3504463 0.9786041 -0.07193392 -0.1927681 0.9728809 -0.07983762 -0.2170913 0.9774542 -0.06342935 -0.2013954 0.6591874 0.5327076 -0.5307492 0.6147014 0.4664298 -0.6360703 0.6558877 0.5224008 -0.5448935 0.08609259 -0.7792835 0.6207296 -0.6194998 -0.4725315 0.6268446 0.7569411 -0.2577325 -0.6005116 0.6748893 -0.5341517 -0.5091233 0.8571863 -0.2200111 -0.4656467 0.6937401 -0.6775052 0.2443591 0.5603809 -0.7975233 0.2234504 0.7289415 -0.5680215 0.382094 0.2814829 -0.5376232 0.7948136 0.1070649 -0.5747889 0.8112674 0.2869444 -0.5145637 0.8080143 -0.196901 -0.2735111 0.9414998 -0.3146525 0.04436022 0.9481698 -0.3342213 0.08749705 0.9384245 -0.6135842 0.2781451 0.7390195 -0.4929981 0.6484037 0.5801082 -0.4929986 0.6825752 0.5394846 -0.628588 0.7737211 -0.07894849 -0.3544375 0.923968 -0.1437266 -0.3335264 0.9249892 -0.1820859 -0.2326956 0.6834336 -0.691933 -0.1183586 0.7840017 -0.6093708 -0.114102 0.7816747 -0.6131602 0.3268676 0.3370224 -0.8829346 0.4492655 0.09151226 -0.8886991 0.4744216 0.05665946 -0.8784725 -0.2193803 -0.2824634 0.9338558 -0.7849156 0.24014 0.5711746 -0.7009735 0.6776469 -0.2223302 -0.2405164 0.6629683 -0.7089605 0.5964734 0.4607019 -0.6572468 0.5934057 0.6803412 0.4301229 0.5933372 0.6803598 0.4301878 0.5792447 0.6808079 0.4483038 -0.6005278 0.4790713 -0.6402008 -0.5983252 0.5256757 -0.6047083 -0.7765061 0.3992238 -0.4875028 -0.6673104 0.7380669 0.09977078 -0.5188503 0.8499143 0.0918712 -0.5247778 0.8445202 0.1067427 -0.1506364 0.6135183 0.7751801 -0.1398442 0.698405 0.7019074 -0.1260415 0.6082907 0.7836429 0.3152384 0.1331325 0.9396279 0.3749722 0.1447615 0.9156637 0.52116 0.2049575 0.8284834 0.7184292 -0.4310646 0.5459332 0.6456648 -0.4918556 0.5841192 0.7184292 -0.4310644 0.5459331 0.6238673 -0.7700008 -0.1337476 0.5515485 -0.8290401 -0.09212464 0.5480157 -0.8315951 -0.09015816 0.1638539 -0.6578813 -0.7350811 0.1447641 -0.6750119 -0.7234655 0.1638542 -0.6578826 -0.7350799 -0.3921457 -0.1603821 -0.9058143 -0.3375426 -0.1117318 -0.9346556 -0.3310019 -0.1064907 -0.937602 -0.7211007 -0.5232954 0.4540659 -0.6309462 -0.6903854 0.3539421 -0.7211011 -0.5232957 0.4540647 0.673859 0.619488 -0.4026771 0.6738561 0.6194943 -0.4026722 0.6738438 0.6195027 -0.4026798 -0.6345585 0.5006439 -0.5888049 -0.6303302 0.5029359 -0.5913877 -0.5312833 0.8398872 0.1110291 -0.1444999 0.7071473 0.6921434 -0.129572 0.7125458 0.6895577 0.3729649 0.1429173 0.9167726 0.408751 0.1670997 0.8972181 0.6420476 -0.4944048 0.5859512 0.7031368 -0.4479115 0.5522446 0.6095018 -0.7835299 -0.1207826 0.6059496 -0.7864039 -0.1199758 0.1811031 -0.6488537 -0.7390472 0.1767044 -0.6514541 -0.7378233 -0.3392675 -0.1150263 -0.933631 -0.334772 -0.1128091 -0.9355223 -0.7496623 0.4122826 -0.5177156 -0.5594013 0.548614 -0.6213638 -0.7539375 0.4082206 -0.5147176 -0.6444255 0.7456107 0.169648 -0.45514 0.8877575 0.06880581 -0.4611507 0.8845176 0.07048851 -0.1938216 0.6799169 0.7072103 -0.1123552 0.7392268 0.6640182 -0.1177014 0.7360736 0.6665899 0.4545805 0.1843134 0.8714271 0.3612683 0.1310223 0.9232109 0.3667513 0.1359814 0.9203275 0.798516 -0.3659996 0.4779295 0.6101955 -0.5171746 0.60016 0.6159165 -0.5126181 0.598222 0.7093135 -0.6857311 -0.16324 0.5164623 -0.8531436 -0.07357203 0.7155451 -0.6783351 -0.1669037 0.2293075 -0.6231197 -0.7477567 0.1333497 -0.6860061 -0.7152717 0.2389899 -0.6157252 -0.7508437 -0.3932453 -0.1499623 -0.9071215 -0.3132348 -0.09857857 -0.9445456 -0.3975862 -0.1526243 -0.9047824 -0.5129525 0.5782827 -0.6344044 -0.6871457 0.4585776 -0.5635046 -0.5244718 0.5722833 -0.6304135 -0.4144364 0.9079936 0.06156563 -0.5683392 0.8080878 0.15487 -0.5708898 0.8068001 0.1521797 -0.08257502 0.7549995 0.6505053 -0.1524177 0.7332537 0.6626523 -0.1505612 0.7334306 0.6628808 0.3629363 0.1354914 0.9219107 0.4648833 0.2284684 0.8553863 0.4650178 0.2285946 0.8552795 0.5991662 -0.5244621 0.6049293 0.8048728 -0.3415496 0.4853077 0.8052449 -0.3411102 0.4849994 0.505516 -0.8601192 -0.06817996 0.7111803 -0.677371 -0.1881251 0.5212036 -0.8500468 -0.07594239 0.1347228 -0.6824693 -0.718391 0.2379812 -0.5847932 -0.7754881 0.151073 -0.6686365 -0.7280813 -0.287285 -0.0691713 -0.9553444 -0.3418614 -0.1147111 -0.932723 -0.2972036 -0.07669544 -0.9517289 0.8045521 -0.3593053 0.472859 0.4638694 0.1901996 0.8652452 -0.1967543 0.6762834 0.7098792 -0.6479511 0.7418829 0.1725381 0.5938027 -0.7961988 -0.1160435 0.5938025 -0.7961989 -0.1160435 0.6882625 -0.4576145 0.5629243 0.4139414 0.1805182 0.8922252 -0.1910088 0.8157643 0.5459344 -0.3798577 0.899982 0.2138706 -0.5589433 0.5522552 -0.6185441 -0.5589432 0.5522538 -0.6185453 -0.2944657 -0.07257068 -0.9529026 -0.2944658 -0.07257109 -0.9529026 0.1857635 -0.6373353 -0.7478608 0.1857634 -0.6373349 -0.7478612 0.03031462 -0.6037985 -0.7965604 0.03023481 -0.6629615 -0.7480428 0.03031295 -0.6037908 -0.7965663 -0.6853618 -0.4398841 -0.5803286 -0.68329 -0.4995706 -0.5324885 -0.683101 -0.5021897 -0.5302627 -0.9995406 -0.01830816 -0.02415305 -0.9995245 -0.02273786 -0.0208261 -0.999521 -0.02315783 -0.02053564 -0.7697944 0.4764622 0.4247357 -0.7240643 0.493412 0.4819498 -0.6988781 0.3760143 0.6084264 -0.1057482 0.560904 0.8210993 -0.009581923 0.7007469 0.7133457 0.009056627 0.7006583 0.7134395 0.7376258 0.3677464 0.5662781 0.6647065 0.5463164 0.5096113 0.7600771 0.3638663 0.5384088 0.9952549 -0.01195365 0.09656518 0.9953259 0.0914216 -0.03112137 0.9916441 0.07271099 -0.1065616 0.7282106 -0.4139988 -0.5461817 0.7281575 -0.4189956 -0.5424292 0.7281798 -0.4183511 -0.5428965 -2.87984e-6 -0.7969259 0.6040772 0.04500693 -0.7187668 0.6937931 0.04500818 -0.7187663 0.6937934 0.2849469 0.9280908 0.2396931 0.1913389 0.9757543 -0.106268 0.2849332 0.9281013 0.2396684 0.03003758 -0.665502 -0.7457914 0.02861785 -0.7152026 -0.6983311 -0.6768044 -0.5536442 -0.4851947 -0.6757419 -0.5561584 -0.4837984 -0.9992476 -0.03752303 -0.009820759 -0.9990346 -0.04342764 -0.006632149 -0.7168879 0.5340013 0.4482347 -0.7163118 0.5323866 0.4510678 0.01582533 0.8015758 0.5976838 0.01794463 0.8015376 0.5976751 0.6507674 0.5536881 0.5195493 0.624774 0.662185 0.4137253 0.9943082 0.09983021 -0.03721725 0.9873649 0.1437005 -0.0667895 0.727845 -0.4331576 -0.5316166 0.02754092 -0.7172615 -0.6962597 0.01679444 -0.593069 -0.8049766 -0.675382 -0.4345479 -0.5958417 -0.675172 -0.4192359 -0.6069465 -0.9988659 -0.006771326 -0.04713004 -0.998287 0.01135557 -0.05739706 -0.708983 0.4767122 0.5197007 -0.7110349 0.4594202 0.5323181 0.02204954 0.6592384 0.7516107 0.02354776 0.6513829 0.7583838 0.6233537 0.6628805 0.4147525 0.6446125 0.5166553 0.5635088 0.9877922 0.1421069 -0.06381446 0.99627 0.08617526 0.004483401 0.727024 -0.4387383 -0.5281525 0.7201852 -0.4004769 -0.5665259 0.04871809 -0.2879633 -0.9564014 0.09250283 -0.0700007 -0.9932488 0.0466789 -0.297712 -0.9535139 -0.6571099 -0.1263101 -0.743137 -0.6220468 0.09357202 -0.7773687 -0.6220812 0.09364658 -0.7773322 -0.9864325 0.1308337 -0.09916454 -0.966091 0.2338301 -0.1095066 -0.9846714 0.1426276 -0.1003972 -0.7190002 0.3448385 0.6034278 -0.9674783 0.06298279 0.244988 -0.929259 0.2144396 0.3008213 -0.01317167 0.2241877 0.974457 -0.4021602 0.2434651 0.8826051 0.006712973 0.2222453 0.9749677 0.6144801 0.08044177 0.7848206 0.8648935 -0.04671919 0.4997766 0.8786731 -0.05636233 0.4740855 0.9951928 -0.04775124 0.08550536 0.8789638 -0.3598622 -0.3129246 0.9957274 -0.03848028 0.08394312 0.7385092 -0.264216 -0.6203178 0.7590807 -0.1612783 -0.6307027 0.9403969 -0.2139157 -0.2643745 0.9975473 0.06812 0.01609474 0.6439231 0.5093006 0.5709432 0.6186345 0.3129511 0.7206615 0.04293215 0.4448017 0.8945995 0.04562044 0.4442365 0.8947474 -0.7165138 0.3536625 0.6012744 -0.6579619 -0.1363314 -0.740608 0.01690173 -0.5777378 -0.8160475 0.7215862 -0.3825774 -0.5770164 -0.1141079 -0.07096129 -0.9909309 -0.06759619 -0.1316668 -0.9889867 -0.1141061 -0.07095962 -0.9909312 -0.638468 -0.4743784 -0.6060724 -0.5903811 -0.5338699 -0.6053372 -0.5881332 -0.5364739 -0.6052232 -0.7888108 -0.5998989 0.1337863 -0.7854315 -0.6043396 0.1336825 -0.7851525 -0.6047077 0.1336569 -0.4770891 -0.3740165 0.7952973 -0.5302817 -0.2992933 0.793237 -0.5359092 -0.2905202 0.7927166 -0.02132546 0.1539481 0.9878489 0.008526325 0.2075827 0.9781803 0.1883552 0.02346307 0.9818207 0.633181 0.4259982 0.6462255 0.550638 0.5901469 0.5903596 0.5647772 0.5841929 0.5828769 0.8021345 0.5682446 -0.1835168 0.7473284 0.6545611 -0.1142375 0.7924662 0.5736355 -0.2072196 0.345565 0.4602824 -0.8177561 0.4806916 0.3691663 -0.7953941 0.4803434 0.3696615 -0.7953746 0.6701079 -0.7421931 0.01023781 0.6039442 -0.7969287 -0.01249736 0.6701083 -0.7421928 0.01023727 -0.307388 0.8208789 0.4813217 -0.2885864 0.8301267 0.4770825 -0.2885699 0.8301273 0.4770915 -0.06564575 -0.1344986 -0.988737 -0.02448064 -0.1890286 -0.9816665 -0.5413131 -0.5866478 -0.6023492 -0.5388154 -0.5883174 -0.6029601 -0.7741076 -0.6188712 0.133251 -0.7701048 -0.6240832 0.1321324 -0.5625385 -0.2443737 0.7898303 -0.5600207 -0.2463315 0.7910106 -0.05416047 0.2888326 0.9558465 -0.05306047 0.2893787 0.955743 0.4616813 0.6839572 0.5648478 0.7439127 0.6606765 -0.1005011 0.6852416 0.7222937 -0.09346556 0.4913077 0.3546704 -0.7955035 -0.02354162 -0.1918982 -0.9811325 -0.1329886 -0.0681836 -0.9887695 -0.6401277 -0.4583477 -0.6165663 -0.6513288 -0.443117 -0.6159694 -0.8037819 -0.5821099 0.1228122 -0.8154154 -0.5650633 0.125703 -0.4995155 -0.308413 0.8095466 -0.4882286 -0.3267725 0.8092297 0.07799553 0.1495847 0.985668 0.09035766 0.1341781 0.9868292 0.4616526 0.6839661 0.5648604 0.6002703 0.5388034 0.5910724 0.6870306 0.7208743 -0.09126406 0.754824 0.6512747 -0.07798826 0.4945459 0.3488702 -0.7960615 0.4557483 0.3868997 -0.8016248 -0.3011867 0.2232577 -0.9270613 -0.3722571 0.4178947 -0.8287271 -0.2975373 0.2141363 -0.9303855 -0.8136981 -0.1834294 -0.5515878 -0.895572 0.0152707 -0.4446545 -0.8186061 -0.1742574 -0.5472829 -0.8773502 -0.4489243 0.169481 -0.9043848 -0.3677048 0.2165213 -0.9043845 -0.367705 0.2165219 -0.4177107 -0.4312718 0.7997013 -0.3932826 -0.5065346 0.7673014 -0.4151728 -0.4396145 0.7964738 0.3381164 -0.3199912 0.8850328 0.3380796 -0.319974 0.8850531 0.3381172 -0.3199915 0.8850324 0.8817507 0.1223 0.4555858 0.9202452 0.1840674 0.3453522 0.9227001 0.1890115 0.3360048 0.8498045 0.5200356 -0.08599728 0.9190526 0.3938784 0.0142222 0.9205958 0.3897849 0.02389544 0.3903194 0.5137858 -0.7639864 0.3593053 0.6045013 -0.7109698 0.3593077 0.6045008 -0.7109689 0.7664625 0.6375197 -0.0781275 0.6112572 0.5258607 0.5914687 0.7521131 0.3448594 0.561603 0.2336094 -0.06093442 0.9704193 0.2343642 -0.06053763 0.9702622 -0.8735147 -0.4584559 0.1636778 -0.1442676 -0.05300223 -0.9881182 0.4447443 0.4043692 -0.7991796 -0.6317363 -0.5131293 -0.58104 -0.509126 -0.6472688 -0.5673041 -0.5192571 -0.6372212 -0.5694921 -0.7838796 -0.5990386 0.163357 -0.6596236 -0.7323307 0.1690814 -0.7838499 -0.599079 0.1633515 -0.49342 -0.3145329 0.8109289 -0.4560172 -0.3594853 0.8141368 -0.446393 -0.3710066 0.8143018 -0.08094143 0.2657851 0.9606284 0.006563663 0.2472285 0.968935 0.1475143 0.1231966 0.9813574 0.5689253 0.5456605 0.6152874 0.4601883 0.6966993 0.5503062 0.4559982 0.7080214 0.5392324 0.7378411 0.6410687 -0.2112381 0.6057845 0.7789367 -0.1621201 0.7311226 0.6428787 -0.2284006 0.2857546 0.4728719 -0.8335086 0.370346 0.4527032 -0.8111126 0.3821991 0.4397646 -0.8127306 -0.1261648 -0.1070556 -0.9862158 -0.08844906 -0.151872 -0.9844347 -0.1261377 -0.1070976 -0.9862148 0.6469213 -0.761267 0.04433351 0.7015022 -0.7100172 0.06140393 0.7015028 -0.7100164 0.06140494 -0.5312489 0.8471474 -0.01077401 -0.7558924 0.6498551 -0.07946759 -0.5312398 0.8471529 -0.0107786 -0.5052289 -0.6543258 -0.5626735 -0.6539453 -0.7383249 0.1650207 -0.6686823 -0.7251455 0.1644018 -0.4440566 -0.3778299 0.8124398 -0.4566265 -0.3623666 0.8125163 0.01012641 0.2569817 0.9663633 0.02601945 0.2388484 0.9707082 0.4329627 0.7305474 0.5280565 0.446802 0.7207995 0.5299209 0.5970886 0.7877694 -0.151343 0.5706074 0.8082306 -0.1455014 0.3722831 0.4615082 -0.8052425 -0.07903248 -0.1635163 -0.9833698 -0.07727456 -0.1706615 -0.982295 -0.6790437 -0.4457573 -0.5832669 -0.6869865 -0.4458593 -0.573811 -0.6808773 -0.4551852 -0.5737704 -0.8313032 -0.5317581 0.1617661 -0.8349493 -0.5294339 0.150198 -0.8330448 -0.5288506 0.1623374 -0.513529 -0.2785914 0.8115878 -0.5341544 -0.2795045 0.7978448 -0.5149487 -0.2746137 0.8120438 0.08557528 0.1680203 0.9820622 0.07112205 0.1704735 0.9827922 0.08665853 0.1670807 0.9821276 0.6301247 0.5467636 0.5513552 0.6103799 0.5917155 0.5266017 0.6312683 0.5455 0.5512985 0.7693789 0.6254185 -0.1300308 0.7395966 0.6647043 -0.1056654 0.734133 0.6700525 -0.1099023 0.4516742 0.3749127 -0.809587 0.4385541 0.3780547 -0.815319 0.4320111 0.3836761 -0.8161857 -0.146014 -0.07100939 -0.9867308 -0.1702377 -0.07405155 -0.9826167 -0.1622503 -0.08303165 -0.9832501 -0.5394303 -0.6161757 -0.5738838 -0.5394675 -0.6161381 -0.5738891 -0.8288919 -0.5387872 0.1504878 -0.6914617 -0.7020799 0.1701901 -0.5265467 -0.2888875 0.7995578 -0.4619336 -0.3565424 0.8120929 -0.08891105 -0.1935898 0.9770455 -0.2063305 -0.08950847 0.9743798 0.6034657 0.5962512 0.5294466 0.3171803 0.5511111 0.7717987 0.5664176 0.6918886 -0.4477291 0.5633026 0.6836709 -0.4639874 0.191191 0.1319288 -0.9726462 0.3051003 0.02905356 -0.9518769 0.389325 0.4440554 -0.8069951 0.5844832 0.7985665 -0.1437743 -0.5196284 -0.6409558 -0.5649445 -0.08951109 -0.1550096 -0.9838495 -0.7042512 -0.6720143 -0.2289698 -0.7137241 -0.663316 -0.2249664 -0.7133824 -0.6632912 -0.2261203 -0.5212774 -0.6811172 0.5141492 -0.5313972 -0.6724397 0.5152105 -0.5212771 -0.6811171 0.5141494 -0.03294646 -0.2912305 0.9560855 -0.04773974 -0.2772399 0.9596139 -0.04857188 -0.2772464 0.9595704 0.4746824 0.2692531 0.8379614 0.4442998 0.2985596 0.8446655 0.4452895 0.3010556 0.8432573 0.591235 0.7450646 0.3087392 0.6573828 0.7151717 0.2374391 0.7600336 0.6238318 0.1821622 0.5729399 0.6682576 -0.4745227 0.4923804 0.7007088 -0.516303 0.4897326 0.6926865 -0.5294786 0.0217961 0.2296857 -0.9730209 0.03505831 0.3110616 -0.949743 -0.003645777 0.2193025 -0.9756502 -0.3985041 -0.3011299 -0.8663228 -0.4892743 -0.2553303 -0.8339167 -0.6008337 -0.2082033 -0.7717839 0.7341456 -0.6286219 -0.2566415 0.7091843 -0.6808698 -0.1829593 0.7341483 -0.6286187 -0.2566416 -0.6289584 0.7533338 0.1920926 -0.6272994 0.7613597 0.1637895 -0.6273034 0.7613545 0.1637982 -0.7815374 -0.5905021 -0.2012629 -0.6021629 -0.5994512 0.5273122 -0.607791 -0.5903058 0.5311584 -0.08493405 -0.2409516 0.9668136 -0.08838069 -0.2300043 0.9691682 0.4664919 0.3041661 0.830583 0.4763914 0.2938491 0.8286761 0.7075317 0.6740443 0.212281 0.7172827 0.6645621 0.2094348 0.5182195 0.6752483 -0.5248699 0.04982644 0.3188166 -0.9465059 0.05025482 0.3411273 -0.9386728 -0.4900631 -0.2552831 -0.833468 -0.5254263 -0.2190401 -0.8221611 -0.7120842 -0.6671233 -0.2188211 -0.4382229 -0.8510611 -0.2892328 -0.6995792 -0.6796577 -0.2205774 -0.532896 -0.6760351 0.5089191 -0.2586895 -0.859983 0.4398968 -0.258405 -0.8604013 0.4392455 -0.07590574 -0.2742629 0.9586545 0.03760147 -0.3579104 0.9329986 0.0373879 -0.3586694 0.9327157 0.4205191 0.3123989 0.8518044 0.2742242 0.379341 0.8836864 0.2728767 0.3800285 0.8838081 0.6294223 0.7370719 0.2460744 0.3058932 0.8957462 0.3225963 0.3048539 0.8961874 0.3223541 0.4350311 0.7506947 -0.4971975 0.1153642 0.8900918 -0.4409397 0.4257342 0.7612142 -0.4891865 -0.003166794 0.3631287 -0.9317337 -0.1456654 0.4395713 -0.8863176 -0.01906442 0.3740445 -0.9272149 -0.5138304 -0.252476 -0.8198989 -0.4018213 -0.3360403 -0.8518313 -0.5015364 -0.263314 -0.8240917 -0.7730019 -0.5984241 -0.2106108 -0.8193395 -0.5380464 -0.1979624 -0.7721036 -0.5996361 -0.2104584 -0.5902773 -0.6075168 0.5315036 -0.636852 -0.5471286 0.5432034 -0.6368525 -0.5471288 0.5432026 -0.08258044 -0.2368641 0.9680269 -0.1077008 -0.2036306 0.9731059 -0.1077008 -0.2036306 0.973106 0.4568946 0.2925446 0.8400387 0.4580947 0.291211 0.8398486 0.4569796 0.2925079 0.8400052 0.7067511 0.6704002 0.225979 0.7291273 0.6475297 0.2215372 0.7071311 0.6700953 0.2256945 0.4949167 0.6566559 -0.5690875 0.4229372 0.6046884 -0.6748896 0.4966551 0.6572696 -0.5668601 0.06457823 0.3547961 -0.9327108 0.1659047 0.4382349 -0.8834171 0.1754163 0.4466052 -0.877367 -0.5238828 -0.2149146 -0.8242321 -0.5483092 -0.1817218 -0.8162929 -0.5224035 -0.215964 -0.8248964 0.1135023 0.8890565 -0.4435041 0.3387851 0.7911216 -0.5092656 0.5350429 0.803291 0.2616351 0.5415851 0.7996699 0.2592561 0.3883162 0.346615 0.8538553 0.3955368 0.3426142 0.8521538 -0.01077026 -0.320964 0.9470302 -0.01697254 -0.3161644 0.9485526 -0.4191051 -0.7710216 0.4794546 -0.4249836 -0.7667015 0.4812046 -0.4376748 -0.8514838 -0.2888187 -0.5981217 -0.7621392 -0.2477792 -0.4019261 -0.3368121 -0.851477 -0.4510112 -0.2990652 -0.8409215 -0.1465777 0.4406662 -0.8856232 -0.02125656 0.3993931 -0.9165333 0.06112533 0.3511421 -0.9343249 -0.5895592 -0.6087198 0.530924 -0.6041566 -0.7577846 -0.2464899 -0.7685014 -0.6276112 0.1245393 -0.7146071 -0.6886144 0.1230733 -0.7685014 -0.6276113 0.124539 -0.4693191 -0.3952897 0.7896112 -0.4164495 -0.4570323 0.7859334 -0.4123272 -0.4614841 0.7855054 0.1047797 0.06858265 0.9921278 0.1131347 0.05829417 0.9918681 0.1140918 0.05645912 0.9918646 0.4895683 0.5788851 0.6520852 0.5553934 0.5619468 0.6129878 0.6821072 0.4381979 0.5854165 0.7932577 0.6043996 -0.07377982 0.6842972 0.717422 -0.13055 0.6789729 0.7202885 -0.1420577 0.4575331 0.343703 -0.8200803 0.3936168 0.4917043 -0.7767192 0.4376553 0.3392387 -0.8326914 -0.2403907 0.01205688 -0.9706014 -0.164112 0.003239929 -0.9864364 -0.1544941 -0.006884753 -0.9879698 -0.6175024 -0.4922831 -0.6134722 -0.6090819 -0.5025178 -0.613592 -0.6175067 -0.4922866 -0.6134651 0.6312144 -0.7754985 -0.01305943 0.6877076 -0.723783 -0.05653756 0.6877074 -0.7237831 -0.05653917 -0.7104292 -0.6929653 0.1228398 -0.6568672 -0.7442519 0.1208909 -0.3616445 -0.5150061 0.7771628 -0.3621497 -0.5143432 0.7773665 0.1178957 0.04428648 0.992038 0.1174591 0.04461109 0.9920752 0.5027051 0.6056753 0.6168023 0.5036745 0.6042622 0.6173972 0.5526993 0.8224586 -0.1344822 0.5526891 0.8222013 -0.136088 0.3970568 0.5013762 -0.7687444 0.2801911 0.6104577 -0.7408336 -0.213666 0.04940193 -0.9756569 -0.6079813 -0.5042414 -0.6132693 -0.6025675 -0.5151643 -0.6095229 -0.4246507 -0.9027321 0.06889736 -0.3647269 -0.929234 0.05914843 -0.4596381 -0.8846964 0.07775086 -0.1274566 -0.6719562 0.7295408 -0.07294076 -0.7026573 0.7077799 -0.08187252 -0.698558 0.7108542 0.2292962 -0.0364055 0.9726758 0.2532119 -0.05852651 0.9656389 0.2440341 -0.05496853 0.9682076 0.4151896 0.6440482 0.6425103 0.3977513 0.6486476 0.6488838 0.4033174 0.6451581 0.648927 0.3533101 0.9329719 -0.06881457 0.266117 0.96298 -0.04302793 0.2633017 0.9639359 -0.03872817 0.07069069 0.7135178 -0.6970619 -0.01449149 0.7450918 -0.6668045 0.09389543 0.7021073 -0.7058534 -0.3010045 0.08791071 -0.9495621 -0.3185296 0.09244656 -0.9433943 -0.2751041 0.07060283 -0.9588186 -0.4929093 -0.5972108 -0.6327556 -0.4662722 -0.6172127 -0.6337497 -0.5279551 -0.5755627 -0.6244927 -0.1363453 -0.01563477 -0.9905381 -0.1134884 -0.05669778 -0.9919202 -0.1139 -0.05698686 -0.9918565 0.4835742 0.4384645 -0.7575651 0.5994007 0.3849033 -0.701832 0.6048169 0.3903606 -0.6941292 0.7464128 0.6425065 -0.1733592 0.8016644 0.5419648 -0.2522071 0.7477772 0.6422437 -0.1683816 0.5819654 0.5420828 0.6061869 0.6084992 0.5039372 0.6130058 0.5832712 0.5401629 0.6066457 0.06232559 0.1157729 0.9913184 0.003940582 0.1934587 0.9811005 0.05807739 0.117483 0.9913753 -0.5033086 -0.3587033 0.7861377 -0.6150636 -0.1818639 0.7672172 -0.5066905 -0.3558867 0.7852449 -0.7983964 -0.5879106 0.1300938 -0.9051407 -0.4071115 0.1223956 -0.9051625 -0.4071186 0.1222104 -0.657688 -0.443201 -0.6091137 -0.709666 -0.3606676 -0.6052216 -0.7096413 -0.3606513 -0.6052601 -0.1352665 -0.01779133 -0.9906496 0.481268 0.4352409 -0.7608853 -0.8008391 -0.584296 0.1313584 -0.6610258 -0.4409121 -0.6071584 -0.614672 0.7887544 -0.006698131 -0.6204623 0.7842194 0.005164921 -0.6204935 0.7841945 0.005197703 0.4547255 0.6481442 -0.6108469 0.4003925 0.705475 -0.5848 0.3901991 0.7059228 -0.5911157 -0.3960846 0.6983925 -0.596125 -0.3345151 0.7488797 -0.5720829 -0.4160703 0.6980627 -0.582747 -0.9119922 0.4029887 -0.07661825 -0.9059085 0.3764532 -0.1939398 -0.9060937 0.3761084 -0.193744 -0.9352754 -0.2396304 0.2604559 -0.9313743 -0.2110803 0.2966263 -0.9352763 -0.2396302 0.2604524 -0.4136877 -0.6874527 0.5968847 -0.4098809 -0.6561178 0.6336459 -0.413693 -0.6874583 0.5968747 0.3502402 -0.7325754 0.5836654 0.3514108 -0.7010856 0.6204752 0.3520426 -0.7008666 0.6203644 0.9089949 -0.3485643 0.2285414 0.9097301 -0.3197939 0.2648078 0.9101915 -0.318961 0.2642262 0.9498934 0.2930148 -0.1088346 0.9366881 0.2676198 -0.2258211 0.9166765 0.2067047 -0.3420196 -0.04787963 -0.5703904 -0.819977 -0.05093681 -0.6371182 -0.7690812 -0.0478757 -0.5703872 -0.8199795 0.04843002 0.7466421 0.6634607 0.05636912 0.767755 0.6382594 0.05640107 0.7677443 0.6382694 0.3946605 0.7834242 -0.4800933 -0.3160611 0.8253958 -0.4677898 -0.3168896 0.8270695 -0.4642595 -0.90278 0.4072374 -0.138369 -0.9033843 0.4073708 -0.1339628 -0.9266689 -0.2120561 0.31035 -0.9266079 -0.2149988 0.308502 -0.4076952 -0.6761975 0.6136299 -0.4075869 -0.6785771 0.6110696 0.3461988 -0.7207251 0.6005846 0.9054159 -0.3202734 0.2786521 0.9368262 0.2672803 -0.2256498 0.9391067 0.2984756 -0.1702674 0.3799779 0.7836215 -0.4914819 0.381654 0.7795647 -0.4966077 -0.3018391 0.8238939 -0.4796793 -0.8895524 0.432013 -0.1485316 -0.931995 -0.203807 0.2997468 -0.4099634 -0.6769252 0.611312 0.3482882 -0.7217094 0.5981898 0.3490076 -0.7145133 0.6063535 0.9113133 -0.3126773 0.2678452 0.9121903 -0.3035968 0.2752054 0.9285613 0.3246209 -0.1799869 0.929225 0.3166478 -0.1904605 0.2818931 0.6675734 -0.6891169 -0.2249684 0.6975097 -0.6803451 -0.2135065 0.6997796 -0.6817063 -0.8915103 0.4241952 -0.1589594 -0.9053375 0.3593111 -0.2264059 -0.9239171 -0.127452 0.3607401 -0.9239168 -0.1274527 0.3607405 -0.4095553 -0.669707 0.6194812 -0.3986417 -0.5034275 0.7665804 0.3627994 -0.5484074 0.7534096 0.3627985 -0.5484076 0.7534098 0.9143854 -0.2360246 0.3289253 0.9329866 0.2507275 -0.2582089 0.9329867 0.2507272 -0.2582085 -0.5187003 0.7371641 -0.4330578 -0.3093796 0.8809093 -0.3581663 -0.308736 0.8851476 -0.3481318 -0.5003452 0.7371634 0.4541419 -0.2943012 0.8809087 0.3706569 -0.4868111 0.7301304 0.4795044 -0.1899245 0.2766387 0.942019 -0.1015781 0.3655862 0.9252182 -0.1118344 0.3608551 0.9258924 0.003297805 -0.412144 0.9111127 0.113395 -0.3743731 0.9203187 0.1068025 -0.3765982 0.9201996 0.1892059 -0.9081209 0.3735207 0.2527876 -0.8918893 0.3750095 0.1888112 -0.9082106 0.3735021 0.1735963 -0.9081219 -0.3810237 0.237062 -0.8918915 -0.385138 0.2387976 -0.8915361 -0.3848885 -0.03438872 -0.4121388 -0.9104719 0.07523459 -0.3743746 -0.9242205 -0.03453534 -0.4121859 -0.910445 -0.2286821 0.2766375 -0.9333683 -0.1397563 0.3655834 -0.9202266 -0.3937243 0.299431 -0.8690928 -0.9662804 -0.2567156 0.01999038 -0.9292781 -0.3688805 0.019225 -0.9662804 -0.2567152 0.0199908 0.5156491 0.8567336 -0.0106576 0.7442108 0.6677674 -0.0154013 0.5156512 0.8567321 -0.0106846 -0.3187084 0.8821076 -0.3468592 -0.3195638 0.8820223 -0.3462883 -0.2940735 0.8851471 0.3606043 -0.3041315 0.8820927 0.3597454 -0.07527792 0.3827892 0.9207636 0.2258217 -0.3278428 0.917346 0.2545057 -0.8915128 0.3747425 0.4289366 -0.8238109 0.3706065 0.4132427 -0.8238123 -0.3880258 0.4163536 -0.8225613 -0.3873535 0.1876881 -0.3278427 -0.9259009 0.1909308 -0.3269628 -0.925549 -0.1133395 0.3827757 -0.9168626 -0.1162788 0.3821015 -0.9167757 -0.5965309 0.7309994 -0.3313472 -0.6403495 0.7037353 -0.3077488 -0.5938153 0.7326681 -0.3325373 -0.5823181 0.7310016 0.3557279 -0.6270727 0.703735 0.3339715 -0.6249595 0.7035102 0.3383771 -0.1927185 0.3221483 0.9268658 -0.2279974 0.292352 0.9287344 -0.2264168 0.2937587 0.9286772 0.3147414 -0.2505777 0.9155046 0.3238967 -0.2394407 0.9152919 0.3225978 -0.2406686 0.9154285 0.6570788 -0.6580421 0.3677338 0.6991658 -0.6140577 0.3661973 0.6982158 -0.6150925 0.3662732 0.641307 -0.6580405 -0.3945987 0.6834201 -0.6140562 -0.3948064 0.6400492 -0.6595411 -0.3941351 0.2766142 -0.2505853 -0.9277347 0.285759 -0.2394355 -0.9279076 0.275821 -0.2524941 -0.9274532 -0.230889 0.3221504 -0.9181011 -0.2662085 0.2923465 -0.9185132 -0.2284148 0.3237669 -0.9181512 -0.01479929 -0.01069408 -0.9998334 0.2333211 -0.2876384 -0.928884 0.5580751 -0.7305782 -0.3934563 0.558221 -0.7304608 -0.3934673 0.5738726 -0.7305832 0.3700249 0.02656286 -0.0106886 0.99959 -0.08502721 -0.09409075 0.9919261 -0.3987076 0.6656666 0.6308093 -0.3931789 0.6555945 0.6446753 -0.6384205 0.7035104 -0.3122377 -0.4244552 0.6656642 -0.6137825 -0.125998 -0.0941056 -0.9875569 0.6558028 -0.6595428 0.3673228 0.3139364 -0.2524858 0.9152567 -0.190244 0.3237646 0.9268137 -0.5795557 0.7326703 0.3568046 0.7416808 -0.4234785 -0.5201687 0.739221 -0.4851265 -0.4671237 0.7416806 -0.4234784 -0.5201691 0.05014473 -0.6305563 -0.774522 0.04998373 -0.6915128 -0.7206328 0.04986643 -0.6958922 -0.7164129 -0.6707534 -0.4682561 -0.5751748 -0.6703764 -0.4801171 -0.565759 -0.6707578 -0.4682589 -0.5751677 -0.9807526 0.07853275 -0.1787651 -0.9943304 0.03999519 -0.09852671 -0.9949752 -0.09264153 0.03797209 -0.7620439 0.3930059 0.5146219 -0.7311912 0.5266599 0.4335768 -0.7258182 0.5350456 0.4323359 -0.01903182 0.6154955 0.7879106 -0.0552265 0.7290737 0.6822036 -0.00558269 0.6197612 0.7847706 0.6894923 0.5786778 0.4355829 0.6687466 0.5379909 0.5131704 0.6686459 0.5282643 0.5233064 0.9987418 0.03166085 0.03888934 0.9986541 0.02138072 0.04725319 0.9987419 0.03166061 0.03888934 -7.36953e-7 -0.7754987 0.6313492 -0.02324783 -0.7434104 0.6684314 -0.02324753 -0.743411 0.6684309 0.738902 -0.489566 -0.4629784 0.7319256 -0.5430502 -0.4115598 0.04956984 -0.7471573 -0.6627963 0.04943698 -0.7465993 -0.6634346 -0.6666759 -0.4912942 -0.5605118 -0.6665838 -0.4909487 -0.5609238 -0.9851945 0.08550149 -0.1485981 -0.9853038 0.08468413 -0.1483412 -0.7043849 0.6317657 0.3235958 -0.7039402 0.6318328 0.3244312 -0.06198841 0.7338977 0.6764256 -0.05752998 0.8254626 0.5615174 0.6706391 0.5817452 0.4602345 0.9986478 0.01966154 0.04812657 0.9986197 0.00736916 0.05200409 0.6941441 -0.6982771 -0.1748512 0.6749188 -0.7282353 -0.1189877 0.7022479 -0.680248 -0.2100252 0.007195711 -0.9039787 -0.427517 4.56957e-4 -0.930198 -0.3670582 0.002316892 -0.9264291 -0.3764625 -0.6856271 -0.5726041 -0.4494886 -0.6856033 -0.5926227 -0.4227842 -0.6830123 -0.5889762 -0.4319736 -0.9634768 0.1234667 -0.2376306 -0.9583174 0.1277971 -0.2555304 -0.9601212 0.1236755 -0.2507425 -0.6677848 0.7354961 0.1144952 -0.6413177 0.7667235 0.02909791 -0.6422457 0.7660509 0.02620106 -0.00582534 0.9337155 0.3579686 0.01344764 0.9627875 0.2699252 -0.01016354 0.9234208 0.3836545 0.6919497 0.6191734 0.3712546 0.6973204 0.6235628 0.3534315 0.6895242 0.603895 0.399834 0.9836909 -0.07273364 0.1645057 0.977436 -0.09461218 0.1888582 0.9903209 -0.05137759 0.1289372 0.6629719 0.518393 0.5401267 0.6701091 0.4799411 0.5662247 0.6704822 0.4797558 0.56594 -0.08361738 0.6536217 0.7521881 -0.1383661 0.5528598 0.8217062 -0.1450049 0.5526108 0.8207284 -0.7183652 0.463551 0.5187215 -0.67621 0.3918062 0.6238814 -0.7202919 0.461381 0.5179838 -0.9972801 0.02127015 -0.07056951 -0.998671 -0.01977515 -0.04759323 -0.9974 0.01911759 -0.06948381 -0.6672589 -0.4192203 -0.615646 -0.6637588 -0.3368865 -0.6677814 -0.6654462 -0.4169158 -0.6191629 0.05517441 -0.5910351 -0.8047567 0.04713749 -0.409906 -0.9109091 0.05640685 -0.5874681 -0.8072791 0.7373296 -0.3867704 -0.5538538 0.7176121 -0.2091339 -0.664301 0.717736 -0.2090409 -0.6641966 0.9968612 0.07909035 -0.003562569 0.9857021 0.1570295 -0.06109893 0.9857001 0.1570577 -0.06105929 0.6634485 0.5164182 0.5414318 -0.08089172 0.6528437 0.7531612 0.7363212 -0.3838738 -0.5572003 0.9967139 0.08063536 -0.007697641 -0.005889773 0.7889508 -0.6144282 -0.006811976 0.784481 -0.6201154 -0.006798267 0.7844586 -0.6201441 -0.3462834 0.5598071 -0.7527974 -0.4510098 0.5389974 -0.7113875 -0.5587314 0.4783602 -0.6774886 -0.6706218 0.7394619 -0.05884289 -0.6258911 0.7798252 0.01153784 -0.6297108 0.7764087 0.02557432 -0.419775 0.5211661 0.7430848 -0.414881 0.5950465 0.6883267 -0.397948 0.5137469 0.7600669 -0.03419524 0.02205139 0.9991719 0.08465725 0.07479441 0.993599 0.1934772 0.08873659 0.9770836 0.4857742 -0.5110796 0.7090988 0.5227826 -0.4801738 0.704366 0.4857718 -0.5110784 0.7091013 0.6387988 -0.7693573 0.005055189 0.6753118 -0.7375295 0.002067685 0.6387993 -0.7693568 0.005058526 0.4176123 -0.576951 -0.7019456 0.4534532 -0.5476736 -0.7031599 0.4530346 -0.547006 -0.7039489 -0.04819935 -0.04657381 -0.9977514 -0.0136165 -0.01865869 -0.9997332 -0.01382249 -0.01830989 -0.9997369 -0.8340927 -0.5397018 0.1140686 -0.7025436 -0.7111564 0.02625179 -0.8340932 -0.5397019 0.1140635 0.6426371 0.753848 -0.1368607 0.6425971 0.75389 -0.1368175 0.6426523 0.753835 -0.1368607 -0.4509778 0.5390213 -0.7113896 -0.3663858 0.596165 -0.7143871 -0.5154339 0.856714 0.01921308 -0.513537 0.8578311 0.02014303 -0.3425465 0.6582309 0.6703686 -0.3386272 0.6591656 0.6714406 0.09902828 0.07323497 0.9923861 0.09717255 0.07027029 0.9927837 0.5035294 -0.5010977 0.7038177 0.5010313 -0.5035439 0.7038545 0.6752715 -0.7375642 0.002749085 0.6545365 -0.7559766 0.009025633 0.4660504 -0.5461493 -0.6960733 0.04123014 0.01353472 -0.999058 -0.3677524 0.6082571 -0.7034071 -0.3780028 0.6022395 -0.7031511 -0.5181308 0.8550232 0.02181291 -0.3549894 0.6699808 0.6520034 0.08760333 0.08207011 0.992769 0.5007643 -0.5012792 0.7056587 0.6523538 -0.7578833 0.006894826 0.6612001 -0.7501873 0.005792856 0.4568898 -0.5410794 -0.7060346 0.4642599 -0.5323466 -0.7078629 0.02970808 0.04102635 -0.9987164 0.01955449 0.03264421 -0.9992758 -0.5532339 0.4510034 -0.7003772 -0.6879845 0.7098144 0.1511315 -0.6865844 0.7082145 0.1644208 -0.4918815 0.6478034 0.5817245 -0.4976824 0.6530781 0.5707901 0.1496397 0.1562108 0.9763228 0.1496411 0.1562091 0.9763229 0.5088954 -0.4940428 0.7049449 0.6564593 -0.3299447 0.6783788 0.8089726 -0.5873813 -0.0233823 0.5178472 -0.4652842 -0.7178753 0.5178464 -0.4652837 -0.7178763 -0.04639363 -0.03517222 -0.9983038 -0.04639369 -0.03517186 -0.9983039 0.572377 0.4590355 -0.6794639 0.5268884 0.6026766 -0.5993075 0.5195366 0.6079173 -0.6004319 -0.247676 0.5460772 -0.8002853 -0.1984377 0.6796637 -0.7061726 -0.2636519 0.5490012 -0.7931491 -0.8528147 0.4237143 -0.3052429 -0.8379123 0.3858539 -0.3860309 -0.8382965 0.3790766 -0.3918673 -0.9773862 -0.1236048 0.1715754 -0.9770752 -0.1440256 0.1567823 -0.9773863 -0.1236045 0.1715753 -0.541592 -0.4913761 0.682076 -0.5387614 -0.5716376 0.618843 -0.5415921 -0.4913761 0.682076 0.2114626 -0.5713036 0.7930296 0.21048 -0.6511348 0.7291925 0.210388 -0.6547071 0.7260134 0.840643 -0.316572 0.4394332 0.8403698 -0.336937 0.4245612 0.8403037 -0.3392989 0.4228073 0.9725199 0.2299715 -0.03630614 0.973834 0.1935529 -0.1190998 0.9678056 0.06253111 -0.2438077 0.01162183 -0.772247 -0.6352162 -1.49898e-7 -0.8113766 -0.5845238 0.01162159 -0.7722465 -0.6352168 5.36173e-4 0.8130933 0.5821333 5.40218e-4 0.813096 0.5821295 5.32134e-4 0.813093 0.5821337 0.5227242 0.5874991 -0.6177414 0.5236249 0.591023 -0.6136032 -0.1901574 0.6832453 -0.7049938 -0.1923996 0.6634031 -0.7231036 -0.8392441 0.3756429 -0.3931434 -0.9769941 -0.1464143 0.1550661 -0.9758528 -0.1119238 0.1875754 -0.5387135 -0.5751334 0.6156374 -0.5381279 -0.511375 0.6700104 0.2075539 -0.5905228 0.7798746 0.2086282 -0.5939716 0.7769634 0.8370431 -0.3043476 0.4546774 0.8378616 -0.3078177 0.4508175 0.9750117 0.1830745 -0.1258416 0.9749065 0.1863774 -0.1217415 0.5095974 0.4673643 -0.7224134 0.5157001 0.6576964 -0.5490801 0.5095061 0.4620633 -0.7258796 -0.1749389 0.5400226 -0.8232691 -0.190987 0.7327045 -0.6531984 -0.1922723 0.7280945 -0.6579588 -0.8359754 0.3257916 -0.4415937 -0.8394819 0.3983144 -0.3696156 -0.8401832 0.3921275 -0.3746045 -0.969311 -0.08015352 0.2324041 -0.976136 -0.1613777 0.1453132 -0.9764645 -0.1549794 0.1499952 -0.5203808 -0.3953419 0.7569072 -0.5364083 -0.6058577 0.5875396 -0.5375322 -0.6001379 0.5923629 0.1899991 -0.4707421 0.8615696 0.2100551 -0.6851187 0.6974879 0.1894164 -0.4617091 0.8665716 0.8246607 -0.2705679 0.4967171 0.8391998 -0.3540273 0.4128055 0.8226839 -0.2612496 0.5049157 0.9755277 0.1335158 -0.1746975 0.973186 0.2058787 -0.1025816 0.9753311 0.1295588 -0.1787283 0.5090651 0.6896455 -0.5150164 0.5072912 0.5483754 -0.6647858 0.5103381 0.6840223 -0.5212184 -0.1879196 0.7636251 -0.6177079 -0.1725664 0.6205374 -0.7649537 -0.1741072 0.621973 -0.7634373 -0.832474 0.4316134 -0.3474146 -0.8382911 0.3750686 -0.3957168 -0.8382854 0.3751446 -0.3956567 -0.9767965 -0.156548 0.1461557 -0.9713568 -0.03219878 0.2354346 -0.9713337 -0.03202331 0.2355538 -0.5356635 -0.6158813 0.5777152 -0.5365396 -0.3745745 0.7561873 -0.5364924 -0.3740061 0.756502 0.2101023 -0.6950369 0.6875905 0.2095969 -0.4537703 0.8661187 0.2100315 -0.6806977 0.7018102 0.8405718 -0.3494463 0.4139159 0.8355653 -0.2239884 0.5016571 0.8408946 -0.3308507 0.4282924 0.9671306 0.2406026 -0.08227372 0.9747344 0.1826335 -0.1285994 0.9687247 0.2309406 -0.09076923 -0.519406 -0.3864743 0.7621386 -0.9678843 -0.07119637 0.2411043 -0.8354545 0.3217587 -0.445519 -0.1749556 0.5347545 -0.8266972 0.2112353 -0.6061573 0.7667809 0.2112368 -0.6061572 0.7667807 -0.5410439 -0.5263119 0.6559477 -0.9768835 -0.09700995 0.1904934 -0.8322468 0.4266234 -0.3540592 -0.05201774 0.7419629 -0.6684201 0.3918402 0.6948514 -0.6030281 0.3810438 0.6967864 -0.607696 0.9677892 0.2355628 -0.08885055 0.9677891 0.2355629 -0.08885073 0.8402419 -0.2898819 0.4582164 0.8402418 -0.2898819 0.4582164 0.4147157 -0.6720109 -0.6135246 0.4135199 -0.6634004 -0.6236194 0.414488 -0.6632637 -0.623122 -0.350028 -0.6811144 -0.6430891 -0.3482497 -0.6724396 -0.6531058 -0.3500277 -0.6811144 -0.6430893 -0.9097276 -0.2912306 -0.2959401 -0.909034 -0.2772698 -0.3110932 -0.9087581 -0.2772464 -0.3119186 -0.9203076 0.2598901 0.2923887 -0.9345616 0.2985971 0.1934799 -0.9334954 0.3010143 0.1948764 -0.4987432 0.5956555 0.6296426 -0.3951578 0.6837945 0.613413 -0.3718653 0.6839472 0.6276404 0.4343532 0.6067625 0.6657151 0.330263 0.6924296 0.6414574 0.4743682 0.6051671 0.6393338 0.8885522 0.2814288 0.362316 0.9094765 0.3205472 0.2647681 0.9374232 0.3064406 0.1653233 0.9365203 -0.2692556 -0.2245686 0.9366662 -0.25527 -0.2397784 0.9365203 -0.2692557 -0.2245687 -0.02019834 -0.6808713 0.7321246 -0.02544808 -0.5573207 0.8299073 -0.02545112 -0.5573202 0.8299075 6.16881e-4 0.9511867 -0.3086155 0.01600104 0.7613684 -0.648122 6.11796e-4 0.9511838 -0.3086246 0.4094486 -0.5905028 -0.6954556 -0.3403189 -0.5994514 -0.7244592 -0.3424581 -0.5903065 -0.7309315 -0.9056667 -0.2409531 -0.3488689 -0.9069766 -0.2300062 -0.3528326 -0.9271683 0.304165 0.2187298 -0.9280717 0.2938482 0.2287706 -0.362603 0.684364 0.6325861 -0.3597362 0.6790615 0.6398949 0.3059853 0.6919429 0.6539022 0.2963213 0.6922076 0.6580595 0.9082485 0.3229372 0.2660759 0.9000248 0.3259161 0.2893688 0.9364562 -0.2552822 -0.2405843 0.9353605 -0.2190078 -0.2777343 0.4071255 -0.6671239 -0.6238547 0.3990964 -0.8510609 -0.3412 0.4053573 -0.6796575 -0.611352 -0.3417867 -0.6760372 -0.6528061 -0.3512496 -0.8599836 -0.3702053 -0.3507029 -0.8604015 -0.3697523 -0.9003226 -0.2742609 -0.3379355 -0.9070553 -0.3579036 -0.2217112 -0.9067113 -0.3586672 -0.2218841 -0.9348548 0.3123984 0.1686828 -0.9250575 0.379338 0.01927345 -0.9248018 0.380026 0.01794612 -0.3916934 0.753771 0.5276417 -0.3390135 0.9136418 0.22434 -0.3342448 0.9152573 0.2249101 0.3317664 0.7623834 0.5556101 0.2988749 0.9212345 0.2489996 0.337249 0.771906 0.5389104 0.9113535 0.3343767 0.2400565 0.9115319 0.4011988 0.0902732 0.9119625 0.3458892 0.2206469 0.9299839 -0.2524771 -0.2671804 0.9296946 -0.3360476 -0.1507979 0.9306149 -0.2633159 -0.254206 0.4160775 -0.5984231 -0.6846673 0.4168035 -0.5449364 -0.7275432 0.4156818 -0.5996356 -0.6838465 -0.3476555 -0.6075107 -0.7141894 -0.3463677 -0.5540099 -0.7570355 -0.3463593 -0.5540132 -0.7570368 -0.9078056 -0.2379432 -0.3453581 -0.9060882 -0.2103398 -0.3670986 -0.9074783 -0.2368692 -0.3469529 -0.9336003 0.2925477 0.2068974 -0.9337515 0.291209 0.2080996 -0.9335916 0.2925112 0.2069883 -0.3384593 0.716068 0.6104851 -0.7244671 0.5199615 0.4525347 -0.323861 0.7203585 0.6133496 0.2732085 0.7233499 0.634131 0.6748144 0.5366133 0.5066279 0.7098101 0.5078039 0.4881648 0.9076262 0.3144639 0.2780779 0.9077109 0.3131356 0.2792978 0.9077103 0.3131363 0.2792984 0.9369298 -0.2149111 -0.2756371 0.9707316 -0.1977598 -0.1362771 0.9371606 -0.2159208 -0.2740592 0.2940495 0.9227444 0.2491542 0.2834613 0.822238 0.4935326 -0.340174 0.8148154 0.4694225 -0.3410069 0.8137225 0.4707123 -0.9279221 0.3466191 0.1371709 -0.9282827 0.3426192 0.1445801 -0.9071566 -0.3209292 -0.2721607 -0.9069051 -0.316161 -0.2785056 -0.3449308 -0.7710205 -0.5353038 -0.3449888 -0.7666994 -0.5414378 0.3985421 -0.8514857 -0.340788 0.4034463 -0.7621428 -0.5063293 0.9294019 -0.3368095 -0.1509023 0.9328287 -0.2990279 -0.20103 0.9113633 0.4018817 0.08892798 0.906064 0.3684493 0.2080699 0.9075725 0.3147033 0.2779822 0.2583343 0.7272895 0.6358564 -0.3472948 -0.6087149 -0.713339 0.403878 -0.7577856 -0.5124878 0.3836872 0.005471944 -0.923447 0.4056303 0.07734781 -0.9107588 0.3814792 0.006707787 -0.9243531 -0.3816807 -5.37591e-4 -0.9242942 -0.3557445 0.06299096 -0.9324581 -0.3839624 9.64883e-4 -0.9233483 -0.9233642 -0.001581847 -0.383922 -0.9122017 0.02283465 -0.4091048 -0.9115857 0.02411901 -0.4104021 -0.9242776 0.005743443 0.3816779 -0.9331721 -0.02013355 0.3588657 -0.9336056 -0.01858389 0.3578205 -0.3836151 0.01555031 0.9233622 -0.4051223 -0.03966265 0.9134018 -0.4083166 -0.03891724 0.9120104 0.3815624 0.02144092 0.9240944 0.3568948 -0.02329152 0.9338542 0.3536186 -0.02329665 0.9350996 0.9232369 0.02154636 0.3836266 0.9127253 0.01510226 0.4082946 0.9241535 0.02283591 0.3813384 0.9241863 0.01452779 -0.3816657 0.9315866 0.05840682 -0.3587968 0.9232833 0.01553785 -0.3838056 0 -1 0 0 -1 0 0 -1 -9.93781e-7 0 -1 -9.93781e-7 0 -1 9.93781e-7 0 -1 9.93781e-7 0.07663887 0.9283543 0.3637096 0.06719118 0.9332952 0.3527683 0.07279998 0.9236363 0.3762931 0.06278258 0.9316785 0.3578179 0.07280284 0.9236302 0.3763073 0.07277309 0.9236296 0.3763146 0.07274425 0.9236425 0.3762882 0.07282447 0.9236663 0.3762143 0.07291328 0.9236254 0.3762977 0.347648 0.09037685 -0.9332594 0.315517 0.03205162 -0.9483786 0.3467699 0.09191298 -0.933436 -0.4150264 0.08034515 -0.9062548 -0.4438289 0.06538015 -0.8937234 -0.4438285 0.06538021 -0.8937235 -0.9353554 0.03702902 -0.3517658 -0.9419297 0.1380215 -0.3061349 -0.9419334 0.1372168 -0.3064853 -0.9089596 -0.01745295 0.4165188 -0.8945751 0.01015388 0.4468024 -0.894702 0.009592115 0.4465606 -0.3437157 -0.04815691 0.9378383 -0.3211162 -0.09550738 0.9422116 -0.3212838 -0.09993565 0.941695 0.4157596 -0.03910803 0.9086334 0.4416365 -0.1255738 0.8883628 0.41807 -0.03857797 0.9075954 0.93427 0.006388664 0.3565092 0.9463163 -0.05215746 0.3190066 0.9359915 0.006711661 0.3519588 0.9103259 0.06094408 -0.4093808 0.8986255 0.07533991 -0.4321994 0.9096091 0.06325042 -0.4106222 0.8897768 0.01992446 0.455961 0.8918785 0.02179199 0.45175 0.888913 0.02062135 0.4576119 0.3081303 0.03332847 0.9507603 0.3187311 0.04875081 0.9465907 0.3063575 0.0376529 0.9511716 -0.4499742 0.04230701 0.892039 -0.4307487 0.06389009 0.9002075 -0.4298912 0.05517804 0.901193 -0.9496567 0.03010398 0.3118429 -0.9441329 0.05081236 0.3256242 -0.9440175 0.04406189 0.32694 -0.8888325 0.0153073 -0.4579766 -0.8923784 0.01620554 -0.4509971 -0.8918551 0.01720201 -0.451994 -0.3063092 0.002525627 -0.9519287 -0.3177863 -0.01063829 -0.9481027 -0.3168349 -0.0123347 -0.9484006 0.4495552 -0.003669023 -0.8932451 0.4339143 -0.02694183 -0.9005513 0.4515283 -0.001381576 -0.8922557 0.9497494 0.005075693 -0.3129704 0.9460878 -0.01350879 -0.3236287 0.9503694 0.00399506 -0.311098 -0.3440663 -0.0518431 0.9375131 -0.9088655 -0.02228879 0.4164935 0.4330141 -0.01726108 -0.9012219 0.9457799 -0.006117939 -0.3247507 -0.8908982 -0.05604684 0.4507321 -0.9438759 0.1771552 -0.2787731 -0.3689221 0.3353207 -0.8668659 -0.3480463 0.3354992 -0.8753879 -0.3695484 0.3353126 -0.8666023 0.2758628 0.3163748 -0.9076381 0.2300068 0.3245152 -0.9174895 0.2773163 0.3161031 -0.9072897 0.8975679 0.135598 -0.4195057 0.8975834 0.1355897 -0.4194756 0.9461029 -0.09625864 0.3092306 0.9461648 -0.09621649 0.3090546 0.4437648 -0.2481843 0.8610909 0.4443609 -0.2481548 0.8607919 -0.313942 -0.2325763 0.9205154 -0.3132443 -0.2327147 0.9207182 0.1950795 0.5942295 -0.780279 0.1456563 0.5170971 -0.8434423 0.1005184 0.4651861 -0.8794874 -0.5720517 0.3652462 -0.7344061 -0.5604468 0.5995315 -0.571368 -0.5579091 0.5980718 -0.5753674 -0.9913917 0.004502654 -0.1308528 -0.9884234 0.1176378 -0.09581613 -0.9887242 0.1088081 -0.1028844 -0.792455 -0.5193627 0.3198087 -0.80254 -0.441589 0.4011596 -0.7924423 -0.5194224 0.319743 -0.1460558 -0.7805615 0.6077759 -0.1465383 -0.7353083 0.6617011 -0.146831 -0.7365164 0.6602911 0.5859103 -0.6582139 0.4727194 0.5909646 -0.6130148 0.5243794 0.59076 -0.6119755 0.5258219 0.9746943 -0.2234711 -0.005644917 0.9876087 -0.1372347 0.07613009 0.9746089 -0.223834 -0.005991995 0.7924593 0.2684397 -0.5476755 0.8033483 0.4089213 -0.4329144 0.8027675 0.4171847 -0.4260531 -0.05079114 -0.6914237 -0.720662 -0.1333309 -0.6002156 -0.788647 -0.1333361 -0.6002153 -0.7886464 -0.06963872 0.8874624 0.4555886 -0.08360677 0.9203436 0.3820703 -0.08360165 0.9203429 0.3820731 0.09631794 0.7950897 -0.5987948 0.117371 0.6939601 -0.7103826 0.1191555 0.6934177 -0.7106152 -0.5698468 0.578303 -0.5838154 -0.9861429 0.1451763 -0.08028817 -0.8026896 -0.4368975 0.405968 -0.8024955 -0.3454701 0.4864683 -0.1456764 -0.5976384 0.7884203 0.5906425 -0.4744662 0.6527046 0.5899202 -0.4720172 0.655129 0.9865555 -0.04609495 0.1567916 0.9862369 -0.04390132 0.159404 0.7974554 0.4436401 -0.4089605 0.7973179 0.4417601 -0.4112569 0.1225581 0.4364142 -0.8913597 0.1168704 0.3760319 -0.919207 0.1233504 0.4392388 -0.8898619 -0.5551348 0.3230111 -0.7664785 -0.5407475 0.2659875 -0.7980244 -0.5422773 0.2681795 -0.7962507 -0.986561 0.03869092 -0.1587469 -0.9841242 -0.003502547 -0.1774467 -0.9842755 -0.001553773 -0.176634 -0.8119128 -0.237726 0.5331829 -0.8135792 -0.223828 0.536647 -0.8135253 -0.2255083 0.5360248 -0.1643658 -0.3500649 0.9221923 -0.1698409 -0.292434 0.9410827 -0.1697475 -0.2937768 0.9406811 0.57555 -0.2262499 0.7858455 0.5687876 -0.1688323 0.8049698 0.5753495 -0.2282066 0.7854265 0.9771307 0.06164884 0.2035072 0.9754258 0.07554161 0.2069736 0.9772311 0.05956965 0.2036438 0.8041586 0.3383442 -0.488725 0.8088126 0.2965215 -0.5078359 0.8040154 0.3408728 -0.4872012 0.9836024 0.009831905 0.180083 0.9836024 0.009831964 0.180083 0.5851076 -0.3298713 0.7408334 0.5851069 -0.3298715 0.7408338 -0.1557807 -0.4538498 0.8773555 -0.809424 -0.2902114 0.5105 -0.986791 0.06677764 -0.1475952 -0.4309664 0.4514874 -0.7812985 -0.03276467 0.5181208 -0.8546797 -0.03993576 0.5171965 -0.8549345 0.7993661 0.3656766 -0.4767541 0.7993658 0.3656767 -0.4767544 -0.1637175 -0.3518797 0.9216167 -0.8112981 -0.2397195 0.5332261 -0.9867028 0.04121923 -0.1572212 -0.5562051 0.3255236 -0.7646374 0.04543834 -0.585436 -0.8094443 0.08017426 -0.7204617 -0.6888447 0.07803517 -0.7106449 -0.6992099 -0.6621559 -0.5354862 -0.5242176 -0.6199061 -0.6710437 -0.4067149 -0.6621586 -0.5354701 -0.5242308 -0.9871442 -0.1513332 0.05142664 -0.9762057 -0.1977853 0.0889014 -0.9729143 -0.209425 0.09787237 -0.779362 0.4583965 0.4271622 -0.7504276 0.4122021 0.5166702 -0.7073589 0.2756174 0.650906 -0.08775866 0.6392212 0.7639992 -0.08997327 0.7731898 0.6277599 -0.08558112 0.7826077 0.6166045 0.6674682 0.5858776 0.4596018 0.5911853 0.7250781 0.3532162 0.6740656 0.5853286 0.4505841 0.9062232 0.3393365 -0.252211 0.9417998 0.2926772 -0.1653885 0.9475208 0.2793357 -0.1554862 0.72118 -0.2719957 -0.6371168 0.7336316 -0.3185553 -0.600256 0.7211913 -0.2720487 -0.6370814 0.1954329 -0.7612673 0.6182864 0.2105333 -0.7299551 0.6502624 0.2105324 -0.7299554 0.6502625 -0.2446059 0.6488219 -0.720554 -0.2446017 0.6488217 -0.7205557 -0.2420924 0.6253789 -0.7418171 0.07737535 -0.726718 -0.6825644 -0.6144195 -0.6778553 -0.4037339 -0.6198518 -0.6645778 -0.417277 -0.9712228 -0.2165027 0.09926146 -0.9756799 -0.2008863 0.0877121 -0.7447729 0.4212121 0.5175846 -0.7425515 0.403671 0.5344783 -0.08351075 0.7971327 0.5980013 -0.07890981 0.7864512 0.6125909 0.58149 0.7354913 0.3477384 0.5688768 0.7510695 0.3350731 0.9394826 0.3023074 -0.1611919 0.7360416 -0.3301172 -0.590987 0.7349681 -0.3370132 -0.588425 0.03263586 -0.519728 -0.8537083 0.02051222 -0.517934 -0.8551746 0.02232086 -0.5272916 -0.8493913 -0.6756347 -0.469704 -0.5682395 -0.6677849 -0.4693199 -0.5777563 -0.6765863 -0.4666903 -0.5695887 -0.9925746 -0.1168593 0.03375726 -0.9927891 -0.1195291 0.009096384 -0.9930877 -0.1127836 0.03250813 -0.7306501 0.334201 0.5953655 -0.7388011 0.3371297 0.5835379 -0.7302494 0.3331794 0.5964289 -0.02875918 0.6147067 0.7882313 -0.03166574 0.6361744 0.7708952 -0.02836757 0.6132901 0.7893483 0.6391549 0.5675311 0.5190275 0.6318525 0.5893101 0.5034641 0.6286656 0.5966552 0.4987809 0.9726068 0.213856 -0.0911135 0.9705966 0.2163877 -0.1054456 0.9686253 0.2219703 -0.1117783 0.717072 -0.2375661 -0.6552634 0.6998212 -0.2390837 -0.673119 0.7033089 -0.2484098 -0.6660699 0.07348495 -0.688736 -0.7212785 0.07348477 -0.6887362 -0.7212784 -0.6662137 -0.4786607 -0.5718769 -0.6337855 -0.6387787 -0.4362084 -0.9915374 -0.1286975 0.01704758 -0.9776778 -0.1937741 0.08122766 -0.7410792 0.3427032 0.5773701 -0.7567099 0.385607 0.5279181 -0.03173774 0.6432985 0.7649575 0.03441625 0.7879301 0.6148023 0.4953125 0.7553771 0.4290352 0.4900851 0.7571412 0.4319187 0.9508294 0.2649933 -0.1603188 0.9508293 0.2649936 -0.1603187 0.7298656 -0.3143857 -0.6070075 0.7298655 -0.3143858 -0.6070075 0.9474471 0.2843033 -0.1466819 0.574426 0.7403049 0.3492614 0.07350641 -0.7135506 -0.6967369 0.7320618 -0.321506 -0.6005994 -0.9106134 -0.2888044 -0.2955936 -0.91268 -0.2846307 -0.2932587 -0.9128775 -0.2846101 -0.2926638 0.93732 -0.2668076 -0.2241542 0.9390094 -0.2628505 -0.2217458 0.9370979 -0.2671226 -0.2247069 0.9365203 -0.2692549 -0.2245696 0.9407926 0.3086314 0.1401998 -0.9544057 0.2839211 0.09218782 -0.9558769 0.2860536 0.06687873 -0.9092535 0.2967173 -0.2919194 -0.9097278 -0.2912299 -0.2959402 -0.9097275 -0.2912314 -0.2959396 -0.3500276 -0.6811122 -0.6430917 0.4147157 -0.6720109 -0.6135244 0.4147157 -0.6720087 -0.6135269 0.4147157 -0.6720088 -0.6135267 0.4168173 -0.544934 -0.727537 0.4166507 -0.594342 -0.6878661 -0.3480674 -0.6034412 -0.7174314 -0.3480656 -0.6034417 -0.7174319 -0.9511227 -0.2005988 -0.2347887 -0.9089244 -0.2590457 -0.3267291 -0.9521116 -0.2203781 -0.211937 -0.9136095 -0.236031 -0.3310697 0.9417935 -0.2139383 -0.2593367 0.9613554 -0.2685788 0.06050986 0.9364654 -0.1883858 -0.2958772 0.9709076 -0.1777256 -0.1604746 -0.9122784 -0.2516044 -0.3231772 -0.9134532 -0.2495661 -0.3214343 0.9392963 -0.2624315 -0.2210256 0.9402252 -0.2295521 -0.2515603 -0.9070451 -0.3099678 -0.2849371 -0.9165021 -0.3568693 -0.1807436 -0.9170163 -0.3557778 -0.1802868 0.9334437 -0.288033 -0.2138221 0.9359378 -0.3348436 -0.1090888 0.9320585 -0.2910481 -0.2157732 -0.9565016 -0.2914083 -0.01364326 -0.9086839 -0.2549306 -0.3306117 0.9372961 -0.2329543 -0.2592459 0.9373022 -0.2324804 -0.2596487 0.9412084 -0.2274629 -0.249775 -0.9054391 -0.3129221 -0.2868098 0.936393 -0.333716 -0.1086361 0.9371542 -0.2934288 -0.1887893 -0.9125527 -0.3155279 -0.2601723 -0.9120721 -0.3167831 -0.2603327 0.9367178 -0.2945877 -0.1891507 -0.9086703 -0.2544565 -0.3310142 0.09092783 -0.4280656 -0.8991618 0.07912683 -0.3664782 -0.927056 0.07718205 -0.3649516 -0.9278218 0.1280387 -0.4280653 0.894632 0.1173997 -0.3664782 0.9229903 0.1307686 -0.4311099 0.8927731 -0.02702116 0.3284171 -0.9441462 0.2898079 0.2387359 -0.9268316 0.1220194 -0.3556919 -0.9266038 0.1220195 -0.3556919 -0.9266038 0.1732026 -0.9082111 -0.3809903 0.3328045 -0.8587282 -0.38965 0.3328043 -0.8587275 -0.3896519 0.3486349 -0.8587276 0.375554 0.1602402 -0.3556982 0.9207616 0.003150761 -0.4121924 0.9110914 0.01204937 0.3284226 0.944454 -0.3574442 0.2994366 0.8846306 0.2281274 -0.2742083 0.9342204 0.2746044 -0.2848622 0.9183931 0.1649246 -0.1783109 0.9700543 0.5740193 -0.7304679 0.3700251 0.62472 -0.6877113 0.3698353 0.6088938 -0.6877005 -0.3953688 0.6088942 -0.6876992 -0.3953703 0.2363942 -0.2848744 -0.9289588 0.1892893 -0.2742062 -0.9428577 0.1246632 -0.1783192 -0.9760438 0.1684402 -0.3340995 -0.9273648 0.1685861 -0.3343846 -0.9272355 0.1154884 -0.3649517 0.9238359 0.206696 -0.3340811 0.9196014 0.261122 -0.2632441 -0.9287185 0.2625182 -0.2621628 -0.9286307 0.2613889 -0.2624524 -0.9288674 0.2993426 -0.2632116 0.9171225 0.3006987 -0.2621601 0.9169801 0.3008941 -0.2625244 0.9168118 0.2995418 -0.2624762 0.9172683 0.2067469 -0.3344086 0.9194709 0.2627204 -0.2625272 -0.9284706 -0.6706063 -0.4684492 -0.5751891 -0.6738395 -0.4986501 -0.5452415 -0.6738553 -0.4983087 -0.5455343 0.9987521 0.03142648 0.03881651 0.9975792 0.001836895 0.06951618 0.9987491 0.03146046 0.03886574 0.9987419 0.03166037 0.03888911 0.9987419 0.03166085 0.03888911 0.6775368 0.499866 0.5395165 0.6520411 0.4005776 0.6437236 -0.9970746 -0.001584291 -0.07641851 -0.8403747 0.3050284 -0.4480271 -0.6707524 -0.468254 -0.5751777 0.05014497 -0.6305481 -0.7745287 0.05014491 -0.630551 -0.7745263 0.7416802 -0.4234769 -0.520171 0.7416803 -0.4234772 -0.5201705 -0.6778439 -0.511775 -0.5278391 -0.6780217 -0.5113734 -0.5279999 0.9975979 0.002188384 0.06923663 0.996125 -0.01069658 0.08729571 -0.6944452 -0.5740615 -0.4338194 -0.7036845 -0.5814578 -0.4083319 -0.7030573 -0.5819825 -0.4086648 0.9805712 -0.07249319 0.1822767 0.9747297 -0.07888209 0.2089966 0.9806837 -0.07281285 0.1815429 0.9960517 -0.009942471 0.08821678 -0.6939291 -0.5742763 -0.4343606 0.9920503 0.1240514 -0.02115452 0.9966323 0.08157062 0.008385002 0.9967244 0.08048653 0.007900714 -8.49431e-4 0.8038955 -0.5947699 -0.01415371 0.8309404 -0.5561814 -0.06329303 0.8162121 -0.5742751 -0.04166054 0.8272764 -0.5602483 -0.6756558 -0.3753145 -0.63453 -0.6756388 -0.4190728 -0.6065396 -0.6759471 -0.3751548 -0.6343142 0.9747884 -0.07957828 0.2084589 -0.674659 -0.4200604 -0.606947 0.1046714 0.06821078 0.992165 0.1352344 0.03879046 0.9900541 0.1347445 0.03940707 0.9900965 -0.617528 -0.4925865 -0.6132029 -0.5878773 -0.5227154 -0.6173888 -0.6174751 -0.492559 -0.6132783 -0.6175074 -0.492286 -0.6134649 -0.6174989 -0.4922792 -0.6134789 -0.1743443 -0.02701497 -0.9843142 -0.02801835 -0.1132197 -0.9931749 0.5540235 0.5385823 0.6348127 0.1428465 0.7247435 0.6740488 0.1047775 0.06858599 0.9921279 0.1047798 0.06858253 0.9921278 -0.4693281 -0.3952898 0.7896058 -0.4693244 -0.3952938 0.7896059 -0.7685045 -0.6276072 0.1245402 -0.7685046 -0.6276071 0.1245402 0.1529712 0.02573043 0.9878957 0.1534317 0.02670603 0.9877984 -0.5883926 -0.5221182 -0.6174033 -0.5710912 -0.5364509 -0.6213496 0.2473158 -0.03604251 0.9682644 0.2742772 -0.04273599 0.9607007 0.2736779 -0.04413908 0.9608081 -0.4774892 -0.5988513 -0.6429473 -0.4520382 -0.6067284 -0.6538672 -0.4783291 -0.5991959 -0.6420013 -0.5708386 -0.5356965 -0.622232 0.246211 -0.03664052 0.9685235 -0.677549 -0.3992694 -0.6176661 -0.6502202 -0.4419065 -0.6180068 -0.6505385 -0.4435653 -0.6164816 -0.6011356 0.7987041 -0.02660459 -0.5759651 0.815706 -0.05374121 -0.5570155 0.8304209 -0.01161587 -0.5631096 0.8256364 -0.03510457 0.04384416 0.160908 0.9859951 0.07328677 0.1198968 0.9900777 0.04436469 0.1613432 0.9859008 -0.4521914 -0.6077885 -0.6527758 0.0722351 0.1177472 0.9904129 -0.7631388 -0.4750398 0.4381282 -0.8070703 -0.4283241 0.4064186 -0.7608658 -0.4760757 0.4409481 0.8666139 0.267983 -0.4209104 0.9658653 0.1701232 -0.1953522 0.9696949 0.1638176 -0.1812619 0.8040875 0.3996639 -0.4401275 0.7924514 0.2683634 -0.5477244 0.988959 -0.09962153 0.1097077 0.5945121 -0.5405504 0.5952822 0.5859012 -0.6582717 0.4726501 -0.1460434 -0.7808781 0.6073721 -0.1481944 -0.6648336 0.7321439 -0.1481954 -0.6648374 0.7321403 -0.8040893 -0.3996609 0.4401268 -0.8040907 -0.3996617 0.4401237 -0.9906461 0.1364538 -8.91305e-4 -0.9509525 -0.05744338 -0.3039571 0.2020395 0.7292681 -0.6537188 0.3481171 0.8641635 -0.3633674 0.05204534 -0.7095274 -0.7027534 0.0328927 -0.6262908 -0.7788954 0.02773189 -0.6027987 -0.7974114 0.990074 -0.1124229 0.08434891 0.9880765 -0.06021088 0.141703 0.9880106 -0.06045013 0.1420595 -0.8081585 -0.4279931 0.4046009 -0.8045746 -0.359826 0.4724246 0.9806246 0.03850376 0.1920756 0.9796525 0.04516351 0.1955543 0.980623 0.03840965 0.1921025 -0.8116708 -0.2614578 0.5223317 -0.8117115 -0.2545507 0.5256693 -0.8114954 -0.2547571 0.5259032 -0.8095307 -0.3108962 0.4979996 -0.8116323 -0.261503 0.5223689 -0.007911443 0.8588632 0.512144 -0.05427396 0.9069265 0.4177782 -0.08592885 0.8458123 0.5265149 -0.04541337 0.849777 0.5251826 0.9858768 -0.01045399 0.1671457 0.9859016 -0.01037746 0.1670042 -0.8044087 -0.3600329 0.4725495 0.9796025 0.0449596 0.1958511 0.9089984 -0.3485569 0.2285388 0.9093989 -0.3357431 0.2455001 0.9094111 -0.3358855 0.2452599 -0.9352702 -0.2396394 0.2604664 -0.9335616 -0.2269341 0.2774235 -0.9352705 -0.2396389 0.2604659 0.9451682 0.2665369 -0.18872 0.8864752 0.3895637 0.2498039 0.9089959 -0.3485648 0.2285364 0.9089944 -0.3485705 0.2285341 0.9089964 -0.3485713 0.2285246 0.3502445 -0.7325794 0.5836577 0.3502405 -0.7325856 0.5836524 0.3502441 -0.7325931 0.5836407 -0.4136905 -0.6874651 0.5968686 -0.9352756 -0.2396342 0.260452 -0.9131718 0.3763058 -0.1565611 -0.8972378 0.3138146 -0.31062 0.9093508 -0.3476223 0.2285605 0.9093461 -0.347644 0.2285464 -0.9355146 -0.2386612 0.2604865 -0.9336372 -0.2270249 0.2770945 0.9094781 -0.329981 0.2529072 0.9092314 -0.3304656 0.2531617 -0.9327248 -0.221178 0.2847892 -0.935513 -0.2386829 0.2604723 0.02889239 0.7141915 0.6993539 0.05405771 0.7093958 0.7027342 0.9126313 -0.2740207 0.3033428 0.9130905 -0.2732285 0.3026747 -0.927528 -0.1653425 0.3351923 -0.9325237 -0.2216579 0.2850742 0.07947516 0.7112143 0.6984683 0.0633639 0.7583185 0.6487975 -0.04821699 -0.04656434 -0.997751 -0.03055238 -0.03378164 -0.9989622 -0.03092056 -0.03385275 -0.9989484 0.4857686 -0.5114048 0.7088681 0.5041404 -0.4980862 0.705516 0.4857203 -0.5113626 0.7089317 -0.04819923 -0.04657381 -0.9977513 -0.04819864 -0.04657334 -0.9977515 -0.04819852 -0.04657334 -0.9977514 0.4176118 -0.5769519 -0.701945 0.4176079 -0.5769505 -0.7019487 0.4176107 -0.5769538 -0.7019443 0.6387902 -0.7693645 0.005059182 0.6387901 -0.7693646 0.005051374 0.4857693 -0.5110832 0.7090995 0.1363989 0.07277166 0.9879776 -0.4032782 0.5422449 -0.7371141 0.02428781 0.6235324 -0.7814202 0.01128214 -0.01253682 -0.9998578 0.01135462 -0.01301151 -0.999851 0.5038959 -0.4983474 0.7055061 0.4480718 -0.5376871 0.7142299 -0.01408255 -0.02422654 -0.9996074 -0.01434516 -0.02381938 -0.9996134 0.448221 -0.5376395 0.7141721 0.501847 -0.4955134 0.7089543 0.6818677 0.712584 -0.1651685 0.7041568 0.6946803 -0.1469104 0.6979262 0.6956282 -0.1702955 -0.07569378 -0.0728659 -0.9944652 -0.07542264 -0.07321649 -0.9944601 0.6310629 -0.3672456 0.6832937 0.5021147 -0.4959377 0.7084679 0.6859993 0.7022859 -0.1902615 0.6507632 0.744029 -0.1514203 -0.9995476 -0.01805794 -0.02405273 -0.9991016 -0.04224455 0.003380596 -0.9991407 -0.04131358 0.003308057 0.7283461 -0.4138038 -0.5461488 0.7328398 -0.4389356 -0.5198858 0.7283027 -0.4138211 -0.5461937 0.7282146 -0.4139993 -0.546176 0.7282115 -0.4139977 -0.5461814 0.7282173 -0.4140011 -0.546171 0.9937622 0.06604349 -0.08986061 -0.765002 0.4688381 0.4415462 -0.8020592 0.5937491 0.06452298 -0.9995407 -0.01830804 -0.02415347 -0.9995406 -0.01830804 -0.02415335 -0.9995406 -0.0183078 -0.0241543 -0.6853645 -0.4398858 -0.5803242 -0.6853628 -0.4398835 -0.5803278 -0.6853687 -0.4398873 -0.5803181 0.03031331 -0.6037982 -0.7965607 0.09247243 -0.07004225 -0.9932487 0.08209216 -0.1237926 -0.9889067 -0.6335104 0.04008197 -0.7726954 -0.9828989 0.1815846 0.03060907 -0.9780833 0.1804972 -0.1037971 -0.97556 0.198367 -0.0945152 0.759877 -0.1990709 -0.6188359 0.7496991 -0.2151715 -0.6258215 0.8249018 -0.2324762 -0.5152592 -0.9981579 -0.05053001 0.03357928 -0.9981596 -0.05045813 0.03363913 0.7331958 -0.438068 -0.5201157 0.7446892 -0.4494251 -0.4934118 -0.9995953 0.00791037 -0.02732795 -0.9995853 0.007375657 -0.02783399 0.7447516 -0.4493667 -0.4933705 0.737074 -0.3898274 -0.5520476 -0.9878159 0.1261676 -0.09111303 0.7419112 -0.2700288 -0.6137201 0.7419836 -0.2691285 -0.614028 0.7365854 -0.3902485 -0.552402 -0.9876794 0.1270069 -0.09142667 -0.4770846 -0.3741515 0.7952364 -0.5325181 -0.3166456 0.7849588 -0.5320641 -0.3178851 0.7847656 -0.1140081 -0.07069987 -0.990961 -0.03011828 -0.1584524 -0.9869071 -0.1140604 -0.07072901 -0.9909529 0.410615 0.4203248 -0.8091493 0.5451872 0.3213672 -0.7742701 0.0445075 0.1146914 0.9924037 -0.3338903 0.3352244 0.8809892 -0.4770884 -0.3740161 0.7952978 -0.4770972 -0.3740106 0.7952951 -0.4770978 -0.3740103 0.795295 -0.7888103 -0.5998984 0.1337918 -0.7888078 -0.5999031 0.133786 -0.788807 -0.5999024 0.1337933 -0.6384637 -0.4743753 -0.6060794 -0.6384564 -0.4743893 -0.6060762 -0.6384449 -0.4743805 -0.6060951 -0.1140969 -0.07097756 -0.990931 -0.5638486 -0.305211 0.7674121 -0.5638829 -0.3052555 0.7673692 -0.0307669 -0.1568912 -0.9871366 0.03064501 -0.1935713 -0.9806076 -0.4949576 -0.3693547 0.7865077 -0.4947077 -0.3691769 0.7867482 0.03075551 -0.1934173 -0.9806345 -0.1210201 -0.03223025 -0.9921267 -0.324792 0.8197449 0.4717293 -0.3466925 0.820814 0.4539478 -0.349055 0.8128534 0.4662941 -0.3850758 -0.5362136 0.7511269 -0.413661 -0.4802356 0.7734715 -0.3851265 -0.536223 0.7510942 -0.3646492 0.3894891 -0.8457714 -0.2992736 0.2435545 -0.9225597 -0.2996389 0.2431536 -0.922547 -0.3470383 0.8060711 0.4793891 -0.1210466 -0.03314781 -0.9920932 -0.4137437 -0.4801986 0.7734504 -0.07738101 -0.9388706 -0.3354615 -0.1455412 -0.9409815 -0.3055678 -0.07811248 -0.9367192 -0.3412562 -0.9008322 -0.07552862 0.4275473 -0.9008321 -0.0755285 0.4275478 0.05329376 0.9383468 0.3415627 -0.008330523 -0.9422747 -0.3347375 -0.007992982 -0.9435359 -0.3311741 0.07828116 0.9340604 0.3484299 0.06398433 0.9374034 0.3423172 0.9446435 -0.1206222 0.3051213 0.9446435 -0.1206222 0.3051211 0.4746115 0.2677696 0.8384769 0.4482832 0.2834632 0.8477563 0.448471 0.2829341 0.8478338 -0.7049711 -0.6707833 -0.2303595 -0.6960054 -0.6765679 -0.2404837 -0.7050407 -0.6708762 -0.2298754 -0.5471517 -0.2351478 -0.8033247 0.6430926 0.7151547 0.2738353 0.263117 0.8454528 0.4647355 0.4746811 0.2692524 0.8379625 0.4746813 0.2692528 0.8379623 0.4746797 0.2692521 0.8379634 -0.03294593 -0.2912303 0.9560856 -0.03294658 -0.2912296 0.9560857 -0.03294664 -0.2912298 0.9560858 -0.5212774 -0.6811172 0.5141491 -0.7042512 -0.6720142 -0.2289702 -0.7042507 -0.6720147 -0.22897 -0.7042505 -0.6720145 -0.2289713 0.4729157 0.2562937 0.8430091 0.4725242 0.2552449 0.8435468 -0.6961206 -0.6763018 -0.2408987 -0.7668942 -0.6019093 -0.2226625 0.4268093 0.3136334 0.8482146 0.313036 0.3493467 0.8831565 0.3129647 0.3486545 0.8834552 -0.3554903 -0.8817598 -0.3100427 -0.4103572 -0.8554626 -0.3158966 -0.3553097 -0.8825146 -0.3080959 -0.6423555 0.7402361 0.1985699 -0.6637064 0.7164497 0.214927 -0.6530368 0.7227348 0.2262685 0.4841248 0.2583554 0.8359879 0.4762783 0.2637973 0.8387908 0.4842037 0.2584838 0.8359026 -0.794644 -0.5720211 -0.2033046 -0.7647292 -0.6074466 -0.2149369 -0.7646445 -0.6077491 -0.214383 -0.6406729 0.7314043 0.2336364 -0.8283312 -0.5397873 -0.1499902 -0.7666385 -0.6014584 -0.2247515 0.427599 0.3155413 0.8471086 0.4118055 0.3120865 0.8561649 0.4121037 0.3127161 0.8557916 -0.4103956 -0.8550996 -0.3168287 -0.6032079 -0.7540714 -0.2598401 -0.6030809 -0.7543888 -0.2592124 0.4764427 0.2637788 0.8387033 0.8725172 -0.2147042 -0.4388805 0.8841287 -0.2077441 -0.4185199 0.88395 -0.207814 -0.4188625 -0.6767664 -0.5198687 0.5212714 -0.6656385 -0.5130035 0.5419898 -0.6766964 -0.5199596 0.5212716 0.770471 0.5061716 -0.3875111 0.7186658 0.5164611 -0.4656043 0.9036813 0.4261193 -0.04222089 0.8723623 -0.2151237 -0.4389827 0.8723627 -0.2151237 -0.4389819 0.8723628 -0.2151235 -0.438982 0.557027 -0.8244765 -0.0997976 0.5570266 -0.8244767 -0.09979814 0.5570266 -0.8244767 -0.0997982 -0.08459985 -0.9508591 0.297842 -0.08460074 -0.9508596 0.2978405 -0.0846008 -0.9508596 0.2978405 -0.6766775 -0.520243 0.5210132 -0.8400794 0.2094292 0.5004059 -0.9084472 0.2212104 0.3546684 0.9255651 -0.1734846 -0.3365005 0.9256241 -0.1740757 -0.3360324 -0.6658451 -0.5130789 0.5416645 -0.6207219 -0.4780183 0.6214522 0.9775047 -0.06829833 -0.1995493 0.9565981 -0.08770924 -0.277898 0.9570807 -0.08337903 -0.2775691 -0.6689859 -0.5828277 0.4612699 -0.6396377 -0.5004023 0.5834906 -0.6392293 -0.5009921 0.583432 -0.6201178 -0.4786176 0.621594 0.9776897 -0.06935375 -0.1982753 -0.3706666 -0.1552533 0.915698 -0.1787054 -0.1753491 0.9681515 -0.3682113 -0.148374 0.9178267 0.636193 0.6320679 0.442435 0.7545586 0.4083521 0.5137023 0.8142484 0.3649718 0.4514368 0.7124133 0.4818897 0.5101467 0.6572839 0.4995132 0.5643266 0.7743961 -0.3738126 -0.5104655 0.557409 -0.5176095 -0.6491346 0.5565887 -0.5148495 -0.6520269 -0.4972251 -0.1988676 0.8445229 -0.4997818 -0.1963489 0.8436026 0.7749575 -0.3754897 -0.5083783 -0.4673222 -0.3240153 0.8225716 -0.4101453 -0.3887202 0.8250318 -0.4113944 -0.3881552 0.8246759 -0.09718823 -0.1149566 -0.9886048 -0.040681 -0.1800372 -0.9828183 -0.09646415 -0.1144209 -0.988738 -0.09789812 -0.1405589 -0.9852204 0.4116556 0.3854598 -0.8258091 0.5105293 0.3281987 -0.7947614 0.04192793 0.176609 0.9833877 -0.3657698 0.411162 0.8349602 -0.4655219 -0.3482233 0.8136522 -0.493423 -0.3145257 0.81093 -0.7562431 -0.6330241 0.1654604 -0.6039721 -0.5470081 -0.5796549 -0.6317397 -0.5131255 -0.5810399 -0.5001312 -0.6514713 -0.5704858 -0.6914659 -0.7020771 0.1701843 -0.652396 -0.7374854 0.1746273 -0.4225016 -0.3914924 0.8174511 -0.4149637 -0.3736456 0.8295748 -0.3282558 -0.2867904 0.8999997 -0.04404735 -0.1641333 -0.9854543 -0.05488783 -0.1838347 -0.9814235 0.0591945 -0.06793963 -0.9959319 -0.4250389 -0.3744969 0.8240717 -0.4249432 -0.3746122 0.8240686 -0.04199391 -0.1795083 -0.9828598 -0.05540704 -0.1657207 -0.9846151 -0.4896761 -0.3234519 0.809689 -0.5004198 -0.2997471 0.8122386 -0.4904232 -0.3232831 0.8093042 -0.1227793 -0.1162179 -0.9856058 -0.1327442 -0.09207415 -0.9868644 -0.1325752 -0.09198468 -0.9868955 -0.1236226 -0.1161052 -0.9855136 -0.05535423 -0.1658074 -0.9846035 -0.5002482 -0.2997111 0.8123577 -0.9837569 -0.1597129 0.08194029 -0.9646378 -0.2262821 0.1351678 -0.9648224 -0.2259595 0.1343874 0.738826 -0.2813761 -0.6123428 0.7538758 -0.347671 -0.557491 0.7391883 -0.2810583 -0.6120514 0.7309235 -0.3072872 -0.6093648 0.9712088 0.2116828 -0.1092892 0.9872474 0.1559219 -0.03210866 -0.7424666 0.3327289 0.5814076 -0.7781969 0.6161959 0.1212947 -0.9871344 -0.1513835 0.05146616 -0.9792014 -0.1864929 0.07990664 -0.9792013 -0.1864929 0.07990694 -0.6538755 -0.5710189 -0.4963711 -0.6538792 -0.5710265 -0.4963576 0.04545646 -0.5854869 -0.8094065 0.0544793 -0.6210569 -0.7818699 0.05447953 -0.6210589 -0.7818682 -0.9698069 -0.2116857 0.1210944 -0.9697642 -0.211811 0.121217 0.7535073 -0.3473347 -0.5581983 0.7496482 -0.3331884 -0.5718507 -0.9837708 -0.1688706 0.06064426 -0.9893256 -0.1380212 0.04674416 -0.9838224 -0.1686962 0.06029212 0.7228816 -0.2889645 -0.6276478 0.7211147 -0.2588281 -0.642652 0.7211817 -0.2587521 -0.6426075 -0.2443064 0.6041746 -0.7584772 -0.2613328 0.6026549 -0.7539976 -0.9709014 -0.2158536 0.1037206 -0.9709009 -0.2158569 0.1037175 0.7379038 -0.3365409 -0.5850113 0.7228288 -0.2892405 -0.6275814 -0.2763833 0.6064405 -0.7455483 -0.2520102 0.6418772 -0.7242132 0.749645 -0.3332214 -0.5718356 -0.9893334 -0.1379402 0.04681843 -0.392182 -0.1601152 -0.9058458 -0.3355757 -0.1205264 -0.934271 -0.3363782 -0.1210805 -0.9339107 0.7183291 -0.4314302 0.5457758 0.6177541 -0.5065937 0.6014506 0.7183023 -0.4313718 0.5458573 -0.3921466 -0.1603829 -0.9058138 -0.3921458 -0.1603824 -0.9058141 0.163854 -0.6578819 -0.7350805 0.6238673 -0.7700008 -0.1337475 0.6238677 -0.7700004 -0.1337481 0.6238677 -0.7700005 -0.1337481 0.7184296 -0.431064 0.545933 0.461701 0.1850634 0.8675158 -0.6586114 0.4581179 -0.5969583 -0.2636375 0.5462026 -0.7950838 -0.3588151 -0.1413942 -0.9226372 -0.3589531 -0.1412393 -0.9226074 0.6192101 -0.505613 0.6007782 0.6935685 -0.4494476 0.5629916 -0.3177559 -0.11964 -0.9405943 -0.3978394 -0.1792394 -0.8997761 -0.3179544 -0.1196937 -0.9405203 0.5850318 -0.5215874 0.6210349 0.7808291 -0.3644561 0.5074227 0.7808303 -0.3643726 0.5074808 -0.3651403 -0.1406638 -0.9202643 -0.3202127 -0.1144924 -0.9404017 -0.3651363 -0.1404282 -0.9203019 0.7459161 -0.407937 0.5264946 0.8305308 -0.3315956 0.4475077 0.8305701 -0.3323444 0.446879 0.6938096 -0.4494826 0.5626665 -0.3978239 -0.1793559 -0.8997598 0.407354 -0.6033384 0.6855987 0.5845001 -0.5222696 0.6209623 -0.3201892 -0.1138424 -0.9404887 0.6509577 -0.4775927 0.5900504 0.7459412 -0.407691 0.5266497 0.7244677 0.5300096 -0.4407226 0.7402302 0.4726577 -0.478178 0.6804824 0.5848945 -0.4414092 0.7942613 0.4438201 -0.414937 0.775297 0.4513496 -0.4418125 -0.3218183 -0.1206604 -0.9390815 -0.3212326 -0.1214813 -0.9391762 0.8405511 -0.3167486 0.4394817 0.8424648 -0.3529585 0.4070301 0.8424672 -0.35257 0.4073618 -0.9773506 -0.1237931 0.1716423 -0.9773255 -0.1597738 0.1389502 -0.9773613 -0.1237684 0.1715995 0.9788734 0.1607114 -0.1264069 0.8604357 0.4401673 0.2567164 0.8406444 -0.3165713 0.4394313 0.8406437 -0.3165724 0.4394319 0.2114641 -0.5713053 0.7930278 0.2114636 -0.5713067 0.793027 -0.5415933 -0.4913751 0.6820757 -0.5415933 -0.4913753 0.6820755 -0.9773862 -0.1236037 0.1715762 -0.9773862 -0.1236042 0.1715762 -0.8472964 0.3545424 -0.39546 -0.8236207 0.2526756 -0.507744 0.8433401 -0.3167958 0.4340713 0.843225 -0.3168141 0.4342817 -0.9773417 -0.1594169 0.1392461 -0.9784275 -0.123391 0.1656935 0.8465038 -0.361086 0.3912138 0.8456705 -0.2696511 0.4605756 0.8463917 -0.3611506 0.3913969 -0.978266 -0.1674015 0.1223618 -0.978482 -0.07603079 0.191813 -0.9785091 -0.07591992 0.1917188 0.8382154 -0.2868896 0.4637774 0.8421792 -0.3482037 0.4116895 0.8384458 -0.2867996 0.4634165 -0.9759559 -0.09429508 0.1965164 -0.9774125 -0.1550645 0.1435966 -0.9772798 -0.1555995 0.1439202 -0.9783836 -0.1234658 0.165897 0.8457455 -0.2695509 0.4604965 -0.9782265 -0.1674814 0.122568 0.8418528 -0.34869 0.4119458 -0.978044 -0.1353749 0.158441 -0.9760466 -0.09413725 0.1961406 0.006924569 0.735312 0.6776934 0.02163112 0.6587101 0.752086 0.01569545 0.7797458 0.6258995 -0.09941649 0.6715544 0.7342554 -0.04080814 0.6585665 0.7514153 0.8425853 -0.3286201 0.4266836 0.842666 -0.3285328 0.4265915 -0.351967 0.06236201 -0.9339327 -0.4489808 0.03935176 0.8926745 0.3826829 0 -0.9238798 -0.3826835 0 -0.9238796 -0.9238794 0 -0.3826841 -0.9244076 -0.002956449 -0.3813948 -0.9238794 0 0.3826841 -0.923381 0.004239559 0.3838613 -0.3826833 0 0.9238796 -0.3814946 0.01365923 0.9242702 0.3826829 0 0.9238798 0.3838399 0.01960617 0.9231916 0.9238796 0 0.3826835 0.9238796 0 -0.3826835 0.1289961 0.930031 -0.3440966 -0.4579716 -0.3036702 -0.8354918 -0.504846 -0.1245076 -0.854183 -0.5048455 -0.1245083 -0.8541831 -0.4814866 -0.2226883 -0.8476913 -0.4814868 -0.2226945 -0.8476897 -0.6036436 0.7968312 -0.02596896 -0.8784891 0.2183879 0.4249279 -0.6061826 -0.4748653 0.6380013 0.03698748 -0.8609684 0.5073121 -0.1428636 0.7438356 -0.6529154 -0.726838 0.6193084 -0.2969238 -0.9576237 0.1197476 0.2619494 0.7411857 -0.611921 0.2760372 0.9794657 -0.06938117 -0.1892966 0.6714169 -0.5686093 -0.4752713 0.5507894 -0.7998918 0.2383365 0.09347927 -0.5664378 0.8187856 0.2978341 0.34693 -0.8893449 0.593355 0.6803596 0.4301637 0.5933268 0.6803825 0.4301662 0.5933418 0.6803798 0.4301499 -0.6039394 0.5220321 -0.6022789 -0.6692449 0.7391546 0.07590639 0.1467585 -0.6732501 -0.7247043 -0.7115274 -0.5457839 0.442548 -0.7115266 -0.5457842 0.4425489 -0.6760271 -0.6175563 0.4020094 -0.6760267 -0.6175569 0.4020093 -0.6760231 -0.6175598 0.4020107 0.6738415 0.6195018 -0.4026849 0.7223473 0.5550786 -0.4124346 0.6738508 0.6194965 -0.4026777 -0.5277547 0.842188 0.1104281 -0.1244902 0.7144952 0.6884757 0.4045027 0.1650378 0.8995222 0.6998305 -0.4499038 0.5548189 -0.5651839 0.5443854 -0.6198481 0.5219349 -0.8494763 -0.07729238 0.1387211 -0.6813492 -0.7186931 -0.318874 -0.1035967 -0.9421185 -0.6868511 0.4588257 -0.5636618 -0.4244347 0.9030438 0.0660842 -0.08902019 0.7490133 0.6565476 0.3793988 0.1497349 0.9130368 0.6149741 -0.5139463 0.598052 0.7115605 -0.6769023 -0.1883746 0.2381202 -0.5846463 -0.7755563 -0.341828 -0.1146803 -0.932739 0.6882621 -0.4576141 0.5629251 0.4139409 0.1805185 0.8922253 -0.2011739 0.8197309 0.5362559 -0.37123 0.900276 0.2273579 -0.724982 0.485379 0.4886804 -0.138835 0.5697451 0.8100095 -1.26413e-5 -0.7969157 0.6040906 0.05562561 -0.698422 0.7135213 -0.04689335 -0.8646125 0.5002462 0.05562406 -0.6984166 0.7135267 -2.8408e-7 -0.7969328 0.6040681 0.1913827 0.9757642 -0.1060986 0.1913867 0.9757522 -0.1062024 0.2697286 0.9468955 0.1750298 0.08919382 0.9134112 -0.3971455 0.2697424 0.9468905 0.1750352 -0.429911 0.2433336 0.8694627 0.5990844 0.08657956 0.7959912 0.7412574 -0.2526481 -0.6218572 0.6164726 0.3134965 0.7222753 0.0130555 0.2015733 0.9793865 0.6168038 0.4243071 0.6629604 0.603938 -0.7969332 -0.01250839 0.6890944 -0.7244697 0.01710617 0.6890943 -0.7244699 0.01710617 0.5259125 -0.8497203 -0.03730201 0.6039406 -0.7969313 -0.01250374 -0.2886206 0.8300821 0.4771393 -0.2883287 0.8301548 0.4771893 -0.2886303 0.8301322 0.4770462 -0.3071591 0.8294453 0.4665552 -0.3722625 0.4178923 -0.8287261 -0.8955693 0.01527279 -0.4446599 -0.3932793 -0.5065331 0.7673043 0.3380776 -0.3199731 0.8850541 0.8796444 0.1194537 0.4603877 0.8521725 0.5152457 -0.09123587 0.387156 0.5240269 -0.7586213 0.7524276 0.3453453 0.5608827 -0.6703016 -0.7224871 0.1694349 0.01739943 0.2337704 0.9721361 0.5560085 0.5439698 0.6284517 0.6469197 -0.7612687 0.04432845 0.7186188 -0.6921728 0.06696331 0.7186197 -0.6921718 0.06696289 0.5828661 -0.8121722 0.02536797 0.6469193 -0.7612686 0.04433584 -0.7559069 0.6498375 -0.07947492 -0.7558823 0.6498658 -0.07947653 -0.5529822 0.8330231 -0.01683926 -0.8976536 0.4195122 -0.1350097 -0.5529974 0.8330129 -0.016837 -0.6805558 -0.4427205 -0.5838171 0.06448376 0.1760814 0.9822614 0.7704665 0.6241234 -0.1298136 0.4528548 0.3738119 -0.8094363 -0.1473222 -0.06696873 -0.9868189 0.3083813 0.5396831 0.7833538 -0.09481424 -0.1491813 -0.9842537 -0.5306754 -0.6723544 0.5160651 0.6575589 0.7142429 0.2397361 0.5767793 0.6807203 -0.4516034 0.7091988 -0.6808538 -0.1829621 0.7402712 -0.6121769 -0.2779174 0.740271 -0.6121769 -0.2779178 0.6749336 -0.7309417 -0.1009412 0.7091812 -0.6808727 -0.1829605 -0.6273128 0.7613506 0.1637796 -0.6273022 0.7613557 0.1637974 -0.6273115 0.7613497 0.1637898 -0.6444742 0.74326 0.1794927 -0.7882564 -0.5813276 -0.2017678 0.5263228 0.666233 -0.5283161 0.05906778 0.3323216 -0.9413147 -0.5295099 -0.2080613 -0.8223928 -0.5210753 -0.6885359 0.5043798 -0.06313383 -0.285127 0.9564083 0.4016959 0.323911 0.8565759 0.6138122 0.748974 0.2495447 -0.8193395 -0.5380464 -0.1979626 -0.08096742 -0.2379198 0.9679042 0.4580948 0.2912113 0.8398483 0.7291272 0.6475299 0.2215373 0.4134273 0.6007236 -0.6842581 -0.5483093 -0.1817219 -0.8162929 0.3450273 0.7883002 -0.50945 -0.4572203 -0.2942337 -0.8392711 -0.01595866 0.396448 -0.9179185 0.5655156 0.5522136 0.6125783 0.789081 0.6121276 -0.05148738 0.6312104 -0.7755018 -0.01305967 0.7038351 -0.7069384 -0.06967264 0.7038336 -0.7069393 -0.06967848 0.5636329 -0.8252949 0.03473204 0.6312159 -0.7754976 -0.01304936 -0.657264 -0.7439243 0.1207506 0.2810347 0.6114274 -0.7397136 -0.2130615 0.04770553 -0.9758735 -0.6029734 -0.5148156 -0.6094161 -0.3739908 -0.9253923 0.06148225 -0.1620454 -0.6536111 0.7392793 0.1942093 -0.01478773 0.9808487 0.4435712 0.6286664 0.6387669 0.3781003 0.922796 -0.07407975 -0.0195958 0.7442659 -0.667596 -0.3138653 0.08825689 -0.9453567 -0.4752341 -0.6134871 -0.630703 0.7988978 0.541068 -0.2626935 0.6082394 0.5037659 0.6134043 0.003979742 0.1934863 0.981095 -0.614951 -0.1817666 0.7673307 -0.6205733 0.7841307 0.005287647 -0.620492 0.7841954 0.005239188 -0.6204675 0.784215 0.005200684 -0.6094886 0.7927798 0.004885852 0.4749832 0.6454382 -0.5981644 -0.3245645 0.7481376 -0.578747 -0.9317414 -0.2101416 0.2961397 -0.4104881 -0.6558257 0.6335552 -0.05389457 -0.7055012 -0.7066566 -0.0468555 -0.5488088 -0.8346337 -0.04685741 -0.5488084 -0.834634 -0.05094379 -0.6371205 -0.7690789 -0.05091267 -0.6371018 -0.7690964 0.05641478 0.7677365 0.6382775 0.04871398 0.759184 0.6490505 0.05637782 0.7677876 0.6382192 0.05645936 0.7677198 0.6382936 0.3958259 0.7849735 -0.4765905 0.3457239 -0.72307 0.598034 0.9049451 -0.3232157 0.2767779 0.939891 0.298492 -0.1658537 -0.3041576 0.8200712 -0.4847384 -0.9315426 -0.1947027 0.3071144 0.2707384 0.6711788 -0.6900868 -0.9053379 0.3593104 -0.2264052 -0.3986422 -0.5034275 0.7665804 0.914385 -0.2360253 0.3289259 -0.5062269 0.7301312 -0.4589584 0.06865149 -0.3765972 -0.9238298 -0.1500316 0.3608522 -0.9204762 -0.8714091 -0.4902257 0.01802814 -0.9725088 -0.2319954 0.02011972 -0.9725089 -0.2319951 0.02011954 -0.9292775 -0.3688818 0.01922267 -0.9292777 -0.3688811 0.01922613 0.543415 0.8393891 -0.0112366 0.543415 0.839389 -0.01124173 0.9022805 0.4307451 -0.01866823 0.7442362 0.6677415 -0.01529026 0.7442603 0.6677096 -0.01551091 -0.3049685 0.8820219 0.3592098 -0.07826131 0.3820984 0.9208018 0.2290473 -0.3269633 0.9168601 0.432063 -0.8225371 0.3698032 0.6824682 -0.6150906 -0.3948428 0.2844558 -0.240664 -0.9279902 -0.2646269 0.2937527 -0.9185217 0.2715255 -0.287622 0.9184484 -0.4195048 0.6555917 -0.6278656 -0.6707274 -0.4781147 -0.5670371 -0.9955984 0.02991873 -0.08881926 -0.7707532 0.3906365 0.5033316 -3.69354e-6 -0.7754969 0.6313514 -0.03164374 -0.7312608 0.6813637 -0.0316438 -0.7312586 0.6813659 0.02677273 -0.8096252 0.5863363 -1.87564e-6 -0.7755061 0.6313403 0.73212 -0.5423943 -0.4120785 -0.05833005 0.8250732 0.562007 0.6711872 0.5804585 0.4610594 0.9986401 0.007693111 0.05156576 0.6775479 -0.724236 -0.1281057 0.01437729 -0.8862261 -0.46303 -0.678903 -0.5512205 -0.4850224 -0.9716357 0.1064709 -0.2111589 -0.6754319 0.7242104 0.1389644 0.01610237 0.9631862 0.2683526 0.6976021 0.6200653 0.3589853 0.9795216 -0.09113782 0.1795306 -0.671301 0.3950151 0.6271509 -0.9986454 -0.02006489 -0.04800677 -0.663796 -0.3368684 -0.6677535 0.04695171 -0.409906 -0.9109186 -0.006739974 0.7843585 -0.6202713 -0.006804943 0.7844741 -0.6201245 -0.006817817 0.7844905 -0.6201034 -0.01300066 0.7868118 -0.617056 -0.6625665 0.7440504 -0.08599293 -0.4258313 0.5976482 0.6793264 0.08407002 0.07574385 0.993577 0.5225665 -0.4797292 0.7048292 -0.820502 -0.5621602 0.1036945 -0.8204998 -0.5621614 0.1037052 -0.7678588 -0.6371272 0.0667985 -0.7678585 -0.637124 0.06683111 -0.7678438 -0.6371403 0.06684571 0.6426627 0.7538238 -0.1368737 0.6573009 0.7413026 -0.1357425 0.6426675 0.7538229 -0.1368567 -0.3628805 0.5972813 -0.7152432 0.6519213 -0.7582259 0.009600043 0.4640539 -0.5489662 -0.6951908 0.04570919 0.01356464 -0.9988627 -0.527308 0.8494759 0.018359 -0.3614835 0.6632258 0.6553329 0.0949788 0.09106111 0.9913057 -0.553232 0.4510018 -0.7003798 0.6564606 -0.3299452 0.6783772 0.8089724 -0.5873814 -0.02338463 0.5858982 0.4588288 -0.6679818 0.9744661 0.1866668 -0.124785 -0.01317113 -0.8515634 -0.5240861 0.01560026 -0.7580584 -0.6520002 0.0155999 -0.7580577 -0.6520009 1.48956e-7 -0.8113793 -0.5845202 -4.3135e-7 -0.8113783 -0.5845214 -0.03298711 0.7849054 0.6187369 5.20589e-4 0.8130912 0.582136 5.31709e-4 0.8130917 0.5821354 -0.1936994 0.6671603 -0.7192897 -0.8396363 0.3790097 -0.3890532 -0.976231 -0.1152667 0.183539 -0.5390121 -0.514616 0.6668105 0.5173135 0.6527786 -0.5534138 0.2109065 -0.6795776 0.7026327 0.8394877 -0.3477281 0.4175471 0.9739857 0.1996058 -0.1072822 0.5085964 0.5495084 -0.6628502 -0.1884972 0.7581985 -0.6241825 -0.8335287 0.4222324 -0.3563001 -0.9773781 -0.1378566 0.1603989 -0.5367142 -0.6014357 0.5917881 0.20958 -0.4531944 0.8664244 0.8355458 -0.223809 0.5017699 0.9747311 0.1826716 -0.1285702 -0.5410444 -0.5263117 0.6559475 -0.9768835 -0.09701001 0.1904935 -0.8322463 0.4266239 -0.3540597 -0.04018306 0.7414957 -0.6697534 -0.3492701 -0.6723545 -0.6526483 -0.5365529 0.5931338 0.6002528 -0.02018654 -0.6808779 0.7321187 -0.02636444 -0.532606 0.8459527 -0.01441979 -0.7879323 0.6155931 -0.0263645 -0.5326061 0.8459526 -0.02020603 -0.680874 0.7321218 0.01599776 0.7613871 -0.6481003 0.01598572 0.7613476 -0.6481468 0.004561364 0.916352 -0.4003477 0.004564046 0.9163527 -0.4003462 0.02737104 0.5038144 -0.8633782 0.4117903 -0.5813285 -0.7017734 0.2930261 0.6868317 0.6651301 0.9003955 0.3156464 0.2994249 0.9367163 -0.2080591 -0.2815566 -0.3406912 -0.6885371 -0.6401923 -0.9016956 -0.2851228 -0.3250388 -0.9342374 0.3239106 0.1492736 -0.3960958 0.763176 0.5105592 -0.9337515 0.291209 0.2080996 -0.7572383 0.490346 0.4314522 0.2842178 0.8211659 0.4948808 0.9329563 -0.2942298 -0.2074159 0.9059468 0.3644514 0.2154895 0.4065682 0.07610291 -0.9104453 0.9120476 0.01419037 0.4098388 0.9321687 0.05685597 -0.3575317 0.3155168 0.03205162 -0.9483786 -0.416108 0.08039927 -0.9057539 -0.9367045 0.03518182 -0.3483487 0.4417474 -0.1208822 0.8889582 0.9463123 -0.05128306 0.3191602 0.8986255 0.07596063 -0.4320904 0.891406 0.020644 0.4527352 0.3177507 0.04974788 0.9468684 -0.9502792 0.03083646 0.3098688 -0.8879511 0.01481109 -0.4596995 -0.3044629 -0.001315116 -0.9525234 -0.8905336 -0.05624061 0.4514278 -0.9442091 0.1769174 -0.2777941 -0.3468926 0.3355041 -0.875844 0.2275552 0.3249272 -0.9179548 0.1456559 0.5170971 -0.8434423 -0.5791533 0.359427 -0.731706 0.9872733 -0.1421813 0.07124733 -0.05079001 -0.6914213 -0.7206643 1.23663e-5 -0.7403082 -0.6722677 8.96884e-7 -0.7403097 -0.6722661 -1.0691e-6 -0.740312 -0.6722635 -4.77787e-6 -0.7403219 -0.6722525 -0.0835976 0.9203454 0.382068 -0.09286153 0.9004946 0.4248369 -0.08363163 0.9203546 0.3820384 -0.08349293 0.9203249 0.3821403 0.09427589 0.7950233 -0.5992078 -0.5707284 0.5774273 -0.5838209 -0.9862283 0.1432716 -0.08262604 -0.8019976 -0.3431813 0.4889034 -0.1449665 -0.5950326 0.7905194 0.1181486 0.3786953 -0.9179493 0.5689895 -0.1701578 0.8045479 0.975692 0.07389754 0.2063111 0.808615 0.2984619 -0.5070132 -0.1557807 -0.4538499 0.8773555 -0.8094241 -0.2902114 0.5105 -0.986791 0.06677746 -0.1475949 -0.4244299 0.452857 -0.784079 -0.624435 -0.6610295 -0.416078 -0.7492843 0.3991842 0.5284175 -0.09875708 0.6399152 0.7620733 0.1954354 -0.7612695 0.618283 0.2161403 -0.7176464 0.6620174 0.1776163 -0.7950191 0.5799975 0.2161403 -0.717647 0.6620168 0.1954294 -0.761269 0.6182855 -0.2446092 0.6488208 -0.7205539 -0.2446095 0.6488063 -0.7205669 -0.2445823 0.6488382 -0.7205474 -0.2426682 0.6411947 -0.7279984 0.03274756 -0.5167895 -0.8554859 0.6394823 0.5660842 0.5202029 0.9729424 0.212801 -0.08999353 0.7170209 -0.233569 -0.6567546 -0.6337854 -0.6387789 -0.4362085 -0.9776778 -0.1937742 0.0812276 -0.7567095 0.3856077 0.5279182 0.04034912 0.788906 0.6131878 -0.9103419 -0.2891134 -0.296127 0.9365204 -0.2692548 -0.2245694 0.9217642 0.3185133 -0.2211337 -0.9097282 -0.2912281 -0.2959407 -0.3500275 -0.681112 -0.6430919 0.4166514 -0.594342 -0.6878657 0.9373326 -0.2370763 -0.2553474 0.09373241 -0.4311104 -0.8974174 0.3486351 -0.8587281 0.3755527 0.1602397 -0.3556973 0.9207621 0.3278938 0.2387405 0.9140508 0.6247184 -0.6877106 0.3698392 -0.6706504 -0.4684278 -0.5751552 0.6516375 0.751806 0.1007789 -0.6707609 -0.4682594 -0.5751636 0.0501455 -0.6305581 -0.7745204 0.992027 0.1242911 -0.02084046 0.1047536 0.06826108 0.9921529 -0.5306905 0.2017173 -0.823212 0.1047783 0.06858646 0.9921277 -0.4693184 -0.3952814 0.7896156 -0.6772264 -0.3989879 -0.6182015 0.8597462 0.2725841 -0.4318962 0.8040875 0.3996639 -0.4401275 0.9889589 -0.09962153 0.1097087 0.5945121 -0.5405504 0.5952821 -0.9146527 0.2365161 0.3278272 0.05658859 -0.7283191 -0.6828975 0.9901168 -0.112193 0.08415132 -0.8096258 -0.3108399 0.4978804 0.9089989 -0.3485563 0.2285378 -0.4136973 -0.6874763 0.5968508 -0.9352771 -0.2396341 0.2604461 -0.8253238 0.4906764 0.2794235 -0.9279136 -0.1645007 0.3345385 -0.0482183 -0.04656314 -0.997751 0.4857693 -0.5110832 0.7090996 0.5280278 0.1853404 0.8287554 0.6305679 -0.3662277 0.6842964 -0.9995457 -0.01808536 -0.02411091 0.872335 0.2102754 -0.4413799 0.03031265 -0.6037839 -0.7965715 0.0820921 -0.1237918 -0.9889067 -0.6335149 0.04008209 -0.7726917 -0.4770523 -0.3741352 0.7952634 0.00485754 0.6180545 -0.7861203 -0.1140902 -0.07097333 -0.990932 -0.3642367 0.3897507 -0.8458286 -0.1454066 -0.9440937 -0.2958784 -0.9008321 -0.0755285 0.4275477 0.9446436 -0.1206222 0.3051211 0.4748558 0.2679944 0.8382667 -0.843118 -0.03778022 -0.5363999 -0.5212767 -0.6811163 0.514151 -0.794643 -0.5720288 -0.2032875 -0.828175 -0.5409491 -0.1466297 0.8725141 -0.2148097 -0.4388347 -0.6766777 -0.5202432 0.521013 -0.521298 0.1454364 0.8408904 -0.6686175 -0.5831814 0.4613569 -0.171968 -0.1849775 0.9675797 -0.4667305 -0.3235542 0.8230889 -0.09789848 -0.1405587 -0.9852204 -0.0317499 0.5998371 -0.799492 -0.4655205 -0.3482257 0.8136521 -0.7562427 -0.6330244 0.1654605 -0.6039738 -0.5470072 -0.5796542 -0.5001314 -0.6514689 -0.5704883 -0.6523969 -0.7374851 0.1746253 -0.9837757 -0.1593685 0.08238476 0.7309235 -0.3072872 -0.6093649 0.7132949 0.5108442 -0.4798425 0.7379013 -0.3365438 -0.5850128 -0.3921322 -0.1601626 -0.9058589 -0.3921464 -0.1603822 -0.9058139 0.1638546 -0.6578845 -0.735078 0.7184297 -0.4310638 0.5459329 0.7739317 0.2933107 0.5612475 0.4073458 -0.6032859 0.6856498 0.6508793 -0.4772971 0.5903759 0.8405784 -0.3167279 0.4394446 0.8406431 -0.3165706 0.4394342 0.2114617 -0.571299 0.7930332 -0.7882786 0.6151638 0.0137993 -0.9780754 -0.1352757 0.1583325 0.3826829 0 -0.9238799 -0.3826835 0 -0.9238795 -0.3826835 0 0.9238796 0.3826829 0 0.9238799 0.9238796 0 0.3826835 0.9238796 0 -0.3826835</float_array>
          <technique_common>
            <accessor source="#Mesh_002-mesh-normals-array" count="2637" stride="3">
              <param name="X" type="float"/>
              <param name="Y" type="float"/>
              <param name="Z" type="float"/>
            </accessor>
          </technique_common>
        </source>
        <source id="Mesh_002-mesh-map-0">
          <float_array id="Mesh_002-mesh-map-0-array" count="13656">0.375 0.3125 0.40625 0.6884399 0.375 0.6884399 0.4375 0.3125 0.40625 0.6884399 0.40625 0.3125 0.4375 0.3125 0.46875 0.6884399 0.4375 0.6884399 0.5 0.3125 0.46875 0.6884399 0.46875 0.3125 0.5 0.3125 0.53125 0.6884399 0.5 0.6884399 0.53125 0.3125 0.5625 0.6884399 0.53125 0.6884399 0.5625 0.3125 0.59375 0.6884399 0.5625 0.6884399 0.59375 0.3125 0.625 0.6884399 0.59375 0.6884399 0.65625 0.15625 0.5 0.3125 0.34375 0.15625 0.6104854 0.9542354 0.5 1 0.6104854 0.9542354 0.3895146 0.9542354 0.5 1 0.5 1 0.34375 0.84375 0.3895146 0.9542354 0.3895146 0.9542354 0.3895146 0.7332646 0.34375 0.84375 0.34375 0.84375 0.5 0.6875 0.3895146 0.7332646 0.3895146 0.7332646 0.5 0.6875 0.6104854 0.7332646 0.5 0.6875 0.6104854 0.7332646 0.65625 0.84375 0.6104854 0.7332646 0.65625 0.84375 0.6104854 0.9542354 0.65625 0.84375 0.5 1 0.6104854 0.9542354 0.6104854 0.9542354 0.3895146 0.9542354 0.5 1 0.5 1 0.34375 0.84375 0.3895146 0.9542354 0.3895146 0.9542354 0.34375 0.84375 0.3895146 0.7332646 0.34375 0.84375 0.3895146 0.7332646 0.5 0.6875 0.3895146 0.7332646 0.5 0.6875 0.6104854 0.7332646 0.5 0.6875 0.6104854 0.7332646 0.65625 0.84375 0.6104854 0.7332646 0.6104854 0.9542354 0.65625 0.84375 0.65625 0.84375 0.65625 0.84375 0.6104854 0.7332646 0.6104854 0.7332646 0.6104854 0.7332646 0.5 0.6875 0.5 0.6875 0.3895146 0.7332646 0.5 0.6875 0.3895146 0.7332646 0.34375 0.84375 0.3895146 0.7332646 0.34375 0.84375 0.3895146 0.9542354 0.34375 0.84375 0.3895146 0.9542354 0.5 1 0.3895146 0.9542354 0.5 1 0.5 1 0.6104854 0.9542354 0.6104854 0.9542354 0.6104854 0.9542354 0.65625 0.84375 0.65625 0.84375 0.65625 0.84375 0.6104854 0.7332646 0.6104854 0.7332646 0.6104854 0.7332646 0.5 0.6875 0.5 0.6875 0.5 0.6875 0.3895146 0.7332646 0.3895146 0.7332646 0.34375 0.84375 0.3895146 0.7332646 0.34375 0.84375 0.3895146 0.9542354 0.34375 0.84375 0.3895146 0.9542354 0.5 1 0.3895146 0.9542354 0.5 1 0.6104854 0.9542354 0.5 1 0.6104854 0.9542354 0.65625 0.84375 0.6104854 0.9542354 0.65625 0.84375 0.65625 0.84375 0.6104854 0.7332646 0.6104854 0.7332646 0.6104854 0.7332646 0.5 0.6875 0.5 0.6875 0.5 0.6875 0.3895146 0.7332646 0.3895146 0.7332646 0.34375 0.84375 0.3895146 0.7332646 0.34375 0.84375 0.3895146 0.9542354 0.34375 0.84375 0.3895146 0.9542354 0.5 1 0.3895146 0.9542354 0.5 1 0.6104854 0.9542354 0.5 1 0.6104854 0.9542354 0.6104854 0.9542354 0.65625 0.84375 0.65625 0.84375 0.6104854 0.7332646 0.65625 0.84375 0.6104854 0.9542354 0.40625 0.3125 0.375 0.6884399 0.375 0.3125 0.40625 0.3125 0.4375 0.6884399 0.40625 0.6884399 0.46875 0.3125 0.4375 0.6884399 0.4375 0.3125 0.5 0.3125 0.46875 0.6884399 0.46875 0.3125 0.53125 0.3125 0.5 0.6884399 0.5 0.3125 0.53125 0.3125 0.5625 0.6884399 0.53125 0.6884399 0.59375 0.3125 0.5625 0.6884399 0.5625 0.3125 0.59375 0.3125 0.625 0.6884399 0.59375 0.6884399 0.34375 0.15625 0.3895146 0.04576456 0.5 0 0.5 0.6875 0.6104854 0.7332646 0.65625 0.84375 0.6104854 0.9542354 0.5 1 0.6104854 0.9542354 0.3895146 0.9542354 0.5 1 0.5 1 0.34375 0.84375 0.3895146 0.9542354 0.3895146 0.9542354 0.3895146 0.7332646 0.34375 0.84375 0.34375 0.84375 0.5 0.6875 0.3895146 0.7332646 0.3895146 0.7332646 0.5 0.6875 0.6104854 0.7332646 0.5 0.6875 0.6104854 0.7332646 0.65625 0.84375 0.6104854 0.7332646 0.65625 0.84375 0.6104854 0.9542354 0.65625 0.84375 0.5 1 0.6104854 0.9542354 0.6104854 0.9542354 0.5 1 0.3895146 0.9542354 0.5 1 0.3895146 0.9542354 0.34375 0.84375 0.3895146 0.9542354 0.34375 0.84375 0.3895146 0.7332646 0.34375 0.84375 0.3895146 0.7332646 0.5 0.6875 0.3895146 0.7332646 0.6104854 0.7332646 0.5 0.6875 0.5 0.6875 0.65625 0.84375 0.6104854 0.7332646 0.6104854 0.7332646 0.6104854 0.9542354 0.65625 0.84375 0.65625 0.84375 0.5 1 0.6104854 0.9542354 0.6104854 0.9542354 0.5 1 0.3895146 0.9542354 0.5 1 0.3895146 0.9542354 0.34375 0.84375 0.3895146 0.9542354 0.34375 0.84375 0.3895146 0.7332646 0.34375 0.84375 0.3895146 0.7332646 0.5 0.6875 0.3895146 0.7332646 0.6104854 0.7332646 0.5 0.6875 0.5 0.6875 0.65625 0.84375 0.6104854 0.7332646 0.6104854 0.7332646 0.6104854 0.9542354 0.65625 0.84375 0.65625 0.84375 0.65625 0.84375 0.6104854 0.7332646 0.6104854 0.7332646 0.6104854 0.7332646 0.5 0.6875 0.5 0.6875 0.3895146 0.7332646 0.5 0.6875 0.3895146 0.7332646 0.34375 0.84375 0.3895146 0.7332646 0.34375 0.84375 0.3895146 0.9542354 0.34375 0.84375 0.3895146 0.9542354 0.5 1 0.3895146 0.9542354 0.5 1 0.5 1 0.6104854 0.9542354 0.6104854 0.9542354 0.6104854 0.9542354 0.65625 0.84375 0.65625 0.84375 0.6104854 0.7332646 0.65625 0.84375 0.6104854 0.7332646 0.5 0.6875 0.6104854 0.7332646 0.5 0.6875 0.5 0.6875 0.3895146 0.7332646 0.3895146 0.7332646 0.3895146 0.7332646 0.34375 0.84375 0.34375 0.84375 0.34375 0.84375 0.3895146 0.9542354 0.3895146 0.9542354 0.3895146 0.9542354 0.5 1 0.5 1 0.6104854 0.9542354 0.5 1 0.6104854 0.9542354 0.65625 0.84375 0.6104854 0.9542354 0.65625 0.84375 0.5 0.6875 0.6104854 0.7332646 0.5 0.6875 0.5 0.6875 0.3895146 0.7332646 0.3895146 0.7332646 0.3895146 0.7332646 0.34375 0.84375 0.34375 0.84375 0.34375 0.84375 0.3895146 0.9542354 0.3895146 0.9542354 0.3895146 0.9542354 0.5 1 0.5 1 0.6104854 0.9542354 0.5 1 0.6104854 0.9542354 0.65625 0.84375 0.6104854 0.9542354 0.65625 0.84375 0.6104854 0.7332646 0.65625 0.84375 0.6104854 0.7332646 0.40625 0.3125 0.375 0.6884399 0.375 0.3125 0.40625 0.3125 0.4375 0.6884399 0.40625 0.6884399 0.4375 0.3125 0.46875 0.6884399 0.4375 0.6884399 0.5 0.3125 0.46875 0.6884399 0.46875 0.3125 0.5 0.3125 0.53125 0.6884399 0.5 0.6884399 0.5625 0.3125 0.53125 0.6884399 0.53125 0.3125 0.59375 0.3125 0.5625 0.6884399 0.5625 0.3125 0.59375 0.3125 0.625 0.6884399 0.59375 0.6884399 0.5 0 0.65625 0.15625 0.34375 0.15625 0.65625 0.84375 0.5 1 0.34375 0.84375 0.5 1 0.6104854 0.9542354 0.6104854 0.9542354 0.5 1 0.3895146 0.9542354 0.5 1 0.3895146 0.9542354 0.34375 0.84375 0.3895146 0.9542354 0.34375 0.84375 0.3895146 0.7332646 0.34375 0.84375 0.3895146 0.7332646 0.5 0.6875 0.3895146 0.7332646 0.6104854 0.7332646 0.5 0.6875 0.5 0.6875 0.65625 0.84375 0.6104854 0.7332646 0.6104854 0.7332646 0.6104854 0.9542354 0.65625 0.84375 0.65625 0.84375 0.5 1 0.6104854 0.9542354 0.6104854 0.9542354 0.5 1 0.3895146 0.9542354 0.5 1 0.3895146 0.9542354 0.34375 0.84375 0.3895146 0.9542354 0.34375 0.84375 0.3895146 0.7332646 0.34375 0.84375 0.3895146 0.7332646 0.5 0.6875 0.3895146 0.7332646 0.6104854 0.7332646 0.5 0.6875 0.5 0.6875 0.65625 0.84375 0.6104854 0.7332646 0.6104854 0.7332646 0.6104854 0.9542354 0.65625 0.84375 0.65625 0.84375 0.5 1 0.6104854 0.9542354 0.6104854 0.9542354 0.5 1 0.3895146 0.9542354 0.5 1 0.34375 0.84375 0.3895146 0.9542354 0.3895146 0.9542354 0.34375 0.84375 0.3895146 0.7332646 0.34375 0.84375 0.5 0.6875 0.3895146 0.7332646 0.3895146 0.7332646 0.5 0.6875 0.6104854 0.7332646 0.5 0.6875 0.65625 0.84375 0.6104854 0.7332646 0.6104854 0.7332646 0.65625 0.84375 0.6104854 0.9542354 0.65625 0.84375 0.65625 0.84375 0.6104854 0.7332646 0.6104854 0.7332646 0.6104854 0.7332646 0.5 0.6875 0.5 0.6875 0.3895146 0.7332646 0.5 0.6875 0.3895146 0.7332646 0.34375 0.84375 0.3895146 0.7332646 0.34375 0.84375 0.3895146 0.9542354 0.34375 0.84375 0.3895146 0.9542354 0.5 1 0.3895146 0.9542354 0.5 1 0.5 1 0.6104854 0.9542354 0.6104854 0.9542354 0.6104854 0.9542354 0.65625 0.84375 0.65625 0.84375 0.40625 0.3125 0.375 0.6884399 0.375 0.3125 0.40625 0.3125 0.4375 0.6884399 0.40625 0.6884399 0.4375 0.3125 0.46875 0.6884399 0.4375 0.6884399 0.46875 0.3125 0.5 0.6884399 0.46875 0.6884399 0.53125 0.3125 0.5 0.6884399 0.5 0.3125 0.53125 0.3125 0.5625 0.6884399 0.53125 0.6884399 0.59375 0.3125 0.5625 0.6884399 0.5625 0.3125 0.59375 0.3125 0.625 0.6884399 0.59375 0.6884399 0.3895146 0.2667354 0.3895146 0.04576456 0.6104854 0.04576456 0.65625 0.84375 0.5 1 0.34375 0.84375 0.5 1 0.6104854 0.9542354 0.6104854 0.9542354 0.5 1 0.3895146 0.9542354 0.5 1 0.3895146 0.9542354 0.34375 0.84375 0.3895146 0.9542354 0.34375 0.84375 0.3895146 0.7332646 0.34375 0.84375 0.3895146 0.7332646 0.5 0.6875 0.3895146 0.7332646 0.6104854 0.7332646 0.5 0.6875 0.5 0.6875 0.65625 0.84375 0.6104854 0.7332646 0.6104854 0.7332646 0.6104854 0.9542354 0.65625 0.84375 0.65625 0.84375 0.5 1 0.6104854 0.9542354 0.6104854 0.9542354 0.5 1 0.3895146 0.9542354 0.5 1 0.3895146 0.9542354 0.34375 0.84375 0.3895146 0.9542354 0.34375 0.84375 0.3895146 0.7332646 0.34375 0.84375 0.3895146 0.7332646 0.5 0.6875 0.3895146 0.7332646 0.6104854 0.7332646 0.5 0.6875 0.5 0.6875 0.65625 0.84375 0.6104854 0.7332646 0.6104854 0.7332646 0.6104854 0.9542354 0.65625 0.84375 0.65625 0.84375 0.5 1 0.6104854 0.9542354 0.6104854 0.9542354 0.3895146 0.9542354 0.5 1 0.5 1 0.3895146 0.9542354 0.34375 0.84375 0.3895146 0.9542354 0.3895146 0.7332646 0.34375 0.84375 0.34375 0.84375 0.5 0.6875 0.3895146 0.7332646 0.3895146 0.7332646 0.5 0.6875 0.6104854 0.7332646 0.5 0.6875 0.6104854 0.7332646 0.65625 0.84375 0.6104854 0.7332646 0.65625 0.84375 0.6104854 0.9542354 0.65625 0.84375 0.65625 0.84375 0.6104854 0.7332646 0.6104854 0.7332646 0.6104854 0.7332646 0.5 0.6875 0.5 0.6875 0.3895146 0.7332646 0.5 0.6875 0.3895146 0.7332646 0.34375 0.84375 0.3895146 0.7332646 0.34375 0.84375 0.3895146 0.9542354 0.34375 0.84375 0.3895146 0.9542354 0.5 1 0.3895146 0.9542354 0.5 1 0.5 1 0.6104854 0.9542354 0.6104854 0.9542354 0.6104854 0.9542354 0.65625 0.84375 0.65625 0.84375 0.375 0.3125 0.40625 0.6884399 0.375 0.6884399 0.4375 0.3125 0.40625 0.6884399 0.40625 0.3125 0.4375 0.3125 0.46875 0.6884399 0.4375 0.6884399 0.5 0.3125 0.46875 0.6884399 0.46875 0.3125 0.5 0.3125 0.53125 0.6884399 0.5 0.6884399 0.5625 0.3125 0.53125 0.6884399 0.53125 0.3125 0.5625 0.3125 0.59375 0.6884399 0.5625 0.6884399 0.625 0.3125 0.59375 0.6884399 0.59375 0.3125 0.5 0 0.65625 0.15625 0.34375 0.15625 0.65625 0.84375 0.5 1 0.34375 0.84375 0.5 1 0.6104854 0.9542354 0.6104854 0.9542354 0.5 1 0.3895146 0.9542354 0.5 1 0.3895146 0.9542354 0.34375 0.84375 0.3895146 0.9542354 0.34375 0.84375 0.3895146 0.7332646 0.34375 0.84375 0.3895146 0.7332646 0.5 0.6875 0.3895146 0.7332646 0.6104854 0.7332646 0.5 0.6875 0.5 0.6875 0.65625 0.84375 0.6104854 0.7332646 0.6104854 0.7332646 0.6104854 0.9542354 0.65625 0.84375 0.65625 0.84375 0.6104854 0.9542354 0.5 1 0.6104854 0.9542354 0.3895146 0.9542354 0.5 1 0.5 1 0.34375 0.84375 0.3895146 0.9542354 0.3895146 0.9542354 0.3895146 0.7332646 0.34375 0.84375 0.34375 0.84375 0.5 0.6875 0.3895146 0.7332646 0.3895146 0.7332646 0.5 0.6875 0.6104854 0.7332646 0.5 0.6875 0.6104854 0.7332646 0.65625 0.84375 0.6104854 0.7332646 0.65625 0.84375 0.6104854 0.9542354 0.65625 0.84375 0.6104854 0.9542354 0.5 1 0.6104854 0.9542354 0.3895146 0.9542354 0.5 1 0.5 1 0.34375 0.84375 0.3895146 0.9542354 0.3895146 0.9542354 0.34375 0.84375 0.3895146 0.7332646 0.34375 0.84375 0.5 0.6875 0.3895146 0.7332646 0.3895146 0.7332646 0.5 0.6875 0.6104854 0.7332646 0.5 0.6875 0.6104854 0.7332646 0.65625 0.84375 0.6104854 0.7332646 0.6104854 0.9542354 0.65625 0.84375 0.65625 0.84375 0.65625 0.84375 0.6104854 0.7332646 0.6104854 0.7332646 0.6104854 0.7332646 0.5 0.6875 0.5 0.6875 0.3895146 0.7332646 0.5 0.6875 0.3895146 0.7332646 0.34375 0.84375 0.3895146 0.7332646 0.34375 0.84375 0.3895146 0.9542354 0.34375 0.84375 0.3895146 0.9542354 0.5 1 0.3895146 0.9542354 0.5 1 0.5 1 0.6104854 0.9542354 0.6104854 0.9542354 0.6104854 0.9542354 0.65625 0.84375 0.65625 0.84375 0.375 0.3125 0.40625 0.6884399 0.375 0.6884399 0.4375 0.3125 0.40625 0.6884399 0.40625 0.3125 0.4375 0.3125 0.46875 0.6884399 0.4375 0.6884399 0.46875 0.3125 0.5 0.6884399 0.46875 0.6884399 0.53125 0.3125 0.5 0.6884399 0.5 0.3125 0.53125 0.3125 0.5625 0.6884399 0.53125 0.6884399 0.59375 0.3125 0.5625 0.6884399 0.5625 0.3125 0.625 0.3125 0.59375 0.6884399 0.59375 0.3125 0.3895146 0.2667354 0.3895146 0.04576456 0.6104854 0.04576456 0.65625 0.84375 0.5 1 0.34375 0.84375 0.5 1 0.6104854 0.9542354 0.6104854 0.9542354 0.5 1 0.3895146 0.9542354 0.5 1 0.3895146 0.9542354 0.34375 0.84375 0.3895146 0.9542354 0.34375 0.84375 0.3895146 0.7332646 0.34375 0.84375 0.3895146 0.7332646 0.5 0.6875 0.3895146 0.7332646 0.6104854 0.7332646 0.5 0.6875 0.5 0.6875 0.65625 0.84375 0.6104854 0.7332646 0.6104854 0.7332646 0.6104854 0.9542354 0.65625 0.84375 0.65625 0.84375 0.5 1 0.6104854 0.9542354 0.6104854 0.9542354 0.5 1 0.3895146 0.9542354 0.5 1 0.3895146 0.9542354 0.34375 0.84375 0.3895146 0.9542354 0.34375 0.84375 0.3895146 0.7332646 0.34375 0.84375 0.3895146 0.7332646 0.5 0.6875 0.3895146 0.7332646 0.6104854 0.7332646 0.5 0.6875 0.5 0.6875 0.65625 0.84375 0.6104854 0.7332646 0.6104854 0.7332646 0.6104854 0.9542354 0.65625 0.84375 0.65625 0.84375 0.5 1 0.6104854 0.9542354 0.6104854 0.9542354 0.5 1 0.3895146 0.9542354 0.5 1 0.3895146 0.9542354 0.34375 0.84375 0.3895146 0.9542354 0.3895146 0.7332646 0.34375 0.84375 0.34375 0.84375 0.5 0.6875 0.3895146 0.7332646 0.3895146 0.7332646 0.6104854 0.7332646 0.5 0.6875 0.5 0.6875 0.6104854 0.7332646 0.65625 0.84375 0.6104854 0.7332646 0.6104854 0.9542354 0.65625 0.84375 0.65625 0.84375 0.6104854 0.7332646 0.65625 0.84375 0.6104854 0.7332646 0.5 0.6875 0.6104854 0.7332646 0.5 0.6875 0.5 0.6875 0.3895146 0.7332646 0.3895146 0.7332646 0.3895146 0.7332646 0.34375 0.84375 0.34375 0.84375 0.34375 0.84375 0.3895146 0.9542354 0.3895146 0.9542354 0.3895146 0.9542354 0.5 1 0.5 1 0.6104854 0.9542354 0.5 1 0.6104854 0.9542354 0.65625 0.84375 0.6104854 0.9542354 0.65625 0.84375 0.6104854 0.7332646 0.5 0.6875 0.5 0.6875 0.3895146 0.7332646 0.5 0.6875 0.3895146 0.7332646 0.34375 0.84375 0.3895146 0.7332646 0.34375 0.84375 0.3895146 0.9542354 0.34375 0.84375 0.3895146 0.9542354 0.5 1 0.3895146 0.9542354 0.5 1 0.5 1 0.6104854 0.9542354 0.6104854 0.9542354 0.6104854 0.9542354 0.65625 0.84375 0.65625 0.84375 0.65625 0.84375 0.6104854 0.7332646 0.6104854 0.7332646 0.6104854 0.7332646 0.65625 0.84375 0.6104854 0.7332646 0.5 0.6875 0.6104854 0.7332646 0.5 0.6875 0.5 0.6875 0.3895146 0.7332646 0.3895146 0.7332646 0.3895146 0.7332646 0.34375 0.84375 0.34375 0.84375 0.34375 0.84375 0.3895146 0.9542354 0.3895146 0.9542354 0.5 1 0.3895146 0.9542354 0.5 1 0.5 1 0.6104854 0.9542354 0.6104854 0.9542354 0.65625 0.84375 0.6104854 0.9542354 0.65625 0.84375 0.40625 0.3125 0.375 0.6884399 0.375 0.3125 0.40625 0.3125 0.4375 0.6884399 0.40625 0.6884399 0.4375 0.3125 0.46875 0.6884399 0.4375 0.6884399 0.5 0.3125 0.46875 0.6884399 0.46875 0.3125 0.5 0.3125 0.53125 0.6884399 0.5 0.6884399 0.5625 0.3125 0.53125 0.6884399 0.53125 0.3125 0.5625 0.3125 0.59375 0.6884399 0.5625 0.6884399 0.625 0.3125 0.59375 0.6884399 0.59375 0.3125 0.5 0 0.65625 0.15625 0.34375 0.15625 0.5 1 0.6104854 0.9542354 0.6104854 0.9542354 0.5 1 0.3895146 0.9542354 0.5 1 0.3895146 0.9542354 0.34375 0.84375 0.3895146 0.9542354 0.34375 0.84375 0.3895146 0.7332646 0.34375 0.84375 0.3895146 0.7332646 0.5 0.6875 0.3895146 0.7332646 0.6104854 0.7332646 0.5 0.6875 0.5 0.6875 0.65625 0.84375 0.6104854 0.7332646 0.6104854 0.7332646 0.6104854 0.9542354 0.65625 0.84375 0.65625 0.84375 0.5 1 0.6104854 0.9542354 0.6104854 0.9542354 0.5 1 0.3895146 0.9542354 0.5 1 0.3895146 0.9542354 0.34375 0.84375 0.3895146 0.9542354 0.34375 0.84375 0.3895146 0.7332646 0.34375 0.84375 0.3895146 0.7332646 0.5 0.6875 0.3895146 0.7332646 0.6104854 0.7332646 0.5 0.6875 0.5 0.6875 0.65625 0.84375 0.6104854 0.7332646 0.6104854 0.7332646 0.6104854 0.9542354 0.65625 0.84375 0.65625 0.84375 0.6104854 0.7332646 0.65625 0.84375 0.6104854 0.7332646 0.5 0.6875 0.6104854 0.7332646 0.5 0.6875 0.5 0.6875 0.3895146 0.7332646 0.3895146 0.7332646 0.3895146 0.7332646 0.34375 0.84375 0.34375 0.84375 0.34375 0.84375 0.3895146 0.9542354 0.3895146 0.9542354 0.3895146 0.9542354 0.5 1 0.5 1 0.6104854 0.9542354 0.5 1 0.6104854 0.9542354 0.65625 0.84375 0.6104854 0.9542354 0.65625 0.84375 0.6104854 0.7332646 0.65625 0.84375 0.6104854 0.7332646 0.5 0.6875 0.6104854 0.7332646 0.5 0.6875 0.5 0.6875 0.3895146 0.7332646 0.3895146 0.7332646 0.3895146 0.7332646 0.34375 0.84375 0.34375 0.84375 0.34375 0.84375 0.3895146 0.9542354 0.3895146 0.9542354 0.3895146 0.9542354 0.5 1 0.5 1 0.6104854 0.9542354 0.5 1 0.6104854 0.9542354 0.65625 0.84375 0.6104854 0.9542354 0.65625 0.84375 0.6104854 0.7332646 0.65625 0.84375 0.6104854 0.7332646 0.5 0.6875 0.6104854 0.7332646 0.5 0.6875 0.5 0.6875 0.3895146 0.7332646 0.3895146 0.7332646 0.3895146 0.7332646 0.34375 0.84375 0.34375 0.84375 0.34375 0.84375 0.3895146 0.9542354 0.3895146 0.9542354 0.3895146 0.9542354 0.5 1 0.5 1 0.6104854 0.9542354 0.5 1 0.6104854 0.9542354 0.65625 0.84375 0.6104854 0.9542354 0.65625 0.84375 0.6104854 0.7332646 0.65625 0.84375 0.6104854 0.9542354 0.375 0.3125 0.40625 0.6884399 0.375 0.6884399 0.4375 0.3125 0.40625 0.6884399 0.40625 0.3125 0.4375 0.3125 0.46875 0.6884399 0.4375 0.6884399 0.5 0.3125 0.46875 0.6884399 0.46875 0.3125 0.53125 0.3125 0.5 0.6884399 0.5 0.3125 0.53125 0.3125 0.5625 0.6884399 0.53125 0.6884399 0.5625 0.3125 0.59375 0.6884399 0.5625 0.6884399 0.625 0.3125 0.59375 0.6884399 0.59375 0.3125 0.65625 0.15625 0.5 0.3125 0.34375 0.15625 0.5 1 0.34375 0.84375 0.5 0.6875 0.5 1 0.6104854 0.9542354 0.6104854 0.9542354 0.5 1 0.3895146 0.9542354 0.5 1 0.3895146 0.9542354 0.34375 0.84375 0.3895146 0.9542354 0.34375 0.84375 0.3895146 0.7332646 0.34375 0.84375 0.3895146 0.7332646 0.5 0.6875 0.3895146 0.7332646 0.6104854 0.7332646 0.5 0.6875 0.5 0.6875 0.65625 0.84375 0.6104854 0.7332646 0.6104854 0.7332646 0.6104854 0.9542354 0.65625 0.84375 0.65625 0.84375 0.6104854 0.9542354 0.5 1 0.6104854 0.9542354 0.3895146 0.9542354 0.5 1 0.5 1 0.34375 0.84375 0.3895146 0.9542354 0.3895146 0.9542354 0.3895146 0.7332646 0.34375 0.84375 0.34375 0.84375 0.5 0.6875 0.3895146 0.7332646 0.3895146 0.7332646 0.5 0.6875 0.6104854 0.7332646 0.5 0.6875 0.6104854 0.7332646 0.65625 0.84375 0.6104854 0.7332646 0.65625 0.84375 0.6104854 0.9542354 0.65625 0.84375 0.5 1 0.6104854 0.9542354 0.6104854 0.9542354 0.5 1 0.3895146 0.9542354 0.5 1 0.34375 0.84375 0.3895146 0.9542354 0.3895146 0.9542354 0.34375 0.84375 0.3895146 0.7332646 0.34375 0.84375 0.5 0.6875 0.3895146 0.7332646 0.3895146 0.7332646 0.5 0.6875 0.6104854 0.7332646 0.5 0.6875 0.65625 0.84375 0.6104854 0.7332646 0.6104854 0.7332646 0.65625 0.84375 0.6104854 0.9542354 0.65625 0.84375 0.375 0.3125 0.40625 0.6884399 0.375 0.6884399 0.4375 0.3125 0.40625 0.6884399 0.40625 0.3125 0.4375 0.3125 0.46875 0.6884399 0.4375 0.6884399 0.46875 0.3125 0.5 0.6884399 0.46875 0.6884399 0.53125 0.3125 0.5 0.6884399 0.5 0.3125 0.53125 0.3125 0.5625 0.6884399 0.53125 0.6884399 0.59375 0.3125 0.5625 0.6884399 0.5625 0.3125 0.625 0.3125 0.59375 0.6884399 0.59375 0.3125 0.65625 0.15625 0.5 0.3125 0.34375 0.15625 0.34375 0.84375 0.5 0.6875 0.65625 0.84375 0.6104854 0.9542354 0.5 1 0.6104854 0.9542354 0.3895146 0.9542354 0.5 1 0.5 1 0.34375 0.84375 0.3895146 0.9542354 0.3895146 0.9542354 0.3895146 0.7332646 0.34375 0.84375 0.34375 0.84375 0.5 0.6875 0.3895146 0.7332646 0.3895146 0.7332646 0.5 0.6875 0.6104854 0.7332646 0.5 0.6875 0.6104854 0.7332646 0.65625 0.84375 0.6104854 0.7332646 0.65625 0.84375 0.6104854 0.9542354 0.65625 0.84375 0.5 1 0.6104854 0.9542354 0.6104854 0.9542354 0.5 1 0.3895146 0.9542354 0.5 1 0.3895146 0.9542354 0.34375 0.84375 0.3895146 0.9542354 0.34375 0.84375 0.3895146 0.7332646 0.34375 0.84375 0.3895146 0.7332646 0.5 0.6875 0.3895146 0.7332646 0.6104854 0.7332646 0.5 0.6875 0.5 0.6875 0.65625 0.84375 0.6104854 0.7332646 0.6104854 0.7332646 0.6104854 0.9542354 0.65625 0.84375 0.65625 0.84375 0.6104854 0.7332646 0.65625 0.84375 0.6104854 0.7332646 0.5 0.6875 0.6104854 0.7332646 0.5 0.6875 0.5 0.6875 0.3895146 0.7332646 0.3895146 0.7332646 0.3895146 0.7332646 0.34375 0.84375 0.34375 0.84375 0.34375 0.84375 0.3895146 0.9542354 0.3895146 0.9542354 0.5 1 0.3895146 0.9542354 0.5 1 0.5 1 0.6104854 0.9542354 0.6104854 0.9542354 0.65625 0.84375 0.6104854 0.9542354 0.65625 0.84375 0.65625 0.84375 0.6104854 0.7332646 0.6104854 0.7332646 0.6104854 0.7332646 0.5 0.6875 0.5 0.6875 0.3895146 0.7332646 0.5 0.6875 0.3895146 0.7332646 0.34375 0.84375 0.3895146 0.7332646 0.34375 0.84375 0.3895146 0.9542354 0.34375 0.84375 0.3895146 0.9542354 0.5 1 0.3895146 0.9542354 0.5 1 0.5 1 0.6104854 0.9542354 0.6104854 0.9542354 0.6104854 0.9542354 0.65625 0.84375 0.65625 0.84375 0.40625 0.3125 0.375 0.6884399 0.375 0.3125 0.40625 0.3125 0.4375 0.6884399 0.40625 0.6884399 0.46875 0.3125 0.4375 0.6884399 0.4375 0.3125 0.5 0.3125 0.46875 0.6884399 0.46875 0.3125 0.5 0.3125 0.53125 0.6884399 0.5 0.6884399 0.5625 0.3125 0.53125 0.6884399 0.53125 0.3125 0.5625 0.3125 0.59375 0.6884399 0.5625 0.6884399 0.625 0.3125 0.59375 0.6884399 0.59375 0.3125 0.5 0 0.65625 0.15625 0.34375 0.15625 0.5 1 0.6104854 0.9542354 0.6104854 0.9542354 0.5 1 0.3895146 0.9542354 0.5 1 0.3895146 0.9542354 0.34375 0.84375 0.3895146 0.9542354 0.34375 0.84375 0.3895146 0.7332646 0.34375 0.84375 0.3895146 0.7332646 0.5 0.6875 0.3895146 0.7332646 0.6104854 0.7332646 0.5 0.6875 0.5 0.6875 0.65625 0.84375 0.6104854 0.7332646 0.6104854 0.7332646 0.6104854 0.9542354 0.65625 0.84375 0.65625 0.84375 0.5 1 0.6104854 0.9542354 0.6104854 0.9542354 0.5 1 0.3895146 0.9542354 0.5 1 0.3895146 0.9542354 0.34375 0.84375 0.3895146 0.9542354 0.34375 0.84375 0.3895146 0.7332646 0.34375 0.84375 0.3895146 0.7332646 0.5 0.6875 0.3895146 0.7332646 0.6104854 0.7332646 0.5 0.6875 0.5 0.6875 0.65625 0.84375 0.6104854 0.7332646 0.6104854 0.7332646 0.6104854 0.9542354 0.65625 0.84375 0.65625 0.84375 0.6104854 0.7332646 0.65625 0.84375 0.6104854 0.7332646 0.5 0.6875 0.6104854 0.7332646 0.5 0.6875 0.5 0.6875 0.3895146 0.7332646 0.3895146 0.7332646 0.3895146 0.7332646 0.34375 0.84375 0.34375 0.84375 0.34375 0.84375 0.3895146 0.9542354 0.3895146 0.9542354 0.3895146 0.9542354 0.5 1 0.5 1 0.6104854 0.9542354 0.5 1 0.6104854 0.9542354 0.65625 0.84375 0.6104854 0.9542354 0.65625 0.84375 0.6104854 0.7332646 0.65625 0.84375 0.6104854 0.7332646 0.5 0.6875 0.6104854 0.7332646 0.5 0.6875 0.5 0.6875 0.3895146 0.7332646 0.3895146 0.7332646 0.3895146 0.7332646 0.34375 0.84375 0.34375 0.84375 0.34375 0.84375 0.3895146 0.9542354 0.3895146 0.9542354 0.3895146 0.9542354 0.5 1 0.5 1 0.6104854 0.9542354 0.5 1 0.6104854 0.9542354 0.65625 0.84375 0.6104854 0.9542354 0.65625 0.84375 0.6104854 0.7332646 0.65625 0.84375 0.6104854 0.7332646 0.5 0.6875 0.6104854 0.7332646 0.5 0.6875 0.5 0.6875 0.3895146 0.7332646 0.3895146 0.7332646 0.3895146 0.7332646 0.34375 0.84375 0.34375 0.84375 0.34375 0.84375 0.3895146 0.9542354 0.3895146 0.9542354 0.3895146 0.9542354 0.5 1 0.5 1 0.6104854 0.9542354 0.5 1 0.6104854 0.9542354 0.65625 0.84375 0.6104854 0.9542354 0.65625 0.84375 0.6104854 0.7332646 0.65625 0.84375 0.6104854 0.9542354 0.40625 0.3125 0.375 0.6884399 0.375 0.3125 0.40625 0.3125 0.4375 0.6884399 0.40625 0.6884399 0.46875 0.3125 0.4375 0.6884399 0.4375 0.3125 0.5 0.3125 0.46875 0.6884399 0.46875 0.3125 0.53125 0.3125 0.5 0.6884399 0.5 0.3125 0.5625 0.3125 0.53125 0.6884399 0.53125 0.3125 0.5625 0.3125 0.59375 0.6884399 0.5625 0.6884399 0.59375 0.3125 0.625 0.6884399 0.59375 0.6884399 0.34375 0.15625 0.3895146 0.04576456 0.5 0 0.5 0.6875 0.6104854 0.7332646 0.65625 0.84375 0.5 1 0.6104854 0.9542354 0.6104854 0.9542354 0.5 1 0.3895146 0.9542354 0.5 1 0.3895146 0.9542354 0.34375 0.84375 0.3895146 0.9542354 0.34375 0.84375 0.3895146 0.7332646 0.34375 0.84375 0.3895146 0.7332646 0.5 0.6875 0.3895146 0.7332646 0.6104854 0.7332646 0.5 0.6875 0.5 0.6875 0.65625 0.84375 0.6104854 0.7332646 0.6104854 0.7332646 0.6104854 0.9542354 0.65625 0.84375 0.65625 0.84375 0.6104854 0.9542354 0.5 1 0.6104854 0.9542354 0.3895146 0.9542354 0.5 1 0.5 1 0.34375 0.84375 0.3895146 0.9542354 0.3895146 0.9542354 0.3895146 0.7332646 0.34375 0.84375 0.34375 0.84375 0.5 0.6875 0.3895146 0.7332646 0.3895146 0.7332646 0.5 0.6875 0.6104854 0.7332646 0.5 0.6875 0.6104854 0.7332646 0.65625 0.84375 0.6104854 0.7332646 0.65625 0.84375 0.6104854 0.9542354 0.65625 0.84375 0.5 1 0.6104854 0.9542354 0.6104854 0.9542354 0.5 1 0.3895146 0.9542354 0.5 1 0.3895146 0.9542354 0.34375 0.84375 0.3895146 0.9542354 0.34375 0.84375 0.3895146 0.7332646 0.34375 0.84375 0.5 0.6875 0.3895146 0.7332646 0.3895146 0.7332646 0.6104854 0.7332646 0.5 0.6875 0.5 0.6875 0.6104854 0.7332646 0.65625 0.84375 0.6104854 0.7332646 0.65625 0.84375 0.6104854 0.9542354 0.65625 0.84375 0.375 0.3125 0.40625 0.6884399 0.375 0.6884399 0.4375 0.3125 0.40625 0.6884399 0.40625 0.3125 0.4375 0.3125 0.46875 0.6884399 0.4375 0.6884399 0.5 0.3125 0.46875 0.6884399 0.46875 0.3125 0.53125 0.3125 0.5 0.6884399 0.5 0.3125 0.53125 0.3125 0.5625 0.6884399 0.53125 0.6884399 0.5625 0.3125 0.59375 0.6884399 0.5625 0.6884399 0.625 0.3125 0.59375 0.6884399 0.59375 0.3125 0.65625 0.15625 0.5 0.3125 0.34375 0.15625 0.6104854 0.7332646 0.65625 0.84375 0.34375 0.84375 0.6104854 0.9542354 0.5 1 0.6104854 0.9542354 0.3895146 0.9542354 0.5 1 0.5 1 0.34375 0.84375 0.3895146 0.9542354 0.3895146 0.9542354 0.3895146 0.7332646 0.34375 0.84375 0.34375 0.84375 0.5 0.6875 0.3895146 0.7332646 0.3895146 0.7332646 0.5 0.6875 0.6104854 0.7332646 0.5 0.6875 0.6104854 0.7332646 0.65625 0.84375 0.6104854 0.7332646 0.65625 0.84375 0.6104854 0.9542354 0.65625 0.84375 0.5 1 0.6104854 0.9542354 0.6104854 0.9542354 0.5 1 0.3895146 0.9542354 0.5 1 0.3895146 0.9542354 0.34375 0.84375 0.3895146 0.9542354 0.34375 0.84375 0.3895146 0.7332646 0.34375 0.84375 0.3895146 0.7332646 0.5 0.6875 0.3895146 0.7332646 0.6104854 0.7332646 0.5 0.6875 0.5 0.6875 0.65625 0.84375 0.6104854 0.7332646 0.6104854 0.7332646 0.6104854 0.9542354 0.65625 0.84375 0.65625 0.84375 0.5 1 0.6104854 0.9542354 0.6104854 0.9542354 0.5 1 0.3895146 0.9542354 0.5 1 0.3895146 0.9542354 0.34375 0.84375 0.3895146 0.9542354 0.34375 0.84375 0.3895146 0.7332646 0.34375 0.84375 0.3895146 0.7332646 0.5 0.6875 0.3895146 0.7332646 0.6104854 0.7332646 0.5 0.6875 0.5 0.6875 0.65625 0.84375 0.6104854 0.7332646 0.6104854 0.7332646 0.6104854 0.9542354 0.65625 0.84375 0.65625 0.84375 0.65625 0.84375 0.6104854 0.7332646 0.6104854 0.7332646 0.6104854 0.7332646 0.5 0.6875 0.5 0.6875 0.3895146 0.7332646 0.5 0.6875 0.3895146 0.7332646 0.34375 0.84375 0.3895146 0.7332646 0.34375 0.84375 0.3895146 0.9542354 0.34375 0.84375 0.3895146 0.9542354 0.5 1 0.3895146 0.9542354 0.5 1 0.5 1 0.6104854 0.9542354 0.6104854 0.9542354 0.6104854 0.9542354 0.65625 0.84375 0.65625 0.84375 0.6104854 0.7332646 0.65625 0.84375 0.6104854 0.7332646 0.5 0.6875 0.6104854 0.7332646 0.5 0.6875 0.5 0.6875 0.3895146 0.7332646 0.3895146 0.7332646 0.3895146 0.7332646 0.34375 0.84375 0.34375 0.84375 0.34375 0.84375 0.3895146 0.9542354 0.3895146 0.9542354 0.3895146 0.9542354 0.5 1 0.5 1 0.6104854 0.9542354 0.5 1 0.6104854 0.9542354 0.65625 0.84375 0.6104854 0.9542354 0.65625 0.84375 0.5 0.6875 0.6104854 0.7332646 0.5 0.6875 0.5 0.6875 0.3895146 0.7332646 0.3895146 0.7332646 0.3895146 0.7332646 0.34375 0.84375 0.34375 0.84375 0.34375 0.84375 0.3895146 0.9542354 0.3895146 0.9542354 0.3895146 0.9542354 0.5 1 0.5 1 0.6104854 0.9542354 0.5 1 0.6104854 0.9542354 0.65625 0.84375 0.6104854 0.9542354 0.65625 0.84375 0.6104854 0.7332646 0.65625 0.84375 0.6104854 0.7332646 0.375 0.3125 0.40625 0.6884399 0.375 0.6884399 0.4375 0.3125 0.40625 0.6884399 0.40625 0.3125 0.4375 0.3125 0.46875 0.6884399 0.4375 0.6884399 0.46875 0.3125 0.5 0.6884399 0.46875 0.6884399 0.5 0.3125 0.53125 0.6884399 0.5 0.6884399 0.5625 0.3125 0.53125 0.6884399 0.53125 0.3125 0.59375 0.3125 0.5625 0.6884399 0.5625 0.3125 0.625 0.3125 0.59375 0.6884399 0.59375 0.3125 0.5 0 0.65625 0.15625 0.34375 0.15625 0.65625 0.84375 0.5 1 0.34375 0.84375 0.5 1 0.6104854 0.9542354 0.6104854 0.9542354 0.5 1 0.3895146 0.9542354 0.5 1 0.3895146 0.9542354 0.34375 0.84375 0.3895146 0.9542354 0.34375 0.84375 0.3895146 0.7332646 0.34375 0.84375 0.3895146 0.7332646 0.5 0.6875 0.3895146 0.7332646 0.6104854 0.7332646 0.5 0.6875 0.5 0.6875 0.65625 0.84375 0.6104854 0.7332646 0.6104854 0.7332646 0.6104854 0.9542354 0.65625 0.84375 0.65625 0.84375 0.5 1 0.6104854 0.9542354 0.6104854 0.9542354 0.5 1 0.3895146 0.9542354 0.5 1 0.3895146 0.9542354 0.34375 0.84375 0.3895146 0.9542354 0.34375 0.84375 0.3895146 0.7332646 0.34375 0.84375 0.3895146 0.7332646 0.5 0.6875 0.3895146 0.7332646 0.6104854 0.7332646 0.5 0.6875 0.5 0.6875 0.65625 0.84375 0.6104854 0.7332646 0.6104854 0.7332646 0.6104854 0.9542354 0.65625 0.84375 0.65625 0.84375 0.5 1 0.6104854 0.9542354 0.6104854 0.9542354 0.5 1 0.3895146 0.9542354 0.5 1 0.34375 0.84375 0.3895146 0.9542354 0.3895146 0.9542354 0.3895146 0.7332646 0.34375 0.84375 0.34375 0.84375 0.5 0.6875 0.3895146 0.7332646 0.3895146 0.7332646 0.5 0.6875 0.6104854 0.7332646 0.5 0.6875 0.6104854 0.7332646 0.65625 0.84375 0.6104854 0.7332646 0.6104854 0.9542354 0.65625 0.84375 0.65625 0.84375 0.6104854 0.7332646 0.65625 0.84375 0.6104854 0.7332646 0.5 0.6875 0.6104854 0.7332646 0.5 0.6875 0.5 0.6875 0.3895146 0.7332646 0.3895146 0.7332646 0.3895146 0.7332646 0.34375 0.84375 0.34375 0.84375 0.34375 0.84375 0.3895146 0.9542354 0.3895146 0.9542354 0.3895146 0.9542354 0.5 1 0.5 1 0.6104854 0.9542354 0.5 1 0.6104854 0.9542354 0.65625 0.84375 0.6104854 0.9542354 0.65625 0.84375 0.6104854 0.7332646 0.5 0.6875 0.5 0.6875 0.3895146 0.7332646 0.5 0.6875 0.3895146 0.7332646 0.34375 0.84375 0.3895146 0.7332646 0.34375 0.84375 0.3895146 0.9542354 0.34375 0.84375 0.3895146 0.9542354 0.5 1 0.3895146 0.9542354 0.5 1 0.5 1 0.6104854 0.9542354 0.6104854 0.9542354 0.6104854 0.9542354 0.65625 0.84375 0.65625 0.84375 0.65625 0.84375 0.6104854 0.7332646 0.6104854 0.7332646 0.6104854 0.7332646 0.65625 0.84375 0.6104854 0.7332646 0.5 0.6875 0.6104854 0.7332646 0.5 0.6875 0.5 0.6875 0.3895146 0.7332646 0.3895146 0.7332646 0.3895146 0.7332646 0.34375 0.84375 0.34375 0.84375 0.34375 0.84375 0.3895146 0.9542354 0.3895146 0.9542354 0.5 1 0.3895146 0.9542354 0.5 1 0.5 1 0.6104854 0.9542354 0.6104854 0.9542354 0.65625 0.84375 0.6104854 0.9542354 0.65625 0.84375 0.40625 0.3125 0.375 0.3398284 0.375 0.3125 0.4375 0.3125 0.40625 0.3398284 0.40625 0.3125 0.4375 0.3125 0.46875 0.3398284 0.4375 0.3398284 0.46875 0.3125 0.5 0.3398284 0.46875 0.3398284 0.5 0.3125 0.53125 0.3398284 0.5 0.3398284 0.53125 0.3125 0.5625 0.3398284 0.53125 0.3398284 0.59375 0.3125 0.5625 0.3398284 0.5625 0.3125 0.625 0.3125 0.59375 0.3398284 0.59375 0.3125 0.5 0 0.6104854 0.04576456 0.5 0.15 0.3895146 0.04576456 0.5 0 0.5 0.15 0.34375 0.15625 0.3895146 0.04576456 0.5 0.15 0.3895146 0.2667354 0.34375 0.15625 0.5 0.15 0.5 0.3125 0.3895146 0.2667354 0.5 0.15 0.6104854 0.2667354 0.5 0.3125 0.5 0.15 0.65625 0.15625 0.6104854 0.2667354 0.5 0.15 0.6104854 0.04576456 0.65625 0.15625 0.5 0.15 0.6104854 0.9542354 0.5 1 0.5 0.8375 0.5 1 0.3895146 0.9542354 0.5 0.8375 0.3895146 0.9542354 0.34375 0.84375 0.5 0.8375 0.34375 0.84375 0.3895146 0.7332646 0.5 0.8375 0.3895146 0.7332646 0.5 0.6875 0.5 0.8375 0.5 0.6875 0.6104854 0.7332646 0.5 0.8375 0.6104854 0.7332646 0.65625 0.84375 0.5 0.8375 0.65625 0.84375 0.6104854 0.9542354 0.5 0.8375 0.5 1 0.6104854 0.9542354 0.6104854 0.9542354 0.5 1 0.3895146 0.9542354 0.5 1 0.3895146 0.9542354 0.34375 0.84375 0.3895146 0.9542354 0.34375 0.84375 0.3895146 0.7332646 0.34375 0.84375 0.3895146 0.7332646 0.5 0.6875 0.3895146 0.7332646 0.6104854 0.7332646 0.5 0.6875 0.5 0.6875 0.65625 0.84375 0.6104854 0.7332646 0.6104854 0.7332646 0.6104854 0.9542354 0.65625 0.84375 0.65625 0.84375 0.59375 0.4382487 0.5625 0.5637217 0.5625 0.4382487 0.5625 0.4382487 0.53125 0.5637217 0.53125 0.4382487 0.5 0.4382487 0.53125 0.5637217 0.5 0.5637217 0.46875 0.4382487 0.5 0.5637217 0.46875 0.5637217 0.4375 0.4382487 0.46875 0.5637217 0.4375 0.5637217 0.40625 0.4382487 0.4375 0.5637217 0.40625 0.5637217 0.40625 0.4382487 0.375 0.5637217 0.375 0.4382487 0.625 0.4382487 0.59375 0.5637217 0.59375 0.4382487 0.5625 0.5637217 0.59375 0.6884399 0.5625 0.6884399 0.53125 0.5637217 0.5625 0.6884399 0.53125 0.6884399 0.5 0.5637217 0.53125 0.6884399 0.5 0.6884399 0.46875 0.5637217 0.5 0.6884399 0.46875 0.6884399 0.46875 0.5637217 0.4375 0.6884399 0.4375 0.5637217 0.4375 0.5637217 0.40625 0.6884399 0.40625 0.5637217 0.40625 0.5637217 0.375 0.6884399 0.375 0.5637217 0.625 0.5637217 0.59375 0.6884399 0.59375 0.5637217 0.3895146 0.7332646 0.34375 0.84375 0.34375 0.84375 0.34375 0.84375 0.3895146 0.9542354 0.3895146 0.9542354 0.3895146 0.9542354 0.5 1 0.5 1 0.5 1 0.6104854 0.9542354 0.6104854 0.9542354 0.65625 0.84375 0.6104854 0.9542354 0.65625 0.84375 0.6104854 0.7332646 0.65625 0.84375 0.6104854 0.7332646 0.5 0.6875 0.6104854 0.7332646 0.5 0.6875 0.3895146 0.7332646 0.5 0.6875 0.3895146 0.7332646 0.40625 0.3125 0.375 0.6884399 0.375 0.3125 0.40625 0.3125 0.4375 0.6884399 0.40625 0.6884399 0.4375 0.3125 0.46875 0.6884399 0.4375 0.6884399 0.5 0.3125 0.46875 0.6884399 0.46875 0.3125 0.5 0.3125 0.53125 0.6884399 0.5 0.6884399 0.53125 0.3125 0.5625 0.6884399 0.53125 0.6884399 0.59375 0.3125 0.5625 0.6884399 0.5625 0.3125 0.59375 0.3125 0.625 0.6884399 0.59375 0.6884399 0.34375 0.15625 0.3895146 0.04576456 0.5 0 0.5 1 0.34375 0.84375 0.5 0.6875 0.6104854 0.9542354 0.5 1 0.6104854 0.9542354 0.3895146 0.9542354 0.5 1 0.5 1 0.34375 0.84375 0.3895146 0.9542354 0.3895146 0.9542354 0.3895146 0.7332646 0.34375 0.84375 0.34375 0.84375 0.5 0.6875 0.3895146 0.7332646 0.3895146 0.7332646 0.5 0.6875 0.6104854 0.7332646 0.5 0.6875 0.6104854 0.7332646 0.65625 0.84375 0.6104854 0.7332646 0.65625 0.84375 0.6104854 0.9542354 0.65625 0.84375 0.5 1 0.6104854 0.9542354 0.6104854 0.9542354 0.5 1 0.3895146 0.9542354 0.5 1 0.3895146 0.9542354 0.34375 0.84375 0.3895146 0.9542354 0.34375 0.84375 0.3895146 0.7332646 0.34375 0.84375 0.3895146 0.7332646 0.5 0.6875 0.3895146 0.7332646 0.6104854 0.7332646 0.5 0.6875 0.5 0.6875 0.65625 0.84375 0.6104854 0.7332646 0.6104854 0.7332646 0.6104854 0.9542354 0.65625 0.84375 0.65625 0.84375 0.6104854 0.7332646 0.65625 0.84375 0.6104854 0.7332646 0.5 0.6875 0.6104854 0.7332646 0.5 0.6875 0.5 0.6875 0.3895146 0.7332646 0.3895146 0.7332646 0.3895146 0.7332646 0.34375 0.84375 0.34375 0.84375 0.34375 0.84375 0.3895146 0.9542354 0.3895146 0.9542354 0.3895146 0.9542354 0.5 1 0.5 1 0.6104854 0.9542354 0.5 1 0.6104854 0.9542354 0.65625 0.84375 0.6104854 0.9542354 0.65625 0.84375 0.65625 0.84375 0.6104854 0.7332646 0.6104854 0.7332646 0.6104854 0.7332646 0.5 0.6875 0.5 0.6875 0.3895146 0.7332646 0.5 0.6875 0.3895146 0.7332646 0.34375 0.84375 0.3895146 0.7332646 0.34375 0.84375 0.3895146 0.9542354 0.34375 0.84375 0.3895146 0.9542354 0.5 1 0.3895146 0.9542354 0.5 1 0.5 1 0.6104854 0.9542354 0.6104854 0.9542354 0.6104854 0.9542354 0.65625 0.84375 0.65625 0.84375 0.375 0.3125 0.40625 0.6884399 0.375 0.6884399 0.4375 0.3125 0.40625 0.6884399 0.40625 0.3125 0.4375 0.3125 0.46875 0.6884399 0.4375 0.6884399 0.5 0.3125 0.46875 0.6884399 0.46875 0.3125 0.5 0.3125 0.53125 0.6884399 0.5 0.6884399 0.5625 0.3125 0.53125 0.6884399 0.53125 0.3125 0.5625 0.3125 0.59375 0.6884399 0.5625 0.6884399 0.625 0.3125 0.59375 0.6884399 0.59375 0.3125 0.5 0 0.65625 0.15625 0.34375 0.15625 0.5 1 0.34375 0.84375 0.5 0.6875 0.5 1 0.6104854 0.9542354 0.6104854 0.9542354 0.5 1 0.3895146 0.9542354 0.5 1 0.3895146 0.9542354 0.34375 0.84375 0.3895146 0.9542354 0.34375 0.84375 0.3895146 0.7332646 0.34375 0.84375 0.3895146 0.7332646 0.5 0.6875 0.3895146 0.7332646 0.6104854 0.7332646 0.5 0.6875 0.5 0.6875 0.65625 0.84375 0.6104854 0.7332646 0.6104854 0.7332646 0.6104854 0.9542354 0.65625 0.84375 0.65625 0.84375 0.6104854 0.9542354 0.5 1 0.6104854 0.9542354 0.3895146 0.9542354 0.5 1 0.5 1 0.34375 0.84375 0.3895146 0.9542354 0.3895146 0.9542354 0.3895146 0.7332646 0.34375 0.84375 0.34375 0.84375 0.5 0.6875 0.3895146 0.7332646 0.3895146 0.7332646 0.5 0.6875 0.6104854 0.7332646 0.5 0.6875 0.6104854 0.7332646 0.65625 0.84375 0.6104854 0.7332646 0.65625 0.84375 0.6104854 0.9542354 0.65625 0.84375 0.6104854 0.9542354 0.5 1 0.6104854 0.9542354 0.3895146 0.9542354 0.5 1 0.5 1 0.34375 0.84375 0.3895146 0.9542354 0.3895146 0.9542354 0.3895146 0.7332646 0.34375 0.84375 0.34375 0.84375 0.5 0.6875 0.3895146 0.7332646 0.3895146 0.7332646 0.5 0.6875 0.6104854 0.7332646 0.5 0.6875 0.6104854 0.7332646 0.65625 0.84375 0.6104854 0.7332646 0.65625 0.84375 0.6104854 0.9542354 0.65625 0.84375 0.65625 0.84375 0.6104854 0.7332646 0.6104854 0.7332646 0.6104854 0.7332646 0.5 0.6875 0.5 0.6875 0.3895146 0.7332646 0.5 0.6875 0.3895146 0.7332646 0.34375 0.84375 0.3895146 0.7332646 0.34375 0.84375 0.3895146 0.9542354 0.34375 0.84375 0.3895146 0.9542354 0.5 1 0.3895146 0.9542354 0.5 1 0.5 1 0.6104854 0.9542354 0.6104854 0.9542354 0.6104854 0.9542354 0.65625 0.84375 0.65625 0.84375 0.5 0.3125 0.5 0.6884399 0.5 0.6884399 0.5625 0.3125 0.5625 0.6884399 0.5625 0.3125 0.65625 0.15625 0.6104854 0.04576456 0.6104854 0.04576456 0.6104854 0.2667354 0.65625 0.15625 0.65625 0.15625 0.3895146 0.2667354 0.34375 0.15625 0.3895146 0.2667354 0.3895146 0.04576456 0.34375 0.15625 0.34375 0.15625 0.5 0 0.3895146 0.04576456 0.3895146 0.04576456 0.5 0 0.6104854 0.04576456 0.5 0 0.5 1 0.6104854 0.9542354 0.6104854 0.9542354 0.5 1 0.3895146 0.9542354 0.5 1 0.3895146 0.9542354 0.34375 0.84375 0.3895146 0.9542354 0.34375 0.84375 0.3895146 0.7332646 0.34375 0.84375 0.65625 0.84375 0.6104854 0.7332646 0.6104854 0.7332646 0.6104854 0.9542354 0.65625 0.84375 0.65625 0.84375 0.3895146 0.7332646 0.3895146 0.7332646 0.3895146 0.7332646 0.6104854 0.7332646 0.6104854 0.7332646 0.6104854 0.7332646 0.3895146 0.7332646 0.3895146 0.7332646 0.3895146 0.7332646 0.6104854 0.7332646 0.6104854 0.7332646 0.6104854 0.7332646 0.3895146 0.7332646 0.3895146 0.7332646 0.3895146 0.7332646 0.6104854 0.7332646 0.6104854 0.7332646 0.6104854 0.7332646 0.6104854 0.7332646 0.6104854 0.7332646 0.6104854 0.7332646 0.3895146 0.7332646 0.3895146 0.7332646 0.3895146 0.7332646 0.6104854 0.7332646 0.6104854 0.7332646 0.6104854 0.7332646 0.3895146 0.7332646 0.3895146 0.7332646 0.3895146 0.7332646 0.6104854 0.7332646 0.6104854 0.7332646 0.6104854 0.7332646 0.3895146 0.7332646 0.3895146 0.7332646 0.3895146 0.7332646 0.375 0.3125 0.375 0.6884399 0.375 0.6884399 0.4375 0.3125 0.4375 0.6884399 0.4375 0.3125 0.6104854 0.04576456 0.65625 0.15625 0.6104854 0.04576456 0.65625 0.15625 0.6104854 0.2667354 0.65625 0.15625 0.6104854 0.2667354 0.5 0.3125 0.6104854 0.2667354 0.3895146 0.2667354 0.5 0.3125 0.5 0.3125 0.34375 0.15625 0.3895146 0.2667354 0.3895146 0.2667354 0.3895146 0.04576456 0.34375 0.15625 0.34375 0.15625 0.34375 0.84375 0.3895146 0.9542354 0.3895146 0.9542354 0.34375 0.84375 0.3895146 0.7332646 0.34375 0.84375 0.5 0.6875 0.3895146 0.7332646 0.3895146 0.7332646 0.5 0.6875 0.6104854 0.7332646 0.5 0.6875 0.65625 0.84375 0.6104854 0.7332646 0.6104854 0.7332646 0.65625 0.84375 0.6104854 0.9542354 0.65625 0.84375 0.6104854 0.9542354 0.6104854 0.9542354 0.6104854 0.9542354 0.3895146 0.9542354 0.3895146 0.9542354 0.3895146 0.9542354 0.6104854 0.9542354 0.6104854 0.9542354 0.6104854 0.9542354 0.3895146 0.9542354 0.3895146 0.9542354 0.3895146 0.9542354 0.3895146 0.9542354 0.3895146 0.9542354 0.3895146 0.9542354 0.6104854 0.9542354 0.6104854 0.9542354 0.6104854 0.9542354 0.3895146 0.9542354 0.3895146 0.9542354 0.3895146 0.9542354 0.6104854 0.9542354 0.6104854 0.9542354 0.6104854 0.9542354 0.5 0.3125 0.5 0.6884399 0.5 0.6884399 0.5625 0.3125 0.5625 0.6884399 0.5625 0.3125 0.6104854 0.04576456 0.65625 0.15625 0.6104854 0.04576456 0.6104854 0.2667354 0.65625 0.15625 0.65625 0.15625 0.3895146 0.2667354 0.34375 0.15625 0.3895146 0.2667354 0.3895146 0.04576456 0.34375 0.15625 0.34375 0.15625 0.5 0 0.3895146 0.04576456 0.3895146 0.04576456 0.5 0 0.6104854 0.04576456 0.5 0 0.3895146 0.7332646 0.3895146 0.7332646 0.3895146 0.7332646 0.6104854 0.7332646 0.6104854 0.7332646 0.6104854 0.7332646 0.3895146 0.7332646 0.3895146 0.7332646 0.3895146 0.7332646 0.6104854 0.7332646 0.6104854 0.7332646 0.6104854 0.7332646 0.6104854 0.7332646 0.6104854 0.7332646 0.6104854 0.7332646 0.3895146 0.7332646 0.3895146 0.7332646 0.3895146 0.7332646 0.6104854 0.7332646 0.6104854 0.7332646 0.6104854 0.7332646 0.5 0.6875 0.6104854 0.7332646 0.6104854 0.7332646 0.5 0.6875 0.3895146 0.7332646 0.5 0.6875 0.3895146 0.7332646 0.3895146 0.7332646 0.3895146 0.7332646 0.6104854 0.7332646 0.6104854 0.7332646 0.6104854 0.7332646 0.3895146 0.7332646 0.3895146 0.7332646 0.3895146 0.7332646 0.5 0.3125 0.5 0.6884399 0.5 0.6884399 0.5625 0.3125 0.5625 0.6884399 0.5625 0.3125 0.6104854 0.04576456 0.65625 0.15625 0.6104854 0.04576456 0.6104854 0.2667354 0.65625 0.15625 0.65625 0.15625 0.3895146 0.2667354 0.34375 0.15625 0.3895146 0.2667354 0.3895146 0.04576456 0.34375 0.15625 0.34375 0.15625 0.5 0 0.3895146 0.04576456 0.3895146 0.04576456 0.5 0 0.6104854 0.04576456 0.5 0 0.3895146 0.7332646 0.3895146 0.7332646 0.3895146 0.7332646 0.6104854 0.7332646 0.6104854 0.7332646 0.6104854 0.7332646 0.3895146 0.7332646 0.3895146 0.7332646 0.3895146 0.7332646 0.6104854 0.7332646 0.6104854 0.7332646 0.6104854 0.7332646 0.6104854 0.7332646 0.6104854 0.7332646 0.6104854 0.7332646 0.3895146 0.7332646 0.3895146 0.7332646 0.3895146 0.7332646 0.6104854 0.7332646 0.6104854 0.7332646 0.6104854 0.7332646 0.5 0.6875 0.6104854 0.7332646 0.6104854 0.7332646 0.5 0.6875 0.3895146 0.7332646 0.5 0.6875 0.3895146 0.7332646 0.3895146 0.7332646 0.3895146 0.7332646 0.6104854 0.7332646 0.6104854 0.7332646 0.6104854 0.7332646 0.3895146 0.7332646 0.3895146 0.7332646 0.3895146 0.7332646 0.4375 0.3125 0.4375 0.6884399 0.4375 0.3125 0.40625 0.3125 0.40625 0.6884399 0.40625 0.6884399 0.65625 0.15625 0.6104854 0.04576456 0.6104854 0.04576456 0.6104854 0.2667354 0.65625 0.15625 0.65625 0.15625 0.5 0.3125 0.6104854 0.2667354 0.6104854 0.2667354 0.5 0.3125 0.3895146 0.2667354 0.5 0.3125 0.3895146 0.2667354 0.34375 0.15625 0.3895146 0.2667354 0.3895146 0.04576456 0.34375 0.15625 0.34375 0.15625 0.5 0 0.6104854 0.04576456 0.5 0 0.5 1 0.6104854 0.9542354 0.6104854 0.9542354 0.6104854 0.9542354 0.6104854 0.9542354 0.6104854 0.9542354 0.3895146 0.9542354 0.3895146 0.9542354 0.3895146 0.9542354 0.6104854 0.9542354 0.6104854 0.9542354 0.6104854 0.9542354 0.3895146 0.9542354 0.3895146 0.9542354 0.3895146 0.9542354 0.3895146 0.9542354 0.3895146 0.9542354 0.3895146 0.9542354 0.5 1 0.3895146 0.9542354 0.3895146 0.9542354 0.5 1 0.6104854 0.9542354 0.5 1 0.6104854 0.9542354 0.6104854 0.9542354 0.6104854 0.9542354 0.3895146 0.9542354 0.3895146 0.9542354 0.3895146 0.9542354 0.6104854 0.9542354 0.6104854 0.9542354 0.6104854 0.9542354 0.375 0.3125 0.375 0.6884399 0.375 0.6884399 0.4375 0.3125 0.4375 0.6884399 0.4375 0.3125 0.6104854 0.04576456 0.65625 0.15625 0.6104854 0.04576456 0.65625 0.15625 0.6104854 0.2667354 0.65625 0.15625 0.6104854 0.2667354 0.5 0.3125 0.6104854 0.2667354 0.3895146 0.2667354 0.5 0.3125 0.5 0.3125 0.34375 0.15625 0.3895146 0.2667354 0.3895146 0.2667354 0.3895146 0.04576456 0.34375 0.15625 0.34375 0.15625 0.6104854 0.9542354 0.6104854 0.9542354 0.6104854 0.9542354 0.3895146 0.9542354 0.3895146 0.9542354 0.3895146 0.9542354 0.6104854 0.9542354 0.6104854 0.9542354 0.6104854 0.9542354 0.3895146 0.9542354 0.3895146 0.9542354 0.3895146 0.9542354 0.5 1 0.6104854 0.9542354 0.5 1 0.6104854 0.9542354 0.6104854 0.9542354 0.6104854 0.9542354 0.3895146 0.9542354 0.3895146 0.9542354 0.3895146 0.9542354 0.5 1 0.3895146 0.9542354 0.3895146 0.9542354 0.40625 0.3125 0.40625 0.6884399 0.40625 0.6884399 0.46875 0.3125 0.46875 0.6884399 0.46875 0.3125 0.6104854 0.04576456 0.65625 0.15625 0.6104854 0.04576456 0.65625 0.15625 0.6104854 0.2667354 0.65625 0.15625 0.6104854 0.2667354 0.5 0.3125 0.6104854 0.2667354 0.3895146 0.2667354 0.5 0.3125 0.5 0.3125 0.34375 0.15625 0.3895146 0.2667354 0.3895146 0.2667354 0.5 0 0.6104854 0.04576456 0.5 0 0.5 1 0.5 1 0.5 1 0.34375 0.84375 0.34375 0.84375 0.34375 0.84375 0.5 1 0.5 1 0.5 1 0.34375 0.84375 0.34375 0.84375 0.34375 0.84375 0.3895146 0.9542354 0.5 1 0.3895146 0.9542354 0.5 1 0.5 1 0.5 1 0.34375 0.84375 0.34375 0.84375 0.34375 0.84375 0.3895146 0.9542354 0.34375 0.84375 0.34375 0.84375 0.5 0.3125 0.5 0.6884399 0.5 0.6884399 0.5625 0.3125 0.5625 0.6884399 0.5625 0.3125 0.6104854 0.04576456 0.65625 0.15625 0.6104854 0.04576456 0.6104854 0.2667354 0.65625 0.15625 0.65625 0.15625 0.3895146 0.2667354 0.34375 0.15625 0.3895146 0.2667354 0.34375 0.15625 0.3895146 0.04576456 0.34375 0.15625 0.3895146 0.04576456 0.5 0 0.3895146 0.04576456 0.6104854 0.04576456 0.5 0 0.5 0 0.5 1 0.6104854 0.9542354 0.6104854 0.9542354 0.3895146 0.9542354 0.5 1 0.5 1 0.3895146 0.9542354 0.34375 0.84375 0.3895146 0.9542354 0.34375 0.84375 0.3895146 0.7332646 0.34375 0.84375 0.65625 0.84375 0.6104854 0.7332646 0.6104854 0.7332646 0.65625 0.84375 0.6104854 0.9542354 0.65625 0.84375 0.3895146 0.7332646 0.3895146 0.7332646 0.3895146 0.7332646 0.6104854 0.7332646 0.6104854 0.7332646 0.6104854 0.7332646 0.3895146 0.7332646 0.3895146 0.7332646 0.3895146 0.7332646 0.6104854 0.7332646 0.6104854 0.7332646 0.6104854 0.7332646 0.3895146 0.7332646 0.3895146 0.7332646 0.3895146 0.7332646 0.6104854 0.7332646 0.6104854 0.7332646 0.6104854 0.7332646 0.6104854 0.7332646 0.6104854 0.7332646 0.6104854 0.7332646 0.3895146 0.7332646 0.3895146 0.7332646 0.3895146 0.7332646 0.53125 0.3125 0.53125 0.6884399 0.53125 0.6884399 0.59375 0.3125 0.59375 0.6884399 0.59375 0.3125 0.65625 0.15625 0.6104854 0.04576456 0.6104854 0.04576456 0.5 0.3125 0.3895146 0.2667354 0.5 0.3125 0.3895146 0.2667354 0.34375 0.15625 0.3895146 0.2667354 0.34375 0.15625 0.3895146 0.04576456 0.34375 0.15625 0.3895146 0.04576456 0.5 0 0.3895146 0.04576456 0.6104854 0.04576456 0.5 0 0.5 0 0.5 0.6875 0.5 0.6875 0.5 0.6875 0.65625 0.84375 0.65625 0.84375 0.65625 0.84375 0.5 0.6875 0.5 0.6875 0.5 0.6875 0.65625 0.84375 0.65625 0.84375 0.65625 0.84375 0.6104854 0.7332646 0.5 0.6875 0.6104854 0.7332646 0.5 0.6875 0.5 0.6875 0.5 0.6875 0.65625 0.84375 0.65625 0.84375 0.65625 0.84375 0.6104854 0.7332646 0.65625 0.84375 0.65625 0.84375 0.65625 0.84375 0.65625 0.84375 0.65625 0.84375 0.5 0.6875 0.5 0.6875 0.5 0.6875 0.5 1 0.3895146 0.9542354 0.5 1 0.3895146 0.9542354 0.3895146 0.9542354 0.3895146 0.9542354 0.5 1 0.3895146 0.9542354 0.3895146 0.9542354 0.5 1 0.6104854 0.9542354 0.6104854 0.9542354 0.5 1 0.6104854 0.9542354 0.5 1 0.6104854 0.9542354 0.6104854 0.9542354 0.6104854 0.9542354 0.53125 0.3125 0.53125 0.6884399 0.53125 0.6884399 0.59375 0.3125 0.59375 0.6884399 0.59375 0.3125 0.65625 0.15625 0.6104854 0.04576456 0.6104854 0.04576456 0.5 0.3125 0.3895146 0.2667354 0.5 0.3125 0.3895146 0.2667354 0.34375 0.15625 0.3895146 0.2667354 0.34375 0.15625 0.3895146 0.04576456 0.34375 0.15625 0.5 0 0.3895146 0.04576456 0.3895146 0.04576456 0.5 0 0.6104854 0.04576456 0.5 0 0.5 0.6875 0.5 0.6875 0.5 0.6875 0.65625 0.84375 0.65625 0.84375 0.65625 0.84375 0.5 0.6875 0.5 0.6875 0.5 0.6875 0.65625 0.84375 0.65625 0.84375 0.65625 0.84375 0.6104854 0.7332646 0.5 0.6875 0.6104854 0.7332646 0.5 0.6875 0.5 0.6875 0.5 0.6875 0.65625 0.84375 0.65625 0.84375 0.65625 0.84375 0.6104854 0.7332646 0.65625 0.84375 0.65625 0.84375 0.65625 0.84375 0.65625 0.84375 0.65625 0.84375 0.5 0.6875 0.5 0.6875 0.5 0.6875 0.5 0.6875 0.5 0.6875 0.5 0.6875 0.65625 0.84375 0.65625 0.84375 0.65625 0.84375 0.65625 0.84375 0.65625 0.84375 0.65625 0.84375 0.5 0.6875 0.5 0.6875 0.5 0.6875 0.375 0.3125 0.375 0.6884399 0.375 0.6884399 0.4375 0.3125 0.4375 0.6884399 0.4375 0.3125 0.6104854 0.04576456 0.65625 0.15625 0.6104854 0.04576456 0.65625 0.15625 0.6104854 0.2667354 0.65625 0.15625 0.6104854 0.2667354 0.5 0.3125 0.6104854 0.2667354 0.5 0.3125 0.3895146 0.2667354 0.5 0.3125 0.34375 0.15625 0.3895146 0.2667354 0.3895146 0.2667354 0.3895146 0.04576456 0.34375 0.15625 0.34375 0.15625 0.6104854 0.9542354 0.6104854 0.9542354 0.6104854 0.9542354 0.3895146 0.9542354 0.3895146 0.9542354 0.3895146 0.9542354 0.6104854 0.9542354 0.6104854 0.9542354 0.6104854 0.9542354 0.3895146 0.9542354 0.3895146 0.9542354 0.3895146 0.9542354 0.3895146 0.9542354 0.3895146 0.9542354 0.3895146 0.9542354 0.6104854 0.9542354 0.6104854 0.9542354 0.6104854 0.9542354 0.3895146 0.9542354 0.3895146 0.9542354 0.3895146 0.9542354 0.3895146 0.9542354 0.5 1 0.3895146 0.9542354 0.5 1 0.6104854 0.9542354 0.5 1 0.6104854 0.9542354 0.6104854 0.9542354 0.6104854 0.9542354 0.3895146 0.9542354 0.3895146 0.9542354 0.3895146 0.9542354 0.6104854 0.9542354 0.6104854 0.9542354 0.6104854 0.9542354 0.5 0.3125 0.5 0.6884399 0.5 0.6884399 0.5625 0.3125 0.5625 0.6884399 0.5625 0.3125 0.65625 0.15625 0.6104854 0.04576456 0.6104854 0.04576456 0.6104854 0.2667354 0.65625 0.15625 0.65625 0.15625 0.3895146 0.2667354 0.34375 0.15625 0.3895146 0.2667354 0.3895146 0.04576456 0.34375 0.15625 0.34375 0.15625 0.5 0 0.3895146 0.04576456 0.3895146 0.04576456 0.6104854 0.04576456 0.5 0 0.5 0 0.5 1 0.6104854 0.9542354 0.6104854 0.9542354 0.3895146 0.9542354 0.5 1 0.5 1 0.34375 0.84375 0.3895146 0.9542354 0.3895146 0.9542354 0.34375 0.84375 0.3895146 0.7332646 0.34375 0.84375 0.65625 0.84375 0.6104854 0.7332646 0.6104854 0.7332646 0.65625 0.84375 0.6104854 0.9542354 0.65625 0.84375 0.3895146 0.7332646 0.3895146 0.7332646 0.3895146 0.7332646 0.6104854 0.7332646 0.6104854 0.7332646 0.6104854 0.7332646 0.3895146 0.7332646 0.3895146 0.7332646 0.3895146 0.7332646 0.6104854 0.7332646 0.6104854 0.7332646 0.6104854 0.7332646 0.3895146 0.7332646 0.3895146 0.7332646 0.3895146 0.7332646 0.6104854 0.7332646 0.6104854 0.7332646 0.6104854 0.7332646 0.6104854 0.7332646 0.6104854 0.7332646 0.6104854 0.7332646 0.3895146 0.7332646 0.3895146 0.7332646 0.3895146 0.7332646 0.5 0.3125 0.5 0.6884399 0.5 0.6884399 0.5625 0.3125 0.5625 0.6884399 0.5625 0.3125 0.65625 0.15625 0.6104854 0.04576456 0.6104854 0.04576456 0.6104854 0.2667354 0.65625 0.15625 0.65625 0.15625 0.3895146 0.2667354 0.34375 0.15625 0.3895146 0.2667354 0.34375 0.15625 0.3895146 0.04576456 0.34375 0.15625 0.3895146 0.04576456 0.5 0 0.3895146 0.04576456 0.5 0 0.6104854 0.04576456 0.5 0 0.3895146 0.7332646 0.3895146 0.7332646 0.3895146 0.7332646 0.6104854 0.7332646 0.6104854 0.7332646 0.6104854 0.7332646 0.3895146 0.7332646 0.3895146 0.7332646 0.3895146 0.7332646 0.6104854 0.7332646 0.6104854 0.7332646 0.6104854 0.7332646 0.5 0.6875 0.3895146 0.7332646 0.5 0.6875 0.3895146 0.7332646 0.3895146 0.7332646 0.3895146 0.7332646 0.6104854 0.7332646 0.6104854 0.7332646 0.6104854 0.7332646 0.5 0.6875 0.6104854 0.7332646 0.6104854 0.7332646 0.6104854 0.7332646 0.6104854 0.7332646 0.6104854 0.7332646 0.3895146 0.7332646 0.3895146 0.7332646 0.3895146 0.7332646 0.40625 0.3125 0.40625 0.6884399 0.40625 0.6884399 0.46875 0.3125 0.46875 0.6884399 0.46875 0.3125 0.65625 0.15625 0.6104854 0.04576456 0.6104854 0.04576456 0.6104854 0.2667354 0.65625 0.15625 0.65625 0.15625 0.6104854 0.2667354 0.5 0.3125 0.6104854 0.2667354 0.3895146 0.2667354 0.5 0.3125 0.5 0.3125 0.34375 0.15625 0.3895146 0.2667354 0.3895146 0.2667354 0.5 0 0.6104854 0.04576456 0.5 0 0.5 1 0.5 1 0.5 1 0.34375 0.84375 0.34375 0.84375 0.34375 0.84375 0.5 1 0.5 1 0.5 1 0.34375 0.84375 0.34375 0.84375 0.34375 0.84375 0.5 1 0.5 1 0.5 1 0.34375 0.84375 0.34375 0.84375 0.34375 0.84375 0.34375 0.84375 0.34375 0.84375 0.34375 0.84375 0.5 1 0.5 1 0.5 1 0.34375 0.84375 0.34375 0.84375 0.34375 0.84375 0.5 1 0.5 1 0.5 1 0.34375 0.84375 0.34375 0.84375 0.34375 0.84375 0.3895146 0.9542354 0.34375 0.84375 0.34375 0.84375 0.3895146 0.9542354 0.5 1 0.3895146 0.9542354 0.5 1 0.5 1 0.5 1 0.375 0.3125 0.375 0.6884399 0.375 0.6884399 0.4375 0.3125 0.4375 0.6884399 0.4375 0.3125 0.6104854 0.04576456 0.65625 0.15625 0.6104854 0.04576456 0.6104854 0.2667354 0.65625 0.15625 0.65625 0.15625 0.5 0.3125 0.6104854 0.2667354 0.6104854 0.2667354 0.5 0.3125 0.3895146 0.2667354 0.5 0.3125 0.3895146 0.2667354 0.34375 0.15625 0.3895146 0.2667354 0.3895146 0.04576456 0.34375 0.15625 0.34375 0.15625 0.6104854 0.9542354 0.6104854 0.9542354 0.6104854 0.9542354 0.3895146 0.9542354 0.3895146 0.9542354 0.3895146 0.9542354 0.6104854 0.9542354 0.6104854 0.9542354 0.6104854 0.9542354 0.3895146 0.9542354 0.3895146 0.9542354 0.3895146 0.9542354 0.6104854 0.9542354 0.6104854 0.9542354 0.6104854 0.9542354 0.3895146 0.9542354 0.3895146 0.9542354 0.3895146 0.9542354 0.3895146 0.9542354 0.3895146 0.9542354 0.3895146 0.9542354 0.6104854 0.9542354 0.6104854 0.9542354 0.6104854 0.9542354 0.3895146 0.9542354 0.3895146 0.9542354 0.3895146 0.9542354 0.6104854 0.9542354 0.6104854 0.9542354 0.6104854 0.9542354 0.3895146 0.9542354 0.3895146 0.9542354 0.3895146 0.9542354 0.5 1 0.3895146 0.9542354 0.3895146 0.9542354 0.5 1 0.6104854 0.9542354 0.5 1 0.6104854 0.9542354 0.6104854 0.9542354 0.6104854 0.9542354 0.4375 0.3398284 0.40625 0.4382487 0.40625 0.3398284 0.375 0.3398284 0.40625 0.4382487 0.375 0.4382487 0.59375 0.3398284 0.625 0.4382487 0.59375 0.4382487 0.5625 0.3398284 0.59375 0.4382487 0.5625 0.4382487 0.53125 0.3398284 0.5625 0.4382487 0.53125 0.4382487 0.5 0.3398284 0.53125 0.4382487 0.5 0.4382487 0.5 0.3398284 0.46875 0.4382487 0.46875 0.3398284 0.46875 0.3398284 0.4375 0.4382487 0.4375 0.3398284 0.6104854 0.04576456 0.5 0 0.5 0 0.5 0 0.3895146 0.04576456 0.3895146 0.04576456 0.3895146 0.04576456 0.34375 0.15625 0.34375 0.15625 0.34375 0.15625 0.3895146 0.2667354 0.3895146 0.2667354 0.3895146 0.2667354 0.5 0.3125 0.5 0.3125 0.5 0.3125 0.6104854 0.2667354 0.6104854 0.2667354 0.6104854 0.2667354 0.65625 0.15625 0.65625 0.15625 0.65625 0.15625 0.6104854 0.04576456 0.6104854 0.04576456 0.375 0.3125 0.40625 0.3125 0.40625 0.6884399 0.4375 0.3125 0.4375 0.6884399 0.40625 0.6884399 0.4375 0.3125 0.46875 0.3125 0.46875 0.6884399 0.5 0.3125 0.5 0.6884399 0.46875 0.6884399 0.5 0.3125 0.53125 0.3125 0.53125 0.6884399 0.53125 0.3125 0.5625 0.3125 0.5625 0.6884399 0.5625 0.3125 0.59375 0.3125 0.59375 0.6884399 0.59375 0.3125 0.625 0.3125 0.625 0.6884399 0.5 0 0.6104854 0.04576456 0.3895146 0.04576456 0.6104854 0.04576456 0.65625 0.15625 0.34375 0.15625 0.65625 0.15625 0.6104854 0.2667354 0.5 0.3125 0.5 0.3125 0.3895146 0.2667354 0.34375 0.15625 0.34375 0.15625 0.3895146 0.04576456 0.6104854 0.04576456 0.6104854 0.9542354 0.5 1 0.5 1 0.3895146 0.9542354 0.3895146 0.9542354 0.5 1 0.34375 0.84375 0.34375 0.84375 0.3895146 0.9542354 0.3895146 0.7332646 0.3895146 0.7332646 0.34375 0.84375 0.5 0.6875 0.5 0.6875 0.3895146 0.7332646 0.5 0.6875 0.6104854 0.7332646 0.6104854 0.7332646 0.6104854 0.7332646 0.65625 0.84375 0.65625 0.84375 0.65625 0.84375 0.6104854 0.9542354 0.6104854 0.9542354 0.5 1 0.5 1 0.6104854 0.9542354 0.3895146 0.9542354 0.3895146 0.9542354 0.5 1 0.34375 0.84375 0.34375 0.84375 0.3895146 0.9542354 0.34375 0.84375 0.3895146 0.7332646 0.3895146 0.7332646 0.3895146 0.7332646 0.5 0.6875 0.5 0.6875 0.5 0.6875 0.6104854 0.7332646 0.6104854 0.7332646 0.6104854 0.7332646 0.65625 0.84375 0.65625 0.84375 0.6104854 0.9542354 0.6104854 0.9542354 0.65625 0.84375 0.65625 0.84375 0.65625 0.84375 0.6104854 0.7332646 0.6104854 0.7332646 0.6104854 0.7332646 0.5 0.6875 0.3895146 0.7332646 0.5 0.6875 0.5 0.6875 0.34375 0.84375 0.3895146 0.7332646 0.3895146 0.7332646 0.3895146 0.9542354 0.34375 0.84375 0.34375 0.84375 0.5 1 0.3895146 0.9542354 0.3895146 0.9542354 0.5 1 0.5 1 0.6104854 0.9542354 0.6104854 0.9542354 0.6104854 0.9542354 0.65625 0.84375 0.65625 0.84375 0.65625 0.84375 0.6104854 0.7332646 0.6104854 0.7332646 0.6104854 0.7332646 0.5 0.6875 0.5 0.6875 0.5 0.6875 0.3895146 0.7332646 0.34375 0.84375 0.3895146 0.7332646 0.3895146 0.7332646 0.3895146 0.9542354 0.34375 0.84375 0.34375 0.84375 0.5 1 0.3895146 0.9542354 0.3895146 0.9542354 0.6104854 0.9542354 0.5 1 0.5 1 0.65625 0.84375 0.6104854 0.9542354 0.6104854 0.9542354 0.65625 0.84375 0.65625 0.84375 0.6104854 0.7332646 0.6104854 0.7332646 0.6104854 0.7332646 0.5 0.6875 0.5 0.6875 0.5 0.6875 0.3895146 0.7332646 0.34375 0.84375 0.3895146 0.7332646 0.3895146 0.7332646 0.3895146 0.9542354 0.34375 0.84375 0.34375 0.84375 0.5 1 0.3895146 0.9542354 0.3895146 0.9542354 0.6104854 0.9542354 0.5 1 0.5 1 0.6104854 0.9542354 0.6104854 0.9542354 0.65625 0.84375 0.6104854 0.9542354 0.5 1 0.3895146 0.9542354 0.3895146 0.9542354 0.34375 0.84375 0.6104854 0.9542354 0.34375 0.84375 0.3895146 0.7332646 0.6104854 0.9542354 0.3895146 0.7332646 0.5 0.6875 0.6104854 0.9542354 0.5 0.6875 0.6104854 0.7332646 0.6104854 0.9542354 0.40625 0.3125 0.40625 0.6884399 0.375 0.6884399 0.40625 0.3125 0.4375 0.3125 0.4375 0.6884399 0.46875 0.3125 0.46875 0.6884399 0.4375 0.6884399 0.5 0.3125 0.5 0.6884399 0.46875 0.6884399 0.53125 0.3125 0.53125 0.6884399 0.5 0.6884399 0.53125 0.3125 0.5625 0.3125 0.5625 0.6884399 0.59375 0.3125 0.59375 0.6884399 0.5625 0.6884399 0.59375 0.3125 0.625 0.3125 0.625 0.6884399 0.5 0 0.6104854 0.04576456 0.3895146 0.2667354 0.6104854 0.04576456 0.65625 0.15625 0.6104854 0.2667354 0.3895146 0.2667354 0.6104854 0.2667354 0.5 0.3125 0.6104854 0.04576456 0.6104854 0.2667354 0.3895146 0.2667354 0.3895146 0.2667354 0.34375 0.15625 0.5 0 0.65625 0.84375 0.6104854 0.9542354 0.34375 0.84375 0.6104854 0.9542354 0.5 1 0.34375 0.84375 0.5 1 0.3895146 0.9542354 0.34375 0.84375 0.34375 0.84375 0.3895146 0.7332646 0.65625 0.84375 0.3895146 0.7332646 0.5 0.6875 0.65625 0.84375 0.6104854 0.9542354 0.5 1 0.5 1 0.3895146 0.9542354 0.3895146 0.9542354 0.5 1 0.34375 0.84375 0.34375 0.84375 0.3895146 0.9542354 0.3895146 0.7332646 0.3895146 0.7332646 0.34375 0.84375 0.5 0.6875 0.5 0.6875 0.3895146 0.7332646 0.5 0.6875 0.6104854 0.7332646 0.6104854 0.7332646 0.6104854 0.7332646 0.65625 0.84375 0.65625 0.84375 0.65625 0.84375 0.6104854 0.9542354 0.6104854 0.9542354 0.5 1 0.5 1 0.6104854 0.9542354 0.5 1 0.3895146 0.9542354 0.3895146 0.9542354 0.3895146 0.9542354 0.34375 0.84375 0.34375 0.84375 0.34375 0.84375 0.3895146 0.7332646 0.3895146 0.7332646 0.3895146 0.7332646 0.5 0.6875 0.5 0.6875 0.6104854 0.7332646 0.6104854 0.7332646 0.5 0.6875 0.65625 0.84375 0.65625 0.84375 0.6104854 0.7332646 0.6104854 0.9542354 0.6104854 0.9542354 0.65625 0.84375 0.5 1 0.5 1 0.6104854 0.9542354 0.5 1 0.3895146 0.9542354 0.3895146 0.9542354 0.3895146 0.9542354 0.34375 0.84375 0.34375 0.84375 0.34375 0.84375 0.3895146 0.7332646 0.3895146 0.7332646 0.3895146 0.7332646 0.5 0.6875 0.5 0.6875 0.6104854 0.7332646 0.6104854 0.7332646 0.5 0.6875 0.65625 0.84375 0.65625 0.84375 0.6104854 0.7332646 0.6104854 0.9542354 0.6104854 0.9542354 0.65625 0.84375 0.65625 0.84375 0.65625 0.84375 0.6104854 0.7332646 0.6104854 0.7332646 0.6104854 0.7332646 0.5 0.6875 0.3895146 0.7332646 0.5 0.6875 0.5 0.6875 0.34375 0.84375 0.3895146 0.7332646 0.3895146 0.7332646 0.3895146 0.9542354 0.34375 0.84375 0.34375 0.84375 0.5 1 0.3895146 0.9542354 0.3895146 0.9542354 0.5 1 0.5 1 0.6104854 0.9542354 0.6104854 0.9542354 0.6104854 0.9542354 0.65625 0.84375 0.6104854 0.7332646 0.65625 0.84375 0.65625 0.84375 0.5 0.6875 0.6104854 0.7332646 0.6104854 0.7332646 0.5 0.6875 0.5 0.6875 0.3895146 0.7332646 0.3895146 0.7332646 0.3895146 0.7332646 0.34375 0.84375 0.34375 0.84375 0.34375 0.84375 0.3895146 0.9542354 0.3895146 0.9542354 0.3895146 0.9542354 0.5 1 0.6104854 0.9542354 0.5 1 0.5 1 0.65625 0.84375 0.6104854 0.9542354 0.6104854 0.9542354 0.5 0.6875 0.6104854 0.7332646 0.6104854 0.7332646 0.5 0.6875 0.5 0.6875 0.3895146 0.7332646 0.3895146 0.7332646 0.3895146 0.7332646 0.34375 0.84375 0.34375 0.84375 0.34375 0.84375 0.3895146 0.9542354 0.3895146 0.9542354 0.3895146 0.9542354 0.5 1 0.6104854 0.9542354 0.5 1 0.5 1 0.65625 0.84375 0.6104854 0.9542354 0.6104854 0.9542354 0.6104854 0.7332646 0.65625 0.84375 0.65625 0.84375 0.40625 0.3125 0.40625 0.6884399 0.375 0.6884399 0.40625 0.3125 0.4375 0.3125 0.4375 0.6884399 0.4375 0.3125 0.46875 0.3125 0.46875 0.6884399 0.5 0.3125 0.5 0.6884399 0.46875 0.6884399 0.5 0.3125 0.53125 0.3125 0.53125 0.6884399 0.5625 0.3125 0.5625 0.6884399 0.53125 0.6884399 0.59375 0.3125 0.59375 0.6884399 0.5625 0.6884399 0.59375 0.3125 0.625 0.3125 0.625 0.6884399 0.5 0 0.6104854 0.04576456 0.65625 0.15625 0.65625 0.15625 0.6104854 0.2667354 0.34375 0.15625 0.6104854 0.2667354 0.5 0.3125 0.3895146 0.2667354 0.34375 0.15625 0.6104854 0.2667354 0.3895146 0.2667354 0.34375 0.15625 0.3895146 0.04576456 0.5 0 0.65625 0.84375 0.6104854 0.9542354 0.5 1 0.5 1 0.3895146 0.9542354 0.34375 0.84375 0.34375 0.84375 0.3895146 0.7332646 0.65625 0.84375 0.3895146 0.7332646 0.5 0.6875 0.6104854 0.7332646 0.65625 0.84375 0.3895146 0.7332646 0.6104854 0.7332646 0.5 1 0.5 1 0.6104854 0.9542354 0.5 1 0.3895146 0.9542354 0.3895146 0.9542354 0.3895146 0.9542354 0.34375 0.84375 0.34375 0.84375 0.34375 0.84375 0.3895146 0.7332646 0.3895146 0.7332646 0.3895146 0.7332646 0.5 0.6875 0.5 0.6875 0.6104854 0.7332646 0.6104854 0.7332646 0.5 0.6875 0.65625 0.84375 0.65625 0.84375 0.6104854 0.7332646 0.6104854 0.9542354 0.6104854 0.9542354 0.65625 0.84375 0.5 1 0.5 1 0.6104854 0.9542354 0.5 1 0.3895146 0.9542354 0.3895146 0.9542354 0.3895146 0.9542354 0.34375 0.84375 0.34375 0.84375 0.34375 0.84375 0.3895146 0.7332646 0.3895146 0.7332646 0.3895146 0.7332646 0.5 0.6875 0.5 0.6875 0.6104854 0.7332646 0.6104854 0.7332646 0.5 0.6875 0.65625 0.84375 0.65625 0.84375 0.6104854 0.7332646 0.6104854 0.9542354 0.6104854 0.9542354 0.65625 0.84375 0.5 1 0.5 1 0.6104854 0.9542354 0.5 1 0.3895146 0.9542354 0.3895146 0.9542354 0.34375 0.84375 0.34375 0.84375 0.3895146 0.9542354 0.34375 0.84375 0.3895146 0.7332646 0.3895146 0.7332646 0.5 0.6875 0.5 0.6875 0.3895146 0.7332646 0.5 0.6875 0.6104854 0.7332646 0.6104854 0.7332646 0.65625 0.84375 0.65625 0.84375 0.6104854 0.7332646 0.65625 0.84375 0.6104854 0.9542354 0.6104854 0.9542354 0.65625 0.84375 0.65625 0.84375 0.6104854 0.7332646 0.6104854 0.7332646 0.6104854 0.7332646 0.5 0.6875 0.3895146 0.7332646 0.5 0.6875 0.5 0.6875 0.34375 0.84375 0.3895146 0.7332646 0.3895146 0.7332646 0.3895146 0.9542354 0.34375 0.84375 0.34375 0.84375 0.5 1 0.3895146 0.9542354 0.3895146 0.9542354 0.5 1 0.5 1 0.6104854 0.9542354 0.6104854 0.9542354 0.6104854 0.9542354 0.65625 0.84375 0.40625 0.3125 0.40625 0.6884399 0.375 0.6884399 0.40625 0.3125 0.4375 0.3125 0.4375 0.6884399 0.4375 0.3125 0.46875 0.3125 0.46875 0.6884399 0.46875 0.3125 0.5 0.3125 0.5 0.6884399 0.53125 0.3125 0.53125 0.6884399 0.5 0.6884399 0.53125 0.3125 0.5625 0.3125 0.5625 0.6884399 0.59375 0.3125 0.59375 0.6884399 0.5625 0.6884399 0.59375 0.3125 0.625 0.3125 0.625 0.6884399 0.5 0 0.6104854 0.04576456 0.3895146 0.04576456 0.6104854 0.04576456 0.65625 0.15625 0.5 0.3125 0.65625 0.15625 0.6104854 0.2667354 0.5 0.3125 0.5 0.3125 0.3895146 0.2667354 0.6104854 0.04576456 0.3895146 0.2667354 0.34375 0.15625 0.3895146 0.04576456 0.65625 0.84375 0.6104854 0.9542354 0.5 1 0.5 1 0.3895146 0.9542354 0.34375 0.84375 0.34375 0.84375 0.3895146 0.7332646 0.65625 0.84375 0.3895146 0.7332646 0.5 0.6875 0.65625 0.84375 0.5 0.6875 0.6104854 0.7332646 0.65625 0.84375 0.5 1 0.5 1 0.6104854 0.9542354 0.5 1 0.3895146 0.9542354 0.3895146 0.9542354 0.3895146 0.9542354 0.34375 0.84375 0.34375 0.84375 0.34375 0.84375 0.3895146 0.7332646 0.3895146 0.7332646 0.3895146 0.7332646 0.5 0.6875 0.5 0.6875 0.6104854 0.7332646 0.6104854 0.7332646 0.5 0.6875 0.65625 0.84375 0.65625 0.84375 0.6104854 0.7332646 0.6104854 0.9542354 0.6104854 0.9542354 0.65625 0.84375 0.5 1 0.5 1 0.6104854 0.9542354 0.5 1 0.3895146 0.9542354 0.3895146 0.9542354 0.3895146 0.9542354 0.34375 0.84375 0.34375 0.84375 0.34375 0.84375 0.3895146 0.7332646 0.3895146 0.7332646 0.3895146 0.7332646 0.5 0.6875 0.5 0.6875 0.6104854 0.7332646 0.6104854 0.7332646 0.5 0.6875 0.65625 0.84375 0.65625 0.84375 0.6104854 0.7332646 0.6104854 0.9542354 0.6104854 0.9542354 0.65625 0.84375 0.5 1 0.5 1 0.6104854 0.9542354 0.3895146 0.9542354 0.3895146 0.9542354 0.5 1 0.3895146 0.9542354 0.34375 0.84375 0.34375 0.84375 0.3895146 0.7332646 0.3895146 0.7332646 0.34375 0.84375 0.5 0.6875 0.5 0.6875 0.3895146 0.7332646 0.5 0.6875 0.6104854 0.7332646 0.6104854 0.7332646 0.6104854 0.7332646 0.65625 0.84375 0.65625 0.84375 0.65625 0.84375 0.6104854 0.9542354 0.6104854 0.9542354 0.65625 0.84375 0.65625 0.84375 0.6104854 0.7332646 0.6104854 0.7332646 0.6104854 0.7332646 0.5 0.6875 0.3895146 0.7332646 0.5 0.6875 0.5 0.6875 0.34375 0.84375 0.3895146 0.7332646 0.3895146 0.7332646 0.3895146 0.9542354 0.34375 0.84375 0.34375 0.84375 0.5 1 0.3895146 0.9542354 0.3895146 0.9542354 0.5 1 0.5 1 0.6104854 0.9542354 0.6104854 0.9542354 0.6104854 0.9542354 0.65625 0.84375 0.375 0.3125 0.40625 0.3125 0.40625 0.6884399 0.4375 0.3125 0.4375 0.6884399 0.40625 0.6884399 0.4375 0.3125 0.46875 0.3125 0.46875 0.6884399 0.5 0.3125 0.5 0.6884399 0.46875 0.6884399 0.5 0.3125 0.53125 0.3125 0.53125 0.6884399 0.5625 0.3125 0.5625 0.6884399 0.53125 0.6884399 0.5625 0.3125 0.59375 0.3125 0.59375 0.6884399 0.625 0.3125 0.625 0.6884399 0.59375 0.6884399 0.5 0 0.6104854 0.04576456 0.65625 0.15625 0.65625 0.15625 0.6104854 0.2667354 0.3895146 0.2667354 0.6104854 0.2667354 0.5 0.3125 0.3895146 0.2667354 0.3895146 0.2667354 0.34375 0.15625 0.65625 0.15625 0.34375 0.15625 0.3895146 0.04576456 0.5 0 0.65625 0.84375 0.6104854 0.9542354 0.5 1 0.5 1 0.3895146 0.9542354 0.34375 0.84375 0.34375 0.84375 0.3895146 0.7332646 0.65625 0.84375 0.3895146 0.7332646 0.5 0.6875 0.6104854 0.7332646 0.65625 0.84375 0.3895146 0.7332646 0.6104854 0.7332646 0.5 1 0.5 1 0.6104854 0.9542354 0.5 1 0.3895146 0.9542354 0.3895146 0.9542354 0.3895146 0.9542354 0.34375 0.84375 0.34375 0.84375 0.34375 0.84375 0.3895146 0.7332646 0.3895146 0.7332646 0.3895146 0.7332646 0.5 0.6875 0.5 0.6875 0.6104854 0.7332646 0.6104854 0.7332646 0.5 0.6875 0.65625 0.84375 0.65625 0.84375 0.6104854 0.7332646 0.6104854 0.9542354 0.6104854 0.9542354 0.65625 0.84375 0.6104854 0.9542354 0.5 1 0.5 1 0.3895146 0.9542354 0.3895146 0.9542354 0.5 1 0.34375 0.84375 0.34375 0.84375 0.3895146 0.9542354 0.3895146 0.7332646 0.3895146 0.7332646 0.34375 0.84375 0.5 0.6875 0.5 0.6875 0.3895146 0.7332646 0.5 0.6875 0.6104854 0.7332646 0.6104854 0.7332646 0.6104854 0.7332646 0.65625 0.84375 0.65625 0.84375 0.65625 0.84375 0.6104854 0.9542354 0.6104854 0.9542354 0.6104854 0.9542354 0.5 1 0.5 1 0.3895146 0.9542354 0.3895146 0.9542354 0.5 1 0.34375 0.84375 0.34375 0.84375 0.3895146 0.9542354 0.34375 0.84375 0.3895146 0.7332646 0.3895146 0.7332646 0.5 0.6875 0.5 0.6875 0.3895146 0.7332646 0.5 0.6875 0.6104854 0.7332646 0.6104854 0.7332646 0.6104854 0.7332646 0.65625 0.84375 0.65625 0.84375 0.6104854 0.9542354 0.6104854 0.9542354 0.65625 0.84375 0.65625 0.84375 0.65625 0.84375 0.6104854 0.7332646 0.6104854 0.7332646 0.6104854 0.7332646 0.5 0.6875 0.3895146 0.7332646 0.5 0.6875 0.5 0.6875 0.34375 0.84375 0.3895146 0.7332646 0.3895146 0.7332646 0.3895146 0.9542354 0.34375 0.84375 0.34375 0.84375 0.5 1 0.3895146 0.9542354 0.3895146 0.9542354 0.5 1 0.5 1 0.6104854 0.9542354 0.6104854 0.9542354 0.6104854 0.9542354 0.65625 0.84375 0.375 0.3125 0.40625 0.3125 0.40625 0.6884399 0.4375 0.3125 0.4375 0.6884399 0.40625 0.6884399 0.4375 0.3125 0.46875 0.3125 0.46875 0.6884399 0.46875 0.3125 0.5 0.3125 0.5 0.6884399 0.53125 0.3125 0.53125 0.6884399 0.5 0.6884399 0.53125 0.3125 0.5625 0.3125 0.5625 0.6884399 0.59375 0.3125 0.59375 0.6884399 0.5625 0.6884399 0.625 0.3125 0.625 0.6884399 0.59375 0.6884399 0.5 0 0.6104854 0.04576456 0.3895146 0.04576456 0.6104854 0.04576456 0.65625 0.15625 0.5 0.3125 0.65625 0.15625 0.6104854 0.2667354 0.5 0.3125 0.5 0.3125 0.3895146 0.2667354 0.6104854 0.04576456 0.3895146 0.2667354 0.34375 0.15625 0.3895146 0.04576456 0.65625 0.84375 0.6104854 0.9542354 0.5 1 0.5 1 0.3895146 0.9542354 0.34375 0.84375 0.34375 0.84375 0.3895146 0.7332646 0.65625 0.84375 0.3895146 0.7332646 0.5 0.6875 0.65625 0.84375 0.5 0.6875 0.6104854 0.7332646 0.65625 0.84375 0.5 1 0.5 1 0.6104854 0.9542354 0.5 1 0.3895146 0.9542354 0.3895146 0.9542354 0.3895146 0.9542354 0.34375 0.84375 0.34375 0.84375 0.34375 0.84375 0.3895146 0.7332646 0.3895146 0.7332646 0.3895146 0.7332646 0.5 0.6875 0.5 0.6875 0.6104854 0.7332646 0.6104854 0.7332646 0.5 0.6875 0.65625 0.84375 0.65625 0.84375 0.6104854 0.7332646 0.6104854 0.9542354 0.6104854 0.9542354 0.65625 0.84375 0.5 1 0.5 1 0.6104854 0.9542354 0.5 1 0.3895146 0.9542354 0.3895146 0.9542354 0.3895146 0.9542354 0.34375 0.84375 0.34375 0.84375 0.34375 0.84375 0.3895146 0.7332646 0.3895146 0.7332646 0.3895146 0.7332646 0.5 0.6875 0.5 0.6875 0.6104854 0.7332646 0.6104854 0.7332646 0.5 0.6875 0.65625 0.84375 0.65625 0.84375 0.6104854 0.7332646 0.6104854 0.9542354 0.6104854 0.9542354 0.65625 0.84375 0.5 1 0.5 1 0.6104854 0.9542354 0.5 1 0.3895146 0.9542354 0.3895146 0.9542354 0.3895146 0.9542354 0.34375 0.84375 0.34375 0.84375 0.3895146 0.7332646 0.3895146 0.7332646 0.34375 0.84375 0.5 0.6875 0.5 0.6875 0.3895146 0.7332646 0.6104854 0.7332646 0.6104854 0.7332646 0.5 0.6875 0.6104854 0.7332646 0.65625 0.84375 0.65625 0.84375 0.6104854 0.9542354 0.6104854 0.9542354 0.65625 0.84375 0.6104854 0.7332646 0.65625 0.84375 0.65625 0.84375 0.5 0.6875 0.6104854 0.7332646 0.6104854 0.7332646 0.5 0.6875 0.5 0.6875 0.3895146 0.7332646 0.3895146 0.7332646 0.3895146 0.7332646 0.34375 0.84375 0.34375 0.84375 0.34375 0.84375 0.3895146 0.9542354 0.3895146 0.9542354 0.3895146 0.9542354 0.5 1 0.6104854 0.9542354 0.5 1 0.5 1 0.65625 0.84375 0.6104854 0.9542354 0.6104854 0.9542354 0.6104854 0.7332646 0.6104854 0.7332646 0.5 0.6875 0.3895146 0.7332646 0.5 0.6875 0.5 0.6875 0.34375 0.84375 0.3895146 0.7332646 0.3895146 0.7332646 0.3895146 0.9542354 0.34375 0.84375 0.34375 0.84375 0.5 1 0.3895146 0.9542354 0.3895146 0.9542354 0.5 1 0.5 1 0.6104854 0.9542354 0.6104854 0.9542354 0.6104854 0.9542354 0.65625 0.84375 0.65625 0.84375 0.65625 0.84375 0.6104854 0.7332646 0.6104854 0.7332646 0.65625 0.84375 0.65625 0.84375 0.5 0.6875 0.6104854 0.7332646 0.6104854 0.7332646 0.5 0.6875 0.5 0.6875 0.3895146 0.7332646 0.3895146 0.7332646 0.3895146 0.7332646 0.34375 0.84375 0.34375 0.84375 0.34375 0.84375 0.3895146 0.9542354 0.5 1 0.3895146 0.9542354 0.3895146 0.9542354 0.5 1 0.5 1 0.6104854 0.9542354 0.65625 0.84375 0.6104854 0.9542354 0.6104854 0.9542354 0.40625 0.3125 0.40625 0.6884399 0.375 0.6884399 0.40625 0.3125 0.4375 0.3125 0.4375 0.6884399 0.4375 0.3125 0.46875 0.3125 0.46875 0.6884399 0.5 0.3125 0.5 0.6884399 0.46875 0.6884399 0.5 0.3125 0.53125 0.3125 0.53125 0.6884399 0.5625 0.3125 0.5625 0.6884399 0.53125 0.6884399 0.5625 0.3125 0.59375 0.3125 0.59375 0.6884399 0.625 0.3125 0.625 0.6884399 0.59375 0.6884399 0.5 0 0.6104854 0.04576456 0.65625 0.15625 0.65625 0.15625 0.6104854 0.2667354 0.3895146 0.2667354 0.6104854 0.2667354 0.5 0.3125 0.3895146 0.2667354 0.3895146 0.2667354 0.34375 0.15625 0.65625 0.15625 0.34375 0.15625 0.3895146 0.04576456 0.5 0 0.5 1 0.5 1 0.6104854 0.9542354 0.5 1 0.3895146 0.9542354 0.3895146 0.9542354 0.3895146 0.9542354 0.34375 0.84375 0.34375 0.84375 0.34375 0.84375 0.3895146 0.7332646 0.3895146 0.7332646 0.3895146 0.7332646 0.5 0.6875 0.5 0.6875 0.6104854 0.7332646 0.6104854 0.7332646 0.5 0.6875 0.65625 0.84375 0.65625 0.84375 0.6104854 0.7332646 0.6104854 0.9542354 0.6104854 0.9542354 0.65625 0.84375 0.5 1 0.5 1 0.6104854 0.9542354 0.5 1 0.3895146 0.9542354 0.3895146 0.9542354 0.3895146 0.9542354 0.34375 0.84375 0.34375 0.84375 0.34375 0.84375 0.3895146 0.7332646 0.3895146 0.7332646 0.3895146 0.7332646 0.5 0.6875 0.5 0.6875 0.6104854 0.7332646 0.6104854 0.7332646 0.5 0.6875 0.65625 0.84375 0.65625 0.84375 0.6104854 0.7332646 0.6104854 0.9542354 0.6104854 0.9542354 0.65625 0.84375 0.6104854 0.7332646 0.65625 0.84375 0.65625 0.84375 0.5 0.6875 0.6104854 0.7332646 0.6104854 0.7332646 0.5 0.6875 0.5 0.6875 0.3895146 0.7332646 0.3895146 0.7332646 0.3895146 0.7332646 0.34375 0.84375 0.34375 0.84375 0.34375 0.84375 0.3895146 0.9542354 0.3895146 0.9542354 0.3895146 0.9542354 0.5 1 0.6104854 0.9542354 0.5 1 0.5 1 0.65625 0.84375 0.6104854 0.9542354 0.6104854 0.9542354 0.6104854 0.7332646 0.65625 0.84375 0.65625 0.84375 0.5 0.6875 0.6104854 0.7332646 0.6104854 0.7332646 0.5 0.6875 0.5 0.6875 0.3895146 0.7332646 0.3895146 0.7332646 0.3895146 0.7332646 0.34375 0.84375 0.34375 0.84375 0.34375 0.84375 0.3895146 0.9542354 0.3895146 0.9542354 0.3895146 0.9542354 0.5 1 0.6104854 0.9542354 0.5 1 0.5 1 0.65625 0.84375 0.6104854 0.9542354 0.6104854 0.9542354 0.6104854 0.7332646 0.65625 0.84375 0.65625 0.84375 0.5 0.6875 0.6104854 0.7332646 0.6104854 0.7332646 0.5 0.6875 0.5 0.6875 0.3895146 0.7332646 0.3895146 0.7332646 0.3895146 0.7332646 0.34375 0.84375 0.34375 0.84375 0.34375 0.84375 0.3895146 0.9542354 0.3895146 0.9542354 0.3895146 0.9542354 0.5 1 0.6104854 0.9542354 0.5 1 0.5 1 0.65625 0.84375 0.6104854 0.9542354 0.6104854 0.9542354 0.6104854 0.9542354 0.5 1 0.3895146 0.9542354 0.3895146 0.9542354 0.34375 0.84375 0.6104854 0.9542354 0.34375 0.84375 0.3895146 0.7332646 0.6104854 0.9542354 0.3895146 0.7332646 0.5 0.6875 0.6104854 0.9542354 0.5 0.6875 0.6104854 0.7332646 0.6104854 0.9542354 0.375 0.3125 0.40625 0.3125 0.40625 0.6884399 0.4375 0.3125 0.4375 0.6884399 0.40625 0.6884399 0.4375 0.3125 0.46875 0.3125 0.46875 0.6884399 0.5 0.3125 0.5 0.6884399 0.46875 0.6884399 0.53125 0.3125 0.53125 0.6884399 0.5 0.6884399 0.53125 0.3125 0.5625 0.3125 0.5625 0.6884399 0.5625 0.3125 0.59375 0.3125 0.59375 0.6884399 0.625 0.3125 0.625 0.6884399 0.59375 0.6884399 0.5 0 0.6104854 0.04576456 0.3895146 0.04576456 0.6104854 0.04576456 0.65625 0.15625 0.3895146 0.04576456 0.65625 0.15625 0.6104854 0.2667354 0.5 0.3125 0.5 0.3125 0.3895146 0.2667354 0.34375 0.15625 0.34375 0.15625 0.3895146 0.04576456 0.65625 0.15625 0.65625 0.84375 0.6104854 0.9542354 0.5 1 0.5 1 0.3895146 0.9542354 0.34375 0.84375 0.34375 0.84375 0.3895146 0.7332646 0.5 0.6875 0.5 0.6875 0.6104854 0.7332646 0.65625 0.84375 0.65625 0.84375 0.5 1 0.5 0.6875 0.5 1 0.5 1 0.6104854 0.9542354 0.5 1 0.3895146 0.9542354 0.3895146 0.9542354 0.3895146 0.9542354 0.34375 0.84375 0.34375 0.84375 0.34375 0.84375 0.3895146 0.7332646 0.3895146 0.7332646 0.3895146 0.7332646 0.5 0.6875 0.5 0.6875 0.6104854 0.7332646 0.6104854 0.7332646 0.5 0.6875 0.65625 0.84375 0.65625 0.84375 0.6104854 0.7332646 0.6104854 0.9542354 0.6104854 0.9542354 0.65625 0.84375 0.6104854 0.9542354 0.5 1 0.5 1 0.3895146 0.9542354 0.3895146 0.9542354 0.5 1 0.34375 0.84375 0.34375 0.84375 0.3895146 0.9542354 0.3895146 0.7332646 0.3895146 0.7332646 0.34375 0.84375 0.5 0.6875 0.5 0.6875 0.3895146 0.7332646 0.5 0.6875 0.6104854 0.7332646 0.6104854 0.7332646 0.6104854 0.7332646 0.65625 0.84375 0.65625 0.84375 0.65625 0.84375 0.6104854 0.9542354 0.6104854 0.9542354 0.5 1 0.5 1 0.6104854 0.9542354 0.5 1 0.3895146 0.9542354 0.3895146 0.9542354 0.34375 0.84375 0.34375 0.84375 0.3895146 0.9542354 0.34375 0.84375 0.3895146 0.7332646 0.3895146 0.7332646 0.5 0.6875 0.5 0.6875 0.3895146 0.7332646 0.5 0.6875 0.6104854 0.7332646 0.6104854 0.7332646 0.65625 0.84375 0.65625 0.84375 0.6104854 0.7332646 0.65625 0.84375 0.6104854 0.9542354 0.6104854 0.9542354 0.375 0.3125 0.40625 0.3125 0.40625 0.6884399 0.4375 0.3125 0.4375 0.6884399 0.40625 0.6884399 0.4375 0.3125 0.46875 0.3125 0.46875 0.6884399 0.46875 0.3125 0.5 0.3125 0.5 0.6884399 0.53125 0.3125 0.53125 0.6884399 0.5 0.6884399 0.53125 0.3125 0.5625 0.3125 0.5625 0.6884399 0.59375 0.3125 0.59375 0.6884399 0.5625 0.6884399 0.625 0.3125 0.625 0.6884399 0.59375 0.6884399 0.5 0 0.6104854 0.04576456 0.3895146 0.04576456 0.6104854 0.04576456 0.65625 0.15625 0.3895146 0.04576456 0.65625 0.15625 0.6104854 0.2667354 0.5 0.3125 0.5 0.3125 0.3895146 0.2667354 0.34375 0.15625 0.34375 0.15625 0.3895146 0.04576456 0.65625 0.15625 0.65625 0.84375 0.6104854 0.9542354 0.3895146 0.9542354 0.6104854 0.9542354 0.5 1 0.3895146 0.9542354 0.3895146 0.9542354 0.34375 0.84375 0.65625 0.84375 0.34375 0.84375 0.3895146 0.7332646 0.5 0.6875 0.5 0.6875 0.6104854 0.7332646 0.65625 0.84375 0.6104854 0.9542354 0.5 1 0.5 1 0.3895146 0.9542354 0.3895146 0.9542354 0.5 1 0.34375 0.84375 0.34375 0.84375 0.3895146 0.9542354 0.3895146 0.7332646 0.3895146 0.7332646 0.34375 0.84375 0.5 0.6875 0.5 0.6875 0.3895146 0.7332646 0.5 0.6875 0.6104854 0.7332646 0.6104854 0.7332646 0.6104854 0.7332646 0.65625 0.84375 0.65625 0.84375 0.65625 0.84375 0.6104854 0.9542354 0.6104854 0.9542354 0.5 1 0.5 1 0.6104854 0.9542354 0.5 1 0.3895146 0.9542354 0.3895146 0.9542354 0.3895146 0.9542354 0.34375 0.84375 0.34375 0.84375 0.34375 0.84375 0.3895146 0.7332646 0.3895146 0.7332646 0.3895146 0.7332646 0.5 0.6875 0.5 0.6875 0.6104854 0.7332646 0.6104854 0.7332646 0.5 0.6875 0.65625 0.84375 0.65625 0.84375 0.6104854 0.7332646 0.6104854 0.9542354 0.6104854 0.9542354 0.65625 0.84375 0.6104854 0.7332646 0.65625 0.84375 0.65625 0.84375 0.5 0.6875 0.6104854 0.7332646 0.6104854 0.7332646 0.5 0.6875 0.5 0.6875 0.3895146 0.7332646 0.3895146 0.7332646 0.3895146 0.7332646 0.34375 0.84375 0.34375 0.84375 0.34375 0.84375 0.3895146 0.9542354 0.5 1 0.3895146 0.9542354 0.3895146 0.9542354 0.5 1 0.5 1 0.6104854 0.9542354 0.65625 0.84375 0.6104854 0.9542354 0.6104854 0.9542354 0.65625 0.84375 0.65625 0.84375 0.6104854 0.7332646 0.6104854 0.7332646 0.6104854 0.7332646 0.5 0.6875 0.3895146 0.7332646 0.5 0.6875 0.5 0.6875 0.34375 0.84375 0.3895146 0.7332646 0.3895146 0.7332646 0.3895146 0.9542354 0.34375 0.84375 0.34375 0.84375 0.5 1 0.3895146 0.9542354 0.3895146 0.9542354 0.5 1 0.5 1 0.6104854 0.9542354 0.6104854 0.9542354 0.6104854 0.9542354 0.65625 0.84375 0.40625 0.3125 0.40625 0.6884399 0.375 0.6884399 0.40625 0.3125 0.4375 0.3125 0.4375 0.6884399 0.46875 0.3125 0.46875 0.6884399 0.4375 0.6884399 0.5 0.3125 0.5 0.6884399 0.46875 0.6884399 0.5 0.3125 0.53125 0.3125 0.53125 0.6884399 0.5625 0.3125 0.5625 0.6884399 0.53125 0.6884399 0.5625 0.3125 0.59375 0.3125 0.59375 0.6884399 0.625 0.3125 0.625 0.6884399 0.59375 0.6884399 0.5 0 0.6104854 0.04576456 0.65625 0.15625 0.65625 0.15625 0.6104854 0.2667354 0.3895146 0.2667354 0.6104854 0.2667354 0.5 0.3125 0.3895146 0.2667354 0.3895146 0.2667354 0.34375 0.15625 0.65625 0.15625 0.34375 0.15625 0.3895146 0.04576456 0.5 0 0.5 1 0.5 1 0.6104854 0.9542354 0.5 1 0.3895146 0.9542354 0.3895146 0.9542354 0.3895146 0.9542354 0.34375 0.84375 0.34375 0.84375 0.34375 0.84375 0.3895146 0.7332646 0.3895146 0.7332646 0.3895146 0.7332646 0.5 0.6875 0.5 0.6875 0.6104854 0.7332646 0.6104854 0.7332646 0.5 0.6875 0.65625 0.84375 0.65625 0.84375 0.6104854 0.7332646 0.6104854 0.9542354 0.6104854 0.9542354 0.65625 0.84375 0.5 1 0.5 1 0.6104854 0.9542354 0.5 1 0.3895146 0.9542354 0.3895146 0.9542354 0.3895146 0.9542354 0.34375 0.84375 0.34375 0.84375 0.34375 0.84375 0.3895146 0.7332646 0.3895146 0.7332646 0.3895146 0.7332646 0.5 0.6875 0.5 0.6875 0.6104854 0.7332646 0.6104854 0.7332646 0.5 0.6875 0.65625 0.84375 0.65625 0.84375 0.6104854 0.7332646 0.6104854 0.9542354 0.6104854 0.9542354 0.65625 0.84375 0.6104854 0.7332646 0.65625 0.84375 0.65625 0.84375 0.5 0.6875 0.6104854 0.7332646 0.6104854 0.7332646 0.5 0.6875 0.5 0.6875 0.3895146 0.7332646 0.3895146 0.7332646 0.3895146 0.7332646 0.34375 0.84375 0.34375 0.84375 0.34375 0.84375 0.3895146 0.9542354 0.3895146 0.9542354 0.3895146 0.9542354 0.5 1 0.6104854 0.9542354 0.5 1 0.5 1 0.65625 0.84375 0.6104854 0.9542354 0.6104854 0.9542354 0.6104854 0.7332646 0.65625 0.84375 0.65625 0.84375 0.5 0.6875 0.6104854 0.7332646 0.6104854 0.7332646 0.5 0.6875 0.5 0.6875 0.3895146 0.7332646 0.3895146 0.7332646 0.3895146 0.7332646 0.34375 0.84375 0.34375 0.84375 0.34375 0.84375 0.3895146 0.9542354 0.3895146 0.9542354 0.3895146 0.9542354 0.5 1 0.6104854 0.9542354 0.5 1 0.5 1 0.65625 0.84375 0.6104854 0.9542354 0.6104854 0.9542354 0.6104854 0.7332646 0.65625 0.84375 0.65625 0.84375 0.5 0.6875 0.6104854 0.7332646 0.6104854 0.7332646 0.5 0.6875 0.5 0.6875 0.3895146 0.7332646 0.3895146 0.7332646 0.3895146 0.7332646 0.34375 0.84375 0.34375 0.84375 0.34375 0.84375 0.3895146 0.9542354 0.3895146 0.9542354 0.3895146 0.9542354 0.5 1 0.6104854 0.9542354 0.5 1 0.5 1 0.65625 0.84375 0.6104854 0.9542354 0.6104854 0.9542354 0.6104854 0.9542354 0.5 1 0.3895146 0.9542354 0.3895146 0.9542354 0.34375 0.84375 0.6104854 0.9542354 0.34375 0.84375 0.3895146 0.7332646 0.6104854 0.9542354 0.3895146 0.7332646 0.5 0.6875 0.6104854 0.9542354 0.5 0.6875 0.6104854 0.7332646 0.6104854 0.9542354 0.40625 0.3125 0.40625 0.6884399 0.375 0.6884399 0.40625 0.3125 0.4375 0.3125 0.4375 0.6884399 0.46875 0.3125 0.46875 0.6884399 0.4375 0.6884399 0.5 0.3125 0.5 0.6884399 0.46875 0.6884399 0.53125 0.3125 0.53125 0.6884399 0.5 0.6884399 0.5625 0.3125 0.5625 0.6884399 0.53125 0.6884399 0.5625 0.3125 0.59375 0.3125 0.59375 0.6884399 0.59375 0.3125 0.625 0.3125 0.625 0.6884399 0.5 0 0.6104854 0.04576456 0.3895146 0.2667354 0.6104854 0.04576456 0.65625 0.15625 0.6104854 0.2667354 0.3895146 0.2667354 0.6104854 0.2667354 0.5 0.3125 0.6104854 0.04576456 0.6104854 0.2667354 0.3895146 0.2667354 0.3895146 0.2667354 0.34375 0.15625 0.5 0 0.65625 0.84375 0.6104854 0.9542354 0.34375 0.84375 0.6104854 0.9542354 0.5 1 0.34375 0.84375 0.5 1 0.3895146 0.9542354 0.34375 0.84375 0.34375 0.84375 0.3895146 0.7332646 0.65625 0.84375 0.3895146 0.7332646 0.5 0.6875 0.65625 0.84375 0.5 1 0.5 1 0.6104854 0.9542354 0.5 1 0.3895146 0.9542354 0.3895146 0.9542354 0.3895146 0.9542354 0.34375 0.84375 0.34375 0.84375 0.34375 0.84375 0.3895146 0.7332646 0.3895146 0.7332646 0.3895146 0.7332646 0.5 0.6875 0.5 0.6875 0.6104854 0.7332646 0.6104854 0.7332646 0.5 0.6875 0.65625 0.84375 0.65625 0.84375 0.6104854 0.7332646 0.6104854 0.9542354 0.6104854 0.9542354 0.65625 0.84375 0.6104854 0.9542354 0.5 1 0.5 1 0.3895146 0.9542354 0.3895146 0.9542354 0.5 1 0.34375 0.84375 0.34375 0.84375 0.3895146 0.9542354 0.3895146 0.7332646 0.3895146 0.7332646 0.34375 0.84375 0.5 0.6875 0.5 0.6875 0.3895146 0.7332646 0.5 0.6875 0.6104854 0.7332646 0.6104854 0.7332646 0.6104854 0.7332646 0.65625 0.84375 0.65625 0.84375 0.65625 0.84375 0.6104854 0.9542354 0.6104854 0.9542354 0.5 1 0.5 1 0.6104854 0.9542354 0.5 1 0.3895146 0.9542354 0.3895146 0.9542354 0.3895146 0.9542354 0.34375 0.84375 0.34375 0.84375 0.34375 0.84375 0.3895146 0.7332646 0.3895146 0.7332646 0.5 0.6875 0.5 0.6875 0.3895146 0.7332646 0.6104854 0.7332646 0.6104854 0.7332646 0.5 0.6875 0.6104854 0.7332646 0.65625 0.84375 0.65625 0.84375 0.65625 0.84375 0.6104854 0.9542354 0.6104854 0.9542354 0.375 0.3125 0.40625 0.3125 0.40625 0.6884399 0.4375 0.3125 0.4375 0.6884399 0.40625 0.6884399 0.4375 0.3125 0.46875 0.3125 0.46875 0.6884399 0.5 0.3125 0.5 0.6884399 0.46875 0.6884399 0.53125 0.3125 0.53125 0.6884399 0.5 0.6884399 0.53125 0.3125 0.5625 0.3125 0.5625 0.6884399 0.5625 0.3125 0.59375 0.3125 0.59375 0.6884399 0.625 0.3125 0.625 0.6884399 0.59375 0.6884399 0.5 0 0.6104854 0.04576456 0.3895146 0.04576456 0.6104854 0.04576456 0.65625 0.15625 0.34375 0.15625 0.65625 0.15625 0.6104854 0.2667354 0.5 0.3125 0.5 0.3125 0.3895146 0.2667354 0.34375 0.15625 0.34375 0.15625 0.3895146 0.04576456 0.6104854 0.04576456 0.65625 0.84375 0.6104854 0.9542354 0.5 1 0.5 1 0.3895146 0.9542354 0.65625 0.84375 0.3895146 0.9542354 0.34375 0.84375 0.65625 0.84375 0.34375 0.84375 0.3895146 0.7332646 0.5 0.6875 0.5 0.6875 0.6104854 0.7332646 0.34375 0.84375 0.6104854 0.9542354 0.5 1 0.5 1 0.3895146 0.9542354 0.3895146 0.9542354 0.5 1 0.34375 0.84375 0.34375 0.84375 0.3895146 0.9542354 0.3895146 0.7332646 0.3895146 0.7332646 0.34375 0.84375 0.5 0.6875 0.5 0.6875 0.3895146 0.7332646 0.5 0.6875 0.6104854 0.7332646 0.6104854 0.7332646 0.6104854 0.7332646 0.65625 0.84375 0.65625 0.84375 0.65625 0.84375 0.6104854 0.9542354 0.6104854 0.9542354 0.5 1 0.5 1 0.6104854 0.9542354 0.5 1 0.3895146 0.9542354 0.3895146 0.9542354 0.3895146 0.9542354 0.34375 0.84375 0.34375 0.84375 0.34375 0.84375 0.3895146 0.7332646 0.3895146 0.7332646 0.3895146 0.7332646 0.5 0.6875 0.5 0.6875 0.6104854 0.7332646 0.6104854 0.7332646 0.5 0.6875 0.65625 0.84375 0.65625 0.84375 0.6104854 0.7332646 0.6104854 0.9542354 0.6104854 0.9542354 0.65625 0.84375 0.5 1 0.5 1 0.6104854 0.9542354 0.5 1 0.3895146 0.9542354 0.3895146 0.9542354 0.3895146 0.9542354 0.34375 0.84375 0.34375 0.84375 0.34375 0.84375 0.3895146 0.7332646 0.3895146 0.7332646 0.3895146 0.7332646 0.5 0.6875 0.5 0.6875 0.6104854 0.7332646 0.6104854 0.7332646 0.5 0.6875 0.65625 0.84375 0.65625 0.84375 0.6104854 0.7332646 0.6104854 0.9542354 0.6104854 0.9542354 0.65625 0.84375 0.65625 0.84375 0.65625 0.84375 0.6104854 0.7332646 0.6104854 0.7332646 0.6104854 0.7332646 0.5 0.6875 0.3895146 0.7332646 0.5 0.6875 0.5 0.6875 0.34375 0.84375 0.3895146 0.7332646 0.3895146 0.7332646 0.3895146 0.9542354 0.34375 0.84375 0.34375 0.84375 0.5 1 0.3895146 0.9542354 0.3895146 0.9542354 0.5 1 0.5 1 0.6104854 0.9542354 0.6104854 0.9542354 0.6104854 0.9542354 0.65625 0.84375 0.6104854 0.7332646 0.65625 0.84375 0.65625 0.84375 0.5 0.6875 0.6104854 0.7332646 0.6104854 0.7332646 0.5 0.6875 0.5 0.6875 0.3895146 0.7332646 0.3895146 0.7332646 0.3895146 0.7332646 0.34375 0.84375 0.34375 0.84375 0.34375 0.84375 0.3895146 0.9542354 0.3895146 0.9542354 0.3895146 0.9542354 0.5 1 0.6104854 0.9542354 0.5 1 0.5 1 0.65625 0.84375 0.6104854 0.9542354 0.6104854 0.9542354 0.5 0.6875 0.6104854 0.7332646 0.6104854 0.7332646 0.5 0.6875 0.5 0.6875 0.3895146 0.7332646 0.3895146 0.7332646 0.3895146 0.7332646 0.34375 0.84375 0.34375 0.84375 0.34375 0.84375 0.3895146 0.9542354 0.3895146 0.9542354 0.3895146 0.9542354 0.5 1 0.6104854 0.9542354 0.5 1 0.5 1 0.65625 0.84375 0.6104854 0.9542354 0.6104854 0.9542354 0.6104854 0.7332646 0.65625 0.84375 0.65625 0.84375 0.375 0.3125 0.40625 0.3125 0.40625 0.6884399 0.4375 0.3125 0.4375 0.6884399 0.40625 0.6884399 0.4375 0.3125 0.46875 0.3125 0.46875 0.6884399 0.46875 0.3125 0.5 0.3125 0.5 0.6884399 0.5 0.3125 0.53125 0.3125 0.53125 0.6884399 0.5625 0.3125 0.5625 0.6884399 0.53125 0.6884399 0.59375 0.3125 0.59375 0.6884399 0.5625 0.6884399 0.625 0.3125 0.625 0.6884399 0.59375 0.6884399 0.5 0 0.6104854 0.04576456 0.65625 0.15625 0.65625 0.15625 0.6104854 0.2667354 0.34375 0.15625 0.6104854 0.2667354 0.5 0.3125 0.3895146 0.2667354 0.34375 0.15625 0.6104854 0.2667354 0.3895146 0.2667354 0.34375 0.15625 0.3895146 0.04576456 0.5 0 0.65625 0.84375 0.6104854 0.9542354 0.5 1 0.5 1 0.3895146 0.9542354 0.34375 0.84375 0.34375 0.84375 0.3895146 0.7332646 0.6104854 0.7332646 0.3895146 0.7332646 0.5 0.6875 0.6104854 0.7332646 0.6104854 0.7332646 0.65625 0.84375 0.34375 0.84375 0.5 1 0.5 1 0.6104854 0.9542354 0.5 1 0.3895146 0.9542354 0.3895146 0.9542354 0.3895146 0.9542354 0.34375 0.84375 0.34375 0.84375 0.34375 0.84375 0.3895146 0.7332646 0.3895146 0.7332646 0.3895146 0.7332646 0.5 0.6875 0.5 0.6875 0.6104854 0.7332646 0.6104854 0.7332646 0.5 0.6875 0.65625 0.84375 0.65625 0.84375 0.6104854 0.7332646 0.6104854 0.9542354 0.6104854 0.9542354 0.65625 0.84375 0.5 1 0.5 1 0.6104854 0.9542354 0.5 1 0.3895146 0.9542354 0.3895146 0.9542354 0.3895146 0.9542354 0.34375 0.84375 0.34375 0.84375 0.34375 0.84375 0.3895146 0.7332646 0.3895146 0.7332646 0.3895146 0.7332646 0.5 0.6875 0.5 0.6875 0.6104854 0.7332646 0.6104854 0.7332646 0.5 0.6875 0.65625 0.84375 0.65625 0.84375 0.6104854 0.7332646 0.6104854 0.9542354 0.6104854 0.9542354 0.65625 0.84375 0.5 1 0.5 1 0.6104854 0.9542354 0.5 1 0.3895146 0.9542354 0.3895146 0.9542354 0.34375 0.84375 0.34375 0.84375 0.3895146 0.9542354 0.3895146 0.7332646 0.3895146 0.7332646 0.34375 0.84375 0.5 0.6875 0.5 0.6875 0.3895146 0.7332646 0.5 0.6875 0.6104854 0.7332646 0.6104854 0.7332646 0.6104854 0.7332646 0.65625 0.84375 0.65625 0.84375 0.6104854 0.9542354 0.6104854 0.9542354 0.65625 0.84375 0.6104854 0.7332646 0.65625 0.84375 0.65625 0.84375 0.5 0.6875 0.6104854 0.7332646 0.6104854 0.7332646 0.5 0.6875 0.5 0.6875 0.3895146 0.7332646 0.3895146 0.7332646 0.3895146 0.7332646 0.34375 0.84375 0.34375 0.84375 0.34375 0.84375 0.3895146 0.9542354 0.3895146 0.9542354 0.3895146 0.9542354 0.5 1 0.6104854 0.9542354 0.5 1 0.5 1 0.65625 0.84375 0.6104854 0.9542354 0.6104854 0.9542354 0.6104854 0.7332646 0.6104854 0.7332646 0.5 0.6875 0.3895146 0.7332646 0.5 0.6875 0.5 0.6875 0.34375 0.84375 0.3895146 0.7332646 0.3895146 0.7332646 0.3895146 0.9542354 0.34375 0.84375 0.34375 0.84375 0.5 1 0.3895146 0.9542354 0.3895146 0.9542354 0.5 1 0.5 1 0.6104854 0.9542354 0.6104854 0.9542354 0.6104854 0.9542354 0.65625 0.84375 0.65625 0.84375 0.65625 0.84375 0.6104854 0.7332646 0.6104854 0.7332646 0.65625 0.84375 0.65625 0.84375 0.5 0.6875 0.6104854 0.7332646 0.6104854 0.7332646 0.5 0.6875 0.5 0.6875 0.3895146 0.7332646 0.3895146 0.7332646 0.3895146 0.7332646 0.34375 0.84375 0.34375 0.84375 0.34375 0.84375 0.3895146 0.9542354 0.5 1 0.3895146 0.9542354 0.3895146 0.9542354 0.5 1 0.5 1 0.6104854 0.9542354 0.65625 0.84375 0.6104854 0.9542354 0.6104854 0.9542354 0.40625 0.3125 0.40625 0.3398284 0.375 0.3398284 0.4375 0.3125 0.4375 0.3398284 0.40625 0.3398284 0.4375 0.3125 0.46875 0.3125 0.46875 0.3398284 0.46875 0.3125 0.5 0.3125 0.5 0.3398284 0.5 0.3125 0.53125 0.3125 0.53125 0.3398284 0.53125 0.3125 0.5625 0.3125 0.5625 0.3398284 0.59375 0.3125 0.59375 0.3398284 0.5625 0.3398284 0.625 0.3125 0.625 0.3398284 0.59375 0.3398284 0.5 1 0.5 1 0.6104854 0.9542354 0.5 1 0.3895146 0.9542354 0.3895146 0.9542354 0.3895146 0.9542354 0.34375 0.84375 0.34375 0.84375 0.34375 0.84375 0.3895146 0.7332646 0.3895146 0.7332646 0.3895146 0.7332646 0.5 0.6875 0.5 0.6875 0.6104854 0.7332646 0.6104854 0.7332646 0.5 0.6875 0.65625 0.84375 0.65625 0.84375 0.6104854 0.7332646 0.6104854 0.9542354 0.6104854 0.9542354 0.65625 0.84375 0.59375 0.4382487 0.59375 0.5637217 0.5625 0.5637217 0.5625 0.4382487 0.5625 0.5637217 0.53125 0.5637217 0.5 0.4382487 0.53125 0.4382487 0.53125 0.5637217 0.46875 0.4382487 0.5 0.4382487 0.5 0.5637217 0.4375 0.4382487 0.46875 0.4382487 0.46875 0.5637217 0.40625 0.4382487 0.4375 0.4382487 0.4375 0.5637217 0.40625 0.4382487 0.40625 0.5637217 0.375 0.5637217 0.625 0.4382487 0.625 0.5637217 0.59375 0.5637217 0.5625 0.5637217 0.59375 0.5637217 0.59375 0.6884399 0.53125 0.5637217 0.5625 0.5637217 0.5625 0.6884399 0.5 0.5637217 0.53125 0.5637217 0.53125 0.6884399 0.46875 0.5637217 0.5 0.5637217 0.5 0.6884399 0.46875 0.5637217 0.46875 0.6884399 0.4375 0.6884399 0.4375 0.5637217 0.4375 0.6884399 0.40625 0.6884399 0.40625 0.5637217 0.40625 0.6884399 0.375 0.6884399 0.625 0.5637217 0.625 0.6884399 0.59375 0.6884399 0.3895146 0.7332646 0.3895146 0.7332646 0.34375 0.84375 0.34375 0.84375 0.34375 0.84375 0.3895146 0.9542354 0.3895146 0.9542354 0.3895146 0.9542354 0.5 1 0.5 1 0.5 1 0.6104854 0.9542354 0.65625 0.84375 0.6104854 0.9542354 0.6104854 0.9542354 0.6104854 0.7332646 0.65625 0.84375 0.65625 0.84375 0.5 0.6875 0.6104854 0.7332646 0.6104854 0.7332646 0.3895146 0.7332646 0.5 0.6875 0.5 0.6875 0.40625 0.3125 0.40625 0.6884399 0.375 0.6884399 0.40625 0.3125 0.4375 0.3125 0.4375 0.6884399 0.4375 0.3125 0.46875 0.3125 0.46875 0.6884399 0.5 0.3125 0.5 0.6884399 0.46875 0.6884399 0.5 0.3125 0.53125 0.3125 0.53125 0.6884399 0.53125 0.3125 0.5625 0.3125 0.5625 0.6884399 0.59375 0.3125 0.59375 0.6884399 0.5625 0.6884399 0.59375 0.3125 0.625 0.3125 0.625 0.6884399 0.5 0 0.6104854 0.04576456 0.34375 0.15625 0.6104854 0.04576456 0.65625 0.15625 0.6104854 0.2667354 0.34375 0.15625 0.6104854 0.04576456 0.5 0.3125 0.6104854 0.2667354 0.5 0.3125 0.6104854 0.04576456 0.5 0.3125 0.3895146 0.2667354 0.34375 0.15625 0.65625 0.84375 0.6104854 0.9542354 0.5 1 0.5 1 0.3895146 0.9542354 0.34375 0.84375 0.34375 0.84375 0.3895146 0.7332646 0.5 0.6875 0.5 0.6875 0.6104854 0.7332646 0.65625 0.84375 0.65625 0.84375 0.5 1 0.5 0.6875 0.6104854 0.9542354 0.5 1 0.5 1 0.3895146 0.9542354 0.3895146 0.9542354 0.5 1 0.34375 0.84375 0.34375 0.84375 0.3895146 0.9542354 0.3895146 0.7332646 0.3895146 0.7332646 0.34375 0.84375 0.5 0.6875 0.5 0.6875 0.3895146 0.7332646 0.5 0.6875 0.6104854 0.7332646 0.6104854 0.7332646 0.6104854 0.7332646 0.65625 0.84375 0.65625 0.84375 0.65625 0.84375 0.6104854 0.9542354 0.6104854 0.9542354 0.5 1 0.5 1 0.6104854 0.9542354 0.5 1 0.3895146 0.9542354 0.3895146 0.9542354 0.3895146 0.9542354 0.34375 0.84375 0.34375 0.84375 0.34375 0.84375 0.3895146 0.7332646 0.3895146 0.7332646 0.3895146 0.7332646 0.5 0.6875 0.5 0.6875 0.6104854 0.7332646 0.6104854 0.7332646 0.5 0.6875 0.65625 0.84375 0.65625 0.84375 0.6104854 0.7332646 0.6104854 0.9542354 0.6104854 0.9542354 0.65625 0.84375 0.6104854 0.7332646 0.65625 0.84375 0.65625 0.84375 0.5 0.6875 0.6104854 0.7332646 0.6104854 0.7332646 0.5 0.6875 0.5 0.6875 0.3895146 0.7332646 0.3895146 0.7332646 0.3895146 0.7332646 0.34375 0.84375 0.34375 0.84375 0.34375 0.84375 0.3895146 0.9542354 0.3895146 0.9542354 0.3895146 0.9542354 0.5 1 0.6104854 0.9542354 0.5 1 0.5 1 0.65625 0.84375 0.6104854 0.9542354 0.6104854 0.9542354 0.65625 0.84375 0.65625 0.84375 0.6104854 0.7332646 0.6104854 0.7332646 0.6104854 0.7332646 0.5 0.6875 0.3895146 0.7332646 0.5 0.6875 0.5 0.6875 0.34375 0.84375 0.3895146 0.7332646 0.3895146 0.7332646 0.3895146 0.9542354 0.34375 0.84375 0.34375 0.84375 0.5 1 0.3895146 0.9542354 0.3895146 0.9542354 0.5 1 0.5 1 0.6104854 0.9542354 0.6104854 0.9542354 0.6104854 0.9542354 0.65625 0.84375 0.375 0.3125 0.40625 0.3125 0.40625 0.6884399 0.4375 0.3125 0.4375 0.6884399 0.40625 0.6884399 0.4375 0.3125 0.46875 0.3125 0.46875 0.6884399 0.5 0.3125 0.5 0.6884399 0.46875 0.6884399 0.5 0.3125 0.53125 0.3125 0.53125 0.6884399 0.5625 0.3125 0.5625 0.6884399 0.53125 0.6884399 0.5625 0.3125 0.59375 0.3125 0.59375 0.6884399 0.625 0.3125 0.625 0.6884399 0.59375 0.6884399 0.5 0 0.6104854 0.04576456 0.65625 0.15625 0.65625 0.15625 0.6104854 0.2667354 0.34375 0.15625 0.6104854 0.2667354 0.5 0.3125 0.3895146 0.2667354 0.34375 0.15625 0.6104854 0.2667354 0.3895146 0.2667354 0.34375 0.15625 0.3895146 0.04576456 0.5 0 0.65625 0.84375 0.6104854 0.9542354 0.5 1 0.5 1 0.3895146 0.9542354 0.34375 0.84375 0.34375 0.84375 0.3895146 0.7332646 0.5 0.6875 0.5 0.6875 0.6104854 0.7332646 0.65625 0.84375 0.65625 0.84375 0.5 1 0.5 0.6875 0.5 1 0.5 1 0.6104854 0.9542354 0.5 1 0.3895146 0.9542354 0.3895146 0.9542354 0.3895146 0.9542354 0.34375 0.84375 0.34375 0.84375 0.34375 0.84375 0.3895146 0.7332646 0.3895146 0.7332646 0.3895146 0.7332646 0.5 0.6875 0.5 0.6875 0.6104854 0.7332646 0.6104854 0.7332646 0.5 0.6875 0.65625 0.84375 0.65625 0.84375 0.6104854 0.7332646 0.6104854 0.9542354 0.6104854 0.9542354 0.65625 0.84375 0.6104854 0.9542354 0.5 1 0.5 1 0.3895146 0.9542354 0.3895146 0.9542354 0.5 1 0.34375 0.84375 0.34375 0.84375 0.3895146 0.9542354 0.3895146 0.7332646 0.3895146 0.7332646 0.34375 0.84375 0.5 0.6875 0.5 0.6875 0.3895146 0.7332646 0.5 0.6875 0.6104854 0.7332646 0.6104854 0.7332646 0.6104854 0.7332646 0.65625 0.84375 0.65625 0.84375 0.65625 0.84375 0.6104854 0.9542354 0.6104854 0.9542354 0.6104854 0.9542354 0.5 1 0.5 1 0.3895146 0.9542354 0.3895146 0.9542354 0.5 1 0.34375 0.84375 0.34375 0.84375 0.3895146 0.9542354 0.3895146 0.7332646 0.3895146 0.7332646 0.34375 0.84375 0.5 0.6875 0.5 0.6875 0.3895146 0.7332646 0.5 0.6875 0.6104854 0.7332646 0.6104854 0.7332646 0.6104854 0.7332646 0.65625 0.84375 0.65625 0.84375 0.65625 0.84375 0.6104854 0.9542354 0.6104854 0.9542354 0.65625 0.84375 0.65625 0.84375 0.6104854 0.7332646 0.6104854 0.7332646 0.6104854 0.7332646 0.5 0.6875 0.3895146 0.7332646 0.5 0.6875 0.5 0.6875 0.34375 0.84375 0.3895146 0.7332646 0.3895146 0.7332646 0.3895146 0.9542354 0.34375 0.84375 0.34375 0.84375 0.5 1 0.3895146 0.9542354 0.3895146 0.9542354 0.5 1 0.5 1 0.6104854 0.9542354 0.6104854 0.9542354 0.6104854 0.9542354 0.65625 0.84375 0.5 0.3125 0.5 0.3125 0.5 0.6884399 0.5625 0.3125 0.5625 0.6884399 0.5625 0.6884399 0.65625 0.15625 0.65625 0.15625 0.6104854 0.04576456 0.6104854 0.2667354 0.6104854 0.2667354 0.65625 0.15625 0.3895146 0.2667354 0.34375 0.15625 0.34375 0.15625 0.3895146 0.04576456 0.3895146 0.04576456 0.34375 0.15625 0.5 0 0.5 0 0.3895146 0.04576456 0.5 0 0.6104854 0.04576456 0.6104854 0.04576456 0.5 1 0.5 1 0.6104854 0.9542354 0.5 1 0.3895146 0.9542354 0.3895146 0.9542354 0.3895146 0.9542354 0.34375 0.84375 0.34375 0.84375 0.34375 0.84375 0.3895146 0.7332646 0.3895146 0.7332646 0.65625 0.84375 0.65625 0.84375 0.6104854 0.7332646 0.6104854 0.9542354 0.6104854 0.9542354 0.65625 0.84375 0.3895146 0.7332646 0.3895146 0.7332646 0.3895146 0.7332646 0.6104854 0.7332646 0.6104854 0.7332646 0.6104854 0.7332646 0.3895146 0.7332646 0.3895146 0.7332646 0.3895146 0.7332646 0.6104854 0.7332646 0.6104854 0.7332646 0.6104854 0.7332646 0.3895146 0.7332646 0.3895146 0.7332646 0.3895146 0.7332646 0.6104854 0.7332646 0.6104854 0.7332646 0.6104854 0.7332646 0.6104854 0.7332646 0.6104854 0.7332646 0.6104854 0.7332646 0.3895146 0.7332646 0.3895146 0.7332646 0.3895146 0.7332646 0.6104854 0.7332646 0.6104854 0.7332646 0.6104854 0.7332646 0.3895146 0.7332646 0.3895146 0.7332646 0.3895146 0.7332646 0.6104854 0.7332646 0.6104854 0.7332646 0.6104854 0.7332646 0.3895146 0.7332646 0.3895146 0.7332646 0.3895146 0.7332646 0.375 0.3125 0.375 0.3125 0.375 0.6884399 0.4375 0.3125 0.4375 0.6884399 0.4375 0.6884399 0.6104854 0.04576456 0.65625 0.15625 0.65625 0.15625 0.65625 0.15625 0.6104854 0.2667354 0.6104854 0.2667354 0.6104854 0.2667354 0.5 0.3125 0.5 0.3125 0.3895146 0.2667354 0.3895146 0.2667354 0.5 0.3125 0.34375 0.15625 0.34375 0.15625 0.3895146 0.2667354 0.3895146 0.04576456 0.3895146 0.04576456 0.34375 0.15625 0.34375 0.84375 0.34375 0.84375 0.3895146 0.9542354 0.34375 0.84375 0.3895146 0.7332646 0.3895146 0.7332646 0.5 0.6875 0.5 0.6875 0.3895146 0.7332646 0.5 0.6875 0.6104854 0.7332646 0.6104854 0.7332646 0.65625 0.84375 0.65625 0.84375 0.6104854 0.7332646 0.65625 0.84375 0.6104854 0.9542354 0.6104854 0.9542354 0.6104854 0.9542354 0.6104854 0.9542354 0.6104854 0.9542354 0.3895146 0.9542354 0.3895146 0.9542354 0.3895146 0.9542354 0.6104854 0.9542354 0.6104854 0.9542354 0.6104854 0.9542354 0.3895146 0.9542354 0.3895146 0.9542354 0.3895146 0.9542354 0.3895146 0.9542354 0.3895146 0.9542354 0.3895146 0.9542354 0.6104854 0.9542354 0.6104854 0.9542354 0.6104854 0.9542354 0.3895146 0.9542354 0.3895146 0.9542354 0.3895146 0.9542354 0.6104854 0.9542354 0.6104854 0.9542354 0.6104854 0.9542354 0.5 0.3125 0.5 0.3125 0.5 0.6884399 0.5625 0.3125 0.5625 0.6884399 0.5625 0.6884399 0.6104854 0.04576456 0.65625 0.15625 0.65625 0.15625 0.6104854 0.2667354 0.6104854 0.2667354 0.65625 0.15625 0.3895146 0.2667354 0.34375 0.15625 0.34375 0.15625 0.3895146 0.04576456 0.3895146 0.04576456 0.34375 0.15625 0.5 0 0.5 0 0.3895146 0.04576456 0.5 0 0.6104854 0.04576456 0.6104854 0.04576456 0.3895146 0.7332646 0.3895146 0.7332646 0.3895146 0.7332646 0.6104854 0.7332646 0.6104854 0.7332646 0.6104854 0.7332646 0.3895146 0.7332646 0.3895146 0.7332646 0.3895146 0.7332646 0.6104854 0.7332646 0.6104854 0.7332646 0.6104854 0.7332646 0.6104854 0.7332646 0.6104854 0.7332646 0.6104854 0.7332646 0.3895146 0.7332646 0.3895146 0.7332646 0.3895146 0.7332646 0.6104854 0.7332646 0.6104854 0.7332646 0.6104854 0.7332646 0.5 0.6875 0.5 0.6875 0.6104854 0.7332646 0.5 0.6875 0.3895146 0.7332646 0.3895146 0.7332646 0.3895146 0.7332646 0.3895146 0.7332646 0.3895146 0.7332646 0.6104854 0.7332646 0.6104854 0.7332646 0.6104854 0.7332646 0.3895146 0.7332646 0.3895146 0.7332646 0.3895146 0.7332646 0.5 0.3125 0.5 0.3125 0.5 0.6884399 0.5625 0.3125 0.5625 0.6884399 0.5625 0.6884399 0.6104854 0.04576456 0.65625 0.15625 0.65625 0.15625 0.6104854 0.2667354 0.6104854 0.2667354 0.65625 0.15625 0.3895146 0.2667354 0.34375 0.15625 0.34375 0.15625 0.3895146 0.04576456 0.3895146 0.04576456 0.34375 0.15625 0.5 0 0.5 0 0.3895146 0.04576456 0.5 0 0.6104854 0.04576456 0.6104854 0.04576456 0.3895146 0.7332646 0.3895146 0.7332646 0.3895146 0.7332646 0.6104854 0.7332646 0.6104854 0.7332646 0.6104854 0.7332646 0.3895146 0.7332646 0.3895146 0.7332646 0.3895146 0.7332646 0.6104854 0.7332646 0.6104854 0.7332646 0.6104854 0.7332646 0.6104854 0.7332646 0.6104854 0.7332646 0.6104854 0.7332646 0.3895146 0.7332646 0.3895146 0.7332646 0.3895146 0.7332646 0.6104854 0.7332646 0.6104854 0.7332646 0.6104854 0.7332646 0.5 0.6875 0.5 0.6875 0.6104854 0.7332646 0.5 0.6875 0.3895146 0.7332646 0.3895146 0.7332646 0.3895146 0.7332646 0.3895146 0.7332646 0.3895146 0.7332646 0.6104854 0.7332646 0.6104854 0.7332646 0.6104854 0.7332646 0.3895146 0.7332646 0.3895146 0.7332646 0.3895146 0.7332646 0.4375 0.3125 0.4375 0.6884399 0.4375 0.6884399 0.40625 0.3125 0.40625 0.3125 0.40625 0.6884399 0.65625 0.15625 0.65625 0.15625 0.6104854 0.04576456 0.6104854 0.2667354 0.6104854 0.2667354 0.65625 0.15625 0.5 0.3125 0.5 0.3125 0.6104854 0.2667354 0.5 0.3125 0.3895146 0.2667354 0.3895146 0.2667354 0.3895146 0.2667354 0.34375 0.15625 0.34375 0.15625 0.3895146 0.04576456 0.3895146 0.04576456 0.34375 0.15625 0.5 0 0.6104854 0.04576456 0.6104854 0.04576456 0.5 1 0.5 1 0.6104854 0.9542354 0.6104854 0.9542354 0.6104854 0.9542354 0.6104854 0.9542354 0.3895146 0.9542354 0.3895146 0.9542354 0.3895146 0.9542354 0.6104854 0.9542354 0.6104854 0.9542354 0.6104854 0.9542354 0.3895146 0.9542354 0.3895146 0.9542354 0.3895146 0.9542354 0.3895146 0.9542354 0.3895146 0.9542354 0.3895146 0.9542354 0.5 1 0.5 1 0.3895146 0.9542354 0.5 1 0.6104854 0.9542354 0.6104854 0.9542354 0.6104854 0.9542354 0.6104854 0.9542354 0.6104854 0.9542354 0.3895146 0.9542354 0.3895146 0.9542354 0.3895146 0.9542354 0.6104854 0.9542354 0.6104854 0.9542354 0.6104854 0.9542354 0.375 0.3125 0.375 0.3125 0.375 0.6884399 0.4375 0.3125 0.4375 0.6884399 0.4375 0.6884399 0.6104854 0.04576456 0.65625 0.15625 0.65625 0.15625 0.65625 0.15625 0.6104854 0.2667354 0.6104854 0.2667354 0.6104854 0.2667354 0.5 0.3125 0.5 0.3125 0.3895146 0.2667354 0.3895146 0.2667354 0.5 0.3125 0.34375 0.15625 0.34375 0.15625 0.3895146 0.2667354 0.3895146 0.04576456 0.3895146 0.04576456 0.34375 0.15625 0.6104854 0.9542354 0.6104854 0.9542354 0.6104854 0.9542354 0.3895146 0.9542354 0.3895146 0.9542354 0.3895146 0.9542354 0.6104854 0.9542354 0.6104854 0.9542354 0.6104854 0.9542354 0.3895146 0.9542354 0.3895146 0.9542354 0.3895146 0.9542354 0.5 1 0.6104854 0.9542354 0.6104854 0.9542354 0.6104854 0.9542354 0.6104854 0.9542354 0.6104854 0.9542354 0.3895146 0.9542354 0.3895146 0.9542354 0.3895146 0.9542354 0.5 1 0.5 1 0.3895146 0.9542354 0.40625 0.3125 0.40625 0.3125 0.40625 0.6884399 0.46875 0.3125 0.46875 0.6884399 0.46875 0.6884399 0.6104854 0.04576456 0.65625 0.15625 0.65625 0.15625 0.65625 0.15625 0.6104854 0.2667354 0.6104854 0.2667354 0.6104854 0.2667354 0.5 0.3125 0.5 0.3125 0.3895146 0.2667354 0.3895146 0.2667354 0.5 0.3125 0.34375 0.15625 0.34375 0.15625 0.3895146 0.2667354 0.5 0 0.6104854 0.04576456 0.6104854 0.04576456 0.5 1 0.5 1 0.5 1 0.34375 0.84375 0.34375 0.84375 0.34375 0.84375 0.5 1 0.5 1 0.5 1 0.34375 0.84375 0.34375 0.84375 0.34375 0.84375 0.3895146 0.9542354 0.5 1 0.5 1 0.5 1 0.5 1 0.5 1 0.34375 0.84375 0.34375 0.84375 0.34375 0.84375 0.3895146 0.9542354 0.3895146 0.9542354 0.34375 0.84375 0.5 0.3125 0.5 0.3125 0.5 0.6884399 0.5625 0.3125 0.5625 0.6884399 0.5625 0.6884399 0.6104854 0.04576456 0.65625 0.15625 0.65625 0.15625 0.6104854 0.2667354 0.6104854 0.2667354 0.65625 0.15625 0.3895146 0.2667354 0.34375 0.15625 0.34375 0.15625 0.34375 0.15625 0.3895146 0.04576456 0.3895146 0.04576456 0.3895146 0.04576456 0.5 0 0.5 0 0.6104854 0.04576456 0.6104854 0.04576456 0.5 0 0.5 1 0.5 1 0.6104854 0.9542354 0.3895146 0.9542354 0.3895146 0.9542354 0.5 1 0.3895146 0.9542354 0.34375 0.84375 0.34375 0.84375 0.34375 0.84375 0.3895146 0.7332646 0.3895146 0.7332646 0.65625 0.84375 0.65625 0.84375 0.6104854 0.7332646 0.65625 0.84375 0.6104854 0.9542354 0.6104854 0.9542354 0.3895146 0.7332646 0.3895146 0.7332646 0.3895146 0.7332646 0.6104854 0.7332646 0.6104854 0.7332646 0.6104854 0.7332646 0.3895146 0.7332646 0.3895146 0.7332646 0.3895146 0.7332646 0.6104854 0.7332646 0.6104854 0.7332646 0.6104854 0.7332646 0.3895146 0.7332646 0.3895146 0.7332646 0.3895146 0.7332646 0.6104854 0.7332646 0.6104854 0.7332646 0.6104854 0.7332646 0.6104854 0.7332646 0.6104854 0.7332646 0.6104854 0.7332646 0.3895146 0.7332646 0.3895146 0.7332646 0.3895146 0.7332646 0.53125 0.3125 0.53125 0.3125 0.53125 0.6884399 0.59375 0.3125 0.59375 0.6884399 0.59375 0.6884399 0.65625 0.15625 0.65625 0.15625 0.6104854 0.04576456 0.5 0.3125 0.3895146 0.2667354 0.3895146 0.2667354 0.3895146 0.2667354 0.34375 0.15625 0.34375 0.15625 0.34375 0.15625 0.3895146 0.04576456 0.3895146 0.04576456 0.3895146 0.04576456 0.5 0 0.5 0 0.6104854 0.04576456 0.6104854 0.04576456 0.5 0 0.5 0.6875 0.5 0.6875 0.5 0.6875 0.65625 0.84375 0.65625 0.84375 0.65625 0.84375 0.5 0.6875 0.5 0.6875 0.5 0.6875 0.65625 0.84375 0.65625 0.84375 0.65625 0.84375 0.6104854 0.7332646 0.5 0.6875 0.5 0.6875 0.5 0.6875 0.5 0.6875 0.5 0.6875 0.65625 0.84375 0.65625 0.84375 0.65625 0.84375 0.6104854 0.7332646 0.6104854 0.7332646 0.65625 0.84375 0.65625 0.84375 0.65625 0.84375 0.65625 0.84375 0.5 0.6875 0.5 0.6875 0.5 0.6875 0.5 1 0.3895146 0.9542354 0.3895146 0.9542354 0.3895146 0.9542354 0.3895146 0.9542354 0.3895146 0.9542354 0.5 1 0.5 1 0.3895146 0.9542354 0.5 1 0.5 1 0.6104854 0.9542354 0.5 1 0.6104854 0.9542354 0.6104854 0.9542354 0.6104854 0.9542354 0.6104854 0.9542354 0.6104854 0.9542354 0.53125 0.3125 0.53125 0.3125 0.53125 0.6884399 0.59375 0.3125 0.59375 0.6884399 0.59375 0.6884399 0.65625 0.15625 0.65625 0.15625 0.6104854 0.04576456 0.5 0.3125 0.3895146 0.2667354 0.3895146 0.2667354 0.3895146 0.2667354 0.34375 0.15625 0.34375 0.15625 0.34375 0.15625 0.3895146 0.04576456 0.3895146 0.04576456 0.5 0 0.5 0 0.3895146 0.04576456 0.5 0 0.6104854 0.04576456 0.6104854 0.04576456 0.5 0.6875 0.5 0.6875 0.5 0.6875 0.65625 0.84375 0.65625 0.84375 0.65625 0.84375 0.5 0.6875 0.5 0.6875 0.5 0.6875 0.65625 0.84375 0.65625 0.84375 0.65625 0.84375 0.6104854 0.7332646 0.5 0.6875 0.5 0.6875 0.5 0.6875 0.5 0.6875 0.5 0.6875 0.65625 0.84375 0.65625 0.84375 0.65625 0.84375 0.6104854 0.7332646 0.6104854 0.7332646 0.65625 0.84375 0.65625 0.84375 0.65625 0.84375 0.65625 0.84375 0.5 0.6875 0.5 0.6875 0.5 0.6875 0.5 0.6875 0.5 0.6875 0.5 0.6875 0.65625 0.84375 0.65625 0.84375 0.65625 0.84375 0.65625 0.84375 0.65625 0.84375 0.65625 0.84375 0.5 0.6875 0.5 0.6875 0.5 0.6875 0.375 0.3125 0.375 0.3125 0.375 0.6884399 0.4375 0.3125 0.4375 0.6884399 0.4375 0.6884399 0.6104854 0.04576456 0.65625 0.15625 0.65625 0.15625 0.65625 0.15625 0.6104854 0.2667354 0.6104854 0.2667354 0.6104854 0.2667354 0.5 0.3125 0.5 0.3125 0.5 0.3125 0.3895146 0.2667354 0.3895146 0.2667354 0.34375 0.15625 0.34375 0.15625 0.3895146 0.2667354 0.3895146 0.04576456 0.3895146 0.04576456 0.34375 0.15625 0.6104854 0.9542354 0.6104854 0.9542354 0.6104854 0.9542354 0.3895146 0.9542354 0.3895146 0.9542354 0.3895146 0.9542354 0.6104854 0.9542354 0.6104854 0.9542354 0.6104854 0.9542354 0.3895146 0.9542354 0.3895146 0.9542354 0.3895146 0.9542354 0.3895146 0.9542354 0.3895146 0.9542354 0.3895146 0.9542354 0.6104854 0.9542354 0.6104854 0.9542354 0.6104854 0.9542354 0.3895146 0.9542354 0.3895146 0.9542354 0.3895146 0.9542354 0.3895146 0.9542354 0.5 1 0.5 1 0.5 1 0.6104854 0.9542354 0.6104854 0.9542354 0.6104854 0.9542354 0.6104854 0.9542354 0.6104854 0.9542354 0.3895146 0.9542354 0.3895146 0.9542354 0.3895146 0.9542354 0.6104854 0.9542354 0.6104854 0.9542354 0.6104854 0.9542354 0.5 0.3125 0.5 0.3125 0.5 0.6884399 0.5625 0.3125 0.5625 0.6884399 0.5625 0.6884399 0.65625 0.15625 0.65625 0.15625 0.6104854 0.04576456 0.6104854 0.2667354 0.6104854 0.2667354 0.65625 0.15625 0.3895146 0.2667354 0.34375 0.15625 0.34375 0.15625 0.3895146 0.04576456 0.3895146 0.04576456 0.34375 0.15625 0.5 0 0.5 0 0.3895146 0.04576456 0.6104854 0.04576456 0.6104854 0.04576456 0.5 0 0.5 1 0.5 1 0.6104854 0.9542354 0.3895146 0.9542354 0.3895146 0.9542354 0.5 1 0.34375 0.84375 0.34375 0.84375 0.3895146 0.9542354 0.34375 0.84375 0.3895146 0.7332646 0.3895146 0.7332646 0.65625 0.84375 0.65625 0.84375 0.6104854 0.7332646 0.65625 0.84375 0.6104854 0.9542354 0.6104854 0.9542354 0.3895146 0.7332646 0.3895146 0.7332646 0.3895146 0.7332646 0.6104854 0.7332646 0.6104854 0.7332646 0.6104854 0.7332646 0.3895146 0.7332646 0.3895146 0.7332646 0.3895146 0.7332646 0.6104854 0.7332646 0.6104854 0.7332646 0.6104854 0.7332646 0.3895146 0.7332646 0.3895146 0.7332646 0.3895146 0.7332646 0.6104854 0.7332646 0.6104854 0.7332646 0.6104854 0.7332646 0.6104854 0.7332646 0.6104854 0.7332646 0.6104854 0.7332646 0.3895146 0.7332646 0.3895146 0.7332646 0.3895146 0.7332646 0.5 0.3125 0.5 0.3125 0.5 0.6884399 0.5625 0.3125 0.5625 0.6884399 0.5625 0.6884399 0.65625 0.15625 0.65625 0.15625 0.6104854 0.04576456 0.6104854 0.2667354 0.6104854 0.2667354 0.65625 0.15625 0.3895146 0.2667354 0.34375 0.15625 0.34375 0.15625 0.34375 0.15625 0.3895146 0.04576456 0.3895146 0.04576456 0.3895146 0.04576456 0.5 0 0.5 0 0.5 0 0.6104854 0.04576456 0.6104854 0.04576456 0.3895146 0.7332646 0.3895146 0.7332646 0.3895146 0.7332646 0.6104854 0.7332646 0.6104854 0.7332646 0.6104854 0.7332646 0.3895146 0.7332646 0.3895146 0.7332646 0.3895146 0.7332646 0.6104854 0.7332646 0.6104854 0.7332646 0.6104854 0.7332646 0.5 0.6875 0.3895146 0.7332646 0.3895146 0.7332646 0.3895146 0.7332646 0.3895146 0.7332646 0.3895146 0.7332646 0.6104854 0.7332646 0.6104854 0.7332646 0.6104854 0.7332646 0.5 0.6875 0.5 0.6875 0.6104854 0.7332646 0.6104854 0.7332646 0.6104854 0.7332646 0.6104854 0.7332646 0.3895146 0.7332646 0.3895146 0.7332646 0.3895146 0.7332646 0.40625 0.3125 0.40625 0.3125 0.40625 0.6884399 0.46875 0.3125 0.46875 0.6884399 0.46875 0.6884399 0.65625 0.15625 0.65625 0.15625 0.6104854 0.04576456 0.6104854 0.2667354 0.6104854 0.2667354 0.65625 0.15625 0.6104854 0.2667354 0.5 0.3125 0.5 0.3125 0.3895146 0.2667354 0.3895146 0.2667354 0.5 0.3125 0.34375 0.15625 0.34375 0.15625 0.3895146 0.2667354 0.5 0 0.6104854 0.04576456 0.6104854 0.04576456 0.5 1 0.5 1 0.5 1 0.34375 0.84375 0.34375 0.84375 0.34375 0.84375 0.5 1 0.5 1 0.5 1 0.34375 0.84375 0.34375 0.84375 0.34375 0.84375 0.5 1 0.5 1 0.5 1 0.34375 0.84375 0.34375 0.84375 0.34375 0.84375 0.34375 0.84375 0.34375 0.84375 0.34375 0.84375 0.5 1 0.5 1 0.5 1 0.34375 0.84375 0.34375 0.84375 0.34375 0.84375 0.5 1 0.5 1 0.5 1 0.34375 0.84375 0.34375 0.84375 0.34375 0.84375 0.3895146 0.9542354 0.3895146 0.9542354 0.34375 0.84375 0.3895146 0.9542354 0.5 1 0.5 1 0.5 1 0.5 1 0.5 1 0.375 0.3125 0.375 0.3125 0.375 0.6884399 0.4375 0.3125 0.4375 0.6884399 0.4375 0.6884399 0.6104854 0.04576456 0.65625 0.15625 0.65625 0.15625 0.6104854 0.2667354 0.6104854 0.2667354 0.65625 0.15625 0.5 0.3125 0.5 0.3125 0.6104854 0.2667354 0.5 0.3125 0.3895146 0.2667354 0.3895146 0.2667354 0.3895146 0.2667354 0.34375 0.15625 0.34375 0.15625 0.3895146 0.04576456 0.3895146 0.04576456 0.34375 0.15625 0.6104854 0.9542354 0.6104854 0.9542354 0.6104854 0.9542354 0.3895146 0.9542354 0.3895146 0.9542354 0.3895146 0.9542354 0.6104854 0.9542354 0.6104854 0.9542354 0.6104854 0.9542354 0.3895146 0.9542354 0.3895146 0.9542354 0.3895146 0.9542354 0.6104854 0.9542354 0.6104854 0.9542354 0.6104854 0.9542354 0.3895146 0.9542354 0.3895146 0.9542354 0.3895146 0.9542354 0.3895146 0.9542354 0.3895146 0.9542354 0.3895146 0.9542354 0.6104854 0.9542354 0.6104854 0.9542354 0.6104854 0.9542354 0.3895146 0.9542354 0.3895146 0.9542354 0.3895146 0.9542354 0.6104854 0.9542354 0.6104854 0.9542354 0.6104854 0.9542354 0.3895146 0.9542354 0.3895146 0.9542354 0.3895146 0.9542354 0.5 1 0.5 1 0.3895146 0.9542354 0.5 1 0.6104854 0.9542354 0.6104854 0.9542354 0.6104854 0.9542354 0.6104854 0.9542354 0.6104854 0.9542354 0.4375 0.3398284 0.4375 0.4382487 0.40625 0.4382487 0.375 0.3398284 0.40625 0.3398284 0.40625 0.4382487 0.59375 0.3398284 0.625 0.3398284 0.625 0.4382487 0.5625 0.3398284 0.59375 0.3398284 0.59375 0.4382487 0.53125 0.3398284 0.5625 0.3398284 0.5625 0.4382487 0.5 0.3398284 0.53125 0.3398284 0.53125 0.4382487 0.5 0.3398284 0.5 0.4382487 0.46875 0.4382487 0.46875 0.3398284 0.46875 0.4382487 0.4375 0.4382487 0.6104854 0.04576456 0.6104854 0.04576456 0.5 0 0.5 0 0.5 0 0.3895146 0.04576456 0.3895146 0.04576456 0.3895146 0.04576456 0.34375 0.15625 0.34375 0.15625 0.34375 0.15625 0.3895146 0.2667354 0.3895146 0.2667354 0.3895146 0.2667354 0.5 0.3125 0.5 0.3125 0.5 0.3125 0.6104854 0.2667354 0.6104854 0.2667354 0.6104854 0.2667354 0.65625 0.15625 0.65625 0.15625 0.65625 0.15625 0.6104854 0.04576456</float_array>
          <technique_common>
            <accessor source="#Mesh_002-mesh-map-0-array" count="6828" stride="2">
              <param name="S" type="float"/>
              <param name="T" type="float"/>
            </accessor>
          </technique_common>
        </source>
        <vertices id="Mesh_002-mesh-vertices">
          <input semantic="POSITION" source="#Mesh_002-mesh-positions"/>
        </vertices>
        <triangles material="deadTree_001-material" count="1076">
          <input semantic="VERTEX" source="#Mesh_002-mesh-vertices" offset="0"/>
          <input semantic="NORMAL" source="#Mesh_002-mesh-normals" offset="1"/>
          <input semantic="TEXCOORD" source="#Mesh_002-mesh-map-0" offset="2" set="0"/>
          <p>1018 0 0 1020 1 1 1021 2 2 1022 3 3 1020 4 4 1019 5 5 1024 24 24 1026 25 25 1028 26 26 1021 2 27 1029 27 28 1030 28 29 1023 29 30 1029 30 31 1020 4 32 1033 41 51 1035 42 52 1032 43 53 1036 44 54 1034 45 55 1033 46 56 1029 30 90 1036 44 91 1033 46 92 1029 27 93 1032 43 94 1030 28 95 1039 82 114 1040 83 115 1041 84 116 1042 85 117 1041 86 118 1043 87 119 1034 45 138 1038 93 139 1039 82 140 1035 42 141 1039 94 142 1042 85 143 1095 102 153 1097 103 154 1098 104 155 1099 105 156 1097 106 157 1096 107 158 1099 123 174 1096 124 175 1095 125 176 1097 103 183 1107 131 184 1098 104 185 1100 132 186 1106 133 187 1097 106 188 1109 147 207 1111 148 208 1112 149 209 1110 150 210 1114 151 211 1111 152 212 1115 171 231 1117 172 232 1118 173 233 1116 174 234 1120 175 235 1117 176 236 1106 133 264 1113 194 265 1110 150 266 1107 131 267 1110 195 268 1109 147 269 1114 151 288 1116 174 289 1111 152 290 1111 148 291 1115 171 292 1112 149 293 1120 175 309 1122 200 310 1117 176 311 1117 172 312 1123 201 313 1118 173 314 932 220 336 934 221 337 935 222 338 936 223 339 934 224 340 933 225 341 942 232 348 938 233 349 940 234 350 950 235 351 944 236 352 946 237 353 935 222 366 951 246 367 952 247 368 937 248 369 951 249 370 934 224 371 952 247 390 954 261 391 955 262 392 953 263 393 954 264 394 951 249 395 958 281 414 947 282 415 957 283 416 958 284 417 949 285 418 948 286 419 956 294 429 958 295 430 954 264 431 955 262 432 958 296 433 957 297 434 960 317 465 962 318 466 963 319 467 964 320 468 962 321 469 961 322 470 967 326 474 969 327 475 966 328 476 962 318 495 972 342 496 963 319 497 965 343 498 971 344 499 962 321 500 971 356 519 975 357 520 972 342 521 973 358 522 974 359 523 971 344 524 977 377 543 979 378 544 980 379 545 978 380 546 982 381 547 979 382 548 976 386 552 978 380 553 974 359 554 974 387 555 977 388 556 975 357 557 1044 406 588 1046 407 589 1047 408 590 1048 409 591 1046 410 592 1045 411 593 1054 418 600 1050 419 601 1052 420 602 1062 421 603 1056 422 604 1058 423 605 1047 408 618 1063 431 619 1064 432 620 1049 433 621 1063 434 622 1046 410 623 1067 450 642 1069 451 643 1066 452 644 1067 453 645 1071 454 646 1068 455 647 1068 470 666 1059 471 667 1069 451 668 1068 455 669 1061 472 670 1060 473 671 1065 477 681 1067 453 682 1063 434 683 1064 432 684 1067 450 685 1066 452 686 989 495 717 991 496 718 992 497 719 993 498 720 991 499 721 990 500 722 996 504 726 998 505 727 995 506 728 991 496 747 1001 519 748 992 497 749 994 520 750 1000 521 751 991 499 752 1004 539 771 1006 540 772 1003 541 773 1007 542 774 1005 543 775 1004 544 776 1010 563 795 1012 564 796 1009 565 797 1010 566 798 1014 567 799 1011 568 800 1000 521 804 1007 542 805 1004 544 806 1001 519 807 1004 539 808 1003 541 809 1005 572 828 1016 573 829 1006 540 830 1008 586 849 1015 587 850 1005 543 851 1015 587 852 1013 588 853 1010 566 854 1016 573 855 1010 563 856 1009 565 857 843 603 888 845 604 889 846 605 890 847 606 891 845 607 892 844 608 893 853 615 900 849 616 901 851 617 902 846 605 915 854 626 916 855 627 917 848 628 918 854 629 919 845 607 920 857 645 939 859 646 940 860 647 941 861 648 942 859 649 943 858 650 944 854 629 954 861 648 955 858 650 956 854 626 957 857 645 958 855 627 959 864 660 978 865 661 979 866 662 980 864 663 981 868 664 982 867 665 983 859 649 1002 863 682 1003 864 660 1004 859 646 1005 867 665 1006 860 647 1007 892 688 1026 894 689 1027 895 690 1028 896 691 1029 894 692 1030 893 693 1031 898 712 1050 900 713 1051 902 714 1052 894 689 1056 904 718 1057 895 690 1058 894 692 1059 905 719 1060 903 720 1061 904 718 1080 906 731 1081 907 732 1082 905 719 1083 906 733 1084 903 720 1085 906 731 1104 910 743 1105 907 732 1106 906 733 1107 911 744 1108 909 745 1109 789 757 1128 791 758 1129 792 759 1130 793 760 1131 791 761 1132 790 762 1133 795 781 1152 797 782 1153 799 783 1154 803 784 1155 805 785 1156 807 786 1157 792 759 1158 808 787 1159 809 788 1160 794 789 1161 808 790 1162 791 761 1163 812 801 1182 814 802 1183 811 803 1184 812 804 1185 816 805 1186 813 806 1187 813 806 1221 802 832 1222 801 833 1223 813 834 1224 800 835 1225 814 802 1226 808 790 1245 815 840 1246 812 804 1247 808 787 1248 811 803 1249 809 788 1250 817 853 1266 819 854 1267 820 855 1268 821 856 1269 819 857 1270 818 858 1271 827 865 1278 823 866 1279 825 867 1280 820 855 1293 828 876 1294 829 877 1295 822 878 1296 828 879 1297 819 857 1298 831 895 1317 833 896 1318 834 897 1319 835 898 1320 833 899 1321 832 900 1322 828 879 1332 835 898 1333 832 900 1334 828 876 1335 831 895 1336 829 877 1337 838 910 1356 839 911 1357 840 912 1358 838 913 1359 842 914 1360 841 915 1361 833 899 1380 837 932 1381 838 910 1382 833 896 1383 841 915 1384 834 897 1385 912 941 1407 914 942 1408 915 943 1409 916 944 1410 914 945 1411 913 946 1412 916 962 1428 913 963 1429 912 964 1430 915 943 1437 923 970 1438 924 971 1439 914 945 1440 925 972 1441 923 973 1442 923 970 1461 927 984 1462 924 971 1463 925 972 1464 926 985 1465 923 973 1466 927 984 1485 929 995 1486 930 996 1487 926 985 1488 931 997 1489 929 998 1490 1124 1008 1506 1126 1009 1507 1127 1010 1508 1128 1011 1509 1126 1012 1510 1125 1013 1511 1130 1032 1530 1132 1033 1531 1134 1034 1532 1127 1010 1536 1135 1038 1537 1136 1039 1538 1129 1040 1539 1135 1041 1540 1126 1012 1541 1139 1053 1560 1141 1054 1561 1138 1055 1562 1139 1056 1563 1143 1057 1564 1140 1058 1565 1145 1077 1584 1147 1078 1585 1144 1079 1586 1145 1080 1587 1149 1081 1588 1146 1082 1589 1135 1041 1623 1142 1104 1624 1139 1056 1625 1135 1038 1626 1138 1055 1627 1136 1039 1628 1143 1057 1647 1145 1080 1648 1140 1058 1649 1141 1054 1650 1145 1077 1651 1144 1079 1652 1149 1081 1668 1151 1110 1669 1146 1082 1670 1147 1078 1671 1151 1111 1672 1152 1112 1673 755 1129 1692 757 1130 1693 758 1131 1694 759 1132 1695 757 1133 1696 756 1134 1697 765 1141 1704 761 1142 1705 763 1143 1706 773 1144 1707 767 1145 1708 769 1146 1709 758 1131 1722 774 1154 1723 775 1155 1724 760 1156 1725 774 1157 1726 757 1133 1727 777 1174 1746 779 1175 1747 780 1176 1748 781 1177 1749 779 1178 1750 778 1179 1751 784 1198 1770 770 1199 1771 783 1200 1772 784 1201 1773 772 1202 1774 771 1203 1775 774 1157 1785 781 1177 1786 778 1179 1787 774 1154 1788 777 1174 1789 775 1155 1790 782 1210 1806 787 1211 1807 779 1178 1808 780 1176 1809 787 1212 1810 788 1213 1811 787 1211 1833 785 1227 1834 784 1201 1835 787 1212 1836 783 1200 1837 788 1213 1838 983 1323 2004 986 1324 2005 984 1325 2006 984 1326 2007 988 1327 2008 987 1328 2009 869 1340 2025 871 1341 2026 872 1342 2027 878 1361 2046 870 1362 2047 869 1363 2048 879 1367 2052 880 1368 2053 881 1369 2054 871 1341 2055 880 1370 2056 872 1342 2057 884 1381 2076 886 1382 2077 883 1383 2078 884 1384 2079 888 1385 2080 885 1386 2081 888 1385 2115 890 1412 2116 885 1386 2117 886 1382 2118 890 1413 2119 891 1414 2120 880 1370 2139 887 1420 2140 884 1384 2141 880 1368 2142 883 1383 2143 881 1369 2144 1072 1433 2160 1074 1434 2161 1075 1435 2162 1076 1436 2163 1074 1437 2164 1073 1438 2165 1082 1445 2172 1078 1446 2173 1080 1447 2174 1075 1435 2190 1083 1458 2191 1084 1459 2192 1077 1460 2193 1083 1461 2194 1074 1437 2195 1087 1477 2214 1089 1478 2215 1086 1479 2216 1087 1480 2217 1091 1481 2218 1088 1482 2219 1088 1497 2238 1093 1498 2239 1089 1478 2240 1088 1482 2241 1094 1499 2242 1092 1500 2243 1085 1506 2253 1087 1480 2254 1083 1461 2255 1084 1459 2256 1087 1477 2257 1086 1479 2258 566 1509 2274 758 1510 2275 573 1511 2276 567 1512 2277 760 1513 2278 759 1514 2279 568 1140 2280 762 1515 2281 562 1138 2282 567 1137 2283 761 1516 2284 568 1135 2285 566 1517 2286 763 1518 2287 755 1519 2288 564 1123 2289 763 1520 2290 565 1521 2291 563 1122 2292 764 1522 2293 564 1120 2294 563 1523 2295 762 1524 2296 765 1525 2297 591 1526 2298 766 1527 2299 590 1187 2300 591 1191 2301 768 1528 2302 767 1529 2303 592 1193 2304 769 1530 2305 768 1531 2306 593 1532 2307 770 1533 2308 769 1530 2309 596 1208 2310 772 1534 2311 595 1535 2312 590 1536 2313 773 1537 2314 596 1208 2315 573 1511 2316 775 1538 2317 599 1539 2318 574 1540 2319 776 1541 2320 760 1513 2321 580 1542 2322 780 1543 2323 605 1544 2324 581 1545 2325 782 1546 2326 781 1547 2327 594 1548 2328 783 1549 2329 770 1533 2330 595 1535 2331 785 1550 2332 588 1551 2333 581 1545 2334 776 1541 2335 598 1552 2336 580 1542 2337 775 1538 2338 777 1553 2339 604 1554 2340 786 1555 2341 782 1546 2342 605 1544 2343 788 1556 2344 613 1557 2345 588 1551 2346 786 1555 2347 612 1558 2348 587 1559 2349 788 1556 2350 783 1549 2351 377 1560 2352 792 1561 2353 384 1562 2354 378 1563 2355 794 1564 2356 793 1565 2357 377 778 2358 795 1566 2359 789 1567 2360 383 775 2361 796 1568 2362 795 1569 2363 382 1570 2364 797 1571 2365 796 1572 2366 380 771 2367 797 1573 2368 381 769 2369 379 766 2370 798 1574 2371 380 1575 2372 378 763 2373 799 1576 2374 379 1577 2375 400 830 2376 802 1578 2377 399 831 2378 400 830 2379 804 1579 2380 803 1580 2381 402 1581 2382 804 1582 2383 401 829 2384 402 828 2385 806 1583 2386 805 1584 2387 404 825 2388 806 1585 2389 403 826 2390 404 825 2391 800 1586 2392 807 1587 2393 384 1562 2394 809 1588 2395 418 1589 2396 385 1590 2397 810 1591 2398 794 1564 2399 411 1592 2400 811 1593 2401 814 1594 2402 410 1595 2403 815 1596 2404 392 1597 2405 399 831 2406 816 1598 2407 410 1595 2408 398 836 2409 814 1594 2410 800 1586 2411 392 1597 2412 810 1591 2413 417 1599 2414 391 1600 2415 809 1588 2416 811 1593 2417 423 1601 2418 820 1602 2419 430 1603 2420 424 1604 2421 822 1605 2422 821 1606 2423 419 862 2424 823 1607 2425 824 1608 2426 424 859 2427 823 1609 2428 425 1610 2429 423 850 2430 825 1611 2431 817 1612 2432 421 849 2433 825 1613 2434 422 847 2435 420 844 2436 826 1614 2437 421 1615 2438 420 841 2439 824 1616 2440 827 1617 2441 430 1603 2442 829 1618 2443 450 1619 2444 431 1620 2445 830 1621 2446 822 1605 2447 437 1622 2448 834 1623 2449 464 1624 2450 438 1625 2451 836 1626 2452 835 1627 2453 438 1625 2454 830 1621 2455 449 1628 2456 437 1622 2457 829 1618 2458 831 1629 2459 446 1630 2460 837 1631 2461 456 1632 2462 445 1633 2463 839 1634 2464 446 935 2465 445 1633 2466 842 1635 2467 840 1636 2468 444 1637 2469 841 1638 2470 842 1639 2471 456 1632 2472 836 1626 2473 463 1640 2474 457 1641 2475 834 1623 2476 841 1638 2477 295 1642 2478 846 1643 2479 302 1644 2480 296 1645 2481 848 1646 2482 847 1647 2483 291 612 2484 849 1648 2485 850 1649 2486 296 609 2487 849 1650 2488 297 1651 2489 295 600 2490 851 1652 2491 843 1653 2492 293 597 2493 851 1654 2494 294 1655 2495 292 594 2496 852 1656 2497 293 1657 2498 292 591 2499 850 1658 2500 853 1659 2501 302 1644 2502 855 1660 2503 322 1661 2504 303 1662 2505 856 1663 2506 848 1646 2507 309 1664 2508 860 1665 2509 336 1666 2510 310 1667 2511 862 1668 2512 861 1669 2513 310 1667 2514 856 1663 2515 321 1670 2516 309 1664 2517 855 1660 2518 857 1671 2519 318 1672 2520 863 1673 2521 328 1674 2522 317 1675 2523 865 1676 2524 318 685 2525 317 1675 2526 868 1677 2527 866 1678 2528 316 1679 2529 867 1680 2530 868 1681 2531 328 1674 2532 862 1668 2533 335 1682 2534 329 1683 2535 860 1665 2536 867 1680 2537 669 1684 2538 871 1685 2539 870 1686 2540 668 1687 2541 872 1688 2542 676 1689 2543 674 1358 2544 874 1690 2545 667 1691 2546 673 1357 2547 873 1692 2548 674 1355 2549 672 1352 2550 875 1693 2551 673 1694 2552 672 1695 2553 877 1696 2554 876 1697 2555 671 1346 2556 878 1698 2557 877 1699 2558 669 1343 2559 878 1700 2560 670 1701 2561 668 1337 2562 874 1702 2563 869 1703 2564 676 1704 2565 879 1705 2566 675 1706 2567 675 1707 2568 881 1708 2569 711 1709 2570 677 1710 2571 882 1711 2572 871 1685 2573 704 1712 2574 883 1713 2575 886 1714 2576 703 1715 2577 887 1716 2578 684 1717 2579 703 1715 2580 889 1718 2581 888 1719 2582 691 1364 2583 889 1720 2584 692 1721 2585 691 1364 2586 891 1722 2587 890 1723 2588 704 1712 2589 891 1724 2590 690 1725 2591 684 1717 2592 882 1711 2593 710 1726 2594 683 1727 2595 881 1708 2596 883 1713 2597 341 1728 2598 895 1729 2599 348 1730 2600 342 1731 2601 897 1732 2602 896 1733 2603 341 709 2604 898 1734 2605 892 1735 2606 347 1736 2607 899 1737 2608 898 1738 2609 346 1739 2610 900 1740 2611 899 1741 2612 344 702 2613 900 1742 2614 345 700 2615 343 699 2616 901 1743 2617 344 697 2618 342 694 2619 902 1744 2620 343 1745 2621 355 1746 2622 895 1729 2623 904 1747 2624 356 1748 2625 897 1732 2626 349 1749 2627 355 1746 2628 907 1750 2629 362 1751 2630 356 1748 2631 908 1752 2632 905 1753 2633 370 715 2634 910 1754 2635 909 1755 2636 369 1756 2637 907 1750 2638 910 1757 2639 371 1758 2640 908 1752 2641 363 1759 2642 370 715 2643 911 1760 2644 371 1761 2645 470 1762 2646 915 1763 2647 477 1764 2648 471 1765 2649 917 1766 2650 916 1767 2651 469 1768 2652 918 1769 2653 919 1770 2654 475 1771 2655 920 1772 2656 918 1773 2657 474 953 2658 921 1774 2659 920 1775 2660 472 952 2661 921 1776 2662 473 950 2663 471 949 2664 922 1777 2665 472 947 2666 470 938 2667 919 1778 2668 912 1779 2669 484 1780 2670 915 1763 2671 924 1781 2672 478 1782 2673 925 1783 2674 917 1766 2675 484 1780 2676 927 1784 2677 491 1785 2678 485 1786 2679 928 1787 2680 925 1783 2681 499 1788 2682 930 1789 2683 929 1790 2684 498 1791 2685 927 1784 2686 930 1792 2687 500 1793 2688 928 1787 2689 492 1794 2690 499 1788 2691 931 1795 2692 500 1796 2693 111 1797 2694 935 1798 2695 118 1799 2696 112 1800 2697 937 1801 2698 936 1802 2699 107 1803 2700 938 1804 2701 939 1805 2702 112 228 2703 938 1806 2704 113 226 2705 111 217 2706 940 1807 2707 932 1808 2708 110 1809 2709 941 1810 2710 940 1811 2711 109 1812 2712 942 1813 2713 941 1814 2714 107 210 2715 942 1815 2716 108 208 2717 136 1816 2718 943 1817 2719 135 270 2720 137 273 2721 944 1818 2722 136 274 2723 137 276 2724 946 1819 2725 945 1820 2726 138 280 2727 947 1821 2728 946 1819 2729 141 292 2730 949 1822 2731 140 288 2732 141 292 2733 943 1823 2734 950 1824 2735 118 1799 2736 952 1825 2737 125 1826 2738 119 1827 2739 953 1828 2740 937 1801 2741 125 1826 2742 955 1829 2743 144 1830 2744 126 1831 2745 956 1832 2746 953 1828 2747 139 279 2748 957 1833 2749 947 1821 2750 140 288 2751 959 1834 2752 133 1835 2753 133 1835 2754 956 1832 2755 143 1836 2756 132 1837 2757 955 1829 2758 957 1833 2759 154 1838 2760 963 1839 2761 161 1840 2762 155 1841 2763 965 1842 2764 964 1843 2765 155 323 2766 966 1844 2767 149 1845 2768 154 314 2769 967 1846 2770 960 1847 2771 153 1848 2772 968 1849 2773 967 1850 2774 152 1851 2775 969 1852 2776 968 1853 2777 151 1854 2778 970 1855 2779 969 1856 2780 149 304 2781 970 1857 2782 150 302 2783 161 1840 2784 972 1858 2785 168 1859 2786 162 1860 2787 973 1861 2788 965 1842 2789 168 1859 2790 975 1862 2791 186 1863 2792 169 1864 2793 976 1865 2794 973 1861 2795 183 1866 2796 980 1867 2797 979 1868 2798 182 1869 2799 977 1870 2800 980 1871 2801 184 1872 2802 981 1873 2803 176 1874 2804 183 1866 2805 982 1875 2806 184 329 2807 176 1874 2808 976 1865 2809 185 1876 2810 175 1877 2811 975 1862 2812 977 1870 2813 662 1878 2814 983 1879 2815 984 1880 2816 661 1881 2817 985 1882 2818 983 1881 2819 635 1261 2820 985 1883 2821 637 1263 2822 662 1878 2823 987 1884 2824 663 1885 2825 635 1261 2826 988 1886 2827 986 1887 2828 634 1888 2829 987 1889 2830 988 1888 2831 239 1890 2832 992 1891 2833 246 1892 2834 240 1893 2835 994 1894 2836 993 1895 2837 240 503 2838 995 1896 2839 234 501 2840 239 492 2841 996 1897 2842 989 1898 2843 238 1899 2844 997 1900 2845 996 1901 2846 237 1902 2847 998 1903 2848 997 1904 2849 235 485 2850 998 1905 2851 236 483 2852 235 1906 2853 995 1907 2854 999 1908 2855 246 1892 2856 1001 1909 2857 271 1910 2858 247 1911 2859 1002 1912 2860 994 1894 2861 253 1913 2862 1006 1914 2863 277 1915 2864 254 1916 2865 1008 1917 2866 1007 1918 2867 268 1919 2868 1012 1920 2869 1011 1921 2870 267 1922 2871 1009 1923 2872 1012 1924 2873 269 1925 2874 1013 1926 2875 261 1927 2876 268 1919 2877 1014 1928 2878 269 507 2879 254 1929 2880 1002 1912 2881 270 1930 2882 253 1913 2883 1001 1909 2884 1003 1931 2885 277 1915 2886 1016 1932 2887 285 1933 2888 283 1934 2889 1017 1935 2890 1008 1917 2891 261 1927 2892 1017 1935 2893 284 1936 2894 260 1937 2895 1016 1932 2896 1009 1923 2897 0 1938 2898 1021 1939 2899 7 1940 2900 1 1941 2901 1023 1942 2902 1022 1943 2903 0 1944 2904 1024 1945 2905 1018 1946 2906 6 1947 2907 1025 1948 2908 1024 1949 2909 5 1950 2910 1026 1951 2911 1025 1952 2912 4 1953 2913 1027 1954 2914 1026 1955 2915 2 11 2916 1027 1956 2917 3 9 2918 1 6 2919 1028 1957 2920 2 1958 2921 7 1940 2922 1030 1959 2923 35 1960 2924 8 1961 2925 1031 1962 2926 1023 1942 2927 14 1963 2928 1035 1964 2929 49 1965 2930 48 1966 2931 1036 1967 2932 15 1968 2933 15 1968 2934 1031 1962 2935 34 1969 2936 14 1963 2937 1030 1959 2938 1032 1970 2939 41 1971 2940 1040 1972 2941 1038 1973 2942 23 1974 2943 1041 1975 2944 1040 1976 2945 22 1977 2946 1043 1978 2947 1041 1975 2948 42 1979 2949 1043 1980 2950 21 1981 2951 41 1971 2952 1037 1982 2953 48 1983 2954 42 1979 2955 1035 1964 2956 1042 1984 2957 196 1985 2958 1047 1986 2959 203 1987 2960 197 1988 2961 1049 1989 2962 1048 1990 2963 198 417 2964 1051 1991 2965 192 415 2966 197 412 2967 1050 1992 2968 198 1993 2969 196 403 2970 1052 1994 2971 1044 1995 2972 194 400 2973 1052 1996 2974 195 1997 2975 193 399 2976 1053 1998 2977 194 397 2978 192 394 2979 1054 1999 2980 193 2000 2981 221 462 2982 1055 2001 2983 220 463 2984 222 2002 2985 1056 2003 2986 221 465 2987 223 469 2988 1057 2004 2989 222 467 2990 223 469 2991 1059 2005 2992 1058 2006 2993 226 474 2994 1061 2007 2995 225 475 2996 226 474 2997 1055 2008 2998 1062 2009 2999 203 1987 3000 1064 2010 3001 229 2011 3002 204 2012 3003 1065 2013 3004 1049 1989 3005 217 2014 3006 1066 2015 3007 1069 2016 3008 218 2017 3009 1070 2018 3010 211 2019 3011 224 468 3012 1069 2016 3013 1059 2005 3014 225 475 3015 1071 2020 3016 218 2017 3017 211 2019 3018 1065 2013 3019 228 2021 3020 210 2022 3021 1064 2010 3022 1066 2015 3023 716 2023 3024 1075 2024 3025 723 2025 3026 717 2026 3027 1077 2027 3028 1076 2028 3029 718 1444 3030 1079 2029 3031 712 1442 3032 717 1439 3033 1078 2030 3034 718 2031 3035 716 1430 3036 1080 2032 3037 1072 2033 3038 715 2034 3039 1081 2035 3040 1080 2036 3041 714 1424 3042 1082 2037 3043 1081 2038 3044 713 2039 3045 1079 2040 3046 1082 2041 3047 723 2025 3048 1084 2042 3049 750 2043 3050 724 2044 3051 1085 2045 3052 1077 2027 3053 737 2046 3054 1086 2047 3055 1089 2048 3056 738 2049 3057 1090 2050 3058 731 2051 3059 745 1450 3060 1093 2052 3061 1092 2053 3062 737 2046 3063 1093 2054 3064 744 2055 3065 738 2049 3066 1094 2056 3067 1091 2057 3068 745 1450 3069 1094 2058 3070 746 2059 3071 731 2051 3072 1085 2045 3073 749 2060 3074 730 2061 3075 1084 2042 3076 1086 2047 3077 51 2062 3078 1098 2063 3079 58 2064 3080 52 2065 3081 1100 2066 3082 1099 2067 3083 56 120 3084 1102 2068 3085 50 2069 3086 55 119 3087 1101 2070 3088 56 117 3089 55 2071 3090 1104 2072 3091 1103 2073 3092 53 113 3093 1104 2074 3094 54 111 3095 52 110 3096 1105 2075 3097 53 108 3098 51 99 3099 1102 2076 3100 1095 2077 3101 58 2064 3102 1107 2078 3103 91 2079 3104 59 2080 3105 1108 2081 3106 1100 2066 3107 98 2082 3108 1109 2083 3109 1112 2084 3110 97 2085 3111 1113 2086 3112 66 2087 3113 104 2088 3114 1115 2089 3115 1118 2090 3116 103 2091 3117 1119 2092 3118 73 2093 3119 66 2087 3120 1108 2081 3121 90 2094 3122 65 2095 3123 1107 2078 3124 1109 2083 3125 97 2085 3126 1119 2096 3127 1114 2097 3128 98 2082 3129 1115 2089 3130 72 2098 3131 103 2091 3132 1121 2099 3133 1120 2100 3134 80 2101 3135 1121 2102 3136 81 2103 3137 80 2101 3138 1123 2104 3139 1122 2105 3140 104 2088 3141 1123 2106 3142 79 2107 3143 505 2108 3144 1127 2109 3145 512 2110 3146 506 2111 3147 1129 2112 3148 1128 2113 3149 505 1029 3150 1130 2114 3151 1124 2115 3152 510 1026 3153 1130 2116 3154 511 2117 3155 509 1023 3156 1131 2118 3157 510 2119 3158 509 1020 3159 1133 2120 3160 1132 2121 3161 508 1017 3162 1134 2122 3163 1133 2123 3164 506 1014 3165 1134 2124 3166 507 2125 3167 512 2110 3168 1136 2126 3169 547 2127 3170 513 2128 3171 1137 2129 3172 1129 2112 3173 554 2130 3174 1138 2131 3175 1141 2132 3176 553 2133 3177 1142 2134 3178 520 2135 3179 560 2136 3180 1144 2137 3181 1147 2138 3182 559 2139 3183 1148 2140 3184 527 2141 3185 520 2135 3186 1137 2129 3187 546 2142 3188 519 2143 3189 1136 2126 3190 1138 2131 3191 553 2133 3192 1148 2140 3193 1143 2144 3194 554 2130 3195 1144 2137 3196 526 2145 3197 559 2139 3198 1150 2146 3199 1149 2147 3200 534 2148 3201 1150 2149 3202 535 2150 3203 534 2148 3204 1152 2151 3205 1151 2152 3206 560 2136 3207 1152 2153 3208 533 2154 3209 1018 0 3258 1019 2169 3259 1020 1 3260 1022 3 3261 1023 29 3262 1020 4 3263 1019 2170 3282 1018 2171 3283 1022 2172 3284 1018 2171 3285 1024 24 3286 1028 26 3287 1024 24 3288 1025 2173 3289 1026 25 3290 1026 25 3291 1027 2174 3292 1028 26 3293 1028 26 3294 1022 2172 3295 1018 2171 3296 1021 2 3297 1020 1 3298 1029 27 3299 1023 29 3300 1031 2175 3301 1029 30 3302 1033 41 3321 1034 2179 3322 1035 42 3323 1036 44 3324 1037 2180 3325 1034 45 3326 1029 30 3360 1031 2175 3361 1036 44 3362 1029 27 3363 1033 41 3364 1032 43 3365 1039 82 3384 1038 93 3385 1040 83 3386 1042 85 3387 1039 94 3388 1041 86 3389 1034 45 3408 1037 2180 3409 1038 93 3410 1035 42 3411 1034 2179 3412 1039 94 3413 1095 102 3435 1096 2192 3436 1097 103 3437 1099 105 3438 1100 132 3439 1097 106 3440 1095 125 3456 1102 2194 3457 1105 2195 3458 1102 2194 3459 1101 2196 3460 1103 2197 3461 1105 2195 3462 1103 2197 3463 1104 2198 3464 1102 2194 3465 1103 2197 3466 1105 2195 3467 1105 2195 3468 1099 123 3469 1095 125 3470 1097 103 3489 1106 2202 3490 1107 131 3491 1100 132 3492 1108 2203 3493 1106 133 3494 1109 147 3513 1110 195 3514 1111 148 3515 1110 150 3516 1113 194 3517 1114 151 3518 1115 171 3537 1116 2211 3538 1117 172 3539 1116 174 3540 1119 2212 3541 1120 175 3542 1106 133 3570 1108 2203 3571 1113 194 3572 1107 131 3573 1106 2202 3574 1110 195 3575 1114 151 3594 1119 2212 3595 1116 174 3596 1111 148 3597 1116 2211 3598 1115 171 3599 1120 175 3615 1121 2220 3616 1122 200 3617 1117 172 3618 1122 2221 3619 1123 201 3620 932 220 3642 933 2223 3643 934 221 3644 936 223 3645 937 248 3646 934 224 3647 942 232 3654 939 2224 3655 938 233 3656 938 233 3657 936 2225 3658 940 234 3659 936 2225 3660 933 2226 3661 932 2227 3662 940 234 3663 936 2225 3664 932 2227 3665 940 234 3666 941 2228 3667 942 232 3668 950 235 3669 943 2229 3670 944 236 3671 944 236 3672 945 2230 3673 946 237 3674 946 237 3675 947 2231 3676 950 235 3677 947 2231 3678 948 2232 3679 949 2233 3680 950 235 3681 947 2231 3682 949 2233 3683 935 222 3696 934 221 3697 951 246 3698 937 248 3699 953 263 3700 951 249 3701 952 247 3720 951 246 3721 954 261 3722 953 263 3723 956 294 3724 954 264 3725 958 281 3744 948 2234 3745 947 282 3746 958 284 3747 959 2235 3748 949 285 3749 956 294 3759 959 2237 3760 958 295 3761 955 262 3762 954 261 3763 958 296 3764 960 317 3795 961 2239 3796 962 318 3797 964 320 3798 965 343 3799 962 321 3800 970 2240 3804 966 328 3805 969 327 3806 966 328 3807 964 2241 3808 960 2242 3809 964 2241 3810 961 2243 3811 960 2242 3812 960 2242 3813 967 326 3814 966 328 3815 967 326 3816 968 2244 3817 969 327 3818 962 318 3849 971 356 3850 972 342 3851 965 343 3852 973 358 3853 971 344 3854 971 356 3873 974 387 3874 975 357 3875 973 358 3876 976 386 3877 974 359 3878 977 377 3897 978 2253 3898 979 378 3899 978 380 3900 981 2254 3901 982 381 3902 976 386 3906 981 2254 3907 978 380 3908 974 387 3909 978 2256 3910 977 388 3911 1044 406 3942 1045 2259 3943 1046 407 3944 1048 409 3945 1049 433 3946 1046 410 3947 1054 418 3954 1051 2260 3955 1050 419 3956 1050 419 3957 1048 2261 3958 1044 2262 3959 1048 2261 3960 1045 2263 3961 1044 2262 3962 1044 2262 3963 1052 420 3964 1050 419 3965 1052 420 3966 1053 2264 3967 1054 418 3968 1062 421 3969 1055 2265 3970 1056 422 3971 1056 422 3972 1057 2266 3973 1058 423 3974 1058 423 3975 1059 2267 3976 1062 421 3977 1059 2267 3978 1060 2268 3979 1061 2269 3980 1062 421 3981 1059 2267 3982 1061 2269 3983 1047 408 3996 1046 407 3997 1063 431 3998 1049 433 3999 1065 477 4000 1063 434 4001 1067 450 4020 1068 470 4021 1069 451 4022 1067 453 4023 1070 2272 4024 1071 454 4025 1068 470 4044 1060 2275 4045 1059 471 4046 1068 455 4047 1071 454 4048 1061 472 4049 1065 477 4059 1070 2272 4060 1067 453 4061 1064 432 4062 1063 431 4063 1067 450 4064 989 495 4095 990 2279 4096 991 496 4097 993 498 4098 994 520 4099 991 499 4100 999 2280 4104 995 506 4105 998 505 4106 995 506 4107 993 2281 4108 989 2282 4109 993 2281 4110 990 2283 4111 989 2282 4112 989 2282 4113 996 504 4114 995 506 4115 996 504 4116 997 2284 4117 998 505 4118 991 496 4149 1000 2290 4150 1001 519 4151 994 520 4152 1002 2291 4153 1000 521 4154 1004 539 4173 1005 572 4174 1006 540 4175 1007 542 4176 1008 586 4177 1005 543 4178 1010 563 4197 1011 2301 4198 1012 564 4199 1010 566 4200 1013 588 4201 1014 567 4202 1000 521 4206 1002 2291 4207 1007 542 4208 1001 519 4209 1000 2290 4210 1004 539 4211 1005 572 4230 1015 2303 4231 1016 573 4232 1008 586 4251 1017 2305 4252 1015 587 4253 1015 587 4254 1017 2305 4255 1013 588 4256 1016 573 4257 1015 2303 4258 1010 563 4259 843 603 4290 844 2307 4291 845 604 4292 847 606 4293 848 628 4294 845 607 4295 853 615 4302 850 2308 4303 849 616 4304 849 616 4305 847 2309 4306 843 2310 4307 847 2309 4308 844 2311 4309 843 2310 4310 843 2310 4311 851 617 4312 849 616 4313 851 617 4314 852 2312 4315 853 615 4316 846 605 4329 845 604 4330 854 626 4331 848 628 4332 856 2314 4333 854 629 4334 857 645 4353 858 2321 4354 859 646 4355 861 648 4356 862 2322 4357 859 649 4358 854 629 4368 856 2314 4369 861 648 4370 854 626 4371 858 2321 4372 857 645 4373 864 660 4392 863 682 4393 865 661 4394 864 663 4395 866 2325 4396 868 664 4397 859 649 4416 862 2322 4417 863 682 4418 859 646 4419 864 663 4420 867 665 4421 892 688 4452 893 2333 4453 894 689 4454 896 691 4455 897 2334 4456 894 692 4457 893 2337 4476 892 2338 4477 896 2339 4478 892 2338 4479 898 712 4480 896 2339 4481 898 712 4482 899 2340 4483 900 713 4484 900 713 4485 901 2341 4486 902 714 4487 902 714 4488 896 2339 4489 898 712 4490 894 689 4506 903 2346 4507 904 718 4508 894 692 4509 897 2334 4510 905 719 4511 904 718 4530 903 2346 4531 906 731 4532 905 719 4533 908 2350 4534 906 733 4535 906 731 4554 909 2352 4555 910 743 4556 906 733 4557 908 2350 4558 911 744 4559 789 757 4578 790 2356 4579 791 758 4580 793 760 4581 794 789 4582 791 761 4583 790 2359 4602 789 2360 4603 793 2361 4604 789 2360 4605 795 781 4606 793 2361 4607 795 781 4608 796 2362 4609 797 782 4610 797 782 4611 798 2363 4612 799 783 4613 799 783 4614 793 2361 4615 795 781 4616 807 786 4617 800 2364 4618 802 2365 4619 800 2364 4620 801 2366 4621 802 2365 4622 802 2365 4623 803 784 4624 807 786 4625 803 784 4626 804 2367 4627 805 785 4628 805 785 4629 806 2368 4630 807 786 4631 792 759 4632 791 758 4633 808 787 4634 794 789 4635 810 2369 4636 808 790 4637 812 801 4656 813 834 4657 814 802 4658 812 804 4659 815 840 4660 816 805 4661 813 806 4695 816 805 4696 802 832 4697 813 834 4698 801 2377 4699 800 835 4700 808 790 4719 810 2369 4720 815 840 4721 808 787 4722 812 801 4723 811 803 4724 817 853 4740 818 2380 4741 819 854 4742 821 856 4743 822 878 4744 819 857 4745 827 865 4752 824 2381 4753 823 866 4754 823 866 4755 821 2382 4756 817 2383 4757 821 2382 4758 818 2384 4759 817 2383 4760 817 2383 4761 825 867 4762 823 866 4763 825 867 4764 826 2385 4765 827 865 4766 820 855 4779 819 854 4780 828 876 4781 822 878 4782 830 2387 4783 828 879 4784 831 895 4803 832 2394 4804 833 896 4805 835 898 4806 836 2395 4807 833 899 4808 828 879 4818 830 2387 4819 835 898 4820 828 876 4821 832 2394 4822 831 895 4823 838 910 4842 837 932 4843 839 911 4844 838 913 4845 840 2398 4846 842 914 4847 833 899 4866 836 2395 4867 837 932 4868 833 896 4869 838 913 4870 841 915 4871 912 941 4905 913 2406 4906 914 942 4907 916 944 4908 917 2407 4909 914 945 4910 912 964 4926 919 2410 4927 922 2411 4928 919 2410 4929 918 2412 4930 920 2413 4931 922 2411 4932 920 2413 4933 921 2414 4934 919 2410 4935 920 2413 4936 922 2411 4937 922 2411 4938 916 962 4939 912 964 4940 915 943 4959 914 942 4960 923 970 4961 914 945 4962 917 2407 4963 925 972 4964 923 970 4983 926 2422 4984 927 984 4985 925 972 4986 928 2423 4987 926 985 4988 927 984 5007 926 2422 5008 929 995 5009 926 985 5010 928 2423 5011 931 997 5012 1124 1008 5028 1125 2428 5029 1126 1009 5030 1128 1011 5031 1129 1040 5032 1126 1012 5033 1125 2430 5052 1124 2431 5053 1128 2432 5054 1124 2431 5055 1130 1032 5056 1134 1034 5057 1130 1032 5058 1131 2433 5059 1132 1033 5060 1132 1033 5061 1133 2434 5062 1134 1034 5063 1134 1034 5064 1128 2432 5065 1124 2431 5066 1127 1010 5082 1126 1009 5083 1135 1038 5084 1129 1040 5085 1137 2438 5086 1135 1041 5087 1139 1053 5106 1140 2442 5107 1141 1054 5108 1139 1056 5109 1142 1104 5110 1143 1057 5111 1145 1077 5130 1146 2446 5131 1147 1078 5132 1145 1080 5133 1148 2447 5134 1149 1081 5135 1135 1041 5169 1137 2438 5170 1142 1104 5171 1135 1038 5172 1139 1053 5173 1138 1055 5174 1143 1057 5193 1148 2447 5194 1145 1080 5195 1141 1054 5196 1140 2442 5197 1145 1077 5198 1149 1081 5214 1150 2457 5215 1151 1110 5216 1147 1078 5217 1146 2446 5218 1151 1111 5219 755 1129 5238 756 2459 5239 757 1130 5240 759 1132 5241 760 1156 5242 757 1133 5243 765 1141 5250 762 2460 5251 761 1142 5252 761 1142 5253 759 2461 5254 763 1143 5255 759 2461 5256 756 2462 5257 755 2463 5258 763 1143 5259 759 2461 5260 755 2463 5261 763 1143 5262 764 2464 5263 765 1141 5264 773 1144 5265 766 2465 5266 767 1145 5267 767 1145 5268 768 2466 5269 769 1146 5270 769 1146 5271 770 2467 5272 772 2468 5273 770 2467 5274 771 2469 5275 772 2468 5276 772 2468 5277 773 1144 5278 769 1146 5279 758 1131 5292 757 1130 5293 774 1154 5294 760 1156 5295 776 2471 5296 774 1157 5297 777 1174 5316 778 2477 5317 779 1175 5318 781 1177 5319 782 1210 5320 779 1178 5321 784 1198 5340 771 2479 5341 770 1199 5342 784 1201 5343 785 1227 5344 772 1202 5345 774 1157 5355 776 2471 5356 781 1177 5357 774 1154 5358 778 2477 5359 777 1174 5360 782 1210 5376 786 2480 5377 787 1211 5378 780 1176 5379 779 1175 5380 787 1212 5381 787 1211 5403 786 2480 5404 785 1227 5405 787 1212 5406 784 1198 5407 783 1200 5408 983 1323 5526 985 2499 5527 986 1324 5528 984 1326 5529 986 2500 5530 988 1327 5531 869 1340 5547 870 2502 5548 871 1341 5549 869 1363 5568 874 2504 5569 878 1361 5570 874 2504 5571 873 2505 5572 875 2506 5573 878 1361 5574 874 2504 5575 876 2507 5576 875 2506 5577 876 2507 5578 874 2504 5579 876 2507 5580 877 2508 5581 878 1361 5582 879 1367 5598 872 2513 5599 880 1368 5600 871 1341 5601 882 2514 5602 880 1370 5603 884 1381 5622 885 2518 5623 886 1382 5624 884 1384 5625 887 1420 5626 888 1385 5627 888 1385 5661 889 2525 5662 890 1412 5663 886 1382 5664 885 2518 5665 890 1413 5666 880 1370 5685 882 2514 5686 887 1420 5687 880 1368 5688 884 1381 5689 883 1383 5690 1072 1433 5706 1073 2528 5707 1074 1434 5708 1076 1436 5709 1077 1460 5710 1074 1437 5711 1082 1445 5718 1079 2529 5719 1078 1446 5720 1078 1446 5721 1076 2530 5722 1080 1447 5723 1076 2530 5724 1073 2531 5725 1072 2532 5726 1080 1447 5727 1076 2530 5728 1072 2532 5729 1080 1447 5730 1081 2533 5731 1082 1445 5732 1075 1435 5760 1074 1434 5761 1083 1458 5762 1077 1460 5763 1085 1506 5764 1083 1461 5765 1087 1477 5784 1088 1497 5785 1089 1478 5786 1087 1480 5787 1090 2539 5788 1091 1481 5789 1088 1497 5808 1092 2545 5809 1093 1498 5810 1088 1482 5811 1091 1481 5812 1094 1499 5813 1085 1506 5823 1090 2539 5824 1087 1480 5825 1084 1459 5826 1083 1458 5827 1087 1477 5828 566 1509 5844 755 2546 5845 758 1510 5846 567 1512 5847 574 1540 5848 760 1513 5849 568 1140 5850 761 2547 5851 762 1515 5852 567 1137 5853 759 2548 5854 761 1516 5855 566 1517 5856 565 1126 5857 763 1518 5858 564 1123 5859 764 2549 5860 763 1520 5861 563 1122 5862 765 2550 5863 764 1522 5864 563 1523 5865 562 1117 5866 762 1524 5867 591 1526 5868 767 2551 5869 766 1527 5870 591 1191 5871 592 1190 5872 768 1528 5873 592 1193 5874 593 1532 5875 769 1530 5876 593 1532 5877 594 1548 5878 770 1533 5879 596 1208 5880 773 1537 5881 772 1534 5882 590 1536 5883 766 2552 5884 773 1537 5885 573 1511 5886 758 1510 5887 775 1538 5888 574 1540 5889 598 1552 5890 776 1541 5891 580 1542 5892 777 1553 5893 780 1543 5894 581 1545 5895 604 1554 5896 782 1546 5897 594 1548 5898 587 1559 5899 783 1549 5900 595 1535 5901 772 1534 5902 785 1550 5903 581 1545 5904 781 1547 5905 776 1541 5906 580 1542 5907 599 1539 5908 775 1538 5909 604 1554 5910 612 1558 5911 786 1555 5912 605 1544 5913 780 1543 5914 788 1556 5915 588 1551 5916 785 1550 5917 786 1555 5918 587 1559 5919 613 1557 5920 788 1556 5921 377 1560 5922 789 2553 5923 792 1561 5924 378 1563 5925 385 1590 5926 794 1564 5927 377 778 5928 383 780 5929 795 1566 5930 383 775 5931 382 777 5932 796 1568 5933 382 1570 5934 381 772 5935 797 1571 5936 380 771 5937 798 2554 5938 797 1573 5939 379 766 5940 799 2555 5941 798 1574 5942 378 763 5943 793 2556 5944 799 1576 5945 400 830 5946 803 1580 5947 802 1578 5948 400 830 5949 401 2376 5950 804 1579 5951 402 1581 5952 805 2557 5953 804 1582 5954 402 828 5955 403 827 5956 806 1583 5957 404 825 5958 807 1587 5959 806 1585 5960 404 825 5961 398 836 5962 800 1586 5963 384 1562 5964 792 1561 5965 809 1588 5966 385 1590 5967 417 1599 5968 810 1591 5969 411 1592 5970 391 1600 5971 811 1593 5972 410 1595 5973 816 1598 5974 815 1596 5975 399 831 5976 802 1578 5977 816 1598 5978 398 836 5979 411 1592 5980 814 1594 5981 392 1597 5982 815 1596 5983 810 1591 5984 391 1600 5985 418 1589 5986 809 1588 5987 423 1601 5988 817 2558 5989 820 1602 5990 424 1604 5991 431 1620 5992 822 1605 5993 419 862 5994 425 864 5995 823 1607 5996 424 859 5997 821 2559 5998 823 1609 5999 423 850 6000 422 852 6001 825 1611 6002 421 849 6003 826 2560 6004 825 1613 6005 420 844 6006 827 2561 6007 826 1614 6008 420 841 6009 419 843 6010 824 1616 6011 430 1603 6012 820 1602 6013 829 1618 6014 431 1620 6015 449 1628 6016 830 1621 6017 437 1622 6018 831 1629 6019 834 1623 6020 438 1625 6021 463 1640 6022 836 1626 6023 438 1625 6024 835 1627 6025 830 1621 6026 437 1622 6027 450 1619 6028 829 1618 6029 446 1630 6030 839 2562 6031 837 1631 6032 445 1633 6033 840 1636 6034 839 1634 6035 445 1633 6036 444 2405 6037 842 1635 6038 444 1637 6039 457 1641 6040 841 1638 6041 456 1632 6042 837 1631 6043 836 1626 6044 457 1641 6045 464 1624 6046 834 1623 6047 295 1642 6048 843 2563 6049 846 1643 6050 296 1645 6051 303 1662 6052 848 1646 6053 291 612 6054 297 614 6055 849 1648 6056 296 609 6057 847 2564 6058 849 1650 6059 295 600 6060 294 602 6061 851 1652 6062 293 597 6063 852 2565 6064 851 1654 6065 292 594 6066 853 2566 6067 852 1656 6068 292 591 6069 291 593 6070 850 1658 6071 302 1644 6072 846 1643 6073 855 1660 6074 303 1662 6075 321 1670 6076 856 1663 6077 309 1664 6078 857 1671 6079 860 1665 6080 310 1667 6081 335 1682 6082 862 1668 6083 310 1667 6084 861 1669 6085 856 1663 6086 309 1664 6087 322 1661 6088 855 1660 6089 318 1672 6090 865 2567 6091 863 1673 6092 317 1675 6093 866 1678 6094 865 1676 6095 317 1675 6096 316 2332 6097 868 1677 6098 316 1679 6099 329 1683 6100 867 1680 6101 328 1674 6102 863 1673 6103 862 1668 6104 329 1683 6105 336 1666 6106 860 1665 6107 669 1684 6108 677 1710 6109 871 1685 6110 668 1687 6111 869 2568 6112 872 1688 6113 674 1358 6114 873 2569 6115 874 1690 6116 673 1357 6117 875 2570 6118 873 1692 6119 672 1352 6120 876 2571 6121 875 1693 6122 672 1695 6123 671 1349 6124 877 1696 6125 671 1346 6126 670 1348 6127 878 1698 6128 669 1343 6129 870 2572 6130 878 1700 6131 668 1337 6132 667 1339 6133 874 1702 6134 676 1704 6135 872 2573 6136 879 1705 6137 675 1707 6138 879 2574 6139 881 1708 6140 677 1710 6141 710 1726 6142 882 1711 6143 704 1712 6144 683 1727 6145 883 1713 6146 703 1715 6147 888 1719 6148 887 1716 6149 703 1715 6150 692 2575 6151 889 1718 6152 691 1364 6153 890 1723 6154 889 1720 6155 691 1364 6156 690 2510 6157 891 1722 6158 704 1712 6159 886 1714 6160 891 1724 6161 684 1717 6162 887 1716 6163 882 1711 6164 683 1727 6165 711 1709 6166 881 1708 6167 341 1728 6168 892 2576 6169 895 1729 6170 342 1731 6171 349 1749 6172 897 1732 6173 341 709 6174 347 711 6175 898 1734 6176 347 1736 6177 346 706 6178 899 1737 6179 346 1739 6180 345 703 6181 900 1740 6182 344 702 6183 901 2577 6184 900 1742 6185 343 699 6186 902 2578 6187 901 1743 6188 342 694 6189 896 2579 6190 902 1744 6191 355 1746 6192 348 1730 6193 895 1729 6194 356 1748 6195 905 1753 6196 897 1732 6197 355 1746 6198 904 1747 6199 907 1750 6200 356 1748 6201 363 1759 6202 908 1752 6203 370 715 6204 369 2343 6205 910 1754 6206 369 1756 6207 362 1751 6208 907 1750 6209 371 1758 6210 911 2580 6211 908 1752 6212 370 715 6213 909 1755 6214 911 1760 6215 470 1762 6216 912 2581 6217 915 1763 6218 471 1765 6219 478 1782 6220 917 1766 6221 469 1768 6222 475 959 6223 918 1769 6224 475 1771 6225 474 956 6226 920 1772 6227 474 953 6228 473 955 6229 921 1774 6230 472 952 6231 922 2582 6232 921 1776 6233 471 949 6234 916 2583 6235 922 1777 6236 470 938 6237 469 940 6238 919 1778 6239 484 1780 6240 477 1764 6241 915 1763 6242 478 1782 6243 485 1786 6244 925 1783 6245 484 1780 6246 924 1781 6247 927 1784 6248 485 1786 6249 492 1794 6250 928 1787 6251 499 1788 6252 498 2416 6253 930 1789 6254 498 1791 6255 491 1785 6256 927 1784 6257 500 1793 6258 931 2584 6259 928 1787 6260 499 1788 6261 929 1790 6262 931 1795 6263 111 1797 6264 932 2585 6265 935 1798 6266 112 1800 6267 119 1827 6268 937 1801 6269 107 1803 6270 113 229 6271 938 1804 6272 112 228 6273 936 2586 6274 938 1806 6275 111 217 6276 110 219 6277 940 1807 6278 110 1809 6279 109 214 6280 941 1810 6281 109 1812 6282 108 211 6283 942 1813 6284 107 210 6285 939 2587 6286 942 1815 6287 136 1816 6288 944 2588 6289 943 1817 6290 137 273 6291 945 2589 6292 944 1818 6293 137 276 6294 138 280 6295 946 1819 6296 138 280 6297 139 279 6298 947 1821 6299 141 292 6300 950 1824 6301 949 1822 6302 141 292 6303 135 291 6304 943 1823 6305 118 1799 6306 935 1798 6307 952 1825 6308 119 1827 6309 126 1831 6310 953 1828 6311 125 1826 6312 952 1825 6313 955 1829 6314 126 1831 6315 143 1836 6316 956 1832 6317 139 279 6318 132 1837 6319 957 1833 6320 140 288 6321 949 1822 6322 959 1834 6323 133 1835 6324 959 1834 6325 956 1832 6326 132 1837 6327 144 1830 6328 955 1829 6329 154 1838 6330 960 2590 6331 963 1839 6332 155 1841 6333 162 1860 6334 965 1842 6335 155 323 6336 964 2591 6337 966 1844 6338 154 314 6339 153 316 6340 967 1846 6341 153 1848 6342 152 311 6343 968 1849 6344 152 1851 6345 151 308 6346 969 1852 6347 151 1854 6348 150 305 6349 970 1855 6350 149 304 6351 966 2592 6352 970 1857 6353 161 1840 6354 963 1839 6355 972 1858 6356 162 1860 6357 169 1864 6358 973 1861 6359 168 1859 6360 972 1858 6361 975 1862 6362 169 1864 6363 185 1876 6364 976 1865 6365 183 1866 6366 182 2248 6367 980 1867 6368 182 1869 6369 175 1877 6370 977 1870 6371 184 1872 6372 982 2593 6373 981 1873 6374 183 1866 6375 979 1868 6376 982 1875 6377 176 1874 6378 981 1873 6379 976 1865 6380 175 1877 6381 186 1863 6382 975 1862 6383 662 1878 6384 661 2594 6385 983 1879 6386 661 1881 6387 637 2595 6388 985 1882 6389 635 1261 6390 986 1887 6391 985 1883 6392 662 1878 6393 984 1880 6394 987 1884 6395 635 1261 6396 634 1260 6397 988 1886 6398 634 1888 6399 663 2596 6400 987 1889 6401 239 1890 6402 989 2597 6403 992 1891 6404 240 1893 6405 247 1911 6406 994 1894 6407 240 503 6408 993 2598 6409 995 1896 6410 239 492 6411 238 494 6412 996 1897 6413 238 1899 6414 237 489 6415 997 1900 6416 237 1902 6417 236 486 6418 998 1903 6419 235 485 6420 999 2599 6421 998 1905 6422 235 1906 6423 234 480 6424 995 1907 6425 246 1892 6426 992 1891 6427 1001 1909 6428 247 1911 6429 270 1930 6430 1002 1912 6431 253 1913 6432 1003 1931 6433 1006 1914 6434 254 1916 6435 283 1934 6436 1008 1917 6437 268 1919 6438 267 2288 6439 1012 1920 6440 267 1922 6441 260 1937 6442 1009 1923 6443 269 1925 6444 1014 2600 6445 1013 1926 6446 268 1919 6447 1011 1921 6448 1014 1928 6449 254 1929 6450 1007 2601 6451 1002 1912 6452 253 1913 6453 271 1910 6454 1001 1909 6455 277 1915 6456 1006 1914 6457 1016 1932 6458 283 1934 6459 284 1936 6460 1017 1935 6461 261 1927 6462 1013 1926 6463 1017 1935 6464 260 1937 6465 285 1933 6466 1016 1932 6467 0 1938 6468 1018 2602 6469 1021 1939 6470 1 1941 6471 8 1961 6472 1023 1942 6473 0 1944 6474 6 21 6475 1024 1945 6476 6 1947 6477 5 18 6478 1025 1948 6479 5 1950 6480 4 15 6481 1026 1951 6482 4 1953 6483 3 12 6484 1027 1954 6485 2 11 6486 1028 2603 6487 1027 1956 6488 1 6 6489 1022 2604 6490 1028 1957 6491 7 1940 6492 1021 1939 6493 1030 1959 6494 8 1961 6495 34 1969 6496 1031 1962 6497 14 1963 6498 1032 1970 6499 1035 1964 6500 48 1966 6501 1037 2605 6502 1036 1967 6503 15 1968 6504 1036 1967 6505 1031 1962 6506 14 1963 6507 35 1960 6508 1030 1959 6509 41 1971 6510 23 2606 6511 1040 1972 6512 23 1974 6513 22 1977 6514 1041 1975 6515 22 1977 6516 21 98 6517 1043 1978 6518 42 1979 6519 1042 1984 6520 1043 1980 6521 41 1971 6522 1038 1973 6523 1037 1982 6524 42 1979 6525 49 1965 6526 1035 1964 6527 196 1985 6528 1044 2607 6529 1047 1986 6530 197 1988 6531 204 2012 6532 1049 1989 6533 198 417 6534 1050 2608 6535 1051 1991 6536 197 412 6537 1048 2609 6538 1050 1992 6539 196 403 6540 195 405 6541 1052 1994 6542 194 400 6543 1053 2610 6544 1052 1996 6545 193 399 6546 1054 2611 6547 1053 1998 6548 192 394 6549 1051 2612 6550 1054 1999 6551 221 462 6552 1056 2613 6553 1055 2001 6554 222 2002 6555 1057 2614 6556 1056 2003 6557 223 469 6558 1058 2006 6559 1057 2004 6560 223 469 6561 224 468 6562 1059 2005 6563 226 474 6564 1062 2009 6565 1061 2007 6566 226 474 6567 220 2276 6568 1055 2008 6569 203 1987 6570 1047 1986 6571 1064 2010 6572 204 2012 6573 228 2021 6574 1065 2013 6575 217 2014 6576 210 2022 6577 1066 2015 6578 218 2017 6579 1071 2020 6580 1070 2018 6581 224 468 6582 217 2014 6583 1069 2016 6584 225 475 6585 1061 2007 6586 1071 2020 6587 211 2019 6588 1070 2018 6589 1065 2013 6590 210 2022 6591 229 2011 6592 1064 2010 6593 716 2023 6594 1072 2615 6595 1075 2024 6596 717 2026 6597 724 2044 6598 1077 2027 6599 718 1444 6600 1078 2616 6601 1079 2029 6602 717 1439 6603 1076 2617 6604 1078 2030 6605 716 1430 6606 715 1432 6607 1080 2032 6608 715 2034 6609 714 1427 6610 1081 2035 6611 714 1424 6612 713 1426 6613 1082 2037 6614 713 2039 6615 712 1421 6616 1079 2040 6617 723 2025 6618 1075 2024 6619 1084 2042 6620 724 2044 6621 749 2060 6622 1085 2045 6623 737 2046 6624 730 2061 6625 1086 2047 6626 738 2049 6627 1091 2057 6628 1090 2050 6629 745 1450 6630 744 2537 6631 1093 2052 6632 737 2046 6633 1089 2048 6634 1093 2054 6635 738 2049 6636 746 2618 6637 1094 2056 6638 745 1450 6639 1092 2053 6640 1094 2058 6641 731 2051 6642 1090 2050 6643 1085 2045 6644 730 2061 6645 750 2043 6646 1084 2042 6647 51 2062 6648 1095 2619 6649 1098 2063 6650 52 2065 6651 59 2080 6652 1100 2066 6653 56 120 6654 1101 2620 6655 1102 2068 6656 55 119 6657 1103 2621 6658 1101 2070 6659 55 2071 6660 54 114 6661 1104 2072 6662 53 113 6663 1105 2622 6664 1104 2074 6665 52 110 6666 1099 2623 6667 1105 2075 6668 51 99 6669 50 101 6670 1102 2076 6671 58 2064 6672 1098 2063 6673 1107 2078 6674 59 2080 6675 90 2094 6676 1108 2081 6677 98 2082 6678 65 2095 6679 1109 2083 6680 97 2085 6681 1114 2097 6682 1113 2086 6683 104 2088 6684 72 2098 6685 1115 2089 6686 103 2091 6687 1120 2100 6688 1119 2092 6689 66 2087 6690 1113 2086 6691 1108 2081 6692 65 2095 6693 91 2079 6694 1107 2078 6695 97 2085 6696 73 2624 6697 1119 2096 6698 98 2082 6699 1112 2084 6700 1115 2089 6701 103 2091 6702 81 2625 6703 1121 2099 6704 80 2101 6705 1122 2105 6706 1121 2102 6707 80 2101 6708 79 2200 6709 1123 2104 6710 104 2088 6711 1118 2090 6712 1123 2106 6713 505 2108 6714 1124 2626 6715 1127 2109 6716 506 2111 6717 513 2128 6718 1129 2112 6719 505 1029 6720 511 1031 6721 1130 2114 6722 510 1026 6723 1131 2627 6724 1130 2116 6725 509 1023 6726 1132 2628 6727 1131 2118 6728 509 1020 6729 508 1022 6730 1133 2120 6731 508 1017 6732 507 1019 6733 1134 2122 6734 506 1014 6735 1128 2629 6736 1134 2124 6737 512 2110 6738 1127 2109 6739 1136 2126 6740 513 2128 6741 546 2142 6742 1137 2129 6743 554 2130 6744 519 2143 6745 1138 2131 6746 553 2133 6747 1143 2144 6748 1142 2134 6749 560 2136 6750 526 2145 6751 1144 2137 6752 559 2139 6753 1149 2147 6754 1148 2140 6755 520 2135 6756 1142 2134 6757 1137 2129 6758 519 2143 6759 547 2127 6760 1136 2126 6761 553 2133 6762 527 2141 6763 1148 2140 6764 554 2130 6765 1141 2132 6766 1144 2137 6767 559 2139 6768 535 2630 6769 1150 2146 6770 534 2148 6771 1151 2152 6772 1150 2149 6773 534 2148 6774 533 2435 6775 1152 2151 6776 560 2136 6777 1147 2138 6778 1152 2153 6779</p>
        </triangles>
        <triangles material="deadTree_002-material" count="1200">
          <input semantic="VERTEX" source="#Mesh_002-mesh-vertices" offset="0"/>
          <input semantic="NORMAL" source="#Mesh_002-mesh-normals" offset="1"/>
          <input semantic="TEXCOORD" source="#Mesh_002-mesh-map-0" offset="2" set="0"/>
          <p>1 6 6 9 7 7 8 8 8 3 9 9 9 10 10 2 11 11 3 12 12 11 13 13 10 14 14 4 15 15 12 16 16 11 17 17 5 18 18 13 19 19 12 20 20 6 21 21 7 22 22 13 23 23 9 7 33 34 31 34 8 8 35 10 32 36 33 33 37 9 10 38 11 13 39 32 34 40 10 14 41 11 17 42 30 35 43 31 36 44 12 20 45 29 37 46 30 38 47 13 23 48 35 39 49 29 40 50 16 47 57 48 48 58 15 49 59 16 50 60 46 51 61 47 52 62 17 53 63 45 54 64 46 55 65 18 56 66 44 57 67 45 58 68 19 59 69 43 60 70 44 61 71 14 62 72 43 63 73 20 64 74 29 37 75 19 59 76 30 38 77 30 35 78 18 56 79 31 36 80 32 34 81 18 65 82 17 53 83 33 33 84 17 66 85 16 50 86 34 31 87 16 47 88 15 49 89 35 39 96 20 64 97 29 40 98 36 67 99 27 68 100 37 69 101 37 70 102 26 71 103 38 72 104 38 73 105 25 74 106 39 75 107 40 76 108 25 77 109 24 78 110 41 79 111 24 80 112 23 81 113 36 88 120 21 89 121 28 90 122 43 60 123 37 69 124 44 61 125 44 57 126 38 72 127 45 58 128 45 54 129 39 75 130 46 55 131 47 52 132 39 91 133 40 76 134 48 48 135 40 92 136 41 79 137 49 95 144 36 88 145 43 63 146 27 96 147 28 97 148 21 98 149 51 99 150 57 100 151 50 101 152 53 108 159 59 109 160 52 110 161 54 111 162 60 112 163 53 113 164 54 114 165 62 115 166 61 116 167 56 117 168 62 118 169 55 119 170 56 120 171 57 121 172 63 122 173 83 126 177 84 127 178 85 128 179 57 100 180 91 129 181 92 130 182 60 134 189 90 135 190 59 109 191 61 136 192 89 137 193 60 112 194 61 116 195 87 138 196 88 139 197 62 118 198 86 140 199 87 141 200 63 122 201 92 142 202 86 143 203 65 144 204 99 145 205 64 146 206 66 153 213 96 154 214 97 155 215 67 156 216 95 157 217 96 158 218 69 159 219 95 160 220 68 161 221 70 162 222 94 163 223 69 164 224 64 165 225 93 166 226 70 167 227 72 168 228 105 169 229 71 170 230 73 177 237 102 178 238 103 179 239 74 180 240 101 181 241 102 182 242 76 183 243 101 184 244 75 185 245 77 186 246 100 187 247 76 188 248 71 189 249 106 190 250 77 191 251 86 140 252 69 164 253 87 141 254 87 138 255 68 161 256 88 139 257 89 137 258 68 192 259 67 156 260 90 135 261 67 193 262 66 153 263 91 129 270 64 146 271 92 130 272 92 142 273 70 167 274 86 143 275 94 163 276 77 186 277 76 188 278 95 160 279 76 183 280 75 185 281 95 157 282 74 180 283 96 158 284 96 154 285 73 177 286 97 155 287 99 145 294 72 168 295 71 170 296 93 166 297 71 189 298 77 191 299 101 184 300 84 196 301 83 197 302 101 181 303 82 198 304 102 182 305 102 178 306 81 199 307 103 179 308 105 169 315 79 202 316 78 203 317 106 190 318 78 204 319 85 205 320 100 187 321 85 206 322 84 207 323 108 208 324 114 209 325 107 210 326 108 211 327 116 212 328 115 213 329 109 214 330 117 215 331 116 216 332 111 217 333 117 218 334 110 219 335 113 226 342 119 227 343 112 228 344 113 229 345 114 230 346 120 231 347 115 238 354 121 239 355 114 209 356 115 213 357 123 240 358 122 241 359 116 216 360 124 242 361 123 243 362 117 218 363 125 244 364 124 245 365 120 250 372 126 251 373 119 227 374 114 230 375 127 252 376 120 231 377 122 253 378 148 254 379 121 239 380 122 241 381 146 255 382 147 256 383 123 243 384 145 257 385 146 258 386 124 245 387 144 259 388 145 260 389 127 265 396 143 266 397 126 251 398 121 267 399 142 268 400 127 252 401 129 269 402 135 270 403 128 271 404 129 272 405 137 273 406 136 274 407 131 275 408 137 276 409 130 277 410 131 278 411 139 279 412 138 280 413 134 287 420 140 288 421 133 289 422 134 290 423 135 291 424 141 292 425 142 293 426 133 289 427 143 266 428 145 260 435 132 298 436 131 278 437 146 258 438 131 275 439 130 277 440 147 256 441 130 299 442 129 272 443 147 300 444 128 271 445 148 254 446 148 301 447 134 290 448 142 268 449 150 302 450 156 303 451 149 304 452 150 305 453 158 306 454 157 307 455 151 308 456 159 309 457 158 310 458 152 311 459 160 312 460 159 313 461 154 314 462 160 315 463 153 316 464 155 323 471 156 324 472 162 325 473 184 329 477 178 330 478 180 331 479 157 332 480 163 333 481 156 303 482 157 307 483 165 334 484 164 335 485 158 310 486 166 336 487 165 337 488 159 313 489 167 338 490 166 339 491 160 315 492 168 340 493 167 341 494 156 324 501 169 345 502 162 325 503 164 346 504 191 347 505 163 333 506 164 335 507 189 348 508 190 349 509 165 337 510 188 350 511 189 351 512 166 339 513 187 352 514 188 353 515 167 341 516 186 354 517 187 355 518 163 360 525 185 361 526 169 345 527 171 362 528 177 363 529 170 364 530 172 365 531 178 366 532 171 367 533 172 368 534 180 369 535 179 370 536 174 371 537 180 372 538 173 373 539 175 374 540 181 375 541 174 376 542 176 383 549 177 384 550 184 385 551 187 355 558 175 389 559 174 390 560 188 353 561 174 371 562 173 373 563 189 351 564 173 391 565 172 368 566 190 349 567 172 365 568 171 367 569 190 392 570 170 364 571 191 347 572 191 393 573 176 383 574 185 361 575 192 394 576 200 395 577 199 396 578 194 397 579 200 398 580 193 399 581 194 400 582 202 401 583 201 402 584 196 403 585 202 404 586 195 405 587 197 412 594 205 413 595 204 414 596 192 415 597 205 416 598 198 417 599 200 395 606 233 424 607 199 396 608 200 398 609 231 425 610 232 426 611 201 402 612 230 427 613 231 428 614 202 404 615 229 429 616 230 430 617 205 413 624 228 435 625 204 414 626 199 436 627 227 437 628 205 416 629 206 438 630 214 439 631 213 440 632 208 441 633 214 442 634 207 443 635 209 444 636 215 445 637 208 446 638 210 447 639 216 448 640 209 449 641 211 456 648 219 457 649 218 458 650 212 459 651 213 460 652 219 461 653 213 440 654 221 462 655 220 463 656 215 464 657 221 465 658 214 442 659 216 466 660 222 467 661 215 445 662 216 448 663 224 468 664 223 469 665 218 458 672 226 474 673 225 475 674 213 460 675 226 474 676 219 461 677 227 476 678 211 456 679 228 435 680 230 430 687 210 447 688 209 449 689 231 428 690 209 444 691 208 446 692 232 426 693 208 441 694 207 443 695 232 478 696 206 438 697 233 424 698 233 479 699 212 459 700 227 437 701 234 480 702 242 481 703 241 482 704 236 483 705 242 484 706 235 485 707 236 486 708 244 487 709 243 488 710 237 489 711 245 490 712 244 491 713 239 492 714 245 493 715 238 494 716 234 501 723 247 502 724 240 503 725 269 507 729 263 508 730 265 509 731 242 481 732 276 510 733 241 482 734 242 484 735 274 511 736 275 512 737 243 488 738 273 513 739 274 514 740 244 491 741 272 515 742 273 516 743 245 493 744 271 517 745 272 518 746 241 522 753 270 523 754 247 502 755 249 524 756 282 525 757 248 526 758 249 527 759 280 528 760 281 529 761 250 530 762 279 531 763 280 532 764 251 533 765 278 534 766 279 535 767 252 536 768 277 537 769 278 538 770 248 545 777 283 546 778 254 547 779 256 548 780 262 549 781 255 550 782 256 551 783 264 552 784 263 553 785 257 554 786 265 555 787 264 556 788 259 557 789 265 558 790 258 559 791 260 560 792 266 561 793 259 562 794 255 569 801 269 570 802 261 571 803 271 517 810 252 536 811 272 518 812 272 515 813 251 533 814 273 516 815 273 513 816 250 530 817 274 514 818 274 511 819 249 527 820 275 512 821 276 510 822 249 524 823 248 526 824 270 523 825 248 545 826 254 547 827 278 538 831 285 574 832 286 575 833 279 535 834 286 576 835 287 577 836 280 532 837 287 578 838 288 579 839 281 529 840 288 580 841 289 581 842 281 582 843 290 583 844 282 525 845 282 584 846 284 585 847 283 546 848 285 574 858 259 562 859 286 575 860 286 576 861 258 559 862 287 577 863 287 578 864 257 554 865 288 579 866 289 581 867 257 589 868 256 551 869 289 590 870 255 550 871 290 583 872 284 585 873 255 569 874 261 571 875 292 591 876 298 592 877 291 593 878 292 594 879 300 595 880 299 596 881 293 597 882 301 598 883 300 599 884 295 600 885 301 601 886 294 602 887 296 609 894 304 610 895 303 611 896 291 612 897 304 613 898 297 614 899 299 618 903 326 619 904 298 592 905 299 596 906 324 620 907 325 621 908 300 599 909 323 622 910 324 623 911 301 601 912 322 624 913 323 625 914 304 610 921 321 630 922 303 611 923 298 631 924 320 632 925 304 613 926 306 633 927 340 634 928 305 635 929 306 636 930 338 637 931 339 638 932 307 639 933 337 640 934 338 641 935 308 642 936 336 643 937 337 644 938 311 651 945 335 652 946 310 653 947 305 654 948 334 655 949 311 656 950 321 630 951 311 651 952 310 653 953 322 624 960 308 642 961 323 625 962 323 622 963 307 639 964 324 623 965 324 620 966 306 636 967 325 621 968 326 619 969 306 633 970 305 635 971 320 632 972 305 654 973 311 656 974 328 657 975 319 658 976 318 659 977 329 666 984 315 667 985 330 668 986 330 669 987 314 670 988 331 671 989 331 672 990 313 673 991 332 674 992 333 675 993 313 676 994 312 677 995 327 678 996 312 679 997 319 680 998 335 652 999 327 681 1000 328 657 1001 336 643 1008 330 668 1009 337 644 1010 337 640 1011 331 671 1012 338 641 1013 338 637 1014 332 674 1015 339 638 1016 340 634 1017 332 683 1018 333 675 1019 334 655 1020 333 684 1021 327 678 1022 318 685 1023 319 686 1024 312 687 1025 342 694 1032 350 695 1033 349 696 1034 344 697 1035 350 698 1036 343 699 1037 345 700 1038 351 701 1039 344 702 1040 345 703 1041 353 704 1042 352 705 1043 346 706 1044 354 707 1045 353 708 1046 341 709 1047 354 710 1048 347 711 1049 370 715 1053 372 716 1054 374 717 1055 349 696 1062 357 721 1063 356 722 1064 350 698 1065 358 723 1066 357 724 1067 351 701 1068 359 725 1069 358 726 1070 353 704 1071 359 727 1072 352 705 1073 354 707 1074 360 728 1075 353 708 1076 348 729 1077 361 730 1078 354 710 1079 357 721 1086 363 734 1087 356 722 1088 358 723 1089 364 735 1090 357 724 1091 359 725 1092 365 736 1093 358 726 1094 359 727 1095 367 737 1096 366 738 1097 360 728 1098 368 739 1099 367 740 1100 361 730 1101 362 741 1102 368 742 1103 364 746 1110 371 747 1111 363 734 1112 364 735 1113 373 748 1114 372 749 1115 366 750 1116 373 751 1117 365 736 1118 366 738 1119 375 752 1120 374 753 1121 368 739 1122 375 754 1123 367 740 1124 368 742 1125 369 755 1126 376 756 1127 378 763 1134 386 764 1135 385 765 1136 379 766 1137 387 767 1138 386 768 1139 381 769 1140 387 770 1141 380 771 1142 381 772 1143 389 773 1144 388 774 1145 383 775 1146 389 776 1147 382 777 1148 377 778 1149 390 779 1150 383 780 1151 386 764 1164 417 791 1165 385 765 1166 387 767 1167 416 792 1168 386 768 1169 388 793 1170 415 794 1171 387 770 1172 388 774 1173 413 795 1174 414 796 1175 389 776 1176 412 797 1177 413 798 1178 390 779 1179 418 799 1180 412 800 1181 392 807 1188 409 808 1189 410 809 1190 393 810 1191 408 811 1192 409 812 1193 394 813 1194 407 814 1195 408 815 1196 396 816 1197 407 817 1198 395 818 1199 397 819 1200 406 820 1201 396 821 1202 391 822 1203 405 823 1204 397 824 1205 406 820 1206 404 825 1207 403 826 1208 407 817 1209 403 827 1210 402 828 1211 407 814 1212 401 829 1213 408 815 1214 408 811 1215 400 830 1216 409 812 1217 409 808 1218 399 831 1219 410 809 1220 405 823 1227 398 836 1228 404 825 1229 412 797 1230 396 821 1231 413 798 1232 413 795 1233 395 818 1234 414 796 1235 415 794 1236 395 837 1237 394 813 1238 416 792 1239 394 838 1240 393 810 1241 417 791 1242 393 839 1243 392 807 1244 418 799 1251 397 824 1252 412 800 1253 420 841 1254 426 842 1255 419 843 1256 420 844 1257 428 845 1258 427 846 1259 422 847 1260 428 848 1261 421 849 1262 423 850 1263 429 851 1264 422 852 1265 424 859 1272 432 860 1273 431 861 1274 419 862 1275 432 863 1276 425 864 1277 427 868 1281 454 869 1282 426 842 1283 427 846 1284 452 870 1285 453 871 1286 428 848 1287 451 872 1288 452 873 1289 429 851 1290 450 874 1291 451 875 1292 432 860 1299 449 880 1300 431 861 1301 426 881 1302 448 882 1303 432 863 1304 434 883 1305 468 884 1306 433 885 1307 434 886 1308 466 887 1309 467 888 1310 435 889 1311 465 890 1312 466 891 1313 436 892 1314 464 893 1315 465 894 1316 439 901 1323 463 902 1324 438 903 1325 433 904 1326 462 905 1327 439 906 1328 449 880 1329 439 901 1330 438 903 1331 450 874 1338 436 892 1339 451 875 1340 451 872 1341 435 889 1342 452 873 1343 452 870 1344 434 886 1345 453 871 1346 454 869 1347 434 883 1348 433 885 1349 448 882 1350 433 904 1351 439 906 1352 456 907 1353 447 908 1354 446 909 1355 457 916 1362 443 917 1363 458 918 1364 458 919 1365 442 920 1366 459 921 1367 459 922 1368 441 923 1369 460 924 1370 461 925 1371 441 926 1372 440 927 1373 455 928 1374 440 929 1375 447 930 1376 463 902 1377 455 931 1378 456 907 1379 464 893 1386 458 918 1387 465 894 1388 465 890 1389 459 921 1390 466 891 1391 466 887 1392 460 924 1393 467 888 1394 468 884 1395 460 933 1396 461 925 1397 462 905 1398 461 934 1399 455 928 1400 446 935 1401 447 936 1402 440 937 1403 470 938 1404 476 939 1405 469 940 1406 472 947 1413 478 948 1414 471 949 1415 473 950 1416 479 951 1417 472 952 1418 474 953 1419 480 954 1420 473 955 1421 474 956 1422 482 957 1423 481 958 1424 475 959 1425 476 960 1426 482 961 1427 502 965 1431 503 966 1432 504 967 1433 477 968 1434 483 969 1435 476 939 1436 478 948 1443 486 974 1444 485 975 1445 479 951 1446 487 976 1447 486 977 1448 481 978 1449 487 979 1450 480 954 1451 482 957 1452 488 980 1453 481 958 1454 476 960 1455 489 981 1456 482 961 1457 483 969 1458 491 982 1459 490 983 1460 486 974 1467 492 986 1468 485 975 1469 487 976 1470 493 987 1471 486 977 1472 487 979 1473 495 988 1474 494 989 1475 488 980 1476 496 990 1477 495 991 1478 489 981 1479 490 992 1480 496 993 1481 491 982 1482 497 994 1483 490 983 1484 492 986 1491 501 999 1492 500 1000 1493 494 1001 1494 501 1002 1495 493 987 1496 495 988 1497 502 1003 1498 494 989 1499 495 991 1500 504 1004 1501 503 1005 1502 496 993 1503 497 1006 1504 504 1007 1505 506 1014 1512 514 1015 1513 513 1016 1514 508 1017 1515 514 1018 1516 507 1019 1517 509 1020 1518 515 1021 1519 508 1022 1520 509 1023 1521 517 1024 1522 516 1025 1523 510 1026 1524 518 1027 1525 517 1028 1526 505 1029 1527 518 1030 1528 511 1031 1529 539 1035 1533 540 1036 1534 536 1037 1535 514 1015 1542 546 1042 1543 513 1016 1544 515 1043 1545 545 1044 1546 514 1018 1547 516 1045 1548 544 1046 1549 515 1021 1550 516 1025 1551 542 1047 1552 543 1048 1553 517 1028 1554 541 1049 1555 542 1050 1556 518 1030 1557 547 1051 1558 541 1052 1559 520 1059 1566 552 1060 1567 553 1061 1568 521 1062 1569 551 1063 1570 552 1064 1571 522 1065 1572 550 1066 1573 551 1067 1574 524 1068 1575 550 1069 1576 523 1070 1577 525 1071 1578 549 1072 1579 524 1073 1580 519 1074 1581 548 1075 1582 525 1076 1583 527 1083 1590 558 1084 1591 559 1085 1592 528 1086 1593 557 1087 1594 558 1088 1595 529 1089 1596 556 1090 1597 557 1091 1598 531 1092 1599 556 1093 1600 530 1094 1601 532 1095 1602 555 1096 1603 531 1097 1604 526 1098 1605 561 1099 1606 532 1100 1607 541 1049 1608 524 1073 1609 542 1050 1610 542 1047 1611 523 1070 1612 543 1048 1613 544 1046 1614 523 1101 1615 522 1065 1616 545 1044 1617 522 1102 1618 521 1062 1619 546 1042 1620 521 1103 1621 520 1059 1622 547 1051 1629 525 1076 1630 541 1052 1631 549 1072 1632 532 1095 1633 531 1097 1634 550 1069 1635 531 1092 1636 530 1094 1637 550 1066 1638 529 1089 1639 551 1067 1640 551 1063 1641 528 1086 1642 552 1064 1643 552 1060 1644 527 1083 1645 553 1061 1646 548 1075 1653 526 1098 1654 532 1100 1655 556 1093 1656 539 1105 1657 538 1106 1658 556 1090 1659 537 1107 1660 557 1091 1661 557 1087 1662 536 1108 1663 558 1088 1664 558 1084 1665 535 1109 1666 559 1085 1667 561 1099 1674 533 1113 1675 540 1114 1676 555 1096 1677 540 1115 1678 539 1116 1679 562 1117 1680 570 1118 1681 569 1119 1682 564 1120 1683 570 1121 1684 563 1122 1685 564 1123 1686 572 1124 1687 571 1125 1688 565 1126 1689 573 1127 1690 572 1128 1691 568 1135 1698 574 1136 1699 567 1137 1700 562 1138 1701 575 1139 1702 568 1140 1703 570 1118 1710 603 1147 1711 569 1119 1712 570 1121 1713 601 1148 1714 602 1149 1715 571 1125 1716 600 1150 1717 601 1151 1718 572 1128 1719 599 1152 1720 600 1153 1721 575 1158 1728 598 1159 1729 574 1136 1730 569 1160 1731 597 1161 1732 575 1139 1733 577 1162 1734 609 1163 1735 576 1164 1736 577 1165 1737 607 1166 1738 608 1167 1739 578 1168 1740 606 1169 1741 607 1170 1742 579 1171 1743 605 1172 1744 606 1173 1745 582 1180 1752 604 1181 1753 581 1182 1754 576 1183 1755 610 1184 1756 582 1185 1757 584 1186 1758 590 1187 1759 583 1188 1760 584 1189 1761 592 1190 1762 591 1191 1763 586 1192 1764 592 1193 1765 585 1194 1766 587 1195 1767 593 1196 1768 586 1197 1769 588 1204 1776 596 1205 1777 595 1206 1778 583 1207 1779 596 1208 1780 589 1209 1781 598 1159 1782 582 1180 1783 581 1182 1784 599 1152 1791 579 1171 1792 600 1153 1793 600 1150 1794 578 1168 1795 601 1151 1796 601 1148 1797 577 1165 1798 602 1149 1799 603 1147 1800 577 1162 1801 576 1164 1802 597 1161 1803 576 1183 1804 582 1185 1805 606 1173 1812 613 1214 1813 614 1215 1814 607 1170 1815 614 1216 1816 615 1217 1817 608 1167 1818 615 1218 1819 616 1219 1820 608 1220 1821 617 1221 1822 609 1163 1823 609 1222 1824 611 1223 1825 610 1184 1826 610 1224 1827 612 1225 1828 604 1181 1829 612 1225 1830 589 1226 1831 588 1204 1832 613 1214 1839 586 1197 1840 614 1215 1841 614 1216 1842 585 1194 1843 615 1217 1844 616 1219 1845 585 1228 1846 584 1189 1847 616 1229 1848 583 1188 1849 617 1221 1850 611 1223 1851 583 1207 1852 589 1209 1853 619 1230 1854 1155 1231 1855 618 1232 1856 620 1233 1857 1154 1234 1858 619 1235 1859 620 1236 1860 1160 1237 1861 1153 1238 1862 621 1239 1863 1159 1240 1864 1160 1241 1865 622 1242 1866 1158 1243 1867 1159 1244 1868 623 1245 1869 1157 1246 1870 1158 1247 1871 625 1248 1872 1157 1249 1873 624 1250 1874 618 1251 1875 1156 1252 1876 625 1253 1877 1162 1254 1878 1161 1254 1879 1163 1255 1880 1164 1256 1881 1162 1254 1882 1163 1255 1883 1165 1257 1884 1164 1256 1885 1163 1255 1886 1166 1254 1887 1165 1257 1888 1163 1255 1889 1167 1254 1890 1166 1254 1891 1163 1255 1892 1168 1258 1893 1167 1254 1894 1163 1255 1895 1169 1259 1896 1168 1258 1897 1163 1255 1898 1161 1254 1899 1169 1259 1900 1163 1255 1901 634 1260 1902 635 1261 1903 636 1262 1904 635 1261 1905 637 1263 1906 636 1262 1907 637 1263 1908 638 1264 1909 636 1262 1910 638 1264 1911 639 1265 1912 636 1262 1913 639 1265 1914 640 1266 1915 636 1262 1916 640 1266 1917 641 1267 1918 636 1262 1919 641 1267 1920 642 1268 1921 636 1262 1922 642 1268 1923 634 1260 1924 636 1262 1925 627 1269 1926 663 1270 1927 626 1271 1928 627 1272 1929 661 1273 1930 662 1274 1931 628 1275 1932 660 1276 1933 661 1277 1934 629 1278 1935 659 1279 1936 660 1280 1937 630 1281 1938 666 1282 1939 659 1283 1940 632 1284 1941 666 1285 1942 631 1286 1943 633 1287 1944 665 1288 1945 632 1289 1946 626 1290 1947 664 1291 1948 633 1292 1949 643 1293 1950 652 1294 1951 644 1295 1952 644 1296 1953 653 1297 1954 645 1298 1955 646 1299 1956 653 1300 1957 654 1301 1958 647 1302 1959 654 1303 1960 655 1304 1961 648 1305 1962 655 1306 1963 656 1307 1964 649 1308 1965 656 1309 1966 657 1310 1967 649 1311 1968 658 1312 1969 650 1313 1970 650 1314 1971 651 1315 1972 643 1316 1973 652 1294 1974 633 1287 1975 632 1289 1976 653 1297 1977 632 1284 1978 631 1286 1979 654 1301 1980 631 1317 1981 630 1281 1982 655 1304 1983 630 1318 1984 629 1278 1985 655 1306 1986 628 1275 1987 656 1307 1988 656 1309 1989 627 1272 1990 657 1310 1991 657 1319 1992 626 1271 1993 658 1312 1994 658 1320 1995 633 1292 1996 651 1315 1997 659 1279 1998 638 1321 1999 660 1280 2000 660 1276 2001 637 1322 2002 661 1277 2003 664 1291 2010 634 1329 2011 642 1330 2012 665 1288 2013 642 1331 2014 641 1332 2015 666 1285 2016 641 1333 2017 640 1334 2018 659 1283 2019 640 1335 2020 639 1336 2021 668 1337 2022 675 1338 2023 667 1339 2024 669 1343 2028 678 1344 2029 677 1345 2030 671 1346 2031 678 1347 2032 670 1348 2033 671 1349 2034 680 1350 2035 679 1351 2036 672 1352 2037 681 1353 2038 680 1354 2039 674 1355 2040 681 1356 2041 673 1357 2042 674 1358 2043 675 1359 2044 682 1360 2045 691 1364 2049 693 1365 2050 695 1366 2051 678 1344 2058 710 1371 2059 677 1345 2060 679 1372 2061 709 1373 2062 678 1347 2063 680 1350 2064 708 1374 2065 679 1351 2066 680 1354 2067 706 1375 2068 707 1376 2069 681 1356 2070 705 1377 2071 706 1378 2072 682 1360 2073 711 1379 2074 705 1380 2075 684 1387 2082 702 1388 2083 703 1389 2084 685 1390 2085 701 1391 2086 702 1392 2087 686 1393 2088 700 1394 2089 701 1395 2090 688 1396 2091 700 1397 2092 687 1398 2093 689 1399 2094 699 1400 2095 688 1401 2096 683 1402 2097 698 1403 2098 689 1404 2099 699 1400 2100 697 1405 2101 696 1406 2102 700 1397 2103 696 1407 2104 695 1408 2105 700 1394 2106 694 1409 2107 701 1395 2108 701 1391 2109 693 1410 2110 702 1392 2111 702 1388 2112 692 1411 2113 703 1389 2114 698 1403 2121 690 1415 2122 697 1416 2123 705 1377 2124 688 1401 2125 706 1378 2126 706 1375 2127 687 1398 2128 707 1376 2129 708 1374 2130 687 1417 2131 686 1393 2132 709 1373 2133 686 1418 2134 685 1390 2135 710 1371 2136 685 1419 2137 684 1387 2138 711 1379 2145 689 1404 2146 705 1380 2147 712 1421 2148 720 1422 2149 719 1423 2150 714 1424 2151 720 1425 2152 713 1426 2153 714 1427 2154 722 1428 2155 721 1429 2156 716 1430 2157 722 1431 2158 715 1432 2159 717 1439 2166 725 1440 2167 724 1441 2168 712 1442 2169 725 1443 2170 718 1444 2171 741 1448 2175 743 1449 2176 745 1450 2177 720 1422 2178 754 1451 2179 719 1423 2180 720 1425 2181 752 1452 2182 753 1453 2183 721 1429 2184 751 1454 2185 752 1455 2186 722 1431 2187 750 1456 2188 751 1457 2189 725 1440 2196 749 1462 2197 724 1441 2198 719 1463 2199 748 1464 2200 725 1443 2201 726 1465 2202 734 1466 2203 733 1467 2204 728 1468 2205 734 1469 2206 727 1470 2207 729 1471 2208 735 1472 2209 728 1473 2210 730 1474 2211 736 1475 2212 729 1476 2213 731 1483 2220 739 1484 2221 738 1485 2222 732 1486 2223 733 1487 2224 739 1488 2225 733 1467 2226 741 1489 2227 740 1490 2228 735 1491 2229 741 1492 2230 734 1469 2231 736 1493 2232 742 1494 2233 735 1472 2234 737 1495 2235 743 1496 2236 736 1475 2237 738 1485 2244 747 1501 2245 746 1502 2246 739 1488 2247 740 1503 2248 747 1504 2249 748 1505 2250 731 1483 2251 749 1462 2252 751 1457 2259 730 1474 2260 729 1476 2261 752 1455 2262 729 1471 2263 728 1473 2264 753 1453 2265 728 1468 2266 727 1470 2267 753 1507 2268 726 1465 2269 754 1451 2270 754 1508 2271 732 1486 2272 748 1464 2273 1153 2155 3210 649 1308 3211 1154 1234 3212 1155 1231 3213 649 1311 3214 650 1313 3215 1156 1252 3216 650 1314 3217 643 1316 3218 1157 1249 3219 643 1293 3220 644 1295 3221 1158 1247 3222 644 1296 3223 645 1298 3224 1159 1244 3225 645 2156 3226 646 1299 3227 1159 1240 3228 647 1302 3229 1160 1241 3230 1160 1237 3231 648 1305 3232 1153 1238 3233 618 1232 3234 1162 2157 3235 619 1230 3236 619 1235 3237 1164 2158 3238 620 1233 3239 620 1236 3240 1165 2159 3241 621 2160 3242 621 1239 3243 1166 2161 3244 622 2162 3245 622 1242 3246 1167 2163 3247 623 2164 3248 623 1245 3249 1168 2165 3250 624 2166 3251 624 1250 3252 1169 2167 3253 625 1248 3254 625 1253 3255 1161 2168 3256 618 1251 3257 1 6 3264 2 1958 3265 9 7 3266 3 9 3267 10 32 3268 9 10 3269 3 12 3270 4 1953 3271 11 13 3272 4 15 3273 5 1950 3274 12 16 3275 5 18 3276 6 1947 3277 13 19 3278 6 21 3279 0 1944 3280 7 22 3281 9 7 3303 33 2176 3304 34 31 3305 10 32 3306 32 2177 3307 33 33 3308 11 13 3309 31 2178 3310 32 34 3311 11 17 3312 12 16 3313 30 35 3314 12 20 3315 13 19 3316 29 37 3317 13 23 3318 7 22 3319 35 39 3320 16 47 3327 47 2181 3328 48 48 3329 16 50 3330 17 66 3331 46 51 3332 17 53 3333 18 65 3334 45 54 3335 18 56 3336 19 2182 3337 44 57 3338 19 59 3339 20 2183 3340 43 60 3341 14 62 3342 49 95 3343 43 63 3344 29 37 3345 20 2183 3346 19 59 3347 30 35 3348 19 2182 3349 18 56 3350 32 34 3351 31 2178 3352 18 65 3353 33 33 3354 32 2177 3355 17 66 3356 34 31 3357 33 2176 3358 16 47 3359 35 39 3366 14 62 3367 20 64 3368 36 67 3369 28 2184 3370 27 68 3371 37 70 3372 27 2185 3373 26 71 3374 38 73 3375 26 2186 3376 25 74 3377 40 76 3378 39 91 3379 25 77 3380 41 79 3381 40 92 3382 24 80 3383 36 88 3390 42 2187 3391 21 89 3392 43 60 3393 36 67 3394 37 69 3395 44 57 3396 37 70 3397 38 72 3398 45 54 3399 38 73 3400 39 75 3401 47 52 3402 46 51 3403 39 91 3404 48 48 3405 47 2181 3406 40 92 3407 49 95 3414 42 2187 3415 36 88 3416 21 98 3417 22 1977 3418 23 1974 3419 23 1974 3420 24 2188 3421 21 98 3422 24 2188 3423 25 2189 3424 21 98 3425 25 2189 3426 26 2190 3427 21 98 3428 26 2190 3429 27 96 3430 21 98 3431 51 99 3432 58 2191 3433 57 100 3434 53 108 3441 60 134 3442 59 109 3443 54 111 3444 61 136 3445 60 112 3446 54 114 3447 55 2071 3448 62 115 3449 56 117 3450 63 2193 3451 62 118 3452 56 120 3453 50 2069 3454 57 121 3455 85 128 3471 78 2199 3472 81 2103 3473 78 2199 3474 79 2200 3475 81 2103 3476 79 2200 3477 80 2101 3478 81 2103 3479 81 2103 3480 82 2201 3481 85 128 3482 82 2201 3483 83 126 3484 85 128 3485 57 100 3486 58 2191 3487 91 129 3488 60 134 3495 89 2204 3496 90 135 3497 61 136 3498 88 2205 3499 89 137 3500 61 116 3501 62 115 3502 87 138 3503 62 118 3504 63 2193 3505 86 140 3506 63 122 3507 57 121 3508 92 142 3509 65 144 3510 98 2206 3511 99 145 3512 66 153 3519 67 193 3520 96 154 3521 67 156 3522 68 192 3523 95 157 3524 69 159 3525 94 2207 3526 95 160 3527 70 162 3528 93 2208 3529 94 163 3530 64 165 3531 99 2209 3532 93 166 3533 72 168 3534 104 2210 3535 105 169 3536 73 177 3543 74 2213 3544 102 178 3545 74 180 3546 75 2214 3547 101 181 3548 76 183 3549 100 2215 3550 101 184 3551 77 186 3552 106 2216 3553 100 187 3554 71 189 3555 105 2217 3556 106 190 3557 86 140 3558 70 162 3559 69 164 3560 87 138 3561 69 159 3562 68 161 3563 89 137 3564 88 2205 3565 68 192 3566 90 135 3567 89 2204 3568 67 193 3569 91 129 3576 65 144 3577 64 146 3578 92 142 3579 64 165 3580 70 167 3581 94 163 3582 93 2208 3583 77 186 3584 95 160 3585 94 2207 3586 76 183 3587 95 157 3588 75 2214 3589 74 180 3590 96 154 3591 74 2213 3592 73 177 3593 99 145 3600 98 2206 3601 72 168 3602 93 166 3603 99 2209 3604 71 189 3605 101 184 3606 100 2215 3607 84 196 3608 101 181 3609 83 2218 3610 82 198 3611 102 178 3612 82 2219 3613 81 199 3614 105 169 3621 104 2210 3622 79 202 3623 106 190 3624 105 2217 3625 78 204 3626 100 187 3627 106 2216 3628 85 206 3629 108 208 3630 115 238 3631 114 209 3632 108 211 3633 109 1812 3634 116 212 3635 109 214 3636 110 1809 3637 117 215 3638 111 217 3639 118 2222 3640 117 218 3641 113 226 3648 120 250 3649 119 227 3650 113 229 3651 107 1803 3652 114 230 3653 115 238 3684 122 253 3685 121 239 3686 115 213 3687 116 212 3688 123 240 3689 116 216 3690 117 215 3691 124 242 3692 117 218 3693 118 2222 3694 125 244 3695 120 250 3702 127 265 3703 126 251 3704 114 230 3705 121 267 3706 127 252 3707 122 253 3708 147 300 3709 148 254 3710 122 241 3711 123 240 3712 146 255 3713 123 243 3714 124 242 3715 145 257 3716 124 245 3717 125 244 3718 144 259 3719 127 265 3726 142 293 3727 143 266 3728 121 267 3729 148 301 3730 142 268 3731 129 269 3732 136 1816 3733 135 270 3734 129 272 3735 130 299 3736 137 273 3737 131 275 3738 138 280 3739 137 276 3740 131 278 3741 132 298 3742 139 279 3743 134 287 3750 141 292 3751 140 288 3752 134 290 3753 128 2236 3754 135 291 3755 142 293 3756 134 287 3757 133 289 3758 145 260 3765 144 259 3766 132 298 3767 146 258 3768 145 257 3769 131 275 3770 147 256 3771 146 255 3772 130 299 3773 147 300 3774 129 269 3775 128 271 3776 148 301 3777 128 2236 3778 134 290 3779 150 302 3780 157 332 3781 156 303 3782 150 305 3783 151 1854 3784 158 306 3785 151 308 3786 152 1851 3787 159 309 3788 152 311 3789 153 1848 3790 160 312 3791 154 314 3792 161 2238 3793 160 315 3794 155 323 3801 149 1845 3802 156 324 3803 184 329 3819 177 2245 3820 178 330 3821 178 330 3822 179 2246 3823 180 331 3824 180 331 3825 181 2247 3826 184 329 3827 181 2247 3828 182 2248 3829 184 329 3830 182 2248 3831 183 1866 3832 184 329 3833 157 332 3834 164 346 3835 163 333 3836 157 307 3837 158 306 3838 165 334 3839 158 310 3840 159 309 3841 166 336 3842 159 313 3843 160 312 3844 167 338 3845 160 315 3846 161 2238 3847 168 340 3848 156 324 3855 163 360 3856 169 345 3857 164 346 3858 190 392 3859 191 347 3860 164 335 3861 165 334 3862 189 348 3863 165 337 3864 166 336 3865 188 350 3866 166 339 3867 167 338 3868 187 352 3869 167 341 3870 168 340 3871 186 354 3872 163 360 3879 191 393 3880 185 361 3881 171 362 3882 178 2249 3883 177 363 3884 172 365 3885 179 2250 3886 178 366 3887 172 368 3888 173 391 3889 180 369 3890 174 371 3891 181 2251 3892 180 372 3893 175 374 3894 182 2252 3895 181 375 3896 176 383 3903 170 2255 3904 177 384 3905 187 355 3912 186 354 3913 175 389 3914 188 353 3915 187 352 3916 174 371 3917 189 351 3918 188 350 3919 173 391 3920 190 349 3921 189 348 3922 172 365 3923 190 392 3924 171 362 3925 170 364 3926 191 393 3927 170 2255 3928 176 383 3929 192 394 3930 193 2000 3931 200 395 3932 194 397 3933 201 2257 3934 200 398 3935 194 400 3936 195 1997 3937 202 401 3938 196 403 3939 203 2258 3940 202 404 3941 197 412 3948 198 1993 3949 205 413 3950 192 415 3951 199 436 3952 205 416 3953 200 395 3984 232 478 3985 233 424 3986 200 398 3987 201 2257 3988 231 425 3989 201 402 3990 202 401 3991 230 427 3992 202 404 3993 203 2258 3994 229 429 3995 205 413 4002 227 476 4003 228 435 4004 199 436 4005 233 479 4006 227 437 4007 206 438 4008 207 2270 4009 214 439 4010 208 441 4011 215 464 4012 214 442 4013 209 444 4014 216 466 4015 215 445 4016 210 447 4017 217 2271 4018 216 448 4019 211 456 4026 212 2273 4027 219 457 4028 212 459 4029 206 2274 4030 213 460 4031 213 440 4032 214 439 4033 221 462 4034 215 464 4035 222 2002 4036 221 465 4037 216 466 4038 223 469 4039 222 467 4040 216 448 4041 217 2271 4042 224 468 4043 218 458 4050 219 457 4051 226 474 4052 213 460 4053 220 2276 4054 226 474 4055 227 476 4056 212 2273 4057 211 456 4058 230 430 4065 229 429 4066 210 447 4067 231 428 4068 230 427 4069 209 444 4070 232 426 4071 231 425 4072 208 441 4073 232 478 4074 207 2270 4075 206 438 4076 233 479 4077 206 2274 4078 212 459 4079 234 480 4080 235 1906 4081 242 481 4082 236 483 4083 243 2277 4084 242 484 4085 236 486 4086 237 1902 4087 244 487 4088 237 489 4089 238 1899 4090 245 490 4091 239 492 4092 246 2278 4093 245 493 4094 234 501 4101 241 522 4102 247 502 4103 269 507 4119 262 2285 4120 263 508 4121 263 508 4122 264 2286 4123 265 509 4124 265 509 4125 266 2287 4126 269 507 4127 266 2287 4128 267 2288 4129 269 507 4130 267 2288 4131 268 1919 4132 269 507 4133 242 481 4134 275 2289 4135 276 510 4136 242 484 4137 243 2277 4138 274 511 4139 243 488 4140 244 487 4141 273 513 4142 244 491 4143 245 490 4144 272 515 4145 245 493 4146 246 2278 4147 271 517 4148 241 522 4155 276 2292 4156 270 523 4157 249 524 4158 281 582 4159 282 525 4160 249 527 4161 250 2293 4162 280 528 4163 250 530 4164 251 2294 4165 279 531 4166 251 533 4167 252 2295 4168 278 534 4169 252 536 4170 253 2296 4171 277 537 4172 248 545 4179 282 584 4180 283 546 4181 256 548 4182 263 2297 4183 262 549 4184 256 551 4185 257 589 4186 264 552 4187 257 554 4188 258 2298 4189 265 555 4190 259 557 4191 266 2299 4192 265 558 4193 260 560 4194 267 2300 4195 266 561 4196 255 569 4203 262 2302 4204 269 570 4205 271 517 4212 253 2296 4213 252 536 4214 272 515 4215 252 2295 4216 251 533 4217 273 513 4218 251 2294 4219 250 530 4220 274 511 4221 250 2293 4222 249 527 4223 276 510 4224 275 2289 4225 249 524 4226 270 523 4227 276 2292 4228 248 545 4229 278 538 4233 277 537 4234 285 574 4235 279 535 4236 278 534 4237 286 576 4238 280 532 4239 279 531 4240 287 578 4241 281 529 4242 280 528 4243 288 580 4244 281 582 4245 289 590 4246 290 583 4247 282 584 4248 290 2304 4249 284 585 4250 285 574 4260 260 560 4261 259 562 4262 286 576 4263 259 557 4264 258 559 4265 287 578 4266 258 2298 4267 257 554 4268 289 581 4269 288 580 4270 257 589 4271 289 590 4272 256 548 4273 255 550 4274 284 585 4275 290 2304 4276 255 569 4277 292 591 4278 299 618 4279 298 592 4280 292 594 4281 293 1657 4282 300 595 4283 293 597 4284 294 1655 4285 301 598 4286 295 600 4287 302 2306 4288 301 601 4289 296 609 4296 297 1651 4297 304 610 4298 291 612 4299 298 631 4300 304 613 4301 299 618 4317 325 2313 4318 326 619 4319 299 596 4320 300 595 4321 324 620 4322 300 599 4323 301 598 4324 323 622 4325 301 601 4326 302 2306 4327 322 624 4328 304 610 4335 320 2315 4336 321 630 4337 298 631 4338 326 2316 4339 320 632 4340 306 633 4341 339 2317 4342 340 634 4343 306 636 4344 307 2318 4345 338 637 4346 307 639 4347 308 2319 4348 337 640 4349 308 642 4350 309 2320 4351 336 643 4352 311 651 4359 334 2323 4360 335 652 4361 305 654 4362 340 2324 4363 334 655 4364 321 630 4365 320 2315 4366 311 651 4367 322 624 4374 309 2320 4375 308 642 4376 323 622 4377 308 2319 4378 307 639 4379 324 620 4380 307 2318 4381 306 636 4382 326 619 4383 325 2313 4384 306 633 4385 320 632 4386 326 2316 4387 305 654 4388 328 657 4389 327 681 4390 319 658 4391 329 666 4398 316 2326 4399 315 667 4400 330 669 4401 315 2327 4402 314 670 4403 331 672 4404 314 2328 4405 313 673 4406 333 675 4407 332 683 4408 313 676 4409 327 678 4410 333 684 4411 312 679 4412 335 652 4413 334 2323 4414 327 681 4415 336 643 4422 329 666 4423 330 668 4424 337 640 4425 330 669 4426 331 671 4427 338 637 4428 331 672 4429 332 674 4430 340 634 4431 339 2317 4432 332 683 4433 334 655 4434 340 2324 4435 333 684 4436 312 687 4437 313 2329 4438 314 2330 4439 314 2330 4440 315 2331 4441 312 687 4442 315 2331 4443 316 2332 4444 312 687 4445 316 2332 4446 317 1675 4447 312 687 4448 317 1675 4449 318 685 4450 312 687 4451 342 694 4458 343 1745 4459 350 695 4460 344 697 4461 351 2335 4462 350 698 4463 345 700 4464 352 2336 4465 351 701 4466 345 703 4467 346 1739 4468 353 704 4469 346 706 4470 347 1736 4471 354 707 4472 341 709 4473 348 729 4474 354 710 4475 376 2342 4491 369 2343 4492 370 715 4493 370 715 4494 371 1761 4495 372 716 4496 372 716 4497 373 2344 4498 374 717 4499 374 717 4500 375 2345 4501 376 2342 4502 376 2342 4503 370 715 4504 374 717 4505 349 696 4512 350 695 4513 357 721 4514 350 698 4515 351 2335 4516 358 723 4517 351 701 4518 352 2336 4519 359 725 4520 353 704 4521 360 2347 4522 359 727 4523 354 707 4524 361 2348 4525 360 728 4526 348 729 4527 355 2349 4528 361 730 4529 357 721 4536 364 746 4537 363 734 4538 358 723 4539 365 2351 4540 364 735 4541 359 725 4542 366 750 4543 365 736 4544 359 727 4545 360 2347 4546 367 737 4547 360 728 4548 361 2348 4549 368 739 4550 361 730 4551 355 2349 4552 362 741 4553 364 746 4560 372 2353 4561 371 747 4562 364 735 4563 365 2351 4564 373 748 4565 366 750 4566 374 2354 4567 373 751 4568 366 738 4569 367 737 4570 375 752 4571 368 739 4572 376 2355 4573 375 754 4574 368 742 4575 362 741 4576 369 755 4577 378 763 4584 379 1577 4585 386 764 4586 379 766 4587 380 1575 4588 387 767 4589 381 769 4590 388 793 4591 387 770 4592 381 772 4593 382 1570 4594 389 773 4595 383 775 4596 390 2357 4597 389 776 4598 377 778 4599 384 2358 4600 390 779 4601 386 764 4638 416 2370 4639 417 791 4640 387 767 4641 415 2371 4642 416 792 4643 388 793 4644 414 2372 4645 415 794 4646 388 774 4647 389 773 4648 413 795 4649 389 776 4650 390 2357 4651 412 797 4652 390 779 4653 384 2358 4654 418 799 4655 392 807 4662 393 839 4663 409 808 4664 393 810 4665 394 838 4666 408 811 4667 394 813 4668 395 837 4669 407 814 4670 396 816 4671 406 2373 4672 407 817 4673 397 819 4674 405 2374 4675 406 820 4676 391 822 4677 411 2375 4678 405 823 4679 406 820 4680 405 2374 4681 404 825 4682 407 817 4683 406 2373 4684 403 827 4685 407 814 4686 402 1581 4687 401 829 4688 408 811 4689 401 2376 4690 400 830 4691 409 808 4692 400 830 4693 399 831 4694 405 823 4701 411 2375 4702 398 836 4703 412 797 4704 397 819 4705 396 821 4706 413 795 4707 396 816 4708 395 818 4709 415 794 4710 414 2372 4711 395 837 4712 416 792 4713 415 2371 4714 394 838 4715 417 791 4716 416 2370 4717 393 839 4718 418 799 4725 391 822 4726 397 824 4727 420 841 4728 427 868 4729 426 842 4730 420 844 4731 421 1615 4732 428 845 4733 422 847 4734 429 2378 4735 428 848 4736 423 850 4737 430 2379 4738 429 851 4739 424 859 4746 425 1610 4747 432 860 4748 419 862 4749 426 881 4750 432 863 4751 427 868 4767 453 2386 4768 454 869 4769 427 846 4770 428 845 4771 452 870 4772 428 848 4773 429 2378 4774 451 872 4775 429 851 4776 430 2379 4777 450 874 4778 432 860 4785 448 2388 4786 449 880 4787 426 881 4788 454 2389 4789 448 882 4790 434 883 4791 467 2390 4792 468 884 4793 434 886 4794 435 2391 4795 466 887 4796 435 889 4797 436 2392 4798 465 890 4799 436 892 4800 437 2393 4801 464 893 4802 439 901 4809 462 2396 4810 463 902 4811 433 904 4812 468 2397 4813 462 905 4814 449 880 4815 448 2388 4816 439 901 4817 450 874 4824 437 2393 4825 436 892 4826 451 872 4827 436 2392 4828 435 889 4829 452 870 4830 435 2391 4831 434 886 4832 454 869 4833 453 2386 4834 434 883 4835 448 882 4836 454 2389 4837 433 904 4838 456 907 4839 455 931 4840 447 908 4841 457 916 4848 444 2399 4849 443 917 4850 458 919 4851 443 2400 4852 442 920 4853 459 922 4854 442 2401 4855 441 923 4856 461 925 4857 460 933 4858 441 926 4859 455 928 4860 461 934 4861 440 929 4862 463 902 4863 462 2396 4864 455 931 4865 464 893 4872 457 916 4873 458 918 4874 465 890 4875 458 919 4876 459 921 4877 466 887 4878 459 922 4879 460 924 4880 468 884 4881 467 2390 4882 460 933 4883 462 905 4884 468 2397 4885 461 934 4886 440 937 4887 441 2402 4888 442 2403 4889 442 2403 4890 443 2404 4891 440 937 4892 443 2404 4893 444 2405 4894 440 937 4895 444 2405 4896 445 1633 4897 440 937 4898 445 1633 4899 446 935 4900 440 937 4901 470 938 4902 477 968 4903 476 939 4904 472 947 4911 479 2408 4912 478 948 4913 473 950 4914 480 2409 4915 479 951 4916 474 953 4917 481 978 4918 480 954 4919 474 956 4920 475 1771 4921 482 957 4922 475 959 4923 469 1768 4924 476 960 4925 504 967 4941 497 2415 4942 500 1796 4943 497 2415 4944 498 2416 4945 500 1796 4946 498 2416 4947 499 1788 4948 500 1796 4949 500 1796 4950 501 2417 4951 504 967 4952 501 2417 4953 502 965 4954 504 967 4955 477 968 4956 484 2418 4957 483 969 4958 478 948 4965 479 2408 4966 486 974 4967 479 951 4968 480 2409 4969 487 976 4970 481 978 4971 488 2419 4972 487 979 4973 482 957 4974 489 2420 4975 488 980 4976 476 960 4977 483 2421 4978 489 981 4979 483 969 4980 484 2418 4981 491 982 4982 486 974 4989 493 2424 4990 492 986 4991 487 976 4992 494 1001 4993 493 987 4994 487 979 4995 488 2419 4996 495 988 4997 488 980 4998 489 2420 4999 496 990 5000 489 981 5001 483 2421 5002 490 992 5003 491 982 5004 498 2425 5005 497 994 5006 492 986 5013 493 2424 5014 501 999 5015 494 1001 5016 502 2426 5017 501 1002 5018 495 988 5019 503 2427 5020 502 1003 5021 495 991 5022 496 990 5023 504 1004 5024 496 993 5025 490 992 5026 497 1006 5027 506 1014 5034 507 2125 5035 514 1015 5036 508 1017 5037 515 1043 5038 514 1018 5039 509 1020 5040 516 1045 5041 515 1021 5042 509 1023 5043 510 2119 5044 517 1024 5045 510 1026 5046 511 2117 5047 518 1027 5048 505 1029 5049 512 2429 5050 518 1030 5051 540 1036 5067 533 2435 5068 534 2148 5069 534 2148 5070 535 2150 5071 540 1036 5072 535 2150 5073 536 1037 5074 540 1036 5075 536 1037 5076 537 2436 5077 538 2437 5078 538 2437 5079 539 1035 5080 536 1037 5081 514 1015 5088 545 2439 5089 546 1042 5090 515 1043 5091 544 2440 5092 545 1044 5093 516 1045 5094 543 2441 5095 544 1046 5096 516 1025 5097 517 1024 5098 542 1047 5099 517 1028 5100 518 1027 5101 541 1049 5102 518 1030 5103 512 2429 5104 547 1051 5105 520 1059 5112 521 1103 5113 552 1060 5114 521 1062 5115 522 1102 5116 551 1063 5117 522 1065 5118 523 1101 5119 550 1066 5120 524 1068 5121 549 2443 5122 550 1069 5123 525 1071 5124 548 2444 5125 549 1072 5126 519 1074 5127 554 2445 5128 548 1075 5129 527 1083 5136 528 2448 5137 558 1084 5138 528 1086 5139 529 2449 5140 557 1087 5141 529 1089 5142 530 2450 5143 556 1090 5144 531 1092 5145 555 2451 5146 556 1093 5147 532 1095 5148 561 2452 5149 555 1096 5150 526 1098 5151 560 2453 5152 561 1099 5153 541 1049 5154 525 1071 5155 524 1073 5156 542 1047 5157 524 1068 5158 523 1070 5159 544 1046 5160 543 2441 5161 523 1101 5162 545 1044 5163 544 2440 5164 522 1102 5165 546 1042 5166 545 2439 5167 521 1103 5168 547 1051 5175 519 1074 5176 525 1076 5177 549 1072 5178 548 2444 5179 532 1095 5180 550 1069 5181 549 2443 5182 531 1092 5183 550 1066 5184 530 2450 5185 529 1089 5186 551 1063 5187 529 2449 5188 528 1086 5189 552 1060 5190 528 2448 5191 527 1083 5192 548 1075 5199 554 2445 5200 526 1098 5201 556 1093 5202 555 2451 5203 539 1105 5204 556 1090 5205 538 2454 5206 537 1107 5207 557 1087 5208 537 2455 5209 536 1108 5210 558 1084 5211 536 2456 5212 535 1109 5213 561 1099 5220 560 2453 5221 533 1113 5222 555 1096 5223 561 2452 5224 540 1115 5225 562 1117 5226 563 1523 5227 570 1118 5228 564 1120 5229 571 2458 5230 570 1121 5231 564 1123 5232 565 1521 5233 572 1124 5234 565 1126 5235 566 1517 5236 573 1127 5237 568 1135 5244 575 1158 5245 574 1136 5246 562 1138 5247 569 1160 5248 575 1139 5249 570 1118 5280 602 2470 5281 603 1147 5282 570 1121 5283 571 2458 5284 601 1148 5285 571 1125 5286 572 1124 5287 600 1150 5288 572 1128 5289 573 1127 5290 599 1152 5291 575 1158 5298 597 2472 5299 598 1159 5300 569 1160 5301 603 2473 5302 597 1161 5303 577 1162 5304 608 1220 5305 609 1163 5306 577 1165 5307 578 2474 5308 607 1166 5309 578 1168 5310 579 2475 5311 606 1169 5312 579 1171 5313 580 2476 5314 605 1172 5315 582 1180 5322 610 1224 5323 604 1181 5324 576 1183 5325 609 1222 5326 610 1184 5327 584 1186 5328 591 1526 5329 590 1187 5330 584 1189 5331 585 1228 5332 592 1190 5333 586 1192 5334 593 1532 5335 592 1193 5336 587 1195 5337 594 2478 5338 593 1196 5339 588 1204 5346 589 1226 5347 596 1205 5348 583 1207 5349 590 1536 5350 596 1208 5351 598 1159 5352 597 2472 5353 582 1180 5354 599 1152 5361 580 2476 5362 579 1171 5363 600 1150 5364 579 2475 5365 578 1168 5366 601 1148 5367 578 2474 5368 577 1165 5369 603 1147 5370 602 2470 5371 577 1162 5372 597 1161 5373 603 2473 5374 576 1183 5375 606 1173 5382 605 1172 5383 613 1214 5384 607 1170 5385 606 1169 5386 614 1216 5387 608 1167 5388 607 1166 5389 615 1218 5390 608 1220 5391 616 1229 5392 617 1221 5393 609 1222 5394 617 2481 5395 611 1223 5396 610 1224 5397 611 2482 5398 612 1225 5399 612 1225 5400 611 2482 5401 589 1226 5402 613 1214 5409 587 1195 5410 586 1197 5411 614 1216 5412 586 1192 5413 585 1194 5414 616 1219 5415 615 1218 5416 585 1228 5417 616 1229 5418 584 1186 5419 583 1188 5420 611 1223 5421 617 2481 5422 583 1207 5423 619 1230 5424 1154 2483 5425 1155 1231 5426 620 1233 5427 1153 2155 5428 1154 1234 5429 620 1236 5430 621 2160 5431 1160 1237 5432 621 1239 5433 622 2162 5434 1159 1240 5435 622 1242 5436 623 2164 5437 1158 1243 5438 623 1245 5439 624 2166 5440 1157 1246 5441 625 1248 5442 1156 2484 5443 1157 1249 5444 618 1251 5445 1155 2485 5446 1156 1252 5447 627 1269 5448 662 2486 5449 663 1270 5450 627 1272 5451 628 2487 5452 661 1273 5453 628 1275 5454 629 2488 5455 660 1276 5456 629 1278 5457 630 1318 5458 659 1279 5459 630 1281 5460 631 1317 5461 666 1282 5462 632 1284 5463 665 2489 5464 666 1285 5465 633 1287 5466 664 2490 5467 665 1288 5468 626 1290 5469 663 2491 5470 664 1291 5471 643 1293 5472 651 2492 5473 652 1294 5474 644 1296 5475 652 2493 5476 653 1297 5477 646 1299 5478 645 2156 5479 653 1300 5480 647 1302 5481 646 2494 5482 654 1303 5483 648 1305 5484 647 2495 5485 655 1306 5486 649 1308 5487 648 2496 5488 656 1309 5489 649 1311 5490 657 1319 5491 658 1312 5492 650 1314 5493 658 1320 5494 651 1315 5495 652 1294 5496 651 2492 5497 633 1287 5498 653 1297 5499 652 2493 5500 632 1284 5501 654 1301 5502 653 1300 5503 631 1317 5504 655 1304 5505 654 1303 5506 630 1318 5507 655 1306 5508 629 2488 5509 628 1275 5510 656 1309 5511 628 2487 5512 627 1272 5513 657 1319 5514 627 1269 5515 626 1271 5516 658 1320 5517 626 1290 5518 633 1292 5519 659 1279 5520 639 2497 5521 638 1321 5522 660 1276 5523 638 2498 5524 637 1322 5525 664 1291 5532 663 2491 5533 634 1329 5534 665 1288 5535 664 2490 5536 642 1331 5537 666 1285 5538 665 2489 5539 641 1333 5540 659 1283 5541 666 1282 5542 640 1335 5543 668 1337 5544 676 2501 5545 675 1338 5546 669 1343 5550 670 1701 5551 678 1344 5552 671 1346 5553 679 1372 5554 678 1347 5555 671 1349 5556 672 1695 5557 680 1350 5558 672 1352 5559 673 1694 5560 681 1353 5561 674 1355 5562 682 2503 5563 681 1356 5564 674 1358 5565 667 1691 5566 675 1359 5567 697 2509 5583 690 2510 5584 691 1364 5585 691 1364 5586 692 1721 5587 693 1365 5588 693 1365 5589 694 2511 5590 695 1366 5591 695 1366 5592 696 2512 5593 697 2509 5594 697 2509 5595 691 1364 5596 695 1366 5597 678 1344 5604 709 2515 5605 710 1371 5606 679 1372 5607 708 2516 5608 709 1373 5609 680 1350 5610 707 2517 5611 708 1374 5612 680 1354 5613 681 1353 5614 706 1375 5615 681 1356 5616 682 2503 5617 705 1377 5618 682 1360 5619 675 1359 5620 711 1379 5621 684 1387 5628 685 1419 5629 702 1388 5630 685 1390 5631 686 1418 5632 701 1391 5633 686 1393 5634 687 1417 5635 700 1394 5636 688 1396 5637 699 2519 5638 700 1397 5639 689 1399 5640 698 2520 5641 699 1400 5642 683 1402 5643 704 2521 5644 698 1403 5645 699 1400 5646 698 2520 5647 697 1405 5648 700 1397 5649 699 2519 5650 696 1407 5651 700 1394 5652 695 2522 5653 694 1409 5654 701 1391 5655 694 2523 5656 693 1410 5657 702 1388 5658 693 2524 5659 692 1411 5660 698 1403 5667 704 2521 5668 690 1415 5669 705 1377 5670 689 1399 5671 688 1401 5672 706 1375 5673 688 1396 5674 687 1398 5675 708 1374 5676 707 2517 5677 687 1417 5678 709 1373 5679 708 2516 5680 686 1418 5681 710 1371 5682 709 2515 5683 685 1419 5684 711 1379 5691 683 1402 5692 689 1404 5693 712 1421 5694 713 2039 5695 720 1422 5696 714 1424 5697 721 2526 5698 720 1425 5699 714 1427 5700 715 2034 5701 722 1428 5702 716 1430 5703 723 2527 5704 722 1431 5705 717 1439 5712 718 2031 5713 725 1440 5714 712 1442 5715 719 1463 5716 725 1443 5717 747 2534 5733 740 2535 5734 741 1448 5735 741 1448 5736 742 2536 5737 743 1449 5738 743 1449 5739 744 2537 5740 745 1450 5741 745 1450 5742 746 2059 5743 747 2534 5744 747 2534 5745 741 1448 5746 745 1450 5747 720 1422 5748 753 1507 5749 754 1451 5750 720 1425 5751 721 2526 5752 752 1452 5753 721 1429 5754 722 1428 5755 751 1454 5756 722 1431 5757 723 2527 5758 750 1456 5759 725 1440 5766 748 1505 5767 749 1462 5768 719 1463 5769 754 1508 5770 748 1464 5771 726 1465 5772 727 2538 5773 734 1466 5774 728 1468 5775 735 1491 5776 734 1469 5777 729 1471 5778 736 1493 5779 735 1472 5780 730 1474 5781 737 1495 5782 736 1475 5783 731 1483 5790 732 2540 5791 739 1484 5792 732 1486 5793 726 2541 5794 733 1487 5795 733 1467 5796 734 1466 5797 741 1489 5798 735 1491 5799 742 2542 5800 741 1492 5801 736 1493 5802 743 2543 5803 742 1494 5804 737 1495 5805 744 2544 5806 743 1496 5807 738 1485 5814 739 1484 5815 747 1501 5816 739 1488 5817 733 1487 5818 740 1503 5819 748 1505 5820 732 2540 5821 731 1483 5822 751 1457 5829 750 1456 5830 730 1474 5831 752 1455 5832 751 1454 5833 729 1471 5834 753 1453 5835 752 1452 5836 728 1468 5837 753 1507 5838 727 2538 5839 726 1465 5840 754 1508 5841 726 2541 5842 732 1486 5843 1153 2155 6780 648 2496 6781 649 1308 6782 1155 1231 6783 1154 2483 6784 649 1311 6785 1156 1252 6786 1155 2485 6787 650 1314 6788 1157 1249 6789 1156 2484 6790 643 1293 6791 1158 1247 6792 1157 1246 6793 644 1296 6794 1159 1244 6795 1158 1243 6796 645 2156 6797 1159 1240 6798 646 2494 6799 647 1302 6800 1160 1237 6801 647 2495 6802 648 1305 6803 618 1232 6804 1161 2631 6805 1162 2157 6806 619 1235 6807 1162 2632 6808 1164 2158 6809 620 1236 6810 1164 2159 6811 1165 2159 6812 621 1239 6813 1165 2161 6814 1166 2161 6815 622 1242 6816 1166 2633 6817 1167 2163 6818 623 1245 6819 1167 2634 6820 1168 2165 6821 624 1250 6822 1168 2635 6823 1169 2167 6824 625 1253 6825 1169 2636 6826 1161 2168 6827</p>
        </triangles>
      </mesh>
    </geometry>
  </library_geometries>
  <library_visual_scenes>
    <visual_scene id="Scene" name="Scene">
      <node id="base00" name="base00" type="NODE">
        <matrix sid="transform">1 0 0 0 0 1 0 0 0 0 1 0 0 0 0 1</matrix>
        <node id="start01" name="start01" type="NODE">
          <matrix sid="transform">1 0 0 0 0 1 0 0 0 0 1 0 0 0 0 1</matrix>
          <node id="Dead_tree_two" name="Dead_tree_two" type="NODE">
            <matrix sid="transform">-2.76819e-4 3.74106e-10 0.007944753 0 0.007944753 1.3035e-11 2.76819e-4 0 0 0.008563742 -3.47487e-10 0 0 0 0 1</matrix>
            <instance_geometry url="#Mesh_002-mesh" name="Dead_tree_two">
              <bind_material>
                <technique_common>
                  <instance_material symbol="deadTree_001-material" target="#deadTree_001-material">
                    <bind_vertex_input semantic="map1" input_semantic="TEXCOORD" input_set="0"/>
                  </instance_material>
                  <instance_material symbol="deadTree_002-material" target="#deadTree_002-material">
                    <bind_vertex_input semantic="map1" input_semantic="TEXCOORD" input_set="0"/>
                  </instance_material>
                </technique_common>
              </bind_material>
            </instance_geometry>
          </node>
          <node id="Colmesh-1" name="Colmesh-1" type="NODE">
            <matrix sid="transform">-2.76819e-4 3.74106e-10 0.007944753 0 0.007944753 1.3035e-11 2.76819e-4 0 0 0.008563742 -3.47487e-10 0 0 0 0 1</matrix>
            <instance_geometry url="#Mesh_007-mesh" name="Colmesh-1"/>
          </node>
        </node>
      </node>
    </visual_scene>
  </library_visual_scenes>
  <scene>
    <instance_visual_scene url="#Scene"/>
  </scene>
</COLLADA>