<?xml version="1.0" encoding="utf-8"?>
<COLLADA xmlns="http://www.collada.org/2005/11/COLLADASchema" version="1.4.1" xmlns:xsi="http://www.w3.org/2001/XMLSchema-instance">
  <asset>
    <contributor>
      <author>Blender User</author>
      <authoring_tool>Blender 3.4.1 commit date:2022-12-19, commit time:17:00, hash:55485cb379f7</authoring_tool>
    </contributor>
    <created>2025-11-26T01:03:25</created>
    <modified>2025-11-26T01:03:25</modified>
    <unit name="meter" meter="1"/>
    <up_axis>Z_UP</up_axis>
  </asset>
  <library_effects>
    <effect id="Table_001-effect">
      <profile_COMMON>
        <technique sid="common">
          <lambert>
            <emission>
              <color sid="emission">0 0 0 1</color>
            </emission>
            <diffuse>
              <color sid="diffuse">0.8 0.8 0.8 1</color>
            </diffuse>
            <reflectivity>
              <float sid="specular">1</float>
            </reflectivity>
            <index_of_refraction>
              <float sid="ior">1</float>
            </index_of_refraction>
          </lambert>
        </technique>
      </profile_COMMON>
    </effect>
  </library_effects>
  <library_images/>
  <library_materials>
    <material id="Table_001-material" name="Table.001">
      <instance_effect url="#Table_001-effect"/>
    </material>
  </library_materials>
  <library_geometries>
    <geometry id="Table-mesh" name="Table">
      <mesh>
        <source id="Table-mesh-positions">
          <float_array id="Table-mesh-positions-array" count="3294">148.8745 32.70946 -38.63496 -14.16857 96.31829 158.2714 177.4579 -81.37635 41.97132 234.3176 36.93587 -0.07258719 235.1698 37.99477 -0.07258719 -217.1451 -81.37635 -18.07012 224.7629 94.44121 -0.07258719 34.26549 35.07016 122.1996 222.9537 95.99639 -0.07258719 -1.81028 -82.28264 220.6861 -176.5203 36.24336 -5.614751 216.4977 36.93587 -89.65959 217.2849 37.99477 -89.98567 -212.9009 -81.37635 -25.14729 207.6702 94.44121 -86.00312 110.393 36.68626 206.0595 205.9988 95.99639 -85.31079 212.7241 -82.48474 24.48601 -14.92581 27.06726 179.4299 165.4972 36.68626 -165.3541 166.3533 37.99477 -166.2103 39.84942 -81.37635 193.4164 158.9945 94.44121 -158.8515 185.0839 -79.26235 -41.78821 157.7152 95.99639 -157.5722 89.17935 96.25182 -169.765 33.86726 36.55946 -226.8852 89.80258 36.93587 -216.3547 90.12866 37.99477 -217.1419 -105.4489 34.90776 16.43911 86.14611 94.44121 -207.5272 206.0325 -82.93154 30.51472 85.45378 95.99639 -205.8558 -221.0331 -81.37635 -4.203043 40.4134 -81.62303 167.0605 0.2155855 36.93587 -234.1746 0.2155855 37.99477 -235.0267 26.84432 -81.65834 -146.9562 0.2155855 94.44121 -224.6199 -179.5074 36.43556 116.7583 0.2155855 95.99639 -222.8107 169.6512 36.31096 -22.38313 -154.9531 34.82336 36.0955 -89.37141 36.93587 -216.3547 -89.69749 37.99477 -217.1419 16.72729 34.90776 105.5919 -85.71495 94.44121 -207.5272 106.5231 36.62936 -3.227861 -85.02261 95.99639 -205.8558 -112.7485 96.21575 -178.4199 -206.4149 -50.15924 -17.84239 -165.0659 36.68626 -165.3542 -165.9221 37.99477 -166.2103 -177.4318 34.82336 -11.43634 -158.5633 94.44121 -158.8515 -145.6772 24.33685 -39.58519 -157.284 95.99639 -157.5722 112.3976 36.37855 -25.01961 -199.7614 36.45126 -80.81518 -216.0665 36.93587 -89.65959 -216.8537 37.99477 -89.98567 144.4828 -81.37635 23.34058 -207.239 94.44121 -86.00312 34.98937 -82.47164 201.3428 -205.5676 95.99639 -85.31079 -29.58657 -81.37635 -149.578 41.93121 -79.26235 -184.9409 -233.8864 36.93587 -0.07258719 -234.7385 37.99477 -0.07258719 33.91431 -81.62303 -154.407 -224.3317 94.44121 -0.07258719 175.7488 34.82336 16.64449 -222.5225 95.99639 -0.07258719 -206.779 96.21575 -5.131675 36.38367 34.82336 -155.2413 -216.0665 36.93587 89.5144 -216.8537 37.99477 89.84048 26.84432 -81.65834 146.811 -207.239 94.44121 85.85794 10.44348 -81.37635 220.066 -205.5676 95.99639 85.1656 -17.94536 -82.93154 215.441 39.42367 -52.88974 -184.0486 -165.066 36.68626 165.2089 -165.9221 37.99477 166.0651 -134.3618 35.07016 -38.44524 -158.5633 94.44121 158.7063 -197.6954 -52.88974 30.77489 -157.284 95.99639 157.427 -149.729 96.21575 142.7173 -109.9618 36.68626 206.0595 -89.37141 36.93587 216.2095 -89.69749 37.99477 216.9967 40.20623 -82.48474 -169.4506 -85.71495 94.44121 207.382 157.2209 36.37855 33.06311 -85.02261 95.99639 205.7106 112.3976 36.37855 24.87443 22.52613 36.31096 -169.5082 0.2155855 36.93587 234.0294 0.2155855 37.99477 234.8815 -108.2305 34.82345 -21.57763 0.2155855 94.44121 224.4747 179.0777 34.82345 -5.809223 0.2155855 95.99639 222.6655 -4.843502 96.21575 206.922 139.8893 -81.37635 14.1089 89.80258 36.93587 216.2095 90.12866 37.99477 216.9967 39.0358 35.21075 139.9867 86.14611 94.44121 207.382 -32.93428 36.37855 122.9286 85.45378 95.99639 205.7106 16.72729 34.90776 -105.7371 -11.14816 34.82336 177.5748 165.7507 36.93587 165.4626 166.3533 37.99477 166.0651 142.8521 -82.05396 -19.70201 158.9945 94.44121 158.7063 -178.6465 34.82345 -5.809223 157.7152 95.99639 157.427 163.6937 34.82345 -31.47617 223.7894 36.55946 55.91142 216.4977 36.93587 89.5144 217.2849 37.99477 89.84048 -40.98251 -81.62303 -171.2052 207.6702 94.44121 85.85794 169.5485 36.55167 19.49813 205.9988 95.99639 85.1656 196.2086 96.21575 75.55015 -16.50149 34.82336 -175.6058 -24.73143 36.37855 112.1094 24.77419 -82.48474 -212.5811 148.8745 32.70946 38.48978 171.3482 -81.62303 -41.27068 -102.4508 34.82345 7.47898 229.4458 36.68626 -45.6693 -122.7856 36.37855 -33.22245 -39.41824 -81.37635 193.4164 -172.0128 27.06726 26.46597 230.6332 37.99477 -45.90548 -39.29702 24.33685 -145.9654 7.767153 34.82345 102.5938 -111.7671 34.82336 25.89273 33.91431 -81.62303 154.2618 24.80536 -37.62024 197.8921 177.863 34.82336 -11.43634 -20.88043 35.82216 108.393 220.4273 94.44121 -43.8754 -205.6013 -82.93154 -30.6599 -105.1285 36.37855 -14.30595 -154.6212 -82.48474 -33.18563 173.2165 -68.15924 41.88271 -24.85911 -81.37635 213.0439 -193.2734 -81.37635 -39.70641 -30.63189 -52.88974 197.8384 218.914 95.86119 -43.57439 -178.6465 34.82345 5.664048 140.2749 35.21075 -38.8928 18.21312 -81.37635 -217.4333 -26.41314 -81.65834 -146.9562 -30.75529 35.03105 -117.608 41.93121 -79.26235 184.7957 182.2515 27.06726 -5.870523 38.21526 -70.88974 157.9396 215.7292 -82.93154 -18.23353 -111.7671 34.82336 -26.03791 221.567 -81.37635 -2.137815 -39.41825 -81.37635 -193.5616 194.5476 36.68626 -129.9211 11.57933 34.82336 -177.72 117.751 35.03105 -31.04347 195.5542 37.99477 -130.5937 0.2155855 35.21075 -102.0144 207.7923 -81.37635 -31.26246 192.5836 59.49756 -128.6088 114.7636 35.72966 -28.24754 -144.0516 -81.37635 23.34058 3.370859 36.62936 106.2349 149.721 -81.37635 29.72956 141.288 -82.93154 12.60099 186.902 94.44121 -124.8125 6.37822 -81.49974 -137.8204 -169.22 36.31096 22.23795 185.6191 95.86119 -123.9553 112.1983 34.82336 25.89273 -31.93207 36.59796 151.5112 185.6989 -81.62303 41.4287 -176.2441 -82.93154 -40.35984 36.72409 34.82336 127.4284 6.37822 -81.49974 137.6752 36.3197 -81.37635 -201.0198 -161.0944 -81.37635 -38.12577 -169.22 36.31096 -22.38313 179.0777 34.82345 5.664048 130.0641 36.68626 -194.4046 -163.2625 34.82345 31.33099 -36.29293 34.82336 127.4284 130.7367 37.99477 -195.4112 4.346042 -81.37635 -221.3213 123.2168 36.37855 33.07728 18.03177 -82.04573 -217.0925 166.2741 -83.15084 -34.76699 24.77419 -82.48474 212.4359 124.9555 94.44121 -186.759 -156.7897 36.37855 33.06311 -129.8889 27.06726 36.83671 -105.1285 36.37855 14.16077 8.282409 36.70245 -158.9304 -38.9925 -52.88974 -184.0486 124.0983 95.86119 -185.4761 14.39708 -81.37635 -139.7463 -215.298 -82.93154 18.08835 -38.34679 32.70946 148.5863 39.84941 -81.37635 -193.5616 -212.2929 -82.48474 -24.63119 0.2155855 34.82336 179.2628 205.0667 -37.62024 -10.10268 -25.74973 34.82336 -112.0553 -148.4433 32.70946 38.48978 -17.78194 -81.37635 217.2881 45.87542 36.90965 -229.6201 19.78631 36.55167 -169.4055 -1.809703 -50.15924 -210.6406 46.04849 37.99477 -230.4902 36.3197 -81.37635 200.8746 4.266162 -37.62024 -206.0123 123.2168 36.37855 -33.22245 13.62281 36.70546 -122.5258 105.926 35.72966 -16.32716 44.0184 94.44121 -220.2842 -27.4327 36.59796 120.2007 37.65884 36.37855 141.1242 -32.92012 36.37855 156.9327 186.2465 -37.62024 35.3333 -17.94536 -82.93154 -215.5862 43.71739 95.86119 -218.771 18.37653 -82.93154 215.441 -161.4331 36.37855 -30.21367 7.767153 34.82345 -102.739 -13.9659 -81.37635 139.6011 144.2779 34.82336 38.85887 -38.46912 32.70946 135.3927 -148.2013 36.37855 36.32598 -37.78409 -70.88974 157.9396 -127.2854 34.82336 -36.5811 102.882 34.82345 7.47898 -45.38113 36.68626 -229.3028 -36.69371 27.06726 -130.1771 -179.2869 27.06726 -15.21399 -45.61731 37.99477 -230.4902 -154.1188 -81.62303 33.62614 217.2355 -82.04573 -17.88877 -103.2307 36.17576 9.04673 -172.7853 -68.15924 41.88271 -137.5322 -81.49974 -6.235221 -43.58723 94.44121 -220.2843 -21.28945 34.82345 108.3735 -31.18798 34.82345 163.4055 -24.85911 -81.37635 -213.1891 201.631 -82.47164 34.7012 -5.521049 34.82345 -178.9347 -43.28622 95.86119 -218.771 0.2155855 -83.16654 215.9791 31.06307 -52.88974 -197.9836 -24.34301 -82.48474 -212.5811 16.93267 34.82336 175.4606 21.3116 35.82216 108.393 147.0992 -81.65834 -26.70132 220.1774 -82.93154 -0.07258719 -114.3324 35.72966 -28.24754 36.11869 35.72966 -127.2477 -40.07167 -82.93154 -176.5323 -129.6329 36.68626 -194.4046 37.39214 -83.15084 -180.4271 40.4134 -81.62303 -167.2057 -130.3055 37.99477 -195.4112 6.013522 27.06726 -182.1085 -35.95251 34.82336 -155.2413 -128.3206 59.49756 -192.4406 25.86085 -83.15084 206.3035 6.013522 27.06726 181.9633 37.12488 27.06726 -130.1771 157.2209 36.37855 -33.20829 -27.4327 36.59796 -120.3459 -124.5243 94.44121 -186.759 158.8558 34.82336 34.45103 -31.93207 36.59796 -151.6564 -123.6671 95.86119 -185.4761 145.6625 -83.15084 14.99378 158.8558 34.82336 -34.59621 -24.37418 -37.62024 -198.0373 -40.9825 -81.62303 171.06 -38.14146 -82.93154 192.0305 149.0014 -82.89774 26.35085 -14.34434 36.55167 -171.8992 -32.92012 36.37855 -157.0779 -220.5431 -82.28264 -2.098452 -5.58235 27.06726 -182.1085 -194.1164 36.68626 -129.9211 151.7667 34.82336 -37.53261 182.2515 27.06726 5.725348 -195.123 37.99477 -130.5937 -144.0516 -81.37635 -23.48576 175.7488 34.82336 -16.78967 -109.9618 36.68626 -206.2047 -38.9925 -52.88974 183.9034 5.952221 34.82345 -178.9347 -186.4708 94.44121 -124.8125 -34.47882 -83.15084 -166.1311 -219.923 -81.37635 -10.30048 -215.298 -82.93154 -18.23353 201.1628 -81.37635 36.03153 102.2936 35.31686 -3.840553 -185.1879 95.86119 -123.9553 -105.4489 34.90776 -16.58429 31.40546 -81.37635 -207.6493 0.2155855 -82.93154 -220.0344 -14.01777 36.37855 -105.4167 30.01774 -81.37635 149.4328 103.8038 34.82336 -11.30969 5.952221 34.82345 178.7895 -169.1624 -82.48474 39.91806 -103.3726 34.82336 11.16451 -204.6355 -37.62024 -10.10268 -229.0146 36.68626 -45.6693 16.47016 35.72966 105.6378 213.3321 -81.37635 25.00211 -230.202 37.99477 -45.90549 -41.2857 -81.62303 185.4107 -166.9175 -81.62303 40.12523 -191.8875 -82.93154 -38.42963 -103.2307 36.17576 -9.191904 -39.81414 -82.45864 189.35 -219.996 94.44121 -43.8754 31.40546 -81.37635 207.5041 38.57262 -82.93154 192.0305 -205.6013 -82.93154 30.51472 38.90028 32.70946 -135.5379 -2.939688 36.62936 -106.3801 -218.4828 95.86119 -43.57439 -26.41314 -81.65834 146.811 2.240874 -50.15924 210.4954 -27.95936 35.72966 114.4754 -154.1188 -81.62303 -33.77132 -141.0981 -82.93154 13.56571 -197.7491 -37.62024 24.51718 -193.2734 -81.37635 39.56125 -20.88043 35.82216 -108.5382 15.28196 -83.15084 145.3743 -36.18298 36.37855 148.3443 -229.0146 36.68626 45.52413 17.98539 -50.15924 206.5579 -41.50004 -79.26235 184.7957 -230.202 37.99477 45.76031 34.26549 35.07016 -122.3448 -120.0577 36.59796 -27.72088 26.18091 34.82336 111.9101 141.6711 -79.26235 19.82785 -210.3524 -50.15924 1.952701 -219.9961 94.44121 43.73023 -35.1903 -37.62024 185.9583 161.8643 36.37855 -30.21367 12.21656 -82.41414 218.8779 25.16261 36.37855 112.1094 -177.0267 -81.37635 -42.11649 -218.4828 95.86119 43.42922 -169.1624 -82.48474 -40.06324 -170.917 -81.62303 41.12551 135.6809 32.70946 38.61211 15.35698 27.06726 -179.5751 155.0524 -82.48474 33.04046 32.36324 36.59796 -151.6564 -5.521049 34.82345 178.7895 -184.6527 -79.26235 -41.78821 -141.2399 -79.26235 19.82785 33.32864 -82.48474 154.7642 -194.1164 36.68626 129.7759 -148.2013 36.37855 -36.47115 172.9503 34.82345 -21.82001 -195.123 37.99477 130.4485 11.45269 34.82336 103.5156 0.2155855 34.82336 -179.408 -192.1524 59.49756 128.4636 13.85389 -82.93154 141.2411 169.3738 34.82336 -26.33056 -13.42271 -82.93154 -141.3863 -25.74973 34.82336 111.9101 185.0839 -79.26235 41.64304 -186.4708 94.44121 124.6673 163.6937 34.82345 31.33098 -114.3324 35.72966 28.10236 -185.1879 95.86119 123.8101 37.1898 36.37855 133.9447 28.39054 35.72966 -114.6206 37.78998 -82.15114 -161.6709 -106.0919 36.62936 3.082687 102.882 34.82345 -7.624155 -126.9595 35.72966 35.83052 -158.4246 34.82336 34.45104 -17.78194 -81.37635 -217.4333 103.6619 36.17576 -9.191904 36.38367 34.82336 155.0961 -129.6329 36.68626 194.2594 -37.8376 -81.37635 -161.3826 34.7392 34.82336 -158.7128 -130.3055 37.99477 195.266 -146.668 -81.65834 -26.70132 179.7181 27.06726 -15.21399 39.72819 24.33685 -145.9654 -16.03899 35.72966 -105.783 -122.2376 36.70546 -13.47982 -124.5243 94.44121 186.6138 -32.89746 -82.48474 154.7642 -141.2399 -79.26235 -19.97303 -41.82832 -81.37635 177.1697 -7.851237 36.70245 158.7852 -33.48315 -81.62303 154.2618 -123.6671 95.86119 185.3309 -218.8492 -82.67284 -10.02643 -151.3355 34.82336 -37.5326 -148.5702 -82.89774 -26.49603 40.50283 -82.93154 -176.5323 -13.9659 -81.37635 -139.7463 -206.4149 -50.15924 17.69721 -36.69371 27.06726 130.0319 -102.4508 34.82345 -7.624155 -38.60463 35.21075 -140.1319 -181.1895 -82.31795 41.27455 -45.38113 36.68626 229.1576 42.25949 -81.37635 177.1697 127.3907 35.72966 -35.9757 -45.61732 37.99477 230.345 39.14704 34.82336 143.9897 179.551 34.82336 -0.07258719 31.18647 35.03105 -117.608 105.8801 34.90776 16.43911 151.7667 34.82336 37.38743 -43.58723 94.44121 220.139 -39.98223 -81.62303 -167.2057 -7.335981 34.82345 -102.739 189.6382 -82.45864 -40.10231 192.3187 -82.93154 38.28445 -168.9426 34.82336 26.18538 -43.28622 95.86119 218.6258 -32.93428 36.37855 -123.0738 -206.1605 -83.15084 25.57267 108.6812 35.82216 21.02342 35.62147 -37.62024 -186.1035 -26.32297 27.06726 172.1558 105.926 35.72966 16.18198 -39.98223 -81.62303 167.0605 -219.7462 -82.93154 -0.07258719 154.55 -81.62303 -33.77132 -179.1198 34.82336 -0.07258719 45.8123 36.68626 229.1576 -16.29611 34.90776 -105.7371 181.6207 -82.31795 41.27455 46.04848 37.99477 230.345 -181.8203 27.06726 -5.870523 31.61915 34.82345 -163.5507 158.2278 -70.88974 -38.07226 147.0992 -81.65834 26.55614 -9.814504 -37.62024 204.7785 44.0184 94.44121 220.1391 30.8029 -82.93154 -205.8895 141.4124 36.37855 37.37067 -140.9812 36.37855 37.37067 -37.78409 -70.88974 -158.0848 9.334902 36.17576 -103.5189 43.71739 95.86119 218.6258 19.84501 -82.05396 142.5639 24.80536 -37.62024 -198.0373 -27.95936 35.72966 -114.6206 -176.2441 -82.93154 40.21466 -30.97428 -81.37635 207.5041 176.6753 -82.93154 -40.35984 -169.1173 36.55167 -19.64331 -219.923 -81.37635 10.1553 0.2155855 -81.37635 -137.2335 -221.1358 -81.37635 1.992641 130.0641 36.68626 194.2594 220.3542 -81.37635 10.1553 -151.3682 36.59796 32.07507 130.7367 37.99477 195.266 -139.8438 35.21075 -38.8928 -35.8685 -82.93154 161.1959 128.7518 59.49756 192.2954 42.25949 -81.37635 -177.3149 -163.2625 34.82345 -31.47616 23.62876 -81.37635 144.1946 -212.2929 -82.48474 24.48601 117.751 35.03105 30.89829 124.9555 94.44121 186.6138 14.77552 36.55167 171.754 206.0325 -82.93154 -30.6599 124.0983 95.86119 185.3309 -10.69131 36.37855 -175.3209 -11.02151 34.82336 103.5156 26.75415 27.06726 172.1558 127.7166 34.82336 -36.5811 36.72409 34.82336 -127.5736 102.2936 35.31686 3.695379 10.24567 -37.62024 -204.9237 114.7636 35.72966 28.10236 -161.0529 -82.93154 -36.15667 6.155062 -82.93154 139.3146 194.5476 36.68626 129.7759 -38.15707 35.07016 134.5048 172.9503 34.82345 21.67483 195.5542 37.99477 130.4485 177.863 34.82336 11.29116 206.8461 -50.15924 -17.84239 -143.8467 34.82336 -39.00404 10.44348 -81.37635 -220.2112 127.7166 34.82336 36.43592 186.902 94.44121 124.6673 -23.19758 -81.37635 144.1946 -158.6422 36.70245 -8.13941 -33.83432 35.07016 122.1996 -200.7316 -81.37635 36.03153 167.3487 -81.62303 40.12523 185.3979 95.99639 123.6623 37.65884 36.37855 -141.2694 -149.2898 -81.37635 29.72957 -205.7241 -37.62024 -4.123164 -25.42967 -83.15084 -206.4487 134.2329 36.37855 36.90163 -218.7349 -82.41414 11.92839 -136.9453 -81.37635 -0.07258719 184.1916 -52.88974 39.1355 22.52613 36.31096 169.363 229.7631 36.90965 45.58725 149.0014 -82.89774 -26.49603 230.6332 37.99477 45.76032 210.7836 -50.15924 -2.097875 -40.07167 -82.93154 176.3871 20.11603 -79.26235 -141.5281 220.4272 94.44121 43.73023 -139.4581 -81.37635 14.1089 -197.7491 -37.62024 -24.66236 148.6325 36.37855 -36.47115 218.914 95.86119 43.42922 -122.0566 35.07016 -34.12249 -102.3879 36.37855 1.749937 206.5917 -83.15084 -25.71785 -34.5582 -82.47164 201.3428 -111.9664 36.37855 -25.01961 31.06307 -52.88974 197.8384 15.28196 -83.15084 -145.5195 151.7994 36.59796 32.07507 -145.2313 -83.15084 14.99378 169.6512 36.31096 22.23795 17.98539 -50.15924 -206.7031 223.8802 36.68626 -67.92278 233.1768 36.93587 -23.01508 103.8038 34.82336 11.16451 220.9743 -82.28264 1.953278 30.35667 36.37855 161.5761 -179.2869 27.06726 15.06881 -219.989 -82.44944 5.979472 32.36324 36.59796 151.5112 -161.3827 -82.15114 37.50181 -35.88853 -81.37635 -201.0198 -157.7966 -70.88974 37.92709 11.57933 34.82336 177.5748 225.1271 38.24145 -68.30103 234.1166 38.24145 -23.10764 30.35667 36.37855 -161.7213 122.4878 35.07016 -34.12249 137.3765 -81.37635 -0.07258719 -154.9531 34.82336 -36.24068 215.0806 94.44121 -65.25335 223.6686 94.44121 -22.0787 -134.3618 35.07016 38.30006 -172.5191 34.82345 -21.82001 122.6688 36.70546 13.33464 40.24531 -82.45864 -189.4952 -138.5204 -82.57295 -6.110292 155.3843 34.82336 -36.24068 -41.82832 -81.37635 -177.3149 -135.2497 32.70946 -38.75728 36.61415 36.37855 148.3443 -16.03899 35.72966 105.6378 213.3494 95.99639 -64.7282 221.8682 95.99639 -21.90139 -38.71587 34.82336 -144.1349 -26.04238 34.82336 169.0856 -41.73971 -68.15924 172.9283 28.39054 35.72966 114.4754 -197.6954 -52.88974 -30.92007 31.18647 35.03105 117.4628 2.280813 -81.37635 221.2788 -185.2677 -81.62303 -41.57387 -140.8568 -82.93154 -12.74617 192.3187 -82.93154 -38.42963 -33.83432 35.07016 -122.3448 -146.668 -81.65834 26.55614 -204.6355 -37.62024 9.957503 15.35698 27.06726 179.4299 -39.81414 -82.45864 -189.4952 26.47356 34.82336 -169.2308 181.1668 36.93587 -148.5782 206.3477 36.68626 -110.25 -9.738257 -82.67284 218.9922 217.2355 -82.04573 17.74359 -183.7604 -52.88974 39.1355 -26.04238 34.82336 -169.2308 189.6382 -82.45864 39.95714 41.56272 -82.31795 181.3325 181.8968 38.24145 -149.1774 207.4968 38.24145 -110.8643 -175.0327 36.37855 -10.97949 213.3321 -81.37635 -25.14729 173.7814 94.44121 -142.517 198.2378 94.44121 -105.9153 16.93267 34.82336 -175.6058 -215.8361 -83.16654 -0.07258719 -30.9839 32.70946 118.2072 -139.4581 -81.37635 -14.25408 25.29029 -81.37635 -213.1891 41.41367 -81.62303 -171.2052 172.383 95.99639 -141.3694 196.6424 95.99639 -105.0626 -171.611 36.55167 14.48734 11.12248 36.37855 175.1757 205.0667 -37.62024 9.957503 161.4841 -82.93154 -36.15668 -24.34301 -82.48474 212.4359 5.75775 36.24336 -176.8085 -19.35513 36.55167 169.2603 3.983551 35.31686 -102.1506 -17.55422 -50.15924 206.5579 -8.903731 36.17576 -103.5189 161.6722 36.38525 -107.9545 -35.95251 34.82336 155.0961 110.393 36.68626 -206.2047 148.7212 36.93587 -181.0238 -19.41383 -82.05396 142.5639 -175.0327 36.37855 10.83431 2.241451 -82.28264 -220.8313 -1.849642 -81.37635 -221.424 -37.35881 -82.15114 161.5257 161.8643 36.37855 30.06849 111.0073 38.24145 -207.3538 149.3204 38.24145 -181.7538 -32.89748 -82.48474 -154.9094 -181.1895 -82.31795 -41.41972 106.0583 94.44121 -198.0948 142.66 94.44121 -173.6384 167.3487 -81.62303 -40.2704 33.32863 -82.48474 -154.9094 -3.552381 35.31686 102.0054 -5.72389 -82.93154 -139.4598 39.42367 -52.88974 183.9034 37.78998 -82.15114 161.5257 105.2056 95.99639 -196.4994 141.5124 95.99639 -172.24 -10.69131 36.37855 175.1757 31.41507 32.70946 -118.3524 135.6809 32.70946 -38.75728 -35.86851 -82.93154 -161.3411 41.41368 -81.62303 171.06 -26.20785 -82.89774 -148.8584 -196.3211 -83.25135 -25.63989 -120.0577 36.59796 27.5757 -5.326578 36.24336 176.6633 -148.5702 -82.89774 26.35085 220.4202 -82.44944 -6.124647 -37.22768 36.37855 -141.2694 23.15808 36.93587 -233.0338 68.16987 36.93587 -224.0804 -175.3176 34.82336 16.64449 169.3738 34.82336 26.18538 -181.8203 27.06726 5.725348 148.6325 36.37855 36.32598 10.24567 -37.62024 204.7785 -21.53183 34.82345 -172.8073 23.25064 38.24145 -233.9736 68.44402 38.24145 -224.9841 -26.20785 -82.89774 148.7132 -5.58235 27.06726 181.9633 22.2217 94.44121 -223.5256 65.39634 94.44121 -214.9376 38.21526 -70.88974 -158.0848 102.1574 35.21075 -0.07258719 30.01774 -81.37635 -149.578 21.72063 34.82345 108.3735 -21.53183 34.82345 172.6621 41.71687 -81.62303 -185.5559 22.04439 95.99639 -221.7252 64.87119 95.99639 -213.2064 -41.50004 -79.26235 -184.9409 30.8029 -82.93154 205.7443 134.793 35.07016 38.30006 26.63903 -82.89774 148.7132 -37.8376 -81.37635 161.2374 169.5936 -82.48474 -40.06324 118.4954 32.70946 31.12689 -166.4529 96.29735 -38.03883 161.5256 -81.37635 -38.12577 -19.68486 -79.26235 -141.5281 -3.834991 -37.62024 205.8671 161.5256 -81.37635 37.98059 -67.6346 36.68626 -223.7372 -22.7269 36.93587 -233.0338 26.63903 -82.89774 -148.8584 -168.9426 34.82336 -26.33056 -117.3198 35.03105 -31.04347 -30.37172 -82.93154 -205.8895 108.6812 35.82216 -21.1686 -17.60059 -82.04573 -217.0925 -68.01285 38.24145 -224.9841 -22.81946 38.24145 -233.9736 -33.48315 -81.62303 -154.407 175.4639 36.37855 -10.97949 -64.96517 94.44121 -214.9376 -21.79052 94.44121 -223.5256 21.96301 34.82345 172.6621 -36.75864 36.37855 -134.0899 -118.0642 32.70946 31.12689 105.5597 36.37855 -14.30595 -16.50149 34.82336 175.4606 -161.0529 -82.93154 36.01151 -64.44002 95.99639 -213.2064 -21.61322 95.99639 -221.7252 -37.24444 34.82336 -151.6237 12.88916 -82.93154 -141.145 -38.46912 32.70946 -135.5379 36.61415 36.37855 -148.4895 -156.7897 36.37855 -33.20829 25.16261 36.37855 -112.2546 -30.97428 -81.37635 -207.6493 134.2329 36.37855 -37.04681 -36.18298 36.37855 -148.4895 14.44894 36.37855 105.2715 -30.63189 -52.88974 -197.9836 -14.85078 -83.15084 -145.5195 -148.29 36.93587 -181.0238 -35.68753 35.72966 127.1025 -41.73971 -68.15924 -173.0735 -24.37418 -37.62024 197.8921 -139.1716 -82.93154 5.866888 0.2155855 -81.37635 137.0883 -14.01777 36.37855 105.2715 193.7046 -81.37635 -39.70642 -148.8892 38.24145 -181.7538 -110.5761 38.24145 -207.3538 20.11603 -79.26235 141.3829 215.7292 -82.93154 18.08835 -142.2288 94.44121 -173.6384 -105.6271 94.44121 -198.0948 37.1898 36.37855 -134.0899 34.73921 34.82336 158.5676 172.0422 36.55167 -14.63252 -25.35171 -83.25135 196.4641 39.72819 24.33685 145.8202 -14.85078 -83.15084 145.3743 -141.0812 95.99639 -172.24 -104.7744 95.99639 -196.4994 -41.2857 -81.62303 -185.5559 23.62876 -81.37635 -144.3398 -3.552381 35.31686 -102.1506 206.8461 -50.15924 17.69721 158.2278 -70.88974 37.92709 -41.13155 -82.31795 -181.4777 151.7994 36.59796 -32.22024 33.35128 36.37855 -157.0779 220.3542 -81.37635 -10.30048 173.2165 -68.15924 -42.02788 103.6619 36.17576 9.04673 130.3201 27.06726 -36.98188 -205.9165 36.68626 -110.25 -180.7356 36.93587 -148.5782 -34.30804 34.82336 158.5676 141.6711 -79.26235 -19.97303 206.1553 -37.62024 3.977989 198.1266 -52.88974 -30.92007 37.12488 27.06726 130.0319 -177.0267 -81.37635 41.97132 -207.0656 38.24145 -110.8643 -181.4656 38.24145 -149.1774 -101.8624 35.31686 3.695379 -108.25 35.82216 -21.1686 -197.8066 94.44121 -105.9153 -173.3502 94.44121 -142.517 105.8801 34.90776 -16.58429 -189.207 -82.45864 39.95714 -126.9595 35.72966 -35.9757 181.6207 -82.31795 -41.41972 198.1803 -37.62024 -24.66236 217.5763 -81.37635 -18.07012 -196.2112 95.99639 -105.0626 -171.9518 95.99639 -141.3694 179.7181 27.06726 15.06881 33.36545 36.37855 -123.0738 41.71687 -81.62303 185.4107 -17.55422 -50.15924 -206.7031 -29.58656 -81.37635 149.4328 -19.41383 -82.05396 -142.7091 -172.0128 27.06726 -26.61115 19.84501 -82.05396 -142.7091 112.1983 34.82336 -26.03791 39.14704 34.82336 -144.1349 -30.75529 35.03105 117.4628 -26.32297 27.06726 -172.301 -232.7456 36.93587 -23.01508 -223.7922 36.93587 -68.02688 -151.3355 34.82336 37.38744 172.444 27.06726 26.46597 108.6617 34.82345 21.43245 -170.917 -81.62303 -41.27067 18.21312 -81.37635 217.2881 -165.8429 -83.15084 34.62181 -233.6854 38.24145 -23.10764 -224.6959 38.24145 -68.30103 -139.8437 35.21075 38.74763 -39.77507 -82.48474 169.3054 -223.2374 94.44121 -22.0787 -214.6494 94.44121 -65.25335 105.5597 36.37855 14.16077 27.86388 36.59796 -120.3459 0.2155855 35.21075 101.8692 -157.7966 -70.88974 -38.07226 -31.18799 34.82345 -163.5507 -9.814504 -37.62024 -204.9237 -221.437 95.99639 -21.90139 -212.9182 95.99639 -64.7282 -38.60463 35.21075 139.9868 -38.14146 -82.93154 -192.1757 -11.78539 -82.41414 -219.0231 31.41507 32.70946 118.2072 -184.6527 -79.26235 41.64304 217.5763 -81.37635 17.92494 -175.3176 34.82336 -16.78967 -133.8017 36.37855 36.90163 118.4954 32.70946 -31.27207 -201.1998 -82.47164 34.7012 11.12248 36.37855 -175.3209 11.45269 34.82336 -103.6608 -223.449 36.68626 67.77759 -232.7456 36.93587 22.8699 21.96301 34.82345 -172.8073 216.2673 -83.16654 -0.07258719 -216.8043 -82.04573 17.74359 -143.8467 34.82336 38.85887 3.983551 35.31686 102.0054 201.1628 -81.37635 -36.1767 -224.6959 38.24145 68.15584 -233.6854 38.24145 22.96246 -7.335981 34.82345 102.5938 -23.19758 -81.37635 -144.3398 -214.6494 94.44121 65.10816 -223.2374 94.44121 21.93352 -185.2677 -81.62303 41.4287 -158.4246 34.82336 -34.59621 34.90998 -83.15084 165.9859 14.44894 36.37855 -105.4167 -207.3611 -81.37635 -31.26246 41.56272 -82.31795 -181.4777 -212.9182 95.99639 64.58301 -221.437 95.99639 21.75621 10.16943 -82.67284 -219.1374 -105.4948 35.72966 -16.32716 38.57262 -82.93154 -192.1757 130.3201 27.06726 36.83671 -10.0123 -81.37635 220.066 184.1916 -52.88974 -39.28067 -34.5582 -82.47164 -201.488 -37.24443 34.82336 151.4785 120.4889 36.59796 -27.72088 -142.4209 -82.05396 19.55683 146.1084 24.33685 39.44002 -212.9009 -81.37635 25.00211 -180.7356 36.93587 148.433 -205.9165 36.68626 110.1048 -14.92581 27.06726 -179.5751 38.90028 32.70946 135.3927 185.6989 -81.62303 -41.57387 212.7241 -82.48474 -24.63119 -13.19164 36.70546 122.3806 171.3482 -81.62303 41.1255 -181.4656 38.24145 149.0322 -207.0656 38.24145 110.7191 -35.88853 -81.37635 200.8746 38.26876 -81.37635 -161.3826 -173.3502 94.44121 142.3718 -197.8066 94.44121 105.7701 36.29968 -82.93154 161.1959 159.0734 36.70245 7.994235 37.6756 34.82336 -151.6237 26.47356 34.82336 169.0856 -35.1903 -37.62024 -186.1035 177.4579 -81.37635 -42.11649 -171.9518 95.99639 141.2242 -196.2112 95.99639 104.9174 -21.28945 34.82345 -108.5187 -39.77507 -82.48474 -169.4506 138.9516 -82.57295 5.965117 141.4124 36.37855 -37.51585 0.2155855 -83.16654 -216.1243 -189.207 -82.45864 -40.10231 -151.3682 36.59796 -32.22024 -101.8624 35.31686 -3.840553 -161.4331 36.37855 30.06849 -30.9839 32.70946 -118.3524 -108.2305 34.82345 21.43245 155.3843 34.82336 36.0955 33.35128 36.37855 156.9327 -148.29 36.93587 180.8786 -145.2313 -83.15084 -15.13896 42.17088 -68.15924 172.9283 198.1803 -37.62024 24.51718 -122.7856 36.37855 33.07727 -17.60059 -82.04573 216.9473 201.631 -82.47164 -34.84637 -110.5761 38.24145 207.2086 -148.8892 38.24145 181.6086 -37.35881 -82.15114 -161.6709 14.39708 -81.37635 139.6011 -105.6271 94.44121 197.9496 -142.2288 94.44121 173.4932 219.2804 -82.67284 9.881256 -30.37172 -82.93154 205.7443 -108.25 35.82216 21.02342 -185.8153 -37.62024 -35.47847 33.36544 36.37855 122.9286 142.8521 -82.05396 19.55683 -104.7744 95.99639 196.3542 -141.0812 95.99639 172.0948 -185.8153 -37.62024 35.3333 -135.2497 32.70946 38.61211 40.50283 -82.93154 176.3871 -3.91487 -81.37635 221.1761 -5.822119 -82.57295 138.6634 18.37653 -82.93154 -215.5862 27.86388 36.59796 120.2007 21.3116 35.82216 -108.5382 154.55 -81.62303 33.62614 25.29029 -81.37635 213.0439 137.9634 -81.49974 6.090046 -133.8017 36.37855 -37.04681 -22.7269 36.93587 232.8886 -67.7387 36.93587 223.9352 169.5936 -82.48474 39.91806 198.1266 -52.88974 30.77489 18.03177 -82.04573 216.9473 6.267645 -82.44944 220.132 -216.8043 -82.04573 -17.88877 -200.7316 -81.37635 -36.1767 -22.81946 38.24145 233.8284 -68.01285 38.24145 224.8389 9.334902 36.17576 103.3737 -191.8875 -82.93154 38.28445 -21.79052 94.44121 223.3804 -64.96517 94.44121 214.7924 175.4639 36.37855 10.83431 120.4889 36.59796 27.5757 -1.606938 36.37855 -102.6761 21.72063 34.82345 -108.5187 -34.30804 34.82336 -158.7128 193.7046 -81.37635 39.56124 -21.61322 95.99639 221.58 -64.44002 95.99639 213.0612 108.6617 34.82345 -21.57763 -35.68753 35.72966 -127.2477 221.4643 -81.37635 4.057868 -122.0566 35.07016 33.97732 -36.96097 -83.15084 180.2819 -161.3827 -82.15114 -37.64698 -142.4209 -82.05396 -19.70201 219.1661 -82.41414 -12.07357 -38.71587 34.82336 143.9897 -137.5322 -81.49974 6.090046 161.8139 -82.15114 37.50181 -180.1389 -83.15084 -37.24914 68.06577 36.68626 223.592 23.15808 36.93587 232.8886 36.29967 -82.93154 -161.3411 -101.7262 35.21075 -0.07258719 149.721 -81.37635 -29.87475 38.58823 35.07016 -134.65 -172.5191 34.82345 21.67483 139.8893 -81.37635 -14.25408 68.44402 38.24145 224.8389 23.25064 38.24145 233.8284 25.78289 -83.25135 -196.6093 -36.75864 36.37855 133.9447 65.39634 94.44121 214.7924 22.2217 94.44121 223.3804 16.47016 35.72966 -105.783 -172.7853 -68.15924 -42.02788 34.98937 -82.47164 -201.488 37.67561 34.82336 151.4785 -29.92549 36.37855 -161.7213 155.0524 -82.48474 -33.18564 64.87119 95.99639 213.0612 22.04439 95.99639 221.58 -118.0642 32.70946 -31.27207 -29.92549 36.37855 161.5761 176.6753 -82.93154 40.21466 140.275 35.21075 38.74763 180.5701 -83.15084 37.10397 36.11869 35.72966 127.1025 -8.903731 36.17576 103.3737 -41.13155 -82.31795 181.3325 -19.68486 -79.26235 141.3829 -22.09495 36.31096 -169.5082 122.4878 35.07016 33.97732 95.44512 36.36236 129.9406 148.7212 36.93587 180.8786 -111.9664 36.37855 24.87443 38.58823 35.07016 134.5048 -11.14816 34.82336 -177.72 26.18091 34.82336 -112.0553 145.6625 -83.15084 -15.13896 40.24531 -82.45864 189.35 161.8139 -82.15114 -37.64698 149.3204 38.24145 181.6086 111.0073 38.24145 207.2086 -38.15707 35.07016 -134.65 -127.2854 34.82336 36.43592 142.66 94.44121 173.4932 106.0583 94.44121 197.9496 -36.29293 34.82336 -127.5736 196.7523 -83.25135 25.49471 127.3907 35.72966 35.83052 2.03811 36.37855 102.5309 -166.9175 -81.62303 -40.2704 -39.29702 24.33685 145.8202 141.5124 95.99639 172.0948 105.2056 95.99639 196.3542 -12.45799 -82.93154 140.9998 -149.2898 -81.37635 -29.87474 -22.09495 36.31096 169.363 -145.6772 24.33685 39.44002 161.4841 -82.93154 36.0115 -103.3726 34.82336 -11.30969 -16.29611 34.90776 105.5919 -154.6212 -82.48474 33.04047 -129.8889 27.06726 -36.98188 137.9634 -81.49974 -6.235221 146.1084 24.33685 -39.58519 172.444 27.06726 -26.61115 206.3477 36.68626 110.1048 180.8896 36.68626 148.2055 40.20623 -82.48474 169.3054 207.7923 -81.37635 31.11728 38.77795 32.70946 148.5863 26.75415 27.06726 -172.301 38.77795 32.70946 -148.7315 38.26876 -81.37635 161.2374 207.4968 38.24145 110.7191 181.8968 38.24145 149.0322 141.5293 -82.93154 -13.71089 139.6028 -82.93154 -6.012063 198.2378 94.44121 105.7701 173.7814 94.44121 142.3718 -5.947048 -81.49974 137.6752 186.2465 -37.62024 -35.47847 -38.34679 32.70946 -148.7315 144.2779 34.82336 -39.00404 0.2155855 -82.93154 219.8892 -24.73143 36.37855 -112.2546 196.6424 95.99639 104.9174 172.383 95.99639 141.2242 42.17088 -68.15924 -173.0735 -217.1451 -81.37635 17.92494 -140.9812 36.37855 -37.51585 -148.4433 32.70946 -38.63496 176.9515 36.24336 5.469576 134.793 35.07016 -38.44524 -105.4948 35.72966 16.18198 102.8191 36.37855 -1.895111 -161.0944 -81.37635 37.98059 39.0358 35.21075 -140.132 233.1768 36.93587 22.8699 224.2234 36.93587 67.88169 -177.4318 34.82336 11.29116 -11.02151 34.82336 -103.6608 234.1166 38.24145 22.96246 225.1271 38.24145 68.15584 223.6686 94.44121 21.93352 215.0806 94.44121 65.10816 -10.0123 -81.37635 -220.2112 -183.7604 -52.88974 -39.28067 221.8682 95.99639 21.75621 213.3494 95.99639 64.58301 -5.947048 -81.49974 -137.8204 35.62147 -37.62024 185.9583 -117.3198 35.03105 30.89829 -5.836474 -82.44944 -220.2772 -201.1998 -82.47164 -34.84637 -207.3611 -81.37635 31.11728 144.4828 -81.37635 -23.48576 6.253291 -82.57295 -138.8086 31.61917 34.82345 163.4055 -37.22768 36.37855 141.1242</float_array>
          <technique_common>
            <accessor source="#Table-mesh-positions-array" count="1098" stride="3">
              <param name="X" type="float"/>
              <param name="Y" type="float"/>
              <param name="Z" type="float"/>
            </accessor>
          </technique_common>
        </source>
        <source id="Table-mesh-normals">
          <float_array id="Table-mesh-normals-array" count="3891">-0.1541564 0.9249891 0.3473199 -0.2098784 0.5277131 0.8230857 -0.009799301 0.85157 0.5241494 0.02800685 -0.9311504 -0.3635585 -0.1156877 -0.9345679 -0.3364508 -0.03532642 -0.7937904 -0.6071648 -0.3984891 -0.7537159 0.5226079 -0.4743427 -0.5563022 0.6822954 -0.5588575 -0.657305 0.5055971 -0.4878354 -0.6179369 -0.6165798 -0.4272288 -0.7477178 -0.5083244 -0.5469124 -0.6338527 -0.5469165 -0.3410861 -0.7540084 -0.561366 -0.4011027 -0.6329061 -0.6622285 -0.3076221 -0.3791904 -0.8726875 -0.03349155 0.9993811 0.01076251 -0.2918783 0.9280567 0.2313396 -0.02359443 0.9986298 0.04671108 0.9223373 0.3549454 0.1526685 0.9369899 0.3359401 0.09588688 0.8082718 0.588805 -0.002378284 0.6822927 -0.556307 -0.4743408 0.7833469 -0.4991559 -0.3704203 0.7093967 -0.6163694 -0.3418263 -0.7629355 -0.5998399 -0.2410841 -0.7587989 -0.6335961 -0.1509311 -0.7563155 -0.6179584 -0.2147423 -0.3250488 0.9377948 -0.1220009 -0.3589746 0.9325002 -0.03975939 -0.04671096 0.9986298 -0.02359515 -0.7809233 -0.6179584 -0.09103006 -0.7971159 -0.5998441 -0.06923568 -0.7948494 -0.6068069 1.05507e-6 0.801014 0.4982888 0.3317905 0.7875701 0.4546457 0.4159697 0.9083575 0.1825359 0.3762545 0.2504985 -0.9600687 -0.124574 0.04435813 -0.9989931 0.006715118 0.02276736 -0.9994701 -0.02326524 0.2913053 -0.9453483 0.1464847 0.1785585 -0.9629777 0.201968 0.03694927 -0.999316 -0.001521825 0.09539848 -0.9954279 -0.004743933 0.06177353 -0.9980902 -4.26345e-4 -0.3298179 -0.9367922 0.116793 -0.2879744 -0.9276443 0.2377959 -0.6487833 -0.6821829 0.3372044 -0.2256614 0.6273086 -0.7453597 -0.3090785 0.6987168 -0.6451863 -0.08435153 0.9422672 -0.3240638 0.05485588 -0.998243 -0.02240228 0.05511337 -0.9982097 -0.02323669 0.1518693 -0.9863968 -0.06290614 -0.5599613 -0.081541 -0.8244966 -0.5542716 -0.4769548 -0.6821269 -0.6793031 0.06688082 -0.7308038 -0.2405125 -0.9322773 0.2702086 -0.1027972 -0.9502246 0.2941189 -0.341098 -0.7540057 0.5613622 -0.3551285 -0.6370323 -0.6841592 -0.4225746 -0.6473963 -0.6342782 -0.3670619 -0.6545826 -0.6608988 -0.2814341 -0.4843172 0.828391 -0.3433322 -0.6726799 0.6554579 -0.1419534 -0.9189245 0.3680042 0.5158396 0.6594963 0.5467853 0.2861284 0.9310485 0.226449 0.2162432 0.9256911 0.3103789 0.4011056 -0.6329072 -0.6622258 0.3410939 -0.7540066 -0.5613636 0.3076221 -0.3791913 -0.872687 -0.9494251 0.05412727 -0.3092933 -0.9767581 -0.05573093 -0.2069724 -0.8230795 0.5277113 -0.2099069 -0.5055981 -0.6573066 -0.5588548 0.5925002 -0.149632 0.7915515 0.6073677 0.1516822 0.7798057 0.4692023 0.2704827 0.8406475 0.5467857 0.6594961 -0.5158395 0.2264493 0.9310485 -0.2861286 0.3103798 0.9256908 -0.2162429 0.5478645 0.4526357 -0.703538 -0.7035387 0.452634 0.5478648 -0.5158401 0.6594963 0.5467849 0.7971153 -0.5998448 -0.0692355 0.7809228 -0.6179583 -0.09103482 0.7948663 -0.6067848 -9.99746e-7 0.7473309 -0.6473668 -0.1497094 0.7199165 -0.6791276 -0.1431992 0.6281921 -0.49453 -0.6006788 0.4811288 -0.7986461 -0.3614963 0.2431754 -0.9246628 -0.2930265 0.7348819 -0.6370401 -0.2326556 0.7197905 -0.6269054 -0.2981466 0.7139303 -0.6347069 -0.295721 0.244761 0.9691488 -0.02903014 0.3171083 0.9476485 0.0374788 0 1 0 0.726873 -0.6545897 -0.2077692 0.6073682 0.1516325 -0.7798151 0.5925002 -0.1496324 -0.7915515 0.469183 0.2704354 -0.8406737 -0.888825 0.423456 0.1751435 -0.9841903 -0.001835107 0.1771055 -0.9316903 0.1638588 0.3241969 0.4264819 0.9042034 -0.02301514 0.4430691 0.8889036 -0.1163625 0.0335319 0.9993795 -0.01078957 -0.8340907 -0.3694431 0.4096395 -0.8948794 -0.3438209 0.2845665 -0.6260226 -0.7174739 0.3054945 -0.1771034 -0.001834452 0.9841907 -0.1751443 0.4234568 0.8888245 -0.324206 0.1638521 0.9316883 -0.7833356 -0.4991772 0.3704155 -0.8349975 -0.5016913 0.22602 -0.7093869 -0.6163802 0.341827 -0.7166494 -0.5168055 -0.4683222 -0.8244879 -0.08153986 -0.559974 -0.6821258 -0.4769556 -0.5542724 0.0114144 -0.9995859 0.02641481 -0.02619946 -0.9996092 0.009757161 0.008172929 -0.9999437 -0.006784081 -0.5139487 -0.4161068 0.7501413 -0.5924625 -0.1496554 0.7915754 -0.6006773 -0.4945316 0.6281921 -0.03951609 0.4364024 -0.8988835 -0.07089006 0.9172766 -0.3918909 0.02302008 0.9042029 -0.4264824 0.2673811 -0.9547532 -0.1302067 0.3600118 -0.9324493 -0.03049421 0.02619981 -0.9996091 -0.009756267 0.5588562 -0.6573061 -0.5055971 0.561365 -0.7540116 -0.3410804 0.2019852 -0.9629777 -0.1785386 0.9273931 -0.3333889 0.1696878 0.9026321 -0.4295752 0.0268433 0.9983824 -2.58065e-4 0.05685681 -0.346396 -0.07947081 0.9347161 0.6821258 -0.4769563 0.5542718 0.7308087 0.06687813 0.6792981 0.6006776 -0.494531 0.6281923 0.5599668 -0.08153986 0.8244929 0.4818487 0.4820295 0.7317577 0.4320768 -0.03655433 0.9010958 -0.7312705 0.489286 -0.4752291 -0.855647 0.3060191 -0.4173974 -0.8813962 0.3384524 -0.329531 -0.9890633 0.03301811 0.1437489 -0.9985497 0.0470457 0.02617835 -0.9983823 -2.57664e-4 -0.05685734 0.927407 -0.3333402 -0.169707 0.9841901 -0.001834869 -0.1771064 0.9983824 -2.57332e-4 -0.05685704 0.1163575 0.8889033 0.4430712 0.1790415 0.9150661 0.3613836 0.01076442 0.9993811 0.03349035 -0.6022594 0.7583214 0.2494644 -0.8510256 0.4546593 0.2627556 -0.8009887 0.4983351 0.3317817 0.3635572 -0.9311507 0.02800911 0.2584513 -0.9578377 0.1254995 0.03434824 -0.9994099 5.32471e-4 0.005508005 0.9999842 0.001179516 -0.002675473 0.9999935 0.002450525 0.4078052 -0.6791198 -0.6103207 0.4225783 -0.6473961 -0.6342759 0.3670626 -0.6545809 -0.6609001 -0.1245741 -0.9600703 -0.2504925 -0.2702169 -0.9322776 -0.2405024 -0.3984494 -0.7537151 -0.5226392 0.3704233 0.9160822 0.1535589 0.004269719 0.9999871 0.002777934 0.679295 0.06687688 0.7308118 0.5542705 -0.4769542 0.6821283 0.6281939 -0.4945315 0.6006755 -0.02716088 0.9994251 -0.02029097 -0.002450227 0.9999934 -0.002675652 0.00156939 0.999555 -0.0297904 0.8230812 0.5277124 0.2098975 0.9905742 0.09373205 0.09988528 0.524148 0.8515709 0.009801685 0.8434289 0.1836017 0.5048942 0.8726934 -0.3791857 0.3076112 0.9311146 0.1356957 0.3385446 0.08291882 0.4546635 -0.8867952 0.1917962 0.1829969 -0.9642232 0.09681624 0.183631 -0.9782159 -0.2069653 -0.05573105 -0.9767597 -0.2009453 0.5569114 -0.8058975 -0.09377324 0.1237684 -0.9878705 0.8510226 0.4546629 -0.2627593 0.9408035 0.183632 -0.2849002 0.9083904 0.1823444 -0.376268 1.9143e-4 0.9164512 0.4001463 0.07557535 0.9604652 0.2679461 -1.38645e-4 0.99997 0.00775057 0.7312576 0.4892852 -0.4752498 0.7040175 0.2799928 -0.6526589 0.7942157 0.5867434 -0.1579673 0.9643105 0.1825184 -0.1918132 -0.9841906 -0.001835048 -0.1771036 -0.8888254 0.4234549 -0.1751445 -0.9316897 0.1638576 -0.3241992 0.8867947 0.4546644 -0.08291864 0.8670313 0.4982535 5.04186e-7 0.9831992 0.1825358 0 0.9782156 0.1836313 -0.09681814 -0.7312655 0.4892863 0.4752365 -0.7728819 0.2824372 0.568228 -0.7040072 0.2800402 0.6526495 -0.4683163 -0.5168092 -0.7166506 -0.4374744 -0.3094072 -0.8443242 -0.337195 -0.6821839 -0.648787 0.8623634 0.2993975 -0.4082775 0.7727462 0.2718448 -0.5735538 0.8556467 0.3060205 -0.4173972 -0.09924054 0.4657671 -0.879325 -0.1866242 0.1215705 -0.9748806 -0.2408518 0.4317743 -0.8692303 -0.02616679 0.04694867 0.9985545 -0.143747 0.03301692 0.9890636 0.05685561 -2.57579e-4 0.9983825 -0.4430651 0.8889045 -0.1163704 -0.8793234 0.465771 -0.09923559 -0.4264821 0.9042032 -0.02301532 0.3363626 0.9298546 -0.1491 0.385276 0.8557226 -0.3454005 0.02029377 0.9994251 -0.02715921 0.8948783 -0.3438224 -0.284568 0.5818764 -0.801778 -0.1362794 0.6260221 -0.7174744 -0.3054948 0.3073136 0.7928008 -0.5263321 0.1790332 0.9150668 -0.361386 0.2702109 -0.9322771 0.2405112 0.1245794 -0.9600703 0.2504897 0.02326357 -0.9994701 0.02276754 0.9767578 -0.0557267 0.2069755 0.9494256 0.05412751 0.3092918 0.8283912 -0.4843184 0.2814316 -0.8059068 0.5569102 0.2009114 -0.3363654 0.9298565 0.1490814 -0.5241473 0.8515713 -0.009800434 -0.7196666 0.6423698 0.263517 -0.8406722 0.2704373 0.4691844 -0.3944508 0.8910692 0.2245091 0.002357542 0.5888057 0.8082711 0.08435195 0.9422672 0.3240638 -0.03975844 0.9325001 0.3589748 -0.2377967 -0.9276439 -0.2879748 0.8406725 0.2704363 0.4691844 0.7197011 0.6423327 0.263513 0.3944521 0.8910685 0.2245098 0.07089155 0.9172768 -0.3918899 -0.01073855 0.9993827 -0.03344923 0.1355785 -0.3729035 0.9179115 0.143746 0.0330162 0.9890637 -0.02683782 -0.4295736 0.9026331 -0.2861289 0.9310483 -0.2264493 -0.3613834 0.915068 -0.1790326 -0.0285148 0.9995514 -0.009169459 0.6518614 0.7583383 0 0.4983239 0.8613069 -0.09911596 0.1988101 -0.6240212 -0.7556931 0.1208918 -0.8726653 -0.473118 0.04603588 -0.6900833 -0.7222643 -0.01146799 -0.9984584 0.0543096 0.001188457 -0.999328 0.0366376 -1.39279e-6 -0.9967433 0.08064085 -0.9347164 -0.07947057 -0.3463954 0.3548815 0.9295283 -0.1001821 0.1918138 0.1825184 0.9643104 0.1579881 0.5867475 0.7942085 0.08291691 0.4546626 0.8867957 -0.9128779 0.3285062 -0.2423583 -0.916139 0.3200718 -0.2413368 -0.9369895 0.3359411 -0.09588724 -0.6404291 -0.7518256 -0.156872 -0.6071619 -0.7937923 -0.03533154 -0.9179102 -0.3729054 -0.1355822 0.3092949 0.05412769 0.9494245 0.2836768 -0.4771825 0.8317598 -0.008173167 -0.9999437 0.006783843 -0.2019712 -0.9629775 0.1785554 -0.03430098 -0.9994115 -5.4333e-4 -0.4818492 0.4820286 -0.7317581 -0.4320755 -0.03655415 -0.9010964 0.5478646 0.452635 0.7035382 0.2313421 0.9280576 0.2918734 0.307313 0.7928017 0.5263308 -0.1432617 0.5732175 0.8067825 0.7317523 0.4820284 -0.481858 -0.9151527 0.3289198 0.2330394 -0.9189952 0.3200162 0.2302992 -0.8556471 0.3060187 0.4173974 0.6130666 0.4982985 0.6130644 0.5702344 0.4559829 0.6833099 0.6952391 0.1824405 0.6952396 0.9179097 -0.3729062 -0.1355834 0.6404363 -0.7518208 -0.1568663 0.8726871 -0.3791915 -0.3076214 -0.4001906 0.916432 1.91177e-4 -0.2688644 0.9601901 0.07580965 -0.008138656 0.9999669 -4.1598e-4 0 1 0 0.1733309 0.9753156 -0.1368066 0.6492969 0.2375167 0.7224953 0.7040175 0.2799926 0.6526588 0.3944503 0.8910694 -0.2245096 0.3454057 0.8557206 -0.3852756 0.03093713 0.9992614 -0.02279722 0.47523 0.4892877 -0.7312688 0.4173986 0.3060185 -0.8556466 0.3295317 0.3384522 -0.8813961 0.00567013 -0.9994825 -0.03166371 -0.001564383 -0.9992864 -0.03774011 -4.82168e-4 -0.9974595 -0.07123506 -0.5711236 -0.8016772 0.1764416 -0.002208232 0.9999797 0.005984604 -0.03758209 0.9475269 0.3174595 -0.6622396 -0.6328988 0.4010961 -0.5613604 -0.7540099 0.341092 0.05718839 0.3344531 0.9406757 0.2330379 0.3289198 0.915153 0.146081 0.3548007 0.9234592 0.03255355 0.9607325 -0.2755603 0 0.7583344 -0.6518658 0.9748802 0.1215693 -0.1866269 0.9890634 0.03301757 -0.1437478 0.9311146 0.1356938 -0.338545 -0.001020729 0.4917867 0.8707152 0.09376972 0.1237682 0.9878708 -0.5467839 0.659496 -0.5158416 -0.5478648 0.4526341 -0.7035387 -0.7040075 0.2800401 -0.6526493 -0.8283926 -0.4843149 -0.2814335 -0.655459 -0.672679 -0.3433315 -0.3680067 -0.9189234 -0.1419536 0.8009897 0.4983348 -0.3317802 -0.8434284 0.1836019 -0.5048949 -0.8726931 -0.379186 -0.3076115 -0.9311149 0.1356954 -0.3385438 0.0297895 0.999555 0.001571178 0.002675473 0.9999935 -0.002450525 -0.009148895 0.9995529 0.02847063 -0.3090755 0.6987166 0.645188 -0.2068287 0.6749556 0.7082774 -0.1219819 0.9377932 0.3250606 0.2423607 0.3285061 -0.9128775 -0.8726874 -0.3791911 0.3076213 -0.843429 0.1836016 0.5048942 -0.9311145 0.1356939 0.3385454 -0.2822719 0.8613075 0.4224595 -0.1365033 0.9601855 0.2437432 -0.2725655 0.8979394 0.3455617 0.7915495 -0.1496371 0.5925016 0.7501422 -0.4161087 0.5139459 0.8841819 -0.1264401 0.4497058 0.8988841 0.4364014 -0.03951352 0.9985496 0.04704552 0.02617907 -0.7790853 -0.6269179 0 -0.7971216 -0.5998361 0.06923657 0.5263622 0.7927941 -0.3072794 0.2918781 0.9280565 -0.2313401 0.3613851 0.9150682 -0.1790287 0.5461884 0.1829974 -0.817429 0.4498764 0.5867455 -0.673306 0.5684324 0.4546486 -0.6856963 -0.6073694 0.1516231 0.779816 -0.4691832 0.270435 0.8406736 0.8867965 0.454661 0.08291858 0.9642844 0.1826622 0.191808 0.9782156 0.1836314 0.09681802 -0.01141357 -0.9995859 -0.02641552 0.04900759 -0.9246208 -0.3777232 0.01751679 -0.9991168 -0.03819614 -0.09539693 -0.995428 -0.004743695 -0.05033481 -0.9986777 -0.0104556 -0.08064031 -0.9967433 -1.39198e-6 -0.3055443 -0.7174521 -0.6260234 -0.136267 -0.8018086 -0.5818371 -0.1302078 -0.9547535 -0.2673797 0.4731127 -0.8726681 0.1208923 0.7556644 -0.6240634 0.1987875 0.686089 -0.6509664 0.3248456 -0.09912896 0.8613092 -0.498317 -0.0670163 0.9689381 -0.2380499 -0.05161601 0.8979473 -0.4370657 -0.001197695 0.9999864 0.005075514 -0.00639224 -0.9999734 0.003510713 -0.03988468 -0.9992029 0.001683592 -0.143746 0.03301614 -0.9890637 -0.1355775 -0.3729057 -0.9179108 0.3777248 -0.9246202 0.04900622 0.3680065 -0.9189235 0.1419543 0.03819608 -0.9991168 0.0175147 -0.7308064 0.06687784 0.6793007 -0.5166445 0.5906373 0.6198597 -0.4430664 0.8889041 0.1163696 -0.5582324 0.7984919 0.2253606 -0.3613828 0.9150673 0.1790373 -0.6451866 0.6987166 -0.3090784 -0.3193051 0.920924 -0.22348 0.7728817 0.2824373 -0.5682281 0.649297 0.2375174 -0.722495 0.09923416 0.4657717 0.8793233 0.2408524 0.4317736 0.8692306 0.8178815 0.180051 -0.5464902 0.8202252 0.1639038 -0.5480569 0.7684071 0.1770865 -0.6149723 0.04709661 -0.9981623 -0.03812956 0.004106044 -0.9999892 -0.002179682 0.1948219 -0.9612572 -0.1950101 -0.1208922 -0.8726651 0.4731183 -0.1988111 -0.6240214 0.7556927 -0.3248792 -0.6509376 0.6861005 0.3410931 -0.7540075 0.561363 0.307622 -0.3791899 0.8726876 0.1156883 -0.9345675 0.3364521 0.6130658 0.4982993 -0.6130646 0.683309 0.455985 -0.5702338 0.695164 0.1830145 -0.6951639 -0.002364873 0.5888052 -0.8082717 0.09588819 0.3359404 -0.9369897 -0.05721044 0.3344126 -0.9406888 0.3193024 0.920923 0.2234878 0.04671162 0.9986298 0.02359426 0.175299 0.4233915 -0.888825 0.2635227 0.6423279 -0.7197018 0.6841585 -0.6370336 -0.3551275 0.6608991 -0.6545828 -0.3670611 0.6342924 -0.6473916 -0.4225605 0.6103255 -0.6791147 -0.4078063 0.3619489 -0.7986617 0.4807625 0.5139502 -0.416104 0.7501418 0.3055433 -0.7174535 0.6260222 0.5083242 -0.7477185 -0.4272279 0.5469114 -0.6338592 -0.5469101 0.4320284 -0.03656113 -0.9011187 0.4374291 -0.3094119 -0.8443461 0.281432 -0.4843172 -0.8283919 0.6165747 -0.6179385 -0.48784 0.9890635 0.03301793 0.1437476 0.5899115 -0.6370379 0.4961726 0.623996 -0.6609067 0.416931 0.5920336 -0.6545879 0.470118 -0.07089078 0.9172769 0.3918899 -0.2635229 0.6423279 0.7197018 0.9026337 -0.4295725 -0.02683252 0.3454058 0.8557206 0.3852755 0.3613848 0.9150684 0.179028 0.5263288 0.7928029 0.3073137 0.5582325 0.7984921 0.2253592 -0.2245075 0.8910673 0.3944559 -0.02029347 0.9994251 0.02715915 -0.9748803 0.1215695 0.1866265 -0.8793241 0.4657695 0.0992369 0.8349899 -0.5017046 -0.2260187 0.5711272 -0.8016741 -0.1764435 0.8622175 0.1770866 -0.474575 -0.04905831 -0.9246144 0.3777324 -0.1322556 -0.4938505 0.8594301 0.6404315 -0.7518244 0.1568681 0.29412 -0.9502246 0.1027939 0.6071632 -0.7937915 0.03532767 -0.5226383 -0.7537155 0.3984497 -0.2504976 -0.9600694 0.1245704 -0.7501405 -0.4161066 -0.5139501 -0.7915264 -0.1496155 -0.5925379 -0.6281918 -0.494533 -0.6006765 -0.1167927 -0.9367748 -0.3298675 0.9316887 0.1638562 -0.3242028 0.8406726 0.2704377 -0.4691836 0.7197011 0.6423302 -0.2635189 -0.1526697 0.354945 0.9223372 -0.3295321 0.3384462 0.8813982 -0.4691814 0.2704378 -0.8406737 -0.3242075 0.163851 -0.9316879 -0.3463949 -0.07947206 -0.9347165 0.09681624 0.183631 0.9782159 3.55539e-7 0.1825348 0.9831994 0.5464905 0.1800512 0.8178814 0.5480571 0.1639038 0.820225 0.6149723 0.1770854 0.7684073 0.9841903 -0.001834034 0.1771053 0.8948825 -0.3438211 0.2845563 -0.6073742 0.1516814 -0.7798008 -0.7308139 0.06687504 -0.6792929 -0.516644 0.5906395 -0.619858 -0.409641 -0.3694425 0.8340902 -0.2845693 -0.3438236 0.8948775 -0.4497067 -0.1264378 0.8841817 0.6716319 0.5894936 -0.4487851 0.7883199 0.4559808 -0.4130781 -0.02800697 -0.9311504 0.3635581 0.03532642 -0.7937906 0.6071643 -0.01275974 -0.9474759 -0.3195725 0.006714463 -0.9989932 -0.04435795 -0.5682712 0.2825029 0.7728259 -0.6526401 0.2800874 0.7039973 -0.7225207 0.2375377 0.6492609 0.293025 -0.9246628 0.2431768 5.45459e-4 -0.9994115 -0.03430074 0.5158438 0.6594969 -0.5467808 0.2234786 0.920925 -0.3193034 0.3385439 0.1356947 0.9311149 -0.09988397 0.09373277 0.9905743 -0.2069712 -0.05572772 0.9767587 -0.3092977 0.05412769 0.9494236 -0.4320296 -0.03656119 0.901118 0.2845659 -0.3438225 0.894879 0.4096414 -0.3694427 0.8340899 0.4497072 -0.1264363 0.8841817 -0.3655056 0.3894391 -0.8454247 -0.2253587 0.7984926 0.5582321 -0.1163685 0.8889052 0.4430645 -0.1790369 0.9150668 0.3613844 -0.1163697 0.8889048 -0.4430648 -0.2253587 0.7984925 -0.5582322 -0.1790369 0.9150668 -0.3613842 -0.7453607 0.6273068 0.2256627 -0.6451861 0.6987174 0.3090777 -0.3240634 0.9422673 0.08435201 0 -0.2891777 -0.9572755 0.09988743 0.09373438 -0.9905738 -1.88891e-4 -0.5065562 -0.862207 0.009758949 -0.9996091 0.02619791 -0.1568613 -0.7518231 0.6404349 -0.3076218 -0.3791916 0.8726871 0.01068145 -0.9993851 -0.03339904 0.03695183 -0.9982796 -0.04552602 -0.8988831 0.436403 0.0395165 0.7213888 0.2302817 -0.6531221 0.5735532 0.2718447 -0.7727465 0.7225468 0.2375574 -0.6492247 -0.7035381 0.4526351 -0.5478647 -0.8473361 0.1913671 -0.4953789 -0.8580036 0.1907649 -0.4769054 0.4264816 0.9042034 0.02301937 0.391891 0.9172763 -0.07089221 0.02851414 0.9995513 0.009171128 0.8510274 0.4546566 0.2627541 0.7942187 0.5867383 0.1579719 0.3596686 0.9275395 0.1015341 0.7308138 0.06687676 -0.6792929 0.5166426 0.5906332 -0.6198652 0.38406 0.8979383 -0.2149528 0.60226 0.7583208 -0.2494646 0.4224593 0.8613082 -0.28227 -0.613065 0.4983015 0.6130636 -0.68331 0.4559822 0.5702348 -0.6951639 0.1830142 0.695164 0.6554585 -0.67268 0.3433306 0.7035387 0.4526349 0.547864 -0.8340905 -0.3694456 -0.4096377 -0.894884 -0.3438196 -0.2845536 -0.8841817 -0.1264374 -0.4497067 0.5226366 -0.7537168 -0.3984497 0.6531223 0.2302819 0.7213887 0.7727462 0.2718448 0.5735538 0.4130749 0.4559798 0.7883219 0.4487866 0.5894923 0.671632 0.2149546 0.8979377 0.3840606 -0.8380862 -0.5430716 0.05181455 -0.7967439 -0.5999131 -0.07282483 -0.7222255 -0.6901248 -0.04602295 -0.902632 -0.4295755 -0.02684313 -0.5818793 -0.8017763 -0.1362768 -0.3635571 -0.9311509 -0.0280072 0.9748806 0.1215682 0.1866255 0.001890599 0.9999907 -0.003906726 0.02359038 0.9986298 -0.04671388 0.1219915 0.9377943 -0.3250539 0.468318 -0.5168087 0.7166499 0.824495 -0.08148771 -0.5599714 0.7166485 -0.5168087 -0.4683203 0.682121 -0.476957 -0.554277 0.1359304 0.9605484 -0.2426307 -0.4159721 0.4546455 0.7875688 -0.249463 0.7583235 0.6022573 -0.6821265 -0.4769554 0.5542715 -0.7166489 -0.5168082 0.4683199 -0.2303457 0.3200269 -0.9189797 -0.408277 0.2993968 -0.8623639 -0.4173979 0.30602 -0.8556463 -0.2930251 -0.9246624 -0.2431784 -0.3614861 -0.7986475 -0.4811343 -0.2313419 0.928057 -0.2918754 -0.2941235 -0.9502242 -0.1027885 -0.3600115 -0.9324494 0.03049582 -0.1696932 -0.3333908 0.9273914 -0.05685633 -2.57681e-4 0.9983823 0.8594282 -0.4938545 0.1322541 -0.7473253 -0.6473732 0.1497093 -0.7809284 -0.6179518 0.09103083 -0.3418573 -0.616352 -0.7093968 -0.1764388 -0.8016729 -0.5711305 -0.8244972 -0.08148986 0.5599676 -0.7317594 0.4820248 0.4818511 -0.901141 -0.03656399 0.4319815 0.2009537 0.5569115 0.8058953 0.1490809 0.9298565 0.3363656 -0.5263618 0.7927939 0.30728 0.2377956 -0.9276441 0.2879751 0.1167963 -0.9367744 0.3298673 -0.4752297 0.4892877 0.731269 -0.4173974 0.3060188 0.8556472 -0.005267798 0.9999854 -0.001189708 -0.03951376 0.4364021 0.8988837 -0.283795 -0.4771744 -0.8317242 -0.3777295 -0.9246181 -0.04900723 -0.5904794 -0.8021445 0.08887207 -0.04580909 0.9986533 0.0243569 0.02684003 -0.4295743 -0.9026326 0.05683237 -2.15688e-4 -0.9983837 -0.7798012 0.1516802 0.607374 -0.6792986 0.06687813 0.7308083 -0.6198614 0.5906346 0.5166456 -0.1753 0.42339 -0.8888256 -0.05693691 -0.9981094 0.0231508 0.01276755 -0.9474754 0.3195739 0.176433 -0.8016725 0.5711329 -0.6716468 0.5894922 0.4487645 -0.8178815 0.180051 0.5464904 0.4743432 -0.5563027 -0.6822946 0.3984481 -0.7537149 -0.5226404 0.3248796 -0.650938 -0.6861 -0.2424051 0.3284892 0.9128717 0.007367789 0.9999693 0.002669513 -0.9416871 0.3281865 -0.07429051 -0.9406755 0.3344536 0.05718839 0.8473619 0.1913499 -0.4953414 0.9068073 0.1598467 -0.3900637 -0.4082784 0.2993966 0.8623634 -0.2412933 0.320055 0.9161564 -0.3385442 0.1356946 -0.9311149 0.130208 -0.9547539 0.2673782 -0.949425 0.05412334 0.3092943 -0.8454247 0.3894518 0.3654921 0.04631018 -0.9987784 0.01724189 0.03564929 -0.9993253 0.008839786 0.08184248 -0.9962257 0.02891725 0.4374737 -0.3094075 0.8443244 0.3371958 -0.6821839 0.6487867 -0.4078046 -0.6791199 -0.6103209 0.4272282 -0.7477181 -0.5083245 0.4878373 -0.6179383 -0.616577 -0.8707108 0.4917944 -0.001021981 -0.9878709 0.1237666 0.09377056 0.3551284 -0.6370312 -0.6841602 0.3003813 -0.6269239 -0.7188447 0.3009115 -0.6208431 -0.7238827 0.4609385 0.7583363 -0.460936 0.1355782 -0.3729039 -0.9179114 0.1437465 0.03301697 -0.9890636 -0.8067801 0.5732191 -0.1432682 -0.7082775 0.6749564 -0.2068258 -0.08292037 0.4546633 0.8867952 0 0.4982964 0.8670068 -0.1866287 0.1215679 0.97488 -0.3385438 0.1356946 0.931115 0.8454259 0.3894448 -0.3654966 0.6856973 0.4546487 0.5684311 0.6675925 0.5961202 0.4460504 0.5108548 0.7582647 0.4050458 -0.2234792 0.920925 0.3193031 0.7892051 0.5974199 -0.1422842 0.324063 0.9422678 -0.08434832 0.001020848 0.4917826 -0.8707175 0.009798049 0.8515696 -0.5241502 -0.4683207 -0.5168067 0.7166495 -0.2431735 -0.9246629 0.2930274 0.5048943 0.1836015 0.8434289 0.6198703 0.590632 -0.516638 0.07282143 -0.5998924 -0.7967599 0.8793239 0.4657698 -0.09923702 0.9985496 0.04704564 -0.02617931 -0.8317249 -0.4771752 0.2837914 0.3295319 0.3384461 0.8813983 -0.8082722 0.5888043 0.002364993 -0.561365 -0.7540113 -0.3410813 0.5055986 -0.6573047 -0.5588566 0.240507 -0.9322774 -0.2702133 0.309302 0.05412751 -0.9494222 0.2069857 -0.05572497 -0.9767557 0.2099079 0.5277138 -0.8230777 0.3433312 -0.6726799 -0.6554582 0.1419532 -0.9189245 -0.3680042 -0.7892044 0.5974198 0.1422887 -0.881398 0.338448 0.3295309 0.1866297 0.1215685 -0.9748798 0.09923374 0.4657717 -0.8793234 0.2408522 0.4317755 -0.8692297 0.1541551 0.9249892 -0.3473201 -0.02276849 -0.9994701 0.02326327 0.4159684 0.4546457 -0.7875708 0.4637945 0.1836324 -0.8667029 0.3762446 0.1826793 -0.9083327 -0.4731214 -0.8726631 -0.1208937 -0.6860896 -0.6509653 -0.3248466 -0.2913011 -0.9453501 -0.1464825 -0.1785552 -0.9629772 -0.201973 -0.006784617 -0.9999436 -0.008172392 -0.04435813 -0.9989932 -0.006715118 0.6232423 0.1836321 -0.7601634 0.9011191 -0.03655397 0.4320281 0.8244886 -0.08153998 0.5599731 0.8443464 -0.3094111 0.437429 -0.8795834 -0.4559361 0.1358512 -0.8622076 -0.5065553 1.97519e-4 0.9433617 0.3259472 -0.06186336 0.9189952 0.320016 -0.2302992 0.9406753 0.3344542 -0.05718797 0.1422863 0.5974205 0.7892044 0.2256631 0.6273077 0.7453598 0.224507 0.8910674 -0.3944562 -0.7199105 -0.6791341 0.143199 -0.7268732 -0.6545892 0.2077699 0.7224953 0.2375162 0.649297 0.6526498 0.2800401 0.704007 -0.1254932 -0.9578371 0.2584562 -0.3614919 -0.7986487 0.4811279 0.03951245 0.436401 -0.8988842 0.1771014 -0.001835703 -0.9841909 -0.02617871 0.04704558 -0.9985497 -0.226027 -0.5016939 -0.8349941 -0.08986335 -0.7088547 -0.6996068 0.4818584 0.4820302 -0.731751 0.5599513 -0.08154058 -0.8245034 0.916139 0.3200719 0.2413369 0.9416872 0.3281862 0.07429045 -0.02326357 -0.9994701 -0.02276736 0.8988839 0.4364017 0.03951293 0.9347168 -0.07947176 0.3463941 -0.7798078 0.1516796 -0.6073657 -0.8406726 0.2704365 -0.4691841 -0.6198694 0.5906323 -0.5166387 0.2725654 0.897939 -0.345563 0.2822824 0.8613081 -0.4224512 0.8692293 0.4317762 0.2408521 0.9068064 0.1598474 0.3900654 -0.3703697 -0.4991778 -0.7833569 -0.3918901 0.9172767 0.0708909 0.9011409 -0.03656864 -0.4319813 0.8443461 -0.309412 -0.4374288 -0.9273937 -0.3333874 -0.1696876 0.9347162 -0.07947063 -0.3463958 -0.6281927 -0.4945285 0.6006793 -0.4811292 -0.7986458 0.3614965 0.7790395 -0.6269749 1.24507e-7 0.5048944 0.1836014 -0.8434287 0.4953781 0.1913682 -0.8473364 -0.6995985 -0.708863 0.08986234 -0.4983336 0.861301 -0.09911793 -0.3174583 0.9475274 -0.03757673 -0.4235532 0.8979453 -0.1195707 0.3463949 -0.07947146 0.9347165 0.02716082 0.9994251 0.02029085 0.001781702 0.9999865 -0.004906535 -0.005457401 0.9999729 0.004959642 0.9316884 0.1638554 0.324204 0.8692303 0.4317743 -0.2408518 0.2253593 0.7984918 0.558233 0.9234595 0.3547996 -0.1460823 0.9151529 0.3289194 -0.2330392 0.8813988 0.3384459 -0.3295308 0.8380706 -0.5430959 -0.05181372 0.7967724 -0.5998748 0.07282978 0.7222377 -0.6901119 0.04602396 -0.0992403 0.4657667 0.8793253 -0.03772246 -0.9991861 -0.01428908 -0.04849207 -0.9980608 -0.03902828 -0.004894495 -0.9999845 -0.002671241 -0.002082765 0.9999973 -0.001031994 0.8340908 -0.3694446 -0.4096377 0.8841817 -0.1264362 -0.4497072 0.4953416 0.1913489 0.847362 0.4769065 0.1907657 0.8580027 -0.001568973 0.9995551 0.02978992 0.2822763 0.8613082 0.4224552 0.1244847 0.979593 0.1578011 0.3242071 0.1638493 -0.9316884 0.3463949 -0.07947069 -0.9347166 0.1322597 -0.4938495 -0.8594301 -0.006714463 -0.9989932 0.04435795 0.8888261 0.4233886 -0.1753003 0.1432007 -0.6791296 0.7199143 0.1497145 -0.6473686 0.7473282 0.2077662 -0.6545858 0.7268774 0.7593147 -0.6329527 0.1510369 0.7773356 -0.6097893 0.1546174 0.7934089 -0.6018162 0.09121239 -0.1696892 -0.3333919 -0.9273917 -0.02684247 -0.4295756 -0.9026319 -0.8692296 0.4317761 0.2408515 -0.9068069 0.1598469 0.3900647 -0.1568704 -0.751825 -0.6404303 -0.7317522 0.4820275 -0.4818593 -0.9011189 -0.03655719 -0.4320282 0.1464844 -0.9453495 -0.291302 0.224506 0.8910691 0.3944528 0.0708912 0.9172765 0.3918907 0.2635247 0.6423286 0.7197004 0.01498198 -0.9986755 -0.04922431 0.01627165 -0.9985795 -0.05073636 0.01330602 -0.9975067 -0.06930816 0.9767576 -0.05573016 -0.2069755 0.9494249 0.0541265 -0.3092938 0.8059086 0.55691 -0.2009046 0.1362734 -0.8018089 -0.5818351 0.1696843 -0.3333914 -0.9273928 0.2845674 -0.3438224 -0.8948785 0.6487821 -0.6821833 -0.3372058 0.002436459 0.9999936 0.002629697 0.001197636 0.9999864 -0.005075573 -0.6260205 -0.7174761 -0.3054937 -0.2584508 -0.9578377 -0.1255003 0.1027977 -0.9502244 -0.2941195 -0.522605 -0.7537164 -0.3984918 -0.6822932 -0.5563113 -0.4743351 0.8707185 0.4917806 0.001021862 0.9878706 0.1237693 -0.0937705 0.2429047 -0.5998244 -0.7623701 0.2193568 -0.6018229 -0.767914 0.1546266 -0.6097812 -0.77734 0.1510384 -0.6329442 -0.7593215 0.5682707 0.2825032 -0.7728263 0.6526415 0.2800869 -0.7039961 0.06733125 -0.5998238 -0.7972941 0 -0.6269248 -0.7790799 1.09122e-6 -0.6067748 -0.7948739 0.09120851 -0.6018222 -0.7934047 0.006628751 -0.9999686 0.00434035 0.3364551 -0.9345668 -0.1156844 0.3655109 0.389437 -0.8454235 0.8473621 0.1913487 0.4953414 -0.5048944 0.1836015 0.8434289 -0.4953778 0.1913684 0.8473364 -0.6492971 0.2375175 0.7224949 0.3918911 0.9172763 0.07089191 -0.2408525 0.4317756 0.8692296 0.1866242 0.1215705 0.9748805 0.02273625 0.9992669 0.03080558 0.324207 0.1638492 0.9316884 -0.09912556 0.8613002 0.4983333 -0.1579888 0.5867357 0.7942171 -0.6822928 -0.5563088 0.4743387 -0.5055974 -0.6573068 0.5588552 -0.28457 -0.3438239 -0.8948771 -0.4497076 -0.1264359 -0.8841817 -0.4224574 0.8613075 -0.2822751 -0.6732968 0.5867456 -0.44989 -0.1941066 0.9749236 -0.1088423 -0.5818776 -0.8017771 0.1362796 0.5818367 -0.8018078 0.1362736 0.3589741 0.9325005 0.03975701 0.3090671 0.6987155 -0.6451932 0.4173974 0.3060195 0.8556468 0.5682496 0.2824696 0.7728542 0.4752296 0.4892874 0.7312692 0 1 0 -0.3295316 0.3384488 -0.8813974 -0.8443461 -0.3094115 0.437429 0.6451877 0.6987155 0.3090786 0.3250513 0.9377947 0.121995 -1.74137e-7 0.1825348 -0.9831994 0.177102 -0.001836299 0.9841908 0.1362739 -0.8018088 0.5818352 0.158016 0.5867357 -0.7942118 -0.3852751 0.8557215 -0.3454041 -0.2245054 0.8910681 -0.3944551 0.2627544 0.4546601 -0.8510255 0.3317919 0.4982901 -0.8010127 0.2849006 0.1836317 -0.9408035 -0.8988835 0.4364026 -0.03951293 -0.7501418 -0.4161021 0.5139517 -0.7915498 -0.1496363 0.5925015 -0.8841819 -0.1264364 0.449707 -0.7832903 -0.4991833 -0.3705028 -0.09588599 0.3359413 0.9369896 -0.5735542 0.2718443 0.7727461 -0.3655064 0.3894396 0.8454241 -0.345405 0.8557207 0.3852759 -0.03084969 0.999265 0.02275627 0.1195711 0.8979457 -0.423552 0.2494634 0.7583235 -0.6022571 0.09913146 0.8613002 -0.4983321 0.03532665 -0.7937912 -0.6071635 -0.03049308 -0.9324681 -0.3599632 -0.9234594 0.3547999 0.1460823 -0.5048944 0.1836013 -0.8434289 -0.9433616 0.3259477 0.06186336 0.7915759 -0.1496555 -0.5924618 0.7798082 0.1516792 -0.6073654 0.8888257 0.4234543 0.1751444 -0.02641671 -0.9995859 0.01141107 -0.2627544 0.4546601 0.8510254 -0.1195711 0.8979458 0.423552 -0.1490826 0.9298564 -0.3363653 -0.009758949 -0.9996092 -0.02619791 0 1 -3.37762e-6 -0.2828031 0.9164533 0.283083 0.3703696 -0.4991782 0.7833567 0.2260267 -0.5016942 0.834994 0.341843 -0.6163505 0.709405 -0.4264803 0.9042038 0.02302128 0.4745754 0.1770851 0.8622176 0.3762207 0.1830141 0.9082753 1.9391e-4 -0.5065568 0.8622066 -0.3364514 -0.9345679 0.1156865 0.8793236 0.465771 0.09923535 0.4430692 0.8889037 0.1163614 -0.1432 -0.6791299 0.7199141 -0.1509357 -0.6336047 0.7587909 -0.0910362 -0.6179553 0.7809249 0.2068216 0.6749557 -0.7082793 0.03976029 0.9325 -0.3589748 -0.9643105 0.1825186 0.1918132 -0.9408035 0.183632 0.2849003 -0.5263292 0.7928025 -0.307314 -0.6841582 -0.6370338 0.3551275 -0.6342943 -0.6473886 0.4225621 -0.6608988 -0.654583 0.3670612 -0.7728818 0.2824372 -0.5682281 -0.005155444 0.9999521 -0.008315086 0.390065 0.1598473 -0.9068065 0.3385441 0.1356945 -0.9311149 -0.03532809 -0.7937906 0.6071643 0.4096406 -0.3694438 -0.8340899 0.449707 -0.1264376 -0.8841817 0.2326537 -0.6370333 0.7348883 0.2957219 -0.6347131 0.7139242 0.7972974 -0.5998193 0.06733334 0.02641671 -0.9995859 -0.01141107 -0.01145321 -0.9995654 -0.02716386 0.02616679 0.04694867 0.9985546 -0.5478649 0.452635 0.703538 -0.2329946 0.3289375 -0.9151577 -0.05685645 -2.57578e-4 -0.9983823 -0.004743576 -0.9954278 -0.0953989 -0.4096406 -0.3694419 -0.8340907 -0.5139507 -0.4161024 -0.7501423 -0.03153979 -0.9965984 -0.07613801 -0.06290662 -0.9863967 -0.1518691 -0.4752404 0.4892873 -0.7312622 -0.1464843 -0.9453493 0.2913025 -0.2822768 0.861308 -0.4224554 -0.4487634 0.5894914 -0.6716483 -0.1736179 0.9598823 -0.220188 0.3195793 -0.9474735 -0.0127688 0.8340911 -0.3694447 0.4096373 -0.4983162 0.8613107 0.09912133 -0.7942115 0.5867485 0.1579699 -0.1460801 0.3548006 -0.9234594 -5.45472e-4 -0.9994114 0.03430074 -0.4953416 0.191349 -0.8473619 -0.3703266 -0.4991732 0.78338 0.8622075 -0.5065553 -1.94055e-4 -0.0692296 -0.5998378 -0.7971211 -0.0910331 -0.6179563 -0.7809245 -0.1497133 -0.6473674 -0.7473295 -0.1431994 -0.6791285 -0.7199156 0.9129016 0.3285744 0.2421768 0.881398 0.3384479 0.329531 0.8556472 0.3060185 0.4173976 -0.2326543 -0.6370332 -0.7348881 -0.2981449 -0.6269122 -0.7197852 -0.295721 -0.6347133 -0.7139245 -0.2077668 -0.6545857 -0.7268773 -0.6071619 -0.7937924 0.03532701 -0.6404342 -0.7518221 0.1568691 -0.91791 -0.3729057 0.1355828 -0.142291 0.5974215 -0.7892026 0.1752998 0.4233893 0.8888258 0.03951525 0.4364024 0.8988834 0.1696943 -0.3333942 0.92739 0.7213889 0.2302815 0.6531221 -0.6103278 -0.6791116 0.4078081 -0.6165717 -0.617943 0.4878379 -0.7727461 0.2718452 0.5735538 0.7166485 -0.5168087 0.4683203 -0.4011058 -0.6329071 0.6622257 -0.7556742 -0.6240509 -0.1987892 -0.9572755 -0.2891778 0 -0.9905741 0.09373271 -0.09988528 -0.7197027 0.6423306 -0.2635137 -0.3944512 0.8910686 -0.2245108 -0.9748809 0.1215695 -0.1866229 -0.8692294 0.4317762 -0.2408518 -0.2627598 0.4546604 -0.8510237 -0.2849005 0.1836317 -0.9408035 -0.3762205 0.1830142 -0.9082753 0.1163625 0.8889042 -0.4430677 0.00914961 0.9995528 -0.02847033 -0.8594308 -0.4938496 -0.1322551 -0.1579671 0.5867475 -0.7942126 -0.191814 0.1825183 -0.9643104 0.1526672 0.3549457 -0.9223375 -0.08291876 0.4546626 -0.8867956 5.05542e-7 0.4982965 -0.8670067 -0.09681624 0.183631 -0.9782159 -0.3054963 -0.7174744 0.6260212 -0.1771041 -0.001835107 -0.9841905 0.08987176 -0.7088553 0.6996051 0.1568638 -0.7518236 -0.6404337 -0.6856979 0.4546474 -0.5684314 -0.345564 0.8979386 -0.2725657 0 -0.2891778 0.9572755 0.08886599 -0.8021414 0.5904847 0.3900653 0.1598471 0.9068066 -0.9767583 -0.0557239 0.2069737 0.7312625 0.4892847 0.4752427 0.5467854 0.6594959 0.5158402 -0.5925002 -0.1496356 -0.7915509 -0.5588569 -0.6573053 -0.5055976 -0.2510601 0.9475209 0.1979221 0.006784617 -0.9999436 0.008172392 -0.7883213 0.4559811 0.4130747 -0.3840602 0.8979383 0.2149529 -0.9890635 0.03301787 -0.1437473 -0.9985496 0.04704558 -0.02617913 0.06176525 0.3259494 0.9433675 0.2303459 0.3200269 0.9189797 -0.1539759 0.9159328 -0.3706191 -0.8867951 0.4546639 0.08291846 -0.4370635 0.8979481 0.05162042 0.1568701 -0.751824 0.6404314 0.02683812 -0.429574 0.9026328 0.03048968 -0.9324679 0.3599643 -0.01751697 -0.9991168 0.03819626 0.5613643 -0.7540119 0.3410809 -0.2410891 -0.5998353 0.7629376 -0.214739 -0.6179568 0.7563179 -0.6526512 0.2800398 -0.7040058 -0.5682068 0.2824023 -0.7729102 -0.7224955 0.2375165 -0.6492967 0.4609395 0.758335 0.4609368 -0.06922775 -0.5998364 0.7971223 -1.08377e-6 -0.6067748 0.7948739 -0.4743443 -0.5563016 -0.6822949 0.06922942 -0.5998375 0.7971212 0.09103298 -0.6179562 0.7809246 0.7623718 -0.5998241 0.2429001 0.7679141 -0.6018214 0.2193601 0.7187922 -0.6269182 0.3005186 0.7238835 -0.620841 0.300914 0.5588573 -0.6573053 0.5055969 0.3984442 -0.7537154 0.5226426 -0.1362776 -0.8018077 0.5818358 0.4683184 -0.5168082 -0.7166501 0.5542718 -0.4769548 -0.6821269 -0.4769052 0.1907654 0.8580036 -0.546786 0.6594967 0.5158384 -0.2635155 0.642329 -0.7197035 0.5139495 -0.4161038 -0.7501426 0.7082804 0.6749551 0.20682 -0.05282074 -0.996523 -0.06443715 -0.1945961 -0.9613958 -0.1945527 -0.385275 0.8557208 0.3454056 -0.5158388 0.6594964 -0.5467861 -0.02301388 0.9042028 0.426483 -0.6492609 0.2375376 -0.7225208 -0.1355743 -0.3729057 0.9179112 -0.3900663 0.159847 0.9068061 -0.5480567 0.1639041 -0.8202251 -0.5464898 0.1800513 -0.8178818 -0.4745749 0.1770852 -0.8622178 0.5904867 -0.8021404 -0.08886152 0.8795861 -0.4559308 -0.1358517 0.05181592 -0.5430842 0.838078 -0.07282239 -0.5998977 0.7967558 -0.04603624 -0.6900807 0.7222669 -0.2849005 0.1836317 0.9408035 -0.3762444 0.1826794 0.9083327 -0.3103801 0.925691 0.2162415 -0.2264498 0.9310483 0.2861286 0.408277 0.2993968 -0.8623639 -0.07428818 0.3281867 0.9416872 -0.1953083 -0.9611008 0.1952945 -0.05282682 -0.9965229 0.0644322 -0.4272284 -0.7477182 0.5083242 0.02616691 0.04694873 -0.9985545 -0.413078 0.4559805 -0.7883201 0.5226033 -0.7537176 0.3984917 0.6822929 -0.5563099 0.4743373 0.5055992 -0.6573053 0.5588555 -0.570235 0.4559843 -0.6833085 -0.6149724 0.1770857 -0.7684072 -0.6952393 0.1824403 -0.6952395 -0.2162363 0.9256917 -0.3103816 -0.02435475 0.9986534 -0.04580956 -0.3317911 0.4982905 -0.8010126 0.6071634 -0.7937912 -0.03533107 0.653122 0.2302818 -0.7213889 0.1432625 0.5732177 -0.8067821 0.1254938 -0.9578381 -0.2584525 -0.9347166 -0.0794692 0.3463951 -0.662235 -0.6329015 -0.4010992 -0.4224528 0.8613077 0.2822815 0.573554 0.2718455 0.7727457 -0.2149538 0.8979383 -0.3840597 0.7453589 0.627309 -0.2256628 0.3090757 0.6987165 0.6451881 -0.3073125 0.7928023 -0.5263303 0.4078044 -0.67912 0.6103209 0.4225746 -0.6473963 0.6342782 0.4878354 -0.6179375 0.6165792 0.7501409 -0.4161027 -0.5139527 0 1 -1.63258e-6 0.4011024 -0.6329082 0.6622267 0.6451926 0.6987149 -0.3090696 -0.9274083 -0.3333396 0.1697016 -0.9026318 -0.429576 0.02684253 -0.8670052 0.4982991 2.61978e-7 -0.8867949 0.4546643 -0.08291691 -0.9831106 0.183013 0 0.1358516 -0.4559333 0.8795847 -0.558232 0.7984925 -0.2253592 0.3655098 0.3894367 0.845424 -0.5083217 -0.7477206 -0.427227 -0.6342945 -0.6473886 -0.422562 -0.6165705 -0.6179448 -0.4878372 0.7035385 0.4526336 -0.5478653 0.8580028 0.1907646 -0.4769068 -0.3195622 -0.9474794 0.01276147 2.17361e-4 0.9999992 0.001244187 0.8454525 0.3894092 0.3654732 -0.2673807 -0.9547532 0.1302069 -0.7684071 0.1770864 0.6149725 0.347326 0.9249863 0.1541596 -0.610328 -0.6791114 -0.4078081 -0.6841593 -0.637032 -0.3551285 -0.7187989 -0.6269093 -0.300521 -0.7238901 -0.6208325 -0.3009155 -0.6608996 -0.6545822 -0.3670611 -0.8202251 0.1639034 0.548057 -0.0297895 0.999555 -0.001571178 0.3852754 0.8557214 0.345404 0.3298186 -0.9367912 -0.1167989 -0.573553 0.2718456 -0.7727463 -0.7213888 0.2302814 -0.6531223 -0.8443464 -0.3094111 -0.437429 -0.1358574 -0.4559319 -0.8795845 -0.7875705 0.4546459 -0.4159687 -0.8667034 0.1836326 -0.4637935 -0.9083575 0.1825358 -0.3762544 -0.391892 0.9172761 -0.07088923 -0.8175328 0.1823281 -0.5462569 -0.6130648 0.4983013 -0.6130639 -0.7601631 0.1836318 -0.6232427 0.5166395 0.5906293 0.6198715 0.3317906 0.4982906 0.8010128 0.2627587 0.4546602 0.8510242 -0.481128 -0.7986485 -0.3614921 0.7317675 0.4820267 0.4818366 0.2879737 -0.9276446 -0.2377954 -0.3900652 0.1598469 -0.9068066 0 -0.6269248 0.7790799 -0.08921754 -0.995501 -0.03190898 -0.460936 0.7583392 -0.4609336 0.7798075 0.1516798 0.6073663 0.6198697 0.590632 0.5166386 0.2069738 -0.05572712 0.9767581 0.6006765 -0.4945325 -0.6281923 0.5146874 -0.5998222 0.6126257 0.5550299 -0.6208327 0.5536322 -0.005986273 0.9999797 -0.002208411 -0.8473623 0.1913482 0.4953413 -0.8580024 0.1907645 0.4769077 -0.02301561 0.9042029 -0.4264826 0.02301365 0.9042031 0.4264825 0.3614903 -0.7986472 -0.4811315 0.3054955 -0.7174764 -0.6260192 0.009635567 -0.9996882 0.02304065 -0.5461888 0.1829974 0.8174289 -0.4498769 0.5867444 0.6733067 -0.568432 0.45465 0.6856957 0.2412933 0.320055 -0.9161564 -0.4078041 -0.6791201 0.6103211 -0.4225773 -0.6473965 0.6342762 -0.3670621 -0.6545834 0.660898 -0.08994925 -0.9954282 -0.03212332 -0.9642844 0.1826622 -0.1918079 -0.9782159 0.1836311 -0.09681618 0.5582322 0.798492 -0.2253607 0.8317252 -0.4771737 -0.2837929 0.6260231 -0.717474 0.3054932 0.4811242 -0.7986488 0.3614964 -0.7199223 -0.6791211 -0.1432008 -0.345405 0.8557208 -0.3852757 0.4769039 0.1907655 -0.8580042 0.8580032 0.1907653 0.4769059 0.6995906 -0.7088713 -0.08985829 0.8175326 0.1823281 0.5462574 0.8667032 0.1836326 0.4637938 -0.7348811 -0.6370409 0.232656 -0.7139242 -0.6347147 0.2957187 -0.7942163 0.5867357 -0.1579923 -0.8510262 0.4546592 -0.2627537 -0.8010138 0.4982895 -0.3317902 -0.9408035 0.1836317 -0.2849003 -0.4374738 -0.3094073 0.8443245 0.9179099 -0.3729064 0.1355815 -0.906807 0.1598469 -0.3900645 -0.6022581 0.7583226 -0.2494634 -0.02273535 0.9992669 -0.03080588 0.3551295 -0.63703 0.6841608 0.3670629 -0.6545804 0.6609004 0.8434288 0.1836016 -0.5048944 0.04580867 0.9986532 -0.02435672 -0.3092985 0.05412751 -0.9494234 -0.09539538 -0.9954282 0.004743754 -0.05801844 -0.9980092 0.02472794 -0.1518693 -0.9863968 0.06290614 -0.8454255 0.3894454 -0.365497 -0.1917963 0.1829969 0.9642232 0.007098853 -0.9972766 -0.07341051 0.2494632 0.7583242 0.6022562 -0.7197839 -0.6269142 0.2981441 0.6103253 -0.6791149 0.4078065 0.6608998 -0.6545819 0.3670615 -0.6006777 -0.4945304 -0.6281927 -0.4769065 0.1907655 -0.8580027 -0.06176763 0.3259493 -0.9433674 0.6793008 0.06687939 -0.7308061 -0.4818574 0.4820295 0.731752 0.8623633 0.2993978 0.4082776 -0.3073132 0.7928016 0.5263312 -0.9083904 0.1823444 0.376268 -0.9782159 0.1836311 0.09681624 0.8067809 0.5732178 0.1432685 0.7832866 -0.4991902 0.3705016 -0.005706071 0.9999802 0.002708196 0.9572755 -0.2891777 0 -0.3473166 0.9249903 -0.1541563 -0.004743456 -0.9954277 0.09540092 0.03153979 -0.9965984 0.07613801 -0.6531221 0.2302825 0.7213886 9.55108e-4 -0.9999976 0.00202912 -0.3551279 -0.6370337 0.6841581 -0.3009142 -0.6208394 0.7238847 -0.08887535 -0.8021414 -0.5904832 -0.04998224 -0.9979426 0.04015707 -0.546913 -0.6338562 0.5469117 -0.5083229 -0.7477198 0.4272271 -0.9983823 -2.57184e-4 0.05685728 -0.8622175 0.1770865 0.4745751 0.7728818 0.2824373 0.5682278 0.09912902 0.8613094 0.4983169 0.05161446 0.8979458 0.4370691 -0.05181539 -0.5430812 -0.83808 -0.653122 0.2302827 -0.7213887 -0.7727461 0.2718452 -0.5735537 0.07428628 0.3281868 -0.9416874 -0.33179 0.4982901 0.8010135 -0.9223374 0.3549452 -0.1526687 -0.006205677 -0.9998329 0.01719969 -0.03204059 -0.9954556 0.08967596 -0.0381959 -0.9991168 -0.01751464 -0.4637943 0.1836325 0.866703 0.02435672 0.9986533 0.04580879 -0.3003827 -0.6269202 0.7188472 -0.487838 -0.617938 0.6165766 -0.8623634 0.2993975 -0.4082775 0.6622337 -0.6329029 0.4010992 0.2253587 0.7984923 -0.5582325 0.5420407 0.7582995 0.3621791 0.5697361 0.758261 0.3169246 -0.6232427 0.1836319 0.7601631 -0.5599508 -0.08154183 0.8245034 0.6622403 -0.6328984 -0.4010955 0.09095668 -0.9956764 0.01885479 0.06242871 -0.9980291 0.006367504 0.2981458 -0.6269121 0.719785 -0.03212428 -0.9954281 0.08995008 -0.09681624 0.183631 0.9782159 0.4743427 -0.556303 0.6822947 -0.5542733 -0.4769542 0.6821261 0.4983289 0.8613029 0.09912484 0.004743456 -0.9954283 0.09539484 0.06290662 -0.9863967 0.1518691 0.6841595 -0.6370317 0.3551288 -0.8623633 0.2993978 0.4082776 0.2849005 0.1836317 0.9408035 0 1 0 0.3703263 -0.4991742 -0.7833796 0.0327177 -0.9988069 0.03625637 0.02359032 -0.9993982 0.02543306 0.06391859 -0.9954556 0.07058763 0.5529381 -0.6269408 0.5488212 0.9408035 0.1836318 0.2849003 0.7601629 0.1836318 0.623243 0.4082784 0.2993966 0.8623634 -0.7213888 0.2302814 0.6531224 0.06410628 -0.9954273 0.07081776 0 1 5.22603e-6 0.09266769 -0.9953052 0.02793425</float_array>
          <technique_common>
            <accessor source="#Table-mesh-normals-array" count="1297" stride="3">
              <param name="X" type="float"/>
              <param name="Y" type="float"/>
              <param name="Z" type="float"/>
            </accessor>
          </technique_common>
        </source>
        <source id="Table-mesh-map-0">
          <float_array id="Table-mesh-map-0-array" count="13056">0.67549 0.453374 0.678811 0.454225 0.682851 0.45645 0.604544 0.790336 0.594623 0.794264 0.601076 0.790353 0.600662 0.506492 0.600991 0.507371 0.595617 0.509027 0.41081 0.487396 0.411807 0.487391 0.41103 0.500782 0.589088 0.798109 0.588889 0.796885 0.593228 0.793264 0.654646 0.944021 0.659459 0.938705 0.668718 0.938064 0.48008 0.759761 0.525773 0.749348 0.477162 0.764598 0.629306 0.714334 0.632153 0.717443 0.631747 0.717783 0.412616 0.569244 0.413105 0.583359 0.411569 0.569258 0.658262 0.654554 0.654773 0.652601 0.665654 0.655849 0.411978 0.597687 0.413053 0.59767 0.412362 0.612192 0.366945 0.109301 0.365397 0.09403598 0.406249 0.105768 0.630539 0.717935 0.633745 0.729668 0.623421 0.714467 0.633745 0.729668 0.63632 0.741556 0.632069 0.751221 0.414125 0.1902289 0.411638 0.182767 0.411052 0.167586 0.586474 0.750174 0.593878 0.758042 0.588494 0.754696 0.6483 0.494526 0.646001 0.491014 0.64984 0.49308 0.41474 0.212632 0.415121 0.234745 0.412731 0.227455 0.535486 0.365956 0.455113 0.364018 0.534846 0.368477 0.596758 0.84153 0.60693 0.844543 0.600244 0.843688 0.412029 0.460798 0.41203 0.474071 0.410779 0.460795 0.607957 0.421466 0.604103 0.423437 0.606901 0.420208 0.695874 0.956568 0.694506 0.962578 0.693347 0.954808 0.61843 0.707987 0.618819 0.709166 0.612908 0.70678 0.655881 0.578929 0.653813 0.57762 0.655248 0.577421 0.588889 0.796885 0.589088 0.798109 0.585339 0.801263 0.665372 0.604744 0.667336 0.606175 0.663626 0.606704 0.695953 0.556049 0.693426 0.56167 0.693823 0.553825 0.695382 0.561561 0.693426 0.56167 0.695953 0.556049 0.659459 0.938705 0.659223 0.936761 0.664549 0.935234 0.411638 0.182767 0.410511 0.182805 0.410094 0.167627 0.412395 0.197798 0.411161 0.197832 0.410511 0.182805 0.583145 0.452339 0.587544 0.452695 0.581616 0.454499 0.412754 0.212693 0.412731 0.227455 0.411808 0.227469 0.370973 0.184658 0.369051 0.154834 0.37007 0.169796 0.412395 0.197798 0.412754 0.212693 0.411357 0.212723 0.695893 0.635309 0.697286 0.637305 0.695288 0.639011 0.651197 0.458651 0.650579 0.456923 0.654001 0.456207 0.691134 0.491428 0.688022 0.495352 0.684327 0.495736 0.58643 0.427731 0.58224 0.426762 0.586468 0.427066 0.644885 0.54095 0.646695 0.541255 0.644782 0.544448 0.58691 0.835411 0.583834 0.830719 0.587315 0.835071 0.554775 0.817797 0.476254 0.832231 0.55479 0.81497 0.614647 0.40194 0.584952 0.423595 0.588517 0.37801 0.524813 0.689219 0.44858 0.713511 0.522588 0.685604 0.686221 0.576267 0.682084 0.57768 0.685993 0.574791 0.592358 0.453377 0.602652 0.456426 0.594625 0.455919 0.58396 0.370486 0.588842 0.370905 0.584869 0.371917 0.494167 0.870015 0.498391 0.869627 0.496636 0.877388 0.455089 0.723156 0.452888 0.71999 0.456777 0.71883 0.59989 0.561177 0.581275 0.638647 0.597319 0.559996 0.693797 0.467265 0.693089 0.467355 0.691976 0.464037 0.507221 0.611855 0.519797 0.552503 0.513107 0.607733 0.445605 0.392173 0.520928 0.391616 0.455496 0.387139 0.450035 0.481408 0.529714 0.47566 0.456445 0.476991 0.654291 0.535288 0.659984 0.532355 0.65799 0.535637 0.371989 0.67193 0.374137 0.65667 0.373696 0.671982 0.605273 0.376332 0.612737 0.384051 0.601926 0.376824 0.673532 0.543668 0.653691 0.558516 0.65799 0.535637 0.412065 0.313021 0.413208 0.313029 0.411807 0.326829 0.562424 0.396546 0.563578 0.407041 0.561803 0.401253 0.365259 0.109465 0.361995 0.07893699 0.363707 0.094217 0.459542 0.949256 0.474419 0.871088 0.477245 0.871067 0.646362 0.963608 0.654922 0.967298 0.658137 0.981863 0.683367 0.610985 0.686551 0.612533 0.686891 0.61396 0.443101 0.462828 0.444488 0.466847 0.463434 0.466009 0.377337 0.380954 0.411579 0.367659 0.411285 0.38109 0.650737 0.980528 0.650678 0.979079 0.652767 0.981939 0.374099 0.2139689 0.411357 0.212723 0.411808 0.227469 0.11554 0.363465 0.136896 0.358218 0.108241 0.374945 0.479672 0.782852 0.479555 0.780217 0.483698 0.7832 0.373402 0.199325 0.411161 0.197832 0.374099 0.2139689 0.642837 0.951801 0.644672 0.951745 0.643422 0.955252 0.372612 0.1845639 0.371722 0.16969 0.410094 0.167627 0.411161 0.197832 0.372612 0.1845639 0.410511 0.182805 0.538304 0.616707 0.548121 0.567047 0.542679 0.614072 0.560815 0.482079 0.559264 0.478903 0.561429 0.479245 0.55798 0.758527 0.558191 0.761352 0.537442 0.762055 0.687938 0.652368 0.686371 0.655667 0.683656 0.655612 0.561889 0.62165 0.573663 0.54722 0.577016 0.557796 0.646662 0.467174 0.646765 0.463487 0.649176 0.462845 0.692826 0.622292 0.694815 0.630102 0.692591 0.635189 0.597337 0.452751 0.59849 0.453958 0.593109 0.452448 0.693426 0.56167 0.694257 0.565542 0.692359 0.565417 0.6160001 0.472472 0.617153 0.482967 0.614568 0.475484 0.594616 0.643833 0.592137 0.643033 0.610427 0.565294 0.647217 0.569233 0.64579 0.566114 0.651724 0.574446 0.655746 0.455962 0.658611 0.453905 0.658961 0.455078 0.684555 0.939519 0.689133 0.946677 0.68002 0.939111 0.561332 0.484923 0.560815 0.482079 0.56287 0.485419 0.696007 0.479367 0.69514 0.48279 0.694786 0.479471 0.692591 0.635189 0.691117 0.646029 0.680625 0.652769 0.620794 0.762122 0.621028 0.763853 0.61543 0.764006 0.644467 0.477179 0.644775 0.473294 0.647655 0.470754 0.372612 0.1845639 0.370973 0.184658 0.37007 0.169796 0.373402 0.199325 0.371977 0.199398 0.370973 0.184658 0.568298 0.379339 0.57013 0.379189 0.566325 0.3831 0.413259 0.868086 0.410525 0.905095 0.409818 0.877083 0.529204 0.385704 0.530516 0.382081 0.526462 0.38196 0.373402 0.199325 0.374099 0.2139689 0.372486 0.214042 0.405798 0.914055 0.359023 0.909556 0.360825 0.891451 0.523998 0.561675 0.529839 0.53207 0.528113 0.56206 0.569506 0.418343 0.573622 0.42203 0.571057 0.420825 0.45174 0.949074 0.44785 0.948774 0.464545 0.870642 0.591061 0.501504 0.594708 0.507597 0.577651 0.502689 0.645176 0.972491 0.645884 0.972402 0.646997 0.975719 0.663904 0.529415 0.663753 0.531368 0.659899 0.530454 0.68002 0.939111 0.680901 0.937464 0.684555 0.939519 0.692826 0.622292 0.694788 0.626661 0.694815 0.630102 0.537595 0.563791 0.542399 0.534138 0.544386 0.556327 0.359649 0.0480349 0.357128 0.03261792 0.399528 0.042566 0.600553 0.372175 0.597635 0.371947 0.595196 0.370404 0.01697891 0.550302 0.01172596 0.528951 0.02845597 0.557597 0.308325 0.490705 0.308388 0.520018 0.302925 0.548771 0.467439 0.741599 0.52832 0.727431 0.47398 0.745139 0.680012 0.984679 0.671517 0.986957 0.676128 0.983874 0.507709 0.946963 0.526971 0.889431 0.514027 0.943539 0.414359 0.377743 0.413968 0.414443 0.412154 0.394467 0.583834 0.830719 0.585231 0.831508 0.587315 0.835071 0.06428599 0.391213 0.08200895 0.378192 0.108241 0.374945 0.590011 0.509617 0.590735 0.508609 0.595617 0.509027 0.458613 0.433416 0.468005 0.438822 0.514567 0.435406 0.375856 0.380957 0.377337 0.380954 0.375875 0.394306 0.486646 0.94729 0.505437 0.869009 0.505247 0.887131 0.684321 0.456322 0.686206 0.457818 0.682851 0.45645 0.503273 0.61209 0.498027 0.612629 0.503859 0.608012 0.580713 0.732496 0.582045 0.728376 0.582348 0.732639 0.374711 0.2284989 0.374099 0.2139689 0.411808 0.227469 0.57291 0.88471 0.576443 0.887073 0.570813 0.905177 0.684632 0.61498 0.684924 0.629891 0.649577 0.621067 0.672889 0.935067 0.676998 0.93592 0.676218 0.937882 0.530098 0.899022 0.514027 0.943539 0.526971 0.889431 0.443753 0.397532 0.442047 0.402941 0.462712 0.397972 0.368082 0.768667 0.366884 0.785591 0.368731 0.75195 0.466043 0.949039 0.482893 0.870864 0.485877 0.876447 0.529243 0.474468 0.528297 0.472079 0.521782 0.471123 0.41328 0.612179 0.413501 0.62689 0.412362 0.612192 0.683472 0.501192 0.679514 0.501052 0.683016 0.499345 0.412065 0.313021 0.376861 0.313157 0.376652 0.299332 0.642722 0.553097 0.64133 0.551101 0.643327 0.549395 0.370712 0.154716 0.408489 0.136916 0.409184 0.152339 0.56493 0.477574 0.568811 0.463128 0.575612 0.459954 0.507221 0.611855 0.503273 0.61209 0.503859 0.608012 0.413053 0.59767 0.41545 0.604876 0.41328 0.612179 0.591955 0.713343 0.596828 0.710608 0.59208 0.714531 0.637356 0.73566 0.63854 0.735665 0.637462 0.741133 0.376015 0.420882 0.375788 0.434136 0.375864 0.407611 0.671459 0.948842 0.654922 0.967298 0.654646 0.944021 0.07931196 0.949474 0.02913099 0.907617 0.011792 0.856805 0.535486 0.365956 0.455803 0.361274 0.455113 0.364018 0.596647 0.789567 0.598269 0.790732 0.593228 0.793264 0.636746 0.814778 0.636714 0.820215 0.634178 0.821831 0.642564 0.558016 0.642722 0.553097 0.643093 0.555791 0.650951 0.944404 0.653218 0.940087 0.655957 0.940412 0.665023 0.659062 0.660974 0.65797 0.66701 0.657267 0.529056 0.769703 0.558257 0.762768 0.539869 0.772703 0.654291 0.535288 0.650678 0.536038 0.654959 0.532794 0.398378 0.256703 0.412113 0.256539 0.412003 0.270855 0.253525 0.702008 0.245225 0.726322 0.226267 0.687739 0.609448 0.500324 0.610282 0.501165 0.605654 0.504272 0.629974 0.754745 0.625834 0.75959 0.624439 0.75859 0.376393 0.285397 0.376069 0.271349 0.412179 0.285037 0.523285 0.949655 0.534142 0.899874 0.540536 0.892219 0.259975 0.706208 0.277311 0.721444 0.245225 0.726322 0.663753 0.531368 0.671605 0.531139 0.672961 0.532557 0.69192 0.647151 0.691117 0.646029 0.693767 0.642197 0.413197 0.242067 0.411827 0.242079 0.411808 0.227469 0.413299 0.256534 0.412113 0.256539 0.411827 0.242079 0.630869 0.835402 0.630586 0.836986 0.627108 0.839511 0.413066 0.270853 0.413344 0.285038 0.412179 0.285037 0.537843 0.500245 0.45796 0.505588 0.45884 0.509737 0.413299 0.256534 0.413066 0.270853 0.412003 0.270855 0.444488 0.466847 0.445948 0.470841 0.463434 0.466009 0.402772 0.05830097 0.404554 0.07414197 0.401277 0.05847597 0.646695 0.541255 0.647498 0.542377 0.644848 0.54621 0.446955 0.473489 0.448492 0.47745 0.456445 0.476991 0.693089 0.467355 0.69471 0.469568 0.693792 0.470723 0.694198 0.966463 0.696085 0.966212 0.695501 0.968894 0.644545 0.549532 0.647498 0.542377 0.646024 0.553217 0.525638 0.395409 0.526525 0.392951 0.520928 0.391616 0.635228 0.722135 0.633832 0.721346 0.631747 0.717783 0.412113 0.256539 0.398378 0.256703 0.411827 0.242079 0.610766 0.416386 0.610969 0.418396 0.609075 0.420558 0.610071 0.46117 0.610936 0.463153 0.605955 0.457484 0.59141 0.838688 0.587315 0.835071 0.588524 0.834919 0.453139 0.37081 0.533011 0.374717 0.454365 0.366746 0.563198 0.47462 0.56287 0.485419 0.561429 0.479245 0.683883 0.984207 0.680362 0.985852 0.683227 0.983795 0.683227 0.983795 0.680362 0.985852 0.680012 0.984679 0.514482 0.427481 0.518665 0.426129 0.515003 0.420896 0.476874 0.819239 0.477248 0.815378 0.481216 0.814531 0.407118 0.895445 0.360825 0.891451 0.408663 0.877006 0.381959 0.01212489 0.39492 0.01059591 0.397385 0.02661699 0.494167 0.870015 0.476345 0.948244 0.491351 0.870264 0.671279 0.582231 0.666364 0.582289 0.668596 0.581806 0.683016 0.499345 0.679514 0.501052 0.684327 0.495736 0.527903 0.693962 0.530288 0.697474 0.522195 0.695782 0.398378 0.256703 0.375685 0.257189 0.375235 0.242908 0.614518 0.762518 0.624439 0.75859 0.617986 0.762501 0.566208 0.384622 0.57013 0.379189 0.568449 0.38598 0.469344 0.414136 0.516611 0.41179 0.459547 0.408653 0.693089 0.467355 0.693797 0.467265 0.69471 0.469568 0.636714 0.820215 0.633788 0.829936 0.634178 0.821831 0.594623 0.794264 0.604544 0.790336 0.602525 0.793049 0.376069 0.271349 0.412003 0.270855 0.412179 0.285037 0.679514 0.501052 0.674424 0.504523 0.671863 0.502817 0.538365 0.7091 0.539948 0.711449 0.52252 0.717925 0.612315 0.93784 0.590904 0.988689 0.619435 0.91416 0.676218 0.937882 0.68002 0.939111 0.668718 0.938064 0.375235 0.242908 0.374711 0.2284989 0.411808 0.227469 0.398378 0.256703 0.375235 0.242908 0.411827 0.242079 0.588532 0.987613 0.585035 0.985872 0.614273 0.911848 0.584769 0.553465 0.588493 0.555504 0.587226 0.56136 0.645884 0.972402 0.647533 0.975542 0.646997 0.975719 0.645457 0.620351 0.649308 0.617364 0.646256 0.62299 0.684324 0.653118 0.681254 0.656907 0.678632 0.656051 0.645527 0.644502 0.643963 0.640604 0.647323 0.643387 0.537442 0.762055 0.529056 0.769703 0.479555 0.780217 0.537961 0.350565 0.538123 0.34797 0.458465 0.344536 0.633788 0.829936 0.623582 0.838127 0.634178 0.821831 0.608944 0.845333 0.606155 0.846074 0.60693 0.844543 0.181599 0.676806 0.204417 0.680296 0.150829 0.676875 0.649176 0.462845 0.646765 0.463487 0.648662 0.461442 0.520992 0.868393 0.526651 0.868612 0.516373 0.886804 0.546104 0.959818 0.562995 0.912628 0.549449 0.961932 0.641182 0.552437 0.642722 0.553097 0.642564 0.558016 0.689797 0.976912 0.686531 0.980513 0.691318 0.969003 0.686531 0.980513 0.676128 0.983874 0.691318 0.969003 0.368335 0.124514 0.369586 0.139654 0.366656 0.124661 0.694815 0.630102 0.695942 0.62915 0.695522 0.632616 0.375235 0.242908 0.373648 0.242963 0.37311 0.228563 0.375685 0.257189 0.374307 0.25723 0.373648 0.242963 0.371337 0.735553 0.372021 0.719299 0.413263 0.736612 0.633788 0.829936 0.636714 0.820215 0.637017 0.824478 0.694506 0.962578 0.696391 0.963471 0.696085 0.966212 0.375685 0.257189 0.376069 0.271349 0.374509 0.271389 0.451365 0.376186 0.449959 0.380193 0.45735 0.376484 0.627652 0.714166 0.631747 0.717783 0.630539 0.717935 0.546611 0.722317 0.549224 0.727345 0.52832 0.727431 0.352185 0.964392 0.347801 0.982668 0.350153 0.964062 0.375235 0.242908 0.37311 0.228563 0.374711 0.2284989 0.581715 0.825516 0.580778 0.821399 0.581779 0.82265 0.572703 0.504096 0.570191 0.500631 0.574304 0.503181 0.526408 0.467228 0.445948 0.470841 0.521782 0.471123 0.302925 0.548771 0.256066 0.593997 0.302368 0.46205 0.670255 0.501693 0.671863 0.502817 0.662755 0.501875 0.455639 0.949241 0.471594 0.871048 0.474419 0.871088 0.455756 0.620059 0.462681 0.540558 0.465492 0.540275 0.302925 0.548771 0.275714 0.600348 0.256066 0.593997 0.302925 0.548771 0.291764 0.575876 0.275714 0.600348 0.366884 0.785591 0.368772 0.785704 0.365825 0.802758 0.592441 0.758779 0.590064 0.757134 0.593878 0.758042 0.551517 0.873763 0.556773 0.875873 0.550962 0.896033 0.59208 0.714531 0.585275 0.722918 0.588193 0.717452 0.674862 0.657038 0.674711 0.658991 0.669188 0.659444 0.568641 0.416361 0.576925 0.423088 0.573622 0.42203 0.684632 0.61498 0.692826 0.622292 0.692591 0.635189 0.455089 0.723156 0.531901 0.6998 0.526716 0.705604 0.613124 0.56615 0.594616 0.643833 0.610427 0.565294 0.374509 0.271389 0.37311 0.228563 0.373648 0.242963 0.413501 0.62689 0.414009 0.641816 0.412395 0.626906 0.643327 0.549395 0.644545 0.549532 0.643093 0.555791 0.610936 0.463153 0.6160001 0.472472 0.614568 0.475484 0.594625 0.455919 0.614568 0.475484 0.591061 0.501504 0.561462 0.3958 0.562505 0.391806 0.562424 0.396546 0.643115 0.561693 0.643827 0.561745 0.644267 0.565216 0.688295 0.460677 0.690307 0.463456 0.682851 0.45645 0.655501 0.938565 0.659459 0.938705 0.655957 0.940412 0.616708 0.394095 0.616379 0.404893 0.614647 0.40194 0.519926 0.415669 0.45938 0.41958 0.515003 0.420896 0.562424 0.396546 0.566208 0.384622 0.568449 0.38598 0.649577 0.621067 0.684924 0.629891 0.665083 0.644738 0.646695 0.541255 0.645625 0.539805 0.648998 0.538267 0.561429 0.479245 0.559264 0.478903 0.561395 0.474917 0.582317 0.738077 0.586474 0.750174 0.583774 0.746168 0.647323 0.643387 0.647324 0.639792 0.665654 0.655849 0.489143 0.536087 0.494685 0.534947 0.488285 0.543998 0.662146 0.452658 0.666955 0.451635 0.66486 0.452548 0.683189 0.578505 0.682084 0.57768 0.686221 0.576267 0.04145389 0.927107 0.02913099 0.907617 0.07931196 0.949474 0.61337 0.494892 0.617153 0.482967 0.617073 0.487707 0.410511 0.182805 0.372612 0.1845639 0.410094 0.167627 0.372639 0.70329 0.397975 0.703877 0.372021 0.719299 0.578586 0.372143 0.578915 0.373022 0.573923 0.375242 0.467858 0.425056 0.514482 0.427481 0.515003 0.420896 0.264706 0.39997 0.279351 0.416421 0.267428 0.412175 0.694506 0.962578 0.696085 0.966212 0.694198 0.966463 0.528113 0.56206 0.532655 0.532367 0.533592 0.553726 0.508148 0.897527 0.491897 0.946915 0.505247 0.887131 0.598269 0.790732 0.598035 0.789001 0.603632 0.788848 0.443933 0.705676 0.521166 0.683157 0.445201 0.70795 0.438386 0.419542 0.437803 0.425182 0.45938 0.41958 0.496072 0.534669 0.498853 0.534137 0.497952 0.552695 0.630869 0.835402 0.627108 0.839511 0.626982 0.838323 0.647217 0.569233 0.645721 0.568571 0.644828 0.565147 0.684324 0.653118 0.687938 0.652368 0.683656 0.655612 0.406149 0.08993297 0.411279 0.128948 0.407234 0.105686 0.643827 0.561745 0.643115 0.561693 0.642673 0.559256 0.533011 0.374717 0.534498 0.369731 0.454365 0.366746 0.618762 0.397434 0.620314 0.40061 0.618149 0.400269 0.374307 0.25723 0.374509 0.271389 0.373648 0.242963 0.410934 0.474073 0.41203 0.474071 0.41081 0.487396 0.41302 0.299098 0.411976 0.299092 0.412179 0.285037 0.413208 0.313029 0.412065 0.313021 0.411976 0.299092 0.650258 0.574283 0.648704 0.572447 0.651724 0.574446 0.413103 0.326838 0.412711 0.340543 0.411853 0.340535 0.374509 0.271389 0.376069 0.271349 0.374844 0.285429 0.413208 0.313029 0.413103 0.326838 0.411807 0.326829 0.607267 0.706862 0.608167 0.705079 0.612908 0.70678 0.517763 0.612113 0.515131 0.611923 0.513107 0.607733 0.360486 0.873266 0.363969 0.855556 0.362472 0.873442 0.572425 0.546534 0.55737 0.625678 0.565151 0.56315 0.694788 0.626661 0.692826 0.622292 0.693787 0.623259 0.361791 0.063407 0.363688 0.07873696 0.360094 0.06363195 0.66711 0.93694 0.672889 0.935067 0.676218 0.937882 0.690879 0.540332 0.691293 0.545019 0.68821 0.537096 0.656736 0.984639 0.654652 0.983435 0.656122 0.983306 0.437803 0.425182 0.467858 0.425056 0.45938 0.41958 0.654707 0.654883 0.654773 0.652601 0.65711 0.656326 0.601873 0.425293 0.597961 0.425015 0.604103 0.423437 0.544498 0.718629 0.545925 0.721077 0.52832 0.727431 0.677894 0.452871 0.680179 0.453748 0.678811 0.454225 0.680012 0.984679 0.680362 0.985852 0.674113 0.987209 0.568298 0.379339 0.566325 0.3831 0.5665 0.381507 0.590735 0.508609 0.590011 0.509617 0.584381 0.50911 0.486646 0.94729 0.484041 0.947516 0.484187 0.941761 0.588494 0.754696 0.585409 0.75166 0.586474 0.750174 0.514567 0.435406 0.468005 0.438822 0.515228 0.441978 0.523001 0.612753 0.528113 0.56206 0.533592 0.553726 0.563578 0.407041 0.568641 0.416361 0.564518 0.41103 0.618819 0.709166 0.623602 0.710232 0.622304 0.711324 0.661079 0.986886 0.658794 0.986009 0.660162 0.985532 0.41302 0.299098 0.413208 0.313029 0.411976 0.299092 0.571621 0.458048 0.575475 0.456076 0.572676 0.459305 0.530749 0.614361 0.528184 0.61374 0.533954 0.610987 0.691811 0.573141 0.688482 0.574636 0.691813 0.570428 0.663483 0.986383 0.656122 0.983306 0.658137 0.981863 0.569506 0.418343 0.567011 0.416895 0.568641 0.416361 0.636746 0.814778 0.6385 0.818925 0.636714 0.820215 0.596758 0.84153 0.588524 0.834919 0.595642 0.838387 0.377026 0.326882 0.411807 0.326829 0.411853 0.340535 0.581707 0.817194 0.581601 0.811721 0.582743 0.811298 0.586994 0.801633 0.59388 0.803365 0.585318 0.823186 0.376861 0.313157 0.412065 0.313021 0.377026 0.326882 0.696403 0.962086 0.694506 0.962578 0.695874 0.956568 0.376652 0.299332 0.376393 0.285397 0.412179 0.285037 0.412065 0.313021 0.376652 0.299332 0.411976 0.299092 0.618245 0.39459 0.618762 0.397434 0.616708 0.394095 0.588465 0.641701 0.584841 0.640244 0.605108 0.563367 0.583774 0.746168 0.58282 0.746538 0.581363 0.742495 0.556262 0.747335 0.556826 0.75011 0.535591 0.751108 0.689133 0.946677 0.687806 0.942165 0.690673 0.945231 0.694071 0.638874 0.694815 0.630102 0.695522 0.632616 0.412769 0.641834 0.414009 0.641816 0.412775 0.657004 0.460044 0.455397 0.522544 0.456031 0.51703 0.451047 0.593878 0.758042 0.603787 0.762335 0.598991 0.761541 0.481234 0.615638 0.476211 0.616705 0.483262 0.60937 0.562075 0.390261 0.563871 0.38796 0.562505 0.391806 0.668128 0.987539 0.668305 0.98823 0.664636 0.987721 0.55403 0.739144 0.554864 0.74185 0.525773 0.749348 0.563578 0.407041 0.562424 0.396546 0.565009 0.404029 0.646024 0.553217 0.647498 0.542377 0.65799 0.535637 0.671459 0.948842 0.654646 0.944021 0.668718 0.938064 0.481457 0.947757 0.476345 0.948244 0.484187 0.941761 0.476345 0.948244 0.473429 0.94463 0.491351 0.870264 0.6431 0.96414 0.642966 0.96039 0.643994 0.966709 0.376652 0.299332 0.375116 0.299359 0.374844 0.285429 0.376861 0.313157 0.375525 0.313175 0.375116 0.299359 0.463434 0.466009 0.525485 0.464768 0.524591 0.462291 0.560935 0.395754 0.562075 0.390261 0.561462 0.3958 0.691117 0.646029 0.69192 0.647151 0.689617 0.650139 0.376861 0.313157 0.377026 0.326882 0.375512 0.326897 0.658961 0.455078 0.652442 0.459244 0.655746 0.455962 0.455756 0.620059 0.451864 0.620339 0.459864 0.540775 0.448995 0.382856 0.447535 0.386845 0.455496 0.387139 0.532939 0.484074 0.531577 0.480444 0.527527 0.480655 0.376652 0.299332 0.374844 0.285429 0.376393 0.285397 0.505437 0.869009 0.50826 0.868798 0.505247 0.887131 0.596432 0.427175 0.592033 0.426818 0.597961 0.425015 0.411052 0.167586 0.411638 0.182767 0.410094 0.167627 0.558281 0.772681 0.52899 0.780725 0.539869 0.772703 0.583479 0.827822 0.583834 0.830719 0.582117 0.826867 0.374375 0.583305 0.373908 0.597574 0.374428 0.569202 0.587226 0.56136 0.573135 0.634551 0.570517 0.628701 0.690307 0.463456 0.693792 0.470723 0.692611 0.476149 0.275714 0.600348 0.255033 0.621119 0.256066 0.593997 0.03051197 0.449749 0.04360091 0.411989 0.108241 0.374945 0.678632 0.656051 0.674862 0.657038 0.680625 0.652769 0.696007 0.479367 0.695764 0.48325 0.69514 0.48279 0.688022 0.495352 0.691418 0.493908 0.687857 0.497929 0.659899 0.530454 0.659984 0.532355 0.657362 0.5315 0.588517 0.37801 0.565009 0.404029 0.568449 0.38598 0.482042 0.767444 0.527911 0.758747 0.483098 0.773968 0.637347 0.727338 0.638285 0.731455 0.637283 0.730204 0.559651 0.626958 0.55737 0.625678 0.561889 0.62165 0.375512 0.326897 0.374844 0.285429 0.375116 0.299359 0.01097798 0.818381 0.014467 0.795567 0.02037495 0.827819 0.377026 0.326882 0.412065 0.313021 0.411807 0.326829 0.256066 0.593997 0.06190598 0.569252 0.267428 0.412175 0.451053 0.484049 0.452542 0.488025 0.458519 0.487604 0.514925 0.725601 0.467439 0.741599 0.465389 0.738216 0.67549 0.453374 0.682851 0.45645 0.680836 0.457894 0.352811 0.0173909 0.353095 0.01732099 0.355422 0.03293097 0.522544 0.456031 0.521145 0.450951 0.51703 0.451047 0.686206 0.457818 0.688295 0.460677 0.682851 0.45645 0.476211 0.616705 0.472435 0.617479 0.472903 0.613449 0.538123 0.34797 0.538211 0.345371 0.458683 0.340303 0.617153 0.482967 0.61337 0.494892 0.611128 0.493534 0.687776 0.981106 0.686531 0.980513 0.690311 0.978315 0.405798 0.914055 0.407337 0.91419 0.403832 0.932746 0.408489 0.136916 0.409491 0.136855 0.409184 0.152339 0.596828 0.710608 0.597694 0.709276 0.601638 0.707669 0.524769 0.397888 0.462712 0.397972 0.523929 0.400385 0.598269 0.790732 0.596044 0.792633 0.593228 0.793264 0.412731 0.227455 0.413197 0.242067 0.411808 0.227469 0.660162 0.985532 0.658794 0.986009 0.656736 0.984639 0.662664 0.580954 0.662702 0.581666 0.659205 0.580447 0.442139 0.702209 0.440466 0.698682 0.516648 0.674346 0.568449 0.38598 0.57503 0.37575 0.584869 0.371917 0.481481 0.870927 0.464744 0.949101 0.477245 0.871067 0.467858 0.425056 0.515003 0.420896 0.45938 0.41958 0.663739 0.607923 0.656531 0.610726 0.660413 0.608159 0.414525 0.360944 0.412572 0.354154 0.412711 0.340543 0.414394 0.367691 0.412451 0.367669 0.412572 0.354154 0.691625 0.617741 0.692895 0.619835 0.691399 0.619173 0.691318 0.969003 0.654922 0.967298 0.671459 0.948842 0.609254 0.789233 0.607871 0.788452 0.610716 0.788428 0.583834 0.830719 0.583479 0.827822 0.585231 0.831508 0.628998 0.79572 0.632341 0.796868 0.630569 0.798158 0.647655 0.470754 0.684051 0.472459 0.667513 0.490914 0.570191 0.500631 0.566364 0.496558 0.566841 0.495463 0.518613 0.427447 0.514482 0.427481 0.518546 0.4314 0.622304 0.711324 0.612132 0.708311 0.618819 0.709166 0.685993 0.574791 0.688482 0.574636 0.686221 0.576267 0.583563 0.806622 0.582709 0.806233 0.585339 0.801263 0.655746 0.455962 0.651197 0.458651 0.654001 0.456207 0.601076 0.790353 0.596044 0.792633 0.598269 0.790732 0.688357 0.614123 0.689911 0.615959 0.686891 0.61396 0.412572 0.354154 0.41156 0.354143 0.411853 0.340535 0.412451 0.367669 0.411579 0.367659 0.41156 0.354143 0.519167 0.89767 0.504806 0.942761 0.516373 0.886804 0.412285 0.3811 0.412154 0.394467 0.411315 0.394459 0.413344 0.285038 0.413208 0.313029 0.41302 0.299098 0.412451 0.367669 0.412285 0.3811 0.411285 0.38109 0.665083 0.644738 0.680625 0.652769 0.665654 0.655849 0.323174 0.847427 0.319688 0.870244 0.323102 0.816661 0.595196 0.370404 0.597635 0.371947 0.595477 0.372097 0.664605 0.987157 0.668128 0.987539 0.664636 0.987721 0.690307 0.463456 0.693089 0.467355 0.693792 0.470723 0.452888 0.71999 0.450709 0.716781 0.456777 0.71883 0.524591 0.462291 0.47263 0.460344 0.463434 0.466009 0.650405 0.65131 0.647323 0.643387 0.654773 0.652601 0.562353 0.541337 0.558232 0.571443 0.555133 0.558282 0.693293 0.487069 0.692629 0.491394 0.691134 0.491428 0.646805 0.615265 0.650133 0.61377 0.646802 0.617978 0.650678 0.536038 0.652244 0.532739 0.654959 0.532794 0.656531 0.610726 0.663739 0.607923 0.667389 0.609475 0.573135 0.634551 0.569731 0.632685 0.570517 0.628701 0.363627 0.837695 0.365338 0.837824 0.361999 0.855397 0.590833 0.839428 0.59141 0.838688 0.595461 0.842622 0.481216 0.814531 0.555939 0.798046 0.549649 0.803405 0.375202 0.527761 0.376524 0.527777 0.374841 0.54144 0.58224 0.426762 0.581088 0.425556 0.586468 0.427066 0.686891 0.61396 0.692826 0.622292 0.684632 0.61498 0.691418 0.493908 0.688022 0.495352 0.691134 0.491428 0.609386 0.378882 0.60896 0.377351 0.610989 0.379346 0.683842 0.535805 0.691293 0.545019 0.672961 0.532557 0.670267 0.504966 0.666084 0.50469 0.671863 0.502817 0.459644 0.444477 0.469722 0.449708 0.520261 0.447098 0.229374 0.37406 0.2481859 0.385452 0.202265 0.362901 0.534453 0.953657 0.5308 0.952135 0.534369 0.949149 0.443933 0.705676 0.442139 0.702209 0.518487 0.678172 0.658137 0.981863 0.691318 0.969003 0.676128 0.983874 0.671605 0.531139 0.677642 0.530437 0.680354 0.533852 0.476568 0.840029 0.476344 0.836133 0.555045 0.824857 0.567011 0.416895 0.564518 0.41103 0.568641 0.416361 0.377337 0.380954 0.411285 0.38109 0.411315 0.394459 0.568604 0.632058 0.565255 0.630158 0.570517 0.628701 0.623903 0.842285 0.622234 0.842246 0.627108 0.839511 0.377301 0.367549 0.411579 0.367659 0.377337 0.380954 0.6661 0.581049 0.674876 0.580483 0.668596 0.581806 0.377241 0.354076 0.377154 0.340521 0.411853 0.340535 0.411579 0.367659 0.377241 0.354076 0.41156 0.354143 0.527421 0.390517 0.529204 0.385704 0.520928 0.391616 0.599556 0.903415 0.572763 0.978494 0.592947 0.905912 0.586994 0.801633 0.594623 0.794264 0.602525 0.793049 0.581084 0.811607 0.582709 0.806233 0.581601 0.811721 0.456429 0.358515 0.536327 0.362146 0.457229 0.35435 0.467858 0.425056 0.467649 0.429186 0.514482 0.427481 0.469344 0.414136 0.439041 0.415339 0.45938 0.41958 0.538211 0.345371 0.483257 0.338083 0.458742 0.336066 0.679514 0.501052 0.671863 0.502817 0.670255 0.501693 0.573848 0.979214 0.599556 0.903415 0.603129 0.905707 0.581616 0.454499 0.592358 0.453377 0.594625 0.455919 0.627652 0.714166 0.629306 0.714334 0.631747 0.717783 0.674337 0.452036 0.677894 0.452871 0.674368 0.4526 0.667456 0.4528 0.67549 0.453374 0.662845 0.455883 0.598991 0.761541 0.598651 0.762273 0.594689 0.760561 0.63151 0.835895 0.630869 0.835402 0.634233 0.832545 0.61337 0.494892 0.609448 0.500324 0.611128 0.493534 0.680836 0.457894 0.684051 0.472459 0.647655 0.470754 0.03051197 0.449749 0.06190598 0.569252 0.02845597 0.557597 0.377241 0.354076 0.375746 0.354085 0.375649 0.340533 0.377301 0.367549 0.375997 0.367555 0.375746 0.354085 0.601638 0.707669 0.6046 0.707823 0.601516 0.70941 0.587226 0.56136 0.575435 0.635767 0.573135 0.634551 0.528184 0.61374 0.527539 0.609388 0.533954 0.610987 0.377301 0.367549 0.377337 0.380954 0.375856 0.380957 0.55737 0.625678 0.572425 0.546534 0.561889 0.62165 0.500246 0.533888 0.505836 0.532979 0.497952 0.552695 0.538248 0.533235 0.541021 0.533807 0.533592 0.553726 0.679035 0.988117 0.676827 0.987099 0.680362 0.985852 0.377241 0.354076 0.375649 0.340533 0.377154 0.340521 0.696136 0.487956 0.694301 0.488012 0.695551 0.484505 0.593878 0.758042 0.586474 0.750174 0.589788 0.751038 0.366591 0.82026 0.365338 0.837824 0.364658 0.820127 0.650678 0.979079 0.648666 0.976301 0.656122 0.983306 0.693293 0.487069 0.694301 0.488012 0.692629 0.491394 0.563871 0.38796 0.566208 0.384622 0.562505 0.391806 0.568811 0.463128 0.572676 0.459305 0.575612 0.459954 0.601516 0.70941 0.612132 0.708311 0.59548 0.714727 0.23084 0.637586 0.203785 0.648861 0.175133 0.654817 0.02755188 0.436469 0.03894299 0.417654 0.03051197 0.449749 0.636746 0.814778 0.63831 0.816056 0.6385 0.818925 0.618642 0.483759 0.617503 0.489252 0.618115 0.483713 0.676998 0.93592 0.68002 0.939111 0.676218 0.937882 0.647555 0.945848 0.647839 0.948329 0.646344 0.948363 0.660162 0.985532 0.656736 0.984639 0.656122 0.983306 0.40001 0.970474 0.352185 0.964392 0.402145 0.951575 0.611962 0.417356 0.610766 0.416386 0.614564 0.413936 0.584101 0.507417 0.574304 0.503181 0.577651 0.502689 0.375856 0.380957 0.375649 0.340533 0.375746 0.354085 0.692208 0.97627 0.692311 0.972583 0.694649 0.971487 0.410718 0.840581 0.412204 0.840649 0.409572 0.858691 0.661975 0.503837 0.658952 0.500646 0.662755 0.501875 0.374137 0.65667 0.412769 0.641834 0.412775 0.657004 0.644467 0.477179 0.642888 0.473544 0.644775 0.473294 0.414529 0.688068 0.414621 0.703982 0.413041 0.688077 0.512983 0.561578 0.507221 0.611855 0.503859 0.608012 0.06190598 0.569252 0.256066 0.593997 0.128933 0.646531 0.479296 0.796023 0.52899 0.780725 0.539331 0.783824 0.608944 0.845333 0.60693 0.844543 0.614462 0.845031 0.55479 0.81497 0.476254 0.832231 0.476316 0.828327 0.478058 0.538334 0.48222 0.537523 0.477487 0.544291 0.450709 0.716781 0.522195 0.695782 0.456777 0.71883 0.403832 0.932746 0.405601 0.932918 0.402145 0.951575 0.409184 0.152339 0.41033 0.152279 0.410094 0.167627 0.610936 0.463153 0.602652 0.456426 0.605955 0.457484 0.629275 0.801816 0.636746 0.814778 0.634178 0.821831 0.59208 0.714531 0.601516 0.70941 0.59548 0.714727 0.150829 0.676875 0.02037495 0.827819 0.05560499 0.722674 0.375997 0.367555 0.375856 0.380957 0.375746 0.354085 0.538365 0.7091 0.461034 0.731624 0.464613 0.726744 0.600229 0.370204 0.600553 0.372175 0.595196 0.370404 0.668706 0.934791 0.672889 0.935067 0.66711 0.93694 0.555133 0.558282 0.546826 0.620249 0.542679 0.614072 0.550187 0.873278 0.543365 0.902674 0.540536 0.892219 0.556552 0.792421 0.556241 0.795233 0.548913 0.792623 0.413968 0.414443 0.412032 0.407782 0.412154 0.394467 0.59141 0.838688 0.589756 0.83852 0.587315 0.835071 0.555399 0.803677 0.555087 0.807908 0.549649 0.803405 0.413883 0.434292 0.413868 0.454184 0.411797 0.447544 0.53804 0.955327 0.534453 0.953657 0.534369 0.949149 0.609448 0.500324 0.604548 0.503763 0.611128 0.493534 0.375729 0.47396 0.377021 0.47397 0.375438 0.4873 0.466043 0.949039 0.485877 0.876447 0.468637 0.948878 0.63629 0.729045 0.630539 0.717935 0.633832 0.721346 0.487124 0.870594 0.491351 0.870264 0.485877 0.876447 0.373085 0.641552 0.374536 0.64159 0.372456 0.656622 0.540536 0.892219 0.528178 0.946829 0.523285 0.949655 0.624439 0.75859 0.614518 0.762518 0.616537 0.759805 0.505836 0.532979 0.502019 0.562692 0.497952 0.552695 0.610282 0.501165 0.605939 0.504717 0.605654 0.504272 0.638278 0.814618 0.636746 0.814778 0.6377 0.810359 0.412032 0.407782 0.41104 0.407773 0.411315 0.394459 0.412186 0.421056 0.411093 0.421048 0.41104 0.407773 0.524509 0.745413 0.47788 0.753529 0.531291 0.737942 0.412109 0.434302 0.411797 0.447544 0.410964 0.447541 0.659852 0.607626 0.663626 0.606704 0.660413 0.608159 0.412186 0.421056 0.412109 0.434302 0.410861 0.434296 0.665083 0.644738 0.647324 0.639792 0.649577 0.621067 0.483638 0.508972 0.537843 0.500245 0.45884 0.509737 0.678811 0.454225 0.682238 0.455118 0.682851 0.45645 0.534333 0.70328 0.537563 0.707932 0.526716 0.705604 0.590735 0.508609 0.584381 0.50911 0.584101 0.507417 0.57677 0.505621 0.581942 0.507566 0.579024 0.507339 0.528178 0.946829 0.52707 0.950813 0.523285 0.949655 0.375512 0.326897 0.377026 0.326882 0.375649 0.340533 0.655427 0.609901 0.656531 0.610726 0.652394 0.612139 0.584381 0.50911 0.581942 0.507566 0.584101 0.507417 0.693792 0.470723 0.694786 0.479471 0.692611 0.476149 0.527527 0.480655 0.451053 0.484049 0.458519 0.487604 0.5823 0.552081 0.565255 0.630158 0.577016 0.557796 0.441056 0.456041 0.442238 0.460127 0.460044 0.455397 0.582709 0.806233 0.583563 0.806622 0.581601 0.811721 0.413298 0.703988 0.414621 0.703982 0.413126 0.720166 0.548121 0.567047 0.553225 0.537464 0.555133 0.558282 0.439041 0.415339 0.438386 0.419542 0.45938 0.41958 0.589738 0.556175 0.593509 0.558127 0.587226 0.56136 0.412032 0.407782 0.412186 0.421056 0.41104 0.407773 0.636752 0.827367 0.635404 0.829925 0.633788 0.829936 0.674876 0.580483 0.674989 0.581702 0.668596 0.581806 0.600244 0.843688 0.599286 0.844432 0.595461 0.842622 0.694301 0.488012 0.693293 0.487069 0.69514 0.48279 0.580517 0.818595 0.581779 0.82265 0.580778 0.821399 0.452714 0.37216 0.451365 0.376186 0.45735 0.376484 0.531936 0.838752 0.477124 0.845202 0.556195 0.834677 0.642966 0.96039 0.643833 0.956967 0.644187 0.960286 0.519798 0.68068 0.443933 0.705676 0.518487 0.678172 0.375525 0.313175 0.376861 0.313157 0.375512 0.326897 0.525773 0.749348 0.554864 0.74185 0.535591 0.751108 0.570813 0.905177 0.555961 0.966413 0.553814 0.964893 0.377255 0.434143 0.410861 0.434296 0.410964 0.447541 0.692359 0.565417 0.689307 0.571042 0.689038 0.567339 0.582317 0.738077 0.580752 0.736798 0.580563 0.733929 0.377302 0.420886 0.411093 0.421048 0.377255 0.434143 0.520531 0.94472 0.534142 0.899874 0.523285 0.949655 0.377335 0.407613 0.37735 0.394306 0.411315 0.394459 0.411093 0.421048 0.377335 0.407613 0.41104 0.407773 0.654291 0.535288 0.657362 0.5315 0.659984 0.532355 0.692611 0.476149 0.693293 0.487069 0.684327 0.495736 0.598651 0.762273 0.598991 0.761541 0.604224 0.763446 0.684615 0.579604 0.683189 0.578505 0.686221 0.576267 0.467858 0.425056 0.437702 0.426596 0.467649 0.429186 0.615706 0.491554 0.61337 0.494892 0.617073 0.487707 0.477807 0.810271 0.556241 0.795233 0.555939 0.798046 0.650678 0.979079 0.647533 0.975542 0.648666 0.976301 0.610118 0.707521 0.607267 0.706862 0.612908 0.70678 0.376671 0.514204 0.376524 0.527777 0.375174 0.514189 0.44269 0.948116 0.440126 0.947678 0.454753 0.869304 0.540536 0.892219 0.543365 0.902674 0.528178 0.946829 0.615456 0.409635 0.614564 0.413936 0.610766 0.416386 0.514925 0.725601 0.463968 0.735996 0.52252 0.717925 0.439435 0.696292 0.514427 0.669141 0.516648 0.674346 0.673592 0.529344 0.671605 0.531139 0.669427 0.528963 0.549649 0.803405 0.476662 0.82183 0.476874 0.819239 0.561889 0.406897 0.561803 0.401253 0.563578 0.407041 0.370236 0.719225 0.372021 0.719299 0.369525 0.735473 0.377335 0.407613 0.375864 0.407611 0.375875 0.394306 0.377302 0.420886 0.376015 0.420882 0.375864 0.407611 0.632069 0.751221 0.625183 0.749489 0.633745 0.729668 0.689038 0.567339 0.653691 0.558516 0.673532 0.543668 0.692591 0.635189 0.684924 0.629891 0.684632 0.61498 0.377302 0.420886 0.377255 0.434143 0.375788 0.434136 0.476211 0.616705 0.488285 0.543998 0.483262 0.60937 0.478297 0.76975 0.482042 0.767444 0.483098 0.773968 0.647324 0.639792 0.665083 0.644738 0.665654 0.655849 0.373195 0.687521 0.372639 0.70329 0.371463 0.687462 0.377335 0.407613 0.375875 0.394306 0.37735 0.394306 0.594708 0.507597 0.591061 0.501504 0.611128 0.493534 0.555961 0.966413 0.579932 0.889498 0.560911 0.962926 0.568811 0.463128 0.568609 0.461118 0.570502 0.458956 0.175133 0.654817 0.128933 0.646531 0.256066 0.593997 0.437653 0.435094 0.437823 0.437924 0.458613 0.433416 0.376069 0.271349 0.398378 0.256703 0.412003 0.270855 0.507709 0.946963 0.503759 0.946746 0.504806 0.942761 0.638545 0.734259 0.637283 0.730204 0.638285 0.731455 0.175133 0.654817 0.145824 0.654882 0.128933 0.646531 0.372456 0.656622 0.374137 0.65667 0.371989 0.67193 0.374895 0.62673 0.374536 0.64159 0.373262 0.626692 0.561429 0.479245 0.561395 0.474917 0.563198 0.47462 0.625834 0.75959 0.623018 0.760221 0.624439 0.75859 0.622234 0.842246 0.617424 0.845185 0.617546 0.843444 0.597961 0.425015 0.584952 0.423595 0.603965 0.419559 0.655248 0.577421 0.652064 0.575873 0.651724 0.574446 0.565255 0.630158 0.5823 0.552081 0.584769 0.553465 0.57013 0.379189 0.573923 0.375242 0.57503 0.37575 0.375788 0.434136 0.375875 0.394306 0.375864 0.407611 0.6160001 0.472472 0.610936 0.463153 0.61506 0.468483 0.4126 0.822705 0.412204 0.840649 0.411271 0.822655 0.542687 0.953208 0.553451 0.907108 0.561416 0.8992 0.486335 0.614582 0.483773 0.615104 0.483262 0.60937 0.357948 0.04829388 0.357128 0.03261792 0.359649 0.0480349 0.412769 0.641834 0.374536 0.64159 0.374895 0.62673 0.614647 0.40194 0.588517 0.37801 0.601926 0.376824 0.570519 0.883189 0.562995 0.912628 0.561416 0.8992 0.638545 0.734259 0.637356 0.73566 0.637283 0.730204 0.409572 0.858691 0.410931 0.858766 0.408663 0.877006 0.623421 0.714467 0.59548 0.714727 0.612132 0.708311 0.560752 0.399965 0.560935 0.395754 0.561462 0.3958 0.672961 0.532557 0.671605 0.531139 0.680354 0.533852 0.408501 0.895552 0.407337 0.91419 0.407118 0.895445 0.408436 0.121323 0.409491 0.136855 0.407273 0.121405 0.407234 0.105686 0.408436 0.121323 0.406249 0.105768 0.595642 0.838387 0.623582 0.838127 0.60693 0.844543 0.593509 0.558127 0.575435 0.635767 0.587226 0.56136 0.528427 0.531968 0.523998 0.561675 0.519797 0.552503 0.617688 0.472617 0.617774 0.478261 0.6160001 0.472472 0.56287 0.485419 0.560815 0.482079 0.561429 0.479245 0.515561 0.947933 0.511645 0.947367 0.514027 0.943539 0.609808 0.763621 0.608347 0.764426 0.604224 0.763446 0.633788 0.829936 0.626982 0.838323 0.623582 0.838127 0.569506 0.418343 0.571057 0.420825 0.567011 0.416895 0.600044 0.453628 0.59849 0.453958 0.597337 0.452751 0.45728 0.502842 0.536913 0.496454 0.456536 0.500113 0.546826 0.620249 0.558232 0.571443 0.55039 0.621968 0.60503 0.788558 0.609254 0.789233 0.604544 0.790336 0.546826 0.620249 0.541994 0.618135 0.542679 0.614072 0.682084 0.57768 0.683189 0.578505 0.678202 0.580248 0.473885 0.539084 0.478058 0.538334 0.477487 0.544291 0.474827 0.75704 0.473376 0.75336 0.47788 0.753529 0.449007 0.478769 0.450035 0.481408 0.456445 0.476991 0.03617292 0.746462 0.05560499 0.722674 0.02190697 0.773719 0.616379 0.404893 0.610766 0.416386 0.614647 0.40194 0.643827 0.561745 0.642673 0.559256 0.6438 0.558304 0.667513 0.490914 0.684327 0.495736 0.670255 0.501693 0.514427 0.669141 0.438472 0.693875 0.509133 0.666483 0.470002 0.746207 0.467439 0.741599 0.47398 0.745139 0.546104 0.959818 0.541543 0.957167 0.542687 0.953208 0.684924 0.629891 0.692591 0.635189 0.680625 0.652769 0.412029 0.460798 0.410779 0.460795 0.410964 0.447541 0.41203 0.474071 0.410934 0.474073 0.410779 0.460795 0.572676 0.459305 0.581616 0.454499 0.575612 0.459954 0.411807 0.487391 0.412138 0.500776 0.41103 0.500782 0.693426 0.56167 0.692359 0.565417 0.689038 0.567339 0.41203 0.474071 0.411807 0.487391 0.41081 0.487396 0.622304 0.711324 0.630539 0.717935 0.623421 0.714467 0.652623 0.613615 0.650133 0.61377 0.652394 0.612139 0.502019 0.562692 0.508968 0.551102 0.498027 0.612629 0.612389 0.847636 0.611796 0.845992 0.617425 0.845185 0.674862 0.657038 0.66701 0.657267 0.665654 0.655849 0.536913 0.496454 0.45728 0.502842 0.45796 0.505588 0.565151 0.56315 0.55737 0.625678 0.555064 0.624413 0.438472 0.693875 0.489681 0.673236 0.509133 0.666483 0.55039 0.621968 0.558232 0.571443 0.552736 0.623173 0.410934 0.474073 0.39819 0.474061 0.410779 0.460795 0.635288 0.806686 0.636243 0.806316 0.6377 0.810359 0.615324 0.494431 0.613077 0.498006 0.613253 0.496414 0.524509 0.745413 0.48008 0.759761 0.47788 0.753529 0.668706 0.934791 0.66711 0.93694 0.664549 0.935234 0.680012 0.984679 0.686531 0.980513 0.683227 0.983795 0.411271 0.822655 0.366591 0.82026 0.412089 0.804962 0.644793 0.634581 0.645189 0.626736 0.647324 0.639792 0.528064 0.868704 0.53229 0.869142 0.526971 0.889431 0.588193 0.717452 0.591955 0.713343 0.59208 0.714531 0.437593 0.429428 0.437615 0.433678 0.458613 0.433416 0.528323 0.951226 0.528178 0.946829 0.534369 0.949149 0.654773 0.652601 0.653586 0.654044 0.650405 0.65131 0.414631 0.73662 0.4143 0.770293 0.414181 0.753324 0.484297 0.803832 0.557316 0.785387 0.548913 0.792623 0.61128 0.500174 0.609448 0.500324 0.613253 0.496414 0.39819 0.474061 0.377021 0.47397 0.377113 0.460674 0.666364 0.582289 0.662664 0.580954 0.6661 0.581049 0.566841 0.495463 0.574304 0.503181 0.570191 0.500631 0.583479 0.827822 0.582117 0.826867 0.581779 0.82265 0.635499 0.746232 0.636353 0.746621 0.633723 0.751591 0.603969 0.45528 0.605955 0.457484 0.602652 0.456426 0.645721 0.568571 0.644646 0.566368 0.644828 0.565147 0.376918 0.487313 0.41081 0.487396 0.41103 0.500782 0.375202 0.527761 0.374841 0.54144 0.375174 0.514189 0.645626 0.484949 0.649134 0.489558 0.64984 0.49308 0.55784 0.779748 0.55746 0.783979 0.539331 0.783824 0.579024 0.507339 0.577966 0.508729 0.573898 0.504879 0.377113 0.460674 0.377194 0.447402 0.410964 0.447541 0.39819 0.474061 0.377113 0.460674 0.410779 0.460795 0.472435 0.617479 0.468627 0.618215 0.472903 0.613449 0.461034 0.731624 0.538365 0.7091 0.52252 0.717925 0.649582 0.457853 0.651197 0.458651 0.648662 0.461442 0.486335 0.614582 0.496072 0.534669 0.497952 0.552695 0.600553 0.372175 0.60568 0.374635 0.602808 0.373892 0.558369 0.768432 0.558281 0.772681 0.539869 0.772703 0.519441 0.948709 0.520531 0.94472 0.523285 0.949655 0.646256 0.62299 0.649308 0.617364 0.649577 0.621067 0.411579 0.367659 0.412451 0.367669 0.411285 0.38109 0.615276 0.790519 0.604544 0.790336 0.609254 0.789233 0.56868 0.970913 0.563286 0.971762 0.591405 0.897789 0.589756 0.83852 0.58691 0.835411 0.587315 0.835071 0.622416 0.763287 0.620794 0.762122 0.625834 0.75959 0.563959 0.412138 0.564518 0.41103 0.567011 0.416895 0.510336 0.947206 0.507709 0.946963 0.514027 0.943539 0.667336 0.606175 0.666708 0.604623 0.672252 0.606117 0.623602 0.710232 0.627652 0.714166 0.622304 0.711324 0.371098 0.703231 0.370236 0.719225 0.371463 0.687462 0.469722 0.449708 0.439703 0.450534 0.460044 0.455397 0.377113 0.460674 0.375643 0.460665 0.375726 0.447394 0.377021 0.47397 0.375729 0.47396 0.375643 0.460665 0.693426 0.56167 0.695097 0.562916 0.694257 0.565542 0.478736 0.772351 0.478297 0.76975 0.483098 0.773968 0.69518 0.974149 0.692208 0.97627 0.694649 0.971487 0.377021 0.47397 0.376918 0.487313 0.375438 0.4873 0.589788 0.751038 0.625183 0.749489 0.616537 0.759805 0.477162 0.764598 0.525773 0.749348 0.535591 0.751108 0.411827 0.242079 0.375235 0.242908 0.411808 0.227469 0.519561 0.443208 0.519024 0.439292 0.515228 0.441978 0.377113 0.460674 0.375726 0.447394 0.377194 0.447402 0.627108 0.839511 0.622234 0.842246 0.626982 0.838323 0.502019 0.562692 0.507237 0.532776 0.508968 0.551102 0.455639 0.949241 0.474419 0.871088 0.458241 0.94927 0.678716 0.657952 0.678632 0.656051 0.681254 0.656907 0.396258 0.01047092 0.396512 0.01045292 0.397385 0.02661699 0.588864 0.451775 0.593147 0.451783 0.593109 0.452448 0.455756 0.620059 0.465492 0.540275 0.458344 0.619791 0.596033 0.901048 0.599556 0.903415 0.592947 0.905912 0.117074 0.649422 0.08996999 0.638266 0.06549698 0.62222 0.581707 0.817194 0.580523 0.817189 0.581601 0.811721 0.693656 0.949965 0.694763 0.952535 0.693347 0.954808 0.630174 0.755969 0.629974 0.754745 0.633723 0.751591 0.554864 0.74185 0.555935 0.745958 0.535591 0.751108 0.689307 0.571042 0.685993 0.574791 0.689038 0.567339 0.462513 0.733798 0.52252 0.717925 0.463968 0.735996 0.695082 0.549136 0.695661 0.551876 0.693823 0.553825 0.574902 0.547907 0.578603 0.549991 0.577016 0.557796 0.245225 0.726322 0.305006 0.758194 0.323102 0.816661 0.375438 0.4873 0.375726 0.447394 0.375643 0.460665 0.581088 0.425556 0.579533 0.425885 0.575608 0.424234 0.375217 0.612071 0.375498 0.597606 0.412362 0.612192 0.44586 0.709072 0.521166 0.683157 0.522588 0.685604 0.458519 0.487604 0.532939 0.484074 0.527527 0.480655 0.615456 0.409635 0.616392 0.410048 0.614564 0.413936 0.411976 0.299092 0.376652 0.299332 0.412179 0.285037 0.612132 0.708311 0.601516 0.70941 0.6046 0.707823 0.561803 0.401253 0.561462 0.3958 0.562424 0.396546 0.292681 0.738707 0.305006 0.758194 0.245225 0.726322 0.643472 0.470862 0.646662 0.467174 0.644775 0.473294 0.39819 0.474061 0.410934 0.474073 0.41081 0.487396 0.688295 0.460677 0.69144 0.464215 0.690307 0.463456 0.695501 0.968894 0.692311 0.972583 0.694198 0.966463 0.690311 0.978315 0.686531 0.980513 0.689797 0.976912 0.374307 0.25723 0.375685 0.257189 0.374509 0.271389 0.65509 0.45555 0.658611 0.453905 0.655746 0.455962 0.411968 0.514241 0.412358 0.527796 0.41096 0.514249 0.539869 0.772703 0.52899 0.780725 0.479655 0.789442 0.603787 0.762335 0.614518 0.762518 0.609808 0.763621 0.654291 0.535288 0.654959 0.532794 0.657362 0.5315 0.508148 0.897527 0.498485 0.946684 0.494531 0.946783 0.581707 0.817194 0.582772 0.823809 0.581779 0.82265 0.582311 0.725487 0.583659 0.722929 0.585275 0.722918 0.202265 0.362901 0.113602 0.408236 0.108241 0.374945 0.67941 0.60796 0.682734 0.609477 0.67933 0.608518 0.592033 0.426818 0.586468 0.427066 0.587219 0.426137 0.598269 0.790732 0.603632 0.788848 0.601076 0.790353 0.61506 0.468483 0.617688 0.472617 0.6160001 0.472472 0.543365 0.902674 0.551517 0.873763 0.550962 0.896033 0.663483 0.986383 0.668128 0.987539 0.664605 0.987157 0.514482 0.427481 0.467649 0.429186 0.518546 0.4314 0.41545 0.604876 0.415846 0.634331 0.41328 0.612179 0.677894 0.452871 0.678811 0.454225 0.674368 0.4526 0.644793 0.634581 0.642955 0.63653 0.642662 0.632357 0.519167 0.89767 0.528064 0.868704 0.526971 0.889431 0.372021 0.719299 0.397975 0.703877 0.413126 0.720166 0.680278 0.609498 0.683367 0.610985 0.686891 0.61396 0.377021 0.47397 0.39819 0.474061 0.376918 0.487313 0.64699 0.570665 0.645721 0.568571 0.647217 0.569233 0.569506 0.418343 0.568641 0.416361 0.573622 0.42203 0.617503 0.489252 0.615706 0.491554 0.617073 0.487707 0.654922 0.967298 0.646362 0.963608 0.654646 0.944021 0.411968 0.514241 0.41096 0.514249 0.41103 0.500782 0.412358 0.527796 0.411235 0.527807 0.41096 0.514249 0.410861 0.434296 0.412109 0.434302 0.410964 0.447541 0.412516 0.54147 0.412423 0.555286 0.41155 0.555297 0.375235 0.242908 0.375685 0.257189 0.373648 0.242963 0.412358 0.527796 0.412516 0.54147 0.411221 0.541486 0.576443 0.887073 0.579932 0.889498 0.570813 0.905177 0.397975 0.703877 0.413298 0.703988 0.413126 0.720166 0.658952 0.500646 0.64984 0.49308 0.670255 0.501693 0.44858 0.713511 0.44586 0.709072 0.522588 0.685604 0.653983 0.573427 0.653691 0.558516 0.689038 0.567339 0.691293 0.545019 0.690879 0.540332 0.693088 0.543904 0.653691 0.558516 0.646024 0.553217 0.65799 0.535637 0.471774 0.749744 0.470002 0.746207 0.47398 0.745139 0.663753 0.531368 0.663904 0.529415 0.669427 0.528963 0.563871 0.38796 0.566325 0.3831 0.566208 0.384622 0.447535 0.386845 0.445605 0.392173 0.455496 0.387139 0.652623 0.613615 0.656531 0.610726 0.649577 0.621067 0.482042 0.767444 0.478035 0.768458 0.477162 0.764598 0.498391 0.869627 0.504027 0.869127 0.496636 0.877388 0.635288 0.806686 0.6377 0.810359 0.636746 0.814778 0.693293 0.487069 0.691134 0.491428 0.684327 0.495736 0.672515 0.607357 0.680278 0.609498 0.667389 0.609475 0.677642 0.530437 0.681505 0.532081 0.680354 0.533852 0.636746 0.814778 0.632588 0.80268 0.635288 0.806686 0.563155 0.878945 0.566871 0.881008 0.561416 0.8992 0.57417 0.454314 0.575475 0.456076 0.57274 0.45714 0.604544 0.790336 0.615276 0.790519 0.602525 0.793049 0.471774 0.749744 0.531291 0.737942 0.47788 0.753529 0.574304 0.503181 0.584101 0.507417 0.57677 0.505621 0.411579 0.367659 0.377301 0.367549 0.377241 0.354076 0.642662 0.632357 0.645189 0.626736 0.644793 0.634581 0.476254 0.832231 0.554775 0.817797 0.554826 0.820624 0.590064 0.757134 0.586722 0.755986 0.588494 0.754696 0.373085 0.641552 0.372456 0.656622 0.373262 0.626692 0.537843 0.500245 0.536913 0.496454 0.45796 0.505588 0.458046 0.348755 0.537726 0.353155 0.458465 0.344536 0.56063 0.877658 0.553451 0.907108 0.550962 0.896033 0.376363 0.54146 0.411221 0.541486 0.41155 0.555297 0.467649 0.429186 0.437593 0.429428 0.458613 0.433416 0.64568 0.952688 0.644672 0.951745 0.646344 0.948363 0.376524 0.527777 0.411235 0.527807 0.376363 0.54146 0.413099 0.1598089 0.414125 0.1902289 0.411052 0.167586 0.376671 0.514204 0.376805 0.50072 0.41103 0.500782 0.411235 0.527807 0.376671 0.514204 0.41096 0.514249 0.411285 0.38109 0.412285 0.3811 0.411315 0.394459 0.663626 0.606704 0.667336 0.606175 0.670019 0.606601 0.354816 0.946028 0.357042 0.927749 0.402145 0.951575 0.373908 0.597574 0.375498 0.597606 0.373606 0.612037 0.656531 0.610726 0.667389 0.609475 0.649577 0.621067 0.693656 0.949965 0.693347 0.954808 0.689133 0.946677 0.564011 0.491509 0.561662 0.487773 0.56287 0.485419 0.56493 0.477574 0.594625 0.455919 0.591061 0.501504 0.680278 0.609498 0.675951 0.607452 0.67933 0.608518 0.612737 0.384051 0.616708 0.394095 0.601926 0.376824 0.632588 0.80268 0.625184 0.794812 0.630569 0.798158 0.502019 0.562692 0.491509 0.61361 0.497952 0.552695 0.489267 0.947086 0.505247 0.887131 0.491897 0.946915 0.612908 0.70678 0.618819 0.709166 0.612132 0.708311 0.602486 0.562302 0.584841 0.640244 0.59989 0.561177 0.409818 0.877083 0.408501 0.895552 0.408663 0.877006 0.644793 0.634581 0.647324 0.639792 0.647323 0.643387 0.412516 0.54147 0.414838 0.57628 0.412423 0.555286 0.593228 0.793264 0.596044 0.792633 0.594623 0.794264 0.376671 0.514204 0.375174 0.514189 0.375317 0.500707 0.376524 0.527777 0.375202 0.527761 0.375174 0.514189 0.412138 0.500776 0.412358 0.527796 0.411968 0.514241 0.695873 0.475617 0.696007 0.479367 0.694979 0.473048 0.562252 0.971003 0.560178 0.969478 0.560911 0.962926 0.376524 0.527777 0.376363 0.54146 0.374841 0.54144 0.694815 0.630102 0.694071 0.638874 0.692591 0.635189 0.445265 0.948481 0.44269 0.948116 0.458934 0.869989 0.675914 0.60674 0.675951 0.607452 0.672252 0.606117 0.587544 0.452695 0.593109 0.452448 0.592358 0.453377 0.376671 0.514204 0.375317 0.500707 0.376805 0.50072 0.594623 0.794264 0.596044 0.792633 0.601076 0.790353 0.664636 0.987721 0.661079 0.986886 0.664605 0.987157 0.626621 0.794075 0.625184 0.794812 0.624373 0.792293 0.06549698 0.62222 0.06190598 0.569252 0.128933 0.646531 0.397385 0.02661699 0.39858 0.02648293 0.399528 0.042566 0.588494 0.754696 0.586722 0.755986 0.585409 0.75166 0.6955 0.626713 0.694788 0.626661 0.694348 0.62319 0.06549698 0.62222 0.02845597 0.557597 0.06190598 0.569252 0.06549698 0.62222 0.04472595 0.60154 0.02845597 0.557597 0.56493 0.477574 0.591061 0.501504 0.577651 0.502689 0.584952 0.423595 0.565009 0.404029 0.588517 0.37801 0.64568 0.952688 0.646344 0.948363 0.647839 0.948329 0.472025 0.403441 0.523127 0.402895 0.523929 0.400385 0.639186 0.824802 0.637017 0.824478 0.6382 0.821791 0.576925 0.423088 0.568641 0.416361 0.584952 0.423595 0.561416 0.8992 0.546104 0.959818 0.542687 0.953208 0.577704 0.454221 0.581616 0.454499 0.575475 0.456076 0.532618 0.375956 0.452714 0.37216 0.45735 0.376484 0.374841 0.54144 0.375317 0.500707 0.375174 0.514189 0.482893 0.870864 0.487124 0.870594 0.485877 0.876447 0.649308 0.617364 0.650133 0.61377 0.652623 0.613615 0.643793 0.465608 0.646765 0.463487 0.644324 0.46827 0.689797 0.976912 0.692208 0.97627 0.690311 0.978315 0.615706 0.491554 0.615995 0.493192 0.613253 0.496414 0.688146 0.64988 0.684324 0.653118 0.680625 0.652769 0.647498 0.542377 0.65047 0.538526 0.65799 0.535637 0.544386 0.556327 0.538304 0.616707 0.533954 0.610987 0.447502 0.892917 0.451246 0.872696 0.454753 0.869304 0.566398 0.974031 0.563286 0.971762 0.56868 0.970913 0.410779 0.460795 0.377113 0.460674 0.410964 0.447541 0.620412 0.790581 0.620071 0.791313 0.614839 0.789408 0.557063 0.751506 0.557832 0.757118 0.537442 0.762055 0.278551 0.943149 0.241798 0.970853 0.19098 0.988206 0.64568 0.952688 0.644187 0.960286 0.643833 0.956967 0.595477 0.372097 0.605273 0.376332 0.601926 0.376824 0.582772 0.823809 0.581707 0.817194 0.585318 0.823186 0.412891 0.770272 0.369714 0.768755 0.370568 0.75204 0.518665 0.426129 0.518855 0.4235 0.515003 0.420896 0.530098 0.899022 0.539276 0.870278 0.534142 0.899874 0.55746 0.783979 0.478818 0.801265 0.539331 0.783824 0.412891 0.770272 0.4143 0.770293 0.412349 0.787486 0.592947 0.905912 0.572763 0.978494 0.570616 0.977024 0.595461 0.842622 0.59141 0.838688 0.596758 0.84153 0.695288 0.639011 0.694288 0.64277 0.693767 0.642197 0.526651 0.868612 0.519167 0.89767 0.516373 0.886804 0.414838 0.57628 0.412616 0.569244 0.412423 0.555286 0.494685 0.534947 0.483262 0.60937 0.488285 0.543998 0.445129 0.393508 0.525638 0.395409 0.520928 0.391616 0.564902 0.542576 0.568682 0.544521 0.565151 0.56315 0.629974 0.754745 0.630174 0.755969 0.625834 0.75959 0.69192 0.647151 0.692991 0.648601 0.689617 0.650139 0.375498 0.597606 0.411934 0.583378 0.411978 0.597687 0.688022 0.495352 0.687857 0.497929 0.685755 0.499669 0.445365 0.620488 0.449982 0.540951 0.455631 0.540959 0.568682 0.544521 0.572425 0.546534 0.565151 0.56315 0.6438 0.558304 0.644545 0.549532 0.646024 0.553217 0.01104599 0.849145 0.01097798 0.818381 0.02037495 0.827819 0.481216 0.814531 0.477807 0.810271 0.555939 0.798046 0.610989 0.379346 0.613786 0.382614 0.613213 0.382955 0.552736 0.623173 0.558232 0.571443 0.565151 0.56315 0.613213 0.382955 0.615567 0.388005 0.612737 0.384051 0.412616 0.569244 0.411569 0.569258 0.41155 0.555297 0.413105 0.583359 0.411934 0.583378 0.411569 0.569258 0.648666 0.976301 0.645884 0.972402 0.645182 0.969034 0.413053 0.59767 0.41328 0.612179 0.412362 0.612192 0.644775 0.473294 0.642888 0.473544 0.643472 0.470862 0.413105 0.583359 0.413053 0.59767 0.411978 0.597687 0.562075 0.390261 0.562505 0.391806 0.561462 0.3958 0.479655 0.789442 0.52899 0.780725 0.479478 0.793393 0.523735 0.459799 0.47263 0.460344 0.524591 0.462291 0.579349 0.509309 0.579024 0.507339 0.584381 0.50911 0.635584 0.725032 0.637283 0.730204 0.63629 0.729045 0.365397 0.09403598 0.40325 0.07428199 0.404665 0.09007495 0.649134 0.489558 0.667513 0.490914 0.670255 0.501693 0.458519 0.487604 0.533816 0.48652 0.532939 0.484074 0.652394 0.612139 0.656531 0.610726 0.652623 0.613615 0.693293 0.487069 0.694786 0.479471 0.69514 0.48279 0.644672 0.951745 0.643833 0.956967 0.643422 0.955252 0.673592 0.529344 0.677642 0.530437 0.671605 0.531139 0.537442 0.762055 0.479555 0.780217 0.483098 0.773968 0.644467 0.477179 0.642582 0.476286 0.642888 0.473544 0.51703 0.451047 0.469722 0.449708 0.460044 0.455397 0.376015 0.420882 0.377302 0.420886 0.375788 0.434136 0.558322 0.764183 0.558369 0.768432 0.539869 0.772703 0.592441 0.758779 0.593878 0.758042 0.594689 0.760561 0.48499 0.536955 0.476211 0.616705 0.48222 0.537523 0.150829 0.676875 0.204417 0.680296 0.226267 0.687739 0.514925 0.725601 0.52832 0.727431 0.467439 0.741599 0.635584 0.725032 0.635228 0.722135 0.636946 0.725987 0.601516 0.70941 0.59208 0.714531 0.596828 0.710608 0.520827 0.449672 0.520261 0.447098 0.51703 0.451047 0.694786 0.479471 0.693293 0.487069 0.692611 0.476149 0.479227 0.776276 0.478736 0.772351 0.483098 0.773968 0.689911 0.615959 0.691399 0.619173 0.686891 0.61396 0.587544 0.452695 0.588864 0.451775 0.593109 0.452448 0.609448 0.500324 0.61337 0.494892 0.613253 0.496414 0.542679 0.614072 0.548121 0.567047 0.555133 0.558282 0.47854 0.803865 0.478818 0.801265 0.484297 0.803832 0.442238 0.460127 0.47263 0.460344 0.460044 0.455397 0.375498 0.597606 0.411978 0.597687 0.412362 0.612192 0.660413 0.608159 0.663626 0.606704 0.663739 0.607923 0.412775 0.657004 0.414217 0.656986 0.413111 0.672417 0.375751 0.58333 0.411934 0.583378 0.375498 0.597606 0.371977 0.199398 0.373402 0.199325 0.372486 0.214042 0.37598 0.569227 0.376185 0.555274 0.41155 0.555297 0.411934 0.583378 0.37598 0.569227 0.411569 0.569258 0.616379 0.404893 0.616708 0.394095 0.618149 0.400269 0.411235 0.527807 0.376524 0.527777 0.376671 0.514204 0.605407 0.425199 0.604103 0.423437 0.606838 0.422373 0.594623 0.794264 0.586994 0.801633 0.589088 0.798109 0.624439 0.75859 0.632069 0.751221 0.629974 0.754745 0.646362 0.963608 0.64568 0.952688 0.654646 0.944021 0.672515 0.607357 0.663739 0.607923 0.670019 0.606601 0.678202 0.580248 0.683189 0.578505 0.67996 0.58035 0.534238 0.48775 0.454425 0.493363 0.455733 0.4974 0.603969 0.45528 0.60852 0.458689 0.605955 0.457484 0.527348 0.469665 0.526408 0.467228 0.521782 0.471123 0.579932 0.889498 0.555961 0.966413 0.570813 0.905177 0.651197 0.458651 0.652442 0.459244 0.648662 0.461442 0.570813 0.905177 0.553814 0.964893 0.551643 0.963396 0.645189 0.626736 0.646256 0.62299 0.649577 0.621067 0.413197 0.242067 0.413299 0.256534 0.411827 0.242079 0.441243 0.565035 0.442653 0.544519 0.44575 0.540749 0.584101 0.507417 0.594708 0.507597 0.590735 0.508609 0.612737 0.384051 0.605273 0.376332 0.609386 0.378882 0.37598 0.569227 0.374428 0.569202 0.374649 0.555252 0.375751 0.58333 0.374375 0.583305 0.374428 0.569202 0.535591 0.751108 0.482042 0.767444 0.477162 0.764598 0.674876 0.580483 0.6661 0.581049 0.671226 0.578931 0.279351 0.416421 0.291093 0.434992 0.267428 0.412175 0.375751 0.58333 0.375498 0.597606 0.373908 0.597574 0.683189 0.578505 0.683455 0.58032 0.67996 0.58035 0.606874 0.375417 0.609386 0.378882 0.605273 0.376332 0.512983 0.561578 0.503859 0.608012 0.508968 0.551102 0.514925 0.725601 0.465389 0.738216 0.463968 0.735996 0.37598 0.569227 0.374649 0.555252 0.376185 0.555274 0.277311 0.721444 0.292681 0.738707 0.245225 0.726322 0.626982 0.838323 0.617546 0.843444 0.623582 0.838127 0.377241 0.354076 0.377301 0.367549 0.375746 0.354085 0.505437 0.869009 0.486646 0.94729 0.484187 0.941761 0.401798 0.970635 0.399403 0.989593 0.40001 0.970474 0.691117 0.646029 0.689617 0.650139 0.688146 0.64988 0.498485 0.946684 0.516373 0.886804 0.504806 0.942761 0.659223 0.936761 0.659459 0.938705 0.655501 0.938565 0.02825695 0.577352 0.01697891 0.550302 0.02845597 0.557597 0.471594 0.871048 0.455639 0.949241 0.468771 0.870943 0.108241 0.374945 0.113602 0.408236 0.03051197 0.449749 0.509672 0.86871 0.515328 0.868444 0.505247 0.887131 0.678811 0.454225 0.680179 0.453748 0.682238 0.455118 0.476344 0.836133 0.476254 0.832231 0.554826 0.820624 0.563286 0.971762 0.58911 0.896134 0.591405 0.897789 0.691293 0.545019 0.691291 0.548614 0.672961 0.532557 0.375438 0.4873 0.376918 0.487313 0.375317 0.500707 0.642966 0.96039 0.644187 0.960286 0.643994 0.966709 0.373908 0.597574 0.374649 0.555252 0.374428 0.569202 0.48222 0.537523 0.472903 0.613449 0.477487 0.544291 0.530098 0.899022 0.534142 0.899874 0.520531 0.94472 0.624439 0.75859 0.623018 0.760221 0.617986 0.762501 0.650737 0.980528 0.649081 0.978723 0.650678 0.979079 0.576594 0.63636 0.593509 0.558127 0.597319 0.559996 0.642722 0.553097 0.643327 0.549395 0.643093 0.555791 0.682851 0.45645 0.690307 0.463456 0.680836 0.457894 0.591405 0.897789 0.594872 0.900239 0.592947 0.905912 0.598991 0.761541 0.594689 0.760561 0.593878 0.758042 0.625184 0.794812 0.628998 0.79572 0.630569 0.798158 0.678716 0.657952 0.674862 0.657038 0.678632 0.656051 0.636353 0.746621 0.635499 0.746232 0.637462 0.741133 0.54376 0.717419 0.514925 0.725601 0.52252 0.717925 0.653983 0.573427 0.689038 0.567339 0.671226 0.578931 0.643533 0.63927 0.642955 0.63653 0.644793 0.634581 0.411807 0.487391 0.413784 0.480716 0.412138 0.500776 0.558143 0.775511 0.55784 0.779748 0.539331 0.783824 0.667336 0.606175 0.672252 0.606117 0.670019 0.606601 0.693823 0.553825 0.695661 0.551876 0.695953 0.556049 0.679637 0.936862 0.68002 0.939111 0.676998 0.93592 0.256066 0.593997 0.267428 0.412175 0.302368 0.46205 0.578915 0.373022 0.58396 0.370486 0.584869 0.371917 0.529839 0.53207 0.532655 0.532367 0.528113 0.56206 0.658137 0.981863 0.654922 0.967298 0.691318 0.969003 0.526525 0.392951 0.527421 0.390517 0.520928 0.391616 0.652442 0.459244 0.658961 0.455078 0.662845 0.455883 0.415846 0.634331 0.413501 0.62689 0.41328 0.612179 0.584869 0.371917 0.595477 0.372097 0.601926 0.376824 0.520261 0.447098 0.519561 0.443208 0.515228 0.441978 0.416265 0.656937 0.416618 0.680227 0.414087 0.672409 0.454425 0.493363 0.533816 0.48652 0.458519 0.487604 0.676128 0.983874 0.663483 0.986383 0.658137 0.981863 0.655881 0.578929 0.655248 0.577421 0.659285 0.579888 0.410718 0.840581 0.365338 0.837824 0.366591 0.82026 0.439435 0.696292 0.438472 0.693875 0.514427 0.669141 0.625184 0.794812 0.615276 0.790519 0.620071 0.791313 0.67933 0.608518 0.683367 0.610985 0.680278 0.609498 0.479555 0.780217 0.479227 0.776276 0.483098 0.773968 0.563198 0.47462 0.568811 0.463128 0.56493 0.477574 0.412451 0.367669 0.414394 0.367691 0.412285 0.3811 0.583563 0.806622 0.585339 0.801263 0.586994 0.801633 0.346792 0.98244 0.344449 0.981891 0.350153 0.964062 0.413501 0.62689 0.412395 0.626906 0.412362 0.612192 0.414009 0.641816 0.412769 0.641834 0.412395 0.626906 0.352791 0.945758 0.357042 0.927749 0.354816 0.946028 0.414217 0.656986 0.414087 0.672409 0.413111 0.672417 0.570517 0.628701 0.584769 0.553465 0.587226 0.56136 0.414009 0.641816 0.414217 0.656986 0.412775 0.657004 0.580523 0.817189 0.581084 0.811607 0.581601 0.811721 0.40325 0.07428199 0.404554 0.07414197 0.404665 0.09007495 0.587553 0.716959 0.588193 0.717452 0.58483 0.720309 0.65799 0.535637 0.663753 0.531368 0.672961 0.532557 0.644467 0.477179 0.647655 0.470754 0.649134 0.489558 0.502019 0.562692 0.498027 0.612629 0.49411 0.613179 0.617895 0.406008 0.615456 0.409635 0.616379 0.404893 0.376652 0.299332 0.376861 0.313157 0.375116 0.299359 0.649308 0.617364 0.652623 0.613615 0.649577 0.621067 0.412113 0.256539 0.413299 0.256534 0.412003 0.270855 0.618129 0.913618 0.590904 0.988689 0.615547 0.912461 0.594708 0.507597 0.604548 0.503763 0.600662 0.506492 0.547497 0.872394 0.550187 0.873278 0.540536 0.892219 0.589788 0.751038 0.59548 0.714727 0.625183 0.749489 0.413103 0.326838 0.414525 0.360944 0.412711 0.340543 0.610766 0.416386 0.606901 0.420208 0.603965 0.419559 0.525569 0.690415 0.527903 0.693962 0.522195 0.695782 0.659984 0.532355 0.663753 0.531368 0.65799 0.535637 0.672018 0.988122 0.671517 0.986957 0.674113 0.987209 0.560872 0.401368 0.561803 0.401253 0.561889 0.406897 0.529714 0.47566 0.450035 0.481408 0.451053 0.484049 0.680625 0.652769 0.674862 0.657038 0.665654 0.655849 0.556241 0.795233 0.477807 0.810271 0.548913 0.792623 0.576925 0.423088 0.587219 0.426137 0.581088 0.425556 0.666955 0.451635 0.670845 0.452218 0.667456 0.4528 0.202265 0.362901 0.2481859 0.385452 0.267428 0.412175 0.530098 0.899022 0.520531 0.94472 0.514027 0.943539 0.514925 0.725601 0.544498 0.718629 0.52832 0.727431 0.663483 0.986383 0.660162 0.985532 0.656122 0.983306 0.551557 0.732509 0.553569 0.737804 0.531291 0.737942 0.646256 0.62299 0.644358 0.622864 0.645457 0.620351 0.646695 0.541255 0.644848 0.54621 0.644782 0.544448 0.374137 0.65667 0.412775 0.657004 0.413111 0.672417 0.267428 0.412175 0.06190598 0.569252 0.113602 0.408236 0.564518 0.41103 0.561889 0.406897 0.563578 0.407041 0.374536 0.64159 0.412769 0.641834 0.374137 0.65667 0.609254 0.789233 0.610716 0.788428 0.614839 0.789408 0.374895 0.62673 0.375217 0.612071 0.412362 0.612192 0.412769 0.641834 0.374895 0.62673 0.412395 0.626906 0.525638 0.395409 0.445129 0.393508 0.462712 0.397972 0.475688 0.759533 0.474827 0.75704 0.47788 0.753529 0.570618 0.502162 0.570191 0.500631 0.572703 0.504096 0.561332 0.484923 0.56287 0.485419 0.561662 0.487773 0.412003 0.270855 0.413066 0.270853 0.412179 0.285037 0.556826 0.75011 0.527911 0.758747 0.535591 0.751108 0.662146 0.452658 0.661225 0.451259 0.666955 0.451635 0.610716 0.788428 0.615002 0.788762 0.614839 0.789408 0.357128 0.03261792 0.381959 0.01212489 0.397385 0.02661699 0.549845 0.728619 0.551557 0.732509 0.531291 0.737942 0.646662 0.467174 0.649176 0.462845 0.647655 0.470754 0.365259 0.109465 0.365397 0.09403598 0.366945 0.109301 0.577704 0.454221 0.580465 0.453364 0.581616 0.454499 0.464785 0.618881 0.459635 0.619629 0.468297 0.539931 0.658961 0.455078 0.667456 0.4528 0.662845 0.455883 0.606674 0.705218 0.607267 0.706862 0.601638 0.707669 0.574304 0.503181 0.566841 0.495463 0.577651 0.502689 0.64568 0.952688 0.647839 0.948329 0.654646 0.944021 0.445129 0.393508 0.444201 0.396187 0.462712 0.397972 0.374895 0.62673 0.373262 0.626692 0.373606 0.612037 0.374536 0.64159 0.373085 0.641552 0.373262 0.626692 0.631747 0.717783 0.633832 0.721346 0.630539 0.717935 0.566208 0.384622 0.562424 0.396546 0.562505 0.391806 0.610766 0.416386 0.616379 0.404893 0.615456 0.409635 0.374536 0.64159 0.374137 0.65667 0.372456 0.656622 0.688482 0.574636 0.689307 0.571042 0.691813 0.570428 0.647555 0.945848 0.650951 0.944404 0.647839 0.948329 0.64257 0.477671 0.644467 0.477179 0.643099 0.483189 0.585275 0.722918 0.59208 0.714531 0.59548 0.714727 0.374895 0.62673 0.373606 0.612037 0.375217 0.612071 0.491351 0.870264 0.473429 0.94463 0.485877 0.876447 0.55807 0.876442 0.56063 0.877658 0.550962 0.896033 0.518778 0.436668 0.514567 0.435406 0.515228 0.441978 0.448995 0.382856 0.529204 0.385704 0.449959 0.380193 0.688022 0.495352 0.685755 0.499669 0.683016 0.499345 0.04472595 0.60154 0.03170692 0.583821 0.02845597 0.557597 0.637978 0.741247 0.636353 0.746621 0.637462 0.741133 0.592033 0.426818 0.590714 0.427739 0.586468 0.427066 0.01101297 0.521653 0.01093989 0.492339 0.03051197 0.449749 0.616392 0.410048 0.615456 0.409635 0.617895 0.406008 0.442765 0.62042 0.440168 0.620278 0.44575 0.540749 0.594708 0.507597 0.584101 0.507417 0.577651 0.502689 0.472025 0.403441 0.522017 0.406689 0.523127 0.402895 0.477124 0.845202 0.555591 0.830482 0.556195 0.834677 0.696051 0.63039 0.695893 0.635309 0.695522 0.632616 0.553451 0.907108 0.561893 0.878301 0.561416 0.8992 0.658337 0.578908 0.655248 0.577421 0.651724 0.574446 0.412395 0.626906 0.374895 0.62673 0.412362 0.612192 0.372456 0.656622 0.373606 0.612037 0.373262 0.626692 0.584841 0.640244 0.602486 0.562302 0.605108 0.563367 0.645626 0.484949 0.644467 0.477179 0.649134 0.489558 0.693347 0.954808 0.694763 0.952535 0.695874 0.956568 0.411569 0.569258 0.37598 0.569227 0.41155 0.555297 0.617546 0.843444 0.626982 0.838323 0.622234 0.842246 0.591512 0.712846 0.59516 0.710569 0.591955 0.713343 0.680836 0.457894 0.690307 0.463456 0.692611 0.476149 0.655957 0.940412 0.659459 0.938705 0.654646 0.944021 0.658337 0.578908 0.651724 0.574446 0.653983 0.573427 0.410931 0.858766 0.413259 0.868086 0.409818 0.877083 0.376918 0.487313 0.39819 0.474061 0.41081 0.487396 0.566871 0.881008 0.570519 0.883189 0.561416 0.8992 0.645884 0.972402 0.645176 0.972491 0.644264 0.970188 0.261287 0.958523 0.241798 0.970853 0.278551 0.943149 0.670267 0.504966 0.671863 0.502817 0.674424 0.504523 0.535591 0.751108 0.527911 0.758747 0.482042 0.767444 0.459544 0.729475 0.458052 0.727352 0.464613 0.726744 0.654773 0.652601 0.647323 0.643387 0.665654 0.655849 0.554552 0.53796 0.55848 0.539586 0.555133 0.558282 0.694788 0.626661 0.695942 0.62915 0.694815 0.630102 0.258253 0.893895 0.02037495 0.827819 0.245225 0.726322 0.412349 0.787486 0.413985 0.78752 0.412089 0.804962 0.377335 0.407613 0.377302 0.420886 0.375864 0.407611 0.540386 0.956533 0.53804 0.955327 0.542687 0.953208 0.632069 0.751221 0.624439 0.75859 0.616537 0.759805 0.571057 0.420825 0.56916 0.421448 0.567011 0.416895 0.563252 0.491786 0.564011 0.491509 0.566364 0.496558 0.557171 0.786796 0.556709 0.791015 0.548913 0.792623 0.659459 0.938705 0.66711 0.93694 0.668718 0.938064 0.563185 0.469465 0.564121 0.469879 0.561682 0.473506 0.665023 0.659062 0.66701 0.657267 0.669188 0.659444 0.44928 0.714609 0.522195 0.695782 0.450709 0.716781 0.644672 0.951745 0.64568 0.952688 0.643833 0.956967 0.518153 0.948422 0.515561 0.947933 0.514027 0.943539 0.08061099 0.963815 0.07931196 0.949474 0.107872 0.978088 0.683227 0.983795 0.687776 0.981106 0.684972 0.98355 0.650678 0.536038 0.654291 0.535288 0.65047 0.538526 0.459635 0.619629 0.465492 0.540275 0.468297 0.539931 0.414631 0.73662 0.414181 0.753324 0.413263 0.736612 0.07415997 0.959614 0.05682289 0.944374 0.07931196 0.949474 0.07286697 0.707302 0.09235399 0.694974 0.05560499 0.722674 0.515228 0.441978 0.468005 0.438822 0.459644 0.444477 0.414529 0.688068 0.413041 0.688077 0.413111 0.672417 0.414621 0.703982 0.413298 0.703988 0.413041 0.688077 0.568811 0.463128 0.570502 0.458956 0.572676 0.459305 0.414343 0.720165 0.414631 0.73662 0.413263 0.736612 0.411093 0.421048 0.412186 0.421056 0.410861 0.434296 0.414621 0.703982 0.414343 0.720165 0.413126 0.720166 0.646024 0.553217 0.653691 0.558516 0.653983 0.573427 0.439314 0.413947 0.469344 0.414136 0.459547 0.408653 0.533592 0.553726 0.537595 0.563791 0.527539 0.609388 0.486646 0.94729 0.505247 0.887131 0.489267 0.947086 0.455089 0.723156 0.456777 0.71883 0.530288 0.697474 0.58682 0.89447 0.58911 0.896134 0.583211 0.90121 0.585339 0.801263 0.589088 0.798109 0.586994 0.801633 0.593109 0.452448 0.59849 0.453958 0.592358 0.453377 0.601926 0.376824 0.616708 0.394095 0.614647 0.40194 0.413298 0.703988 0.397975 0.703877 0.413041 0.688077 0.588842 0.370905 0.595196 0.370404 0.595477 0.372097 0.549224 0.727345 0.520265 0.735246 0.52832 0.727431 0.615706 0.491554 0.617503 0.489252 0.615995 0.493192 0.647498 0.542377 0.646695 0.541255 0.648998 0.538267 0.413041 0.688077 0.373195 0.687521 0.413111 0.672417 0.374841 0.54144 0.376363 0.54146 0.374649 0.555252 0.618245 0.39459 0.616708 0.394095 0.617916 0.39174 0.609254 0.789233 0.614839 0.789408 0.615276 0.790519 0.616326 0.387727 0.615567 0.388005 0.613213 0.382955 0.357264 0.909371 0.355026 0.927515 0.358827 0.891259 0.585035 0.985872 0.610483 0.909941 0.614273 0.911848 0.58282 0.746538 0.583774 0.746168 0.584614 0.750458 0.694649 0.971487 0.692311 0.972583 0.695501 0.968894 0.686531 0.980513 0.687776 0.981106 0.683227 0.983795 0.636243 0.806316 0.635288 0.806686 0.634449 0.802396 0.397975 0.703877 0.372639 0.70329 0.373195 0.687521 0.520265 0.735246 0.47398 0.745139 0.52832 0.727431 0.413344 0.285038 0.41302 0.299098 0.412179 0.285037 0.672252 0.606117 0.672515 0.607357 0.670019 0.606601 0.695873 0.475617 0.697632 0.4773 0.696007 0.479367 0.658961 0.455078 0.658611 0.453905 0.66486 0.452548 0.455089 0.723156 0.526716 0.705604 0.464613 0.726744 0.372021 0.719299 0.413126 0.720166 0.413263 0.736612 0.643234 0.626845 0.645189 0.626736 0.642662 0.632357 0.469344 0.414136 0.519926 0.415669 0.516611 0.41179 0.591061 0.501504 0.614568 0.475484 0.611128 0.493534 0.65711 0.656326 0.654773 0.652601 0.658262 0.654554 0.373195 0.687521 0.373696 0.671982 0.413111 0.672417 0.397975 0.703877 0.373195 0.687521 0.413041 0.688077 0.593147 0.451783 0.597337 0.452751 0.593109 0.452448 0.666084 0.50469 0.661975 0.503837 0.662755 0.501875 0.375685 0.257189 0.398378 0.256703 0.376069 0.271349 0.671226 0.578931 0.658337 0.578908 0.653983 0.573427 0.566364 0.496558 0.564011 0.491509 0.566841 0.495463 0.639186 0.824802 0.636752 0.827367 0.637017 0.824478 0.665083 0.644738 0.684924 0.629891 0.680625 0.652769 0.445265 0.948481 0.458934 0.869989 0.464545 0.870642 0.551897 0.536968 0.548121 0.567047 0.544386 0.556327 0.577016 0.557796 0.565255 0.630158 0.561889 0.62165 0.610071 0.46117 0.612567 0.462619 0.610936 0.463153 0.641459 0.963795 0.6431 0.96414 0.643913 0.968994 0.632069 0.751221 0.63632 0.741556 0.635499 0.746232 0.503759 0.946746 0.498485 0.946684 0.504806 0.942761 0.451864 0.620339 0.447966 0.620484 0.455631 0.540959 0.563871 0.38796 0.562075 0.390261 0.563582 0.386322 0.413126 0.720166 0.414343 0.720165 0.413263 0.736612 0.476078 0.760793 0.48008 0.759761 0.477162 0.764598 0.673532 0.543668 0.65799 0.535637 0.672961 0.532557 0.373195 0.687521 0.371463 0.687462 0.371989 0.67193 0.372639 0.70329 0.371098 0.703231 0.371463 0.687462 0.647736 0.648074 0.647323 0.643387 0.650405 0.65131 0.686531 0.980513 0.680012 0.984679 0.676128 0.983874 0.483773 0.615104 0.481234 0.615638 0.483262 0.60937 0.372639 0.70329 0.372021 0.719299 0.370236 0.719225 0.602652 0.456426 0.610936 0.463153 0.594625 0.455919 0.64579 0.566114 0.643827 0.561745 0.6438 0.558304 0.47263 0.460344 0.44267 0.461478 0.463434 0.466009 0.674368 0.4526 0.670845 0.452218 0.674337 0.452036 0.373195 0.687521 0.371989 0.67193 0.373696 0.671982 0.666364 0.582289 0.6661 0.581049 0.668596 0.581806 0.412154 0.394467 0.412032 0.407782 0.411315 0.394459 0.644545 0.549532 0.6438 0.558304 0.643093 0.555791 0.511457 0.532282 0.517105 0.531854 0.508968 0.551102 0.539276 0.870278 0.54204 0.870893 0.534142 0.899874 0.650951 0.944404 0.651116 0.941828 0.653218 0.940087 0.682238 0.455118 0.684321 0.456322 0.682851 0.45645 0.367737 0.80288 0.368772 0.785704 0.412089 0.804962 0.01639598 0.463581 0.02755188 0.436469 0.03051197 0.449749 0.368082 0.768667 0.369714 0.768755 0.366884 0.785591 0.695288 0.639011 0.694071 0.638874 0.695522 0.632616 0.675951 0.607452 0.680278 0.609498 0.672515 0.607357 0.630569 0.798158 0.632341 0.796868 0.633654 0.801194 0.673532 0.543668 0.691291 0.548614 0.689038 0.567339 0.519703 0.608165 0.517763 0.612113 0.513107 0.607733 0.537036 0.35831 0.537417 0.355737 0.457229 0.35435 0.649176 0.462845 0.652442 0.459244 0.647655 0.470754 0.445948 0.470841 0.526408 0.467228 0.463434 0.466009 0.370236 0.719225 0.371989 0.67193 0.371463 0.687462 0.413985 0.78752 0.414913 0.831792 0.413194 0.804995 0.411934 0.583378 0.375751 0.58333 0.37598 0.569227 0.411638 0.182767 0.412395 0.197798 0.410511 0.182805 0.486335 0.614582 0.497952 0.552695 0.488915 0.614081 0.667513 0.490914 0.684051 0.472459 0.684327 0.495736 0.528178 0.946829 0.543365 0.902674 0.534369 0.949149 0.590904 0.988689 0.588532 0.987613 0.615547 0.912461 0.581707 0.817194 0.582743 0.811298 0.585318 0.823186 0.683367 0.610985 0.684803 0.610786 0.686551 0.612533 0.610118 0.707521 0.6046 0.707823 0.607267 0.706862 0.680362 0.985852 0.676827 0.987099 0.674113 0.987209 0.691399 0.619173 0.692895 0.619835 0.693787 0.623259 0.520261 0.447098 0.469722 0.449708 0.51703 0.451047 0.55848 0.539586 0.562353 0.541337 0.555133 0.558282 0.582317 0.738077 0.582348 0.732639 0.584884 0.731023 0.440126 0.947678 0.447502 0.892917 0.454753 0.869304 0.59548 0.714727 0.589788 0.751038 0.584884 0.731023 0.368772 0.785704 0.412891 0.770272 0.412349 0.787486 0.07931196 0.949474 0.258253 0.893895 0.152545 0.989022 0.593878 0.758042 0.590064 0.757134 0.588494 0.754696 0.533592 0.553726 0.527539 0.609388 0.523001 0.612753 0.696007 0.479367 0.694786 0.479471 0.694979 0.473048 0.539331 0.783824 0.478818 0.801265 0.479072 0.798649 0.689133 0.946677 0.689839 0.950199 0.668718 0.938064 0.579835 0.550688 0.5823 0.552081 0.577016 0.557796 0.687806 0.942165 0.689133 0.946677 0.684555 0.939519 0.681505 0.532081 0.683842 0.535805 0.680354 0.533852 0.57013 0.379189 0.566208 0.384622 0.566325 0.3831 0.579877 0.728052 0.582045 0.728376 0.580862 0.731062 0.609263 0.457107 0.60852 0.458689 0.603969 0.45528 0.514567 0.435406 0.518698 0.435352 0.518546 0.4314 0.566841 0.495463 0.56287 0.485419 0.577651 0.502689 0.524509 0.745413 0.525773 0.749348 0.48008 0.759761 0.617546 0.843444 0.60693 0.844543 0.623582 0.838127 0.530516 0.382081 0.531796 0.378421 0.526462 0.38196 0.413194 0.804995 0.4126 0.822705 0.412089 0.804962 0.604224 0.763446 0.598991 0.761541 0.603787 0.762335 0.606155 0.846074 0.600244 0.843688 0.60693 0.844543 0.5308 0.952135 0.528323 0.951226 0.534369 0.949149 0.555415 0.82908 0.47681 0.84262 0.555143 0.826267 0.695288 0.639011 0.693767 0.642197 0.694071 0.638874 0.674368 0.4526 0.678811 0.454225 0.67549 0.453374 0.414181 0.753324 0.412925 0.753311 0.413263 0.736612 0.4143 0.770293 0.412891 0.770272 0.412925 0.753311 0.612132 0.708311 0.622304 0.711324 0.623421 0.714467 0.413985 0.78752 0.413194 0.804995 0.412089 0.804962 0.584869 0.371917 0.588517 0.37801 0.568449 0.38598 0.4143 0.770293 0.413985 0.78752 0.412349 0.787486 0.584952 0.423595 0.614647 0.40194 0.603965 0.419559 0.667389 0.609475 0.680278 0.609498 0.684632 0.61498 0.479478 0.793393 0.52899 0.780725 0.479296 0.796023 0.626982 0.838323 0.633788 0.829936 0.630869 0.835402 0.644775 0.473294 0.646662 0.467174 0.647655 0.470754 0.689307 0.571042 0.688482 0.574636 0.685993 0.574791 0.520265 0.735246 0.471774 0.749744 0.47398 0.745139 0.375649 0.340533 0.377026 0.326882 0.377154 0.340521 0.667456 0.4528 0.658961 0.455078 0.66486 0.452548 0.437823 0.437924 0.468005 0.438822 0.458613 0.433416 0.472866 0.752144 0.471774 0.749744 0.47788 0.753529 0.654419 0.500238 0.64984 0.49308 0.658952 0.500646 0.522768 0.531738 0.528427 0.531968 0.519797 0.552503 0.02037495 0.827819 0.014467 0.795567 0.02190697 0.773719 0.59516 0.710569 0.596828 0.710608 0.591955 0.713343 0.561908 0.628242 0.559651 0.626958 0.561889 0.62165 0.531901 0.6998 0.534333 0.70328 0.526716 0.705604 0.472025 0.403441 0.459547 0.408653 0.522017 0.406689 0.615618 0.467375 0.61506 0.468483 0.612567 0.462619 0.47738 0.814096 0.477807 0.810271 0.481216 0.814531 0.693158 0.568055 0.689307 0.571042 0.692359 0.565417 0.688236 0.459229 0.689892 0.461033 0.688295 0.460677 0.603787 0.762335 0.593878 0.758042 0.616537 0.759805 0.527911 0.758747 0.557063 0.751506 0.537442 0.762055 0.508148 0.897527 0.516744 0.868402 0.516373 0.886804 0.361995 0.07893699 0.363688 0.07873696 0.363707 0.094217 0.535486 0.365956 0.536327 0.362146 0.456429 0.358515 0.674862 0.657038 0.669188 0.659444 0.66701 0.657267 0.617774 0.478261 0.618115 0.483713 0.617153 0.482967 0.590714 0.427739 0.58643 0.427731 0.586468 0.427066 0.580785 0.738236 0.582317 0.738077 0.581363 0.742495 0.362472 0.873442 0.363969 0.855556 0.408663 0.877006 0.368772 0.785704 0.412349 0.787486 0.412089 0.804962 0.472025 0.403441 0.441644 0.4043 0.459547 0.408653 0.616708 0.394095 0.618762 0.397434 0.618149 0.400269 0.369714 0.768755 0.412891 0.770272 0.368772 0.785704 0.476345 0.948244 0.472505 0.948581 0.473429 0.94463 0.370568 0.75204 0.371337 0.735553 0.413263 0.736612 0.412891 0.770272 0.370568 0.75204 0.412925 0.753311 0.519489 0.418268 0.519926 0.415669 0.515003 0.420896 0.648704 0.572447 0.647217 0.569233 0.651724 0.574446 0.516744 0.868402 0.519576 0.868374 0.516373 0.886804 0.601076 0.790353 0.60503 0.788558 0.604544 0.790336 0.539869 0.772703 0.479655 0.789442 0.483698 0.7832 0.637356 0.73566 0.63632 0.741556 0.633745 0.729668 0.583774 0.746168 0.581363 0.742495 0.582317 0.738077 0.600632 0.844867 0.600244 0.843688 0.606155 0.846074 0.59548 0.714727 0.623421 0.714467 0.625183 0.749489 0.615567 0.388005 0.616326 0.387727 0.617916 0.39174 0.588517 0.37801 0.584869 0.371917 0.601926 0.376824 0.662845 0.455883 0.67549 0.453374 0.680836 0.457894 0.602808 0.373892 0.606874 0.375417 0.605273 0.376332 0.675951 0.607452 0.675914 0.60674 0.67941 0.60796 0.670845 0.452218 0.670668 0.451527 0.674337 0.452036 0.588842 0.370905 0.589567 0.369897 0.595196 0.370404 0.691291 0.548614 0.673532 0.543668 0.672961 0.532557 0.617425 0.845185 0.611796 0.845992 0.614462 0.845031 0.02037495 0.827819 0.258253 0.893895 0.07931196 0.949474 0.370568 0.75204 0.368731 0.75195 0.369525 0.735473 0.369714 0.768755 0.368082 0.768667 0.368731 0.75195 0.443933 0.705676 0.519798 0.68068 0.521166 0.683157 0.537885 0.870015 0.530098 0.899022 0.526971 0.889431 0.478249 0.806443 0.47854 0.803865 0.484297 0.803832 0.369714 0.768755 0.368772 0.785704 0.366884 0.785591 0.375997 0.367555 0.377301 0.367549 0.375856 0.380957 0.58483 0.720309 0.588193 0.717452 0.585275 0.722918 0.592137 0.643033 0.588465 0.641701 0.609091 0.56483 0.64579 0.566114 0.6438 0.558304 0.646024 0.553217 0.370568 0.75204 0.369525 0.735473 0.371337 0.735553 0.56287 0.485419 0.563198 0.47462 0.56493 0.477574 0.6661 0.581049 0.658337 0.578908 0.671226 0.578931 0.637462 0.741133 0.635499 0.746232 0.63632 0.741556 0.652442 0.459244 0.651197 0.458651 0.655746 0.455962 0.614647 0.40194 0.610766 0.416386 0.603965 0.419559 0.650951 0.944404 0.647555 0.945848 0.651116 0.941828 0.459864 0.540775 0.451864 0.620339 0.455631 0.540959 0.64984 0.49308 0.651167 0.497591 0.6483 0.494526 0.04360091 0.411989 0.06428599 0.391213 0.108241 0.374945 0.694788 0.626661 0.693787 0.623259 0.694348 0.62319 0.522017 0.406689 0.459547 0.408653 0.516611 0.41179 0.660413 0.608159 0.655427 0.609901 0.658656 0.608056 0.412572 0.354154 0.412451 0.367669 0.41156 0.354143 0.412138 0.500776 0.411968 0.514241 0.41103 0.500782 0.609808 0.763621 0.604224 0.763446 0.603787 0.762335 0.592358 0.453377 0.581616 0.454499 0.587544 0.452695 0.468005 0.438822 0.437954 0.439335 0.459644 0.444477 0.532618 0.375956 0.45735 0.376484 0.531796 0.378421 0.366884 0.785591 0.369525 0.735473 0.368731 0.75195 0.623582 0.838127 0.629275 0.801816 0.634178 0.821831 0.676827 0.987099 0.677748 0.988498 0.672018 0.988122 0.476345 0.948244 0.496636 0.877388 0.484187 0.941761 0.614839 0.789408 0.620071 0.791313 0.615276 0.790519 0.625183 0.749489 0.632069 0.751221 0.616537 0.759805 0.659336 0.502895 0.658952 0.500646 0.661975 0.503837 0.634233 0.832545 0.630869 0.835402 0.633788 0.829936 0.63854 0.735665 0.637978 0.741247 0.637462 0.741133 0.680836 0.457894 0.647655 0.470754 0.662845 0.455883 0.630539 0.717935 0.622304 0.711324 0.627652 0.714166 0.45303 0.489354 0.454425 0.493363 0.458519 0.487604 0.47681 0.84262 0.476568 0.840029 0.555143 0.826267 0.518546 0.4314 0.467649 0.429186 0.458613 0.433416 0.581616 0.454499 0.572676 0.459305 0.575475 0.456076 0.409491 0.136855 0.411725 0.13672 0.41033 0.152279 0.689391 0.981904 0.687776 0.981106 0.690311 0.978315 0.411797 0.447544 0.412029 0.460798 0.410964 0.447541 0.476211 0.616705 0.48499 0.536955 0.488285 0.543998 0.582317 0.738077 0.580563 0.733929 0.582348 0.732639 0.40333 0.951695 0.401798 0.970635 0.402145 0.951575 0.549649 0.803405 0.476874 0.819239 0.481216 0.814531 0.414181 0.753324 0.4143 0.770293 0.412925 0.753311 0.531901 0.6998 0.455089 0.723156 0.530288 0.697474 0.60852 0.458689 0.610417 0.458065 0.612567 0.462619 0.414087 0.672409 0.414529 0.688068 0.413111 0.672417 0.411221 0.541486 0.412516 0.54147 0.41155 0.555297 0.414913 0.831792 0.4126 0.822705 0.413194 0.804995 0.695082 0.549136 0.693823 0.553825 0.691293 0.545019 0.691625 0.617741 0.691399 0.619173 0.689911 0.615959 0.684051 0.472459 0.692611 0.476149 0.684327 0.495736 0.555087 0.807908 0.476662 0.82183 0.549649 0.803405 0.57013 0.379189 0.57503 0.37575 0.568449 0.38598 0.529204 0.385704 0.526462 0.38196 0.449959 0.380193 0.363969 0.855556 0.410718 0.840581 0.409572 0.858691 0.672252 0.606117 0.675951 0.607452 0.672515 0.607357 0.605407 0.425199 0.601873 0.425293 0.604103 0.423437 0.694506 0.962578 0.691318 0.969003 0.689839 0.950199 0.458934 0.869989 0.44269 0.948116 0.454753 0.869304 0.658137 0.981863 0.648666 0.976301 0.646362 0.963608 0.633723 0.751591 0.629974 0.754745 0.632069 0.751221 0.374844 0.285429 0.376069 0.271349 0.376393 0.285397 0.647839 0.948329 0.650951 0.944404 0.654646 0.944021 0.4126 0.822705 0.411271 0.822655 0.412089 0.804962 0.412204 0.840649 0.410718 0.840581 0.411271 0.822655 0.463434 0.466009 0.526408 0.467228 0.525485 0.464768 0.410931 0.858766 0.409818 0.877083 0.408663 0.877006 0.05682289 0.944374 0.04145389 0.927107 0.07931196 0.949474 0.412204 0.840649 0.410931 0.858766 0.409572 0.858691 0.51852 0.531784 0.522768 0.531738 0.519797 0.552503 0.376805 0.50072 0.376918 0.487313 0.41103 0.500782 0.37311 0.228563 0.374099 0.2139689 0.374711 0.2284989 0.611128 0.493534 0.604548 0.503763 0.594708 0.507597 0.550962 0.896033 0.553451 0.907108 0.53804 0.955327 0.57677 0.505621 0.572703 0.504096 0.574304 0.503181 0.612567 0.462619 0.61506 0.468483 0.610936 0.463153 0.278551 0.943149 0.258253 0.893895 0.323102 0.816661 0.64699 0.570665 0.647217 0.569233 0.648704 0.572447 0.460044 0.455397 0.47263 0.460344 0.522544 0.456031 0.521782 0.471123 0.446452 0.472165 0.456445 0.476991 0.550962 0.896033 0.53804 0.955327 0.534369 0.949149 0.541021 0.533807 0.537595 0.563791 0.533592 0.553726 0.539331 0.783824 0.479072 0.798649 0.479296 0.796023 0.584869 0.371917 0.57503 0.37575 0.578915 0.373022 0.373606 0.612037 0.375498 0.597606 0.375217 0.612071 0.369525 0.735473 0.372021 0.719299 0.371337 0.735553 0.61459 0.383803 0.616326 0.387727 0.613213 0.382955 0.581616 0.454499 0.594625 0.455919 0.575612 0.459954 0.618825 0.479548 0.618642 0.483759 0.618115 0.483713 0.608 0.908586 0.581599 0.984012 0.605549 0.907172 0.587219 0.426137 0.576925 0.423088 0.584952 0.423595 0.600553 0.372175 0.601612 0.370785 0.60568 0.374635 0.376185 0.555274 0.376363 0.54146 0.41155 0.555297 0.616708 0.394095 0.612737 0.384051 0.615567 0.388005 0.645189 0.626736 0.649577 0.621067 0.647324 0.639792 0.659938 0.45164 0.662146 0.452658 0.658611 0.453905 0.674711 0.658991 0.674862 0.657038 0.678716 0.657952 0.518487 0.678172 0.442139 0.702209 0.516648 0.674346 0.614568 0.475484 0.594625 0.455919 0.610936 0.463153 0.581601 0.811721 0.583563 0.806622 0.582743 0.811298 0.68821 0.537096 0.691293 0.545019 0.683842 0.535805 0.363969 0.855556 0.409572 0.858691 0.408663 0.877006 0.357264 0.909371 0.359023 0.909556 0.355026 0.927515 0.439402 0.449148 0.469722 0.449708 0.459644 0.444477 0.365338 0.837824 0.410718 0.840581 0.363969 0.855556 0.372486 0.214042 0.374099 0.2139689 0.37311 0.228563 0.366591 0.82026 0.367737 0.80288 0.412089 0.804962 0.410718 0.840581 0.366591 0.82026 0.411271 0.822655 0.561803 0.401253 0.560752 0.399965 0.561462 0.3958 0.651167 0.497591 0.64984 0.49308 0.654419 0.500238 0.647323 0.643387 0.647736 0.648074 0.645527 0.644502 0.564518 0.41103 0.563315 0.410879 0.561889 0.406897 0.371722 0.16969 0.370712 0.154716 0.410094 0.167627 0.411357 0.212723 0.412754 0.212693 0.411808 0.227469 0.67933 0.608518 0.675951 0.607452 0.67941 0.60796 0.586468 0.427066 0.581088 0.425556 0.587219 0.426137 0.656531 0.610726 0.655427 0.609901 0.660413 0.608159 0.278551 0.943149 0.19098 0.988206 0.152545 0.989022 0.632153 0.717443 0.635228 0.722135 0.631747 0.717783 0.579533 0.425885 0.581088 0.425556 0.58224 0.426762 0.682734 0.609477 0.683367 0.610985 0.67933 0.608518 0.508148 0.897527 0.516373 0.886804 0.498485 0.946684 0.625183 0.749489 0.623421 0.714467 0.633745 0.729668 0.59989 0.561177 0.584841 0.640244 0.581275 0.638647 0.637356 0.73566 0.63629 0.729045 0.637283 0.730204 0.368123 0.13977 0.369586 0.139654 0.369051 0.154834 0.447966 0.620484 0.445365 0.620488 0.455631 0.540959 0.366591 0.82026 0.364658 0.820127 0.365825 0.802758 0.365338 0.837824 0.363627 0.837695 0.364658 0.820127 0.472025 0.403441 0.523929 0.400385 0.462712 0.397972 0.568811 0.463128 0.563198 0.47462 0.564121 0.469879 0.610118 0.707521 0.612908 0.70678 0.612132 0.708311 0.365338 0.837824 0.363969 0.855556 0.361999 0.855397 0.643327 0.549395 0.644848 0.54621 0.644545 0.549532 0.60896 0.377351 0.609386 0.378882 0.606874 0.375417 0.563871 0.38796 0.563582 0.386322 0.566325 0.3831 0.581599 0.984012 0.608 0.908586 0.610483 0.909941 0.366591 0.82026 0.365825 0.802758 0.367737 0.80288 0.374099 0.2139689 0.411161 0.197832 0.411357 0.212723 0.537563 0.707932 0.464613 0.726744 0.526716 0.705604 0.644187 0.960286 0.64568 0.952688 0.646362 0.963608 0.586994 0.801633 0.582743 0.811298 0.583563 0.806622 0.376363 0.54146 0.411235 0.527807 0.411221 0.541486 0.655501 0.938565 0.655957 0.940412 0.653218 0.940087 0.560178 0.969478 0.558083 0.967945 0.560911 0.962926 0.693823 0.553825 0.691291 0.548614 0.691293 0.545019 0.088481 0.374742 0.11554 0.363465 0.108241 0.374945 0.370568 0.75204 0.369714 0.768755 0.368731 0.75195 0.540773 0.617637 0.538304 0.616707 0.542679 0.614072 0.455803 0.361274 0.535486 0.365956 0.456429 0.358515 0.671517 0.986957 0.663483 0.986383 0.676128 0.983874 0.693347 0.954808 0.689839 0.950199 0.689133 0.946677 0.496072 0.534669 0.486335 0.614582 0.483262 0.60937 0.375525 0.313175 0.375512 0.326897 0.375116 0.299359 0.527539 0.609388 0.526893 0.613472 0.523001 0.612753 0.528297 0.472079 0.527348 0.469665 0.521782 0.471123 0.361999 0.855397 0.365825 0.802758 0.364658 0.820127 0.691418 0.493908 0.690529 0.497451 0.687857 0.497929 0.476316 0.828327 0.476575 0.823128 0.554865 0.812144 0.589567 0.369897 0.588842 0.370905 0.58396 0.370486 0.582772 0.823809 0.588524 0.834919 0.585231 0.831508 0.647498 0.542377 0.648998 0.538267 0.65047 0.538526 0.645182 0.969034 0.644264 0.970188 0.643994 0.966709 0.654001 0.608802 0.655427 0.609901 0.652394 0.612139 0.375788 0.434136 0.377255 0.434143 0.375726 0.447394 0.680354 0.533852 0.683842 0.535805 0.672961 0.532557 0.61128 0.500174 0.613253 0.496414 0.613077 0.498006 0.674989 0.581702 0.671279 0.582231 0.668596 0.581806 0.588465 0.641701 0.605108 0.563367 0.609091 0.56483 0.258253 0.893895 0.278551 0.943149 0.152545 0.989022 0.605549 0.907172 0.578238 0.98202 0.603129 0.905707 0.41033 0.152279 0.413099 0.1598089 0.411052 0.167586 0.375875 0.394306 0.377337 0.380954 0.37735 0.394306 0.602652 0.456426 0.592358 0.453377 0.59849 0.453958 0.537726 0.353155 0.537961 0.350565 0.458465 0.344536 0.588524 0.834919 0.596758 0.84153 0.59141 0.838688 0.691399 0.619173 0.693787 0.623259 0.692826 0.622292 0.588524 0.834919 0.585318 0.823186 0.595642 0.838387 0.360825 0.891451 0.359023 0.909556 0.358827 0.891259 0.519024 0.439292 0.518778 0.436668 0.515228 0.441978 0.581088 0.425556 0.575608 0.424234 0.576925 0.423088 0.588476 0.715868 0.591512 0.712846 0.591955 0.713343 0.608347 0.764426 0.60406 0.764092 0.604224 0.763446 0.410525 0.905095 0.408501 0.895552 0.409818 0.877083 0.601638 0.707669 0.607267 0.706862 0.6046 0.707823 0.592947 0.905912 0.570616 0.977024 0.56868 0.970913 0.408119 0.933134 0.405345 0.961444 0.40333 0.951695 0.466069 0.618671 0.473885 0.539084 0.477487 0.544291 0.643827 0.561745 0.64579 0.566114 0.644828 0.565147 0.538304 0.616707 0.534551 0.615456 0.533954 0.610987 0.411807 0.326829 0.413103 0.326838 0.411853 0.340535 0.582348 0.732639 0.585275 0.722918 0.584884 0.731023 0.548913 0.792623 0.477807 0.810271 0.484297 0.803832 0.413066 0.270853 0.415188 0.263678 0.413344 0.285038 0.150829 0.676875 0.226267 0.687739 0.245225 0.726322 0.607871 0.788452 0.609254 0.789233 0.60503 0.788558 0.518855 0.4235 0.51931 0.419573 0.515003 0.420896 0.07931196 0.949474 0.011792 0.856805 0.02037495 0.827819 0.525638 0.395409 0.462712 0.397972 0.524769 0.397888 0.408501 0.895552 0.407118 0.895445 0.408663 0.877006 0.407337 0.91419 0.405798 0.914055 0.407118 0.895445 0.69506 0.470763 0.695873 0.475617 0.694979 0.473048 0.405601 0.932918 0.40333 0.951695 0.402145 0.951575 0.587219 0.426137 0.597961 0.425015 0.592033 0.426818 0.407337 0.91419 0.405601 0.932918 0.403832 0.932746 0.515131 0.611923 0.511177 0.611807 0.513107 0.607733 0.404665 0.09007495 0.406149 0.08993297 0.406249 0.105768 0.458052 0.727352 0.455089 0.723156 0.464613 0.726744 0.687938 0.652368 0.688146 0.64988 0.689617 0.650139 0.498027 0.612629 0.508968 0.551102 0.503859 0.608012 0.652767 0.981939 0.650678 0.979079 0.656122 0.983306 0.667513 0.490914 0.649134 0.489558 0.647655 0.470754 0.522544 0.456031 0.47263 0.460344 0.523735 0.459799 0.461034 0.731624 0.52252 0.717925 0.462513 0.733798 0.595617 0.509027 0.590735 0.508609 0.594708 0.507597 0.610766 0.416386 0.609075 0.420558 0.606901 0.420208 0.597694 0.709276 0.596828 0.710608 0.59516 0.710569 0.6431 0.96414 0.641342 0.962457 0.642966 0.96039 0.58911 0.896134 0.563286 0.971762 0.583211 0.90121 0.633788 0.829936 0.635404 0.829925 0.634233 0.832545 0.693089 0.467355 0.690307 0.463456 0.69144 0.464215 0.671863 0.502817 0.666084 0.50469 0.662755 0.501875 0.558083 0.967945 0.555961 0.966413 0.560911 0.962926 0.564987 0.49571 0.563252 0.491786 0.566364 0.496558 0.558232 0.571443 0.563628 0.541957 0.565151 0.56315 0.682084 0.57768 0.671226 0.578931 0.689038 0.567339 0.371722 0.16969 0.372612 0.1845639 0.37007 0.169796 0.596828 0.710608 0.601638 0.707669 0.601516 0.70941 0.684632 0.61498 0.649577 0.621067 0.667389 0.609475 0.542399 0.534138 0.547861 0.535635 0.544386 0.556327 0.374375 0.583305 0.375751 0.58333 0.373908 0.597574 0.64984 0.49308 0.649134 0.489558 0.670255 0.501693 0.568641 0.416361 0.563578 0.407041 0.565009 0.404029 0.442047 0.402941 0.472025 0.403441 0.462712 0.397972 0.60693 0.844543 0.596758 0.84153 0.595642 0.838387 0.683472 0.501192 0.683016 0.499345 0.685755 0.499669 0.610104 0.590878 0.594616 0.643833 0.614483 0.56654 0.357042 0.927749 0.403832 0.932746 0.402145 0.951575 0.645182 0.969034 0.644187 0.960286 0.646362 0.963608 0.682734 0.609477 0.684803 0.610786 0.683367 0.610985 0.359023 0.909556 0.405798 0.914055 0.357042 0.927749 0.537417 0.355737 0.458046 0.348755 0.457229 0.35435 0.360825 0.891451 0.362472 0.873442 0.408663 0.877006 0.405798 0.914055 0.360825 0.891451 0.407118 0.895445 0.687938 0.652368 0.684324 0.653118 0.688146 0.64988 0.564121 0.469879 0.563185 0.469465 0.565014 0.465577 0.597961 0.425015 0.606901 0.420208 0.604103 0.423437 0.535838 0.492702 0.534238 0.48775 0.455733 0.4974 0.455639 0.949241 0.45174 0.949074 0.468771 0.870943 0.671279 0.582231 0.671907 0.583783 0.666364 0.582289 0.562995 0.912628 0.571715 0.88395 0.570813 0.905177 0.663739 0.607923 0.672515 0.607357 0.667389 0.609475 0.408489 0.136916 0.369586 0.139654 0.368335 0.124514 0.476344 0.836133 0.554826 0.820624 0.555045 0.824857 0.597961 0.425015 0.587219 0.426137 0.584952 0.423595 0.61506 0.468483 0.616262 0.468634 0.617688 0.472617 0.615276 0.790519 0.625184 0.794812 0.602525 0.793049 0.56868 0.970913 0.591405 0.897789 0.592947 0.905912 0.483098 0.773968 0.527911 0.758747 0.537442 0.762055 0.693426 0.56167 0.689038 0.567339 0.691291 0.548614 0.63629 0.729045 0.637356 0.73566 0.633745 0.729668 0.620071 0.791313 0.620412 0.790581 0.624373 0.792293 0.449982 0.540951 0.442765 0.62042 0.44575 0.540749 0.360825 0.891451 0.358827 0.891259 0.360486 0.873266 0.359023 0.909556 0.357264 0.909371 0.358827 0.891259 0.375729 0.47396 0.375438 0.4873 0.375643 0.460665 0.595477 0.372097 0.584869 0.371917 0.588842 0.370905 0.456536 0.500113 0.535838 0.492702 0.455733 0.4974 0.359023 0.909556 0.357042 0.927749 0.355026 0.927515 0.670668 0.451527 0.670845 0.452218 0.666955 0.451635 0.68002 0.939111 0.689133 0.946677 0.668718 0.938064 0.588193 0.717452 0.588476 0.715868 0.591955 0.713343 0.508148 0.897527 0.494531 0.946783 0.491897 0.946915 0.360825 0.891451 0.360486 0.873266 0.362472 0.873442 0.534498 0.369731 0.455113 0.364018 0.454365 0.366746 0.614518 0.762518 0.603787 0.762335 0.616537 0.759805 0.587439 0.451894 0.587544 0.452695 0.583145 0.452339 0.691117 0.646029 0.694071 0.638874 0.693767 0.642197 0.377194 0.447402 0.377255 0.434143 0.410964 0.447541 0.568588 0.500167 0.565792 0.496899 0.566364 0.496558 0.691117 0.646029 0.688146 0.64988 0.680625 0.652769 0.462681 0.540558 0.455756 0.620059 0.459864 0.540775 0.144195 0.357506 0.173509 0.357441 0.202265 0.362901 0.411161 0.197832 0.412395 0.197798 0.411357 0.212723 0.577651 0.502689 0.56287 0.485419 0.56493 0.477574 0.653983 0.573427 0.64579 0.566114 0.646024 0.553217 0.632588 0.80268 0.636746 0.814778 0.629275 0.801816 0.694506 0.962578 0.694198 0.966463 0.691318 0.969003 0.53804 0.955327 0.553451 0.907108 0.542687 0.953208 0.579024 0.507339 0.581942 0.507566 0.584381 0.50911 0.608944 0.845333 0.614462 0.845031 0.611796 0.845992 0.652064 0.575873 0.650258 0.574283 0.651724 0.574446 0.355026 0.927515 0.360486 0.873266 0.358827 0.891259 0.411934 0.583378 0.413105 0.583359 0.411978 0.597687 0.693823 0.553825 0.693426 0.56167 0.691291 0.548614 0.440466 0.698682 0.439435 0.696292 0.516648 0.674346 0.605273 0.376332 0.595477 0.372097 0.602808 0.373892 0.656122 0.983306 0.648666 0.976301 0.658137 0.981863 0.363627 0.837695 0.361999 0.855397 0.364658 0.820127 0.688022 0.495352 0.683016 0.499345 0.684327 0.495736 0.560911 0.962926 0.581084 0.890322 0.583211 0.90121 0.658611 0.453905 0.662146 0.452658 0.66486 0.452548 0.694198 0.966463 0.692311 0.972583 0.691318 0.969003 0.569296 0.378348 0.573638 0.374796 0.573923 0.375242 0.538123 0.34797 0.458683 0.340303 0.458465 0.344536 0.445365 0.620488 0.442765 0.62042 0.449982 0.540951 0.663753 0.531368 0.669427 0.528963 0.671605 0.531139 0.630569 0.798158 0.633654 0.801194 0.632588 0.80268 0.565151 0.56315 0.555064 0.624413 0.552736 0.623173 0.549449 0.961932 0.562995 0.912628 0.551643 0.963396 0.609386 0.378882 0.610989 0.379346 0.613213 0.382955 0.673244 0.583662 0.671279 0.582231 0.674989 0.581702 0.605939 0.504717 0.600991 0.507371 0.605654 0.504272 0.617153 0.482967 0.6160001 0.472472 0.617774 0.478261 0.616537 0.759805 0.593878 0.758042 0.589788 0.751038 0.570616 0.977024 0.567446 0.974782 0.56868 0.970913 0.67975 0.502996 0.679514 0.501052 0.683472 0.501192 0.540725 0.712633 0.54376 0.717419 0.52252 0.717925 0.519703 0.608165 0.528113 0.56206 0.523001 0.612753 0.668718 0.938064 0.66711 0.93694 0.676218 0.937882 0.582311 0.725487 0.585275 0.722918 0.582045 0.728376 0.458729 0.338891 0.538211 0.345371 0.458742 0.336066 0.400172 0.0182439 0.403997 0.05010396 0.400529 0.042445 0.63835 0.820358 0.637017 0.824478 0.636714 0.820215 0.589088 0.798109 0.593228 0.793264 0.594623 0.794264 0.645884 0.972402 0.648666 0.976301 0.647533 0.975542 0.649081 0.978723 0.647595 0.976774 0.647533 0.975542 0.297985 0.919357 0.278551 0.943149 0.323102 0.816661 0.609386 0.378882 0.613213 0.382955 0.612737 0.384051 0.645884 0.972402 0.644264 0.970188 0.645182 0.969034 0.583479 0.827822 0.581779 0.82265 0.582772 0.823809 0.531117 0.479241 0.529714 0.47566 0.527527 0.480655 0.371098 0.703231 0.372639 0.70329 0.370236 0.719225 0.48008 0.759761 0.475688 0.759533 0.47788 0.753529 0.534551 0.615456 0.530749 0.614361 0.533954 0.610987 0.401798 0.970635 0.40001 0.970474 0.402145 0.951575 0.399403 0.989593 0.398728 0.989556 0.40001 0.970474 0.694071 0.638874 0.691117 0.646029 0.692591 0.635189 0.39858 0.02648293 0.400529 0.042445 0.399528 0.042566 0.373696 0.671982 0.374137 0.65667 0.413111 0.672417 0.396512 0.01045292 0.39858 0.02648293 0.397385 0.02661699 0.647498 0.542377 0.644545 0.549532 0.644848 0.54621 0.683842 0.535805 0.68503 0.534362 0.68821 0.537096 0.666955 0.451635 0.667456 0.4528 0.66486 0.452548 0.589788 0.751038 0.582317 0.738077 0.584884 0.731023 0.412423 0.555286 0.412616 0.569244 0.41155 0.555297 0.575608 0.424234 0.571057 0.420825 0.573622 0.42203 0.606901 0.420208 0.597961 0.425015 0.603965 0.419559 0.645626 0.484949 0.64421 0.487222 0.643099 0.483189 0.483698 0.7832 0.529056 0.769703 0.539869 0.772703 0.397519 0.989466 0.390524 0.988911 0.40001 0.970474 0.644672 0.951745 0.643338 0.950533 0.646344 0.948363 0.697434 0.63597 0.695893 0.635309 0.696051 0.63039 0.618149 0.400269 0.620314 0.40061 0.618183 0.404596 0.614033 0.764296 0.609808 0.763621 0.614518 0.762518 0.579024 0.507339 0.573898 0.504879 0.57677 0.505621 0.113602 0.408236 0.06190598 0.569252 0.03051197 0.449749 0.555939 0.798046 0.555528 0.802269 0.549649 0.803405 0.655248 0.577421 0.653813 0.57762 0.652064 0.575873 0.67549 0.453374 0.670845 0.452218 0.674368 0.4526 0.621368 0.843578 0.622234 0.842246 0.623903 0.842285 0.466069 0.618671 0.477487 0.544291 0.468627 0.618215 0.44928 0.714609 0.525569 0.690415 0.522195 0.695782 0.694301 0.488012 0.69514 0.48279 0.695551 0.484505 0.693731 0.647456 0.69192 0.647151 0.693833 0.643958 0.256066 0.593997 0.23084 0.637586 0.175133 0.654817 0.369203 0.986459 0.352325 0.983572 0.352185 0.964392 0.679514 0.501052 0.67975 0.502996 0.674424 0.504523 0.40325 0.07428199 0.363688 0.07873696 0.361791 0.063407 0.504027 0.869127 0.484187 0.941761 0.496636 0.877388 0.595477 0.372097 0.597635 0.371947 0.602808 0.373892 0.57417 0.454314 0.577704 0.454221 0.575475 0.456076 0.687776 0.981106 0.688395 0.982833 0.684972 0.98355 0.357128 0.03261792 0.397385 0.02661699 0.399528 0.042566 0.585275 0.722918 0.59548 0.714727 0.584884 0.731023 0.691418 0.493908 0.691134 0.491428 0.692629 0.491394 0.600244 0.843688 0.595461 0.842622 0.596758 0.84153 0.611796 0.845992 0.610895 0.847775 0.606155 0.846074 0.352185 0.964392 0.354816 0.946028 0.402145 0.951575 0.376072 0.987335 0.352185 0.964392 0.40001 0.970474 0.644324 0.46827 0.646662 0.467174 0.643472 0.470862 0.629275 0.801816 0.623582 0.838127 0.59388 0.803365 0.693088 0.543904 0.694653 0.547802 0.691293 0.545019 0.682084 0.57768 0.674876 0.580483 0.671226 0.578931 0.610071 0.46117 0.605955 0.457484 0.60852 0.458689 0.515328 0.868444 0.508148 0.897527 0.505247 0.887131 0.37598 0.569227 0.375751 0.58333 0.374428 0.569202 0.689892 0.461033 0.691378 0.462983 0.69144 0.464215 0.59849 0.453958 0.600044 0.453628 0.603969 0.45528 0.464744 0.949101 0.459542 0.949256 0.477245 0.871067 0.407273 0.121405 0.368335 0.124514 0.406249 0.105768 0.580517 0.818595 0.581707 0.817194 0.581779 0.82265 0.691399 0.619173 0.692826 0.622292 0.686891 0.61396 0.693347 0.954808 0.694506 0.962578 0.689839 0.950199 0.645189 0.626736 0.643518 0.62549 0.644358 0.622864 0.651724 0.574446 0.64579 0.566114 0.653983 0.573427 0.694788 0.626661 0.6955 0.626713 0.695942 0.62915 0.401277 0.05847597 0.361791 0.063407 0.399528 0.042566 0.605654 0.504272 0.600662 0.506492 0.604548 0.503763 0.352185 0.964392 0.350153 0.964062 0.352791 0.945758 0.347801 0.982668 0.347042 0.982497 0.350153 0.964062 0.652442 0.459244 0.662845 0.455883 0.647655 0.470754 0.551643 0.963396 0.562995 0.912628 0.570813 0.905177 0.267428 0.412175 0.291093 0.434992 0.302368 0.46205 0.353095 0.01732099 0.357128 0.03261792 0.355422 0.03293097 0.438877 0.446361 0.439402 0.449148 0.459644 0.444477 0.440005 0.45192 0.441056 0.456041 0.460044 0.455397 0.627551 0.840008 0.623903 0.842285 0.627108 0.839511 0.692359 0.565417 0.694257 0.565542 0.693158 0.568055 0.352185 0.964392 0.352791 0.945758 0.354816 0.946028 0.694301 0.488012 0.695635 0.489224 0.692629 0.491394 0.579877 0.728052 0.582311 0.725487 0.582045 0.728376 0.693792 0.470723 0.69471 0.469568 0.694979 0.473048 0.645317 0.489792 0.645626 0.484949 0.64984 0.49308 0.622234 0.842246 0.621368 0.843578 0.617424 0.845185 0.668128 0.987539 0.663483 0.986383 0.671517 0.986957 0.476575 0.823128 0.555087 0.807908 0.554865 0.812144 0.671459 0.948842 0.689839 0.950199 0.691318 0.969003 0.55479 0.81497 0.476316 0.828327 0.554865 0.812144 0.02845597 0.557597 0.01101297 0.521653 0.03051197 0.449749 0.437954 0.439335 0.438657 0.44496 0.459644 0.444477 0.544386 0.556327 0.548121 0.567047 0.538304 0.616707 0.618819 0.709166 0.619776 0.708422 0.623602 0.710232 0.585035 0.985872 0.581599 0.984012 0.610483 0.909941 0.617153 0.482967 0.611128 0.493534 0.614568 0.475484 0.524509 0.745413 0.55403 0.739144 0.525773 0.749348 0.643327 0.549395 0.644327 0.545636 0.644848 0.54621 0.441644 0.4043 0.440893 0.407035 0.459547 0.408653 0.344449 0.981891 0.352791 0.945758 0.350153 0.964062 0.587315 0.835071 0.585231 0.831508 0.588524 0.834919 0.688236 0.459229 0.688295 0.460677 0.686206 0.457818 0.245225 0.726322 0.02037495 0.827819 0.150829 0.676875 0.53229 0.869142 0.537885 0.870015 0.526971 0.889431 0.680278 0.609498 0.686891 0.61396 0.684632 0.61498 0.517105 0.531854 0.512983 0.561578 0.508968 0.551102 0.564253 0.385083 0.5665 0.381507 0.566325 0.3831 0.414343 0.720165 0.416751 0.712055 0.414631 0.73662 0.365825 0.802758 0.368772 0.785704 0.367737 0.80288 0.65047 0.538526 0.654291 0.535288 0.65799 0.535637 0.618115 0.483713 0.617073 0.487707 0.617153 0.482967 0.555133 0.558282 0.558232 0.571443 0.546826 0.620249 0.645189 0.626736 0.644358 0.622864 0.646256 0.62299 0.665654 0.655849 0.66701 0.657267 0.658262 0.654554 0.52899 0.780725 0.558212 0.774096 0.539331 0.783824 0.375726 0.447394 0.377255 0.434143 0.377194 0.447402 0.645317 0.489792 0.64421 0.487222 0.645626 0.484949 0.41156 0.354143 0.377241 0.354076 0.411853 0.340535 0.02037495 0.827819 0.02190697 0.773719 0.05560499 0.722674 0.412925 0.753311 0.370568 0.75204 0.413263 0.736612 0.600662 0.506492 0.595617 0.509027 0.594708 0.507597 0.581616 0.454499 0.580465 0.453364 0.583145 0.452339 0.686551 0.612533 0.688357 0.614123 0.686891 0.61396 0.586474 0.750174 0.582317 0.738077 0.589788 0.751038 0.592138 0.42762 0.592033 0.426818 0.596432 0.427175 0.662664 0.580954 0.658337 0.578908 0.6661 0.581049 0.564011 0.491509 0.563252 0.491786 0.561662 0.487773 0.519075 0.612252 0.519703 0.608165 0.523001 0.612753 0.520265 0.735246 0.531291 0.737942 0.471774 0.749744 0.693089 0.467355 0.69144 0.464215 0.691976 0.464037 0.585275 0.722918 0.583659 0.722929 0.58483 0.720309 0.695893 0.635309 0.695288 0.639011 0.695522 0.632616 0.411093 0.421048 0.377302 0.420886 0.377335 0.407613 0.531796 0.378421 0.45735 0.376484 0.526462 0.38196 0.31225 0.892095 0.297985 0.919357 0.323102 0.816661 0.618149 0.400269 0.618183 0.404596 0.616379 0.404893 0.519167 0.89767 0.507709 0.946963 0.504806 0.942761 0.691813 0.570428 0.689307 0.571042 0.693158 0.568055 0.468771 0.870943 0.45174 0.949074 0.464545 0.870642 0.319688 0.870244 0.31225 0.892095 0.323102 0.816661 0.377255 0.434143 0.411093 0.421048 0.410861 0.434296 0.267428 0.412175 0.113602 0.408236 0.202265 0.362901 0.402772 0.05830097 0.401277 0.05847597 0.399528 0.042566 0.404554 0.07414197 0.40325 0.07428199 0.401277 0.05847597 0.588524 0.834919 0.582772 0.823809 0.585318 0.823186 0.406149 0.08993297 0.407234 0.105686 0.406249 0.105768 0.620794 0.762122 0.61543 0.764006 0.617986 0.762501 0.404554 0.07414197 0.406149 0.08993297 0.404665 0.09007495 0.578238 0.98202 0.573848 0.979214 0.603129 0.905707 0.440168 0.620278 0.441243 0.565035 0.44575 0.540749 0.597961 0.425015 0.599112 0.426149 0.596432 0.427175 0.642966 0.96039 0.643209 0.956507 0.643833 0.956967 0.35482 0.01692491 0.371051 0.013704 0.357128 0.03261792 0.625184 0.794812 0.632588 0.80268 0.629275 0.801816 0.690673 0.945231 0.692973 0.948742 0.689133 0.946677 0.678764 0.58078 0.674989 0.581702 0.678202 0.580248 0.534142 0.899874 0.54204 0.870893 0.540536 0.892219 0.647555 0.945848 0.648444 0.942306 0.651116 0.941828 0.582237 0.891145 0.585675 0.893637 0.583211 0.90121 0.629275 0.801816 0.59388 0.803365 0.602525 0.793049 0.637356 0.73566 0.637462 0.741133 0.63632 0.741556 0.527539 0.609388 0.537595 0.563791 0.533954 0.610987 0.47249 0.539308 0.464785 0.618881 0.468297 0.539931 0.609448 0.500324 0.605654 0.504272 0.604548 0.503763 0.575608 0.424234 0.573622 0.42203 0.576925 0.423088 0.616412 0.789034 0.620412 0.790581 0.614839 0.789408 0.561682 0.473506 0.564121 0.469879 0.563198 0.47462 0.573923 0.375242 0.578915 0.373022 0.57503 0.37575 0.643099 0.483189 0.644467 0.477179 0.645626 0.484949 0.662755 0.501875 0.658952 0.500646 0.670255 0.501693 0.694786 0.479471 0.693792 0.470723 0.694979 0.473048 0.456445 0.476991 0.529714 0.47566 0.521782 0.471123 0.37735 0.394306 0.377337 0.380954 0.411315 0.394459 0.363707 0.094217 0.365397 0.09403598 0.365259 0.109465 0.484041 0.947516 0.481457 0.947757 0.484187 0.941761 0.654652 0.983435 0.652767 0.981939 0.656122 0.983306 0.570314 0.422406 0.571057 0.420825 0.575608 0.424234 0.01093989 0.492339 0.01425999 0.470598 0.03051197 0.449749 0.585275 0.722918 0.582348 0.732639 0.582045 0.728376 0.658952 0.500646 0.658072 0.502293 0.654419 0.500238 0.365397 0.09403598 0.404665 0.09007495 0.406249 0.105768 0.108241 0.374945 0.144195 0.357506 0.202265 0.362901 0.659899 0.530454 0.663753 0.531368 0.659984 0.532355 0.363688 0.07873696 0.40325 0.07428199 0.365397 0.09403598 0.6438 0.558304 0.642673 0.559256 0.643093 0.555791 0.361791 0.063407 0.359649 0.0480349 0.399528 0.042566 0.40325 0.07428199 0.361791 0.063407 0.401277 0.05847597 0.519926 0.415669 0.520728 0.411798 0.516611 0.41179 0.41104 0.407773 0.377335 0.407613 0.411315 0.394459 0.479555 0.780217 0.529056 0.769703 0.483698 0.7832 0.56287 0.485419 0.566841 0.495463 0.564011 0.491509 0.650678 0.536038 0.65047 0.538526 0.648998 0.538267 0.611191 0.764402 0.609808 0.763621 0.614033 0.764296 0.615706 0.491554 0.613253 0.496414 0.61337 0.494892 0.532655 0.532367 0.536853 0.532995 0.533592 0.553726 0.477124 0.845202 0.47681 0.84262 0.555591 0.830482 0.374649 0.555252 0.376363 0.54146 0.376185 0.555274 0.476345 0.948244 0.494167 0.870015 0.496636 0.877388 0.361999 0.855397 0.363969 0.855556 0.360486 0.873266 0.620071 0.791313 0.624373 0.792293 0.625184 0.794812 0.456536 0.500113 0.536913 0.496454 0.535838 0.492702 0.530288 0.697474 0.456777 0.71883 0.522195 0.695782 0.371977 0.199398 0.372486 0.214042 0.370973 0.184658 0.502019 0.562692 0.49411 0.613179 0.491509 0.61361 0.368123 0.13977 0.369051 0.154834 0.366656 0.124661 0.643827 0.561745 0.644828 0.565147 0.644267 0.565216 0.361791 0.063407 0.360094 0.06363195 0.357948 0.04829388 0.363688 0.07873696 0.361995 0.07893699 0.360094 0.06363195 0.646765 0.463487 0.646662 0.467174 0.644324 0.46827 0.469344 0.414136 0.45938 0.41958 0.519926 0.415669 0.549215 0.536052 0.551897 0.536968 0.544386 0.556327 0.363688 0.07873696 0.365397 0.09403598 0.363707 0.094217 0.581275 0.638647 0.576594 0.63636 0.597319 0.559996 0.377113 0.460674 0.377021 0.47397 0.375643 0.460665 0.643533 0.63927 0.644793 0.634581 0.647323 0.643387 0.650678 0.979079 0.649081 0.978723 0.647533 0.975542 0.361791 0.063407 0.357948 0.04829388 0.359649 0.0480349 0.584614 0.750458 0.583774 0.746168 0.586474 0.750174 0.565009 0.404029 0.584952 0.423595 0.568641 0.416361 0.534369 0.949149 0.543365 0.902674 0.550962 0.896033 0.468627 0.618215 0.477487 0.544291 0.472903 0.613449 0.39858 0.02648293 0.400172 0.0182439 0.400529 0.042445 0.564141 0.629521 0.561908 0.628242 0.561889 0.62165 0.562424 0.396546 0.568449 0.38598 0.565009 0.404029 0.584101 0.507417 0.581942 0.507566 0.57677 0.505621 0.608944 0.845333 0.611796 0.845992 0.606155 0.846074 0.459644 0.444477 0.520261 0.447098 0.515228 0.441978 0.2481859 0.385452 0.264706 0.39997 0.267428 0.412175 0.523998 0.561675 0.528113 0.56206 0.519703 0.608165 0.636752 0.827367 0.633788 0.829936 0.637017 0.824478 0.664605 0.987157 0.660162 0.985532 0.663483 0.986383 0.523998 0.561675 0.513107 0.607733 0.519797 0.552503 0.476211 0.616705 0.472903 0.613449 0.48222 0.537523 0.647217 0.569233 0.644828 0.565147 0.64579 0.566114 0.620794 0.762122 0.623018 0.760221 0.625834 0.75959 0.361995 0.07893699 0.357948 0.04829388 0.360094 0.06363195 0.472505 0.948581 0.468637 0.948878 0.473429 0.94463 0.519167 0.89767 0.526971 0.889431 0.507709 0.946963 0.377154 0.340521 0.377026 0.326882 0.411853 0.340535 0.375317 0.500707 0.376918 0.487313 0.376805 0.50072 0.658337 0.578908 0.662664 0.580954 0.659285 0.579888 0.605549 0.907172 0.581599 0.984012 0.578238 0.98202 0.688295 0.460677 0.689892 0.461033 0.69144 0.464215 0.684327 0.495736 0.679514 0.501052 0.670255 0.501693 0.44785 0.948774 0.445265 0.948481 0.464545 0.870642 0.59388 0.803365 0.586994 0.801633 0.602525 0.793049 0.659285 0.579888 0.655248 0.577421 0.658337 0.578908 0.411161 0.197832 0.373402 0.199325 0.372612 0.1845639 0.54204 0.870893 0.546139 0.871996 0.540536 0.892219 0.255033 0.621119 0.237311 0.634137 0.256066 0.593997 0.145824 0.654882 0.124088 0.651558 0.128933 0.646531 0.553569 0.737804 0.524509 0.745413 0.531291 0.737942 0.564121 0.469879 0.565014 0.465577 0.568811 0.463128 0.670845 0.452218 0.67549 0.453374 0.667456 0.4528 0.663739 0.607923 0.663626 0.606704 0.670019 0.606601 0.634449 0.802396 0.635288 0.806686 0.632588 0.80268 0.128933 0.646531 0.117074 0.649422 0.06549698 0.62222 0.152545 0.989022 0.129724 0.985532 0.107872 0.978088 0.646802 0.617978 0.649308 0.617364 0.645457 0.620351 0.323102 0.816661 0.258253 0.893895 0.245225 0.726322 0.561416 0.8992 0.562995 0.912628 0.546104 0.959818 0.602525 0.793049 0.625184 0.794812 0.629275 0.801816 0.411279 0.128948 0.408436 0.121323 0.407234 0.105686 0.411725 0.13672 0.409491 0.136855 0.408436 0.121323 0.400529 0.042445 0.402772 0.05830097 0.399528 0.042566 0.692311 0.972583 0.689797 0.976912 0.691318 0.969003 0.461034 0.731624 0.459544 0.729475 0.464613 0.726744 0.60693 0.844543 0.617546 0.843444 0.614462 0.845031 0.437702 0.426596 0.437593 0.429428 0.467649 0.429186 0.648662 0.461442 0.652442 0.459244 0.649176 0.462845 0.583211 0.90121 0.563286 0.971762 0.560911 0.962926 0.662702 0.581666 0.662664 0.580954 0.666364 0.582289 0.59849 0.453958 0.603969 0.45528 0.602652 0.456426 0.630539 0.717935 0.63629 0.729045 0.633745 0.729668 0.59388 0.803365 0.595642 0.838387 0.585318 0.823186 0.583479 0.827822 0.582772 0.823809 0.585231 0.831508 0.618706 0.478146 0.617774 0.478261 0.617688 0.472617 0.610071 0.46117 0.60852 0.458689 0.612567 0.462619 0.408436 0.121323 0.407273 0.121405 0.406249 0.105768 0.409491 0.136855 0.408489 0.136916 0.407273 0.121405 0.57013 0.379189 0.569296 0.378348 0.573923 0.375242 0.41033 0.152279 0.411052 0.167586 0.410094 0.167627 0.507237 0.532776 0.510048 0.532426 0.508968 0.551102 0.409491 0.136855 0.41033 0.152279 0.409184 0.152339 0.66701 0.657267 0.660974 0.65797 0.658262 0.654554 0.635499 0.746232 0.633723 0.751591 0.632069 0.751221 0.529204 0.385704 0.455496 0.387139 0.520928 0.391616 0.617424 0.845185 0.614462 0.845031 0.617546 0.843444 0.152545 0.989022 0.107872 0.978088 0.07931196 0.949474 0.617774 0.478261 0.618825 0.479548 0.618115 0.483713 0.635584 0.725032 0.636946 0.725987 0.637283 0.730204 0.683909 0.533523 0.683842 0.535805 0.681505 0.532081 0.689839 0.950199 0.671459 0.948842 0.668718 0.938064 0.623582 0.838127 0.595642 0.838387 0.59388 0.803365 0.573638 0.374796 0.578586 0.372143 0.573923 0.375242 0.609808 0.763621 0.611191 0.764402 0.608347 0.764426 0.48499 0.536955 0.489143 0.536087 0.488285 0.543998 0.520728 0.411798 0.522017 0.406689 0.516611 0.41179 0.644187 0.960286 0.645182 0.969034 0.643994 0.966709 0.509858 0.611796 0.507221 0.611855 0.513107 0.607733 0.578915 0.373022 0.578586 0.372143 0.58396 0.370486 0.659459 0.938705 0.664549 0.935234 0.66711 0.93694 0.692895 0.619835 0.693969 0.622038 0.693787 0.623259 0.520531 0.94472 0.518153 0.948422 0.514027 0.943539 0.660974 0.65797 0.65711 0.656326 0.658262 0.654554 0.533954 0.610987 0.537595 0.563791 0.544386 0.556327 0.659285 0.579888 0.662664 0.580954 0.659205 0.580447 0.630586 0.836986 0.627551 0.840008 0.627108 0.839511 0.684324 0.653118 0.678632 0.656051 0.680625 0.652769 0.600991 0.507371 0.600662 0.506492 0.605654 0.504272 0.479655 0.789442 0.479695 0.78417 0.483698 0.7832 0.650133 0.61377 0.649308 0.617364 0.646802 0.617978 0.602808 0.373892 0.597635 0.371947 0.600553 0.372175 0.668305 0.98823 0.668128 0.987539 0.672018 0.988122 0.05560499 0.722674 0.09235399 0.694974 0.150829 0.676875 0.602651 0.76382 0.598651 0.762273 0.604224 0.763446 0.370712 0.154716 0.409184 0.152339 0.410094 0.167627 0.355026 0.927515 0.357042 0.927749 0.352791 0.945758 0.692611 0.476149 0.684051 0.472459 0.680836 0.457894 0.369586 0.139654 0.408489 0.136916 0.370712 0.154716 0.372612 0.1845639 0.373402 0.199325 0.370973 0.184658 0.368335 0.124514 0.366945 0.109301 0.406249 0.105768 0.408489 0.136916 0.368335 0.124514 0.407273 0.121405 0.655427 0.609901 0.65516 0.608087 0.658656 0.608056 0.449959 0.380193 0.526462 0.38196 0.45735 0.376484 0.635228 0.722135 0.635584 0.725032 0.633832 0.721346 0.468637 0.948878 0.485877 0.876447 0.473429 0.94463 0.69192 0.647151 0.693767 0.642197 0.693833 0.643958 0.617986 0.762501 0.623018 0.760221 0.620794 0.762122 0.685993 0.574791 0.682084 0.57768 0.689038 0.567339 0.477953 0.808998 0.478249 0.806443 0.484297 0.803832 0.302368 0.46205 0.308325 0.490705 0.302925 0.548771 0.615567 0.388005 0.617916 0.39174 0.616708 0.394095 0.567615 0.462158 0.568811 0.463128 0.565014 0.465577 0.635584 0.725032 0.63629 0.729045 0.633832 0.721346 0.585318 0.823186 0.582743 0.811298 0.586994 0.801633 0.648666 0.976301 0.645182 0.969034 0.646362 0.963608 0.674876 0.580483 0.682084 0.57768 0.678202 0.580248 0.617986 0.762501 0.614033 0.764296 0.614518 0.762518 0.512983 0.561578 0.519797 0.552503 0.507221 0.611855 0.369051 0.154834 0.370712 0.154716 0.37007 0.169796 0.537417 0.355737 0.537726 0.353155 0.458046 0.348755 0.368335 0.124514 0.366656 0.124661 0.365259 0.109465 0.369586 0.139654 0.368123 0.13977 0.366656 0.124661 0.478818 0.801265 0.55746 0.783979 0.484297 0.803832 0.370712 0.154716 0.371722 0.16969 0.37007 0.169796 0.610118 0.707521 0.612132 0.708311 0.6046 0.707823 0.369586 0.139654 0.370712 0.154716 0.369051 0.154834 0.529204 0.385704 0.448995 0.382856 0.455496 0.387139 0.412285 0.3811 0.414359 0.377743 0.412154 0.394467 0.650951 0.944404 0.655957 0.940412 0.654646 0.944021 0.676827 0.987099 0.672018 0.988122 0.674113 0.987209 0.368335 0.124514 0.365259 0.109465 0.366945 0.109301 0.355422 0.03293097 0.357128 0.03261792 0.357948 0.04829388 0.692311 0.972583 0.692208 0.97627 0.689797 0.976912 0.617503 0.489252 0.617073 0.487707 0.618115 0.483713 0.527527 0.480655 0.529714 0.47566 0.451053 0.484049 0.659205 0.580447 0.655881 0.578929 0.659285 0.579888 0.594625 0.455919 0.56493 0.477574 0.575612 0.459954 0.661079 0.986886 0.660162 0.985532 0.664605 0.987157 0.458613 0.433416 0.514567 0.435406 0.518546 0.4314 0.523998 0.561675 0.519703 0.608165 0.513107 0.607733 0.678202 0.580248 0.674989 0.581702 0.674876 0.580483 0.601873 0.425293 0.599112 0.426149 0.597961 0.425015 0.536327 0.362146 0.537036 0.35831 0.457229 0.35435 0.697514 0.475961 0.695873 0.475617 0.69506 0.470763 0.626621 0.794075 0.628998 0.79572 0.625184 0.794812 0.643913 0.968994 0.6431 0.96414 0.643994 0.966709 0.41096 0.514249 0.376671 0.514204 0.41103 0.500782 0.512983 0.561578 0.51852 0.531784 0.519797 0.552503 0.558191 0.761352 0.529056 0.769703 0.537442 0.762055 0.62823 0.713426 0.627652 0.714166 0.623602 0.710232 0.440549 0.408411 0.439314 0.413947 0.459547 0.408653 0.684324 0.653118 0.683656 0.655612 0.681254 0.656907 0.570191 0.500631 0.570618 0.502162 0.568588 0.500167 0.412711 0.340543 0.412572 0.354154 0.411853 0.340535 0.411235 0.527807 0.412358 0.527796 0.411221 0.541486 0.520265 0.735246 0.549845 0.728619 0.531291 0.737942 0.570517 0.628701 0.565255 0.630158 0.584769 0.553465 0.488915 0.614081 0.497952 0.552695 0.491509 0.61361 0.357042 0.927749 0.405798 0.914055 0.403832 0.932746 0.672018 0.988122 0.668128 0.987539 0.671517 0.986957 0.570191 0.500631 0.568588 0.500167 0.566364 0.496558 0.671517 0.986957 0.680012 0.984679 0.674113 0.987209</float_array>
          <technique_common>
            <accessor source="#Table-mesh-map-0-array" count="6528" stride="2">
              <param name="S" type="float"/>
              <param name="T" type="float"/>
            </accessor>
          </technique_common>
        </source>
        <vertices id="Table-mesh-vertices">
          <input semantic="POSITION" source="#Table-mesh-positions"/>
        </vertices>
        <triangles material="Table_001-material" count="2176">
          <input semantic="VERTEX" source="#Table-mesh-vertices" offset="0"/>
          <input semantic="NORMAL" source="#Table-mesh-normals" offset="1"/>
          <input semantic="TEXCOORD" source="#Table-mesh-map-0" offset="2" set="0"/>
          <p>318 0 0 633 1 1 958 2 2 188 3 3 331 4 4 647 5 5 628 6 6 153 7 7 475 8 8 746 9 9 738 10 10 52 11 11 1092 12 12 949 13 13 154 14 14 186 15 15 999 16 16 630 17 17 301 18 18 776 19 19 434 20 20 613 21 21 791 22 22 252 23 23 807 24 24 325 25 25 815 26 26 612 27 27 10 28 28 477 29 29 814 30 30 806 31 31 68 32 32 126 33 33 1056 34 34 124 35 35 165 36 36 843 37 37 545 38 38 843 37 39 749 39 40 31 40 41 136 41 42 555 42 43 3 43 44 180 44 45 294 45 46 927 46 47 1013 47 48 130 48 49 497 49 50 554 50 51 603 51 52 11 52 53 257 53 54 341 54 55 387 55 56 337 56 57 953 57 58 837 58 59 305 59 60 273 60 61 747 61 62 423 62 63 799 63 64 386 64 65 891 65 66 558 66 67 531 67 68 847 68 69 915 69 70 745 70 71 320 71 72 397 72 73 401 73 74 949 13 75 1092 12 76 858 74 77 720 75 78 1090 76 79 967 77 80 385 78 81 362 79 82 41 80 83 121 81 84 362 79 85 385 78 86 999 16 87 258 82 88 587 83 89 555 84 90 567 85 91 4 86 92 136 87 93 140 88 94 567 85 95 319 89 96 376 90 97 695 91 98 554 92 99 11 93 100 12 94 101 585 95 102 1086 96 103 8 97 104 136 87 105 554 92 106 566 98 107 708 99 108 998 100 109 543 101 110 1020 102 111 728 103 112 1024 104 113 523 105 114 729 106 115 372 107 116 404 108 117 439 109 118 918 110 119 369 111 120 694 112 121 515 113 122 1067 114 123 478 115 124 844 116 125 1094 117 126 964 118 127 268 119 128 549 120 129 309 121 130 986 122 131 938 123 132 698 124 133 179 125 134 158 126 135 733 127 136 899 128 137 888 129 138 932 130 139 856 131 140 316 132 141 992 133 142 465 134 143 621 135 144 488 136 145 1066 137 146 369 111 147 515 113 148 865 138 149 597 139 150 143 140 151 524 141 152 959 142 153 937 143 154 113 144 155 575 145 156 50 146 157 249 147 158 353 148 159 1029 149 160 588 150 161 662 151 162 877 152 163 911 153 164 675 154 165 95 155 166 550 156 167 80 157 168 852 158 169 78 159 170 422 160 171 978 161 172 274 162 173 889 163 174 576 164 175 550 156 176 198 165 177 195 166 178 644 167 179 235 168 180 709 169 181 265 170 182 128 171 183 522 172 184 1064 97 185 1014 173 186 37 174 187 686 175 188 231 176 189 880 177 190 178 178 191 253 179 192 782 180 193 544 181 194 225 182 195 21 183 196 654 184 197 682 185 198 224 186 199 678 187 200 850 188 201 1004 189 202 652 190 203 572 191 204 566 192 205 12 193 206 104 194 207 996 195 208 105 196 209 385 78 210 379 197 211 1043 198 212 148 199 213 140 200 214 572 191 215 242 201 216 508 202 217 197 203 218 573 204 219 6 205 220 4 206 221 140 200 222 573 204 223 567 207 224 982 208 225 346 209 226 139 210 227 517 211 228 1006 212 229 638 213 230 791 214 231 613 215 232 512 216 233 513 217 234 1069 218 235 420 219 236 1035 220 237 832 221 238 254 222 239 734 223 240 586 224 241 669 225 242 150 226 243 547 227 244 356 228 245 34 229 246 1046 230 247 655 231 248 362 79 249 290 232 250 283 233 251 693 234 252 237 235 253 280 236 254 135 237 255 323 238 256 539 239 257 770 240 258 820 241 259 1073 242 260 965 243 261 596 244 262 445 245 263 216 246 264 625 247 265 666 248 266 341 54 267 517 211 268 680 249 269 355 250 270 271 251 271 795 252 272 356 228 273 941 253 274 902 254 275 187 255 276 388 256 277 2 257 278 994 258 279 296 259 280 287 260 281 573 204 282 585 95 283 8 261 284 148 199 285 156 262 286 585 95 287 514 263 288 862 264 289 640 265 290 429 266 291 455 267 292 99 268 293 242 201 294 197 203 295 425 269 296 148 199 297 572 191 298 584 270 299 458 271 300 464 272 301 989 273 302 324 274 303 310 275 304 525 276 305 600 277 306 765 278 307 760 279 308 113 144 309 839 280 310 211 281 311 755 282 312 923 283 313 968 284 314 257 53 315 147 285 316 1038 286 317 390 287 318 643 288 319 286 289 320 666 248 321 373 290 322 216 246 323 150 226 324 783 291 325 547 227 326 598 292 327 478 293 328 424 294 329 118 295 330 1022 296 331 116 297 332 689 298 333 577 299 334 214 300 335 72 301 336 860 302 337 73 303 338 584 270 339 16 304 340 622 305 341 390 287 342 945 306 343 809 307 344 926 308 345 364 309 346 936 310 347 842 311 348 553 312 349 370 313 350 26 314 351 247 315 352 35 316 353 478 115 354 528 317 355 844 116 356 96 318 357 962 319 358 105 196 359 884 320 360 546 321 361 475 8 362 342 322 363 676 323 364 281 324 365 690 325 366 682 185 367 40 326 368 1050 327 369 66 328 370 82 329 371 173 330 372 631 331 373 958 2 374 707 332 375 489 333 376 800 334 377 983 335 378 117 336 379 1054 337 380 14 338 381 572 191 382 12 193 383 563 339 384 168 340 385 209 341 386 396 342 387 411 343 388 483 344 389 722 345 390 114 346 391 658 347 392 503 348 393 370 313 394 553 312 395 138 349 396 884 350 397 306 351 398 418 352 399 928 353 400 929 354 401 659 355 402 69 356 403 684 357 404 877 152 405 109 358 406 756 359 407 67 360 408 841 361 409 68 32 410 405 362 411 568 363 412 767 364 413 198 365 414 204 366 415 649 367 416 492 368 417 698 124 418 1008 369 419 1082 370 420 534 371 421 1080 372 422 757 373 423 506 374 424 349 375 425 575 145 426 707 332 427 800 334 428 806 376 429 325 377 430 67 378 431 1017 379 432 697 380 433 627 381 434 922 382 435 482 383 436 605 384 437 262 385 438 724 386 439 725 387 440 416 388 441 880 177 442 186 15 443 39 389 444 351 390 445 325 377 446 257 53 447 517 211 448 341 54 449 374 391 450 593 392 451 154 14 452 742 393 453 345 394 454 551 395 455 185 396 456 492 368 457 504 397 458 350 398 459 635 399 460 233 400 461 575 145 462 834 401 463 193 402 464 790 403 465 613 215 466 777 404 467 675 154 468 241 405 469 437 406 470 175 407 471 172 408 472 610 409 473 169 410 474 634 411 475 19 412 476 604 413 477 866 414 478 914 415 479 260 416 480 961 417 481 442 418 482 22 419 483 614 420 484 20 421 485 382 422 486 226 423 487 223 424 488 169 410 489 603 51 490 634 411 491 643 288 492 552 425 493 127 426 494 85 427 495 941 253 496 788 428 497 603 429 498 611 430 499 12 94 500 169 431 501 172 432 502 611 430 503 1039 433 504 251 434 505 562 435 506 602 436 507 19 412 508 20 437 509 45 438 510 748 439 511 919 440 512 169 431 513 602 436 514 610 441 515 21 183 516 162 442 517 654 184 518 1045 443 519 507 444 520 1053 445 521 694 112 522 527 446 523 1026 447 524 162 442 525 430 448 526 911 153 527 937 143 528 1014 173 529 731 449 530 908 450 531 753 451 532 402 452 533 200 453 534 527 446 535 957 454 536 213 455 537 972 456 538 1029 149 539 768 457 540 971 458 541 252 23 542 172 408 543 175 407 544 611 459 545 653 460 546 1088 461 547 423 62 548 1016 462 549 336 463 550 609 464 551 491 465 552 844 116 553 212 466 554 417 467 555 618 468 556 798 469 557 1032 470 558 680 249 559 638 213 560 189 471 561 7 472 562 1003 473 563 1003 473 564 7 472 565 926 308 566 681 474 567 373 290 568 18 475 569 569 476 570 500 477 571 771 478 572 985 479 573 989 273 574 100 480 575 487 481 576 484 482 577 1018 483 578 621 135 579 338 484 580 275 485 581 171 486 582 802 487 583 176 488 584 767 364 585 568 363 586 372 107 587 703 489 588 521 490 589 764 491 590 175 407 591 181 492 592 615 493 593 1000 494 594 442 418 595 457 495 596 317 496 597 862 264 598 900 497 599 741 498 600 449 499 601 155 500 602 937 143 603 959 142 604 1014 173 605 345 394 606 667 501 607 551 395 608 331 4 609 188 3 610 975 502 611 614 420 612 610 409 613 20 421 614 568 363 615 601 503 616 98 504 617 388 256 618 961 417 619 530 505 620 762 506 621 440 507 622 1088 461 623 658 347 624 666 248 625 630 17 626 615 493 627 14 338 628 12 193 629 175 407 630 615 493 631 611 459 632 1079 508 633 456 509 634 423 62 635 330 510 636 1074 511 637 564 512 638 147 285 639 583 513 640 1038 286 641 42 514 642 243 515 643 205 516 644 378 517 645 571 518 646 730 519 647 1078 520 648 672 521 649 639 522 650 512 216 651 790 403 652 379 197 653 822 523 654 846 524 655 743 525 656 667 501 657 813 526 658 551 395 659 787 527 660 347 528 661 953 57 662 636 529 663 195 530 664 26 314 665 669 225 666 586 224 667 427 531 668 316 532 669 620 533 670 264 534 671 824 535 672 892 536 673 960 537 674 698 124 675 492 368 676 185 396 677 232 538 678 393 539 679 561 540 680 393 539 681 936 310 682 561 540 683 1083 541 684 538 542 685 1087 543 686 547 227 687 166 544 688 270 545 689 615 493 690 623 546 691 16 547 692 181 492 693 184 548 694 623 546 695 86 549 696 886 550 697 84 551 698 667 501 699 345 394 700 871 552 701 558 66 702 1096 553 703 753 451 704 181 492 705 614 420 706 622 305 707 696 554 708 451 555 709 244 556 710 879 557 711 252 23 712 165 36 713 1047 558 714 327 559 715 945 306 716 1023 560 717 493 561 718 1031 562 719 615 493 720 16 547 721 14 338 722 480 563 723 33 564 724 297 565 725 415 566 726 817 567 727 536 568 728 1048 569 729 162 442 730 756 359 731 622 305 732 25 570 733 585 95 734 222 571 735 98 504 736 838 572 737 959 142 738 761 573 739 37 174 740 101 574 741 303 575 742 407 576 743 622 305 744 656 577 745 25 570 746 622 305 747 24 97 748 656 577 749 928 353 750 920 578 751 96 579 752 462 580 753 61 581 754 294 45 755 1084 582 756 400 583 757 797 584 758 627 381 759 533 585 760 995 586 761 238 587 762 489 333 763 707 332 764 829 588 765 272 589 766 765 278 767 396 342 768 150 226 769 356 228 770 369 111 771 881 590 772 152 591 773 973 592 774 135 237 775 539 239 776 622 305 777 16 304 778 623 546 779 841 361 780 351 593 781 849 594 782 1008 369 783 200 453 784 504 397 785 336 463 786 693 234 787 280 236 788 856 131 789 280 236 790 755 282 791 711 595 792 830 596 793 235 168 794 810 597 795 447 598 796 436 599 797 469 600 798 857 601 799 958 2 800 774 602 801 999 16 802 233 400 803 706 603 804 727 604 805 549 120 806 688 605 807 632 606 808 18 475 809 235 168 810 317 496 811 900 497 812 483 344 813 411 343 814 518 607 815 694 112 816 369 111 817 1001 608 818 638 213 819 1006 212 820 240 609 821 1055 610 822 180 44 823 898 611 824 639 522 825 624 612 826 477 29 827 365 613 828 374 391 829 991 614 830 161 615 831 218 616 832 473 617 833 1071 618 834 733 127 835 158 126 836 840 619 837 351 390 838 39 389 839 1062 620 840 237 235 841 363 621 842 567 207 843 573 204 844 4 206 845 389 622 846 383 623 847 886 550 848 620 624 849 132 625 850 201 626 851 463 627 852 681 474 853 18 475 854 128 171 855 1087 543 856 129 628 857 558 66 858 753 451 859 908 450 860 525 276 861 33 629 862 359 630 863 448 631 864 74 632 865 82 329 866 593 392 867 374 391 868 365 613 869 810 597 870 462 580 871 185 396 872 220 633 873 866 634 874 632 606 875 374 391 876 154 14 877 1085 635 878 1039 433 879 562 435 880 723 636 881 770 240 882 556 637 883 450 638 884 378 517 885 513 217 886 420 219 887 1044 639 888 122 640 889 123 641 890 447 598 891 810 597 892 185 396 893 618 468 894 387 55 895 798 469 896 761 573 897 537 642 898 801 643 899 184 548 900 622 305 901 623 546 902 276 644 903 273 60 904 746 9 905 637 645 906 645 646 907 20 437 908 195 166 909 198 165 910 645 646 911 685 647 912 502 648 913 1073 242 914 636 649 915 27 650 916 28 651 917 622 305 918 614 420 919 24 652 920 195 166 921 636 649 922 644 167 923 878 653 924 23 654 925 745 70 926 119 655 927 53 656 928 249 147 929 104 194 930 954 657 931 102 658 932 832 221 933 219 659 934 606 660 935 783 291 936 150 226 937 863 661 938 1057 662 939 516 663 940 1065 664 941 1034 665 942 722 345 943 658 347 944 103 666 945 715 667 946 434 20 947 846 524 948 822 668 949 1027 669 950 866 634 951 463 627 952 632 606 953 119 655 954 10 28 955 53 656 956 851 670 957 663 671 958 799 63 959 312 672 960 1047 558 961 945 306 962 1079 508 963 440 507 964 633 1 965 926 308 966 7 472 967 589 673 968 514 263 969 640 265 970 199 674 971 546 321 972 884 320 973 138 349 974 1050 327 975 803 675 976 409 676 977 927 46 978 106 677 979 180 44 980 281 324 981 676 323 982 599 678 983 454 679 984 525 276 985 359 630 986 709 169 987 829 588 988 868 680 989 915 69 990 174 681 991 495 682 992 381 683 993 142 684 994 952 685 995 637 645 996 195 166 997 645 646 998 919 440 999 471 686 1000 384 687 1001 1078 520 1002 157 688 1003 559 689 1004 0 690 1005 1061 691 1006 300 692 1007 735 693 1008 1027 669 1009 178 178 1010 600 277 1011 168 340 1012 829 588 1013 742 393 1014 539 239 1015 345 394 1016 337 56 1017 212 466 1018 446 694 1019 648 695 1020 644 696 1021 28 697 1022 419 698 1023 948 699 1024 311 700 1025 149 701 1026 664 702 1027 617 703 1028 204 366 1029 198 365 1030 648 695 1031 1096 553 1032 558 66 1033 891 65 1034 649 367 1035 22 419 1036 20 421 1037 198 365 1038 649 367 1039 645 704 1040 37 174 1041 761 573 1042 706 603 1043 29 705 1044 906 706 1045 375 707 1046 898 611 1047 940 708 1048 570 709 1049 167 710 1050 768 711 1051 535 712 1052 625 247 1053 321 713 1054 565 714 1055 137 715 1056 547 227 1057 270 545 1058 354 716 1059 351 593 1060 848 717 1061 548 718 1062 1096 553 1063 499 719 1064 294 45 1065 1036 720 1066 371 721 1067 485 722 1068 581 723 1069 55 724 1070 1084 725 1071 1091 726 1072 830 596 1073 267 727 1074 687 728 1075 45 438 1076 482 729 1077 966 730 1078 776 19 1079 709 169 1080 235 168 1081 526 731 1082 957 454 1083 527 446 1084 550 156 1085 416 388 1086 186 15 1087 630 17 1088 1075 732 1089 338 484 1090 409 676 1091 338 484 1092 282 733 1093 275 485 1094 804 734 1095 519 735 1096 343 736 1097 649 367 1098 657 737 1099 24 652 1100 204 366 1101 210 738 1102 657 737 1103 654 184 1104 993 739 1105 402 740 1106 400 741 1107 1084 725 1108 711 595 1109 941 253 1110 85 427 1111 485 722 1112 204 366 1113 648 695 1114 656 577 1115 445 245 1116 719 742 1117 965 243 1118 101 574 1119 315 743 1120 414 744 1121 292 745 1122 415 566 1123 588 150 1124 7 472 1125 189 471 1126 778 746 1127 649 367 1128 24 652 1129 22 419 1130 66 328 1131 214 300 1132 82 329 1133 65 747 1134 646 748 1135 663 671 1136 3 749 1137 555 84 1138 4 86 1139 847 750 1140 1059 751 1141 777 404 1142 560 752 1143 478 115 1144 480 563 1145 340 753 1146 826 754 1147 827 755 1148 564 512 1149 967 77 1150 206 756 1151 857 601 1152 731 449 1153 821 757 1154 656 577 1155 32 758 1156 25 570 1157 89 759 1158 928 353 1159 105 196 1160 730 519 1161 238 587 1162 902 254 1163 355 250 1164 501 760 1165 271 251 1166 729 106 1167 803 675 1168 890 761 1169 286 289 1170 95 155 1171 907 762 1172 986 122 1173 526 731 1174 900 497 1175 163 763 1176 217 764 1177 408 765 1178 167 766 1179 966 767 1180 557 768 1181 845 769 1182 219 659 1183 1035 220 1184 656 577 1185 24 97 1186 657 737 1187 772 770 1188 299 771 1189 58 772 1190 648 695 1191 198 365 1192 644 696 1193 25 570 1194 699 773 1195 129 628 1196 34 229 1197 1051 774 1198 164 775 1199 234 776 1200 390 287 1201 286 777 1202 318 0 1203 958 2 1204 339 778 1205 496 779 1206 493 561 1207 1030 780 1208 1096 553 1209 891 65 1210 499 719 1211 631 331 1212 469 600 1213 958 2 1214 581 723 1215 245 781 1216 1040 782 1217 846 524 1218 142 684 1219 190 783 1220 237 235 1221 1062 620 1222 263 784 1223 1012 785 1224 393 539 1225 109 358 1226 458 786 1227 455 787 1228 984 788 1229 534 789 1230 532 790 1231 1080 791 1232 697 380 1233 134 792 1234 893 793 1235 869 794 1236 306 351 1237 635 795 1238 593 392 1239 901 796 1240 154 14 1241 11 93 1242 603 429 1243 12 94 1244 952 685 1245 142 684 1246 846 524 1247 710 797 1248 964 118 1249 786 798 1250 436 599 1251 556 637 1252 106 677 1253 900 497 1254 935 799 1255 465 134 1256 69 356 1257 659 355 1258 686 175 1259 463 627 1260 18 475 1261 632 606 1262 913 800 1263 835 801 1264 398 802 1265 26 314 1266 671 803 1267 27 804 1268 26 314 1269 221 805 1270 671 803 1271 426 806 1272 1037 807 1273 332 808 1274 561 540 1275 880 177 1276 416 388 1277 367 809 1278 811 810 1279 1028 811 1280 478 115 1281 560 752 1282 528 317 1283 303 575 1284 414 744 1285 970 812 1286 287 260 1287 228 813 1288 208 814 1289 817 567 1290 642 815 1291 486 816 1292 373 290 1293 681 474 1294 216 246 1295 495 682 1296 595 817 1297 915 69 1298 899 128 1299 1061 691 1300 158 126 1301 215 818 1302 13 819 1303 858 74 1304 965 243 1305 1020 102 1306 1024 104 1307 647 5 1308 901 796 1309 593 392 1310 979 820 1311 903 821 1312 544 181 1313 671 822 1314 679 823 1315 28 651 1316 221 824 1317 224 825 1318 679 823 1319 472 826 1320 1049 827 1321 264 534 1322 670 828 1323 35 829 1324 36 830 1325 19 412 1326 195 530 1327 637 645 1328 221 824 1329 670 828 1330 678 831 1331 518 607 1332 902 254 1333 477 29 1334 1044 639 1335 507 832 1336 122 640 1337 214 300 1338 577 299 1339 864 833 1340 326 834 1341 267 727 1342 45 438 1343 857 601 1344 937 143 1345 731 449 1346 515 113 1347 1008 369 1348 865 138 1349 402 740 1350 1089 835 1351 654 184 1352 454 679 1353 639 522 1354 10 28 1355 520 836 1356 930 837 1357 87 838 1358 752 839 1359 1075 732 1360 523 105 1361 219 659 1362 845 769 1363 808 840 1364 241 405 1365 133 841 1366 437 406 1367 835 801 1368 913 800 1369 665 842 1370 967 77 1371 1021 843 1372 206 756 1373 444 844 1374 438 845 1375 962 319 1376 873 846 1377 491 465 1378 1093 847 1379 771 478 1380 650 848 1381 461 849 1382 314 850 1383 308 851 1384 792 852 1385 439 109 1386 897 853 1387 918 110 1388 544 181 1389 150 226 1390 396 342 1391 803 675 1392 729 106 1393 523 105 1394 93 854 1395 621 135 1396 275 485 1397 1070 855 1398 715 667 1399 127 426 1400 842 311 1401 616 856 1402 98 504 1403 352 857 1404 145 858 1405 718 859 1406 120 860 1407 522 172 1408 1030 780 1409 130 48 1410 1013 47 1411 876 861 1412 810 597 1413 436 599 1414 358 862 1415 178 178 1416 561 540 1417 936 310 1418 552 425 1419 71 863 1420 956 864 1421 320 71 1422 786 798 1423 983 335 1424 168 340 1425 868 680 1426 829 588 1427 682 185 1428 678 187 1429 36 865 1430 1021 843 1431 931 866 1432 206 756 1433 330 510 1434 322 867 1435 562 435 1436 230 868 1437 224 186 1438 682 185 1439 57 869 1440 227 870 1441 176 488 1442 683 871 1443 30 872 1444 28 697 1445 224 186 1446 683 871 1447 679 873 1448 828 874 1449 242 201 1450 1029 149 1451 714 875 1452 905 876 1453 468 877 1454 149 701 1455 331 4 1456 975 502 1457 5 878 1458 13 819 1459 948 699 1460 1006 212 1461 1038 286 1462 240 609 1463 463 627 1464 702 879 1465 681 474 1466 741 498 1467 153 880 1468 632 606 1469 142 684 1470 381 683 1471 919 440 1472 568 363 1473 98 504 1474 222 571 1475 905 876 1476 714 875 1477 65 747 1478 695 91 1479 888 129 1480 856 131 1481 879 557 1482 613 21 1483 252 23 1484 456 509 1485 1079 508 1486 410 881 1487 1063 882 1488 318 0 1489 284 883 1490 371 721 1491 938 123 1492 179 125 1493 251 434 1494 1039 433 1495 524 141 1496 1062 620 1497 604 413 1498 263 784 1499 339 778 1500 228 813 1501 287 260 1502 89 759 1503 699 773 1504 73 303 1505 683 871 1506 691 884 1507 32 885 1508 230 868 1509 236 886 1510 691 884 1511 893 793 1512 789 887 1513 476 888 1514 564 512 1515 720 75 1516 967 77 1517 157 688 1518 674 889 1519 559 689 1520 230 868 1521 682 185 1522 690 325 1523 219 659 1524 832 221 1525 1035 220 1526 154 14 1527 949 890 1528 1085 635 1529 480 891 1530 478 293 1531 359 630 1532 831 892 1533 591 893 1534 7 472 1535 683 871 1536 32 885 1537 30 872 1538 338 484 1539 981 894 1540 501 760 1541 294 45 1542 180 44 1543 289 895 1544 955 896 1545 438 845 1546 963 897 1547 1004 189 1548 744 898 1549 1027 669 1550 752 839 1551 981 894 1552 1075 732 1553 1091 726 1554 317 496 1555 830 596 1556 506 374 1557 384 687 1558 349 375 1559 476 888 1560 595 817 1561 202 899 1562 690 325 1563 40 900 1564 724 386 1565 88 901 1566 928 353 1567 89 759 1568 742 393 1569 973 592 1570 539 239 1571 812 902 1572 79 903 1573 946 904 1574 114 346 1575 666 248 1576 658 347 1577 972 456 1578 1097 905 1579 828 874 1580 952 685 1581 846 524 1582 1027 669 1583 1019 906 1584 1023 560 1585 108 907 1586 1088 461 1587 653 460 1588 479 908 1589 293 909 1590 536 568 1591 968 284 1592 690 325 1593 32 758 1594 691 884 1595 433 910 1596 582 911 1597 993 739 1598 432 912 1599 429 913 1600 950 914 1601 170 915 1602 629 916 1603 838 572 1604 852 158 1605 354 917 1606 848 918 1607 994 258 1608 960 919 1609 296 259 1610 875 920 1611 377 921 1612 883 922 1613 540 923 1614 575 145 1615 800 334 1616 699 773 1617 25 570 1618 49 924 1619 579 925 1620 1059 751 1621 867 926 1622 787 527 1623 953 57 1624 428 927 1625 268 119 1626 964 118 1627 802 487 1628 192 928 1629 1028 811 1630 823 929 1631 1008 369 1632 764 491 1633 865 138 1634 984 788 1635 976 930 1636 108 931 1637 1080 791 1638 1076 932 1639 4 86 1640 336 463 1641 932 130 1642 609 464 1643 910 933 1644 742 393 1645 551 395 1646 627 381 1647 476 888 1648 202 899 1649 26 314 1650 58 772 1651 305 934 1652 236 886 1653 690 325 1654 691 884 1655 388 256 1656 133 841 1657 872 935 1658 66 328 1659 689 298 1660 214 300 1661 688 605 1662 722 345 1663 1034 665 1664 87 838 1665 196 936 1666 139 210 1667 1084 582 1668 825 937 1669 223 424 1670 893 793 1671 134 792 1672 769 938 1673 247 315 1674 705 939 1675 35 316 1676 491 465 1677 873 846 1678 844 116 1679 700 940 1680 453 941 1681 461 849 1682 704 942 1683 305 934 1684 43 943 1685 677 944 1686 130 48 1687 876 861 1688 604 413 1689 81 945 1690 263 784 1691 288 946 1692 285 947 1693 758 948 1694 659 355 1695 684 357 1696 355 250 1697 269 949 1698 165 36 1699 971 458 1700 885 950 1701 275 485 1702 684 357 1703 366 951 1704 360 952 1705 860 302 1706 223 424 1707 298 953 1708 382 422 1709 442 418 1710 1000 494 1711 1002 954 1712 949 890 1713 925 955 1714 1085 635 1715 866 414 1716 220 956 1717 914 415 1718 973 592 1719 742 393 1720 529 957 1721 705 958 1722 713 959 1723 36 830 1724 247 960 1725 250 961 1726 713 959 1727 626 962 1728 794 963 1729 763 964 1730 704 965 1731 43 966 1732 44 967 1733 1021 843 1734 967 77 1735 398 802 1736 247 960 1737 704 965 1738 712 968 1739 518 607 1740 624 612 1741 483 344 1742 381 683 1743 45 438 1744 919 440 1745 633 1 1746 762 506 1747 958 2 1748 2 257 1749 388 256 1750 152 591 1751 546 321 1752 138 349 1753 293 909 1754 1005 969 1755 333 970 1756 329 971 1757 298 953 1758 261 972 1759 382 422 1760 656 577 1761 648 695 1762 32 885 1763 574 973 1764 835 801 1765 816 974 1766 138 349 1767 333 970 1768 293 909 1769 731 449 1770 795 252 1771 821 757 1772 778 746 1773 34 229 1774 164 775 1775 368 975 1776 931 866 1777 254 222 1778 335 976 1779 225 182 1780 548 718 1781 13 819 1782 215 818 1783 948 699 1784 380 977 1785 377 921 1786 882 978 1787 346 209 1788 873 979 1789 87 838 1790 153 880 1791 220 633 1792 632 606 1793 1074 511 1794 251 434 1795 564 512 1796 705 958 1797 247 960 1798 713 959 1799 177 980 1800 597 139 1801 667 501 1802 227 870 1803 569 476 1804 176 488 1805 837 58 1806 520 981 1807 1093 847 1808 981 894 1809 752 839 1810 271 251 1811 310 982 1812 297 565 1813 33 564 1814 417 467 1815 696 554 1816 244 556 1817 685 983 1818 313 984 1819 570 709 1820 519 735 1821 739 985 1822 111 986 1823 61 581 1824 810 597 1825 358 862 1826 210 738 1827 204 366 1828 656 577 1829 776 19 1830 966 730 1831 535 712 1832 209 341 1833 1060 987 1834 726 988 1835 716 989 1836 712 990 1837 44 991 1838 283 233 1839 541 992 1840 766 993 1841 1055 610 1842 1041 994 1843 983 335 1844 256 995 1845 250 996 1846 716 989 1847 277 997 1848 226 423 1849 382 422 1850 717 998 1851 38 999 1852 36 865 1853 250 996 1854 717 998 1855 713 1000 1856 675 154 1857 907 762 1858 95 155 1859 821 757 1860 752 839 1861 372 107 1862 938 123 1863 371 721 1864 974 1001 1865 660 1002 1866 1071 618 1867 158 126 1868 463 627 1869 866 634 1870 702 879 1871 947 1003 1872 1062 620 1873 363 621 1874 660 1002 1875 134 792 1876 650 848 1877 1004 189 1878 583 513 1879 744 898 1880 441 1004 1881 878 653 1882 745 70 1883 785 1005 1884 308 851 1885 793 1006 1886 631 331 1887 173 1007 1888 479 908 1889 223 424 1890 825 937 1891 298 953 1892 1095 1008 1893 479 908 1894 653 460 1895 234 776 1896 907 1009 1897 530 505 1898 246 1010 1899 940 708 1900 106 677 1901 509 1011 1902 552 425 1903 673 1012 1904 461 849 1905 836 1013 1906 569 476 1907 732 1014 1908 265 170 1909 709 169 1910 894 1015 1911 886 550 1912 88 901 1913 717 998 1914 725 387 1915 40 326 1916 256 995 1917 262 385 1918 725 387 1919 31 40 1920 1025 1016 1921 843 37 1922 766 993 1923 576 164 1924 889 163 1925 356 228 1926 411 343 1927 396 342 1928 256 995 1929 716 989 1930 724 386 1931 581 723 1932 991 614 1933 55 724 1934 103 666 1935 163 763 1936 408 765 1937 624 612 1938 518 607 1939 477 29 1940 887 1017 1941 389 622 1942 895 1018 1943 717 998 1944 40 326 1945 38 999 1946 923 283 1947 755 282 1948 263 784 1949 1060 987 1950 692 1019 1951 141 1020 1952 506 374 1953 190 783 1954 919 440 1955 724 386 1956 49 924 1957 25 570 1958 592 1021 1959 79 1022 1960 342 322 1961 614 420 1962 175 407 1963 610 409 1964 842 311 1965 601 503 1966 1049 827 1967 482 383 1968 557 768 1969 966 767 1970 724 386 1971 48 1023 1972 49 924 1973 860 302 1974 852 158 1975 80 157 1976 853 1024 1977 360 952 1978 861 1025 1979 638 213 1980 240 609 1981 1032 470 1982 961 417 1983 608 1026 1984 442 418 1985 322 867 1986 779 1027 1987 474 1028 1988 663 671 1989 309 121 1990 737 1029 1991 401 73 1992 313 984 1993 1073 242 1994 931 866 1995 368 975 1996 330 510 1997 862 264 1998 201 626 1999 935 799 2000 724 386 2001 40 900 2002 725 387 2003 693 234 2004 336 463 2005 63 1030 2006 943 1031 2007 429 913 2008 951 1032 2009 805 1033 2010 291 1034 2011 736 1035 2012 1069 218 2013 513 217 2014 55 724 2015 120 1036 2016 1022 296 2017 118 295 2018 354 917 2019 360 952 2020 853 1024 2021 549 120 2022 986 122 2023 274 162 2024 563 339 2025 892 536 2026 736 1035 2027 482 383 2028 922 382 2029 557 768 2030 950 914 2031 942 1037 2032 100 1038 2033 545 38 2034 202 899 2035 595 817 2036 259 1039 2037 400 741 2038 711 595 2039 127 426 2040 552 425 2041 956 864 2042 977 1040 2043 455 787 2044 985 1041 2045 1077 1042 2046 532 790 2047 1081 1043 2048 123 1044 2049 1077 1042 2050 124 1045 2051 446 694 2052 813 526 2053 953 57 2054 251 434 2055 720 75 2056 564 512 2057 310 275 2058 324 274 2059 50 146 2060 335 1046 2061 203 1047 2062 693 234 2063 680 249 2064 517 211 2065 638 213 2066 170 915 2067 616 856 2068 370 313 2069 944 1048 2070 521 490 2071 974 1001 2072 667 501 2073 723 636 2074 813 526 2075 600 277 2076 760 279 2077 168 340 2078 662 151 2079 1046 230 2080 34 229 2081 490 1049 2082 687 728 2083 77 1050 2084 196 936 2085 930 837 2086 399 1051 2087 365 613 2088 367 809 2089 188 3 2090 196 936 2091 443 1052 2092 139 210 2093 733 127 2094 1071 618 2095 431 1053 2096 344 1054 2097 192 928 2098 823 929 2099 511 1055 2100 71 863 2101 794 963 2102 430 448 2103 662 151 2104 911 153 2105 273 1056 2106 305 934 2107 51 1057 2108 727 604 2109 653 460 2110 549 120 2111 447 598 2112 185 396 2113 97 1058 2114 208 814 2115 372 107 2116 222 571 2117 940 708 2118 502 648 2119 570 709 2120 673 1012 2121 390 287 2122 809 307 2123 824 535 2124 607 1059 2125 805 1033 2126 411 343 2127 356 228 2128 902 254 2129 305 59 2130 747 61 2131 44 967 2132 273 60 2133 276 644 2134 747 61 2135 384 687 2136 695 91 2137 349 375 2138 738 10 2139 51 1057 2140 52 11 2141 362 79 2142 283 233 2143 766 993 2144 273 60 2145 738 10 2146 746 9 2147 495 682 2148 165 36 2149 545 38 2150 467 1060 2151 845 769 2152 816 974 2153 925 955 2154 590 1061 2155 489 333 2156 832 221 2157 854 1062 2158 779 1027 2159 238 587 2160 193 402 2161 477 29 2162 687 728 2163 490 1049 2164 748 439 2165 606 660 2166 219 659 2167 808 840 2168 502 648 2169 685 983 2170 570 709 2171 399 1051 2172 930 837 2173 42 1063 2174 276 1064 2175 279 1065 2176 747 1066 2177 578 1067 2178 255 1068 2179 529 957 2180 592 1069 2181 933 1070 2182 9 1071 2183 626 962 2184 301 18 2185 794 963 2186 688 605 2187 1034 665 2188 587 83 2189 926 308 2190 393 539 2191 1003 473 2192 951 1072 2193 955 896 2194 92 1073 2195 183 1074 2196 904 1075 2197 624 612 2198 620 533 2199 159 1076 2200 553 312 2201 995 586 2202 1017 379 2203 627 381 2204 933 1077 2205 592 1021 2206 342 322 2207 261 972 2208 298 953 2209 876 861 2210 10 28 2211 119 655 2212 454 679 2213 83 1078 2214 403 1079 2215 909 1080 2216 1042 1081 2217 23 654 2218 769 938 2219 866 414 2220 604 413 2221 9 1071 2222 279 1065 2223 285 947 2224 751 1082 2225 802 487 2226 710 797 2227 57 869 2228 486 816 2229 536 568 2230 817 567 2231 560 752 2232 480 563 2233 297 565 2234 17 1083 2235 327 1084 2236 1047 1085 2237 430 448 2238 609 464 2239 932 130 2240 556 637 2241 436 599 2242 450 638 2243 750 1086 2244 746 1087 2245 52 1088 2246 314 850 2247 792 852 2248 793 1006 2249 1007 1089 2250 295 1090 2251 497 49 2252 745 70 2253 23 654 2254 867 926 2255 329 971 2256 353 148 2257 415 566 2258 751 1082 2259 46 1091 2260 44 991 2261 279 1065 2262 751 1082 2263 747 1066 2264 245 781 2265 543 101 2266 1040 782 2267 133 841 2268 388 256 2269 530 505 2270 728 103 2271 1020 102 2272 427 531 2273 1069 218 2274 374 391 2275 1085 635 2276 689 298 2277 488 136 2278 859 1092 2279 174 1093 2280 847 750 2281 777 404 2282 307 1094 2283 277 997 2284 382 422 2285 205 516 2286 243 515 2287 483 344 2288 224 825 2289 221 824 2290 678 831 2291 505 1095 2292 188 3 2293 367 809 2294 248 1096 2295 728 103 2296 439 109 2297 873 846 2298 1067 114 2299 844 116 2300 388 256 2301 187 255 2302 961 417 2303 563 1097 2304 868 680 2305 168 340 2306 616 856 2307 842 311 2308 370 313 2309 1090 76 2310 720 75 2311 143 140 2312 174 681 2313 879 557 2314 495 682 2315 392 1098 2316 894 1015 2317 895 1018 2318 145 858 2319 939 1099 2320 548 718 2321 751 1082 2322 759 1100 2323 48 1023 2324 285 947 2325 288 946 2326 759 1100 2327 362 79 2328 121 81 2329 290 232 2330 146 1101 2331 103 666 2332 408 765 2333 1048 569 2334 433 910 2335 993 739 2336 285 947 2337 750 1086 2338 758 948 2339 289 895 2340 1025 1016 2341 1002 954 2342 434 20 2343 776 19 2344 535 712 2345 611 459 2346 615 493 2347 12 193 2348 266 1102 2349 565 714 2350 599 678 2351 751 1082 2352 48 1023 2353 46 1091 2354 562 435 2355 322 867 2356 723 636 2357 925 955 2358 949 890 2359 590 1061 2360 959 142 2361 37 174 2362 1014 173 2363 855 1103 2364 730 519 2365 571 518 2366 484 1104 2367 481 1105 2368 1018 1106 2369 144 1107 2370 1051 774 2371 655 231 2372 101 574 2373 407 576 2374 166 544 2375 404 108 2376 714 875 2377 468 877 2378 758 948 2379 56 1108 2380 792 852 2381 419 698 2382 310 982 2383 948 699 2384 266 1102 2385 718 859 2386 531 67 2387 312 1109 2388 260 416 2389 1047 1085 2390 966 730 2391 167 710 2392 535 712 2393 541 992 2394 899 128 2395 766 993 2396 437 406 2397 530 505 2398 907 1009 2399 304 1110 2400 379 197 2401 41 80 2402 832 221 2403 779 1027 2404 254 222 2405 634 411 2406 136 41 2407 122 640 2408 758 948 2409 48 1023 2410 759 1100 2411 897 853 2412 125 1111 2413 580 1112 2414 70 1113 2415 818 1114 2416 68 1115 2417 185 396 2418 462 580 2419 179 125 2420 164 775 2421 7 472 2422 778 746 2423 1095 1008 2424 182 1116 2425 479 908 2426 645 704 2427 649 367 2428 20 421 2429 595 817 2430 476 888 2431 789 887 2432 265 170 2433 711 595 2434 235 168 2435 554 50 2436 136 41 2437 634 411 2438 278 1117 2439 734 223 2440 296 259 2441 279 1065 2442 276 1064 2443 746 1087 2444 469 600 2445 990 1118 2446 857 601 2447 402 452 2448 582 911 2449 908 450 2450 109 358 2451 393 539 2452 232 538 2453 184 548 2454 181 492 2455 622 305 2456 1024 104 2457 596 244 2458 965 243 2459 773 1119 2460 299 1120 2461 781 1121 2462 777 404 2463 1059 751 2464 121 81 2465 1036 720 2466 1000 494 2467 944 1048 2468 675 154 2469 437 406 2470 907 762 2471 448 631 2472 460 1122 2473 405 1123 2474 419 698 2475 452 1124 2476 297 565 2477 1094 117 2478 268 119 2479 533 585 2480 1030 780 2481 1 1125 2482 105 196 2483 29 705 2484 323 238 2485 1072 1126 2486 646 748 2487 918 110 2488 661 1127 2489 593 392 2490 365 613 2491 647 5 2492 63 1030 2493 335 1046 2494 693 234 2495 825 937 2496 1084 582 2497 797 584 2498 735 693 2499 267 727 2500 326 834 2501 681 474 2502 702 879 2503 216 246 2504 325 377 2505 351 390 2506 67 378 2507 1079 508 2508 633 1 2509 410 881 2510 183 1074 2511 982 208 2512 443 1052 2513 472 826 2514 620 533 2515 553 312 2516 886 550 2517 383 623 2518 882 1128 2519 207 1129 2520 253 179 2521 544 181 2522 285 947 2523 279 1065 2524 750 1086 2525 246 1010 2526 556 637 2527 770 240 2528 600 277 2529 829 588 2530 765 278 2531 79 903 2532 947 1003 2533 363 621 2534 880 177 2535 231 176 2536 186 15 2537 773 1119 2538 781 1121 2539 52 11 2540 299 1120 2541 302 1130 2542 781 1121 2543 712 968 2544 704 965 2545 44 967 2546 772 1131 2547 59 1132 2548 60 1133 2549 615 493 2550 181 492 2551 623 546 2552 299 1120 2553 772 1131 2554 780 1134 2555 168 340 2556 692 1019 2557 209 341 2558 383 623 2559 380 1135 2560 882 1128 2561 629 916 2562 497 49 2563 222 571 2564 698 124 2565 185 396 2566 179 125 2567 47 1136 2568 576 164 2569 766 993 2570 715 667 2571 103 666 2572 146 1101 2573 576 164 2574 957 454 2575 550 156 2576 509 1011 2577 673 1012 2578 809 307 2579 643 288 2580 390 287 2581 673 1012 2582 1091 726 2583 640 265 2584 317 496 2585 415 566 2586 353 148 2587 588 150 2588 467 1060 2589 835 801 2590 483 344 2591 163 763 2592 103 666 2593 434 20 2594 488 136 2595 66 328 2596 1066 137 2597 578 1067 2598 529 957 2599 742 393 2600 752 839 2601 523 105 2602 372 107 2603 1011 1137 2604 207 1129 2605 665 842 2606 71 863 2607 511 1055 2608 956 864 2609 742 393 2610 594 1138 2611 578 1067 2612 259 1139 2613 732 1140 2614 736 1035 2615 748 439 2616 471 686 2617 919 440 2618 188 3 2619 505 1095 2620 975 502 2621 509 1011 2622 763 964 2623 794 963 2624 536 568 2625 293 909 2626 1005 969 2627 224 186 2628 230 868 2629 683 871 2630 443 1052 2631 904 1075 2632 183 1074 2633 964 118 2634 1094 117 2635 775 1141 2636 61 581 2637 358 862 2638 927 46 2639 366 951 2640 860 302 2641 861 1025 2642 45 438 2643 687 728 2644 748 439 2645 1058 1142 2646 652 190 2647 743 525 2648 259 1139 2649 291 1034 2650 797 584 2651 784 1143 2652 780 1144 2653 60 1145 2654 702 879 2655 933 1077 2656 342 322 2657 987 1146 2658 508 202 2659 828 874 2660 308 851 2661 302 1147 2662 784 1143 2663 122 640 2664 136 41 2665 3 43 2666 785 1005 2667 54 1148 2668 52 1088 2669 302 1147 2670 785 1005 2671 781 1149 2672 678 831 2673 670 828 2674 36 830 2675 967 77 2676 1090 76 2677 391 1150 2678 110 1151 2679 988 1152 2680 108 907 2681 826 754 2682 818 1114 2683 72 301 2684 835 801 2685 665 842 2686 483 344 2687 266 1102 2688 531 67 2689 625 247 2690 413 1153 2691 798 469 2692 680 249 2693 757 373 2694 856 131 2695 755 282 2696 207 1129 2697 924 1154 2698 1072 1126 2699 978 161 2700 706 603 2701 274 162 2702 594 1138 2703 421 1155 2704 970 812 2705 925 955 2706 571 1156 2707 1085 635 2708 890 761 2709 82 329 2710 74 632 2711 745 70 2712 915 69 2713 595 817 2714 177 980 2715 906 706 2716 597 139 2717 99 1157 2718 977 1040 2719 100 1038 2720 183 1074 2721 624 612 2722 639 522 2723 772 770 2724 325 377 2725 59 1158 2726 154 14 2727 901 796 2728 331 4 2729 785 1005 2730 793 1006 2731 56 1159 2732 308 851 2733 314 850 2734 793 1006 2735 51 1057 2736 299 771 2737 773 1119 2738 435 1160 2739 355 250 2740 394 1161 2741 728 103 2742 427 531 2743 141 1020 2744 308 851 2745 784 1143 2746 792 852 2747 547 227 2748 137 715 2749 356 228 2750 239 1162 2751 631 331 2752 182 1116 2753 906 706 2754 924 1154 2755 143 140 2756 376 90 2757 655 231 2758 888 129 2759 785 1005 2760 56 1159 2761 54 1148 2762 331 4 2763 901 796 2764 647 5 2765 45 438 2766 381 683 2767 326 834 2768 407 576 2769 421 1155 2770 1033 1163 2771 792 852 2772 699 773 2773 49 924 2774 1018 1106 2775 1010 1164 2776 116 1165 2777 927 46 2778 358 862 2779 106 677 2780 101 574 2781 783 291 2782 315 743 2783 792 852 2784 73 303 2785 699 773 2786 792 852 2787 64 1166 2788 73 303 2789 757 373 2790 755 282 2791 968 284 2792 309 121 2793 526 731 2794 986 122 2795 987 1146 2796 828 874 2797 1097 905 2798 361 1167 2799 774 1168 2800 635 795 2801 375 707 2802 871 552 2803 539 239 2804 272 589 2805 829 588 2806 309 121 2807 736 1035 2808 824 535 2809 805 1033 2810 490 1049 2811 695 91 2812 471 686 2813 618 468 2814 417 467 2815 244 556 2816 792 852 2817 56 1108 2818 793 1006 2819 69 356 2820 885 950 2821 684 357 2822 243 515 2823 845 769 2824 467 1060 2825 1060 987 2826 586 224 2827 726 988 2828 232 538 2829 433 910 2830 109 358 2831 947 1003 2832 592 1069 2833 9 1071 2834 1068 1169 2835 378 517 2836 902 254 2837 527 446 2838 466 1170 2839 550 156 2840 424 294 2841 982 208 2842 559 689 2843 762 506 2844 1088 461 2845 479 908 2846 1024 104 2847 728 103 2848 248 1096 2849 747 1066 2850 751 1082 2851 44 991 2852 344 1054 2853 151 1171 2854 969 1172 2855 768 711 2856 791 214 2857 512 216 2858 15 1173 2859 455 267 2860 429 266 2861 987 1146 2862 111 986 2863 739 985 2864 864 833 2865 422 160 2866 274 162 2867 452 1124 2868 419 698 2869 617 703 2870 406 1174 2871 412 1175 2872 921 1176 2873 373 290 2874 114 346 2875 18 475 2876 503 348 2877 514 1177 2878 226 423 2879 23 654 2880 0 690 2881 867 926 2882 406 1178 2883 403 1179 2884 916 1180 2885 468 877 2886 905 876 2887 596 244 2888 1093 847 2889 491 465 2890 337 56 2891 543 101 2892 245 781 2893 788 428 2894 620 533 2895 472 826 2896 264 534 2897 325 377 2898 807 1181 2899 59 1158 2900 374 391 2901 55 724 2902 991 614 2903 353 148 2904 213 455 2905 1029 149 2906 520 836 2907 347 528 2908 606 660 2909 260 416 2910 312 1109 2911 961 417 2912 85 427 2913 581 723 2914 485 722 2915 818 1114 2916 328 1182 2917 814 1183 2918 729 106 2919 890 761 2920 74 1184 2921 426 806 2922 255 1068 2923 619 1185 2924 347 528 2925 832 221 2926 606 660 2927 97 1058 2928 200 453 2929 957 454 2930 325 377 2931 772 770 2932 58 772 2933 771 478 2934 660 1002 2935 650 848 2936 275 485 2937 885 950 2938 395 1186 2939 42 1063 2940 930 837 2941 606 660 2942 395 1186 2943 651 1187 2944 978 161 2945 807 24 2946 815 26 2947 60 1133 2948 325 25 2949 328 1188 2950 815 26 2951 744 898 2952 147 285 2953 131 1189 2954 806 31 2955 67 360 2956 68 32 2957 296 259 2958 960 919 2959 278 1117 2960 325 25 2961 806 31 2962 814 30 2963 1084 725 2964 830 596 2965 711 595 2966 121 81 2967 1059 751 2968 290 1190 2969 753 1191 2970 1089 835 2971 402 740 2972 353 148 2973 329 971 2974 138 349 2975 668 1192 2976 557 768 2977 269 949 2978 1056 34 2979 510 1193 2980 1052 1194 2981 295 1090 2982 208 814 2983 222 571 2984 164 775 2985 831 892 2986 7 472 2987 816 974 2988 835 801 2989 467 1060 2990 752 839 2991 795 252 2992 271 251 2993 508 202 2994 739 985 2995 197 203 2996 509 1011 2997 71 863 2998 552 425 2999 512 216 3000 379 197 3001 408 765 3002 994 258 3003 824 535 3004 960 919 3005 499 719 3006 145 858 3007 548 718 3008 262 385 3009 256 995 3010 724 386 3011 613 215 3012 174 1093 3013 777 404 3014 462 580 3015 294 45 3016 179 125 3017 811 810 3018 581 723 3019 1028 811 3020 26 314 3021 195 530 3022 19 412 3023 234 776 3024 945 306 3025 390 287 3026 668 1192 3027 768 457 3028 167 766 3029 476 888 3030 627 381 3031 697 380 3032 891 65 3033 718 859 3034 499 719 3035 795 252 3036 752 839 3037 821 757 3038 304 1110 3039 146 1101 3040 408 765 3041 903 821 3042 332 808 3043 544 181 3044 376 90 3045 144 1107 3046 655 231 3047 604 413 3048 1062 620 3049 9 1071 3050 139 210 3051 346 209 3052 87 838 3053 1061 691 3054 0 690 3055 1042 1081 3056 225 182 3057 1089 835 3058 548 718 3059 818 1114 3060 814 1183 3061 68 1115 3062 398 802 3063 967 77 3064 913 800 3065 848 717 3066 840 1195 3067 76 1196 3068 334 1197 3069 328 1182 3070 818 1114 3071 156 262 3072 148 199 3073 584 270 3074 819 1198 3075 62 1199 3076 60 1145 3077 328 1182 3078 819 1198 3079 815 1200 3080 727 604 3081 706 603 3082 801 643 3083 302 1147 3084 308 851 3085 785 1005 3086 701 1201 3087 799 63 3088 423 62 3089 331 4 3090 149 701 3091 1092 12 3092 442 418 3093 31 40 3094 260 416 3095 231 176 3096 987 1146 3097 186 15 3098 1011 1137 3099 913 800 3100 391 1150 3101 431 1053 3102 1071 618 3103 500 477 3104 831 892 3105 144 1107 3106 319 89 3107 430 448 3108 796 1202 3109 609 464 3110 433 910 3111 1048 569 3112 756 359 3113 692 1019 3114 1060 987 3115 209 341 3116 1020 102 3117 719 742 3118 427 531 3119 209 341 3120 726 988 3121 278 1203 3122 904 1075 3123 205 516 3124 483 344 3125 603 429 3126 169 431 3127 611 430 3128 782 180 3129 973 592 3130 529 957 3131 293 909 3132 923 283 3133 546 321 3134 978 161 3135 422 160 3136 93 854 3137 819 1198 3138 827 755 3139 64 1204 3140 334 1197 3141 340 753 3142 827 755 3143 535 712 3144 163 763 3145 434 20 3146 227 870 3147 57 869 3148 870 1205 3149 1087 543 3150 1086 96 3151 129 628 3152 334 1197 3153 818 1114 3154 826 754 3155 1071 618 3156 660 1002 3157 500 477 3158 488 136 3159 93 854 3160 422 160 3161 540 923 3162 800 334 3163 590 1061 3164 234 776 3165 286 777 3166 907 1009 3167 819 1198 3168 64 1204 3169 62 1199 3170 603 51 3171 554 50 3172 634 411 3173 723 636 3174 474 1028 3175 813 526 3176 683 871 3177 230 868 3178 691 884 3179 66 328 3180 1050 327 3181 409 676 3182 15 1206 3183 481 1105 3184 1019 1207 3185 941 253 3186 485 722 3187 1068 1169 3188 460 1122 3189 264 534 3190 1049 827 3191 258 82 3192 999 16 3193 774 602 3194 826 754 3195 72 301 3196 73 303 3197 761 573 3198 959 142 3199 537 642 3200 105 196 3201 1 1125 3202 89 759 3203 214 300 3204 191 1208 3205 82 329 3206 633 1 3207 440 507 3208 762 506 3209 786 798 3210 964 118 3211 775 1141 3212 728 103 3213 125 1111 3214 439 109 3215 715 667 3216 754 1209 3217 127 426 3218 758 948 3219 750 1086 3220 56 1159 3221 519 735 3222 111 986 3223 343 736 3224 826 754 3225 64 1166 3226 827 755 3227 1028 811 3228 1040 782 3229 823 929 3230 503 348 3231 226 423 3232 277 997 3233 442 418 3234 608 1026 3235 457 495 3236 850 188 3237 498 1210 3238 1004 189 3239 720 75 3240 251 434 3241 524 141 3242 492 368 3243 1008 369 3244 504 397 3245 958 2 3246 857 601 3247 339 778 3248 439 109 3249 404 108 3250 468 877 3251 371 721 3252 179 125 3253 294 45 3254 421 1155 3255 303 575 3256 970 812 3257 855 1103 3258 238 587 3259 730 519 3260 327 1084 3261 17 1083 3262 605 384 3263 312 672 3264 234 776 3265 530 505 3266 47 1136 3267 766 993 3268 870 1205 3269 672 521 3270 982 208 3271 183 1074 3272 738 10 3273 273 1056 3274 51 1057 3275 847 750 3276 745 70 3277 867 926 3278 1090 76 3279 143 140 3280 391 1150 3281 41 80 3282 379 197 3283 385 78 3284 373 290 3285 666 248 3286 114 346 3287 25 570 3288 129 628 3289 585 95 3290 132 625 3291 316 132 3292 465 134 3293 310 275 3294 33 629 3295 525 276 3296 178 178 3297 880 177 3298 561 540 3299 972 456 3300 828 874 3301 1029 149 3302 719 742 3303 445 245 3304 284 883 3305 351 390 3306 841 1211 3307 67 378 3308 465 134 3309 864 833 3310 274 162 3311 718 859 3312 266 1102 3313 599 678 3314 840 619 3315 875 1212 3316 75 1213 3317 144 1107 3318 831 892 3319 164 775 3320 936 310 3321 735 693 3322 178 178 3323 320 71 3324 401 73 3325 229 1214 3326 432 1215 3327 438 845 3328 955 896 3329 246 1010 3330 502 648 3331 940 708 3332 421 1155 3333 505 1095 3334 151 1171 3335 1072 1126 3336 253 179 3337 207 1129 3338 379 197 3339 304 1110 3340 408 765 3341 1032 470 3342 506 374 3343 757 373 3344 221 805 3345 26 314 3346 670 1216 3347 215 818 3348 858 74 3349 149 701 3350 496 779 3351 1030 780 3352 1031 562 3353 841 361 3354 849 594 3355 68 32 3356 351 593 3357 354 716 3358 849 594 3359 112 1217 3360 988 1152 3361 110 1151 3362 840 1195 3363 75 1218 3364 76 1196 3365 206 756 3366 330 510 3367 564 512 3368 351 593 3369 840 1195 3370 848 717 3371 310 982 3372 5 878 3373 948 699 3374 510 1219 3375 507 444 3376 1052 1220 3377 453 941 3378 995 586 3379 980 1221 3380 550 156 3381 643 288 3382 127 426 3383 994 258 3384 287 260 3385 295 1090 3386 925 955 3387 489 333 3388 855 1222 3389 211 281 3390 1095 1008 3391 727 604 3392 649 367 3393 204 366 3394 657 737 3395 243 515 3396 467 1060 3397 483 344 3398 172 432 3399 169 431 3400 610 441 3401 1088 461 3402 440 507 3403 423 62 3404 923 283 3405 81 945 3406 628 6 3407 641 1223 3408 1084 582 3409 223 424 3410 289 895 3411 202 899 3412 1025 1016 3413 636 529 3414 26 314 3415 27 804 3416 653 460 3417 386 64 3418 737 1029 3419 938 123 3420 703 489 3421 764 491 3422 95 155 3423 643 288 3424 550 156 3425 357 1224 3426 364 309 3427 589 673 3428 259 1039 3429 265 170 3430 732 1014 3431 877 152 3432 662 151 3433 34 229 3434 902 254 3435 238 587 3436 477 29 3437 134 792 3438 660 1002 3439 769 938 3440 272 589 3441 661 1127 3442 897 853 3443 218 616 3444 348 1225 3445 1063 882 3446 1030 780 3447 522 172 3448 129 628 3449 503 348 3450 277 997 3451 370 313 3452 234 776 3453 312 672 3454 945 306 3455 735 693 3456 952 685 3457 1027 669 3458 833 1226 3459 482 729 3460 763 964 3461 205 516 3462 399 1227 3463 42 514 3464 694 112 3465 1026 447 3466 515 113 3467 852 158 3468 848 918 3469 76 1228 3470 129 628 3471 699 773 3472 1 1125 3473 868 680 3474 732 1014 3475 709 169 3476 360 952 3477 354 917 3478 852 158 3479 367 809 3480 1028 811 3481 969 1172 3482 853 1024 3483 70 1113 3484 68 1115 3485 354 917 3486 853 1024 3487 849 1229 3488 213 455 3489 353 148 3490 306 351 3491 194 1230 3492 511 1055 3493 794 963 3494 292 745 3495 817 567 3496 415 566 3497 341 54 3498 680 249 3499 798 469 3500 610 441 3501 602 436 3502 20 437 3503 768 711 3504 217 764 3505 535 712 3506 161 615 3507 905 876 3508 218 616 3509 1028 811 3510 192 928 3511 969 1172 3512 1022 296 3513 487 481 3514 1018 483 3515 327 559 3516 833 1226 3517 763 964 3518 734 223 3519 669 225 3520 287 260 3521 128 171 3522 1056 34 3523 126 33 3524 490 1049 3525 77 1050 3526 695 91 3527 998 100 3528 166 544 3529 1033 1163 3530 445 245 3531 1063 882 3532 284 883 3533 23 654 3534 878 653 3535 893 793 3536 536 568 3537 486 816 3538 968 284 3539 987 1146 3540 1097 905 3541 186 15 3542 353 148 3543 138 349 3544 306 351 3545 853 1024 3546 861 1025 3547 72 301 3548 360 952 3549 366 951 3550 861 1025 3551 252 23 3552 971 458 3553 165 36 3554 317 496 3555 235 168 3556 830 596 3557 653 460 3558 727 604 3559 1095 1008 3560 360 952 3561 852 158 3562 860 302 3563 1061 691 3564 541 992 3565 300 692 3566 972 456 3567 350 398 3568 1097 905 3569 824 535 3570 994 258 3571 607 1059 3572 533 585 3573 627 381 3574 202 899 3575 853 1024 3576 72 301 3577 70 1113 3578 275 485 3579 282 733 3580 684 357 3581 400 583 3582 259 1139 3583 797 584 3584 321 713 3585 281 324 3586 599 678 3587 292 745 3588 242 201 3589 451 555 3590 729 106 3591 74 1184 3592 767 364 3593 64 1166 3594 826 754 3595 73 303 3596 833 1231 3597 327 1084 3598 605 384 3599 646 748 3600 714 875 3601 918 110 3602 860 302 3603 80 1232 3604 89 759 3605 182 1116 3606 1095 1008 3607 211 281 3608 903 821 3609 979 1233 3610 529 957 3611 923 283 3612 293 909 3613 968 284 3614 361 1167 3615 258 82 3616 774 1168 3617 313 984 3618 1041 994 3619 570 709 3620 166 544 3621 708 99 3622 270 545 3623 291 1034 3624 259 1139 3625 736 1035 3626 721 1234 3627 401 73 3628 1073 242 3629 849 1229 3630 853 1024 3631 68 1115 3632 860 302 3633 72 301 3634 861 1025 3635 906 706 3636 177 980 3637 375 707 3638 1007 1089 3639 994 258 3640 295 1090 3641 531 67 3642 718 859 3643 891 65 3644 815 1200 3645 819 1198 3646 60 1145 3647 474 1028 3648 723 636 3649 322 867 3650 700 940 3651 650 848 3652 1017 379 3653 339 778 3654 857 601 3655 821 757 3656 233 400 3657 999 16 3658 186 15 3659 721 1234 3660 1073 242 3661 47 1136 3662 942 1235 3663 429 266 3664 99 268 3665 750 1086 3666 279 1065 3667 746 1087 3668 732 1140 3669 563 339 3670 736 1035 3671 147 285 3672 257 53 3673 387 55 3674 976 1236 3675 455 267 3676 15 1173 3677 842 311 3678 98 504 3679 601 503 3680 535 712 3681 217 764 3682 163 763 3683 241 405 3684 1001 608 3685 872 935 3686 10 28 3687 639 522 3688 477 29 3689 873 979 3690 1093 1237 3691 87 838 3692 783 291 3693 166 544 3694 547 227 3695 1009 1238 3696 58 772 3697 634 411 3698 916 1180 3699 90 1239 3700 92 1240 3701 717 998 3702 256 995 3703 725 387 3704 607 1059 3705 677 944 3706 805 1033 3707 31 40 3708 442 418 3709 1002 954 3710 760 279 3711 692 1019 3712 168 340 3713 417 467 3714 413 1153 3715 642 815 3716 23 654 3717 893 793 3718 769 938 3719 999 16 3720 1034 665 3721 630 17 3722 1058 1142 3723 934 1241 3724 240 609 3725 575 145 3726 193 402 3727 707 332 3728 698 124 3729 764 491 3730 1008 369 3731 508 202 3732 987 1146 3733 739 985 3734 307 1094 3735 170 915 3736 370 313 3737 377 1242 3738 39 389 3739 83 1078 3740 1003 473 3741 1012 785 3742 189 471 3743 241 405 3744 675 154 3745 466 1170 3746 166 544 3747 407 576 3748 1033 1163 3749 83 1078 3750 909 1080 3751 84 1243 3752 377 1242 3753 875 1212 3754 39 389 3755 704 942 3756 247 315 3757 305 934 3758 599 678 3759 676 323 3760 352 857 3761 875 920 3762 883 922 3763 76 1196 3764 377 921 3765 380 977 3766 883 922 3767 506 374 3768 919 440 3769 384 687 3770 874 1244 3771 83 1078 3772 84 1243 3773 250 961 3774 247 960 3775 712 968 3776 377 921 3777 874 1244 3778 882 978 3779 957 454 3780 576 164 3781 47 1136 3782 153 880 3783 741 498 3784 155 500 3785 359 630 3786 598 292 3787 674 889 3788 1050 327 3789 82 329 3790 890 761 3791 369 111 3792 865 138 3793 521 490 3794 580 1112 3795 125 1111 3796 740 1245 3797 858 74 3798 1092 12 3799 149 701 3800 655 231 3801 1046 230 3802 888 129 3803 274 162 3804 706 603 3805 549 120 3806 380 1135 3807 383 623 3808 883 1246 3809 992 133 3810 214 300 3811 864 833 3812 327 559 3813 912 1247 3814 945 306 3815 947 1003 3816 79 903 3817 592 1069 3818 527 446 3819 694 112 3820 1001 608 3821 883 1246 3822 887 1017 3823 76 1228 3824 792 852 3825 784 1143 3826 64 1204 3827 37 174 3828 706 603 3829 686 175 3830 367 809 3831 969 1172 3832 505 1095 3833 69 356 3834 651 1187 3835 395 1186 3836 470 1248 3837 996 195 3838 997 1249 3839 456 509 3840 701 1201 3841 423 62 3842 940 708 3843 898 611 3844 106 677 3845 993 739 3846 582 911 3847 402 452 3848 393 539 3849 1012 785 3850 1003 473 3851 255 1068 3852 578 1067 3853 619 1185 3854 383 623 3855 389 622 3856 887 1017 3857 912 1247 3858 809 307 3859 945 306 3860 19 412 3861 637 645 3862 20 437 3863 143 140 3864 1011 1137 3865 391 1150 3866 435 1160 3867 659 355 3868 355 250 3869 445 245 3870 596 244 3871 473 617 3872 369 111 3873 152 591 3874 872 935 3875 886 550 3876 882 1128 3877 84 551 3878 196 936 3879 904 1075 3880 443 1052 3881 741 498 3882 688 605 3883 449 499 3884 755 282 3885 280 236 3886 263 784 3887 53 656 3888 10 28 3889 612 27 3890 887 1017 3891 78 159 3892 76 1228 3893 383 623 3894 887 1017 3895 883 1246 3896 1051 774 3897 34 229 3898 655 231 3899 616 856 3900 170 915 3901 838 572 3902 181 492 3903 175 407 3904 614 420 3905 870 1205 3906 721 1234 3907 47 1136 3908 642 815 3909 413 1153 3910 486 816 3911 375 707 3912 177 980 3913 871 552 3914 518 607 3915 411 343 3916 902 254 3917 239 1162 3918 182 1116 3919 211 281 3920 873 979 3921 346 209 3922 424 294 3923 254 222 3924 931 866 3925 1035 220 3926 1016 462 3927 21 183 3928 336 463 3929 618 468 3930 804 734 3931 387 55 3932 31 40 3933 749 39 3934 17 1083 3935 601 503 3936 460 1122 3937 1049 827 3938 315 743 3939 1037 807 3940 619 1185 3941 1091 726 3942 1084 725 3943 641 1250 3944 882 978 3945 874 1244 3946 84 1243 3947 194 1230 3948 301 18 3949 434 20 3950 889 163 3951 550 156 3952 127 426 3953 887 1017 3954 895 1018 3955 80 157 3956 389 622 3957 392 1098 3958 895 1018 3959 157 688 3960 639 522 3961 454 679 3962 393 539 3963 926 308 3964 936 310 3965 513 217 3966 485 722 3967 55 724 3968 389 622 3969 886 550 3970 894 1015 3971 932 130 3972 336 463 3973 856 131 3974 820 241 3975 447 598 3976 97 1058 3977 1089 835 3978 225 182 3979 654 184 3980 410 881 3981 348 1225 3982 456 509 3983 887 1017 3984 80 157 3985 78 159 3986 802 487 3987 57 869 3988 176 488 3989 35 829 3990 705 958 3991 36 830 3992 200 453 3993 97 1058 3994 504 397 3995 858 1251 3996 13 1252 3997 590 1061 3998 514 1177 3999 199 1253 4000 226 423 4001 350 398 4002 869 794 4003 635 399 4004 762 506 4005 173 330 4006 958 2 4007 94 1254 4008 920 578 4009 92 1073 4010 894 1015 4011 88 901 4012 89 759 4013 418 352 4014 412 1175 4015 928 353 4016 543 101 4017 137 715 4018 270 545 4019 924 1154 4020 207 1129 4021 1011 1137 4022 970 812 4023 414 744 4024 619 1185 4025 889 163 4026 754 1209 4027 766 993 4028 459 1255 4029 119 655 4030 249 147 4031 498 1210 4032 850 188 4033 240 609 4034 669 225 4035 719 742 4036 287 260 4037 162 442 4038 1048 569 4039 654 184 4040 894 1015 4041 80 1232 4042 895 1018 4043 90 1256 4044 429 266 4045 91 1257 4046 328 1182 4047 334 1197 4048 819 1198 4049 555 84 4050 136 87 4051 567 85 4052 1069 218 4053 1085 635 4054 420 219 4055 208 814 4056 228 813 4057 372 107 4058 298 953 4059 825 937 4060 876 861 4061 440 507 4062 1079 508 4063 423 62 4064 419 698 4065 311 700 4066 617 703 4067 253 179 4068 135 237 4069 782 180 4070 441 1004 4071 789 887 4072 878 653 4073 7 472 4074 591 893 4075 589 673 4076 332 808 4077 1037 807 4078 863 661 4079 718 859 4080 145 858 4081 499 719 4082 1093 1237 4083 520 836 4084 87 838 4085 1055 610 4086 1054 337 4087 1015 1258 4088 173 1007 4089 762 506 4090 479 908 4091 202 899 4092 289 895 4093 1015 1258 4094 920 578 4095 406 1174 4096 916 1259 4097 39 389 4098 1009 1238 4099 90 1256 4100 294 45 4101 61 581 4102 927 46 4103 359 630 4104 674 889 4105 454 679 4106 355 250 4107 795 252 4108 394 1161 4109 867 926 4110 0 690 4111 300 692 4112 625 247 4113 494 1260 4114 630 17 4115 779 1027 4116 368 975 4117 254 222 4118 321 713 4119 625 247 4120 216 246 4121 511 1055 4122 1070 855 4123 956 864 4124 862 264 4125 317 496 4126 640 265 4127 775 1141 4128 117 336 4129 983 335 4130 162 442 4131 796 1202 4132 430 448 4133 281 324 4134 321 713 4135 216 246 4136 486 816 4137 680 249 4138 968 284 4139 626 962 4140 776 19 4141 301 18 4142 474 1028 4143 953 57 4144 813 526 4145 197 203 4146 519 735 4147 425 269 4148 91 1261 4149 943 1031 4150 92 1240 4151 974 1001 4152 371 721 4153 1036 720 4154 347 528 4155 837 58 4156 953 57 4157 1013 47 4158 261 972 4159 876 861 4160 1041 994 4161 397 72 4162 983 335 4163 543 101 4164 788 428 4165 137 715 4166 410 881 4167 633 1 4168 318 0 4169 909 1080 4170 917 1262 4171 84 1243 4172 403 1179 4173 406 1178 4174 917 1262 4175 595 817 4176 495 682 4177 545 38 4178 90 1239 4179 91 1261 4180 92 1240 4181 465 134 4182 986 122 4183 900 497 4184 403 1179 4185 90 1239 4186 916 1180 4187 309 121 4188 549 120 4189 737 1029 4190 665 842 4191 207 1129 4192 396 342 4193 290 1190 4194 1059 751 4195 579 925 4196 723 636 4197 667 501 4198 1039 433 4199 296 259 4200 734 223 4201 287 260 4202 541 992 4203 1061 691 4204 899 128 4205 912 1247 4206 509 1011 4207 809 307 4208 32 885 4209 648 695 4210 30 872 4211 1063 882 4212 445 245 4213 473 617 4214 79 1022 4215 676 323 4216 342 322 4217 71 863 4218 509 1011 4219 794 963 4220 382 422 4221 497 49 4222 629 916 4223 5 1263 4224 310 275 4225 50 146 4226 58 772 4227 299 771 4228 51 1057 4229 650 848 4230 697 380 4231 1017 379 4232 816 974 4233 845 769 4234 1035 220 4235 881 590 4236 2 257 4237 152 591 4238 361 1167 4239 155 500 4240 258 82 4241 225 1264 4242 63 1030 4243 21 183 4244 500 477 4245 660 1002 4246 771 478 4247 579 1265 4248 541 992 4249 283 233 4250 239 1162 4251 839 280 4252 469 600 4253 1036 720 4254 294 45 4255 1002 954 4256 217 764 4257 768 711 4258 512 216 4259 448 631 4260 191 1208 4261 264 534 4262 522 1266 4263 516 663 4264 1064 1267 4265 257 53 4266 1038 286 4267 1006 212 4268 238 587 4269 707 332 4270 193 402 4271 203 1047 4272 946 904 4273 237 235 4274 714 875 4275 404 108 4276 918 110 4277 1041 994 4278 1055 610 4279 570 709 4280 102 658 4281 954 657 4282 100 480 4283 920 578 4284 916 1259 4285 92 1073 4286 361 1167 4287 884 350 4288 155 500 4289 706 603 4290 761 573 4291 801 643 4292 412 1175 4293 406 1174 4294 920 578 4295 338 484 4296 501 760 4297 282 733 4298 921 1176 4299 86 549 4300 84 551 4301 406 1174 4302 921 1176 4303 917 1268 4304 722 345 4305 688 605 4306 18 475 4307 502 648 4308 770 240 4309 1073 242 4310 191 1208 4311 316 532 4312 264 534 4313 647 5 4314 365 613 4315 188 3 4316 777 404 4317 121 81 4318 1043 198 4319 922 382 4320 749 39 4321 843 37 4322 898 611 4323 570 709 4324 1055 610 4325 520 981 4326 837 58 4327 347 528 4328 202 899 4329 545 38 4330 1025 1016 4331 651 1187 4332 69 356 4333 686 175 4334 986 122 4335 465 134 4336 274 162 4337 284 883 4338 318 0 4339 339 778 4340 859 1092 4341 488 136 4342 422 160 4343 924 1154 4344 906 706 4345 29 705 4346 348 1225 4347 896 1269 4348 456 509 4349 992 133 4350 191 1270 4351 214 300 4352 754 1209 4353 889 163 4354 127 426 4355 779 1027 4356 854 1062 4357 428 927 4358 58 772 4359 1009 1238 4360 39 389 4361 921 1176 4362 929 354 4363 88 901 4364 412 1175 4365 418 352 4366 929 354 4367 810 597 4368 61 581 4369 462 580 4370 514 1177 4371 503 348 4372 553 312 4373 158 126 4374 1061 691 4375 1042 1081 4376 412 1175 4377 920 578 4378 928 353 4379 236 886 4380 230 868 4381 690 325 4382 980 1221 4383 995 586 4384 533 585 4385 323 238 4386 29 705 4387 539 239 4388 820 241 4389 97 1058 4390 957 454 4391 921 1176 4392 88 901 4393 86 549 4394 680 249 4395 1032 470 4396 757 373 4397 57 869 4398 721 1234 4399 870 1205 4400 605 384 4401 17 1083 4402 749 39 4403 719 742 4404 1020 102 4405 965 243 4406 549 120 4407 653 460 4408 737 1029 4409 350 398 4410 972 456 4411 869 794 4412 414 744 4413 315 743 4414 619 1185 4415 497 49 4416 261 972 4417 1013 47 4418 928 353 4419 96 318 4420 105 196 4421 783 291 4422 863 661 4423 315 743 4424 258 82 4425 155 500 4426 449 499 4427 398 802 4428 574 973 4429 1021 843 4430 671 822 4431 221 824 4432 679 823 4433 51 1057 4434 773 1119 4435 52 11 4436 944 1048 4437 974 1001 4438 1036 720 4439 888 129 4440 695 91 4441 376 90 4442 676 323 4443 79 1022 4444 352 857 4445 618 468 4446 244 556 4447 519 735 4448 928 353 4449 88 901 4450 929 354 4451 813 526 4452 910 933 4453 551 395 4454 591 893 4455 831 892 4456 357 1224 4457 338 484 4458 1066 137 4459 409 676 4460 969 1172 4461 151 1171 4462 505 1095 4463 1025 1016 4464 31 40 4465 1002 954 4466 307 1094 4467 629 916 4468 170 915 4469 524 141 4470 1039 433 4471 667 501 4472 482 383 4473 833 1231 4474 605 384 4475 339 778 4476 287 260 4477 284 883 4478 165 36 4479 495 682 4480 879 557 4481 1051 774 4482 144 1107 4483 164 775 4484 397 72 4485 320 71 4486 983 335 4487 216 246 4488 702 879 4489 342 322 4490 695 91 4491 384 687 4492 471 686 4493 532 1271 4494 122 640 4495 1076 1272 4496 877 152 4497 1012 785 4498 109 358 4499 43 966 4500 305 59 4501 44 967 4502 581 723 4503 811 810 4504 991 614 4505 1055 610 4506 983 335 4507 1054 337 4508 107 1273 4509 15 1206 4510 108 931 4511 461 849 4512 569 476 4513 771 478 4514 909 1080 4515 403 1179 4516 917 1262 4517 881 590 4518 369 111 4519 521 490 4520 796 1202 4521 162 442 4522 21 183 4523 75 1218 4524 875 920 4525 76 1196 4526 780 1134 4527 772 1131 4528 60 1133 4529 429 266 4530 943 1274 4531 91 1257 4532 304 1110 4533 41 80 4534 715 667 4535 426 806 4536 332 808 4537 903 821 4538 228 813 4539 821 757 4540 372 107 4541 453 941 4542 836 1013 4543 461 849 4544 862 264 4545 935 799 4546 900 497 4547 242 201 4548 425 269 4549 451 555 4550 954 657 4551 432 1215 4552 950 1275 4553 143 140 4554 924 1154 4555 1011 1137 4556 701 1201 4557 851 670 4558 799 63 4559 558 66 4560 561 540 4561 494 1260 4562 182 1116 4563 631 331 4564 479 908 4565 178 178 4566 744 898 4567 231 176 4568 1047 1085 4569 260 416 4570 31 40 4571 24 652 4572 614 420 4573 22 419 4574 1097 905 4575 350 398 4576 186 15 4577 943 1031 4578 951 1032 4579 92 1240 4580 429 913 4581 432 912 4582 951 1032 4583 654 184 4584 1048 569 4585 993 739 4586 942 1037 4587 99 1157 4588 100 1038 4589 875 1212 4590 840 619 4591 39 389 4592 429 913 4593 942 1037 4594 950 914 4595 13 1252 4596 5 1263 4597 50 146 4598 54 1148 4599 750 1086 4600 52 1088 4601 16 547 4602 572 191 4603 14 338 4604 263 784 4605 81 945 4606 923 283 4607 797 584 4608 291 1034 4609 677 944 4610 1005 969 4611 415 566 4612 536 568 4613 21 183 4614 63 1030 4615 336 463 4616 15 1173 4617 1009 1238 4618 122 640 4619 246 1010 4620 770 240 4621 502 648 4622 548 718 4623 1089 835 4624 1096 553 4625 756 359 4626 162 442 4627 911 153 4628 797 584 4629 677 944 4630 876 861 4631 478 293 4632 598 292 4633 359 630 4634 867 926 4635 300 692 4636 579 925 4637 465 134 4638 935 799 4639 132 625 4640 72 301 4641 818 1114 4642 70 1113 4643 88 901 4644 886 550 4645 86 549 4646 885 950 4647 69 356 4648 395 1186 4649 695 91 4650 856 131 4651 349 375 4652 939 1276 4653 812 902 4654 946 904 4655 851 670 4656 896 1269 4657 160 1277 4658 661 1127 4659 272 589 4660 309 121 4661 689 298 4662 66 328 4663 488 136 4664 62 1199 4665 784 1143 4666 60 1145 4667 706 603 4668 978 161 4669 651 1187 4670 904 1075 4671 483 344 4672 624 612 4673 905 876 4674 161 615 4675 596 244 4676 489 333 4677 238 587 4678 855 1103 4679 358 862 4680 436 599 4681 106 677 4682 280 236 4683 856 131 4684 336 463 4685 948 699 4686 215 818 4687 311 700 4688 434 20 4689 715 667 4690 1070 855 4691 954 657 4692 950 1275 4693 100 480 4694 470 1248 4695 464 272 4696 996 195 4697 939 1099 4698 145 858 4699 352 857 4700 438 845 4701 432 1215 4702 954 657 4703 584 270 4704 572 191 4705 16 547 4706 955 896 4707 94 1254 4708 92 1073 4709 432 1215 4710 955 896 4711 951 1072 4712 265 170 4713 259 1039 4714 711 595 4715 261 972 4716 497 49 4717 382 422 4718 639 522 4719 157 688 4720 1078 520 4721 868 680 4722 563 1097 4723 732 1014 4724 6 205 4725 1082 370 4726 4 206 4727 566 98 4728 554 92 4729 12 94 4730 1072 1126 4731 924 1154 4732 29 705 4733 918 110 4734 897 853 4735 661 1127 4736 835 801 4737 574 973 4738 398 802 4739 15 1173 4740 429 266 4741 90 1256 4742 791 22 4743 768 457 4744 252 23 4745 125 1111 4746 897 853 4747 439 109 4748 323 238 4749 253 179 4750 1072 1126 4751 448 631 4752 264 534 4753 460 1122 4754 1025 1016 4755 545 38 4756 843 37 4757 597 139 4758 906 706 4759 143 140 4760 922 382 4761 269 949 4762 557 768 4763 542 1278 4764 538 542 4765 1086 96 4766 1037 807 4767 426 806 4768 619 1185 4769 955 896 4770 963 897 4771 96 579 4772 438 845 4773 444 844 4774 963 897 4775 361 1167 4776 635 795 4777 306 351 4778 506 374 4779 1032 470 4780 934 1241 4781 441 1004 4782 745 70 4783 595 817 4784 438 845 4785 954 657 4786 962 319 4787 1008 369 4788 1026 447 4789 200 453 4790 621 135 4791 93 854 4792 488 136 4793 1091 726 4794 641 1250 4795 640 265 4796 896 1269 4797 851 670 4798 701 1201 4799 955 896 4800 96 579 4801 94 1254 4802 572 191 4803 140 200 4804 566 192 4805 388 256 4806 872 935 4807 152 591 4808 111 986 4809 987 1146 4810 231 176 4811 149 701 4812 311 700 4813 215 818 4814 784 1143 4815 302 1147 4816 780 1144 4817 774 602 4818 233 400 4819 635 399 4820 427 531 4821 586 224 4822 141 1020 4823 41 80 4824 754 1209 4825 715 667 4826 962 319 4827 104 194 4828 105 196 4829 921 1176 4830 412 1175 4831 929 354 4832 443 1052 4833 982 208 4834 139 210 4835 517 211 4836 257 53 4837 1006 212 4838 364 309 4839 735 693 4840 936 310 4841 531 67 4842 494 1260 4843 625 247 4844 374 391 4845 1069 218 4846 55 724 4847 210 738 4848 656 577 4849 657 737 4850 674 889 4851 157 688 4852 454 679 4853 109 358 4854 433 910 4855 756 359 4856 962 319 4857 96 318 4858 963 897 4859 803 675 4860 1050 327 4861 890 761 4862 802 487 4863 836 1013 4864 980 1221 4865 191 1270 4866 992 133 4867 316 132 4868 452 1124 4869 212 466 4870 528 317 4871 527 446 4872 1001 608 4873 466 1170 4874 131 1189 4875 387 55 4876 343 736 4877 931 866 4878 574 973 4879 816 974 4880 724 386 4881 716 989 4882 48 1023 4883 956 864 4884 1070 855 4885 127 426 4886 866 414 4887 9 1071 4888 933 1070 4889 569 476 4890 171 486 4891 176 488 4892 29 705 4893 375 707 4894 539 239 4895 1009 1238 4896 15 1173 4897 90 1256 4898 160 1277 4899 218 616 4900 65 747 4901 1076 1272 4902 122 640 4903 3 43 4904 40 326 4905 682 185 4906 38 999 4907 932 130 4908 888 129 4909 1046 230 4910 652 190 4911 822 523 4912 743 525 4913 212 466 4914 337 56 4915 491 465 4916 332 808 4917 863 661 4918 150 226 4919 212 466 4920 617 703 4921 446 694 4922 989 273 4923 464 272 4924 997 1249 4925 565 714 4926 321 713 4927 599 678 4928 897 853 4929 580 1112 4930 272 589 4931 453 941 4932 700 940 4933 1017 379 4934 521 490 4935 703 489 4936 974 1001 4937 455 267 4938 977 1279 4939 99 268 4940 893 793 4941 878 653 4942 789 887 4943 468 877 4944 596 244 4945 248 1096 4946 976 1236 4947 15 1173 4948 107 1280 4949 998 100 4950 344 1054 4951 823 929 4952 447 598 4953 820 241 4954 450 638 4955 982 208 4956 672 521 4957 559 689 4958 644 167 4959 636 649 4960 28 651 4961 1054 337 4962 533 585 4963 1015 1258 4964 769 938 4965 660 1002 4966 1042 1081 4967 602 436 4968 169 410 4969 19 412 4970 26 314 4971 19 412 4972 634 411 4973 811 810 4974 367 809 4975 365 613 4976 114 346 4977 722 345 4978 18 475 4979 39 389 4980 325 377 4981 58 772 4982 213 455 4983 306 351 4984 869 794 4985 977 1040 4986 985 1041 4987 100 1038 4988 455 787 4989 458 786 4990 985 1041 4991 1014 173 4992 435 1160 4993 394 1161 4994 976 930 4995 107 1273 4996 108 931 4997 661 1127 4998 663 671 4999 646 748 5000 455 787 5001 976 930 5002 984 788 5003 53 656 5004 834 401 5005 249 147 5006 1052 1220 5007 1044 1281 5008 124 1045 5009 1001 608 5010 369 111 5011 872 935 5012 513 217 5013 1068 1169 5014 485 722 5015 489 333 5016 590 1061 5017 800 334 5018 652 190 5019 1004 189 5020 1027 669 5021 208 814 5022 295 1090 5023 287 260 5024 1096 553 5025 1089 835 5026 753 1191 5027 133 841 5028 530 505 5029 437 406 5030 475 8 5031 546 321 5032 923 283 5033 653 460 5034 423 62 5035 386 64 5036 134 792 5037 697 380 5038 650 848 5039 804 734 5040 618 468 5041 519 735 5042 125 1111 5043 728 103 5044 740 1245 5045 667 501 5046 597 139 5047 524 141 5048 937 143 5049 857 601 5050 990 1118 5051 98 504 5052 616 856 5053 838 572 5054 586 224 5055 1060 987 5056 141 1020 5057 696 554 5058 417 467 5059 642 815 5060 930 837 5061 520 836 5062 606 660 5063 733 127 5064 870 1205 5065 766 993 5066 6 205 5067 573 204 5068 8 261 5069 697 380 5070 893 793 5071 476 888 5072 396 342 5073 483 344 5074 665 842 5075 478 293 5076 1067 1282 5077 424 294 5078 340 753 5079 334 1197 5080 826 754 5081 497 49 5082 295 1090 5083 222 571 5084 829 588 5085 709 169 5086 526 731 5087 884 350 5088 361 1167 5089 306 351 5090 953 57 5091 337 56 5092 446 694 5093 405 362 5094 767 364 5095 74 1184 5096 782 180 5097 135 237 5098 973 592 5099 988 1152 5100 984 1283 5101 108 907 5102 131 1189 5103 111 986 5104 231 176 5105 323 238 5106 135 237 5107 253 179 5108 464 272 5109 458 271 5110 988 1152 5111 850 188 5112 1058 1142 5113 240 609 5114 989 273 5115 102 658 5116 100 480 5117 458 271 5118 989 273 5119 985 479 5120 513 217 5121 378 517 5122 1068 1169 5123 934 1241 5124 1058 1142 5125 743 525 5126 663 671 5127 386 64 5128 799 63 5129 357 1224 5130 831 892 5131 319 89 5132 959 142 5133 113 144 5134 537 642 5135 171 486 5136 836 1013 5137 802 487 5138 892 536 5139 563 339 5140 209 341 5141 913 800 5142 1011 1137 5143 665 842 5144 534 371 5145 538 542 5146 1083 541 5147 786 798 5148 775 1141 5149 983 335 5150 663 671 5151 661 1127 5152 309 121 5153 63 1030 5154 225 1264 5155 335 1046 5156 505 1095 5157 421 1155 5158 975 502 5159 248 1096 5160 439 109 5161 468 877 5162 408 765 5163 217 764 5164 512 216 5165 362 79 5166 766 993 5167 754 1209 5168 269 949 5169 922 382 5170 843 37 5171 151 1171 5172 344 1054 5173 1033 1163 5174 255 1068 5175 903 821 5176 529 957 5177 989 273 5178 997 1249 5179 104 194 5180 464 272 5181 470 1248 5182 997 1249 5183 288 946 5184 758 948 5185 759 1100 5186 864 833 5187 465 134 5188 992 133 5189 77 1050 5190 357 1224 5191 319 89 5192 464 272 5193 988 1152 5194 996 195 5195 896 1269 5196 348 1225 5197 218 616 5198 666 248 5199 625 247 5200 630 17 5201 995 586 5202 453 941 5203 1017 379 5204 448 631 5205 405 1123 5206 74 632 5207 989 273 5208 104 194 5209 102 658 5210 387 55 5211 341 54 5212 798 469 5213 1000 494 5214 1036 720 5215 1002 954 5216 144 1107 5217 376 90 5218 319 89 5219 941 253 5220 137 715 5221 788 428 5222 46 1091 5223 716 989 5224 44 991 5225 451 555 5226 696 554 5227 642 815 5228 941 253 5229 1068 1169 5230 902 254 5231 303 575 5232 101 574 5233 414 744 5234 996 195 5235 112 1284 5236 1030 780 5237 140 88 5238 136 87 5239 566 98 5240 968 284 5241 680 249 5242 757 373 5243 47 1136 5244 820 241 5245 957 454 5246 594 1138 5247 742 393 5248 910 933 5249 558 66 5250 908 450 5251 561 540 5252 677 944 5253 291 1034 5254 805 1033 5255 329 971 5256 333 970 5257 138 349 5258 787 527 5259 428 927 5260 854 1062 5261 313 984 5262 685 647 5263 1073 242 5264 996 195 5265 104 194 5266 997 1249 5267 328 1188 5268 325 25 5269 814 30 5270 41 80 5271 362 79 5272 754 1209 5273 556 637 5274 246 1010 5275 106 677 5276 422 160 5277 864 833 5278 859 1092 5279 1027 669 5280 744 898 5281 178 178 5282 444 844 5283 962 319 5284 963 897 5285 729 106 5286 767 364 5287 372 107 5288 141 1020 5289 692 1019 5290 740 1245 5291 596 244 5292 161 615 5293 473 617 5294 908 450 5295 582 911 5296 561 540 5297 514 263 5298 159 1285 5299 201 626 5300 846 524 5301 190 783 5302 743 525 5303 426 806 5304 903 821 5305 255 1068 5306 643 288 5307 673 1012 5308 552 425 5309 970 812 5310 619 1185 5311 594 1138 5312 606 660 5313 808 840 5314 42 1063 5315 960 537 5316 892 536 5317 278 1203 5318 93 854 5319 275 485 5320 395 1186 5321 836 1013 5322 171 486 5323 569 476 5324 220 956 5325 153 7 5326 914 415 5327 237 235 5328 693 234 5329 203 1047 5330 1002 954 5331 294 45 5332 289 895 5333 596 244 5334 1024 104 5335 248 1096 5336 460 1122 5337 568 363 5338 405 362 5339 961 417 5340 312 672 5341 530 505 5342 459 1255 5343 525 276 5344 454 679 5345 630 17 5346 1034 665 5347 658 347 5348 1094 117 5349 533 585 5350 117 336 5351 190 783 5352 142 684 5353 919 440 5354 481 1286 5355 1045 1287 5356 115 1288 5357 539 239 5358 871 552 5359 345 394 5360 1092 12 5361 154 14 5362 331 4 5363 147 285 5364 744 898 5365 583 513 5366 498 1210 5367 1038 286 5368 583 513 5369 481 1286 5370 15 1173 5371 122 640 5372 93 854 5373 395 1186 5374 978 161 5375 147 285 5376 387 55 5377 131 1189 5378 560 752 5379 297 565 5380 452 1124 5381 189 471 5382 877 152 5383 778 746 5384 392 1098 5385 389 622 5386 894 1015 5387 301 18 5388 194 1230 5389 794 963 5390 672 521 5391 1078 520 5392 559 689 5393 15 1206 5394 1019 1207 5395 108 931 5396 481 1105 5397 484 1104 5398 1019 1207 5399 137 715 5400 941 253 5401 356 228 5402 1010 1164 5403 115 1289 5404 116 1165 5405 78 159 5406 852 158 5407 76 1228 5408 481 1105 5409 1010 1164 5410 1018 1106 5411 527 446 5412 200 453 5413 1026 447 5414 1070 855 5415 194 1230 5416 434 20 5417 218 616 5418 1063 882 5419 473 617 5420 289 895 5421 1055 610 5422 1015 1258 5423 59 1132 5424 807 24 5425 60 1133 5426 580 1112 5427 760 279 5428 765 278 5429 386 64 5430 663 671 5431 737 1029 5432 1007 1089 5433 677 944 5434 607 1059 5435 1043 198 5436 790 403 5437 777 404 5438 484 482 5439 487 481 5440 1019 906 5441 508 202 5442 242 201 5443 828 874 5444 998 100 5445 708 99 5446 166 544 5447 801 643 5448 537 642 5449 211 281 5450 2 257 5451 944 1048 5452 1000 494 5453 329 971 5454 415 566 5455 1005 969 5456 1 1125 5457 699 773 5458 89 759 5459 650 848 5460 700 940 5461 461 849 5462 401 73 5463 397 72 5464 313 984 5465 318 0 5466 348 1225 5467 410 881 5468 368 975 5469 322 867 5470 330 510 5471 998 100 5472 823 929 5473 543 101 5474 698 124 5475 938 123 5476 764 491 5477 981 894 5478 271 251 5479 501 760 5480 581 723 5481 85 427 5482 245 781 5483 25 570 5484 690 325 5485 724 386 5486 487 481 5487 493 561 5488 1023 560 5489 568 363 5490 460 1122 5491 601 503 5492 510 1193 5493 516 663 5494 1057 662 5495 66 328 5496 409 676 5497 1066 137 5498 864 833 5499 577 299 5500 859 1092 5501 748 439 5502 490 1049 5503 471 686 5504 1012 785 5505 877 152 5506 189 471 5507 1022 296 5508 1018 483 5509 116 297 5510 533 585 5511 202 899 5512 1015 1258 5513 803 675 5514 523 105 5515 1075 732 5516 837 58 5517 1093 847 5518 337 56 5519 854 1062 5520 832 221 5521 347 528 5522 1023 560 5523 110 1151 5524 108 907 5525 487 481 5526 1023 560 5527 1019 906 5528 726 988 5529 734 223 5530 278 1117 5531 910 933 5532 813 526 5533 664 702 5534 146 1101 5535 304 1110 5536 715 667 5537 733 127 5538 227 870 5539 870 1205 5540 1016 462 5541 609 464 5542 796 1202 5543 191 1208 5544 448 631 5545 82 329 5546 819 1198 5547 334 1197 5548 827 755 5549 839 280 5550 113 144 5551 990 1118 5552 1046 230 5553 662 151 5554 430 448 5555 659 355 5556 1014 173 5557 686 175 5558 1081 1290 5559 1083 541 5560 124 35 5561 310 982 5562 419 698 5563 297 565 5564 332 808 5565 150 226 5566 544 181 5567 531 67 5568 558 66 5569 494 1260 5570 904 1075 5571 196 936 5572 399 1227 5573 1073 242 5574 820 241 5575 47 1136 5576 783 291 5577 101 574 5578 166 544 5579 1053 1291 5580 1057 662 5581 116 297 5582 914 415 5583 628 6 5584 81 945 5585 1023 560 5586 1031 562 5587 112 1217 5588 493 561 5589 496 779 5590 1031 562 5591 719 742 5592 284 883 5593 287 260 5594 278 1203 5595 892 536 5596 209 341 5597 129 628 5598 1086 96 5599 585 95 5600 493 561 5601 1022 296 5602 1030 780 5603 812 1292 5604 939 1099 5605 352 857 5606 939 1099 5607 335 976 5608 548 718 5609 1074 511 5610 330 510 5611 562 435 5612 283 233 5613 290 232 5614 579 1265 5615 1023 560 5616 112 1217 5617 110 1151 5618 981 894 5619 338 484 5620 1075 732 5621 775 1141 5622 1094 117 5623 117 336 5624 731 449 5625 1014 173 5626 394 1161 5627 130 48 5628 1007 1089 5629 497 49 5630 322 867 5631 368 975 5632 779 1027 5633 267 727 5634 735 693 5635 364 309 5636 836 1013 5637 453 941 5638 980 1221 5639 416 388 5640 494 1260 5641 561 540 5642 268 119 5643 802 487 5644 980 1221 5645 73 303 5646 860 302 5647 89 759 5648 79 1022 5649 812 1292 5650 352 857 5651 424 294 5652 346 209 5653 982 208 5654 915 69 5655 847 68 5656 174 681 5657 456 509 5658 896 1269 5659 701 1201 5660 237 235 5661 263 784 5662 280 236 5663 626 962 5664 482 729 5665 776 19 5666 1008 369 5667 515 113 5668 1026 447 5669 884 350 5670 475 1293 5671 155 500 5672 1030 780 5673 112 1284 5674 1031 562 5675 844 116 5676 528 317 5677 212 466 5678 239 1162 5679 469 600 5680 631 331 5681 634 411 5682 58 772 5683 26 314 5684 159 1076 5685 514 1177 5686 553 312 5687 207 1129 5688 544 181 5689 396 342 5690 13 1252 5691 540 923 5692 590 1061 5693 641 1250 5694 199 674 5695 640 265 5696 874 1244 5697 377 1242 5698 83 1078 5699 96 579 5700 920 578 5701 94 1254 5702 466 1170 5703 675 154 5704 550 156 5705 946 904 5706 363 621 5707 237 235 5708 87 838 5709 930 837 5710 196 936 5711 904 1075 5712 399 1227 5713 205 516 5714 477 29 5715 193 402 5716 612 27 5717 1059 751 5718 847 750 5719 867 926 5720 48 1023 5721 716 989 5722 46 1091 5723 130 48 5724 677 944 5725 1007 1089 5726 679 873 5727 683 871 5728 28 697 5729 58 772 5730 51 1057 5731 305 934 5732 917 1268 5733 921 1176 5734 84 551 5735 628 6 5736 475 8 5737 923 283 5738 695 91 5739 77 1050 5740 319 89 5741 782 180 5742 979 820 5743 544 181 5744 180 44 5745 1055 610 5746 289 895 5747 714 875 5748 646 748 5749 65 747 5750 710 797 5751 721 1234 5752 57 869 5753 413 1153 5754 417 467 5755 798 469 5756 119 655 5757 459 1255 5758 454 679 5759 912 1247 5760 763 964 5761 509 1011 5762 937 143 5763 990 1118 5764 113 144 5765 533 585 5766 268 119 5767 980 1221 5768 708 99 5769 543 101 5770 270 545 5771 250 996 5772 256 995 5773 717 998 5774 519 735 5775 244 556 5776 425 269 5777 1045 1287 5778 481 1286 5779 122 640 5780 801 643 5781 211 281 5782 727 604 5783 472 826 5784 842 311 5785 1049 827 5786 300 692 5787 541 992 5788 579 1265 5789 537 642 5790 113 144 5791 211 281 5792 507 832 5793 1045 1287 5794 122 640 5795 716 989 5796 250 996 5797 712 990 5798 129 628 5799 1 1125 5800 1030 780 5801 1045 443 5802 1053 445 5803 116 1165 5804 507 444 5805 510 1219 5806 1053 445 5807 212 466 5808 452 1124 5809 617 703 5810 1044 1281 5811 123 1044 5812 124 1045 5813 187 255 5814 2 257 5815 457 495 5816 507 444 5817 1044 1281 5818 1052 1220 5819 218 616 5820 905 876 5821 65 747 5822 979 1233 5823 782 180 5824 529 957 5825 663 671 5826 160 1277 5827 65 747 5828 519 735 5829 197 203 5830 739 985 5831 493 561 5832 487 481 5833 1022 296 5834 421 1155 5835 594 1138 5836 910 933 5837 565 714 5838 266 1102 5839 625 247 5840 500 477 5841 569 476 5842 431 1053 5843 226 423 5844 199 1253 5845 223 424 5846 972 456 5847 213 455 5848 869 794 5849 692 1019 5850 580 1112 5851 740 1245 5852 910 933 5853 664 702 5854 975 502 5855 922 382 5856 605 384 5857 749 39 5858 674 889 5859 598 292 5860 559 689 5861 344 1054 5862 998 100 5863 1033 1163 5864 604 413 5865 914 415 5866 81 945 5867 580 1112 5868 765 278 5869 272 589 5870 192 928 5871 344 1054 5872 969 1172 5873 240 609 5874 934 1241 5875 1032 470 5876 201 626 5877 132 625 5878 935 799 5879 607 1059 5880 994 258 5881 1007 1089 5882 838 572 5883 629 916 5884 222 571 5885 795 252 5886 731 449 5887 394 1161 5888 911 153 5889 877 152 5890 756 359 5891 38 999 5892 682 185 5893 36 865 5894 1064 1267 5895 1056 34 5896 128 171 5897 803 675 5898 1075 732 5899 409 676 5900 822 668 5901 652 190 5902 1027 669 5903 692 1019 5904 760 279 5905 580 1112 5906 80 1232 5907 894 1015 5908 89 759 5909 533 585 5910 1054 337 5911 117 336 5912 629 916 5913 307 1094 5914 382 422 5915 1056 34 5916 1052 1194 5917 124 35 5918 105 196 5919 996 195 5920 1030 780 5921 286 289 5922 643 288 5923 95 155 5924 516 663 5925 510 1193 5926 1056 34 5927 97 1058 5928 185 396 5929 504 397 5930 1057 662 5931 118 295 5932 116 297 5933 510 1193 5934 1057 662 5935 1053 1291 5936 688 605 5937 587 83 5938 449 499 5939 713 1000 5940 717 998 5941 36 865 5942 379 197 5943 790 403 5944 1043 198 5945 680 249 5946 486 816 5947 413 1153 5948 241 405 5949 466 1170 5950 1001 608 5951 881 590 5952 944 1048 5953 2 257 5954 947 1003 5955 9 1071 5956 1062 620 5957 33 629 5958 480 891 5959 359 630 5960 313 984 5961 397 72 5962 1041 994 5963 64 1204 5964 784 1143 5965 62 1199 5966 338 484 5967 621 135 5968 1066 137 5969 962 319 5970 954 657 5971 104 194 5972 151 1171 5973 1033 1163 5974 421 1155 5975 77 1050 5976 687 728 5977 357 1224 5978 521 490 5979 865 138 5980 764 491 5981 156 262 5982 584 270 5983 585 95 5984 925 955 5985 855 1222 5986 571 1156 5987 542 1278 5988 1086 96 5989 1087 543 5990 447 598 5991 450 638 5992 436 599 5993 1057 662 5994 1065 664 5995 120 1036 5996 516 663 5997 522 1266 5998 1065 664 5999 586 224 6000 734 223 6001 726 988 6002 741 498 6003 632 606 6004 688 605 6005 1067 1282 6006 873 979 6007 424 294 6008 516 663 6009 1056 34 6010 1064 1267 6011 143 140 6012 720 75 6013 524 141 6014 751 1082 6015 285 947 6016 759 1100 6017 672 521 6018 183 1074 6019 639 522 6020 1004 189 6021 498 1210 6022 583 513 6023 1057 662 6024 120 1036 6025 118 295 6026 106 677 6027 898 611 6028 180 44 6029 526 731 6030 309 121 6031 829 588 6032 876 861 6033 825 937 6034 797 584 6035 543 101 6036 823 929 6037 1040 782 6038 1010 1294 6039 481 1286 6040 115 1288 6041 931 866 6042 816 974 6043 1035 220 6044 235 168 6045 900 497 6046 526 731 6047 293 909 6048 333 970 6049 1005 969 6050 787 527 6051 854 1062 6052 347 528 6053 352 857 6054 718 859 6055 599 678 6056 522 172 6057 128 171 6058 129 628 6059 324 274 6060 525 276 6061 459 1255 6062 177 980 6063 667 501 6064 871 552 6065 326 834 6066 952 685 6067 735 693 6068 324 274 6069 249 147 6070 50 146 6071 581 723 6072 1040 782 6073 1028 811 6074 770 240 6075 450 638 6076 820 241 6077 187 255 6078 608 1026 6079 961 417 6080 522 172 6081 120 860 6082 1065 1295 6083 501 760 6084 355 250 6085 282 733 6086 472 826 6087 553 312 6088 842 311 6089 30 872 6090 648 695 6091 28 697 6092 56 1159 6093 750 1086 6094 54 1148 6095 721 1234 6096 710 797 6097 229 1214 6098 160 1277 6099 896 1269 6100 218 616 6101 469 600 6102 839 280 6103 990 1118 6104 372 107 6105 568 363 6106 222 571 6107 839 280 6108 239 1162 6109 211 281 6110 664 702 6111 149 701 6112 975 502 6113 229 1214 6114 401 73 6115 721 1234 6116 140 200 6117 148 199 6118 573 204 6119 199 1253 6120 641 1223 6121 223 424 6122 32 758 6123 690 325 6124 25 570 6125 48 1023 6126 758 948 6127 49 924 6128 482 729 6129 626 962 6130 763 964 6131 934 1241 6132 743 525 6133 506 374 6134 348 1225 6135 318 0 6136 1063 882 6137 913 800 6138 967 77 6139 391 1150 6140 619 1185 6141 578 1067 6142 594 1138 6143 49 924 6144 758 948 6145 792 852 6146 90 1256 6147 403 1079 6148 83 1078 6149 808 840 6150 243 515 6151 42 514 6152 122 640 6153 1009 1238 6154 634 411 6155 736 1035 6156 892 536 6157 824 535 6158 975 502 6159 421 1155 6160 910 933 6161 122 640 6162 1077 1296 6163 123 641 6164 122 640 6165 532 1271 6166 1077 1296 6167 115 1289 6168 1045 443 6169 116 1165 6170 582 911 6171 232 538 6172 561 540 6173 133 841 6174 241 405 6175 872 935 6176 953 57 6177 474 1028 6178 428 927 6179 866 634 6180 933 1077 6181 702 879 6182 427 531 6183 719 742 6184 669 225 6185 740 1245 6186 728 103 6187 141 1020 6188 964 118 6189 710 797 6190 802 487 6191 1046 230 6192 430 448 6193 932 130 6194 165 36 6195 269 949 6196 843 37 6197 664 702 6198 446 694 6199 617 703 6200 560 752 6201 452 1124 6202 528 317 6203 939 1276 6204 203 1047 6205 335 1046 6206 1016 462 6207 796 1202 6208 21 183 6209 1077 1042 6210 1081 1043 6211 124 1045 6212 532 790 6213 534 789 6214 1081 1043 6215 862 264 6216 514 263 6217 201 626 6218 1076 932 6219 3 749 6220 4 86 6221 949 890 6222 858 1251 6223 590 1061 6224 532 790 6225 1076 932 6226 1080 791 6227 193 402 6228 834 401 6229 612 27 6230 17 1083 6231 1047 1085 6232 31 40 6233 242 201 6234 588 150 6235 1029 149 6236 779 1027 6237 428 927 6238 474 1028 6239 90 1256 6240 83 1078 6241 39 389 6242 203 1047 6243 939 1276 6244 946 904 6245 668 1192 6246 167 766 6247 557 768 6248 194 1230 6249 1070 855 6250 511 1055 6251 494 1260 6252 416 388 6253 630 17 6254 813 526 6255 446 694 6256 664 702 6257 159 1285 6258 620 624 6259 201 626 6260 944 1048 6261 881 590 6262 521 490 6263 811 810 6264 365 613 6265 991 614 6266 587 83 6267 258 82 6268 449 499 6269 111 986 6270 131 1189 6271 343 736 6272 834 401 6273 575 145 6274 249 147 6275 132 625 6276 620 624 6277 316 132 6278 999 16 6279 587 83 6280 1034 665 6281 1037 807 6282 315 743 6283 863 661 6284 277 997 6285 307 1094 6286 370 313 6287 834 401 6288 53 656 6289 612 27 6290 559 689 6291 598 292 6292 424 294 6293 229 1214 6294 710 797 6295 786 798 6296 251 434 6297 1074 511 6298 562 435 6299 378 517 6300 730 519 6301 902 254 6302 153 7 6303 628 6 6304 914 415 6305 121 81 6306 385 78 6307 1043 198 6308 845 769 6309 243 515 6310 808 840 6311 859 1092 6312 577 299 6313 689 298 6314 687 728 6315 267 727 6316 357 1224 6317 305 934 6318 247 315 6319 26 314 6320 703 489 6321 938 123 6322 974 1001 6323 1082 370 6324 1080 372 6325 4 206 6326 996 195 6327 988 1152 6328 112 1217 6329 821 757 6330 228 813 6331 339 778 6332 538 542 6333 534 371 6334 1082 370 6335 573 204 6336 148 199 6337 585 95 6338 1083 541 6339 126 33 6340 124 35 6341 534 371 6342 1083 541 6343 1081 1290 6344 574 973 6345 931 866 6346 1021 843 6347 451 555 6348 425 269 6349 244 556 6350 768 457 6351 668 1192 6352 971 458 6353 355 250 6354 684 357 6355 282 733 6356 85 427 6357 788 428 6358 245 781 6359 457 495 6360 608 1026 6361 187 255 6362 899 128 6363 733 127 6364 766 993 6365 660 1002 6366 158 126 6367 1042 1081 6368 585 95 6369 584 270 6370 622 305 6371 651 1187 6372 686 175 6373 706 603 6374 190 783 6375 506 374 6376 743 525 6377 668 1192 6378 269 949 6379 971 458 6380 617 703 6381 311 700 6382 149 701 6383 744 898 6384 131 1189 6385 231 176 6386 227 870 6387 733 127 6388 431 1053 6389 457 495 6390 2 257 6391 1000 494 6392 540 923 6393 50 146 6394 575 145 6395 1086 96 6396 1082 370 6397 8 261 6398 850 188 6399 652 190 6400 1058 1142 6401 1083 541 6402 1087 543 6403 128 171 6404 538 542 6405 542 1278 6406 1087 543 6407 0 690 6408 23 654 6409 1042 1081 6410 1082 370 6411 6 205 6412 8 261 6413 441 1004 6414 595 817 6415 789 887 6416 538 542 6417 1082 370 6418 1086 96 6419 242 201 6420 292 745 6421 588 150 6422 670 1216 6423 26 314 6424 35 316 6425 350 398 6426 233 400 6427 186 15 6428 591 893 6429 357 1224 6430 589 673 6431 1083 541 6432 128 171 6433 126 33 6434 1030 780 6435 1022 296 6436 120 1036 6437 582 911 6438 433 910 6439 232 538 6440 79 903 6441 363 621 6442 946 904 6443 778 746 6444 877 152 6445 34 229 6446 786 798 6447 320 71 6448 229 1214 6449 856 131 6450 757 373 6451 349 375 6452 381 683 6453 952 685 6454 326 834 6455 342 322 6456 281 324 6457 216 246 6458 324 274 6459 459 1255 6460 249 147 6461 431 1053 6462 569 476 6463 227 870 6464 851 670 6465 160 1277 6466 663 671 6467 1038 286 6468 498 1210 6469 240 609 6470 659 355 6471 435 1160 6472 1014 173 6473 407 576 6474 303 575 6475 421 1155 6476 387 55 6477 804 734 6478 343 736 6479 781 1149 6480 785 1005 6481 52 1088 6482 540 923 6483 13 1252 6484 50 146 6485 613 215 6486 790 403 6487 512 216 6488 613 21 6489 879 557 6490 174 681 6491 475 1293 6492 153 880 6493 155 500 6494 378 517 6495 420 219 6496 571 518 6497 817 567 6498 292 745 6499 451 555 6500 27 650 6501 671 822 6502 28 651 6503 302 1130 6504 299 1120 6505 780 1134 6506 912 1247 6507 327 559 6508 763 964 6509 206 756 6510 931 866 6511 330 510 6512 420 219 6513 1085 635 6514 571 1156 6515 988 1152 6516 458 271 6517 984 1283 6518 357 1224 6519 267 727 6520 364 309 6521 817 567 6522 451 555 6523 642 815 6524 364 309 6525 926 308 6526 589 673 6527</p>
        </triangles>
      </mesh>
    </geometry>
  </library_geometries>
  <library_visual_scenes>
    <visual_scene id="Scene" name="Scene">
      <node id="Table" name="Table" type="NODE">
        <matrix sid="transform">1.775717 0 0 0 0 -2.89301e-7 -1.775717 -1.09139e-11 0 1.775717 -2.89301e-7 3.05176e-5 0 0 0 1</matrix>
        <instance_geometry url="#Table-mesh" name="Table">
          <bind_material>
            <technique_common>
              <instance_material symbol="Table_001-material" target="#Table_001-material">
                <bind_vertex_input semantic="Table-mesh-map-0" input_semantic="TEXCOORD" input_set="0"/>
              </instance_material>
            </technique_common>
          </bind_material>
        </instance_geometry>
      </node>
    </visual_scene>
  </library_visual_scenes>
  <scene>
    <instance_visual_scene url="#Scene"/>
  </scene>
</COLLADA>